NSE_SYMBOL,COMPANY,TRACK,BEAR_ALPHA_SCORE,ENTRY_TRIGGERED,ENTRY_NOTE,REGIME,ACTIVE,TIER,COMPOSITE,Q_SCORE,G_SCORE,DIV_YIELD_PCT,BETA_PROXY,DRAWDOWN_PCT,FII_STABLE,VOLUME_SURGE_RATIO,INSIDER_BUY,CONVERTS_TO_WLC,AS_OF_DATE,RANK,TOP_N
POWERICA,NAN,A,5.5,True,Track A Defensive | Div 0.0% | Beta -0.28 | Tier MONITOR,CAUTION,False,MONITOR,100.0,1.0,0.0,0.0,-0.283,-4.03,True,0.85,False,False,2026-05-31,1,True
RANEHOLDIN,RANE HOLDINGS,A,47.09,True,Track A Defensive | Div 3.6% | Beta 0.00 | Tier PRIME,CAUTION,False,PRIME,99.0,19.0,15.0,3.56,0.0,0.0,True,1.0,False,False,2026-05-31,2,True
TIPSMUSIC,TIPS MUSIC,A,33.33,True,Track A Defensive | Div 2.1% | Beta 0.02 | Tier PRIME,CAUTION,False,PRIME,96.0,20.0,14.0,2.13,0.018,-3.66,True,0.85,False,False,2026-05-31,3,True
KRISHANA,KRISHANA PHOSCH.,A,13.05,True,Track A Defensive | Div 0.1% | Beta 0.00 | Tier PRIME,CAUTION,False,PRIME,93.0,20.0,14.0,0.1,0.0,0.0,True,1.0,False,False,2026-05-31,4,True
MAHABANK,BANK OF MAHA,A,27.42,True,Track A Defensive | Div 2.3% | Beta 0.03 | Tier STRONG,CAUTION,False,STRONG,93.0,5.0,13.0,2.29,0.027,-7.08,True,0.72,False,False,2026-05-31,5,True
PGIL,PEARL GLOBAL IND,A,20.24,True,Track A Defensive | Div 0.8% | Beta 0.06 | Tier STRONG,CAUTION,False,STRONG,91.0,20.0,9.0,0.82,0.062,-13.3,True,0.55,False,False,2026-05-31,6,True
LUMAXTECH,LUMAX AUTO TECH.,A,15.49,True,Track A Defensive | Div 0.3% | Beta 0.00 | Tier PRIME,CAUTION,False,PRIME,90.0,20.0,15.0,0.35,0.0,0.0,True,1.0,False,False,2026-05-31,7,True
POLYCAB,POLYCAB INDIA,A,16.87,True,Track A Defensive | Div 0.5% | Beta -0.03 | Tier PRIME,CAUTION,False,PRIME,90.0,20.0,15.0,0.49,-0.026,-1.93,True,0.84,False,False,2026-05-31,8,True
KPEL,K.P. ENERGY,A,14.67,True,Track A Defensive | Div 0.3% | Beta 0.00 | Tier STRONG,CAUTION,False,STRONG,89.0,20.0,13.0,0.27,0.0,0.0,True,1.0,False,False,2026-05-31,9,True
ADANIPOWER,ADANI POWER,A,12.0,True,Track A Defensive | Div 0.0% | Beta 0.01 | Tier STRONG,CAUTION,False,STRONG,89.0,20.0,11.0,0.0,0.007,-2.23,True,1.82,False,False,2026-05-31,10,True
STYLAMIND,STYLAM INDUSTRIE,A,12.0,True,Track A Defensive | Div 0.0% | Beta 0.03 | Tier PRIME,CAUTION,False,PRIME,89.0,20.0,14.0,0.0,0.028,-0.79,True,0.31,False,False,2026-05-31,11,True
SOLARINDS,SOLAR INDUSTRIES,A,12.76,True,Track A Defensive | Div 0.1% | Beta 0.00 | Tier STRONG,CAUTION,False,STRONG,87.0,20.0,15.0,0.08,0.0,0.0,True,1.0,False,False,2026-05-31,12,True
ECOSMOBLTY,ECOS (INDIA),A,32.74,True,Track A Defensive | Div 2.1% | Beta 0.00 | Tier STRONG,CAUTION,False,STRONG,87.0,20.0,13.0,2.07,0.0,0.0,True,1.0,False,False,2026-05-31,13,True
GESHIP,GE SHIPPING CO,A,29.96,True,Track A Defensive | Div 1.9% | Beta 0.00 | Tier STRONG,CAUTION,False,STRONG,87.0,17.0,15.0,1.95,0.0,0.0,True,1.0,False,False,2026-05-31,14,True
NATCOPHARM,NATCO PHARMA,A,20.2,True,Track A Defensive | Div 0.5% | Beta -0.32 | Tier PRIME,CAUTION,False,PRIME,87.0,20.0,13.0,0.52,-0.315,-15.76,True,2.05,False,False,2026-05-31,15,True
TORNTPHARM,TORRENT PHARMA.,A,22.44,True,Track A Defensive | Div 0.7% | Beta -0.14 | Tier PRIME,CAUTION,False,PRIME,86.0,20.0,11.0,0.74,-0.143,-3.54,True,2.79,False,False,2026-05-31,16,False
ECLERX,ECLERX SERVICES,A,12.34,True,Track A Defensive | Div 0.0% | Beta 0.00 | Tier PRIME,CAUTION,False,PRIME,86.0,20.0,13.0,0.03,0.0,0.0,True,1.0,False,False,2026-05-31,17,False
SIGNPOST,SIGNPOST INDIA,A,12.13,True,Track A Defensive | Div 0.2% | Beta 0.00 | Tier STRONG,CAUTION,False,STRONG,86.0,16.0,12.0,0.21,0.0,0.0,True,1.0,False,False,2026-05-31,18,False
AIIL,AUTHUM INVEST,A,12.62,True,Track A Defensive | Div 0.1% | Beta -0.06 | Tier STRONG,CAUTION,False,STRONG,86.0,20.0,8.0,0.06,-0.063,-28.32,True,1.43,False,False,2026-05-31,19,False
MEDIASSIST,MEDI ASSIST SER.,A,12.0,True,Track A Defensive | Div 0.0% | Beta 0.02 | Tier STRONG,CAUTION,False,STRONG,86.0,20.0,12.0,0.0,0.016,-36.94,True,0.41,False,False,2026-05-31,20,False
KALYANKJIL,KALYAN JEWELLERS,A,15.91,True,Track A Defensive | Div 0.4% | Beta 0.00 | Tier PRIME,CAUTION,False,PRIME,85.0,20.0,15.0,0.39,0.0,0.0,True,1.0,False,False,2026-05-31,21,False
ADANIPORTS,ADANI PORTS,A,16.61,True,Track A Defensive | Div 0.5% | Beta 0.12 | Tier PRIME,CAUTION,False,PRIME,85.0,19.0,13.0,0.51,0.125,-1.09,True,0.85,False,False,2026-05-31,22,False
CANTABIL,CANTABIL RETAIL,A,15.64,True,Track A Defensive | Div 0.4% | Beta 0.00 | Tier STRONG,CAUTION,False,STRONG,85.0,19.0,14.0,0.41,0.0,0.0,True,1.0,False,False,2026-05-31,23,False
SUMEETINDS,SUMEET INDUSTRIE,A,12.0,True,Track A Defensive | Div 0.0% | Beta 0.00 | Tier STRONG,CAUTION,False,STRONG,85.0,20.0,11.0,0.0,0.0,0.0,True,1.0,False,False,2026-05-31,24,False
ALGOQUANT,ALGOQUANT FIN,A,12.0,True,Track A Defensive | Div 0.0% | Beta -0.01 | Tier WATCHLIST_CONFIRMED,CAUTION,False,WATCHLIST_CONFIRMED,85.0,20.0,8.0,0.0,-0.012,-18.4,True,0.89,False,False,2026-05-31,25,False
GABRIEL,GABRIEL INDIA,A,12.0,True,Track A Defensive | Div 0.0% | Beta 0.00 | Tier PRIME,CAUTION,False,PRIME,84.0,20.0,13.0,0.0,0.0,0.0,True,1.0,False,False,2026-05-31,26,False
KKCL,KEWAL KIR.CLOTH.,A,16.15,True,Track A Defensive | Div 0.5% | Beta 0.00 | Tier STRONG,CAUTION,False,STRONG,84.0,19.0,9.0,0.47,0.0,0.0,True,1.0,False,False,2026-05-31,27,False
SINCLAIR,SINCLAIRS HOTELS,A,21.05,True,Track A Defensive | Div 1.1% | Beta 0.00 | Tier STRONG,CAUTION,False,STRONG,84.0,17.0,15.0,1.06,0.0,0.0,True,1.0,False,False,2026-05-31,28,False
ABB,A B B,A,18.85,True,Track A Defensive | Div 0.7% | Beta 0.02 | Tier PRIME,CAUTION,False,PRIME,84.0,20.0,15.0,0.69,0.023,-4.01,True,1.24,False,False,2026-05-31,29,False
LODHA,LODHA DEVELOPERS,A,15.75,True,Track A Defensive | Div 0.5% | Beta 0.00 | Tier STRONG,CAUTION,False,STRONG,84.0,17.0,14.0,0.52,0.0,0.0,True,1.0,False,False,2026-05-31,30,False
ENGINERSIN,ENGINEERS INDIA,A,38.11,True,Track A Defensive | Div 2.6% | Beta 0.00 | Tier PRIME,CAUTION,False,PRIME,84.0,20.0,14.0,2.61,0.0,0.0,True,1.0,False,False,2026-05-31,31,False
SHRIPISTON,SHRIRAM PISTONS,A,15.42,True,Track A Defensive | Div 0.3% | Beta 0.00 | Tier PRIME,CAUTION,False,PRIME,83.0,20.0,13.0,0.34,0.0,0.0,True,1.0,False,False,2026-05-31,32,False
INDIAMART,INDIAMART INTER.,A,26.96,True,Track A Defensive | Div 1.5% | Beta 0.00 | Tier PRIME,CAUTION,False,PRIME,83.0,20.0,15.0,1.5,0.0,0.0,True,1.0,False,False,2026-05-31,33,False
HSCL,HIMADRI SPECIAL,A,13.33,True,Track A Defensive | Div 0.1% | Beta 0.00 | Tier STRONG,CAUTION,False,STRONG,83.0,20.0,12.0,0.13,0.0,0.0,True,1.0,False,False,2026-05-31,34,False
ROHLTD,ROYAL ORCH.HOTEL,A,19.39,True,Track A Defensive | Div 0.8% | Beta 0.00 | Tier STRONG,CAUTION,False,STRONG,83.0,19.0,13.0,0.79,0.0,0.0,True,1.0,False,False,2026-05-31,35,False
TEGA,TEGA INDS.,A,13.21,True,Track A Defensive | Div 0.1% | Beta 0.29 | Tier PRIME,CAUTION,False,PRIME,83.0,20.0,12.0,0.12,0.292,-16.26,True,5.44,False,False,2026-05-31,36,False
SKYGOLD,SKY GOLD & DIAM.,A,11.5,True,Track A Defensive | Div 0.0% | Beta 0.00 | Tier WATCHLIST_CONFIRMED,CAUTION,False,WATCHLIST_CONFIRMED,83.0,19.0,15.0,0.0,0.0,0.0,True,1.0,False,False,2026-05-31,37,False
DRCSYSTEMS,DRC SYSTEMS,A,12.0,True,Track A Defensive | Div 0.0% | Beta 0.00 | Tier PRIME,CAUTION,False,PRIME,83.0,20.0,15.0,0.0,0.0,0.0,True,1.0,False,False,2026-05-31,38,False
IKS,INVENTURUS KNOWL,A,12.0,True,Track A Defensive | Div 0.0% | Beta 0.00 | Tier PRIME,CAUTION,False,PRIME,83.0,20.0,13.0,0.0,0.0,0.0,True,1.0,False,False,2026-05-31,39,False
GANESHHOU,GANESH HOUSING,A,20.39,True,Track A Defensive | Div 0.8% | Beta 0.00 | Tier STRONG,CAUTION,False,STRONG,82.0,20.0,9.0,0.84,0.0,0.0,True,1.0,False,False,2026-05-31,40,False
SOLARWORLD,SOLARWORLD ENE.,A,12.0,True,Track A Defensive | Div 0.0% | Beta 0.00 | Tier STRONG,CAUTION,False,STRONG,82.0,20.0,13.0,0.0,0.0,0.0,True,1.0,False,False,2026-05-31,41,False
REDTAPE,REDTAPE,A,14.12,True,Track A Defensive | Div 0.2% | Beta 0.00 | Tier PRIME,CAUTION,False,PRIME,82.0,20.0,15.0,0.21,0.0,0.0,True,1.0,False,False,2026-05-31,42,False
AEROFLEX,AEROFLEX,A,13.27,True,Track A Defensive | Div 0.1% | Beta 0.01 | Tier PRIME,CAUTION,False,PRIME,82.0,20.0,15.0,0.13,0.013,-8.64,True,0.4,False,False,2026-05-31,43,False
SRM,SRM CONTRACTORS,A,12.0,True,Track A Defensive | Div 0.0% | Beta 0.00 | Tier STRONG,CAUTION,False,STRONG,82.0,20.0,13.0,0.0,0.0,0.0,True,1.0,False,False,2026-05-31,44,False
UNITDSPR,UNITED SPIRITS,A,21.14,True,Track A Defensive | Div 0.9% | Beta 0.00 | Tier STRONG,CAUTION,False,STRONG,82.0,20.0,13.0,0.91,0.0,0.0,True,1.0,False,False,2026-05-31,45,False
AWL,AWL AGRI BUSINE.,A,12.0,True,Track A Defensive | Div 0.0% | Beta 0.00 | Tier STRONG,CAUTION,False,STRONG,82.0,20.0,13.0,0.0,0.0,0.0,True,1.0,False,False,2026-05-31,46,False
MAYURUNIQ,MAYUR UNIQUOTERS,A,21.82,True,Track A Defensive | Div 1.0% | Beta 0.00 | Tier PRIME,CAUTION,False,PRIME,82.0,20.0,12.0,0.98,0.0,0.0,True,1.0,False,False,2026-05-31,47,False
GATEWAY,GATEWAY DISTRI,A,49.45,True,Track A Defensive | Div 3.9% | Beta 0.00 | Tier STRONG,CAUTION,False,STRONG,82.0,17.0,11.0,3.89,0.0,0.0,True,1.0,False,False,2026-05-31,48,False
ITDC,I T D C,A,18.76,True,Track A Defensive | Div 0.7% | Beta 0.00 | Tier STRONG,CAUTION,False,STRONG,81.0,20.0,11.0,0.68,0.0,0.0,True,1.0,False,False,2026-05-31,49,False
INTERARCH,INTERARCH BUILD.,A,18.61,True,Track A Defensive | Div 0.7% | Beta 0.00 | Tier STRONG,CAUTION,False,STRONG,81.0,19.0,15.0,0.71,0.0,0.0,True,1.0,False,False,2026-05-31,50,False
LLOYDSME,LLOYDS METALS,A,12.8,True,Track A Defensive | Div 0.1% | Beta 0.00 | Tier STRONG,CAUTION,False,STRONG,81.0,20.0,14.0,0.08,0.0,0.0,True,1.0,False,False,2026-05-31,51,False
SANGHVIMOV,SANGHVI MOVERS,A,18.2,True,Track A Defensive | Div 0.8% | Beta 0.00 | Tier STRONG,CAUTION,False,STRONG,81.0,16.0,15.0,0.82,0.0,0.0,True,1.0,False,False,2026-05-31,52,False
FCL,FINEOTEX CHEM,A,19.22,True,Track A Defensive | Div 0.7% | Beta 0.00 | Tier STRONG,CAUTION,False,STRONG,81.0,20.0,14.0,0.72,0.0,0.0,True,1.0,False,False,2026-05-31,53,False
CHOICEIN,CHOICE INTL.,A,8.5,True,Track A Defensive | Div 0.0% | Beta 0.00 | Tier WATCHLIST_CONFIRMED,CAUTION,False,WATCHLIST_CONFIRMED,81.0,13.0,12.0,0.0,0.0,0.0,True,1.0,False,False,2026-05-31,54,False
ASHAPURMIN,ASHAPURA MINECH.,A,11.48,True,Track A Defensive | Div 0.2% | Beta 0.17 | Tier STRONG,CAUTION,False,STRONG,81.0,15.0,13.0,0.2,0.173,-18.06,True,2.98,False,False,2026-05-31,55,False
ANTELOPUS,ANTELOPUS SELAN,A,9.0,True,Track A Defensive | Div 0.0% | Beta 0.00 | Tier WATCHLIST_CONFIRMED,CAUTION,False,WATCHLIST_CONFIRMED,80.0,14.0,13.0,0.0,0.0,0.0,True,1.0,False,False,2026-05-31,56,False
CPPLUS,ADITYA INFOTECH,A,11.5,True,Track A Defensive | Div 0.0% | Beta 0.00 | Tier WATCHLIST_CONFIRMED,CAUTION,False,WATCHLIST_CONFIRMED,80.0,19.0,15.0,0.0,0.0,0.0,True,1.0,False,False,2026-05-31,57,False
CRISIL,CRISIL,A,26.75,True,Track A Defensive | Div 1.5% | Beta 0.00 | Tier WATCHLIST_CONFIRMED,CAUTION,False,WATCHLIST_CONFIRMED,80.0,20.0,7.0,1.48,0.0,0.0,True,1.0,False,False,2026-05-31,58,False
JPOLYINVST,JINDAL POLY INVE,A,8.5,True,Track A Defensive | Div 0.0% | Beta 0.00 | Tier WATCHLIST_CONFIRMED,CAUTION,False,WATCHLIST_CONFIRMED,80.0,13.0,8.0,0.0,0.0,0.0,True,1.0,False,False,2026-05-31,59,False
CEMPRO,CEMINDIA PROJECT,A,15.67,True,Track A Defensive | Div 0.4% | Beta 0.00 | Tier STRONG,CAUTION,False,STRONG,80.0,20.0,15.0,0.37,0.0,0.0,True,1.0,False,False,2026-05-31,60,False
MARKSANS,MARKSANS PHARMA,A,16.77,True,Track A Defensive | Div 0.5% | Beta 0.00 | Tier PRIME,CAUTION,False,PRIME,80.0,20.0,14.0,0.48,0.0,0.0,True,1.0,False,False,2026-05-31,61,False
AGIIL,AGI INFRA,A,9.83,True,Track A Defensive | Div 0.0% | Beta 0.01 | Tier WATCHLIST_CONFIRMED,CAUTION,False,WATCHLIST_CONFIRMED,80.0,15.0,11.0,0.03,0.015,-13.68,True,0.86,False,False,2026-05-31,62,False
NYKAA,FSN E-COMMERCE,A,7.5,True,Track A Defensive | Div 0.0% | Beta 0.06 | Tier STRONG,CAUTION,False,STRONG,80.0,11.0,15.0,0.0,0.057,-6.55,True,1.8,False,False,2026-05-31,63,False
TSFINV,TSF INVESTMENTS,A,23.06,True,Track A Defensive | Div 1.6% | Beta 0.04 | Tier WATCHLIST_CONFIRMED,CAUTION,False,WATCHLIST_CONFIRMED,80.0,10.0,11.0,1.61,0.035,-39.89,True,1.76,False,False,2026-05-31,64,False
CLSEL,CHAMANLAL SETIA,A,22.58,True,Track A Defensive | Div 1.1% | Beta 0.00 | Tier WATCHLIST_CONFIRMED,CAUTION,False,WATCHLIST_CONFIRMED,80.0,20.0,10.0,1.06,0.0,0.0,True,1.0,False,False,2026-05-31,65,False
KARURVYSYA,KARUR VYSYA BANK,A,12.08,True,Track A Defensive | Div 0.8% | Beta 0.28 | Tier WATCHLIST_CONFIRMED,CAUTION,False,WATCHLIST_CONFIRMED,80.0,4.0,13.0,0.81,0.283,-14.28,True,0.61,False,False,2026-05-31,66,False
INGERRAND,INGERSOLL-RAND,A,33.82,True,Track A Defensive | Div 2.2% | Beta 0.00 | Tier STRONG,CAUTION,False,STRONG,79.0,20.0,14.0,2.18,0.0,0.0,True,1.0,False,False,2026-05-31,67,False
KMEW,KNOWLEDGE MARINE,A,12.0,True,Track A Defensive | Div 0.0% | Beta 0.00 | Tier STRONG,CAUTION,False,STRONG,79.0,20.0,9.0,0.0,0.0,0.0,True,1.0,False,False,2026-05-31,68,False
INNOVACAP,INNOVA CAPTAB,A,10.0,True,Track A Defensive | Div 0.0% | Beta 0.00 | Tier PRIME,CAUTION,False,PRIME,79.0,16.0,15.0,0.0,0.0,0.0,True,1.0,False,False,2026-05-31,69,False
GULFOILLUB,GULF OIL LUBRIC.,A,64.33,True,Track A Defensive | Div 5.2% | Beta 0.00 | Tier STRONG,CAUTION,False,STRONG,79.0,20.0,13.0,5.23,0.0,0.0,True,1.0,False,False,2026-05-31,70,False
TBOTEK,TBO TEK,A,11.5,True,Track A Defensive | Div 0.0% | Beta 0.00 | Tier STRONG,CAUTION,False,STRONG,79.0,19.0,15.0,0.0,0.0,0.0,True,1.0,False,False,2026-05-31,71,False
DYCL,DYNAMIC CABLES,A,12.92,True,Track A Defensive | Div 0.1% | Beta 0.00 | Tier STRONG,CAUTION,False,STRONG,79.0,20.0,12.0,0.09,0.0,0.0,True,1.0,False,False,2026-05-31,72,False
IRCTC,I R C T C,A,29.16,True,Track A Defensive | Div 1.7% | Beta 0.00 | Tier STRONG,CAUTION,False,STRONG,79.0,20.0,13.0,1.72,0.0,0.0,True,1.0,False,False,2026-05-31,73,False
SHARDAMOTR,SHARDA MOTOR,A,32.53,True,Track A Defensive | Div 2.0% | Beta 0.00 | Tier STRONG,CAUTION,False,STRONG,79.0,20.0,13.0,2.05,0.0,0.0,True,1.0,False,False,2026-05-31,74,False
BSE,BSE,A,14.14,True,Track A Defensive | Div 0.2% | Beta 0.00 | Tier PRIME,CAUTION,False,PRIME,79.0,20.0,15.0,0.21,0.0,0.0,True,1.0,False,False,2026-05-31,75,False
MBEL,M & B ENGINEER.,A,12.0,True,Track A Defensive | Div 0.0% | Beta 0.00 | Tier STRONG,CAUTION,False,STRONG,79.0,20.0,13.0,0.0,0.0,0.0,True,1.0,False,False,2026-05-31,76,False
MAZDOCK,MAZAGON DOCK,A,17.01,True,Track A Defensive | Div 0.5% | Beta 0.00 | Tier STRONG,CAUTION,False,STRONG,79.0,20.0,15.0,0.5,0.0,0.0,True,1.0,False,False,2026-05-31,77,False
PIDILITIND,PIDILITE INDS.,A,19.43,True,Track A Defensive | Div 0.7% | Beta 0.03 | Tier STRONG,CAUTION,False,STRONG,79.0,20.0,11.0,0.74,0.028,-5.16,True,1.4,False,False,2026-05-31,78,False
RELIABLE,RELIABLE DATA,A,7.83,True,Track A Defensive | Div 0.0% | Beta 0.00 | Tier WATCHLIST_CONFIRMED,CAUTION,False,WATCHLIST_CONFIRMED,79.0,11.0,8.0,0.03,0.0,0.0,True,1.0,False,False,2026-05-31,79,False
NAVNETEDUL,NAVNEET EDUCAT.,A,35.36,True,Track A Defensive | Div 2.3% | Beta 0.01 | Tier STRONG,CAUTION,False,STRONG,79.0,20.0,11.0,2.34,0.012,-13.21,True,0.67,False,False,2026-05-31,80,False
BBTC,THE BOMBAY BURMAH,A,23.24,True,Track A Defensive | Div 1.1% | Beta 0.00 | Tier STRONG,CAUTION,False,STRONG,79.0,20.0,12.0,1.12,0.0,0.0,True,1.0,False,False,2026-05-31,81,False
INDOUS,INDO US BIO-TECH,A,12.0,True,Track A Defensive | Div 0.0% | Beta 0.00 | Tier WATCHLIST_CONFIRMED,CAUTION,False,WATCHLIST_CONFIRMED,79.0,20.0,8.0,0.0,0.0,0.0,True,1.0,False,False,2026-05-31,82,False
MANORAMA,MANORAMA INDUST.,A,11.97,True,Track A Defensive | Div 0.1% | Beta 0.00 | Tier WATCHLIST_CONFIRMED,CAUTION,False,WATCHLIST_CONFIRMED,79.0,19.0,13.0,0.05,0.0,0.0,True,1.0,False,False,2026-05-31,83,False
HBLENGINE,HBL ENGINEERING,A,13.5,True,Track A Defensive | Div 0.1% | Beta 0.00 | Tier STRONG,CAUTION,False,STRONG,78.0,20.0,13.0,0.15,0.0,0.0,True,1.0,False,False,2026-05-31,84,False
KIRLPNU,KIRL.PNEUMATIC,A,21.37,True,Track A Defensive | Div 0.9% | Beta 0.00 | Tier STRONG,CAUTION,False,STRONG,78.0,20.0,14.0,0.94,0.0,0.0,True,1.0,False,False,2026-05-31,85,False
TCI,TRANSPORT CORP.,A,16.74,True,Track A Defensive | Div 0.5% | Beta 0.00 | Tier STRONG,CAUTION,False,STRONG,78.0,20.0,7.0,0.47,0.0,0.0,True,1.0,False,False,2026-05-31,86,False
GPTINFRA,GPT INFRAPROJECT,A,41.03,True,Track A Defensive | Div 2.9% | Beta 0.00 | Tier STRONG,CAUTION,False,STRONG,78.0,20.0,12.0,2.9,0.0,0.0,True,1.0,False,False,2026-05-31,87,False
NITINSPIN,NITIN SPINNERS,A,18.63,True,Track A Defensive | Div 0.8% | Beta 0.10 | Tier STRONG,CAUTION,False,STRONG,78.0,17.0,7.0,0.81,0.095,-5.09,True,0.56,False,False,2026-05-31,88,False
HIRECT,HIND RECTIFIERS,A,13.32,True,Track A Defensive | Div 0.1% | Beta 0.00 | Tier STRONG,CAUTION,False,STRONG,78.0,20.0,15.0,0.13,0.0,0.0,True,1.0,False,False,2026-05-31,89,False
RPPINFRA,RPP INFRA PROJ.,A,17.24,True,Track A Defensive | Div 0.7% | Beta 0.00 | Tier STRONG,CAUTION,False,STRONG,78.0,16.0,15.0,0.72,0.0,0.0,True,1.0,False,False,2026-05-31,90,False
PDMJEPAPER,PUDUMJEE PAPER,A,20.38,True,Track A Defensive | Div 0.8% | Beta 0.01 | Tier WATCHLIST_CONFIRMED,CAUTION,False,WATCHLIST_CONFIRMED,78.0,20.0,11.0,0.84,0.011,-43.5,True,0.87,False,False,2026-05-31,91,False
PDMJEPAPER,PUDUMJEE PAPER,B,54.599999999999994,False,Track B Deep Value | Down 44% from high | Missing: Vol surge 0.9× (need 1.5×); No insider buy in 60d,CAUTION,False,WATCHLIST_CONFIRMED,78.0,20.0,11.0,0.84,0.011,-43.5,True,0.87,False,False,2026-05-31,1,True
TATATECH,TATA TECHNOLOG.,A,27.49,True,Track A Defensive | Div 1.6% | Beta 0.00 | Tier STRONG,CAUTION,False,STRONG,78.0,20.0,11.0,1.55,0.0,0.0,True,1.0,False,False,2026-05-31,92,False
TI,TILAKNAGAR INDS.,A,14.27,True,Track A Defensive | Div 0.2% | Beta 0.14 | Tier STRONG,CAUTION,False,STRONG,78.0,20.0,15.0,0.23,0.144,-13.78,True,1.84,False,False,2026-05-31,93,False
ASIANENE,ASIAN ENERGY,A,11.54,True,Track A Defensive | Div 0.3% | Beta -0.02 | Tier WATCHLIST_CONFIRMED,CAUTION,False,WATCHLIST_CONFIRMED,78.0,12.0,8.0,0.35,-0.018,-6.96,True,0.49,False,False,2026-05-31,94,False
JGCHEM,J.G.CHEMICALS,A,12.95,True,Track A Defensive | Div 0.3% | Beta 0.00 | Tier WATCHLIST_CONFIRMED,CAUTION,False,WATCHLIST_CONFIRMED,78.0,16.0,12.0,0.29,0.0,0.0,True,1.0,False,False,2026-05-31,95,False
LTFOODS,L T FOODS,A,18.53,True,Track A Defensive | Div 0.7% | Beta 0.00 | Tier WATCHLIST_CONFIRMED,CAUTION,False,WATCHLIST_CONFIRMED,78.0,20.0,13.0,0.65,0.0,0.0,True,1.0,False,False,2026-05-31,96,False
KSOLVES,KSOLVES INDIA,A,60.43,True,Track A Defensive | Div 4.8% | Beta 0.00 | Tier PRIME,CAUTION,False,PRIME,78.0,20.0,14.0,4.84,0.0,0.0,True,1.0,False,False,2026-05-31,97,False
HERITGFOOD,HERITAGE FOODS,A,20.01,True,Track A Defensive | Div 0.8% | Beta 0.00 | Tier STRONG,CAUTION,False,STRONG,78.0,20.0,13.0,0.8,0.0,0.0,True,1.0,False,False,2026-05-31,98,False
BHARATWIRE,BHARAT WIRE,A,11.0,True,Track A Defensive | Div 0.0% | Beta 0.00 | Tier STRONG,CAUTION,False,STRONG,77.0,18.0,12.0,0.0,0.0,0.0,True,1.0,False,False,2026-05-31,99,False
RADHIKAJWE,RADHIKA JEWELTEC,A,11.5,True,Track A Defensive | Div 0.0% | Beta 0.00 | Tier WATCHLIST_CONFIRMED,CAUTION,False,WATCHLIST_CONFIRMED,77.0,19.0,13.0,0.0,0.0,0.0,True,1.0,False,False,2026-05-31,100,False
INOXINDIA,INOX INDIA,A,13.68,True,Track A Defensive | Div 0.2% | Beta 0.00 | Tier STRONG,CAUTION,False,STRONG,77.0,20.0,15.0,0.17,0.0,0.0,True,1.0,False,False,2026-05-31,101,False
PARACABLES,PARAMOUNT COMM.,A,10.5,True,Track A Defensive | Div 0.0% | Beta 0.11 | Tier STRONG,CAUTION,False,STRONG,77.0,17.0,12.0,0.0,0.11,-2.96,True,1.14,False,False,2026-05-31,102,False
CUMMINSIND,CUMMINS INDIA,A,23.21,True,Track A Defensive | Div 1.1% | Beta 0.00 | Tier STRONG,CAUTION,False,STRONG,77.0,20.0,13.0,1.12,0.0,0.0,True,1.0,False,False,2026-05-31,103,False
IGIL,INTERNATIONAL GE,A,26.74,True,Track A Defensive | Div 1.5% | Beta 0.00 | Tier STRONG,CAUTION,False,STRONG,77.0,20.0,13.0,1.47,0.0,0.0,True,1.0,False,False,2026-05-31,104,False
LOTUSDEV,SRI LOTUS,A,9.5,True,Track A Defensive | Div 0.0% | Beta 0.00 | Tier WATCHLIST_CONFIRMED,CAUTION,False,WATCHLIST_CONFIRMED,77.0,15.0,14.0,0.0,0.0,0.0,True,1.0,False,False,2026-05-31,105,False
WAAREERTL,WAAREE RENEWAB.,A,12.0,True,Track A Defensive | Div 0.0% | Beta 0.00 | Tier STRONG,CAUTION,False,STRONG,77.0,20.0,15.0,0.0,0.0,0.0,True,1.0,False,False,2026-05-31,106,False
WAAREEENER,WAAREE ENERGIES,A,12.64,True,Track A Defensive | Div 0.1% | Beta 0.00 | Tier STRONG,CAUTION,False,STRONG,77.0,20.0,15.0,0.06,0.0,0.0,True,1.0,False,False,2026-05-31,107,False
RPEL,RAGHAV PRODUCT.,A,13.55,True,Track A Defensive | Div 0.2% | Beta 0.00 | Tier STRONG,CAUTION,False,STRONG,77.0,20.0,13.0,0.16,0.0,0.0,True,1.0,False,False,2026-05-31,108,False
NATIONALUM,NATL. ALUMINIUM,A,40.87,True,Track A Defensive | Div 2.9% | Beta 0.10 | Tier STRONG,CAUTION,False,STRONG,77.0,20.0,13.0,2.89,0.104,-3.38,True,3.44,False,False,2026-05-31,109,False
PRECWIRE,PREC. WIRES (I),A,15.78,True,Track A Defensive | Div 0.4% | Beta -0.01 | Tier STRONG,CAUTION,False,STRONG,77.0,20.0,10.0,0.38,-0.006,-8.03,True,0.97,False,False,2026-05-31,110,False
NAVINFLUOR,NAVIN FLUO.INTL.,A,12.71,True,Track A Defensive | Div 0.2% | Beta -0.13 | Tier STRONG,CAUTION,False,STRONG,77.0,11.0,13.0,0.22,-0.129,-4.25,True,0.98,False,False,2026-05-31,111,False
OBEROIRLTY,OBEROI REALTY,A,16.0,True,Track A Defensive | Div 0.6% | Beta 0.12 | Tier STRONG,CAUTION,False,STRONG,77.0,17.0,12.0,0.55,0.115,-13.75,True,1.71,False,False,2026-05-31,112,False
TPLPLASTEH,TPL PLASTECH,A,28.39,True,Track A Defensive | Div 1.6% | Beta 0.14 | Tier STRONG,CAUTION,False,STRONG,77.0,20.0,11.0,1.64,0.142,-14.13,True,1.97,False,False,2026-05-31,113,False
TORNTPOWER,TORRENT POWER,A,23.61,True,Track A Defensive | Div 1.3% | Beta 0.08 | Tier WATCHLIST_CONFIRMED,CAUTION,False,WATCHLIST_CONFIRMED,77.0,17.0,11.0,1.31,0.076,-19.87,True,1.57,False,False,2026-05-31,114,False
TITAN,TITAN COMPANY,A,12.16,True,Track A Defensive | Div 0.3% | Beta 0.01 | Tier WATCHLIST_CONFIRMED,CAUTION,False,WATCHLIST_CONFIRMED,77.0,15.0,15.0,0.27,0.009,-9.96,True,0.72,False,False,2026-05-31,115,False
CNL,CREATIVE NEWTECH,A,11.35,True,Track A Defensive | Div 0.1% | Beta 0.00 | Tier WATCHLIST_CONFIRMED,CAUTION,False,WATCHLIST_CONFIRMED,77.0,17.0,15.0,0.08,0.0,0.0,True,1.0,False,False,2026-05-31,116,False
GARFIBRES,GARWARE TECH.,A,27.41,True,Track A Defensive | Div 1.5% | Beta 0.00 | Tier STRONG,CAUTION,False,STRONG,76.0,20.0,7.0,1.54,0.0,0.0,True,1.0,False,False,2026-05-31,117,False
KPIGREEN,KPI GREEN ENERGY,A,12.23,True,Track A Defensive | Div 0.2% | Beta 0.00 | Tier WATCHLIST_CONFIRMED,CAUTION,False,WATCHLIST_CONFIRMED,76.0,16.0,13.0,0.22,0.0,0.0,True,1.0,False,False,2026-05-31,118,False
ANANDRATHI,ANAND RATHI WEA.,A,19.37,True,Track A Defensive | Div 0.4% | Beta -0.15 | Tier PRIME,CAUTION,False,PRIME,76.0,20.0,15.0,0.44,-0.146,-6.3,True,2.73,False,False,2026-05-31,119,False
GRSE,GARDEN REACH SH.,A,20.5,True,Track A Defensive | Div 0.8% | Beta 0.00 | Tier STRONG,CAUTION,False,STRONG,76.0,20.0,15.0,0.85,0.0,0.0,True,1.0,False,False,2026-05-31,120,False
BEL,BHARAT ELECTRON,A,17.59,True,Track A Defensive | Div 0.6% | Beta 0.00 | Tier STRONG,CAUTION,False,STRONG,76.0,20.0,15.0,0.56,0.0,0.0,True,1.0,False,False,2026-05-31,121,False
ACCENTMIC,ACCENT MICROCELL,A,12.0,True,Track A Defensive | Div 0.0% | Beta 0.06 | Tier STRONG,CAUTION,False,STRONG,76.0,20.0,8.0,0.0,0.061,-5.36,True,0.94,False,False,2026-05-31,122,False
INDGN,INDEGENE,A,16.53,True,Track A Defensive | Div 0.5% | Beta 0.00 | Tier STRONG,CAUTION,False,STRONG,76.0,20.0,15.0,0.45,0.0,0.0,True,1.0,False,False,2026-05-31,123,False
VMM,VISHAL MEGA MART,A,9.5,True,Track A Defensive | Div 0.0% | Beta 0.00 | Tier STRONG,CAUTION,False,STRONG,76.0,15.0,15.0,0.0,0.0,0.0,True,1.0,False,False,2026-05-31,124,False
STYL,SESHAASAI TECH.,A,12.0,True,Track A Defensive | Div 0.0% | Beta 0.00 | Tier STRONG,CAUTION,False,STRONG,76.0,20.0,12.0,0.0,0.0,0.0,True,1.0,False,False,2026-05-31,125,False
ESABINDIA,ESAB INDIA,A,28.92,True,Track A Defensive | Div 1.7% | Beta 0.00 | Tier STRONG,CAUTION,False,STRONG,76.0,20.0,12.0,1.69,0.0,0.0,True,1.0,False,False,2026-05-31,126,False
PREMEXPLN,PREM. EXPLOSIVES,A,11.13,True,Track A Defensive | Div 0.1% | Beta 0.03 | Tier STRONG,CAUTION,False,STRONG,76.0,16.0,10.0,0.11,0.025,-4.82,True,3.48,False,False,2026-05-31,127,False
MONARCH,MONARCH NETWORTH,A,18.22,True,Track A Defensive | Div 0.4% | Beta -0.11 | Tier WATCHLIST_CONFIRMED,CAUTION,False,WATCHLIST_CONFIRMED,76.0,19.0,13.0,0.37,-0.111,-12.32,True,0.91,False,False,2026-05-31,128,False
SUNPHARMA,SUN PHARMA.INDS.,A,24.02,True,Track A Defensive | Div 0.9% | Beta -0.11 | Tier PRIME,CAUTION,False,PRIME,76.0,20.0,14.0,0.9,-0.107,-5.59,True,1.6,False,False,2026-05-31,129,False
DBCORP,D B CORP,A,35.5,True,Track A Defensive | Div 2.4% | Beta 0.00 | Tier WATCHLIST_CONFIRMED,CAUTION,False,WATCHLIST_CONFIRMED,76.0,19.0,6.0,2.4,0.0,0.0,True,1.0,False,False,2026-05-31,130,False
DIFFNKG,DIFFUSION ENG,A,15.25,True,Track A Defensive | Div 0.6% | Beta 0.00 | Tier STRONG,CAUTION,False,STRONG,75.0,15.0,14.0,0.57,0.0,0.0,True,1.0,False,False,2026-05-31,131,False
KRN,KRN HEAT EXCHAN,A,8.5,True,Track A Defensive | Div 0.0% | Beta 0.03 | Tier WATCHLIST_CONFIRMED,CAUTION,False,WATCHLIST_CONFIRMED,75.0,13.0,12.0,0.0,0.028,-16.69,True,0.28,False,False,2026-05-31,132,False
DREAMFOLKS,DREAMFOLKS SERVI,A,12.0,True,Track A Defensive | Div 0.0% | Beta 0.00 | Tier STRONG,CAUTION,False,STRONG,75.0,20.0,8.0,0.0,0.0,0.0,True,1.0,False,False,2026-05-31,133,False
DPABHUSHAN,D.P. ABHUSHAN,A,11.5,True,Track A Defensive | Div 0.0% | Beta 0.00 | Tier WATCHLIST_CONFIRMED,CAUTION,False,WATCHLIST_CONFIRMED,75.0,19.0,12.0,0.0,0.0,0.0,True,1.0,False,False,2026-05-31,134,False
ASTRAZEN,ASTRAZENECA PHAR,A,15.8,True,Track A Defensive | Div 0.4% | Beta 0.00 | Tier PRIME,CAUTION,False,PRIME,75.0,20.0,12.0,0.38,0.0,0.0,True,1.0,False,False,2026-05-31,135,False
CONCORDBIO,CONCORD BIOTECH,A,21.53,True,Track A Defensive | Div 0.9% | Beta 0.00 | Tier PRIME,CAUTION,False,PRIME,75.0,20.0,14.0,0.95,0.0,0.0,True,1.0,False,False,2026-05-31,136,False
BATAINDIA,BATA INDIA,A,25.67,True,Track A Defensive | Div 1.4% | Beta 0.00 | Tier STRONG,CAUTION,False,STRONG,75.0,20.0,12.0,1.37,0.0,0.0,True,1.0,False,False,2026-05-31,137,False
UDS,UPDATER SERVICES,A,10.5,True,Track A Defensive | Div 0.0% | Beta 0.00 | Tier STRONG,CAUTION,False,STRONG,75.0,17.0,12.0,0.0,0.0,0.0,True,1.0,False,False,2026-05-31,138,False
JBCHEPHARM,J B CHEMICALS &,A,19.35,True,Track A Defensive | Div 0.7% | Beta 0.00 | Tier PRIME,CAUTION,False,PRIME,75.0,20.0,11.0,0.74,0.0,0.0,True,1.0,False,False,2026-05-31,139,False
CRIZAC,CRIZAC,A,12.0,True,Track A Defensive | Div 0.0% | Beta 0.00 | Tier STRONG,CAUTION,False,STRONG,75.0,20.0,12.0,0.0,0.0,0.0,True,1.0,False,False,2026-05-31,140,False
INTLCONV,INTL. CONVEYORS,A,21.71,True,Track A Defensive | Div 1.1% | Beta 0.00 | Tier STRONG,CAUTION,False,STRONG,75.0,18.0,11.0,1.07,0.0,0.0,True,1.0,False,False,2026-05-31,141,False
KFINTECH,KFIN TECHNOLOG.,A,20.21,True,Track A Defensive | Div 0.8% | Beta 0.00 | Tier PRIME,CAUTION,False,PRIME,75.0,20.0,15.0,0.82,0.0,0.0,True,1.0,False,False,2026-05-31,142,False
EMSLIMITED,EMS,A,16.54,True,Track A Defensive | Div 0.5% | Beta 0.00 | Tier WATCHLIST_CONFIRMED,CAUTION,False,WATCHLIST_CONFIRMED,75.0,19.0,8.0,0.5,0.0,0.0,True,1.0,False,False,2026-05-31,143,False
NAM-INDIA,NIPPON LIFE IND.,A,34.41,True,Track A Defensive | Div 2.2% | Beta 0.01 | Tier PRIME,CAUTION,False,PRIME,75.0,20.0,13.0,2.24,0.009,-0.65,True,1.26,False,False,2026-05-31,144,False
NETWEB,NETWEB TECHNOL.,A,12.25,True,Track A Defensive | Div 0.1% | Beta 0.22 | Tier WATCHLIST_CONFIRMED,CAUTION,False,WATCHLIST_CONFIRMED,75.0,19.0,13.0,0.08,0.221,0.0,True,2.4,False,False,2026-05-31,145,False
UNIONBANK,UNION BANK (I),A,30.67,True,Track A Defensive | Div 2.7% | Beta 0.12 | Tier WATCHLIST_CONFIRMED,CAUTION,False,WATCHLIST_CONFIRMED,75.0,4.0,10.0,2.67,0.116,-17.0,True,1.87,False,False,2026-05-31,146,False
TRAVELFOOD,TRAVEL FOOD,A,12.0,True,Track A Defensive | Div 0.0% | Beta -0.02 | Tier WATCHLIST_CONFIRMED,CAUTION,False,WATCHLIST_CONFIRMED,75.0,20.0,9.0,0.0,-0.02,-11.82,True,1.8,False,False,2026-05-31,147,False
THANGAMAYL,THANGAMAYIL JEW.,A,11.76,True,Track A Defensive | Div 0.4% | Beta 0.06 | Tier WATCHLIST_CONFIRMED,CAUTION,False,WATCHLIST_CONFIRMED,75.0,12.0,15.0,0.38,0.055,-1.72,True,0.9,False,False,2026-05-31,148,False
SONAMLTD,SONAM,A,10.0,True,Track A Defensive | Div 0.0% | Beta 0.00 | Tier STRONG,CAUTION,False,STRONG,75.0,16.0,13.0,0.0,0.0,0.0,True,1.0,False,False,2026-05-31,149,False
DODLA,DODLA DAIRY,A,13.97,True,Track A Defensive | Div 0.2% | Beta 0.00 | Tier WATCHLIST_CONFIRMED,CAUTION,False,WATCHLIST_CONFIRMED,75.0,20.0,13.0,0.2,0.0,0.0,True,1.0,False,False,2026-05-31,150,False
AJAXENGG,AJAX ENGINEERING,A,12.0,True,Track A Defensive | Div 0.0% | Beta 0.09 | Tier STRONG,CAUTION,False,STRONG,75.0,20.0,8.0,0.0,0.085,-18.31,True,1.34,False,False,2026-05-31,151,False
BANKINDIA,BANK OF INDIA,A,30.69,True,Track A Defensive | Div 2.7% | Beta -0.01 | Tier WATCHLIST_CONFIRMED,CAUTION,False,WATCHLIST_CONFIRMED,75.0,4.0,14.0,2.67,-0.005,-21.04,True,1.07,False,False,2026-05-31,152,False
ARVIND,ARVIND LTD,A,20.38,True,Track A Defensive | Div 1.0% | Beta -0.04 | Tier STRONG,CAUTION,False,STRONG,75.0,16.0,7.0,1.04,-0.045,-3.76,True,0.37,False,False,2026-05-31,153,False
IXIGO,LE TRAVENUES,A,10.0,True,Track A Defensive | Div 0.0% | Beta 0.00 | Tier STRONG,CAUTION,False,STRONG,75.0,16.0,13.0,0.0,0.0,0.0,True,1.0,False,False,2026-05-31,154,False
IRISDOREME,IRIS CLOTHINGS,A,12.0,True,Track A Defensive | Div 0.0% | Beta 0.00 | Tier STRONG,CAUTION,False,STRONG,75.0,20.0,6.0,0.0,0.0,0.0,True,1.0,False,False,2026-05-31,155,False
JSL,JINDAL STAIN.,A,14.68,True,Track A Defensive | Div 0.4% | Beta 0.00 | Tier WATCHLIST_CONFIRMED,CAUTION,False,WATCHLIST_CONFIRMED,75.0,17.0,6.0,0.42,0.0,0.0,True,1.0,False,False,2026-05-31,156,False
MARICO,MARICO,A,26.04,True,Track A Defensive | Div 1.4% | Beta 0.00 | Tier WATCHLIST_CONFIRMED,CAUTION,False,WATCHLIST_CONFIRMED,75.0,20.0,7.0,1.4,0.0,0.0,True,1.0,False,False,2026-05-31,157,False
KOLTEPATIL,KOLTE PATIL DEV.,A,10.5,True,Track A Defensive | Div 0.0% | Beta 0.00 | Tier STRONG,CAUTION,False,STRONG,75.0,17.0,11.0,0.0,0.0,0.0,True,1.0,False,False,2026-05-31,158,False
EXPLEOSOL,EXPLEO SOLUTIONS,A,81.28,True,Track A Defensive | Div 6.9% | Beta 0.00 | Tier STRONG,CAUTION,False,STRONG,75.0,20.0,11.0,6.93,0.0,0.0,True,1.0,False,False,2026-05-31,159,False
GODFRYPHLP,GODFREY PHILLIPS,A,30.44,True,Track A Defensive | Div 1.8% | Beta 0.00 | Tier STRONG,CAUTION,False,STRONG,75.0,20.0,12.0,1.84,0.0,0.0,True,1.0,False,False,2026-05-31,160,False
DMART,AVENUE SUPER.,A,10.0,True,Track A Defensive | Div 0.0% | Beta 0.00 | Tier STRONG,CAUTION,False,STRONG,74.0,16.0,14.0,0.0,0.0,0.0,True,1.0,False,False,2026-05-31,161,False
CMSINFO,CMS INFO SYSTEMS,A,34.77,True,Track A Defensive | Div 2.3% | Beta 0.00 | Tier STRONG,CAUTION,False,STRONG,74.0,20.0,13.0,2.28,0.0,0.0,True,1.0,False,False,2026-05-31,162,False
ACUTAAS,ACUTAAS CHEMICAL,A,10.64,True,Track A Defensive | Div 0.1% | Beta 0.05 | Tier STRONG,CAUTION,False,STRONG,74.0,16.0,15.0,0.06,0.051,0.0,True,0.96,False,False,2026-05-31,163,False
ICEMAKE,ICE MAKE REFRIG.,A,14.91,True,Track A Defensive | Div 0.3% | Beta 0.00 | Tier STRONG,CAUTION,False,STRONG,74.0,20.0,10.0,0.29,0.0,0.0,True,1.0,False,False,2026-05-31,164,False
WTICAB,WISE TRAVEL,A,10.0,True,Track A Defensive | Div 0.0% | Beta 0.00 | Tier WATCHLIST_CONFIRMED,CAUTION,False,WATCHLIST_CONFIRMED,74.0,16.0,11.0,0.0,0.0,0.0,True,1.0,False,False,2026-05-31,165,False
CCAVENUE,AVENUESAI,A,7.5,True,Track A Defensive | Div 0.0% | Beta 0.00 | Tier STRONG,CAUTION,False,STRONG,74.0,11.0,15.0,0.0,0.0,0.0,True,1.0,False,False,2026-05-31,166,False
ESCORTS,ESCORTS KUBOTA,A,19.59,True,Track A Defensive | Div 0.9% | Beta 0.00 | Tier STRONG,CAUTION,False,STRONG,74.0,17.0,13.0,0.91,0.0,0.0,True,1.0,False,False,2026-05-31,167,False
RRKABEL,R R KABEL,A,17.37,True,Track A Defensive | Div 0.5% | Beta 0.00 | Tier STRONG,CAUTION,False,STRONG,74.0,20.0,12.0,0.54,0.0,0.0,True,1.0,False,False,2026-05-31,168,False
RADIANTCMS,RADIANT CASH,A,82.07,True,Track A Defensive | Div 7.0% | Beta 0.00 | Tier STRONG,CAUTION,False,STRONG,74.0,20.0,10.0,7.01,0.0,0.0,True,1.0,False,False,2026-05-31,169,False
OMFREIGHT,OM FREIGHT FORWA,A,10.0,True,Track A Defensive | Div 0.0% | Beta 0.08 | Tier WATCHLIST_CONFIRMED,CAUTION,False,WATCHLIST_CONFIRMED,74.0,16.0,10.0,0.0,0.077,-17.34,True,0.47,False,False,2026-05-31,170,False
VIMTALABS,VIMTA LABS,A,14.32,True,Track A Defensive | Div 0.2% | Beta 0.00 | Tier STRONG,CAUTION,False,STRONG,74.0,20.0,11.0,0.23,0.0,0.0,True,1.0,False,False,2026-05-31,171,False
SAREGAMA,SAREGAMA INDIA,A,36.65,True,Track A Defensive | Div 2.6% | Beta 0.00 | Tier WATCHLIST_CONFIRMED,CAUTION,False,WATCHLIST_CONFIRMED,74.0,17.0,10.0,2.62,0.0,0.0,True,1.0,False,False,2026-05-31,172,False
SIGIND,SIGNET INDUSTRIE,A,19.52,True,Track A Defensive | Div 1.1% | Beta 0.00 | Tier STRONG,CAUTION,False,STRONG,74.0,12.0,13.0,1.15,0.0,0.0,True,1.0,False,False,2026-05-31,173,False
CYBERTECH,CYBERTECH SYS.,A,48.36,True,Track A Defensive | Div 3.6% | Beta 0.00 | Tier PRIME,CAUTION,False,PRIME,74.0,20.0,12.0,3.64,0.0,0.0,True,1.0,False,False,2026-05-31,174,False
ACE,ACTION CONST.EQ.,A,14.4,True,Track A Defensive | Div 0.2% | Beta 0.11 | Tier STRONG,CAUTION,False,STRONG,74.0,20.0,14.0,0.24,0.111,-29.96,True,0.63,False,False,2026-05-31,175,False
ADVAIT,ADVAIT ENERGY,A,12.0,True,Track A Defensive | Div 0.0% | Beta -0.01 | Tier STRONG,CAUTION,False,STRONG,74.0,20.0,8.0,0.0,-0.008,-3.44,True,2.52,False,False,2026-05-31,176,False
BAJAJCON,BAJAJ CONSUMER,A,12.0,True,Track A Defensive | Div 0.0% | Beta 0.00 | Tier STRONG,CAUTION,False,STRONG,74.0,20.0,11.0,0.0,0.0,0.0,True,1.0,False,False,2026-05-31,177,False
ARMANFIN,ARMAN FINANCIAL,A,6.0,True,Track A Defensive | Div 0.0% | Beta -0.03 | Tier WATCHLIST_CONFIRMED,CAUTION,False,WATCHLIST_CONFIRMED,74.0,8.0,10.0,0.0,-0.033,-10.24,True,1.24,False,False,2026-05-31,178,False
EIHOTEL,EIH,A,14.81,True,Track A Defensive | Div 0.5% | Beta 0.00 | Tier STRONG,CAUTION,False,STRONG,74.0,16.0,11.0,0.48,0.0,0.0,True,1.0,False,False,2026-05-31,179,False
GARUDA,GARUDA CONS,A,10.66,True,Track A Defensive | Div 0.0% | Beta 0.00 | Tier WATCHLIST_CONFIRMED,CAUTION,False,WATCHLIST_CONFIRMED,74.0,17.0,12.0,0.02,0.0,0.0,True,1.0,False,False,2026-05-31,180,False
GRMOVER,GRM OVERSEAS,A,12.0,True,Track A Defensive | Div 0.0% | Beta 0.00 | Tier WATCHLIST_CONFIRMED,CAUTION,False,WATCHLIST_CONFIRMED,74.0,20.0,6.0,0.0,0.0,0.0,True,1.0,False,False,2026-05-31,181,False
KIRLOSBROS,KIRL. BROTHERS,A,16.48,True,Track A Defensive | Div 0.5% | Beta 0.00 | Tier STRONG,CAUTION,False,STRONG,73.0,20.0,9.0,0.45,0.0,0.0,True,1.0,False,False,2026-05-31,182,False
INDOTECH,INDO TECH.TRANS.,A,12.0,True,Track A Defensive | Div 0.0% | Beta -0.02 | Tier STRONG,CAUTION,False,STRONG,73.0,20.0,11.0,0.0,-0.019,-11.25,True,0.36,False,False,2026-05-31,183,False
GLOBAL,GLOBAL EDUCATION,A,22.0,True,Track A Defensive | Div 1.0% | Beta 0.00 | Tier STRONG,CAUTION,False,STRONG,73.0,20.0,10.0,1.0,0.0,0.0,True,1.0,False,False,2026-05-31,184,False
DDEVPLSTIK,DDEV PLASTIKS,A,19.51,True,Track A Defensive | Div 0.8% | Beta 0.00 | Tier STRONG,CAUTION,False,STRONG,73.0,20.0,9.0,0.75,0.0,0.0,True,1.0,False,False,2026-05-31,185,False
VESUVIUS,VESUVIUS INDIA,A,15.03,True,Track A Defensive | Div 0.3% | Beta 0.00 | Tier STRONG,CAUTION,False,STRONG,73.0,20.0,11.0,0.3,0.0,0.0,True,1.0,False,False,2026-05-31,186,False
ASKAUTOLTD,ASK AUTOMOTIVE,A,15.63,True,Track A Defensive | Div 0.4% | Beta 0.00 | Tier STRONG,CAUTION,False,STRONG,73.0,20.0,13.0,0.36,0.0,0.0,True,1.0,False,False,2026-05-31,187,False
BORANA,BORANA WEAVES,A,11.0,True,Track A Defensive | Div 0.0% | Beta 0.00 | Tier WATCHLIST_CONFIRMED,CAUTION,False,WATCHLIST_CONFIRMED,73.0,18.0,11.0,0.0,0.0,0.0,True,1.0,False,False,2026-05-31,188,False
CELLO,CELLO WORLD,A,15.65,True,Track A Defensive | Div 0.4% | Beta 0.00 | Tier STRONG,CAUTION,False,STRONG,73.0,20.0,12.0,0.37,0.0,0.0,True,1.0,False,False,2026-05-31,189,False
PREMIERENE,PREMIER ENERGIES,A,13.46,True,Track A Defensive | Div 0.1% | Beta 0.15 | Tier STRONG,CAUTION,False,STRONG,73.0,20.0,11.0,0.15,0.146,-4.77,True,1.87,False,False,2026-05-31,190,False
POWERMECH,POWER MECH PROJ.,A,12.63,True,Track A Defensive | Div 0.1% | Beta 0.14 | Tier STRONG,CAUTION,False,STRONG,73.0,20.0,13.0,0.06,0.145,-25.46,True,0.77,False,False,2026-05-31,191,False
NH,NARAYANA HRUDAYA,A,13.7,True,Track A Defensive | Div 0.3% | Beta -0.09 | Tier STRONG,CAUTION,False,STRONG,73.0,18.0,13.0,0.27,-0.091,-16.12,True,0.96,False,False,2026-05-31,192,False
OLECTRA,OLECTRA GREENTEC,A,11.87,True,Track A Defensive | Div 0.0% | Beta -0.01 | Tier STRONG,CAUTION,False,STRONG,73.0,19.0,14.0,0.04,-0.013,-29.38,True,0.54,False,False,2026-05-31,193,False
SBIN,SBI,A,17.91,True,Track A Defensive | Div 1.5% | Beta 0.11 | Tier WATCHLIST_CONFIRMED,CAUTION,False,WATCHLIST_CONFIRMED,73.0,2.0,13.0,1.49,0.11,-20.04,True,0.87,False,False,2026-05-31,194,False
SWARAJ,SWARAJ SUITING,A,9.0,True,Track A Defensive | Div 0.0% | Beta 0.15 | Tier WATCHLIST_CONFIRMED,CAUTION,False,WATCHLIST_CONFIRMED,73.0,14.0,8.0,0.0,0.152,-21.86,True,1.44,False,False,2026-05-31,195,False
CMPDI,NAN,A,5.5,True,Track A Defensive | Div 0.0% | Beta -0.21 | Tier MONITOR,CAUTION,False,MONITOR,73.0,1.0,0.0,0.0,-0.207,-4.24,True,0.51,False,False,2026-05-31,196,False
CEIGALL,CEIGALL INDIA,A,10.0,True,Track A Defensive | Div 0.0% | Beta 0.00 | Tier WATCHLIST_CONFIRMED,CAUTION,False,WATCHLIST_CONFIRMED,73.0,16.0,12.0,0.0,0.0,0.0,True,1.0,False,False,2026-05-31,197,False
AETHER,AETHER INDUSTRI.,A,7.0,True,Track A Defensive | Div 0.0% | Beta 0.08 | Tier STRONG,CAUTION,False,STRONG,73.0,10.0,11.0,0.0,0.08,-12.3,True,0.64,False,False,2026-05-31,198,False
ARVSMART,ARVIND SMARTSP.,A,16.7,True,Track A Defensive | Div 1.1% | Beta 0.14 | Tier WATCHLIST_CONFIRMED,CAUTION,False,WATCHLIST_CONFIRMED,73.0,7.0,14.0,1.12,0.136,-16.75,True,0.3,False,False,2026-05-31,199,False
ARKADE,ARKADE,A,23.18,True,Track A Defensive | Div 1.0% | Beta -0.13 | Tier WATCHLIST_CONFIRMED,CAUTION,False,WATCHLIST_CONFIRMED,73.0,17.0,7.0,0.97,-0.127,-45.17,True,2.32,False,False,2026-05-31,200,False
INDUSTOWER,INDUS TOWERS,A,12.0,True,Track A Defensive | Div 0.0% | Beta 0.00 | Tier STRONG,CAUTION,False,STRONG,73.0,20.0,11.0,0.0,0.0,0.0,True,1.0,False,False,2026-05-31,201,False
MACPOWER,MACPOWER CNC,A,13.76,True,Track A Defensive | Div 0.2% | Beta 0.00 | Tier STRONG,CAUTION,False,STRONG,73.0,20.0,10.0,0.18,0.0,0.0,True,1.0,False,False,2026-05-31,202,False
KPRMILL,K P R MILL LTD,A,18.0,True,Track A Defensive | Div 0.6% | Beta 0.00 | Tier WATCHLIST_CONFIRMED,CAUTION,False,WATCHLIST_CONFIRMED,73.0,20.0,5.0,0.6,0.0,0.0,True,1.0,False,False,2026-05-31,203,False
GALLANTT,GALLANTT ISPAT L,A,14.27,True,Track A Defensive | Div 0.2% | Beta 0.00 | Tier STRONG,CAUTION,False,STRONG,73.0,20.0,13.0,0.23,0.0,0.0,True,1.0,False,False,2026-05-31,204,False
GODREJAGRO,GODREJ AGROVET,A,30.65,True,Track A Defensive | Div 1.9% | Beta 0.00 | Tier WATCHLIST_CONFIRMED,CAUTION,False,WATCHLIST_CONFIRMED,73.0,20.0,7.0,1.87,0.0,0.0,True,1.0,False,False,2026-05-31,205,False
GANDHITUBE,GANDHI SPL. TUBE,A,30.59,True,Track A Defensive | Div 1.9% | Beta 0.00 | Tier STRONG,CAUTION,False,STRONG,72.0,20.0,6.0,1.86,0.0,0.0,True,1.0,False,False,2026-05-31,206,False
CLEAN,CLEAN SCIENCE,A,20.57,True,Track A Defensive | Div 0.9% | Beta 0.00 | Tier STRONG,CAUTION,False,STRONG,72.0,20.0,5.0,0.86,0.0,0.0,True,1.0,False,False,2026-05-31,207,False
NEULANDLAB,NEULAND LABS.,A,13.0,True,Track A Defensive | Div 0.1% | Beta -0.00 | Tier STRONG,CAUTION,False,STRONG,72.0,20.0,12.0,0.1,-0.004,-5.66,True,0.6,False,False,2026-05-31,208,False
KOTHARIPET,KOTHARI PETROCHE,A,21.1,True,Track A Defensive | Div 0.9% | Beta 0.00 | Tier STRONG,CAUTION,False,STRONG,72.0,20.0,5.0,0.91,0.0,0.0,True,1.0,False,False,2026-05-31,209,False
RATNAMANI,RATNAMANI METALS,A,18.02,True,Track A Defensive | Div 0.6% | Beta 0.00 | Tier STRONG,CAUTION,False,STRONG,72.0,20.0,12.0,0.6,0.0,0.0,True,1.0,False,False,2026-05-31,210,False
ALIVUS,ALIVUS LIFE,A,17.32,True,Track A Defensive | Div 0.5% | Beta -0.03 | Tier STRONG,CAUTION,False,STRONG,72.0,20.0,7.0,0.53,-0.033,-6.26,True,1.0,False,False,2026-05-31,211,False
FIEMIND,FIEM INDUSTRIES,A,26.84,True,Track A Defensive | Div 1.5% | Beta 0.00 | Tier STRONG,CAUTION,False,STRONG,72.0,20.0,13.0,1.48,0.0,0.0,True,1.0,False,False,2026-05-31,212,False
TIMKEN,TIMKEN INDIA,A,23.17,True,Track A Defensive | Div 1.1% | Beta 0.01 | Tier STRONG,CAUTION,False,STRONG,72.0,20.0,6.0,1.12,0.008,-3.19,True,0.38,False,False,2026-05-31,213,False
DLINKINDIA,D-LINK INDIA,A,64.51,True,Track A Defensive | Div 5.2% | Beta 0.00 | Tier STRONG,CAUTION,False,STRONG,72.0,20.0,11.0,5.25,0.0,0.0,True,1.0,False,False,2026-05-31,214,False
JINDRILL,JINDAL DRILLING,A,10.61,True,Track A Defensive | Div 0.2% | Beta 0.00 | Tier WATCHLIST_CONFIRMED,CAUTION,False,WATCHLIST_CONFIRMED,72.0,13.0,12.0,0.21,0.0,0.0,True,1.0,False,False,2026-05-31,215,False
SHRINGARMS,SHRINGAR HOUSE,A,11.5,True,Track A Defensive | Div 0.0% | Beta 0.00 | Tier WATCHLIST_CONFIRMED,CAUTION,False,WATCHLIST_CONFIRMED,72.0,19.0,12.0,0.0,0.0,0.0,True,1.0,False,False,2026-05-31,216,False
GLAXO,GLAXOSMI. PHARMA,A,29.5,True,Track A Defensive | Div 1.8% | Beta 0.00 | Tier STRONG,CAUTION,False,STRONG,72.0,20.0,11.0,1.75,0.0,0.0,True,1.0,False,False,2026-05-31,217,False
COALINDIA,COAL INDIA,A,67.91,True,Track A Defensive | Div 5.6% | Beta 0.00 | Tier STRONG,CAUTION,False,STRONG,72.0,19.0,10.0,5.64,0.0,0.0,True,1.0,False,False,2026-05-31,218,False
BFUTILITIE,BF UTILITIES,A,9.5,True,Track A Defensive | Div 0.0% | Beta 0.00 | Tier STRONG,CAUTION,False,STRONG,72.0,15.0,13.0,0.0,0.0,0.0,True,1.0,False,False,2026-05-31,219,False
JSLL,JEENA SIKHO,A,13.8,True,Track A Defensive | Div 0.2% | Beta 0.00 | Tier STRONG,CAUTION,False,STRONG,72.0,20.0,14.0,0.18,0.0,0.0,True,1.0,False,False,2026-05-31,220,False
PRUDENT,PRUDENT CORP.,A,13.1,True,Track A Defensive | Div 0.1% | Beta 0.00 | Tier STRONG,CAUTION,False,STRONG,72.0,20.0,15.0,0.11,0.0,0.0,True,1.0,False,False,2026-05-31,221,False
TAJGVK,TAJGVK HOTELS,A,18.54,True,Track A Defensive | Div 0.7% | Beta 0.00 | Tier STRONG,CAUTION,False,STRONG,72.0,20.0,12.0,0.65,0.0,0.0,True,1.0,False,False,2026-05-31,222,False
CAPLIPOINT,CAPLIN POINT LAB,A,15.7,True,Track A Defensive | Div 0.4% | Beta 0.00 | Tier STRONG,CAUTION,False,STRONG,72.0,20.0,13.0,0.37,0.0,0.0,True,1.0,False,False,2026-05-31,223,False
MARUTI,MARUTI SUZUKI,A,22.67,True,Track A Defensive | Div 1.1% | Beta 0.00 | Tier STRONG,CAUTION,False,STRONG,72.0,20.0,15.0,1.07,0.0,0.0,True,1.0,False,False,2026-05-31,224,False
HEROMOTOCO,HERO MOTOCORP,A,43.32,True,Track A Defensive | Div 3.1% | Beta 0.00 | Tier STRONG,CAUTION,False,STRONG,72.0,20.0,11.0,3.13,0.0,0.0,True,1.0,False,False,2026-05-31,225,False
AIAENG,AIA ENGINEERING,A,16.53,True,Track A Defensive | Div 0.5% | Beta 0.17 | Tier STRONG,CAUTION,False,STRONG,72.0,20.0,10.0,0.45,0.169,0.0,True,5.35,False,False,2026-05-31,226,False
BLS,BLS INTERNAT.,A,16.15,True,Track A Defensive | Div 0.4% | Beta 0.00 | Tier WATCHLIST_CONFIRMED,CAUTION,False,WATCHLIST_CONFIRMED,72.0,20.0,9.0,0.42,0.0,0.0,True,1.0,False,False,2026-05-31,227,False
PREMIERPOL,PREMIER POLYFILM,A,17.45,True,Track A Defensive | Div 0.2% | Beta -0.11 | Tier STRONG,CAUTION,False,STRONG,72.0,20.0,5.0,0.25,-0.11,-13.1,True,1.53,False,False,2026-05-31,228,False
QPOWER,QUALITY POWER EL,A,13.19,True,Track A Defensive | Div 0.1% | Beta 0.02 | Tier STRONG,CAUTION,False,STRONG,72.0,20.0,14.0,0.12,0.019,-24.07,True,0.33,False,False,2026-05-31,229,False
PNGJL,P N GADGIL JEWE.,A,10.0,True,Track A Defensive | Div 0.0% | Beta 0.05 | Tier WATCHLIST_CONFIRMED,CAUTION,False,WATCHLIST_CONFIRMED,72.0,16.0,15.0,0.0,0.052,-24.98,True,0.49,False,False,2026-05-31,230,False
RAILTEL,RAILTEL CORPN.,A,21.85,True,Track A Defensive | Div 1.0% | Beta 0.00 | Tier STRONG,CAUTION,False,STRONG,72.0,19.0,8.0,1.04,0.0,0.0,True,1.0,False,False,2026-05-31,231,False
RATEGAIN,RATEGAIN TRAVEL,A,10.5,True,Track A Defensive | Div 0.0% | Beta 0.00 | Tier STRONG,CAUTION,False,STRONG,72.0,17.0,15.0,0.0,0.0,0.0,True,1.0,False,False,2026-05-31,232,False
TIMETECHNO,TIME TECHNOPLAST,A,19.6,True,Track A Defensive | Div 0.8% | Beta 0.09 | Tier STRONG,CAUTION,False,STRONG,72.0,20.0,12.0,0.76,0.087,-28.09,True,1.38,False,False,2026-05-31,233,False
VISHNU,VISHNU CHEMICALS,A,11.09,True,Track A Defensive | Div 0.1% | Beta 0.00 | Tier STRONG,CAUTION,False,STRONG,72.0,17.0,11.0,0.06,0.0,0.0,True,1.0,False,False,2026-05-31,234,False
SEAMECLTD,SEAMEC LTD,A,8.0,True,Track A Defensive | Div 0.0% | Beta 0.00 | Tier WATCHLIST_CONFIRMED,CAUTION,False,WATCHLIST_CONFIRMED,72.0,12.0,10.0,0.0,0.0,0.0,True,1.0,False,False,2026-05-31,235,False
SANSTAR,SANSTAR,A,6.5,True,Track A Defensive | Div 0.0% | Beta 0.00 | Tier WATCHLIST_CONFIRMED,CAUTION,False,WATCHLIST_CONFIRMED,72.0,9.0,12.0,0.0,0.0,0.0,True,1.0,False,False,2026-05-31,236,False
SKMEGGPROD,SKM EGG PROD.,A,13.78,True,Track A Defensive | Div 0.5% | Beta 0.00 | Tier WATCHLIST_CONFIRMED,CAUTION,False,WATCHLIST_CONFIRMED,72.0,14.0,14.0,0.48,0.0,0.0,True,1.0,False,False,2026-05-31,237,False
BLUEDART,BLUE DART EXPRES,A,16.89,True,Track A Defensive | Div 0.5% | Beta 0.00 | Tier WATCHLIST_CONFIRMED,CAUTION,False,WATCHLIST_CONFIRMED,72.0,20.0,7.0,0.49,0.0,0.0,True,1.0,False,False,2026-05-31,238,False
BALUFORGE,BALU FORGE,A,15.34,True,Track A Defensive | Div 0.0% | Beta -0.10 | Tier STRONG,CAUTION,False,STRONG,72.0,20.0,14.0,0.03,-0.102,-37.61,True,2.99,False,False,2026-05-31,239,False
BALKRISIND,BALKRISHNA INDS,A,19.55,True,Track A Defensive | Div 0.8% | Beta 0.00 | Tier STRONG,CAUTION,False,STRONG,72.0,20.0,11.0,0.75,0.0,0.0,True,1.0,False,False,2026-05-31,240,False
APLAPOLLO,APL APOLLO TUBES,A,14.9,True,Track A Defensive | Div 0.3% | Beta 0.09 | Tier STRONG,CAUTION,False,STRONG,72.0,20.0,13.0,0.29,0.086,-19.72,True,1.78,False,False,2026-05-31,241,False
IGL,INDRAPRASTHA GAS,A,21.55,True,Track A Defensive | Div 1.0% | Beta 0.00 | Tier STRONG,CAUTION,False,STRONG,72.0,20.0,10.0,0.96,0.0,0.0,True,1.0,False,False,2026-05-31,242,False
FIVESTAR,FIVE-STAR BUS.FI,A,10.14,True,Track A Defensive | Div 0.6% | Beta 0.00 | Tier WATCHLIST_CONFIRMED,CAUTION,False,WATCHLIST_CONFIRMED,72.0,5.0,12.0,0.56,0.0,0.0,True,1.0,False,False,2026-05-31,243,False
GKENERGY,GK ENERGY,A,11.5,True,Track A Defensive | Div 0.0% | Beta 0.00 | Tier WATCHLIST_CONFIRMED,CAUTION,False,WATCHLIST_CONFIRMED,72.0,19.0,12.0,0.0,0.0,0.0,True,1.0,False,False,2026-05-31,244,False
GPPL,GUJ PIPAVAV PORT,A,74.58,True,Track A Defensive | Div 6.3% | Beta 0.00 | Tier STRONG,CAUTION,False,STRONG,72.0,20.0,10.0,6.26,0.0,0.0,True,1.0,False,False,2026-05-31,245,False
SCHNEIDER,SCHNEIDER ELECT.,A,12.0,True,Track A Defensive | Div 0.0% | Beta 0.00 | Tier STRONG,CAUTION,False,STRONG,71.0,20.0,13.0,0.0,0.0,0.0,True,1.0,False,False,2026-05-31,246,False
THERMAX,THERMAX,A,14.84,True,Track A Defensive | Div 0.4% | Beta 0.09 | Tier STRONG,CAUTION,False,STRONG,71.0,17.0,14.0,0.43,0.089,0.0,True,1.69,False,False,2026-05-31,247,False
TALBROAUTO,TALBROS AUTO.,A,14.89,True,Track A Defensive | Div 0.3% | Beta 0.00 | Tier STRONG,CAUTION,False,STRONG,71.0,20.0,14.0,0.29,0.0,0.0,True,1.0,False,False,2026-05-31,248,False
JKIL,J KUMAR INFRA,A,20.16,True,Track A Defensive | Div 0.8% | Beta 0.00 | Tier STRONG,CAUTION,False,STRONG,71.0,20.0,11.0,0.82,0.0,0.0,True,1.0,False,False,2026-05-31,249,False
ITC,ITC,A,58.69,True,Track A Defensive | Div 4.7% | Beta 0.00 | Tier STRONG,CAUTION,False,STRONG,71.0,20.0,11.0,4.67,0.0,0.0,True,1.0,False,False,2026-05-31,250,False
GOCOLORS,GO FASHION (I),A,10.5,True,Track A Defensive | Div 0.0% | Beta 0.00 | Tier STRONG,CAUTION,False,STRONG,71.0,17.0,13.0,0.0,0.0,0.0,True,1.0,False,False,2026-05-31,251,False
APARINDS,APAR INDS.,A,17.28,True,Track A Defensive | Div 0.5% | Beta 0.03 | Tier STRONG,CAUTION,False,STRONG,71.0,20.0,12.0,0.53,0.031,-2.29,True,2.12,False,False,2026-05-31,252,False
NMDC,NMDC,A,51.74,True,Track A Defensive | Div 4.1% | Beta 0.04 | Tier STRONG,CAUTION,False,STRONG,71.0,18.0,6.0,4.07,0.039,-5.6,True,1.56,False,False,2026-05-31,253,False
RAINBOW,RAINBOW CHILD.,A,14.68,True,Track A Defensive | Div 0.3% | Beta 0.00 | Tier STRONG,CAUTION,False,STRONG,71.0,20.0,13.0,0.27,0.0,0.0,True,1.0,False,False,2026-05-31,254,False
CAPACITE,CAPACIT'E INFRA.,A,7.5,True,Track A Defensive | Div 0.0% | Beta 0.00 | Tier STRONG,CAUTION,False,STRONG,71.0,11.0,13.0,0.0,0.0,0.0,True,1.0,False,False,2026-05-31,255,False
BLUEJET,BLUE JET HEALTH,A,15.29,True,Track A Defensive | Div 0.3% | Beta 0.00 | Tier STRONG,CAUTION,False,STRONG,71.0,20.0,13.0,0.33,0.0,0.0,True,1.0,False,False,2026-05-31,256,False
VOLTAMP,VOLT.TRANSFORM.,A,23.62,True,Track A Defensive | Div 1.2% | Beta 0.00 | Tier STRONG,CAUTION,False,STRONG,71.0,20.0,14.0,1.16,0.0,0.0,True,1.0,False,False,2026-05-31,257,False
HNDFDS,HINDUSTAN FOODS,A,8.5,True,Track A Defensive | Div 0.0% | Beta 0.00 | Tier STRONG,CAUTION,False,STRONG,71.0,13.0,13.0,0.0,0.0,0.0,True,1.0,False,False,2026-05-31,258,False
SUBROS,SUBROS,A,15.82,True,Track A Defensive | Div 0.4% | Beta 0.00 | Tier STRONG,CAUTION,False,STRONG,71.0,20.0,10.0,0.38,0.0,0.0,True,1.0,False,False,2026-05-31,259,False
EIHAHOTELS,EIH ASSOC.HOTELS,A,23.53,True,Track A Defensive | Div 1.1% | Beta 0.00 | Tier STRONG,CAUTION,False,STRONG,71.0,20.0,10.0,1.15,0.0,0.0,True,1.0,False,False,2026-05-31,260,False
PRICOLLTD,PRICOL LTD,A,15.69,True,Track A Defensive | Div 0.4% | Beta 0.02 | Tier STRONG,CAUTION,False,STRONG,71.0,20.0,13.0,0.37,0.022,-17.71,True,0.39,False,False,2026-05-31,261,False
PNB,PUNJAB NATL.BANK,A,29.87,True,Track A Defensive | Div 2.6% | Beta 0.11 | Tier WATCHLIST_CONFIRMED,CAUTION,False,WATCHLIST_CONFIRMED,71.0,4.0,12.0,2.59,0.107,-19.88,True,0.94,False,False,2026-05-31,262,False
RUCHIRA,RUCHIRA PAPERS,A,58.79,True,Track A Defensive | Div 4.9% | Beta 0.00 | Tier WATCHLIST_CONFIRMED,CAUTION,False,WATCHLIST_CONFIRMED,71.0,16.0,9.0,4.88,0.0,0.0,True,1.0,False,False,2026-05-31,263,False
NAZARA,NAZARA TECHNOLO.,A,7.5,True,Track A Defensive | Div 0.0% | Beta 0.00 | Tier WATCHLIST_CONFIRMED,CAUTION,False,WATCHLIST_CONFIRMED,71.0,11.0,13.0,0.0,0.001,-22.33,True,0.32,False,False,2026-05-31,264,False
SHREYANIND,SHREYANS INDS.,A,28.81,True,Track A Defensive | Div 2.0% | Beta 0.00 | Tier WATCHLIST_CONFIRMED,CAUTION,False,WATCHLIST_CONFIRMED,71.0,14.0,10.0,1.98,0.0,0.0,True,1.0,False,False,2026-05-31,265,False
BRITANNIA,BRITANNIA INDS.,A,25.24,True,Track A Defensive | Div 1.3% | Beta 0.00 | Tier WATCHLIST_CONFIRMED,CAUTION,False,WATCHLIST_CONFIRMED,71.0,20.0,8.0,1.32,0.0,0.0,True,1.0,False,False,2026-05-31,266,False
DOLLAR,DOLLAR INDUSTRIE,A,21.73,True,Track A Defensive | Div 1.2% | Beta 0.00 | Tier WATCHLIST_CONFIRMED,CAUTION,False,WATCHLIST_CONFIRMED,71.0,16.0,6.0,1.17,0.0,0.0,True,1.0,False,False,2026-05-31,267,False
DSSL,DYNACONS SYS.,A,12.56,True,Track A Defensive | Div 0.1% | Beta 0.00 | Tier STRONG,CAUTION,False,STRONG,71.0,20.0,8.0,0.06,0.0,0.0,True,1.0,False,False,2026-05-31,268,False
EIEL,ENVIRO INFRA,A,10.5,True,Track A Defensive | Div 0.0% | Beta 0.00 | Tier WATCHLIST_CONFIRMED,CAUTION,False,WATCHLIST_CONFIRMED,71.0,17.0,6.0,0.0,0.0,0.0,True,1.0,False,False,2026-05-31,269,False
ALKEM,ALKEM LAB,A,20.54,True,Track A Defensive | Div 0.8% | Beta 0.03 | Tier STRONG,CAUTION,False,STRONG,71.0,20.0,7.0,0.85,0.027,-5.9,True,3.87,False,False,2026-05-31,270,False
ADFFOODS,ADF FOODS,A,16.63,True,Track A Defensive | Div 0.7% | Beta -0.03 | Tier WATCHLIST_CONFIRMED,CAUTION,False,WATCHLIST_CONFIRMED,71.0,16.0,10.0,0.66,-0.033,-10.66,True,0.67,False,False,2026-05-31,271,False
ADVANCE,ADVANCE AGROLIFE,A,12.0,True,Track A Defensive | Div 0.0% | Beta 0.09 | Tier STRONG,CAUTION,False,STRONG,71.0,20.0,8.0,0.0,0.085,-30.72,True,0.38,False,False,2026-05-31,272,False
AJANTPHARM,AJANTA PHARMA,A,24.69,True,Track A Defensive | Div 1.0% | Beta -0.17 | Tier STRONG,CAUTION,False,STRONG,71.0,20.0,7.0,0.97,-0.165,-10.13,True,0.99,False,False,2026-05-31,273,False
AVANTIFEED,AVANTI FEEDS,A,19.44,True,Track A Defensive | Div 0.7% | Beta 0.00 | Tier WATCHLIST_CONFIRMED,CAUTION,False,WATCHLIST_CONFIRMED,71.0,20.0,11.0,0.74,0.0,0.0,True,1.0,False,False,2026-05-31,274,False
AUTOAXLES,AUTOMOTIVE AXLES,A,30.32,True,Track A Defensive | Div 1.8% | Beta 0.00 | Tier STRONG,CAUTION,False,STRONG,71.0,20.0,10.0,1.83,0.0,0.0,True,1.0,False,False,2026-05-31,275,False
INNOVANA,INNOVANA THINK.,A,12.0,True,Track A Defensive | Div 0.0% | Beta 0.00 | Tier STRONG,CAUTION,False,STRONG,71.0,20.0,10.0,0.0,0.0,0.0,True,1.0,False,False,2026-05-31,276,False
KERNEX,KERNEX MICROSYS.,A,11.5,True,Track A Defensive | Div 0.0% | Beta 0.00 | Tier WATCHLIST_CONFIRMED,CAUTION,False,WATCHLIST_CONFIRMED,71.0,19.0,4.0,0.0,0.0,0.0,True,1.0,False,False,2026-05-31,277,False
FAZE3Q,FAZE THREE,A,9.5,True,Track A Defensive | Div 0.0% | Beta 0.00 | Tier WATCHLIST_CONFIRMED,CAUTION,False,WATCHLIST_CONFIRMED,71.0,15.0,7.0,0.0,0.0,0.0,True,1.0,False,False,2026-05-31,278,False
HINDZINC,HINDUSTAN ZINC,A,31.35,True,Track A Defensive | Div 1.9% | Beta 0.00 | Tier STRONG,CAUTION,False,STRONG,71.0,20.0,11.0,1.93,0.0,0.0,True,1.0,False,False,2026-05-31,279,False
TRITURBINE,TRIVENI TURBINE,A,20.74,True,Track A Defensive | Div 0.9% | Beta 0.14 | Tier STRONG,CAUTION,False,STRONG,70.0,20.0,11.0,0.87,0.144,0.0,True,0.8,False,False,2026-05-31,280,False
REDINGTON,REDINGTON,A,43.04,True,Track A Defensive | Div 3.1% | Beta 0.00 | Tier WATCHLIST_CONFIRMED,CAUTION,False,WATCHLIST_CONFIRMED,70.0,19.0,13.0,3.15,0.0,0.0,True,1.0,False,False,2026-05-31,281,False
SOUTHWEST,SOUTH WEST PINN.,A,10.0,True,Track A Defensive | Div 0.0% | Beta 0.00 | Tier STRONG,CAUTION,False,STRONG,70.0,16.0,9.0,0.0,0.0,0.0,True,1.0,False,False,2026-05-31,282,False
TDPOWERSYS,TD POWER SYSTEMS,A,13.92,True,Track A Defensive | Div 0.2% | Beta -0.07 | Tier STRONG,CAUTION,False,STRONG,70.0,20.0,10.0,0.19,-0.066,-3.55,True,0.78,False,False,2026-05-31,283,False
DIXON,DIXON TECHNOLOG.,A,12.77,True,Track A Defensive | Div 0.1% | Beta 0.00 | Tier STRONG,CAUTION,False,STRONG,70.0,20.0,13.0,0.08,0.0,0.0,True,1.0,False,False,2026-05-31,284,False
JASH,JASH ENGINEERING,A,17.4,True,Track A Defensive | Div 0.5% | Beta 0.00 | Tier STRONG,CAUTION,False,STRONG,70.0,20.0,12.0,0.54,0.0,0.0,True,1.0,False,False,2026-05-31,285,False
BETA,BETA DRUGS LTD,A,12.0,True,Track A Defensive | Div 0.0% | Beta 0.00 | Tier STRONG,CAUTION,False,STRONG,70.0,20.0,8.0,0.0,0.0,0.0,True,1.0,False,False,2026-05-31,286,False
JSWINFRA,JSW INFRAST,A,13.64,True,Track A Defensive | Div 0.3% | Beta 0.00 | Tier STRONG,CAUTION,False,STRONG,70.0,17.0,13.0,0.31,0.0,0.0,True,1.0,False,False,2026-05-31,287,False
CERA,CERA SANITARY.,A,25.67,True,Track A Defensive | Div 1.4% | Beta 0.00 | Tier STRONG,CAUTION,False,STRONG,70.0,20.0,11.0,1.37,0.0,0.0,True,1.0,False,False,2026-05-31,288,False
ZYDUSLIFE,ZYDUS LIFESCI.,A,24.31,True,Track A Defensive | Div 1.2% | Beta 0.00 | Tier STRONG,CAUTION,False,STRONG,70.0,20.0,12.0,1.23,0.0,0.0,True,1.0,False,False,2026-05-31,289,False
ETHOSLTD,ETHOS,A,8.0,True,Track A Defensive | Div 0.0% | Beta 0.00 | Tier WATCHLIST_CONFIRMED,CAUTION,False,WATCHLIST_CONFIRMED,70.0,12.0,15.0,0.0,0.0,0.0,True,1.0,False,False,2026-05-31,290,False
SAFARI,SAFARI INDS.,A,13.76,True,Track A Defensive | Div 0.2% | Beta 0.00 | Tier STRONG,CAUTION,False,STRONG,70.0,19.0,13.0,0.23,0.0,0.0,True,1.0,False,False,2026-05-31,291,False
RVTH,REVATHI EQUIP,A,12.0,True,Track A Defensive | Div 0.0% | Beta 0.00 | Tier STRONG,CAUTION,False,STRONG,70.0,20.0,8.0,0.0,0.0,0.0,True,1.0,False,False,2026-05-31,292,False
POLYMED,POLY MEDICURE,A,12.75,True,Track A Defensive | Div 0.3% | Beta -0.01 | Tier STRONG,CAUTION,False,STRONG,70.0,16.0,15.0,0.28,-0.005,-40.82,True,2.78,False,False,2026-05-31,293,False
POLYMED,POLY MEDICURE,B,49.0,False,Track B Deep Value | Down 41% from high | Missing: No insider buy in 60d,CAUTION,False,STRONG,70.0,16.0,15.0,0.28,-0.005,-40.82,True,2.78,False,False,2026-05-31,2,True
ROUTE,ROUTE MOBILE,A,35.18,True,Track A Defensive | Div 2.3% | Beta 0.00 | Tier STRONG,CAUTION,False,STRONG,70.0,20.0,10.0,2.32,0.0,0.0,True,1.0,False,False,2026-05-31,294,False
RNBDENIMS,R&B DENIMS,A,12.0,True,Track A Defensive | Div 0.0% | Beta 0.00 | Tier WATCHLIST_CONFIRMED,CAUTION,False,WATCHLIST_CONFIRMED,70.0,20.0,5.0,0.0,0.0,0.0,True,1.0,False,False,2026-05-31,295,False
NILASPACES,NILA SPACES,A,6.5,True,Track A Defensive | Div 0.0% | Beta 0.26 | Tier WATCHLIST_CONFIRMED,CAUTION,False,WATCHLIST_CONFIRMED,70.0,9.0,12.0,0.0,0.262,-34.48,True,0.75,False,False,2026-05-31,296,False
PACEDIGITK,PACE DIGITEK,A,11.5,True,Track A Defensive | Div 0.0% | Beta 0.01 | Tier WATCHLIST_CONFIRMED,CAUTION,False,WATCHLIST_CONFIRMED,70.0,19.0,12.0,0.0,0.015,-16.67,True,3.09,False,False,2026-05-31,297,False
PERSISTENT,PERSISTENT SYSTEMS,A,19.45,True,Track A Defensive | Div 0.8% | Beta 0.17 | Tier STRONG,CAUTION,False,STRONG,70.0,20.0,15.0,0.75,0.165,-20.58,True,1.25,False,False,2026-05-31,298,False
ONWARDTEC,ONWARD TECHNOLOG,A,31.47,True,Track A Defensive | Div 2.1% | Beta 0.04 | Tier STRONG,CAUTION,False,STRONG,70.0,17.0,10.0,2.1,0.04,-30.29,True,0.24,False,False,2026-05-31,299,False
TRANSTEEL,TRANSTEEL SEATIN,A,10.0,True,Track A Defensive | Div 0.0% | Beta 0.11 | Tier WATCHLIST_CONFIRMED,CAUTION,False,WATCHLIST_CONFIRMED,70.0,16.0,11.0,0.0,0.11,-18.32,True,1.2,False,False,2026-05-31,300,False
WABAG,VA TECH WABAG,A,13.22,True,Track A Defensive | Div 0.3% | Beta 0.00 | Tier WATCHLIST_CONFIRMED,CAUTION,False,WATCHLIST_CONFIRMED,70.0,16.0,12.0,0.32,0.0,0.0,True,1.0,False,False,2026-05-31,301,False
WEL,WONDER ELECTRIC.,A,12.97,True,Track A Defensive | Div 0.1% | Beta 0.00 | Tier WATCHLIST_CONFIRMED,CAUTION,False,WATCHLIST_CONFIRMED,70.0,19.0,10.0,0.15,0.0,0.0,True,1.0,False,False,2026-05-31,302,False
SYRMA,SYRMA SGS TECH.,A,9.9,True,Track A Defensive | Div 0.2% | Beta 0.00 | Tier WATCHLIST_CONFIRMED,CAUTION,False,WATCHLIST_CONFIRMED,70.0,12.0,15.0,0.19,0.0,0.0,True,1.0,False,False,2026-05-31,303,False
SUNTV,SUN TV NETWORK,A,38.23,True,Track A Defensive | Div 2.3% | Beta -0.16 | Tier WATCHLIST_CONFIRMED,CAUTION,False,WATCHLIST_CONFIRMED,70.0,20.0,5.0,2.32,-0.156,-23.04,True,1.74,False,False,2026-05-31,304,False
CCL,CCL PRODUCTS,A,14.68,True,Track A Defensive | Div 0.5% | Beta 0.00 | Tier WATCHLIST_CONFIRMED,CAUTION,False,WATCHLIST_CONFIRMED,70.0,16.0,11.0,0.47,0.0,0.0,True,1.0,False,False,2026-05-31,305,False
AEGISLOG,AEGIS LOGISTICS,A,21.67,True,Track A Defensive | Div 1.3% | Beta 0.21 | Tier STRONG,CAUTION,False,STRONG,70.0,13.0,11.0,1.32,0.213,-15.06,True,2.89,False,False,2026-05-31,306,False
JAIBALAJI,JAI BALAJI INDS.,A,12.0,True,Track A Defensive | Div 0.0% | Beta 0.07 | Tier MONITOR,CAUTION,False,MONITOR,70.0,20.0,5.0,0.0,0.074,-46.23,True,0.21,False,False,2026-05-31,307,False
MAITHANALL,MAITHAN ALLOYS,A,27.26,True,Track A Defensive | Div 1.7% | Beta 0.00 | Tier WATCHLIST_EXTERNAL,CAUTION,False,WATCHLIST_EXTERNAL,70.0,16.0,3.0,1.73,0.0,0.0,True,1.0,False,False,2026-05-31,308,False
DAMCAPITAL,DAM CAPITAL ADVI,A,19.65,True,Track A Defensive | Div 0.8% | Beta 0.00 | Tier STRONG,CAUTION,False,STRONG,69.0,20.0,8.0,0.76,0.0,0.0,True,1.0,False,False,2026-05-31,309,False
SKIPPER,SKIPPER,A,10.78,True,Track A Defensive | Div 0.0% | Beta 0.00 | Tier STRONG,CAUTION,False,STRONG,69.0,17.0,15.0,0.03,0.0,0.0,True,1.0,False,False,2026-05-31,310,False
SBCL,SHIVALIK BIMETAL,A,18.59,True,Track A Defensive | Div 0.7% | Beta 0.00 | Tier STRONG,CAUTION,False,STRONG,69.0,20.0,10.0,0.66,0.0,0.0,True,1.0,False,False,2026-05-31,311,False
KSB,KSB,A,17.01,True,Track A Defensive | Div 0.5% | Beta 0.00 | Tier STRONG,CAUTION,False,STRONG,69.0,20.0,11.0,0.5,0.0,0.0,True,1.0,False,False,2026-05-31,312,False
BANCOINDIA,BANCO PRODUCTS,A,44.5,True,Track A Defensive | Div 3.2% | Beta 0.00 | Tier STRONG,CAUTION,False,STRONG,69.0,20.0,10.0,3.25,0.0,0.0,True,1.0,False,False,2026-05-31,313,False
JINDALPHOT,JINDAL PHOTO,A,9.5,True,Track A Defensive | Div 0.0% | Beta 0.00 | Tier WATCHLIST_CONFIRMED,CAUTION,False,WATCHLIST_CONFIRMED,69.0,15.0,4.0,0.0,0.0,0.0,True,1.0,False,False,2026-05-31,314,False
AVANTEL,AVANTEL,A,13.54,True,Track A Defensive | Div 0.1% | Beta 0.00 | Tier WATCHLIST_CONFIRMED,CAUTION,False,WATCHLIST_CONFIRMED,69.0,20.0,13.0,0.15,0.0,0.0,True,1.0,False,False,2026-05-31,315,False
VIDYAWIRES,VIDYA WIRES,A,11.5,True,Track A Defensive | Div 0.0% | Beta 0.00 | Tier WATCHLIST_CONFIRMED,CAUTION,False,WATCHLIST_CONFIRMED,69.0,19.0,10.0,0.0,0.0,0.0,True,1.0,False,False,2026-05-31,316,False
LUMAXIND,LUMAX INDUSTRIES,A,16.43,True,Track A Defensive | Div 0.7% | Beta 0.00 | Tier STRONG,CAUTION,False,STRONG,69.0,15.0,14.0,0.69,0.0,0.0,True,1.0,False,False,2026-05-31,317,False
CASTROLIND,CASTROL INDIA,A,57.56,True,Track A Defensive | Div 4.6% | Beta 0.00 | Tier STRONG,CAUTION,False,STRONG,69.0,20.0,10.0,4.56,0.0,0.0,True,1.0,False,False,2026-05-31,318,False
ZFCVINDIA,ZF COMMERCIAL,A,13.39,True,Track A Defensive | Div 0.1% | Beta 0.00 | Tier STRONG,CAUTION,False,STRONG,69.0,20.0,11.0,0.14,0.0,0.0,True,1.0,False,False,2026-05-31,319,False
STEELCAS,STEELCAST,A,18.95,True,Track A Defensive | Div 0.7% | Beta 0.00 | Tier STRONG,CAUTION,False,STRONG,69.0,20.0,10.0,0.69,0.0,0.0,True,1.0,False,False,2026-05-31,320,False
EPIGRAL,EPIGRAL,A,19.1,True,Track A Defensive | Div 0.7% | Beta 0.00 | Tier WATCHLIST_CONFIRMED,CAUTION,False,WATCHLIST_CONFIRMED,69.0,20.0,8.0,0.71,0.0,0.0,True,1.0,False,False,2026-05-31,321,False
PRIVISCL,PRIVI SPECI.,A,13.71,True,Track A Defensive | Div 0.2% | Beta 0.00 | Tier WATCHLIST_CONFIRMED,CAUTION,False,WATCHLIST_CONFIRMED,69.0,20.0,10.0,0.17,0.0,0.0,True,1.0,False,False,2026-05-31,322,False
REFEX,REFEX INDUSTRIES,A,10.98,True,Track A Defensive | Div 0.2% | Beta 0.00 | Tier WATCHLIST_CONFIRMED,CAUTION,False,WATCHLIST_CONFIRMED,69.0,13.0,12.0,0.25,0.0,0.0,True,1.0,False,False,2026-05-31,323,False
SHANKARA,SHANKARA BUILDING,A,35.18,True,Track A Defensive | Div 2.7% | Beta 0.01 | Tier STRONG,CAUTION,False,STRONG,69.0,12.0,14.0,2.72,0.014,-89.88,True,0.19,False,False,2026-05-31,324,False
SHAILY,SHAILY ENGINEER.,A,12.83,True,Track A Defensive | Div 0.1% | Beta 0.00 | Tier STRONG,CAUTION,False,STRONG,69.0,20.0,11.0,0.08,0.0,0.0,True,1.0,False,False,2026-05-31,325,False
BIKAJI,BIKAJI FOODS,A,11.64,True,Track A Defensive | Div 0.2% | Beta 0.00 | Tier WATCHLIST_CONFIRMED,CAUTION,False,WATCHLIST_CONFIRMED,69.0,16.0,13.0,0.16,0.0,0.0,True,1.0,False,False,2026-05-31,326,False
JBMA,JBM AUTO,A,12.04,True,Track A Defensive | Div 0.1% | Beta 0.00 | Tier STRONG,CAUTION,False,STRONG,69.0,17.0,11.0,0.15,0.0,0.0,True,1.0,False,False,2026-05-31,327,False
MANCREDIT,MANGAL CREDIT,A,6.39,True,Track A Defensive | Div 0.4% | Beta 0.00 | Tier WATCHLIST_CONFIRMED,CAUTION,False,WATCHLIST_CONFIRMED,69.0,0.0,15.0,0.44,0.0,0.0,True,1.0,False,False,2026-05-31,328,False
LAL,LORENZINI APPAR.,A,10.0,True,Track A Defensive | Div 0.0% | Beta 0.00 | Tier WATCHLIST_CONFIRMED,CAUTION,False,WATCHLIST_CONFIRMED,69.0,16.0,9.0,0.0,0.0,0.0,True,1.0,False,False,2026-05-31,329,False
FEDERALBNK,FEDERAL BANK,A,8.44,True,Track A Defensive | Div 0.4% | Beta 0.10 | Tier WATCHLIST_CONFIRMED,CAUTION,False,WATCHLIST_CONFIRMED,69.0,4.0,13.0,0.44,0.095,-3.64,True,4.45,False,False,2026-05-31,330,False
EMUDHRA,EMUDHRA,A,13.12,True,Track A Defensive | Div 0.3% | Beta 0.00 | Tier STRONG,CAUTION,False,STRONG,69.0,16.0,15.0,0.31,0.0,0.0,True,1.0,False,False,2026-05-31,331,False
HECPROJECT,HEC INFRA PROJ.,A,10.5,True,Track A Defensive | Div 0.0% | Beta 0.00 | Tier WATCHLIST_CONFIRMED,CAUTION,False,WATCHLIST_CONFIRMED,69.0,17.0,12.0,0.0,0.0,0.0,True,1.0,False,False,2026-05-31,332,False
KRONOX,KRONOX LAB,A,16.46,True,Track A Defensive | Div 0.5% | Beta 0.00 | Tier WATCHLIST_CONFIRMED,CAUTION,False,WATCHLIST_CONFIRMED,68.0,20.0,5.0,0.45,0.0,0.0,True,1.0,False,False,2026-05-31,333,False
HAPPYFORGE,HAPPY FORGINGS,A,13.87,True,Track A Defensive | Div 0.2% | Beta 0.00 | Tier STRONG,CAUTION,False,STRONG,68.0,19.0,13.0,0.24,0.0,0.0,True,1.0,False,False,2026-05-31,334,False
KINGFA,KINGFA SCIENCE,A,12.0,True,Track A Defensive | Div 0.0% | Beta 0.00 | Tier STRONG,CAUTION,False,STRONG,68.0,20.0,9.0,0.0,0.0,0.0,True,1.0,False,False,2026-05-31,335,False
GRWRHITECH,GARWARE HI TECH,A,15.25,True,Track A Defensive | Div 0.3% | Beta 0.00 | Tier STRONG,CAUTION,False,STRONG,68.0,20.0,8.0,0.32,0.0,0.0,True,1.0,False,False,2026-05-31,336,False
JAINREC,JAIN RESOURCE,A,12.0,True,Track A Defensive | Div 0.0% | Beta 0.00 | Tier STRONG,CAUTION,False,STRONG,68.0,20.0,13.0,0.0,0.0,0.0,True,1.0,False,False,2026-05-31,337,False
JAGSNPHARM,JAGSONPAL PHARMA,A,25.82,True,Track A Defensive | Div 1.4% | Beta 0.00 | Tier STRONG,CAUTION,False,STRONG,68.0,20.0,5.0,1.38,0.0,0.0,True,1.0,False,False,2026-05-31,338,False
SJS,SJS ENTERPRISES,A,13.58,True,Track A Defensive | Div 0.2% | Beta 0.00 | Tier STRONG,CAUTION,False,STRONG,68.0,20.0,14.0,0.16,0.0,0.0,True,1.0,False,False,2026-05-31,339,False
MOTHERSON,SAMVARDH. MOTHE.,A,12.53,True,Track A Defensive | Div 0.5% | Beta 0.10 | Tier STRONG,CAUTION,False,STRONG,68.0,11.0,14.0,0.5,0.101,0.0,True,1.81,False,False,2026-05-31,340,False
CEWATER,CONCORD ENVIRO,A,9.5,True,Track A Defensive | Div 0.0% | Beta 0.00 | Tier WATCHLIST_CONFIRMED,CAUTION,False,WATCHLIST_CONFIRMED,68.0,15.0,8.0,0.0,0.0,0.0,True,1.0,False,False,2026-05-31,341,False
INDIANHUME,INDIAN HUME PIPE,A,17.59,True,Track A Defensive | Div 0.6% | Beta 0.00 | Tier STRONG,CAUTION,False,STRONG,68.0,20.0,11.0,0.56,0.0,0.0,True,1.0,False,False,2026-05-31,342,False
SUZLON,SUZLON ENERGY,A,12.0,True,Track A Defensive | Div 0.0% | Beta 0.00 | Tier STRONG,CAUTION,False,STRONG,68.0,20.0,12.0,0.0,0.0,0.0,True,1.0,False,False,2026-05-31,343,False
BRIGADE,BRIGADE ENTERPR.,A,10.31,True,Track A Defensive | Div 0.4% | Beta 0.00 | Tier WATCHLIST_CONFIRMED,CAUTION,False,WATCHLIST_CONFIRMED,68.0,9.0,15.0,0.38,0.0,0.0,True,1.0,False,False,2026-05-31,344,False
WELCORP,WELSPUN CORP,A,18.28,True,Track A Defensive | Div 0.6% | Beta 0.00 | Tier STRONG,CAUTION,False,STRONG,68.0,20.0,11.0,0.63,0.0,0.0,True,1.0,False,False,2026-05-31,345,False
POWERINDIA,HITACHI ENERGY,A,10.24,True,Track A Defensive | Div 0.0% | Beta 0.04 | Tier STRONG,CAUTION,False,STRONG,68.0,16.0,12.0,0.02,0.041,0.0,True,2.32,False,False,2026-05-31,346,False
NEPHROPLUS,NEPHROCARE HEALTH SERVICES,A,9.0,True,Track A Defensive | Div 0.0% | Beta 0.01 | Tier WATCHLIST_CONFIRMED,CAUTION,False,WATCHLIST_CONFIRMED,68.0,14.0,8.0,0.0,0.01,-7.85,True,0.39,False,False,2026-05-31,347,False
TRENT,TRENT,A,13.4,True,Track A Defensive | Div 0.1% | Beta 0.13 | Tier STRONG,CAUTION,False,STRONG,68.0,20.0,14.0,0.14,0.126,-32.12,True,1.08,False,False,2026-05-31,348,False
THYROCARE,THYROCARE TECH.,A,37.82,True,Track A Defensive | Div 2.6% | Beta 0.06 | Tier STRONG,CAUTION,False,STRONG,68.0,20.0,3.0,2.58,0.058,-4.59,True,0.61,False,False,2026-05-31,349,False
SUNTECK,SUNTECK REALTY,A,10.35,True,Track A Defensive | Div 0.5% | Beta 0.02 | Tier WATCHLIST_CONFIRMED,CAUTION,False,WATCHLIST_CONFIRMED,68.0,7.0,15.0,0.48,0.016,-38.29,True,2.08,False,False,2026-05-31,350,False
SURYAROSNI,SURYA ROSHNI,A,37.47,True,Track A Defensive | Div 2.6% | Beta 0.07 | Tier STRONG,CAUTION,False,STRONG,68.0,19.0,12.0,2.6,0.068,-30.93,True,3.43,False,False,2026-05-31,351,False
CREST,CREST VENTURES,A,7.12,True,Track A Defensive | Div 0.3% | Beta 0.00 | Tier WATCHLIST_EXTERNAL,CAUTION,False,WATCHLIST_EXTERNAL,68.0,4.0,9.0,0.31,0.0,0.0,True,1.0,False,False,2026-05-31,352,False
DABUR,DABUR INDIA,A,30.57,True,Track A Defensive | Div 1.9% | Beta 0.00 | Tier STRONG,CAUTION,False,STRONG,68.0,20.0,8.0,1.86,0.0,0.0,True,1.0,False,False,2026-05-31,353,False
ALPEXSOLAR,ALPEX SOLAR,A,12.0,True,Track A Defensive | Div 0.0% | Beta 0.08 | Tier STRONG,CAUTION,False,STRONG,68.0,20.0,11.0,0.0,0.083,-28.71,True,0.9,False,False,2026-05-31,354,False
AGI,AGI GREENPAC,A,25.87,True,Track A Defensive | Div 1.4% | Beta 0.09 | Tier STRONG,CAUTION,False,STRONG,68.0,20.0,12.0,1.39,0.089,-38.87,True,0.74,False,False,2026-05-31,355,False
AGARIND,AGARWAL INDL.,A,20.03,True,Track A Defensive | Div 0.8% | Beta 0.09 | Tier WATCHLIST_CONFIRMED,CAUTION,False,WATCHLIST_CONFIRMED,68.0,20.0,10.0,0.8,0.086,-58.48,True,0.75,False,False,2026-05-31,356,False
AGARIND,AGARWAL INDL.,B,47.599999999999994,False,Track B Deep Value | Down 58% from high | Missing: Vol surge 0.8× (need 1.5×); No insider buy in 60d,CAUTION,False,WATCHLIST_CONFIRMED,68.0,20.0,10.0,0.8,0.086,-58.48,True,0.75,False,False,2026-05-31,3,True
BAJAJ-AUTO,BAJAJ AUTO,A,34.81,True,Track A Defensive | Div 2.3% | Beta 0.00 | Tier WATCHLIST_CONFIRMED,CAUTION,False,WATCHLIST_CONFIRMED,68.0,19.0,10.0,2.33,0.0,0.0,True,1.0,False,False,2026-05-31,357,False
IRIS,IRIS REGTECH SOLUTIONS,A,12.0,True,Track A Defensive | Div 0.0% | Beta 0.00 | Tier STRONG,CAUTION,False,STRONG,68.0,20.0,10.0,0.0,0.0,0.0,True,1.0,False,False,2026-05-31,358,False
LATTEYS,LATTEYS INDUSTRI,A,8.0,True,Track A Defensive | Div 0.0% | Beta -0.06 | Tier STRONG,CAUTION,False,STRONG,68.0,12.0,12.0,0.0,-0.059,-32.96,True,0.39,False,False,2026-05-31,359,False
MAPMYINDIA,C.E. INFO SYSTEM,A,15.97,True,Track A Defensive | Div 0.4% | Beta 0.00 | Tier STRONG,CAUTION,False,STRONG,68.0,20.0,12.0,0.4,0.0,0.0,True,1.0,False,False,2026-05-31,360,False
METROBRAND,METRO BRANDS,A,17.89,True,Track A Defensive | Div 0.6% | Beta 0.11 | Tier STRONG,CAUTION,False,STRONG,68.0,20.0,13.0,0.59,0.108,-22.25,True,0.5,False,False,2026-05-31,361,False
GAUDIUMIVF,GAUDIUM IVF,A,12.0,True,Track A Defensive | Div 0.0% | Beta 0.09 | Tier STRONG,CAUTION,False,STRONG,68.0,20.0,8.0,0.0,0.091,-8.7,True,0.55,False,False,2026-05-31,362,False
FSL,FIRSTSOUR.SOLU.,A,28.82,True,Track A Defensive | Div 1.8% | Beta 0.00 | Tier WATCHLIST_CONFIRMED,CAUTION,False,WATCHLIST_CONFIRMED,68.0,17.0,10.0,1.83,0.0,0.0,True,1.0,False,False,2026-05-31,363,False
HOMEFIRST,HOME FIRST FINAN,A,6.42,True,Track A Defensive | Div 0.4% | Beta 0.00 | Tier WATCHLIST_EXTERNAL,CAUTION,False,WATCHLIST_EXTERNAL,68.0,1.0,12.0,0.39,0.0,0.0,True,1.0,False,False,2026-05-31,364,False
GRPLTD,GRP,A,19.37,True,Track A Defensive | Div 0.8% | Beta 0.00 | Tier STRONG,CAUTION,False,STRONG,68.0,19.0,7.0,0.79,0.0,0.0,True,1.0,False,False,2026-05-31,365,False
GODREJCP,GODREJ CONSUMER,A,31.49,True,Track A Defensive | Div 1.9% | Beta 0.00 | Tier STRONG,CAUTION,False,STRONG,68.0,20.0,10.0,1.95,0.0,0.0,True,1.0,False,False,2026-05-31,366,False
GEEKAYWIRE,GEEKAY WIRES,A,27.44,True,Track A Defensive | Div 1.5% | Beta 0.00 | Tier STRONG,CAUTION,False,STRONG,67.0,20.0,8.0,1.54,0.0,0.0,True,1.0,False,False,2026-05-31,367,False
DOMS,DOMS INDUSTRIES,A,13.38,True,Track A Defensive | Div 0.1% | Beta 0.00 | Tier WATCHLIST_CONFIRMED,CAUTION,False,WATCHLIST_CONFIRMED,67.0,20.0,13.0,0.14,0.0,0.0,True,1.0,False,False,2026-05-31,368,False
EBGNG,GNG ELECTRONICS,A,12.0,True,Track A Defensive | Div 0.0% | Beta 0.00 | Tier WATCHLIST_CONFIRMED,CAUTION,False,WATCHLIST_CONFIRMED,67.0,20.0,13.0,0.0,0.0,0.0,True,1.0,False,False,2026-05-31,369,False
ATLANTAELE,ATLANTA ELECTRIC,A,12.0,True,Track A Defensive | Div 0.0% | Beta 0.00 | Tier STRONG,CAUTION,False,STRONG,67.0,20.0,13.0,0.0,0.0,0.0,True,1.0,False,False,2026-05-31,370,False
UNOMINDA,UNO MINDA,A,13.61,True,Track A Defensive | Div 0.2% | Beta 0.00 | Tier STRONG,CAUTION,False,STRONG,67.0,19.0,13.0,0.21,0.0,0.0,True,1.0,False,False,2026-05-31,371,False
CONTROLPR,CONTROL PRINT,A,27.66,True,Track A Defensive | Div 1.6% | Beta 0.00 | Tier WATCHLIST_CONFIRMED,CAUTION,False,WATCHLIST_CONFIRMED,67.0,19.0,15.0,1.62,0.0,0.0,True,1.0,False,False,2026-05-31,372,False
GPTHEALTH,GPT HEALTHCARE,A,32.65,True,Track A Defensive | Div 2.1% | Beta 0.00 | Tier STRONG,CAUTION,False,STRONG,67.0,20.0,7.0,2.07,0.0,0.0,True,1.0,False,False,2026-05-31,373,False
AXISCADES,AXISCADES TECH.,A,10.0,True,Track A Defensive | Div 0.0% | Beta 0.00 | Tier WATCHLIST_CONFIRMED,CAUTION,False,WATCHLIST_CONFIRMED,67.0,16.0,15.0,0.0,0.0,0.0,True,1.0,False,False,2026-05-31,374,False
ONEPOINT,ONE POINT ONE,A,10.5,True,Track A Defensive | Div 0.0% | Beta -0.25 | Tier WATCHLIST_CONFIRMED,CAUTION,False,WATCHLIST_CONFIRMED,67.0,11.0,9.0,0.0,-0.247,-7.22,True,1.69,False,False,2026-05-31,375,False
LT,LARSEN & TOUBRO,A,18.89,True,Track A Defensive | Div 1.0% | Beta 0.00 | Tier WATCHLIST_CONFIRMED,CAUTION,False,WATCHLIST_CONFIRMED,67.0,14.0,15.0,0.99,0.0,0.0,True,1.0,False,False,2026-05-31,376,False
MAMATA,MAMATA MACHINERY,A,13.33,True,Track A Defensive | Div 0.1% | Beta 0.00 | Tier STRONG,CAUTION,False,STRONG,67.0,20.0,10.0,0.13,0.0,0.0,True,1.0,False,False,2026-05-31,377,False
PHOENIXLTD,PHOENIX MILLS,A,9.11,True,Track A Defensive | Div 0.2% | Beta -0.02 | Tier WATCHLIST_CONFIRMED,CAUTION,False,WATCHLIST_CONFIRMED,67.0,11.0,13.0,0.16,-0.017,-9.21,True,1.6,False,False,2026-05-31,378,False
VMART,V-MART RETAIL,A,8.0,True,Track A Defensive | Div 0.0% | Beta 0.00 | Tier STRONG,CAUTION,False,STRONG,67.0,12.0,15.0,0.0,0.0,0.0,True,1.0,False,False,2026-05-31,379,False
HONAUT,HONEYWELL AUTO,A,14.15,True,Track A Defensive | Div 0.4% | Beta 0.00 | Tier STRONG,CAUTION,False,STRONG,67.0,17.0,11.0,0.36,0.0,0.0,True,1.0,False,False,2026-05-31,380,False
HINDUNILVR,HIND. UNILEVER,A,32.55,True,Track A Defensive | Div 2.0% | Beta 0.00 | Tier WATCHLIST_CONFIRMED,CAUTION,False,WATCHLIST_CONFIRMED,67.0,20.0,8.0,2.05,0.0,0.0,True,1.0,False,False,2026-05-31,381,False
ELGIEQUIP,ELGI EQUIPMENTS,A,16.65,True,Track A Defensive | Div 0.5% | Beta 0.00 | Tier STRONG,CAUTION,False,STRONG,67.0,20.0,11.0,0.47,0.0,0.0,True,1.0,False,False,2026-05-31,382,False
EMAMILTD,EMAMI,A,36.67,True,Track A Defensive | Div 2.5% | Beta 0.00 | Tier STRONG,CAUTION,False,STRONG,67.0,20.0,7.0,2.47,0.0,0.0,True,1.0,False,False,2026-05-31,383,False
RPGLIFE,RPG LIFESCIENCE.,A,22.61,True,Track A Defensive | Div 1.1% | Beta 0.00 | Tier STRONG,CAUTION,False,STRONG,67.0,20.0,11.0,1.06,0.0,0.0,True,1.0,False,False,2026-05-31,384,False
MMP,MMP INDUSTRIES,A,19.63,True,Track A Defensive | Div 0.9% | Beta -0.00 | Tier WATCHLIST_CONFIRMED,CAUTION,False,WATCHLIST_CONFIRMED,67.0,17.0,11.0,0.91,-0.0,-8.5,True,0.65,False,False,2026-05-31,385,False
MSUMI,MOTHERSON WIRING,A,27.06,True,Track A Defensive | Div 1.5% | Beta -0.01 | Tier STRONG,CAUTION,False,STRONG,67.0,20.0,10.0,1.51,-0.015,-25.13,True,0.99,False,False,2026-05-31,386,False
MWL,MANGALAM WORLD.,A,8.76,True,Track A Defensive | Div 0.1% | Beta -0.00 | Tier WATCHLIST_CONFIRMED,CAUTION,False,WATCHLIST_CONFIRMED,67.0,12.0,12.0,0.08,-0.002,-0.67,True,0.67,False,False,2026-05-31,387,False
UNIECOM,UNICOMMERCE,A,12.0,True,Track A Defensive | Div 0.0% | Beta 0.00 | Tier WATCHLIST_CONFIRMED,CAUTION,False,WATCHLIST_CONFIRMED,67.0,20.0,10.0,0.0,0.0,0.0,True,1.0,False,False,2026-05-31,388,False
TRUALT,TRUALT BIOENERGY,A,7.5,True,Track A Defensive | Div 0.0% | Beta 0.03 | Tier WATCHLIST_CONFIRMED,CAUTION,False,WATCHLIST_CONFIRMED,67.0,11.0,12.0,0.0,0.029,-6.19,True,1.38,False,False,2026-05-31,389,False
VRLLOG,VRL LOGISTICS,A,31.19,True,Track A Defensive | Div 2.1% | Beta 0.00 | Tier WATCHLIST_CONFIRMED,CAUTION,False,WATCHLIST_CONFIRMED,67.0,17.0,8.0,2.07,0.0,0.0,True,1.0,False,False,2026-05-31,390,False
SAKSOFT,SAKSOFT,A,19.09,True,Track A Defensive | Div 0.7% | Beta 0.00 | Tier STRONG,CAUTION,False,STRONG,67.0,20.0,9.0,0.71,0.0,0.0,True,1.0,False,False,2026-05-31,391,False
SUMICHEM,SUMITOMO CHEMI.,A,15.11,True,Track A Defensive | Div 0.3% | Beta -0.07 | Tier WATCHLIST_CONFIRMED,CAUTION,False,WATCHLIST_CONFIRMED,67.0,20.0,5.0,0.31,-0.07,-23.1,True,1.14,False,False,2026-05-31,392,False
SILVERTUC,SILVER TOUCH,A,10.91,True,Track A Defensive | Div 0.0% | Beta 0.00 | Tier WATCHLIST_CONFIRMED,CAUTION,False,WATCHLIST_CONFIRMED,67.0,17.0,12.0,0.04,0.0,0.0,True,1.0,False,False,2026-05-31,393,False
SMLMAH,SML MAHINDRA,A,16.39,True,Track A Defensive | Div 0.4% | Beta 0.00 | Tier WATCHLIST_CONFIRMED,CAUTION,False,WATCHLIST_CONFIRMED,67.0,20.0,4.0,0.44,0.0,0.0,True,1.0,False,False,2026-05-31,394,False
CHEMBONDCH,CHEMBOND CHEMIC.,A,13.85,True,Track A Defensive | Div 0.6% | Beta 0.00 | Tier WATCHLIST_CONFIRMED,CAUTION,False,WATCHLIST_CONFIRMED,67.0,12.0,11.0,0.59,0.0,0.0,True,1.0,False,False,2026-05-31,395,False
ANANTRAJ,ANANT RAJ,A,9.09,True,Track A Defensive | Div 0.2% | Beta 0.07 | Tier WATCHLIST_CONFIRMED,CAUTION,False,WATCHLIST_CONFIRMED,67.0,11.0,13.0,0.16,0.065,-30.1,True,0.74,False,False,2026-05-31,396,False
BALMLAWRIE,BALMER LAWRIE,A,62.85,True,Track A Defensive | Div 5.2% | Beta 0.00 | Tier WATCHLIST_CONFIRMED,CAUTION,False,WATCHLIST_CONFIRMED,67.0,17.0,8.0,5.23,0.0,0.0,True,1.0,False,False,2026-05-31,397,False
AVL,ADITYA VISION,A,13.91,True,Track A Defensive | Div 0.2% | Beta 0.00 | Tier WATCHLIST_CONFIRMED,CAUTION,False,WATCHLIST_CONFIRMED,67.0,19.0,12.0,0.24,0.0,0.0,True,1.0,False,False,2026-05-31,398,False
JIOFIN,JIO FINANCIAL,A,6.08,True,Track A Defensive | Div 0.2% | Beta 0.00 | Tier WATCHLIST_EXTERNAL,CAUTION,False,WATCHLIST_EXTERNAL,67.0,4.0,8.0,0.21,0.0,0.0,True,1.0,False,False,2026-05-31,399,False
INDOAMIN,INDO AMINES,A,17.56,True,Track A Defensive | Div 0.6% | Beta 0.00 | Tier WATCHLIST_CONFIRMED,CAUTION,False,WATCHLIST_CONFIRMED,67.0,20.0,5.0,0.56,0.0,0.0,True,1.0,False,False,2026-05-31,400,False
LINCOLN,LINCOLN PHARMA.,A,13.51,True,Track A Defensive | Div 0.3% | Beta 0.00 | Tier STRONG,CAUTION,False,STRONG,67.0,17.0,11.0,0.3,0.0,0.0,True,1.0,False,False,2026-05-31,401,False
MGL,MAHANAGAR GAS,A,45.97,True,Track A Defensive | Div 3.1% | Beta -0.11 | Tier WATCHLIST_CONFIRMED,CAUTION,False,WATCHLIST_CONFIRMED,67.0,20.0,13.0,3.1,-0.114,-27.3,True,1.29,False,False,2026-05-31,402,False
KPITTECH,KPIT TECHNOLOGI.,A,24.81,True,Track A Defensive | Div 1.3% | Beta 0.00 | Tier STRONG,CAUTION,False,STRONG,67.0,20.0,13.0,1.28,0.0,0.0,True,1.0,False,False,2026-05-31,403,False
FORCEMOT,FORCE MOTORS,A,13.36,True,Track A Defensive | Div 0.2% | Beta -0.02 | Tier STRONG,CAUTION,False,STRONG,67.0,19.0,10.0,0.19,-0.02,-24.45,True,0.61,False,False,2026-05-31,404,False
FINEORG,FINE ORGANIC,A,14.58,True,Track A Defensive | Div 0.3% | Beta 0.00 | Tier WATCHLIST_CONFIRMED,CAUTION,False,WATCHLIST_CONFIRMED,67.0,20.0,9.0,0.26,0.0,0.0,True,1.0,False,False,2026-05-31,405,False
KNRCON,KNR CONSTRUCT.,A,13.64,True,Track A Defensive | Div 0.2% | Beta 0.00 | Tier WATCHLIST_CONFIRMED,CAUTION,False,WATCHLIST_CONFIRMED,66.0,19.0,10.0,0.21,0.0,0.0,True,1.0,False,False,2026-05-31,406,False
TARACHAND,TARA CHAND INFRA,A,12.48,True,Track A Defensive | Div 0.3% | Beta 0.00 | Tier WATCHLIST_CONFIRMED,CAUTION,False,WATCHLIST_CONFIRMED,66.0,14.0,8.0,0.35,0.0,0.0,True,1.0,False,False,2026-05-31,407,False
COLPAL,COLGATE-PALMOLIV,A,38.69,True,Track A Defensive | Div 2.7% | Beta 0.00 | Tier WATCHLIST_CONFIRMED,CAUTION,False,WATCHLIST_CONFIRMED,66.0,20.0,6.0,2.67,0.0,0.0,True,1.0,False,False,2026-05-31,408,False
CORDSCABLE,CORDS CABLE,A,16.05,True,Track A Defensive | Div 0.7% | Beta 0.00 | Tier STRONG,CAUTION,False,STRONG,66.0,15.0,13.0,0.65,0.0,0.0,True,1.0,False,False,2026-05-31,409,False
SHAKTIPUMP,SHAKTI PUMPS,A,14.0,True,Track A Defensive | Div 0.2% | Beta 0.00 | Tier STRONG,CAUTION,False,STRONG,66.0,20.0,8.0,0.2,0.0,0.0,True,1.0,False,False,2026-05-31,410,False
DHANUKA,DHANUKA AGRITECH,A,14.07,True,Track A Defensive | Div 0.2% | Beta 0.00 | Tier WATCHLIST_CONFIRMED,CAUTION,False,WATCHLIST_CONFIRMED,66.0,20.0,7.0,0.21,0.0,0.0,True,1.0,False,False,2026-05-31,411,False
KEI,KEI INDUSTRIES,A,9.45,True,Track A Defensive | Div 0.1% | Beta 0.00 | Tier WATCHLIST_CONFIRMED,CAUTION,False,WATCHLIST_CONFIRMED,66.0,13.0,15.0,0.09,0.0,0.0,True,1.0,False,False,2026-05-31,412,False
BOROSCI,BOROSIL SCIENTI.,A,8.0,True,Track A Defensive | Div 0.0% | Beta 0.00 | Tier STRONG,CAUTION,False,STRONG,66.0,12.0,12.0,0.0,0.0,0.0,True,1.0,False,False,2026-05-31,413,False
INDIGOPNTS,INDIGO PAINTS,A,15.19,True,Track A Defensive | Div 0.5% | Beta 0.00 | Tier STRONG,CAUTION,False,STRONG,66.0,17.0,12.0,0.47,0.0,0.0,True,1.0,False,False,2026-05-31,414,False
BLUESTARCO,BLUE STAR,A,17.19,True,Track A Defensive | Div 0.5% | Beta 0.00 | Tier STRONG,CAUTION,False,STRONG,66.0,20.0,12.0,0.52,0.0,0.0,True,1.0,False,False,2026-05-31,415,False
CDSL,C D S L,A,22.46,True,Track A Defensive | Div 1.1% | Beta 0.00 | Tier STRONG,CAUTION,False,STRONG,66.0,20.0,13.0,1.05,0.0,0.0,True,1.0,False,False,2026-05-31,416,False
WEBELSOLAR,WEBSOL ENERGY,A,12.0,True,Track A Defensive | Div 0.0% | Beta 0.00 | Tier WATCHLIST_CONFIRMED,CAUTION,False,WATCHLIST_CONFIRMED,66.0,20.0,14.0,0.0,0.0,0.0,False,1.0,False,False,2026-05-31,417,False
POKARNA,POKARNA,A,12.72,True,Track A Defensive | Div 0.1% | Beta 0.04 | Tier STRONG,CAUTION,False,STRONG,66.0,20.0,7.0,0.07,0.044,-28.81,True,2.13,False,False,2026-05-31,418,False
MUKANDLTD,MUKAND,A,21.79,True,Track A Defensive | Div 1.6% | Beta 0.13 | Tier WATCHLIST_EXTERNAL,CAUTION,False,WATCHLIST_EXTERNAL,66.0,8.0,5.0,1.58,0.131,-7.05,True,0.62,False,False,2026-05-31,419,False
SANDUMA,SANDUR MANGANESE,A,13.72,True,Track A Defensive | Div 0.2% | Beta 0.00 | Tier WATCHLIST_CONFIRMED,CAUTION,False,WATCHLIST_CONFIRMED,66.0,19.0,6.0,0.22,0.0,0.0,True,1.0,False,False,2026-05-31,420,False
ABINFRA,A B INFRABUILD,A,13.3,True,Track A Defensive | Div 0.0% | Beta -0.12 | Tier WATCHLIST_CONFIRMED,CAUTION,False,WATCHLIST_CONFIRMED,66.0,16.0,11.0,0.03,-0.12,-50.24,False,2.01,False,False,2026-05-31,421,False
AFFLE,AFFLE 3I,A,10.5,True,Track A Defensive | Div 0.0% | Beta -0.04 | Tier STRONG,CAUTION,False,STRONG,66.0,17.0,15.0,0.0,-0.035,-31.85,True,0.35,False,False,2026-05-31,422,False
ARROWGREEN,ARROW GREENTECH,A,22.4,True,Track A Defensive | Div 1.0% | Beta 0.07 | Tier STRONG,CAUTION,False,STRONG,66.0,20.0,8.0,1.04,0.075,-33.11,True,1.98,False,False,2026-05-31,423,False
IZMO,IZMO,A,10.0,True,Track A Defensive | Div 0.0% | Beta 0.00 | Tier STRONG,CAUTION,False,STRONG,66.0,16.0,10.0,0.0,0.0,0.0,True,1.0,False,False,2026-05-31,424,False
IVALUE,IVALUE INFOSOLUT,A,12.0,True,Track A Defensive | Div 0.0% | Beta 0.00 | Tier STRONG,CAUTION,False,STRONG,66.0,20.0,8.0,0.0,0.0,0.0,True,1.0,False,False,2026-05-31,425,False
IMFA,INDIAN METALS,A,21.98,True,Track A Defensive | Div 1.2% | Beta 0.00 | Tier WATCHLIST_EXTERNAL,CAUTION,False,WATCHLIST_EXTERNAL,66.0,16.0,4.0,1.2,0.0,0.0,False,1.0,False,False,2026-05-31,426,False
LAXMIDENTL,LAXMI DENTAL,A,10.5,True,Track A Defensive | Div 0.0% | Beta 0.00 | Tier WATCHLIST_CONFIRMED,CAUTION,False,WATCHLIST_CONFIRMED,66.0,17.0,10.0,0.0,0.0,0.0,True,1.0,False,False,2026-05-31,427,False
MBAPL,M B AGRO PROD.,A,12.11,True,Track A Defensive | Div 0.1% | Beta 0.00 | Tier WATCHLIST_CONFIRMED,CAUTION,False,WATCHLIST_CONFIRMED,66.0,18.0,6.0,0.11,0.0,0.0,True,1.0,False,False,2026-05-31,428,False
MGEL,MANGALAM GLOBAL,A,7.45,True,Track A Defensive | Div 0.1% | Beta 0.09 | Tier WATCHLIST_CONFIRMED,CAUTION,False,WATCHLIST_CONFIRMED,66.0,9.0,7.0,0.09,0.09,-16.62,True,3.58,False,False,2026-05-31,429,False
HAL,HIND.AERONAUTICS,A,22.0,True,Track A Defensive | Div 1.1% | Beta 0.00 | Tier WATCHLIST_CONFIRMED,CAUTION,False,WATCHLIST_CONFIRMED,66.0,19.0,13.0,1.05,0.0,0.0,True,1.0,False,False,2026-05-31,430,False
HEXT,HEXAWARE TECH.,A,38.72,True,Track A Defensive | Div 2.7% | Beta 0.00 | Tier STRONG,CAUTION,False,STRONG,66.0,20.0,11.0,2.67,0.0,0.0,True,1.0,False,False,2026-05-31,431,False
KROSS,KROSS LTD,A,8.0,True,Track A Defensive | Div 0.0% | Beta 0.00 | Tier WATCHLIST_CONFIRMED,CAUTION,False,WATCHLIST_CONFIRMED,65.0,12.0,11.0,0.0,0.0,0.0,True,1.0,False,False,2026-05-31,432,False
KRITIKA,KRITIKA WIRES,A,10.5,True,Track A Defensive | Div 0.0% | Beta 0.00 | Tier WATCHLIST_CONFIRMED,CAUTION,False,WATCHLIST_CONFIRMED,65.0,17.0,9.0,0.0,0.0,0.0,True,1.0,False,False,2026-05-31,433,False
SONACOMS,SONA BLW PRECIS.,A,16.3,True,Track A Defensive | Div 0.6% | Beta 0.00 | Tier STRONG,CAUTION,False,STRONG,65.0,16.0,15.0,0.63,0.0,0.0,True,1.0,False,False,2026-05-31,434,False
KOTYARK,KOTYARK INDUST.,A,12.71,True,Track A Defensive | Div 0.3% | Beta 0.00 | Tier WATCHLIST_CONFIRMED,CAUTION,False,WATCHLIST_CONFIRMED,65.0,16.0,12.0,0.27,0.0,0.0,True,1.0,False,False,2026-05-31,435,False
KRYSTAL,KRYSTAL INTEGRAT,A,12.19,True,Track A Defensive | Div 0.3% | Beta 0.00 | Tier WATCHLIST_CONFIRMED,CAUTION,False,WATCHLIST_CONFIRMED,65.0,15.0,10.0,0.27,0.0,0.0,True,1.0,False,False,2026-05-31,436,False
DJML,DJ MEDIAPRINT,A,9.25,True,Track A Defensive | Div 0.1% | Beta 0.00 | Tier WATCHLIST_CONFIRMED,CAUTION,False,WATCHLIST_CONFIRMED,65.0,12.0,6.0,0.12,0.0,0.0,True,1.0,False,False,2026-05-31,437,False
GRAVITA,GRAVITA INDIA,A,14.99,True,Track A Defensive | Div 0.5% | Beta 0.00 | Tier WATCHLIST_CONFIRMED,CAUTION,False,WATCHLIST_CONFIRMED,65.0,17.0,11.0,0.45,0.0,0.0,True,1.0,False,False,2026-05-31,438,False
VENUSPIPES,VENUS PIPES,A,13.03,True,Track A Defensive | Div 0.1% | Beta 0.00 | Tier STRONG,CAUTION,False,STRONG,65.0,20.0,10.0,0.1,0.0,0.0,True,1.0,False,False,2026-05-31,439,False
KAMDHENU,KAMDHENU,A,23.82,True,Track A Defensive | Div 1.2% | Beta 0.00 | Tier STRONG,CAUTION,False,STRONG,65.0,20.0,9.0,1.18,0.0,0.0,True,1.0,False,False,2026-05-31,440,False
SHANTIGEAR,SHANTHI GEARS,A,23.35,True,Track A Defensive | Div 1.1% | Beta 0.00 | Tier STRONG,CAUTION,False,STRONG,65.0,20.0,11.0,1.14,0.0,0.0,True,1.0,False,False,2026-05-31,441,False
CAMS,CAMS SERVICES,A,31.1,True,Track A Defensive | Div 1.9% | Beta 0.00 | Tier STRONG,CAUTION,False,STRONG,65.0,20.0,13.0,1.91,0.0,0.0,False,1.0,False,False,2026-05-31,442,False
ICRA,ICRA,A,23.41,True,Track A Defensive | Div 1.1% | Beta 0.00 | Tier STRONG,CAUTION,False,STRONG,65.0,20.0,10.0,1.14,0.0,0.0,True,1.0,False,False,2026-05-31,443,False
BOSCHLTD,BOSCH,A,28.74,True,Track A Defensive | Div 1.7% | Beta 0.00 | Tier STRONG,CAUTION,False,STRONG,65.0,20.0,12.0,1.67,0.0,0.0,True,1.0,False,False,2026-05-31,444,False
VMARCIND,V-MARC INDIA,A,9.5,True,Track A Defensive | Div 0.0% | Beta -0.07 | Tier STRONG,CAUTION,False,STRONG,65.0,15.0,11.0,0.0,-0.071,0.0,True,0.99,False,False,2026-05-31,445,False
STYRENIX,STYRENIX PERFOR.,A,27.67,True,Track A Defensive | Div 1.6% | Beta 0.00 | Tier WATCHLIST_CONFIRMED,CAUTION,False,WATCHLIST_CONFIRMED,65.0,20.0,5.0,1.57,0.0,0.0,True,1.0,False,False,2026-05-31,446,False
PITTIENG,PITTI ENGG.,A,11.93,True,Track A Defensive | Div 0.2% | Beta 0.05 | Tier STRONG,CAUTION,False,STRONG,65.0,16.0,8.0,0.19,0.046,-9.58,True,1.24,False,False,2026-05-31,447,False
RBZJEWEL,RBZ JEWELLERS LT,A,10.5,True,Track A Defensive | Div 0.0% | Beta 0.00 | Tier WATCHLIST_CONFIRMED,CAUTION,False,WATCHLIST_CONFIRMED,65.0,17.0,9.0,0.0,0.0,0.0,True,1.0,False,False,2026-05-31,448,False
PANAMAPET,PANAMA PETROCHEM,A,23.45,True,Track A Defensive | Div 1.1% | Beta 0.02 | Tier WATCHLIST_CONFIRMED,CAUTION,False,WATCHLIST_CONFIRMED,65.0,20.0,3.0,1.15,0.023,-10.19,True,3.46,False,False,2026-05-31,449,False
PETRONET,PETRONET LNG,A,50.43,True,Track A Defensive | Div 3.8% | Beta 0.01 | Tier WATCHLIST_CONFIRMED,CAUTION,False,WATCHLIST_CONFIRMED,65.0,20.0,6.0,3.84,0.009,-16.19,True,1.25,False,False,2026-05-31,450,False
UNITEDPOLY,UNITED POLYFAB,A,11.0,True,Track A Defensive | Div 0.0% | Beta -0.07 | Tier WATCHLIST_CONFIRMED,CAUTION,False,WATCHLIST_CONFIRMED,65.0,18.0,5.0,0.0,-0.069,-31.88,True,0.34,False,False,2026-05-31,451,False
SCI,S C I,A,46.63,True,Track A Defensive | Div 4.1% | Beta 0.00 | Tier WATCHLIST_CONFIRMED,CAUTION,False,WATCHLIST_CONFIRMED,65.0,8.0,7.0,4.06,0.0,0.0,True,1.0,False,False,2026-05-31,452,False
SBC,SBC EXPORTS,A,9.5,True,Track A Defensive | Div 0.0% | Beta 0.00 | Tier WATCHLIST_CONFIRMED,CAUTION,False,WATCHLIST_CONFIRMED,65.0,15.0,8.0,0.0,0.0,0.0,True,1.0,False,False,2026-05-31,453,False
SSDL,SARASWATI SAREE,A,76.82,True,Track A Defensive | Div 6.5% | Beta 0.00 | Tier WATCHLIST_CONFIRMED,CAUTION,False,WATCHLIST_CONFIRMED,65.0,19.0,6.0,6.53,0.0,0.0,True,1.0,False,False,2026-05-31,454,False
SURAKSHA,SURAKSHA DIAGNO.,A,10.5,True,Track A Defensive | Div 0.0% | Beta 0.00 | Tier STRONG,CAUTION,False,STRONG,65.0,17.0,11.0,0.0,0.001,-18.33,True,0.44,False,False,2026-05-31,455,False
SIGMA,SIGMA SOLVE,A,13.23,True,Track A Defensive | Div 0.1% | Beta 0.00 | Tier STRONG,CAUTION,False,STRONG,65.0,20.0,8.0,0.12,0.0,0.0,True,1.0,False,False,2026-05-31,456,False
CAMPUS,CAMPUS ACTIVEWE.,A,16.43,True,Track A Defensive | Div 0.4% | Beta 0.00 | Tier STRONG,CAUTION,False,STRONG,65.0,20.0,11.0,0.44,0.0,0.0,True,1.0,False,False,2026-05-31,457,False
ALLTIME,ALL TIME PLASTIC,A,12.0,True,Track A Defensive | Div 0.0% | Beta -0.02 | Tier STRONG,CAUTION,False,STRONG,65.0,20.0,9.0,0.0,-0.02,-32.57,True,0.87,False,False,2026-05-31,458,False
AARTIIND,AARTI INDUSTRIES,A,9.39,True,Track A Defensive | Div 0.2% | Beta -0.11 | Tier WATCHLIST_CONFIRMED,CAUTION,False,WATCHLIST_CONFIRMED,65.0,4.0,12.0,0.24,-0.108,-7.43,True,0.79,False,False,2026-05-31,459,False
BECTORFOOD,MRS BECTORS,A,16.57,True,Track A Defensive | Div 0.7% | Beta 0.00 | Tier WATCHLIST_CONFIRMED,CAUTION,False,WATCHLIST_CONFIRMED,65.0,16.0,13.0,0.66,0.0,0.0,False,1.0,False,False,2026-05-31,460,False
BHARTIHEXA,BHARTI HEXACOM,A,17.28,True,Track A Defensive | Div 0.6% | Beta 0.00 | Tier WATCHLIST_CONFIRMED,CAUTION,False,WATCHLIST_CONFIRMED,65.0,18.0,11.0,0.63,0.0,0.0,True,1.0,False,False,2026-05-31,461,False
BAIDFIN,BAID FINSERV,A,11.0,True,Track A Defensive | Div 0.9% | Beta 0.00 | Tier WATCHLIST_EXTERNAL,CAUTION,False,WATCHLIST_EXTERNAL,65.0,0.0,10.0,0.9,0.0,0.0,True,1.0,False,False,2026-05-31,462,False
ATGL,ADANI TOTAL GAS,A,10.95,True,Track A Defensive | Div 0.1% | Beta 0.00 | Tier WATCHLIST_CONFIRMED,CAUTION,False,WATCHLIST_CONFIRMED,65.0,17.0,10.0,0.05,0.0,0.0,True,1.0,False,False,2026-05-31,463,False
ASTRAMICRO,ASTRA MICROWAVE,A,12.93,True,Track A Defensive | Div 0.2% | Beta 0.00 | Tier WATCHLIST_CONFIRMED,CAUTION,False,WATCHLIST_CONFIRMED,65.0,17.0,11.0,0.24,0.0,0.0,True,1.0,False,False,2026-05-31,464,False
INDIASHLTR,INDIA SHELTE FIN,A,9.63,True,Track A Defensive | Div 0.7% | Beta 0.00 | Tier WATCHLIST_EXTERNAL,CAUTION,False,WATCHLIST_EXTERNAL,65.0,1.0,12.0,0.71,0.0,0.0,True,1.0,False,False,2026-05-31,465,False
LTTS,L&T TECHNOLOGY,A,29.17,True,Track A Defensive | Div 1.7% | Beta 0.00 | Tier STRONG,CAUTION,False,STRONG,65.0,20.0,8.0,1.72,0.0,0.0,True,1.0,False,False,2026-05-31,466,False
MAHLOG,MAHINDRA LOGIS.,A,6.0,True,Track A Defensive | Div 0.0% | Beta 0.00 | Tier WATCHLIST_CONFIRMED,CAUTION,False,WATCHLIST_CONFIRMED,65.0,8.0,10.0,0.0,0.0,0.0,True,1.0,False,False,2026-05-31,467,False
ICICIGI,ICICI LOMBARD,A,15.52,True,Track A Defensive | Div 0.8% | Beta -0.13 | Tier WATCHLIST_CONFIRMED,CAUTION,False,WATCHLIST_CONFIRMED,65.0,6.0,10.0,0.75,-0.13,-12.87,True,1.79,False,False,2026-05-31,468,False
HGM,HANDSON GLOBAL,A,8.5,True,Track A Defensive | Div 0.0% | Beta 0.00 | Tier WATCHLIST_CONFIRMED,CAUTION,False,WATCHLIST_CONFIRMED,65.0,13.0,12.0,0.0,0.0,0.0,True,1.0,False,False,2026-05-31,469,False
BHARATSE,BHARAT SEATS,A,17.4,True,Track A Defensive | Div 0.7% | Beta 0.00 | Tier STRONG,CAUTION,False,STRONG,64.0,17.0,10.0,0.69,0.0,0.0,True,1.0,False,False,2026-05-31,470,False
UTLSOLAR,FUJIYAMA POWER,A,12.0,True,Track A Defensive | Div 0.0% | Beta 0.00 | Tier WATCHLIST_CONFIRMED,CAUTION,False,WATCHLIST_CONFIRMED,64.0,20.0,11.0,0.0,0.0,0.0,True,1.0,False,False,2026-05-31,471,False
COROMANDEL,COROMANDEL INTER,A,18.12,True,Track A Defensive | Div 0.6% | Beta 0.00 | Tier WATCHLIST_CONFIRMED,CAUTION,False,WATCHLIST_CONFIRMED,64.0,20.0,7.0,0.61,0.0,0.0,True,1.0,False,False,2026-05-31,472,False
JARO,JARO INSTITUTE,A,11.5,True,Track A Defensive | Div 0.0% | Beta 0.00 | Tier WATCHLIST_CONFIRMED,CAUTION,False,WATCHLIST_CONFIRMED,64.0,19.0,6.0,0.0,0.0,0.0,True,1.0,False,False,2026-05-31,473,False
JUSTDIAL,JUST DIAL,A,10.5,True,Track A Defensive | Div 0.0% | Beta 0.00 | Tier WATCHLIST_CONFIRMED,CAUTION,False,WATCHLIST_CONFIRMED,64.0,17.0,12.0,0.0,0.0,0.0,True,1.0,False,False,2026-05-31,474,False
BELLACASA,BELLA CASA FASHI,A,17.52,True,Track A Defensive | Div 0.8% | Beta 0.00 | Tier WATCHLIST_CONFIRMED,CAUTION,False,WATCHLIST_CONFIRMED,64.0,16.0,4.0,0.75,0.0,0.0,True,1.0,False,False,2026-05-31,475,False
LUPIN,LUPIN,A,17.17,True,Track A Defensive | Div 0.5% | Beta 0.00 | Tier STRONG,CAUTION,False,STRONG,64.0,20.0,7.0,0.52,0.0,0.0,True,1.0,False,False,2026-05-31,476,False
MODISONLTD,MODISON,A,55.8,True,Track A Defensive | Div 4.8% | Beta 0.12 | Tier WATCHLIST_CONFIRMED,CAUTION,False,WATCHLIST_CONFIRMED,64.0,12.0,11.0,4.78,0.123,0.0,True,5.19,False,False,2026-05-31,477,False
LLOYDSENGG,LLOYDS ENGINEERI,A,17.04,True,Track A Defensive | Div 0.6% | Beta 0.00 | Tier WATCHLIST_CONFIRMED,CAUTION,False,WATCHLIST_CONFIRMED,64.0,18.0,9.0,0.6,0.0,0.0,True,1.0,False,False,2026-05-31,478,False
SAATVIKGL,SAATVIK GREEN,A,12.0,True,Track A Defensive | Div 0.0% | Beta 0.00 | Tier WATCHLIST_CONFIRMED,CAUTION,False,WATCHLIST_CONFIRMED,64.0,20.0,11.0,0.0,0.0,0.0,True,1.0,False,False,2026-05-31,479,False
YATHARTH,YATHARTH HOSPIT.,A,7.5,True,Track A Defensive | Div 0.0% | Beta 0.00 | Tier STRONG,CAUTION,False,STRONG,64.0,11.0,15.0,0.0,0.0,0.0,True,1.0,False,False,2026-05-31,480,False
MANYAVAR,VEDANT FASHIONS,A,34.22,True,Track A Defensive | Div 2.2% | Beta 0.00 | Tier WATCHLIST_CONFIRMED,CAUTION,False,WATCHLIST_CONFIRMED,64.0,20.0,7.0,2.22,0.0,0.0,True,1.0,False,False,2026-05-31,481,False
ENDURANCE,ENDURANCE TECH.,A,14.85,True,Track A Defensive | Div 0.4% | Beta 0.00 | Tier STRONG,CAUTION,False,STRONG,64.0,17.0,13.0,0.44,0.0,0.0,True,1.0,False,False,2026-05-31,482,False
HYUNDAI,HYUNDAI MOTOR I,A,22.64,True,Track A Defensive | Div 1.1% | Beta 0.00 | Tier STRONG,CAUTION,False,STRONG,64.0,20.0,11.0,1.06,0.0,0.0,True,1.0,False,False,2026-05-31,483,False
EICHERMOT,EICHER MOTORS,A,22.23,True,Track A Defensive | Div 1.0% | Beta 0.00 | Tier STRONG,CAUTION,False,STRONG,64.0,20.0,12.0,1.02,0.0,0.0,True,1.0,False,False,2026-05-31,484,False
NEWGEN,NEWGEN SOFTWARE,A,23.23,True,Track A Defensive | Div 1.1% | Beta 0.08 | Tier STRONG,CAUTION,False,STRONG,64.0,20.0,13.0,1.12,0.079,-64.04,True,0.73,False,False,2026-05-31,485,False
NEWGEN,NEWGEN SOFTWARE,B,44.8,False,Track B Deep Value | Down 64% from high | Missing: Vol surge 0.7× (need 1.5×); No insider buy in 60d,CAUTION,False,STRONG,64.0,20.0,13.0,1.12,0.079,-64.04,True,0.73,False,False,2026-05-31,4,True
PASUPTAC,PASUPATI ACRYLON,A,5.5,True,Track A Defensive | Div 0.0% | Beta -0.01 | Tier WATCHLIST_CONFIRMED,CAUTION,False,WATCHLIST_CONFIRMED,64.0,7.0,8.0,0.0,-0.007,-3.36,True,3.02,False,False,2026-05-31,486,False
OFSS,ORACLE FIN.SERV.,A,71.91,True,Track A Defensive | Div 6.0% | Beta 0.01 | Tier STRONG,CAUTION,False,STRONG,64.0,20.0,10.0,5.99,0.008,-3.26,True,1.77,False,False,2026-05-31,487,False
VADILALIND,VADILAL INDS.,A,16.57,True,Track A Defensive | Div 0.5% | Beta 0.00 | Tier WATCHLIST_CONFIRMED,CAUTION,False,WATCHLIST_CONFIRMED,64.0,20.0,8.0,0.46,0.0,0.0,True,1.0,False,False,2026-05-31,488,False
VBL,VARUN BEVERAGES,A,15.23,True,Track A Defensive | Div 0.4% | Beta 0.00 | Tier WATCHLIST_CONFIRMED,CAUTION,False,WATCHLIST_CONFIRMED,64.0,19.0,11.0,0.37,0.0,0.0,True,1.0,False,False,2026-05-31,489,False
TINNARUBR,TINNA RUBBER,A,18.38,True,Track A Defensive | Div 0.6% | Beta 0.02 | Tier STRONG,CAUTION,False,STRONG,64.0,20.0,11.0,0.64,0.02,-25.81,True,0.74,False,False,2026-05-31,490,False
TFCILTD,TOUR. FIN. CORP.,A,11.65,True,Track A Defensive | Div 0.9% | Beta -0.01 | Tier WATCHLIST_EXTERNAL,CAUTION,False,WATCHLIST_EXTERNAL,64.0,1.0,10.0,0.92,-0.011,-12.71,True,1.07,False,False,2026-05-31,491,False
SPECTRUM,SPECTRUM ELECTR.,A,8.5,True,Track A Defensive | Div 0.0% | Beta 0.00 | Tier WATCHLIST_CONFIRMED,CAUTION,False,WATCHLIST_CONFIRMED,64.0,13.0,11.0,0.0,0.0,0.0,True,1.0,False,False,2026-05-31,492,False
SONATSOFTW,SONATA SOFTWARE,A,41.12,True,Track A Defensive | Div 2.9% | Beta 0.00 | Tier STRONG,CAUTION,False,STRONG,64.0,20.0,12.0,2.91,0.0,0.0,True,1.0,False,False,2026-05-31,493,False
CONCOR,CONTAINER CORPN.,A,30.47,True,Track A Defensive | Div 2.0% | Beta 0.00 | Tier WATCHLIST_CONFIRMED,CAUTION,False,WATCHLIST_CONFIRMED,64.0,16.0,6.0,2.05,0.0,0.0,True,1.0,False,False,2026-05-31,494,False
ANGELONE,ANGEL ONE,A,23.43,True,Track A Defensive | Div 1.6% | Beta 0.07 | Tier WATCHLIST_CONFIRMED,CAUTION,False,WATCHLIST_CONFIRMED,64.0,11.0,15.0,1.59,0.067,-2.64,True,0.79,False,False,2026-05-31,495,False
APOLLO,APOLLO MICRO SYS,A,9.25,True,Track A Defensive | Div 0.1% | Beta 0.07 | Tier WATCHLIST_CONFIRMED,CAUTION,False,WATCHLIST_CONFIRMED,64.0,12.0,15.0,0.12,0.069,-2.12,True,1.48,False,False,2026-05-31,496,False
INDIANB,INDIAN BANK,A,21.32,True,Track A Defensive | Div 1.8% | Beta 0.07 | Tier WATCHLIST_CONFIRMED,CAUTION,False,WATCHLIST_CONFIRMED,64.0,2.0,12.0,1.83,0.07,-15.99,True,3.36,False,False,2026-05-31,497,False
MAWANASUG,MAWANA SUGARS,A,22.16,True,Track A Defensive | Div 1.2% | Beta -0.02 | Tier WATCHLIST_CONFIRMED,CAUTION,False,WATCHLIST_CONFIRMED,64.0,16.0,6.0,1.22,-0.023,-18.3,True,0.38,False,False,2026-05-31,498,False
MENONBE,MENON BEARINGS,A,28.77,True,Track A Defensive | Div 1.7% | Beta 0.03 | Tier STRONG,CAUTION,False,STRONG,64.0,20.0,7.0,1.68,0.027,-3.61,True,0.42,False,False,2026-05-31,499,False
MEDICO,MEDICO REMEDIES,A,11.5,True,Track A Defensive | Div 0.0% | Beta -0.02 | Tier STRONG,CAUTION,False,STRONG,64.0,19.0,12.0,0.0,-0.021,-14.65,True,1.63,False,False,2026-05-31,500,False
KAPSTON,KAPSTON SERVICES,A,8.0,True,Track A Defensive | Div 0.0% | Beta 0.00 | Tier WATCHLIST_CONFIRMED,CAUTION,False,WATCHLIST_CONFIRMED,64.0,12.0,12.0,0.0,0.0,0.0,True,1.0,False,False,2026-05-31,501,False
KSL,KALYANI STEELS,A,27.07,True,Track A Defensive | Div 1.5% | Beta 0.00 | Tier STRONG,CAUTION,False,STRONG,64.0,20.0,7.0,1.51,0.0,0.0,True,1.0,False,False,2026-05-31,502,False
SOMICONVEY,SOMI CONV.BELT.,A,6.0,True,Track A Defensive | Div 0.0% | Beta 0.00 | Tier WATCHLIST_CONFIRMED,CAUTION,False,WATCHLIST_CONFIRMED,63.0,8.0,14.0,0.0,0.0,0.0,True,1.0,False,False,2026-05-31,503,False
FOSECOIND,FOSECO INDIA,A,12.8,True,Track A Defensive | Div 0.5% | Beta 0.00 | Tier WATCHLIST_CONFIRMED,CAUTION,False,WATCHLIST_CONFIRMED,63.0,12.0,11.0,0.48,0.0,0.0,True,1.0,False,False,2026-05-31,504,False
ANTHEM,ANTHEM BIOSCIENC,A,12.0,True,Track A Defensive | Div 0.0% | Beta 0.03 | Tier STRONG,CAUTION,False,STRONG,63.0,20.0,6.0,0.0,0.03,-12.09,True,2.21,False,False,2026-05-31,505,False
TIRUPATIFL,TIRUPATI FORGE,A,10.5,True,Track A Defensive | Div 0.0% | Beta -0.12 | Tier WATCHLIST_CONFIRMED,CAUTION,False,WATCHLIST_CONFIRMED,63.0,11.0,11.0,0.0,-0.121,-8.82,True,1.36,False,False,2026-05-31,506,False
JINDALSAW,JINDAL SAW,A,20.82,True,Track A Defensive | Div 1.0% | Beta 0.00 | Tier WATCHLIST_CONFIRMED,CAUTION,False,WATCHLIST_CONFIRMED,63.0,17.0,12.0,1.03,0.0,0.0,True,1.0,False,False,2026-05-31,507,False
UNIVASTU,UNIVASTU INDIA,A,10.5,True,Track A Defensive | Div 0.0% | Beta 0.00 | Tier WATCHLIST_CONFIRMED,CAUTION,False,WATCHLIST_CONFIRMED,63.0,17.0,6.0,0.0,0.0,0.0,True,1.0,False,False,2026-05-31,508,False
ASHIANA,ASHIANA HOUSING,A,11.72,True,Track A Defensive | Div 0.8% | Beta -0.08 | Tier WATCHLIST_CONFIRMED,CAUTION,False,WATCHLIST_CONFIRMED,63.0,3.0,10.0,0.82,-0.081,-4.05,True,1.89,False,False,2026-05-31,509,False
DATAPATTNS,DATA PATTERN,A,10.44,True,Track A Defensive | Div 0.2% | Beta 0.00 | Tier WATCHLIST_CONFIRMED,CAUTION,False,WATCHLIST_CONFIRMED,63.0,12.0,12.0,0.24,0.0,0.0,True,1.0,False,False,2026-05-31,510,False
CHAMBLFERT,CHAMBAL FERT.,A,35.27,True,Track A Defensive | Div 2.3% | Beta 0.00 | Tier WATCHLIST_CONFIRMED,CAUTION,False,WATCHLIST_CONFIRMED,63.0,20.0,3.0,2.33,0.0,0.0,True,1.0,False,False,2026-05-31,511,False
EMIL,ELECTRONICS MART,A,7.5,True,Track A Defensive | Div 0.0% | Beta 0.00 | Tier WATCHLIST_CONFIRMED,CAUTION,False,WATCHLIST_CONFIRMED,63.0,11.0,14.0,0.0,0.0,0.0,True,1.0,False,False,2026-05-31,512,False
INA,INSOLATION ENER,A,11.5,True,Track A Defensive | Div 0.0% | Beta 0.00 | Tier WATCHLIST_CONFIRMED,CAUTION,False,WATCHLIST_CONFIRMED,63.0,19.0,8.0,0.0,0.0,0.0,True,1.0,False,False,2026-05-31,513,False
HONASA,HONASA CONSUMER,A,8.0,True,Track A Defensive | Div 0.0% | Beta 0.00 | Tier WATCHLIST_CONFIRMED,CAUTION,False,WATCHLIST_CONFIRMED,63.0,12.0,13.0,0.0,0.0,0.0,True,1.0,False,False,2026-05-31,514,False
MEDPLUS,MEDPLUS HEALTH,A,6.0,True,Track A Defensive | Div 0.0% | Beta 0.02 | Tier WATCHLIST_CONFIRMED,CAUTION,False,WATCHLIST_CONFIRMED,63.0,8.0,15.0,0.0,0.017,-7.9,True,0.88,False,False,2026-05-31,515,False
CARRARO,CARRARO INDIA,A,22.33,True,Track A Defensive | Div 1.0% | Beta 0.00 | Tier STRONG,CAUTION,False,STRONG,63.0,20.0,6.0,1.03,0.0,0.0,True,1.0,False,False,2026-05-31,516,False
HPL,HPL ELECTRIC,A,11.49,True,Track A Defensive | Div 0.3% | Beta 0.00 | Tier STRONG,CAUTION,False,STRONG,63.0,12.0,13.0,0.35,0.0,0.0,True,1.0,False,False,2026-05-31,517,False
RACLGEAR,RACL GEARTECH,A,10.0,True,Track A Defensive | Div 0.0% | Beta 0.00 | Tier STRONG,CAUTION,False,STRONG,63.0,16.0,7.0,0.0,0.0,0.0,True,1.0,False,False,2026-05-31,518,False
RAMRAT,RAM RATNA WIRES,A,14.52,True,Track A Defensive | Div 0.4% | Beta 0.00 | Tier WATCHLIST_CONFIRMED,CAUTION,False,WATCHLIST_CONFIRMED,63.0,17.0,10.0,0.4,0.0,0.0,True,1.0,False,False,2026-05-31,519,False
MOLDTECH,MOLD-TEK TECHNOL,A,18.21,True,Track A Defensive | Div 0.8% | Beta 0.05 | Tier WATCHLIST_CONFIRMED,CAUTION,False,WATCHLIST_CONFIRMED,63.0,16.0,12.0,0.82,0.05,-42.59,True,0.52,False,False,2026-05-31,520,False
MOLDTECH,MOLD-TEK TECHNOL,B,44.099999999999994,False,Track B Deep Value | Down 43% from high | Missing: Vol surge 0.5× (need 1.5×); No insider buy in 60d,CAUTION,False,WATCHLIST_CONFIRMED,63.0,16.0,12.0,0.82,0.05,-42.59,True,0.52,False,False,2026-05-31,5,True
NBCC,NBCC,A,24.33,True,Track A Defensive | Div 1.3% | Beta 0.16 | Tier WATCHLIST_CONFIRMED,CAUTION,False,WATCHLIST_CONFIRMED,63.0,19.0,11.0,1.28,0.164,-21.59,True,1.86,False,False,2026-05-31,521,False
OIL,OIL INDIA,A,31.44,True,Track A Defensive | Div 2.5% | Beta 0.06 | Tier WATCHLIST_CONFIRMED,CAUTION,False,WATCHLIST_CONFIRMED,63.0,9.0,7.0,2.49,0.057,-8.13,True,0.76,False,False,2026-05-31,522,False
VGUARD,V-GUARD INDUSTRI,A,16.63,True,Track A Defensive | Div 0.5% | Beta 0.00 | Tier WATCHLIST_CONFIRMED,CAUTION,False,WATCHLIST_CONFIRMED,63.0,20.0,8.0,0.46,0.0,0.0,True,1.0,False,False,2026-05-31,523,False
TOLINS,TOLINS TYRES,A,8.0,True,Track A Defensive | Div 0.0% | Beta -0.08 | Tier WATCHLIST_CONFIRMED,CAUTION,False,WATCHLIST_CONFIRMED,63.0,12.0,14.0,0.0,-0.083,-45.07,True,4.04,False,False,2026-05-31,524,False
TOLINS,TOLINS TYRES,B,44.099999999999994,False,Track B Deep Value | Down 45% from high | Missing: No insider buy in 60d,CAUTION,False,WATCHLIST_CONFIRMED,63.0,12.0,14.0,0.0,-0.083,-45.07,True,4.04,False,False,2026-05-31,6,True
TMCV,TATA MOTORS,A,9.0,True,Track A Defensive | Div 0.0% | Beta -0.02 | Tier WATCHLIST_CONFIRMED,CAUTION,False,WATCHLIST_CONFIRMED,63.0,14.0,6.0,0.0,-0.017,-24.9,True,1.21,False,False,2026-05-31,525,False
TEMBO,TEMBO GLOBAL,A,16.5,True,Track A Defensive | Div 0.2% | Beta -0.17 | Tier WATCHLIST_CONFIRMED,CAUTION,False,WATCHLIST_CONFIRMED,63.0,19.0,6.0,0.2,-0.173,-25.72,True,1.32,False,False,2026-05-31,526,False
VSTIND,VST INDUSTRIES,A,54.65,True,Track A Defensive | Div 4.7% | Beta -0.06 | Tier WATCHLIST_CONFIRMED,CAUTION,False,WATCHLIST_CONFIRMED,63.0,12.0,7.0,4.66,-0.061,-16.36,True,0.94,False,False,2026-05-31,527,False
WELSPUNLIV,WELSPUN LIVING,A,25.11,True,Track A Defensive | Div 1.5% | Beta 0.00 | Tier WATCHLIST_CONFIRMED,CAUTION,False,WATCHLIST_CONFIRMED,63.0,16.0,6.0,1.51,0.0,0.0,True,1.0,False,False,2026-05-31,528,False
ZAGGLE,ZAGGLE PREPAID,A,6.0,True,Track A Defensive | Div 0.0% | Beta 0.00 | Tier WATCHLIST_CONFIRMED,CAUTION,False,WATCHLIST_CONFIRMED,63.0,8.0,15.0,0.0,0.0,0.0,True,1.0,False,False,2026-05-31,529,False
VINATIORGA,VINATI ORGANICS,A,16.9,True,Track A Defensive | Div 0.5% | Beta 0.00 | Tier WATCHLIST_CONFIRMED,CAUTION,False,WATCHLIST_CONFIRMED,63.0,19.0,6.0,0.54,0.0,0.0,True,1.0,False,False,2026-05-31,530,False
SARLAPOLY,SARLA PERFORMANC,A,47.08,True,Track A Defensive | Div 3.7% | Beta 0.00 | Tier WATCHLIST_CONFIRMED,CAUTION,False,WATCHLIST_CONFIRMED,63.0,17.0,5.0,3.66,0.0,0.0,True,1.0,False,False,2026-05-31,531,False
SPLPETRO,SUPREME PETROCH.,A,26.99,True,Track A Defensive | Div 1.5% | Beta 0.00 | Tier WATCHLIST_CONFIRMED,CAUTION,False,WATCHLIST_CONFIRMED,63.0,20.0,6.0,1.5,0.0,0.0,True,1.0,False,False,2026-05-31,532,False
DLF,DLF,A,18.98,True,Track A Defensive | Div 1.1% | Beta 0.00 | Tier WATCHLIST_CONFIRMED,CAUTION,False,WATCHLIST_CONFIRMED,63.0,12.0,11.0,1.1,0.0,0.0,True,1.0,False,False,2026-05-31,533,False
DEEPAKNTR,DEEPAK NITRITE,A,15.41,True,Track A Defensive | Div 0.5% | Beta 0.00 | Tier WATCHLIST_CONFIRMED,CAUTION,False,WATCHLIST_CONFIRMED,63.0,16.0,7.0,0.54,0.0,0.0,True,1.0,False,False,2026-05-31,534,False
BCPL,NAN,A,5.5,True,Track A Defensive | Div 0.0% | Beta -0.19 | Tier MONITOR,CAUTION,False,MONITOR,63.0,1.0,0.0,0.0,-0.194,-10.89,True,1.24,False,False,2026-05-31,535,False
IONEXCHANG,ION EXCHANGE,A,15.88,True,Track A Defensive | Div 0.4% | Beta 0.00 | Tier WATCHLIST_EXTERNAL,CAUTION,False,WATCHLIST_EXTERNAL,63.0,19.0,4.0,0.44,0.0,0.0,True,1.0,False,False,2026-05-31,536,False
GOKULAGRO,GOKUL AGRO,A,11.5,True,Track A Defensive | Div 0.0% | Beta 0.00 | Tier WATCHLIST_CONFIRMED,CAUTION,False,WATCHLIST_CONFIRMED,63.0,19.0,9.0,0.0,0.0,0.0,False,1.0,False,False,2026-05-31,537,False
GRAUWEIL,GRAUER & WEIL,A,12.0,True,Track A Defensive | Div 0.0% | Beta -0.09 | Tier WATCHLIST_CONFIRMED,CAUTION,False,WATCHLIST_CONFIRMED,63.0,20.0,5.0,0.0,-0.09,-39.72,True,4.72,False,False,2026-05-31,538,False
GOYALALUM,GOYAL ALUMINIUMS,A,7.5,True,Track A Defensive | Div 0.0% | Beta 0.00 | Tier WATCHLIST_CONFIRMED,CAUTION,False,WATCHLIST_CONFIRMED,63.0,11.0,9.0,0.0,0.0,0.0,True,1.0,False,False,2026-05-31,539,False
GRANULES,GRANULES INDIA,A,13.05,True,Track A Defensive | Div 0.2% | Beta 0.00 | Tier STRONG,CAUTION,False,STRONG,63.0,17.0,11.0,0.25,0.0,0.0,True,1.0,False,False,2026-05-31,540,False
TARIL,T R I L,A,12.71,True,Track A Defensive | Div 0.1% | Beta 0.00 | Tier WATCHLIST_CONFIRMED,CAUTION,False,WATCHLIST_CONFIRMED,62.0,20.0,10.0,0.07,0.0,0.0,True,1.0,False,False,2026-05-31,541,False
RITCO,RITCO LOGISTICS,A,8.0,True,Track A Defensive | Div 0.0% | Beta 0.00 | Tier WATCHLIST_CONFIRMED,CAUTION,False,WATCHLIST_CONFIRMED,62.0,12.0,7.0,0.0,0.0,0.0,True,1.0,False,False,2026-05-31,542,False
SHANTIGOLD,SHANTI GOLD,A,11.5,True,Track A Defensive | Div 0.0% | Beta 0.00 | Tier WATCHLIST_CONFIRMED,CAUTION,False,WATCHLIST_CONFIRMED,62.0,19.0,9.0,0.0,0.0,0.0,True,1.0,False,False,2026-05-31,543,False
KEC,KEC INTERNATIONAL,A,17.89,True,Track A Defensive | Div 1.0% | Beta 0.00 | Tier WATCHLIST_CONFIRMED,CAUTION,False,WATCHLIST_CONFIRMED,62.0,12.0,12.0,0.99,0.0,0.0,True,1.0,False,False,2026-05-31,544,False
CUBEXTUB,CUBEX TUBINGS,A,8.0,True,Track A Defensive | Div 0.0% | Beta 0.00 | Tier WATCHLIST_CONFIRMED,CAUTION,False,WATCHLIST_CONFIRMED,62.0,12.0,10.0,0.0,0.0,0.0,True,1.0,False,False,2026-05-31,545,False
BERGEPAINT,BERGER PAINTS,A,21.14,True,Track A Defensive | Div 0.9% | Beta 0.00 | Tier WATCHLIST_CONFIRMED,CAUTION,False,WATCHLIST_CONFIRMED,62.0,20.0,7.0,0.91,0.0,0.0,True,1.0,False,False,2026-05-31,546,False
ABSMARINE,ABS MARINE,A,5.0,True,Track A Defensive | Div 0.0% | Beta 0.09 | Tier WATCHLIST_CONFIRMED,CAUTION,False,WATCHLIST_CONFIRMED,62.0,6.0,11.0,0.0,0.085,-9.74,False,1.38,False,False,2026-05-31,547,False
MEDANTA,GLOBAL HEALTH,A,10.49,True,Track A Defensive | Div 0.1% | Beta 0.00 | Tier WATCHLIST_CONFIRMED,CAUTION,False,WATCHLIST_CONFIRMED,62.0,16.0,13.0,0.05,0.0,0.0,True,1.0,False,False,2026-05-31,548,False
20MICRONS,20 MICRONS,A,19.83,True,Track A Defensive | Div 0.8% | Beta -0.09 | Tier WATCHLIST_CONFIRMED,CAUTION,False,WATCHLIST_CONFIRMED,62.0,19.0,5.0,0.83,-0.087,-33.97,True,0.67,False,False,2026-05-31,549,False
MUFTI,CREDO BRANDS,A,50.58,True,Track A Defensive | Div 4.0% | Beta 0.01 | Tier WATCHLIST_CONFIRMED,CAUTION,False,WATCHLIST_CONFIRMED,62.0,17.0,8.0,4.01,0.01,-51.29,True,0.84,False,False,2026-05-31,550,False
MUFTI,CREDO BRANDS,B,43.4,False,Track B Deep Value | Down 51% from high | Missing: Vol surge 0.8× (need 1.5×); No insider buy in 60d,CAUTION,False,WATCHLIST_CONFIRMED,62.0,17.0,8.0,4.01,0.01,-51.29,True,0.84,False,False,2026-05-31,7,True
NARMADA,NARMADA AGROBASE,A,6.0,True,Track A Defensive | Div 0.0% | Beta 0.09 | Tier WATCHLIST_CONFIRMED,CAUTION,False,WATCHLIST_CONFIRMED,62.0,8.0,6.0,0.0,0.09,-1.04,True,0.9,False,False,2026-05-31,551,False
PARADEEP,PARADEEP PHOSPH.,A,19.26,True,Track A Defensive | Div 0.9% | Beta 0.14 | Tier WATCHLIST_CONFIRMED,CAUTION,False,WATCHLIST_CONFIRMED,62.0,17.0,10.0,0.88,0.136,-45.36,True,0.42,False,False,2026-05-31,552,False
PARADEEP,PARADEEP PHOSPH.,B,43.4,False,Track B Deep Value | Down 45% from high | Missing: Vol surge 0.4× (need 1.5×); No insider buy in 60d,CAUTION,False,WATCHLIST_CONFIRMED,62.0,17.0,10.0,0.88,0.136,-45.36,True,0.42,False,False,2026-05-31,8,True
TCIEXP,TCI EXPRESS,A,19.93,True,Track A Defensive | Div 1.0% | Beta 0.00 | Tier WATCHLIST_CONFIRMED,CAUTION,False,WATCHLIST_CONFIRMED,62.0,16.0,7.0,0.99,0.0,0.0,True,1.0,False,False,2026-05-31,553,False
TASTYBITE,TASTY BITE EAT.,A,8.3,True,Track A Defensive | Div 0.0% | Beta 0.00 | Tier WATCHLIST_CONFIRMED,CAUTION,False,WATCHLIST_CONFIRMED,62.0,12.0,11.0,0.03,0.0,0.0,True,1.0,False,False,2026-05-31,554,False
THOMASCOTT,THOMAS SCOTT,A,8.5,True,Track A Defensive | Div 0.0% | Beta 0.07 | Tier WATCHLIST_CONFIRMED,CAUTION,False,WATCHLIST_CONFIRMED,62.0,13.0,7.0,0.0,0.075,-31.71,True,2.5,False,False,2026-05-31,555,False
SHARDACROP,SHARDA CROPCHEM,A,19.73,True,Track A Defensive | Div 0.9% | Beta 0.00 | Tier WATCHLIST_CONFIRMED,CAUTION,False,WATCHLIST_CONFIRMED,62.0,17.0,7.0,0.92,0.0,0.0,True,1.0,False,False,2026-05-31,556,False
SHRIRAMFIN,SHRIRAM FINANCE,A,13.34,True,Track A Defensive | Div 1.1% | Beta 0.00 | Tier WATCHLIST_EXTERNAL,CAUTION,False,WATCHLIST_EXTERNAL,62.0,1.0,12.0,1.08,0.0,0.0,True,1.0,False,False,2026-05-31,557,False
SOUTHBANK,SOUTH IND.BANK,A,13.61,True,Track A Defensive | Div 1.1% | Beta 0.07 | Tier WATCHLIST_CONFIRMED,CAUTION,False,WATCHLIST_CONFIRMED,62.0,1.0,12.0,1.11,0.066,-9.88,True,0.73,False,False,2026-05-31,558,False
BPCL,B P C L,A,69.21,True,Track A Defensive | Div 6.1% | Beta 0.00 | Tier WATCHLIST_CONFIRMED,CAUTION,False,WATCHLIST_CONFIRMED,62.0,13.0,10.0,6.07,0.0,0.0,True,1.0,False,False,2026-05-31,559,False
AGARWALFT,AGARWAL FLOAT,A,9.5,True,Track A Defensive | Div 0.0% | Beta 0.00 | Tier WATCHLIST_CONFIRMED,CAUTION,False,WATCHLIST_CONFIRMED,62.0,15.0,8.0,0.0,0.0,0.0,True,1.0,False,False,2026-05-31,560,False
APTUS,APTUS VALUE HOU.,A,23.43,True,Track A Defensive | Div 2.1% | Beta 0.00 | Tier WATCHLIST_EXTERNAL,CAUTION,False,WATCHLIST_EXTERNAL,62.0,0.0,12.0,2.14,0.0,0.0,True,1.0,False,False,2026-05-31,561,False
ISGEC,ISGEC HEAVY,A,12.58,True,Track A Defensive | Div 0.6% | Beta 0.00 | Tier WATCHLIST_CONFIRMED,CAUTION,False,WATCHLIST_CONFIRMED,62.0,10.0,9.0,0.56,0.0,0.0,True,1.0,False,False,2026-05-31,562,False
JAYSREETEA,JAY SHREE TEA,A,13.29,True,Track A Defensive | Div 0.6% | Beta 0.00 | Tier WATCHLIST_CONFIRMED,CAUTION,False,WATCHLIST_CONFIRMED,62.0,11.0,10.0,0.58,0.0,0.0,True,1.0,False,False,2026-05-31,563,False
INDHOTEL,INDIAN HOTELS CO,A,12.14,True,Track A Defensive | Div 0.4% | Beta 0.00 | Tier WATCHLIST_CONFIRMED,CAUTION,False,WATCHLIST_CONFIRMED,62.0,13.0,13.0,0.36,0.0,0.0,True,1.0,False,False,2026-05-31,564,False
MARKOLINES,MARKOLINES PAVEM,A,8.5,True,Track A Defensive | Div 0.0% | Beta 0.00 | Tier WATCHLIST_CONFIRMED,CAUTION,False,WATCHLIST_CONFIRMED,62.0,13.0,8.0,0.0,0.0,0.0,True,1.0,False,False,2026-05-31,565,False
LTM,LTIMINDTREE,A,28.09,True,Track A Defensive | Div 1.6% | Beta 0.00 | Tier STRONG,CAUTION,False,STRONG,62.0,20.0,7.0,1.61,0.0,0.0,True,1.0,False,False,2026-05-31,566,False
MAHSEAMLES,MAH. SEAMLESS,A,28.23,True,Track A Defensive | Div 1.8% | Beta 0.00 | Tier WATCHLIST_CONFIRMED,CAUTION,False,WATCHLIST_CONFIRMED,62.0,17.0,7.0,1.77,0.0,0.0,True,1.0,False,False,2026-05-31,567,False
IDFCFIRSTB,IDFC FIRST BANK,A,6.95,True,Track A Defensive | Div 0.4% | Beta 0.06 | Tier WATCHLIST_CONFIRMED,CAUTION,False,WATCHLIST_CONFIRMED,62.0,2.0,15.0,0.39,0.055,-17.14,True,2.1,False,False,2026-05-31,568,False
FIBERWEB,FIBERWEB (INDIA),A,7.5,True,Track A Defensive | Div 0.0% | Beta 0.00 | Tier WATCHLIST_CONFIRMED,CAUTION,False,WATCHLIST_CONFIRMED,62.0,11.0,10.0,0.0,0.0,0.0,True,1.0,False,False,2026-05-31,569,False
EPL,EPL LTD,A,38.23,True,Track A Defensive | Div 2.6% | Beta 0.00 | Tier WATCHLIST_CONFIRMED,CAUTION,False,WATCHLIST_CONFIRMED,62.0,20.0,11.0,2.62,0.0,0.0,True,1.0,False,False,2026-05-31,570,False
HCLTECH,HCL TECHNOLOGIES,A,52.32,True,Track A Defensive | Div 4.0% | Beta 0.00 | Tier STRONG,CAUTION,False,STRONG,62.0,20.0,10.0,4.03,0.0,0.0,True,1.0,False,False,2026-05-31,571,False
HAVELLS,HAVELLS INDIA,A,19.71,True,Track A Defensive | Div 0.8% | Beta 0.00 | Tier WATCHLIST_CONFIRMED,CAUTION,False,WATCHLIST_CONFIRMED,62.0,20.0,8.0,0.77,0.0,0.0,True,1.0,False,False,2026-05-31,572,False
GENUSPOWER,GENUS POWER,A,19.99,True,Track A Defensive | Div 1.0% | Beta 0.00 | Tier WATCHLIST_CONFIRMED,CAUTION,False,WATCHLIST_CONFIRMED,62.0,16.0,12.0,1.0,0.0,0.0,True,1.0,False,False,2026-05-31,573,False
GROBTEA,GROB TEA CO,A,12.83,True,Track A Defensive | Div 0.3% | Beta 0.00 | Tier WATCHLIST_CONFIRMED,CAUTION,False,WATCHLIST_CONFIRMED,62.0,15.0,10.0,0.33,0.0,0.0,True,1.0,False,False,2026-05-31,574,False
SCHAEFFLER,SCHAEFFLER INDIA,A,18.85,True,Track A Defensive | Div 0.7% | Beta 0.00 | Tier STRONG,CAUTION,False,STRONG,61.0,20.0,10.0,0.68,0.0,0.0,True,1.0,False,False,2026-05-31,575,False
VEEDOL,VEEDOL CORPORAT,A,53.98,True,Track A Defensive | Div 4.2% | Beta 0.00 | Tier WATCHLIST_CONFIRMED,CAUTION,False,WATCHLIST_CONFIRMED,61.0,20.0,6.0,4.2,0.0,0.0,True,1.0,False,False,2026-05-31,576,False
RAJOOENG,RAJOO ENGINEERS,A,14.66,True,Track A Defensive | Div 0.3% | Beta 0.00 | Tier WATCHLIST_CONFIRMED,CAUTION,False,WATCHLIST_CONFIRMED,61.0,20.0,6.0,0.27,0.0,0.0,True,1.0,False,False,2026-05-31,577,False
NIITMTS,NIIT LEARNING,A,21.28,True,Track A Defensive | Div 1.0% | Beta 0.00 | Tier WATCHLIST_CONFIRMED,CAUTION,False,WATCHLIST_CONFIRMED,61.0,18.0,8.0,1.03,0.0,0.0,True,1.0,False,False,2026-05-31,578,False
KILITCH,KILITCH DRUGS,A,10.0,True,Track A Defensive | Div 0.0% | Beta 0.00 | Tier STRONG,CAUTION,False,STRONG,61.0,16.0,8.0,0.0,0.0,0.0,True,1.0,False,False,2026-05-31,579,False
SKFINDIA,SKF INDIA,A,21.34,True,Track A Defensive | Div 0.9% | Beta 0.00 | Tier WATCHLIST_CONFIRMED,CAUTION,False,WATCHLIST_CONFIRMED,61.0,20.0,2.0,0.93,0.0,0.0,True,1.0,False,False,2026-05-31,580,False
JYOTHYLAB,JYOTHY LABS,A,28.88,True,Track A Defensive | Div 1.7% | Beta 0.00 | Tier WATCHLIST_CONFIRMED,CAUTION,False,WATCHLIST_CONFIRMED,61.0,20.0,11.0,1.69,0.0,0.0,True,1.0,False,False,2026-05-31,581,False
SWARAJENG,SWARAJ ENGINES,A,41.28,True,Track A Defensive | Div 2.9% | Beta 0.00 | Tier WATCHLIST_CONFIRMED,CAUTION,False,WATCHLIST_CONFIRMED,61.0,20.0,7.0,2.93,0.0,0.0,True,1.0,False,False,2026-05-31,582,False
CARERATING,CARE RATINGS,A,24.22,True,Track A Defensive | Div 1.2% | Beta 0.00 | Tier STRONG,CAUTION,False,STRONG,61.0,20.0,9.0,1.22,0.0,0.0,True,1.0,False,False,2026-05-31,583,False
CELLECOR,CELLECOR GADGETS,A,9.5,True,Track A Defensive | Div 0.0% | Beta 0.20 | Tier WATCHLIST_CONFIRMED,CAUTION,False,WATCHLIST_CONFIRMED,61.0,15.0,10.0,0.0,0.203,-7.75,False,0.43,False,False,2026-05-31,584,False
WINDLAS,WINDLAS BIOTECH,A,18.0,True,Track A Defensive | Div 0.8% | Beta 0.00 | Tier STRONG,CAUTION,False,STRONG,61.0,16.0,12.0,0.8,0.0,0.0,True,1.0,False,False,2026-05-31,585,False
PTCIL,PTC INDUSTRIES,A,5.5,True,Track A Defensive | Div 0.0% | Beta 0.00 | Tier WATCHLIST_CONFIRMED,CAUTION,False,WATCHLIST_CONFIRMED,61.0,7.0,13.0,0.0,0.0,0.0,True,1.0,False,False,2026-05-31,586,False
ROTO,ROTO PUMPS,A,16.75,True,Track A Defensive | Div 0.5% | Beta 0.00 | Tier WATCHLIST_CONFIRMED,CAUTION,False,WATCHLIST_CONFIRMED,61.0,20.0,5.0,0.47,0.0,0.0,True,1.0,False,False,2026-05-31,587,False
NESTLEIND,NESTLE INDIA,A,21.12,True,Track A Defensive | Div 1.0% | Beta 0.00 | Tier WATCHLIST_CONFIRMED,CAUTION,False,WATCHLIST_CONFIRMED,61.0,18.0,8.0,1.01,0.0,0.0,True,1.0,False,False,2026-05-31,588,False
MTARTECH,MTAR TECHNOLOGIE,A,7.5,True,Track A Defensive | Div 0.0% | Beta 0.10 | Tier WATCHLIST_CONFIRMED,CAUTION,False,WATCHLIST_CONFIRMED,61.0,11.0,10.0,0.0,0.104,-2.43,True,0.63,False,False,2026-05-31,589,False
MSTCLTD,MSTC,A,97.82,True,Track A Defensive | Div 8.9% | Beta 0.08 | Tier WATCHLIST_CONFIRMED,CAUTION,False,WATCHLIST_CONFIRMED,61.0,14.0,9.0,8.88,0.08,-20.5,True,1.08,False,False,2026-05-31,590,False
NCC,NCC,A,25.54,True,Track A Defensive | Div 1.6% | Beta 0.08 | Tier WATCHLIST_CONFIRMED,CAUTION,False,WATCHLIST_CONFIRMED,61.0,16.0,8.0,1.55,0.076,-36.0,True,0.75,False,False,2026-05-31,591,False
TATAELXSI,TATA ELXSI,A,29.67,True,Track A Defensive | Div 1.8% | Beta 0.00 | Tier STRONG,CAUTION,False,STRONG,61.0,20.0,7.0,1.77,0.0,0.0,True,1.0,False,False,2026-05-31,592,False
VRAJ,VRAJ IRON,A,9.5,True,Track A Defensive | Div 0.0% | Beta 0.00 | Tier WATCHLIST_EXTERNAL,CAUTION,False,WATCHLIST_EXTERNAL,61.0,15.0,5.0,0.0,0.0,0.0,True,1.0,False,False,2026-05-31,593,False
WCIL,WESTERN CARRIERS,A,8.0,True,Track A Defensive | Div 0.0% | Beta 0.00 | Tier WATCHLIST_CONFIRMED,CAUTION,False,WATCHLIST_CONFIRMED,61.0,12.0,6.0,0.0,0.0,0.0,True,1.0,False,False,2026-05-31,594,False
VINCOFE,VINTAGE COFFEE,A,7.28,True,Track A Defensive | Div 0.1% | Beta 0.00 | Tier WATCHLIST_CONFIRMED,CAUTION,False,WATCHLIST_CONFIRMED,61.0,9.0,10.0,0.08,0.0,0.0,True,1.0,False,False,2026-05-31,595,False
SAHYADRI,SAHYADRI INDUSTR,A,12.15,True,Track A Defensive | Div 0.4% | Beta 0.00 | Tier WATCHLIST_CONFIRMED,CAUTION,False,WATCHLIST_CONFIRMED,61.0,12.0,7.0,0.41,0.0,0.0,True,1.0,False,False,2026-05-31,596,False
SUPRIYA,SUPRIYA LIFESCI.,A,11.69,True,Track A Defensive | Div 0.2% | Beta 0.34 | Tier STRONG,CAUTION,False,STRONG,61.0,20.0,5.0,0.17,0.341,0.0,True,4.26,False,False,2026-05-31,597,False
CGRAPHICS,CREATIVE GRAPHIC,A,9.5,True,Track A Defensive | Div 0.0% | Beta 0.06 | Tier WATCHLIST_CONFIRMED,CAUTION,False,WATCHLIST_CONFIRMED,61.0,15.0,10.0,0.0,0.063,-41.27,True,0.64,False,False,2026-05-31,598,False
CGRAPHICS,CREATIVE GRAPHIC,B,42.699999999999996,False,Track B Deep Value | Down 41% from high | Missing: Vol surge 0.6× (need 1.5×); No insider buy in 60d,CAUTION,False,WATCHLIST_CONFIRMED,61.0,15.0,10.0,0.0,0.063,-41.27,True,0.64,False,False,2026-05-31,9,True
BLSE,BLS E-SERVICES,A,17.16,True,Track A Defensive | Div 0.7% | Beta 0.00 | Tier WATCHLIST_CONFIRMED,CAUTION,False,WATCHLIST_CONFIRMED,61.0,16.0,10.0,0.72,0.0,0.0,True,1.0,False,False,2026-05-31,599,False
CENTEXT,CENTURY EXTRUS.,A,10.0,True,Track A Defensive | Div 0.0% | Beta 0.00 | Tier WATCHLIST_CONFIRMED,CAUTION,False,WATCHLIST_CONFIRMED,61.0,16.0,11.0,0.0,0.0,0.0,True,1.0,False,False,2026-05-31,600,False
DGCONTENT,DIGICONTENT,A,12.0,True,Track A Defensive | Div 0.0% | Beta 0.00 | Tier WATCHLIST_CONFIRMED,CAUTION,False,WATCHLIST_CONFIRMED,61.0,20.0,1.0,0.0,0.0,0.0,True,1.0,False,False,2026-05-31,601,False
AEROENTER,AEROFLEX ENTER.,A,12.6,True,Track A Defensive | Div 0.4% | Beta -0.01 | Tier WATCHLIST_CONFIRMED,CAUTION,False,WATCHLIST_CONFIRMED,61.0,13.0,11.0,0.41,-0.01,-14.36,True,0.56,False,False,2026-05-31,602,False
ATULAUTO,ATUL AUTO,A,8.0,True,Track A Defensive | Div 0.0% | Beta 0.00 | Tier WATCHLIST_CONFIRMED,CAUTION,False,WATCHLIST_CONFIRMED,61.0,12.0,7.0,0.0,0.0,0.0,True,1.0,False,False,2026-05-31,603,False
LINDEINDIA,LINDE INDIA,A,8.14,True,Track A Defensive | Div 0.1% | Beta 0.00 | Tier WATCHLIST_CONFIRMED,CAUTION,False,WATCHLIST_CONFIRMED,61.0,11.0,11.0,0.06,0.0,0.0,True,1.0,False,False,2026-05-31,604,False
KRISHIVAL,KRISHIVAL FOODS,A,9.21,True,Track A Defensive | Div 0.1% | Beta 0.00 | Tier WATCHLIST_CONFIRMED,CAUTION,False,WATCHLIST_CONFIRMED,61.0,13.0,8.0,0.07,0.0,0.0,True,1.0,False,False,2026-05-31,605,False
GAIL,GAIL (INDIA),A,62.25,True,Track A Defensive | Div 5.2% | Beta 0.00 | Tier WATCHLIST_CONFIRMED,CAUTION,False,WATCHLIST_CONFIRMED,61.0,17.0,8.0,5.17,0.0,0.0,True,1.0,False,False,2026-05-31,606,False
ESSENTIA,INTEGRA ESSENTIA,A,6.0,True,Track A Defensive | Div 0.0% | Beta 0.13 | Tier WATCHLIST_CONFIRMED,CAUTION,False,WATCHLIST_CONFIRMED,61.0,8.0,12.0,0.0,0.126,-30.08,True,0.68,False,False,2026-05-31,607,False
HDFCAMC,HDFC AMC,A,29.62,True,Track A Defensive | Div 1.9% | Beta 0.00 | Tier STRONG,CAUTION,False,STRONG,60.0,18.0,12.0,1.86,0.0,0.0,True,1.0,False,False,2026-05-31,608,False
RATNAVEER,RATNAVEER PRECIS,A,10.0,True,Track A Defensive | Div 0.0% | Beta 0.00 | Tier WATCHLIST_CONFIRMED,CAUTION,False,WATCHLIST_CONFIRMED,60.0,16.0,8.0,0.0,0.0,0.0,True,1.0,False,False,2026-05-31,609,False
SHILCTECH,SHILCHAR TECH.,A,12.0,True,Track A Defensive | Div 0.0% | Beta 0.00 | Tier WATCHLIST_CONFIRMED,CAUTION,False,WATCHLIST_CONFIRMED,60.0,20.0,11.0,0.0,0.0,0.0,True,1.0,False,False,2026-05-31,610,False
CGPOWER,CG POWER & IND,A,13.88,True,Track A Defensive | Div 0.2% | Beta 0.00 | Tier WATCHLIST_CONFIRMED,CAUTION,False,WATCHLIST_CONFIRMED,60.0,20.0,10.0,0.19,0.0,0.0,True,1.0,False,False,2026-05-31,611,False
SUPREMEPWR,SUPREME POWER,A,12.0,True,Track A Defensive | Div 0.0% | Beta -0.09 | Tier WATCHLIST_CONFIRMED,CAUTION,False,WATCHLIST_CONFIRMED,60.0,20.0,8.0,0.0,-0.091,-7.26,False,0.83,False,False,2026-05-31,612,False
MALLCOM,MALLCOM (INDIA),A,14.82,True,Track A Defensive | Div 0.3% | Beta 0.00 | Tier WATCHLIST_CONFIRMED,CAUTION,False,WATCHLIST_CONFIRMED,60.0,20.0,6.0,0.28,0.0,0.0,True,1.0,False,False,2026-05-31,613,False
EUROBOND,EURO PANEL,A,10.5,True,Track A Defensive | Div 0.0% | Beta 0.00 | Tier WATCHLIST_CONFIRMED,CAUTION,False,WATCHLIST_CONFIRMED,60.0,17.0,4.0,0.0,0.0,0.0,True,1.0,False,False,2026-05-31,614,False
HITECH,HI-TECH PIPES,A,6.33,True,Track A Defensive | Div 0.0% | Beta 0.00 | Tier WATCHLIST_CONFIRMED,CAUTION,False,WATCHLIST_CONFIRMED,60.0,8.0,15.0,0.03,0.0,0.0,True,1.0,False,False,2026-05-31,615,False
SAILIFE,SAI LIFE,A,9.0,True,Track A Defensive | Div 0.0% | Beta 0.00 | Tier STRONG,CAUTION,False,STRONG,60.0,14.0,14.0,0.0,0.0,0.0,True,1.0,False,False,2026-05-31,616,False
EPACKPEB,EPACK PREFABTECH,A,11.5,True,Track A Defensive | Div 0.0% | Beta 0.00 | Tier WATCHLIST_CONFIRMED,CAUTION,False,WATCHLIST_CONFIRMED,60.0,19.0,8.0,0.0,0.0,0.0,True,1.0,False,False,2026-05-31,617,False
RITES,RITES,A,49.45,True,Track A Defensive | Div 4.1% | Beta 0.00 | Tier WATCHLIST_CONFIRMED,CAUTION,False,WATCHLIST_CONFIRMED,60.0,13.0,11.0,4.1,0.0,0.0,True,1.0,False,False,2026-05-31,618,False
RHIM,RHI MAGNESITA,A,14.7,True,Track A Defensive | Div 0.7% | Beta 0.00 | Tier WATCHLIST_CONFIRMED,CAUTION,False,WATCHLIST_CONFIRMED,60.0,12.0,13.0,0.67,0.0,0.0,True,1.0,False,False,2026-05-31,619,False
NAVA,NAVA,A,24.79,True,Track A Defensive | Div 1.6% | Beta -0.00 | Tier WATCHLIST_CONFIRMED,CAUTION,False,WATCHLIST_CONFIRMED,60.0,13.0,6.0,1.63,-0.004,-18.87,True,0.51,False,False,2026-05-31,620,False
USHAMART,USHA MARTIN,A,19.44,True,Track A Defensive | Div 0.7% | Beta 0.00 | Tier WATCHLIST_CONFIRMED,CAUTION,False,WATCHLIST_CONFIRMED,60.0,20.0,1.0,0.74,0.0,0.0,True,1.0,False,False,2026-05-31,621,False
VASCONEQ,VASCON ENGINEERS,A,7.0,True,Track A Defensive | Div 0.0% | Beta 0.10 | Tier WATCHLIST_CONFIRMED,CAUTION,False,WATCHLIST_CONFIRMED,60.0,10.0,8.0,0.0,0.099,-52.48,True,0.56,False,False,2026-05-31,622,False
TNPETRO,T N PETRO PROD.,A,25.09,True,Track A Defensive | Div 1.5% | Beta -0.11 | Tier WATCHLIST_CONFIRMED,CAUTION,False,WATCHLIST_CONFIRMED,60.0,11.0,7.0,1.46,-0.107,-28.42,True,0.62,False,False,2026-05-31,623,False
TMB,T N MERC. BANK,A,21.94,True,Track A Defensive | Div 1.8% | Beta 0.13 | Tier WATCHLIST_CONFIRMED,CAUTION,False,WATCHLIST_CONFIRMED,60.0,4.0,7.0,1.79,0.132,-8.49,True,0.8,False,False,2026-05-31,624,False
TANLA,TANLA PLATFORMS,A,54.67,True,Track A Defensive | Div 4.3% | Beta 0.00 | Tier STRONG,CAUTION,False,STRONG,60.0,20.0,7.0,4.27,0.0,0.0,True,1.0,False,False,2026-05-31,625,False
TAC,TAC INFOSEC,A,11.5,True,Track A Defensive | Div 0.0% | Beta 0.03 | Tier STRONG,CAUTION,False,STRONG,60.0,19.0,11.0,0.0,0.028,-68.78,True,0.68,False,False,2026-05-31,626,False
TAC,TAC INFOSEC,B,42.0,False,Track B Deep Value | Down 69% from high | Missing: Vol surge 0.7× (need 1.5×); No insider buy in 60d,CAUTION,False,STRONG,60.0,19.0,11.0,0.0,0.028,-68.78,True,0.68,False,False,2026-05-31,10,True
ZENSARTECH,ZENSAR TECH.,A,35.08,True,Track A Defensive | Div 2.3% | Beta 0.00 | Tier STRONG,CAUTION,False,STRONG,60.0,20.0,11.0,2.31,0.0,0.0,True,1.0,False,False,2026-05-31,627,False
WSTCSTPAPR,WEST COAST PAPER,A,19.0,True,Track A Defensive | Div 1.1% | Beta 0.00 | Tier WATCHLIST_EXTERNAL,CAUTION,False,WATCHLIST_EXTERNAL,60.0,11.0,7.0,1.15,0.0,0.0,True,1.0,False,False,2026-05-31,628,False
VINYLINDIA,VINYL CHEMICALS,A,46.41,True,Track A Defensive | Div 3.6% | Beta 0.00 | Tier WATCHLIST_CONFIRMED,CAUTION,False,WATCHLIST_CONFIRMED,60.0,16.0,6.0,3.64,0.0,0.0,True,1.0,False,False,2026-05-31,629,False
SGMART,SG MART,A,8.0,True,Track A Defensive | Div 0.0% | Beta 0.00 | Tier WATCHLIST_CONFIRMED,CAUTION,False,WATCHLIST_CONFIRMED,60.0,12.0,6.0,0.0,0.0,0.0,True,1.0,False,False,2026-05-31,630,False
SHAREINDIA,SHARE INDIA SEC.,A,17.58,True,Track A Defensive | Div 0.9% | Beta 0.00 | Tier WATCHLIST_CONFIRMED,CAUTION,False,WATCHLIST_CONFIRMED,60.0,13.0,10.0,0.91,0.0,0.0,True,1.0,False,False,2026-05-31,631,False
SDBL,SOM DISTILLERIES,A,10.0,True,Track A Defensive | Div 0.0% | Beta 0.00 | Tier WATCHLIST_CONFIRMED,CAUTION,False,WATCHLIST_CONFIRMED,60.0,16.0,5.0,0.0,0.0,0.0,True,1.0,False,False,2026-05-31,632,False
STARPAPER,STAR PAPER MILLS,A,34.54,True,Track A Defensive | Div 2.6% | Beta 0.00 | Tier WATCHLIST_EXTERNAL,CAUTION,False,WATCHLIST_EXTERNAL,60.0,12.0,5.0,2.65,0.0,0.0,True,1.0,False,False,2026-05-31,633,False
SUPRAJIT,SUPRAJIT ENGG.,A,17.45,True,Track A Defensive | Div 0.8% | Beta -0.01 | Tier STRONG,CAUTION,False,STRONG,60.0,16.0,10.0,0.75,-0.013,-7.22,True,5.17,False,False,2026-05-31,634,False
SIYSIL,SIYARAM SILK,A,37.05,True,Track A Defensive | Div 2.5% | Beta 0.00 | Tier WATCHLIST_CONFIRMED,CAUTION,False,WATCHLIST_CONFIRMED,60.0,20.0,2.0,2.5,0.0,0.0,True,1.0,False,False,2026-05-31,635,False
DELHIVERY,DELHIVERY,A,6.0,True,Track A Defensive | Div 0.0% | Beta 0.00 | Tier WATCHLIST_CONFIRMED,CAUTION,False,WATCHLIST_CONFIRMED,60.0,8.0,11.0,0.0,0.0,0.0,True,1.0,False,False,2026-05-31,636,False
AURIONPRO,AURIONPRO SOL.,A,17.79,True,Track A Defensive | Div 0.7% | Beta 0.00 | Tier STRONG,CAUTION,False,STRONG,60.0,17.0,13.0,0.73,0.0,0.0,True,1.0,False,False,2026-05-31,637,False
IRB,IRB INFRA.DEVL.,A,12.77,True,Track A Defensive | Div 0.6% | Beta 0.00 | Tier WATCHLIST_CONFIRMED,CAUTION,False,WATCHLIST_CONFIRMED,60.0,10.0,11.0,0.58,0.0,0.0,True,1.0,False,False,2026-05-31,638,False
IIFLCAPS,IIFL CAPITAL,A,20.83,True,Track A Defensive | Div 1.1% | Beta 0.00 | Tier WATCHLIST_CONFIRMED,CAUTION,False,WATCHLIST_CONFIRMED,60.0,16.0,15.0,1.08,0.0,0.0,True,1.0,False,False,2026-05-31,639,False
LICI,LIFE INSURANCE,A,19.47,True,Track A Defensive | Div 1.6% | Beta 0.05 | Tier WATCHLIST_CONFIRMED,CAUTION,False,WATCHLIST_CONFIRMED,60.0,4.0,5.0,1.55,0.049,-14.31,True,1.48,False,False,2026-05-31,640,False
IEML,INDIAN EMULS,A,8.5,True,Track A Defensive | Div 0.0% | Beta 0.09 | Tier WATCHLIST_CONFIRMED,CAUTION,False,WATCHLIST_CONFIRMED,60.0,13.0,10.0,0.0,0.089,-78.26,True,2.21,False,False,2026-05-31,641,False
GANESHCP,GANESH CONSUMER,A,26.35,True,Track A Defensive | Div 1.4% | Beta 0.00 | Tier WATCHLIST_CONFIRMED,CAUTION,False,WATCHLIST_CONFIRMED,60.0,20.0,5.0,1.44,0.0,0.0,True,1.0,False,False,2026-05-31,642,False
FILATEX,FILATEX INDIA,A,14.23,True,Track A Defensive | Div 0.6% | Beta 0.00 | Tier WATCHLIST_CONFIRMED,CAUTION,False,WATCHLIST_CONFIRMED,60.0,12.0,6.0,0.62,0.0,0.0,True,1.0,False,False,2026-05-31,643,False
ELECTCAST,ELECTROST.CAST.,A,27.07,True,Track A Defensive | Div 1.9% | Beta 0.00 | Tier WATCHLIST_CONFIRMED,CAUTION,False,WATCHLIST_CONFIRMED,60.0,13.0,10.0,1.86,0.0,0.0,True,1.0,False,False,2026-05-31,644,False
GMDCLTD,G M D C,A,27.18,True,Track A Defensive | Div 1.8% | Beta 0.00 | Tier WATCHLIST_CONFIRMED,CAUTION,False,WATCHLIST_CONFIRMED,60.0,15.0,5.0,1.77,0.0,0.0,True,1.0,False,False,2026-05-31,645,False
GANECOS,GANESHA ECOSPHE.,A,11.22,True,Track A Defensive | Div 0.4% | Beta 0.00 | Tier WATCHLIST_CONFIRMED,CAUTION,False,WATCHLIST_CONFIRMED,59.0,11.0,6.0,0.37,0.0,0.0,True,1.0,False,False,2026-05-31,646,False
LALPATHLAB,DR LAL PATHLABS,A,21.44,True,Track A Defensive | Div 0.9% | Beta 0.00 | Tier WATCHLIST_CONFIRMED,CAUTION,False,WATCHLIST_CONFIRMED,59.0,20.0,7.0,0.94,0.0,0.0,True,1.0,False,False,2026-05-31,647,False
KSHINTL,KSH INTERNATIONA,A,9.5,True,Track A Defensive | Div 0.0% | Beta 0.00 | Tier WATCHLIST_CONFIRMED,CAUTION,False,WATCHLIST_CONFIRMED,59.0,15.0,6.0,0.0,0.0,0.0,True,1.0,False,False,2026-05-31,648,False
RMDRIP,R M DRIP & SPRIN,A,10.67,True,Track A Defensive | Div 0.1% | Beta 0.00 | Tier WATCHLIST_CONFIRMED,CAUTION,False,WATCHLIST_CONFIRMED,59.0,15.0,8.0,0.12,0.0,0.0,True,1.0,False,False,2026-05-31,649,False
GILLETTE,GILLETTE INDIA,A,25.5,True,Track A Defensive | Div 1.4% | Beta 0.00 | Tier WATCHLIST_CONFIRMED,CAUTION,False,WATCHLIST_CONFIRMED,59.0,20.0,2.0,1.35,0.0,0.0,True,1.0,False,False,2026-05-31,650,False
GOODLUCK,GOODLUCK INDIA,A,14.41,True,Track A Defensive | Div 0.4% | Beta 0.00 | Tier WATCHLIST_CONFIRMED,CAUTION,False,WATCHLIST_CONFIRMED,59.0,17.0,5.0,0.39,0.0,0.0,True,1.0,False,False,2026-05-31,651,False
ASIANPAINT,ASIAN PAINTS,A,23.29,True,Track A Defensive | Div 1.1% | Beta 0.00 | Tier WATCHLIST_CONFIRMED,CAUTION,False,WATCHLIST_CONFIRMED,59.0,20.0,7.0,1.13,0.0,0.0,True,1.0,False,False,2026-05-31,652,False
ABSLAMC,ADITYA AMC,A,37.54,True,Track A Defensive | Div 2.5% | Beta 0.06 | Tier STRONG,CAUTION,False,STRONG,59.0,20.0,7.0,2.55,0.057,-2.26,True,0.81,False,False,2026-05-31,653,False
HPAL,HP ADHESIVES,A,22.43,True,Track A Defensive | Div 1.3% | Beta 0.00 | Tier WATCHLIST_CONFIRMED,CAUTION,False,WATCHLIST_CONFIRMED,59.0,15.0,8.0,1.29,0.0,0.0,True,1.0,False,False,2026-05-31,654,False
SYNCOMF,SYNCOM FORMUL.,A,12.0,True,Track A Defensive | Div 0.0% | Beta 0.00 | Tier STRONG,CAUTION,False,STRONG,59.0,20.0,9.0,0.0,0.0,0.0,True,1.0,False,False,2026-05-31,655,False
PTC,PTC INDIA,A,79.0,True,Track A Defensive | Div 7.0% | Beta 0.00 | Tier WATCHLIST_EXTERNAL,CAUTION,False,WATCHLIST_EXTERNAL,59.0,13.0,11.0,7.05,0.0,0.0,True,1.0,False,False,2026-05-31,656,False
RADICO,RADICO KHAITAN,A,12.0,True,Track A Defensive | Div 0.1% | Beta 0.00 | Tier WATCHLIST_CONFIRMED,CAUTION,False,WATCHLIST_CONFIRMED,59.0,17.0,10.0,0.15,0.0,0.0,True,1.0,False,False,2026-05-31,657,False
REPRO,REPRO INDIA,A,6.0,True,Track A Defensive | Div 0.0% | Beta 0.00 | Tier WATCHLIST_CONFIRMED,CAUTION,False,WATCHLIST_CONFIRMED,59.0,8.0,8.0,0.0,0.0,0.0,True,1.0,False,False,2026-05-31,658,False
WIPRO,WIPRO,A,69.97,True,Track A Defensive | Div 5.8% | Beta 0.00 | Tier STRONG,CAUTION,False,STRONG,59.0,20.0,7.0,5.8,0.0,0.0,True,1.0,False,False,2026-05-31,659,False
WEIZMANIND,WEIZMANN,A,11.5,True,Track A Defensive | Div 0.0% | Beta 0.00 | Tier WATCHLIST_CONFIRMED,CAUTION,False,WATCHLIST_CONFIRMED,59.0,19.0,3.0,0.0,0.0,0.0,True,1.0,False,False,2026-05-31,660,False
BUTTERFLY,BUTTERFLY GAN AP,A,9.5,True,Track A Defensive | Div 0.0% | Beta 0.00 | Tier WATCHLIST_CONFIRMED,CAUTION,False,WATCHLIST_CONFIRMED,59.0,15.0,7.0,0.0,0.0,0.0,True,1.0,False,False,2026-05-31,661,False
DMCC,DMCC SPECIALITY,A,21.41,True,Track A Defensive | Div 1.1% | Beta 0.00 | Tier WATCHLIST_CONFIRMED,CAUTION,False,WATCHLIST_CONFIRMED,59.0,16.0,5.0,1.14,0.0,0.0,True,1.0,False,False,2026-05-31,662,False
EASEMYTRIP,EASY TRIP PLANN.,A,10.5,True,Track A Defensive | Div 0.0% | Beta 0.00 | Tier WATCHLIST_CONFIRMED,CAUTION,False,WATCHLIST_CONFIRMED,59.0,17.0,5.0,0.0,0.0,0.0,True,1.0,False,False,2026-05-31,663,False
AMBUJACEM,AMBUJA CEMENTS,A,12.2,True,Track A Defensive | Div 0.5% | Beta 0.10 | Tier WATCHLIST_CONFIRMED,CAUTION,False,WATCHLIST_CONFIRMED,59.0,11.0,10.0,0.47,0.101,-27.83,True,1.05,False,False,2026-05-31,664,False
AARTIPHARM,AARTI PHARMA,A,16.77,True,Track A Defensive | Div 0.8% | Beta -0.05 | Tier WATCHLIST_CONFIRMED,CAUTION,False,WATCHLIST_CONFIRMED,59.0,14.0,12.0,0.78,-0.052,-34.05,True,2.26,False,False,2026-05-31,665,False
ASTRAL,ASTRAL,A,14.29,True,Track A Defensive | Div 0.2% | Beta 0.00 | Tier WATCHLIST_CONFIRMED,CAUTION,False,WATCHLIST_CONFIRMED,59.0,20.0,6.0,0.23,0.0,0.0,True,1.0,False,False,2026-05-31,666,False
AWHCL,ANTONY WASTE HAN,A,8.0,True,Track A Defensive | Div 0.0% | Beta 0.00 | Tier WATCHLIST_EXTERNAL,CAUTION,False,WATCHLIST_EXTERNAL,59.0,12.0,7.0,0.0,0.0,0.0,True,1.0,False,False,2026-05-31,667,False
JTLIND,JTL INDUSTRIES,A,8.35,True,Track A Defensive | Div 0.2% | Beta 0.00 | Tier WATCHLIST_CONFIRMED,CAUTION,False,WATCHLIST_CONFIRMED,59.0,8.0,11.0,0.23,0.0,0.0,True,1.0,False,False,2026-05-31,668,False
INDOFARM,INDO FARM EQUIP.,A,6.0,True,Track A Defensive | Div 0.0% | Beta 0.00 | Tier WATCHLIST_CONFIRMED,CAUTION,False,WATCHLIST_CONFIRMED,59.0,8.0,9.0,0.0,0.0,0.0,True,1.0,False,False,2026-05-31,669,False
KRBL,KRBL,A,22.15,True,Track A Defensive | Div 1.2% | Beta 0.00 | Tier WATCHLIST_EXTERNAL,CAUTION,False,WATCHLIST_EXTERNAL,59.0,16.0,5.0,1.21,0.0,0.0,True,1.0,False,False,2026-05-31,670,False
GALAXYSURF,GALAXY SURFACT.,A,23.33,True,Track A Defensive | Div 1.3% | Beta 0.00 | Tier WATCHLIST_CONFIRMED,CAUTION,False,WATCHLIST_CONFIRMED,59.0,16.0,7.0,1.33,0.0,0.0,True,1.0,False,False,2026-05-31,671,False
HARSHA,HARSHA ENGG INTL,A,10.39,True,Track A Defensive | Div 0.3% | Beta 0.00 | Tier WATCHLIST_CONFIRMED,CAUTION,False,WATCHLIST_CONFIRMED,59.0,11.0,10.0,0.29,0.0,0.0,True,1.0,False,False,2026-05-31,672,False
GALAPREC,GALA PRECIS. ENG,A,9.5,True,Track A Defensive | Div 0.0% | Beta 0.00 | Tier WATCHLIST_CONFIRMED,CAUTION,False,WATCHLIST_CONFIRMED,58.0,15.0,11.0,0.0,0.0,0.0,True,1.0,False,False,2026-05-31,673,False
SOMATEX,SOMA TEXTILES,A,9.5,True,Track A Defensive | Div 0.0% | Beta 0.00 | Tier WATCHLIST_CONFIRMED,CAUTION,False,WATCHLIST_CONFIRMED,58.0,15.0,6.0,0.0,0.0,0.0,True,1.0,False,False,2026-05-31,674,False
RML,RANE (MADRAS),A,16.93,True,Track A Defensive | Div 1.1% | Beta 0.00 | Tier WATCHLIST_CONFIRMED,CAUTION,False,WATCHLIST_CONFIRMED,58.0,8.0,13.0,1.09,0.0,0.0,True,1.0,False,False,2026-05-31,675,False
RKEC,RKEC PROJECTS,A,7.0,True,Track A Defensive | Div 0.0% | Beta 0.00 | Tier WATCHLIST_CONFIRMED,CAUTION,False,WATCHLIST_CONFIRMED,58.0,10.0,11.0,0.0,0.0,0.0,True,1.0,False,False,2026-05-31,676,False
SIRCA,SIRCA PAINTS,A,13.44,True,Track A Defensive | Div 0.3% | Beta 0.00 | Tier WATCHLIST_CONFIRMED,CAUTION,False,WATCHLIST_CONFIRMED,58.0,16.0,10.0,0.34,0.0,0.0,True,1.0,False,False,2026-05-31,677,False
JAMNAAUTO,JAMNA AUTO INDS.,A,29.5,True,Track A Defensive | Div 1.8% | Beta 0.00 | Tier WATCHLIST_CONFIRMED,CAUTION,False,WATCHLIST_CONFIRMED,58.0,20.0,3.0,1.75,0.0,0.0,True,1.0,False,False,2026-05-31,678,False
JWL,JUPITER WAGONS,A,14.29,True,Track A Defensive | Div 0.4% | Beta 0.00 | Tier WATCHLIST_CONFIRMED,CAUTION,False,WATCHLIST_CONFIRMED,58.0,17.0,10.0,0.38,0.0,0.0,True,1.0,False,False,2026-05-31,679,False
SHREEJISPG,SHREEJI SHIP. GL,A,11.5,True,Track A Defensive | Div 0.0% | Beta 0.00 | Tier WATCHLIST_CONFIRMED,CAUTION,False,WATCHLIST_CONFIRMED,58.0,19.0,1.0,0.0,0.0,0.0,True,1.0,False,False,2026-05-31,680,False
VOLTAS,VOLTAS,A,13.69,True,Track A Defensive | Div 0.5% | Beta 0.00 | Tier WATCHLIST_CONFIRMED,CAUTION,False,WATCHLIST_CONFIRMED,58.0,13.0,11.0,0.52,0.0,0.0,True,1.0,False,False,2026-05-31,681,False
MCX,MULTI COMM. EXC.,A,14.46,True,Track A Defensive | Div 0.2% | Beta 0.00 | Tier STRONG,CAUTION,False,STRONG,58.0,20.0,8.0,0.25,0.0,0.0,True,1.0,False,False,2026-05-31,682,False
EUREKAFORB,EUREKA FORBES,A,8.0,True,Track A Defensive | Div 0.0% | Beta 0.00 | Tier WATCHLIST_CONFIRMED,CAUTION,False,WATCHLIST_CONFIRMED,58.0,12.0,12.0,0.0,0.0,0.0,True,1.0,False,False,2026-05-31,683,False
EPACK,EPACK DURABLE,A,5.5,True,Track A Defensive | Div 0.0% | Beta 0.00 | Tier WATCHLIST_CONFIRMED,CAUTION,False,WATCHLIST_CONFIRMED,58.0,7.0,15.0,0.0,0.0,0.0,True,1.0,False,False,2026-05-31,684,False
SYMPHONY,SYMPHONY,A,27.53,True,Track A Defensive | Div 1.6% | Beta 0.00 | Tier WATCHLIST_CONFIRMED,CAUTION,False,WATCHLIST_CONFIRMED,58.0,20.0,5.0,1.55,0.0,0.0,True,1.0,False,False,2026-05-31,685,False
LINC,LINC,A,27.0,True,Track A Defensive | Div 1.5% | Beta 0.00 | Tier WATCHLIST_CONFIRMED,CAUTION,False,WATCHLIST_CONFIRMED,58.0,20.0,8.0,1.5,0.0,0.0,True,1.0,False,False,2026-05-31,686,False
RSYSTEMS,R SYSTEMS INTL.,A,33.5,True,Track A Defensive | Div 2.3% | Beta 0.00 | Tier WATCHLIST_CONFIRMED,CAUTION,False,WATCHLIST_CONFIRMED,58.0,17.0,7.0,2.3,0.0,0.0,True,1.0,False,False,2026-05-31,687,False
REMSONSIND,REMSONS IND,A,12.93,True,Track A Defensive | Div 0.3% | Beta 0.00 | Tier WATCHLIST_CONFIRMED,CAUTION,False,WATCHLIST_CONFIRMED,58.0,15.0,11.0,0.34,0.0,0.0,True,1.0,False,False,2026-05-31,688,False
MOTILALOFS,MOTIL.OSWAL.FIN.,A,15.45,True,Track A Defensive | Div 0.8% | Beta -0.01 | Tier WATCHLIST_CONFIRMED,CAUTION,False,WATCHLIST_CONFIRMED,58.0,12.0,10.0,0.75,-0.009,-18.76,True,1.21,False,False,2026-05-31,689,False
PATANJALI,PATANJALI FOODS,A,14.55,True,Track A Defensive | Div 0.5% | Beta 0.04 | Tier WATCHLIST_EXTERNAL,CAUTION,False,WATCHLIST_EXTERNAL,58.0,15.0,11.0,0.5,0.04,-28.97,True,0.84,False,False,2026-05-31,690,False
ORIANA,ORIANA POWER LTD,A,12.0,True,Track A Defensive | Div 0.0% | Beta 0.04 | Tier WATCHLIST_CONFIRMED,CAUTION,False,WATCHLIST_CONFIRMED,58.0,20.0,8.0,0.0,0.04,-35.87,False,1.11,False,False,2026-05-31,691,False
OMAXAUTO,OMAX AUTOS,A,31.85,True,Track A Defensive | Div 2.5% | Beta 0.01 | Tier WATCHLIST_CONFIRMED,CAUTION,False,WATCHLIST_CONFIRMED,58.0,9.0,9.0,2.54,0.01,-2.06,True,0.28,False,False,2026-05-31,692,False
TIGERLOGS,TIGER LOGISTICS,A,9.5,True,Track A Defensive | Div 0.0% | Beta 0.05 | Tier WATCHLIST_CONFIRMED,CAUTION,False,WATCHLIST_CONFIRMED,58.0,15.0,0.0,0.0,0.053,-33.13,True,0.14,False,False,2026-05-31,693,False
TECHNOE,TECHNO ELEC.ENGG,A,16.22,True,Track A Defensive | Div 0.8% | Beta 0.07 | Tier WATCHLIST_CONFIRMED,CAUTION,False,WATCHLIST_CONFIRMED,58.0,12.0,10.0,0.82,0.074,-33.63,True,3.37,False,False,2026-05-31,694,False
ZENTEC,ZEN TECHNOLOGIES,A,9.92,True,Track A Defensive | Div 0.1% | Beta 0.00 | Tier WATCHLIST_CONFIRMED,CAUTION,False,WATCHLIST_CONFIRMED,58.0,13.0,11.0,0.14,0.0,0.0,True,1.0,False,False,2026-05-31,695,False
MINDACORP,MINDA CORP,A,12.78,True,Track A Defensive | Div 0.3% | Beta 0.01 | Tier WATCHLIST_CONFIRMED,CAUTION,False,WATCHLIST_CONFIRMED,58.0,16.0,10.0,0.28,0.006,0.0,True,2.27,False,False,2026-05-31,696,False
STALLION,STALLION INDIA,A,8.0,True,Track A Defensive | Div 0.0% | Beta 0.00 | Tier WATCHLIST_CONFIRMED,CAUTION,False,WATCHLIST_CONFIRMED,58.0,12.0,6.0,0.0,0.0,0.0,True,1.0,False,False,2026-05-31,697,False
SPORTKING,SPORTKING INDIA,A,18.4,True,Track A Defensive | Div 0.8% | Beta 0.00 | Tier WATCHLIST_CONFIRMED,CAUTION,False,WATCHLIST_CONFIRMED,58.0,16.0,1.0,0.84,0.0,0.0,True,1.0,False,False,2026-05-31,698,False
SRF,SRF,A,13.06,True,Track A Defensive | Div 0.3% | Beta 0.00 | Tier WATCHLIST_CONFIRMED,CAUTION,False,WATCHLIST_CONFIRMED,58.0,16.0,6.0,0.31,0.0,0.0,True,1.0,False,False,2026-05-31,699,False
SREEL,SREELEATHERS,A,8.0,True,Track A Defensive | Div 0.0% | Beta 0.00 | Tier WATCHLIST_CONFIRMED,CAUTION,False,WATCHLIST_CONFIRMED,58.0,12.0,10.0,0.0,0.0,0.0,True,1.0,False,False,2026-05-31,700,False
DEVIT,DEV INFORMATION,A,15.02,True,Track A Defensive | Div 0.3% | Beta 0.00 | Tier WATCHLIST_CONFIRMED,CAUTION,False,WATCHLIST_CONFIRMED,58.0,19.0,6.0,0.35,0.0,0.0,True,1.0,False,False,2026-05-31,701,False
AGARWALEYE,DR AGARWAL'S HEA,A,6.0,True,Track A Defensive | Div 0.0% | Beta -0.03 | Tier WATCHLIST_CONFIRMED,CAUTION,False,WATCHLIST_CONFIRMED,58.0,8.0,15.0,0.0,-0.03,-11.29,True,0.81,False,False,2026-05-31,702,False
ARSSBL,ANAND RATHI SHAR,A,10.0,True,Track A Defensive | Div 0.0% | Beta 0.01 | Tier STRONG,CAUTION,False,STRONG,58.0,16.0,11.0,0.0,0.015,-30.56,True,0.71,False,False,2026-05-31,703,False
ATALREAL,ATAL REALTECH,A,5.5,True,Track A Defensive | Div 0.0% | Beta 0.00 | Tier WATCHLIST_CONFIRMED,CAUTION,False,WATCHLIST_CONFIRMED,58.0,7.0,12.0,0.0,0.0,0.0,True,1.0,False,False,2026-05-31,704,False
KAMATHOTEL,KAMAT HOTELS,A,9.0,True,Track A Defensive | Div 0.0% | Beta 0.00 | Tier WATCHLIST_CONFIRMED,CAUTION,False,WATCHLIST_CONFIRMED,58.0,14.0,6.0,0.0,0.0,0.0,True,1.0,False,False,2026-05-31,705,False
KANSAINER,KANSAI NEROLAC,A,26.34,True,Track A Defensive | Div 1.5% | Beta 0.00 | Tier WATCHLIST_CONFIRMED,CAUTION,False,WATCHLIST_CONFIRMED,58.0,19.0,6.0,1.48,0.0,0.0,True,1.0,False,False,2026-05-31,706,False
KIMS,KRISHNA INSTITU.,A,10.0,True,Track A Defensive | Div 0.0% | Beta 0.00 | Tier WATCHLIST_CONFIRMED,CAUTION,False,WATCHLIST_CONFIRMED,58.0,16.0,10.0,0.0,0.0,0.0,True,1.0,False,False,2026-05-31,707,False
HARIOMPIPE,HARIOM PIPE,A,7.97,True,Track A Defensive | Div 0.2% | Beta 0.00 | Tier WATCHLIST_CONFIRMED,CAUTION,False,WATCHLIST_CONFIRMED,58.0,8.0,11.0,0.2,0.0,0.0,True,1.0,False,False,2026-05-31,708,False
ICIL,INDO COUNT INDS.,A,18.51,True,Track A Defensive | Div 0.8% | Beta 0.00 | Tier WATCHLIST_CONFIRMED,CAUTION,False,WATCHLIST_CONFIRMED,58.0,16.0,6.0,0.85,0.0,0.0,True,1.0,False,False,2026-05-31,709,False
HUHTAMAKI,HUHTAMAKI INDIA,A,21.6,True,Track A Defensive | Div 1.2% | Beta 0.00 | Tier WATCHLIST_CONFIRMED,CAUTION,False,WATCHLIST_CONFIRMED,58.0,15.0,5.0,1.21,0.0,0.0,True,1.0,False,False,2026-05-31,710,False
HMVL,HINDUSTAN MEDIA,A,5.5,True,Track A Defensive | Div 0.0% | Beta 0.00 | Tier WATCHLIST_EXTERNAL,CAUTION,False,WATCHLIST_EXTERNAL,58.0,7.0,10.0,0.0,0.0,0.0,True,1.0,False,False,2026-05-31,711,False
GHCL,GHCL,A,39.28,True,Track A Defensive | Div 2.7% | Beta 0.00 | Tier WATCHLIST_CONFIRMED,CAUTION,False,WATCHLIST_CONFIRMED,58.0,20.0,2.0,2.73,0.0,0.0,True,1.0,False,False,2026-05-31,712,False
GNA,GNA AXLES,A,17.37,True,Track A Defensive | Div 0.8% | Beta 0.00 | Tier WATCHLIST_CONFIRMED,CAUTION,False,WATCHLIST_CONFIRMED,58.0,15.0,7.0,0.79,0.0,0.0,True,1.0,False,False,2026-05-31,713,False
HARDWYN,HARDWYN INDIA,A,7.5,True,Track A Defensive | Div 0.0% | Beta 0.00 | Tier WATCHLIST_CONFIRMED,CAUTION,False,WATCHLIST_CONFIRMED,57.0,11.0,8.0,0.0,0.0,0.0,True,1.0,False,False,2026-05-31,714,False
DRREDDY,DR REDDY'S LABS,A,18.17,True,Track A Defensive | Div 0.6% | Beta 0.00 | Tier STRONG,CAUTION,False,STRONG,57.0,20.0,10.0,0.62,0.0,0.0,True,1.0,False,False,2026-05-31,715,False
SPECIALITY,SPECIALITY REST.,A,15.19,True,Track A Defensive | Div 1.1% | Beta 0.00 | Tier WATCHLIST_CONFIRMED,CAUTION,False,WATCHLIST_CONFIRMED,57.0,5.0,13.0,1.07,0.0,0.0,True,1.0,False,False,2026-05-31,716,False
PARAS,PARAS DEFENCE,A,10.29,True,Track A Defensive | Div 0.1% | Beta 0.10 | Tier WATCHLIST_CONFIRMED,CAUTION,False,WATCHLIST_CONFIRMED,57.0,15.0,9.0,0.08,0.102,-12.17,True,0.77,False,False,2026-05-31,717,False
BAYERCROP,BAYER CROP SCI.,A,39.61,True,Track A Defensive | Div 2.8% | Beta 0.00 | Tier WATCHLIST_CONFIRMED,CAUTION,False,WATCHLIST_CONFIRMED,57.0,20.0,1.0,2.76,0.0,0.0,True,1.0,False,False,2026-05-31,718,False
BAJAJHLDNG,BAJAJ HOLDINGS,A,12.09,True,Track A Defensive | Div 1.0% | Beta 0.00 | Tier WATCHLIST_EXTERNAL,CAUTION,False,WATCHLIST_EXTERNAL,57.0,1.0,8.0,0.96,0.0,0.0,True,1.0,False,False,2026-05-31,719,False
GLOTTIS,GLOTTIS,A,11.0,True,Track A Defensive | Div 0.0% | Beta 0.00 | Tier WATCHLIST_EXTERNAL,CAUTION,False,WATCHLIST_EXTERNAL,57.0,18.0,1.0,0.0,0.0,0.0,True,1.0,False,False,2026-05-31,720,False
NIBE,NIBE,A,9.5,True,Track A Defensive | Div 0.0% | Beta 0.00 | Tier WATCHLIST_CONFIRMED,CAUTION,False,WATCHLIST_CONFIRMED,57.0,15.0,8.0,0.0,0.0,0.0,True,1.0,False,False,2026-05-31,721,False
KDDL,KDDL LTD,A,16.86,True,Track A Defensive | Div 0.9% | Beta 0.00 | Tier WATCHLIST_CONFIRMED,CAUTION,False,WATCHLIST_CONFIRMED,57.0,12.0,12.0,0.89,0.0,0.0,True,1.0,False,False,2026-05-31,722,False
MARATHON,MARATHON NEXTGEN,A,8.95,True,Track A Defensive | Div 0.2% | Beta 0.00 | Tier WATCHLIST_CONFIRMED,CAUTION,False,WATCHLIST_CONFIRMED,57.0,9.0,6.0,0.25,0.0,0.0,True,1.0,False,False,2026-05-31,723,False
ELECON,ELECON ENGG.CO,A,17.08,True,Track A Defensive | Div 0.5% | Beta 0.00 | Tier WATCHLIST_CONFIRMED,CAUTION,False,WATCHLIST_CONFIRMED,57.0,20.0,8.0,0.51,0.0,0.0,True,1.0,False,False,2026-05-31,724,False
PNBHOUSING,PNB HOUSING,A,8.78,True,Track A Defensive | Div 0.6% | Beta 0.00 | Tier WATCHLIST_EXTERNAL,CAUTION,False,WATCHLIST_EXTERNAL,57.0,1.0,10.0,0.63,0.0,0.0,True,1.0,False,False,2026-05-31,725,False
PPL,PRAKASH PIPES,A,29.9,True,Track A Defensive | Div 1.8% | Beta 0.06 | Tier WATCHLIST_CONFIRMED,CAUTION,False,WATCHLIST_CONFIRMED,57.0,20.0,5.0,1.79,0.056,-54.31,True,1.02,False,False,2026-05-31,726,False
PIIND,P I INDUSTRIES,A,17.47,True,Track A Defensive | Div 0.6% | Beta -0.01 | Tier WATCHLIST_CONFIRMED,CAUTION,False,WATCHLIST_CONFIRMED,57.0,20.0,9.0,0.55,-0.011,-35.56,True,1.02,False,False,2026-05-31,727,False
RESPONIND,RESPONSIVE IND,A,10.66,True,Track A Defensive | Div 0.1% | Beta 0.00 | Tier WATCHLIST_CONFIRMED,CAUTION,False,WATCHLIST_CONFIRMED,57.0,16.0,5.0,0.07,0.0,0.0,True,1.0,False,False,2026-05-31,728,False
PARKHOTELS,APEEJAY SURREND.,A,10.12,True,Track A Defensive | Div 0.5% | Beta -0.01 | Tier WATCHLIST_CONFIRMED,CAUTION,False,WATCHLIST_CONFIRMED,57.0,7.0,10.0,0.46,-0.012,-31.21,True,1.01,False,False,2026-05-31,729,False
TRANSRAILL,TRANSRAIL LIGHT,A,12.09,True,Track A Defensive | Div 0.2% | Beta 0.05 | Tier WATCHLIST_CONFIRMED,CAUTION,False,WATCHLIST_CONFIRMED,57.0,17.0,11.0,0.16,0.047,-40.39,True,1.89,False,False,2026-05-31,730,False
TRANSRAILL,TRANSRAIL LIGHT,B,39.9,False,Track B Deep Value | Down 40% from high | Missing: No insider buy in 60d,CAUTION,False,WATCHLIST_CONFIRMED,57.0,17.0,11.0,0.16,0.047,-40.39,True,1.89,False,False,2026-05-31,11,False
UBL,UNITED BREWERIES,A,15.86,True,Track A Defensive | Div 0.6% | Beta 0.00 | Tier WATCHLIST_CONFIRMED,CAUTION,False,WATCHLIST_CONFIRMED,57.0,15.0,10.0,0.64,0.0,0.0,True,1.0,False,False,2026-05-31,731,False
SPLIL,SPL INDUSTRIES,A,5.5,True,Track A Defensive | Div 0.0% | Beta 0.00 | Tier WATCHLIST_CONFIRMED,CAUTION,False,WATCHLIST_CONFIRMED,57.0,7.0,7.0,0.0,0.0,0.0,True,1.0,False,False,2026-05-31,732,False
SIS,SIS,A,6.0,True,Track A Defensive | Div 0.0% | Beta 0.00 | Tier WATCHLIST_CONFIRMED,CAUTION,False,WATCHLIST_CONFIRMED,57.0,8.0,10.0,0.0,0.0,0.0,True,1.0,False,False,2026-05-31,733,False
SPAL,S P APPARELS,A,12.29,True,Track A Defensive | Div 0.3% | Beta 0.00 | Tier WATCHLIST_CONFIRMED,CAUTION,False,WATCHLIST_CONFIRMED,57.0,15.0,5.0,0.28,0.0,0.0,True,1.0,False,False,2026-05-31,734,False
CIPLA,CIPLA,A,21.84,True,Track A Defensive | Div 1.0% | Beta 0.00 | Tier STRONG,CAUTION,False,STRONG,57.0,19.0,11.0,1.03,0.0,0.0,True,1.0,False,False,2026-05-31,735,False
CEINSYS,CEINSYS TECH,A,10.0,True,Track A Defensive | Div 0.0% | Beta 0.00 | Tier STRONG,CAUTION,False,STRONG,57.0,16.0,8.0,0.0,0.0,0.0,True,1.0,False,False,2026-05-31,736,False
DIVISLAB,DIVI'S LAB.,A,16.89,True,Track A Defensive | Div 0.5% | Beta 0.00 | Tier STRONG,CAUTION,False,STRONG,57.0,20.0,6.0,0.49,0.0,0.0,True,1.0,False,False,2026-05-31,737,False
DCM,DCM,A,11.5,True,Track A Defensive | Div 0.0% | Beta 0.00 | Tier WATCHLIST_CONFIRMED,CAUTION,False,WATCHLIST_CONFIRMED,57.0,19.0,1.0,0.0,0.0,0.0,True,1.0,False,False,2026-05-31,738,False
AMBER,AMBER ENTERP.,A,7.5,True,Track A Defensive | Div 0.0% | Beta 0.01 | Tier WATCHLIST_CONFIRMED,CAUTION,False,WATCHLIST_CONFIRMED,57.0,11.0,12.0,0.0,0.005,-13.88,True,0.73,False,False,2026-05-31,739,False
BHARATFORG,BHARAT FORGE,A,14.93,True,Track A Defensive | Div 0.5% | Beta 0.00 | Tier WATCHLIST_CONFIRMED,CAUTION,False,WATCHLIST_CONFIRMED,57.0,16.0,10.0,0.49,0.0,0.0,True,1.0,False,False,2026-05-31,740,False
AUROPHARMA,AUROBINDO PHARMA,A,13.1,True,Track A Defensive | Div 0.3% | Beta 0.00 | Tier STRONG,CAUTION,False,STRONG,57.0,16.0,10.0,0.31,0.0,0.0,True,1.0,False,False,2026-05-31,741,False
INSECTICID,INSECTICID.INDIA,A,10.5,True,Track A Defensive | Div 0.0% | Beta 0.00 | Tier WATCHLIST_CONFIRMED,CAUTION,False,WATCHLIST_CONFIRMED,57.0,17.0,5.0,0.0,0.0,0.0,True,1.0,False,False,2026-05-31,742,False
MCLOUD,MAGELLANIC CLOUD,A,13.37,True,Track A Defensive | Div 0.1% | Beta 0.00 | Tier STRONG,CAUTION,False,STRONG,57.0,20.0,8.0,0.14,0.0,0.0,True,1.0,False,False,2026-05-31,743,False
KUANTUM,KUANTUM PAPERS,A,43.05,True,Track A Defensive | Div 3.8% | Beta 0.00 | Tier WATCHLIST_EXTERNAL,CAUTION,False,WATCHLIST_EXTERNAL,57.0,7.0,7.0,3.75,0.0,0.0,True,1.0,False,False,2026-05-31,744,False
FMGOETZE,FEDERAL-MOGUL GO,A,10.0,True,Track A Defensive | Div 0.0% | Beta 0.00 | Tier WATCHLIST_CONFIRMED,CAUTION,False,WATCHLIST_CONFIRMED,57.0,16.0,11.0,0.0,0.0,0.0,True,1.0,False,False,2026-05-31,745,False
EMCURE,EMCURE PHARMA,A,14.03,True,Track A Defensive | Div 0.2% | Beta 0.00 | Tier STRONG,CAUTION,False,STRONG,57.0,20.0,7.0,0.2,0.0,0.0,True,1.0,False,False,2026-05-31,746,False
GUJGASLTD,GUJARAT GAS,A,24.97,True,Track A Defensive | Div 1.6% | Beta 0.00 | Tier WATCHLIST_CONFIRMED,CAUTION,False,WATCHLIST_CONFIRMED,57.0,13.0,5.0,1.65,0.0,0.0,True,1.0,False,False,2026-05-31,747,False
HINDCOMPOS,HIND.COMPOSITES,A,12.59,True,Track A Defensive | Div 0.5% | Beta 0.00 | Tier WATCHLIST_CONFIRMED,CAUTION,False,WATCHLIST_CONFIRMED,57.0,11.0,10.0,0.51,0.0,0.0,True,1.0,False,False,2026-05-31,748,False
GMBREW,G M BREWERIES,A,17.88,True,Track A Defensive | Div 0.7% | Beta 0.00 | Tier WATCHLIST_CONFIRMED,CAUTION,False,WATCHLIST_CONFIRMED,57.0,17.0,5.0,0.74,0.0,0.0,True,1.0,False,False,2026-05-31,749,False
GRINDWELL,GRINDWELL NORTON,A,23.99,True,Track A Defensive | Div 1.2% | Beta 0.00 | Tier WATCHLIST_CONFIRMED,CAUTION,False,WATCHLIST_CONFIRMED,57.0,20.0,6.0,1.2,0.0,0.0,True,1.0,False,False,2026-05-31,750,False
GREENPLY,GREENPLY INDUSTR,A,12.52,True,Track A Defensive | Div 0.2% | Beta 0.00 | Tier WATCHLIST_CONFIRMED,CAUTION,False,WATCHLIST_CONFIRMED,57.0,16.0,8.0,0.25,0.0,0.0,True,1.0,False,False,2026-05-31,751,False
TBZ,T B Z,A,21.3,True,Track A Defensive | Div 1.7% | Beta 0.00 | Tier WATCHLIST_CONFIRMED,CAUTION,False,WATCHLIST_CONFIRMED,56.0,4.0,14.0,1.73,0.0,0.0,True,1.0,False,False,2026-05-31,752,False
AMJLAND,AMJ LAND HOLDIN.,A,13.15,True,Track A Defensive | Div 0.5% | Beta 0.00 | Tier WATCHLIST_CONFIRMED,CAUTION,False,WATCHLIST_CONFIRMED,56.0,12.0,8.0,0.52,0.0,0.0,True,1.0,False,False,2026-05-31,753,False
PULZ,PULZ ELECTRONICS,A,9.5,True,Track A Defensive | Div 0.0% | Beta 0.00 | Tier WATCHLIST_CONFIRMED,CAUTION,False,WATCHLIST_CONFIRMED,56.0,15.0,9.0,0.0,0.0,0.0,False,1.0,False,False,2026-05-31,754,False
SPCENET,SPACENET ENTERPR,A,7.0,True,Track A Defensive | Div 0.0% | Beta 0.00 | Tier WATCHLIST_CONFIRMED,CAUTION,False,WATCHLIST_CONFIRMED,56.0,10.0,8.0,0.0,0.0,0.0,True,1.0,False,False,2026-05-31,755,False
RKFORGE,RAMKRISHNA FORG.,A,6.98,True,Track A Defensive | Div 0.2% | Beta 0.00 | Tier WATCHLIST_CONFIRMED,CAUTION,False,WATCHLIST_CONFIRMED,56.0,6.0,13.0,0.2,0.0,0.0,True,1.0,False,False,2026-05-31,756,False
JLHL,JUPITER LIFE LIN,A,10.78,True,Track A Defensive | Div 0.1% | Beta 0.00 | Tier WATCHLIST_CONFIRMED,CAUTION,False,WATCHLIST_CONFIRMED,56.0,16.0,10.0,0.08,0.0,0.0,True,1.0,False,False,2026-05-31,757,False
UNIMECH,UNIMECH AERO.,A,9.0,True,Track A Defensive | Div 0.0% | Beta 0.00 | Tier WATCHLIST_CONFIRMED,CAUTION,False,WATCHLIST_CONFIRMED,56.0,14.0,8.0,0.0,0.0,0.0,True,1.0,False,False,2026-05-31,758,False
JTEKTINDIA,JTEKT INDIA,A,12.98,True,Track A Defensive | Div 0.6% | Beta 0.00 | Tier WATCHLIST_CONFIRMED,CAUTION,False,WATCHLIST_CONFIRMED,56.0,11.0,11.0,0.55,0.0,0.0,True,1.0,False,False,2026-05-31,759,False
IGARASHI,IGARASHI MOTORS,A,15.46,True,Track A Defensive | Div 0.8% | Beta 0.00 | Tier WATCHLIST_CONFIRMED,CAUTION,False,WATCHLIST_CONFIRMED,56.0,11.0,11.0,0.8,0.0,0.0,True,1.0,False,False,2026-05-31,760,False
SANDHAR,SANDHAR TECH,A,17.39,True,Track A Defensive | Div 0.7% | Beta 0.00 | Tier WATCHLIST_CONFIRMED,CAUTION,False,WATCHLIST_CONFIRMED,56.0,16.0,10.0,0.74,0.0,0.0,True,1.0,False,False,2026-05-31,761,False
BOMDYEING,BOMBAY DYEING,A,20.98,True,Track A Defensive | Div 1.1% | Beta 0.00 | Tier WATCHLIST_CONFIRMED,CAUTION,False,WATCHLIST_CONFIRMED,56.0,15.0,0.0,1.15,0.0,0.0,True,1.0,False,False,2026-05-31,762,False
STERTOOLS,STERLING TOOLS,A,23.47,True,Track A Defensive | Div 1.4% | Beta 0.00 | Tier WATCHLIST_CONFIRMED,CAUTION,False,WATCHLIST_CONFIRMED,56.0,15.0,8.0,1.4,0.0,0.0,True,1.0,False,False,2026-05-31,763,False
MATRIMONY,MATRIMONY.COM,A,24.53,True,Track A Defensive | Div 1.2% | Beta 0.00 | Tier WATCHLIST_CONFIRMED,CAUTION,False,WATCHLIST_CONFIRMED,56.0,20.0,1.0,1.25,0.0,0.0,True,1.0,False,False,2026-05-31,764,False
RAMKY,RAMKY INFRA,A,8.0,True,Track A Defensive | Div 0.0% | Beta 0.00 | Tier WATCHLIST_CONFIRMED,CAUTION,False,WATCHLIST_CONFIRMED,56.0,12.0,6.0,0.0,0.0,0.0,True,1.0,False,False,2026-05-31,765,False
MOTISONS,MOTISONS JEWEL,A,8.0,True,Track A Defensive | Div 0.0% | Beta 0.04 | Tier WATCHLIST_CONFIRMED,CAUTION,False,WATCHLIST_CONFIRMED,56.0,12.0,10.0,0.0,0.037,-51.45,True,1.28,False,False,2026-05-31,766,False
MOTISONS,MOTISONS JEWEL,B,39.199999999999996,False,Track B Deep Value | Down 51% from high | Missing: Vol surge 1.3× (need 1.5×); No insider buy in 60d,CAUTION,False,WATCHLIST_CONFIRMED,56.0,12.0,10.0,0.0,0.037,-51.45,True,1.28,False,False,2026-05-31,12,False
VAIBHAVGBL,VAIBHAV GLOBAL,A,38.97,True,Track A Defensive | Div 2.9% | Beta 0.00 | Tier WATCHLIST_CONFIRMED,CAUTION,False,WATCHLIST_CONFIRMED,56.0,16.0,7.0,2.9,0.0,0.0,True,1.0,False,False,2026-05-31,767,False
TMPV,TATA MOTORS PVEH,A,30.09,True,Track A Defensive | Div 1.9% | Beta -0.08 | Tier WATCHLIST_CONFIRMED,CAUTION,False,WATCHLIST_CONFIRMED,56.0,18.0,8.0,1.91,-0.084,-46.51,True,1.88,False,False,2026-05-31,768,False
TMPV,TATA MOTORS PVEH,B,39.199999999999996,False,Track B Deep Value | Down 47% from high | Missing: No insider buy in 60d,CAUTION,False,WATCHLIST_CONFIRMED,56.0,18.0,8.0,1.91,-0.084,-46.51,True,1.88,False,False,2026-05-31,13,False
TIINDIA,TUBE INVESTMENTS,A,11.37,True,Track A Defensive | Div 0.1% | Beta -0.09 | Tier WATCHLIST_CONFIRMED,CAUTION,False,WATCHLIST_CONFIRMED,56.0,16.0,9.0,0.14,-0.085,-7.65,True,1.37,False,False,2026-05-31,769,False
WHEELS,WHEELS INDIA,A,20.45,True,Track A Defensive | Div 1.1% | Beta 0.00 | Tier WATCHLIST_CONFIRMED,CAUTION,False,WATCHLIST_CONFIRMED,56.0,14.0,7.0,1.15,0.0,0.0,True,1.0,False,False,2026-05-31,770,False
SERVOTECH,SERVOTECH RENEW,A,10.72,True,Track A Defensive | Div 0.1% | Beta 0.00 | Tier WATCHLIST_CONFIRMED,CAUTION,False,WATCHLIST_CONFIRMED,56.0,16.0,11.0,0.07,0.0,0.0,True,1.0,False,False,2026-05-31,771,False
SSFL,SRIVARI SPICES &,A,8.0,True,Track A Defensive | Div 0.0% | Beta -0.07 | Tier WATCHLIST_EXTERNAL,CAUTION,False,WATCHLIST_EXTERNAL,56.0,12.0,10.0,0.0,-0.065,-23.69,False,2.1,False,False,2026-05-31,772,False
SUNDRMFAST,SUNDRAM FASTEN.,A,24.77,True,Track A Defensive | Div 1.0% | Beta -0.11 | Tier WATCHLIST_CONFIRMED,CAUTION,False,WATCHLIST_CONFIRMED,56.0,20.0,7.0,0.98,-0.112,-18.89,True,0.81,False,False,2026-05-31,773,False
BTML,BODHI TREE,A,10.5,True,Track A Defensive | Div 0.0% | Beta 0.00 | Tier WATCHLIST_EXTERNAL,CAUTION,False,WATCHLIST_EXTERNAL,56.0,17.0,1.0,0.0,0.0,0.0,True,1.0,False,False,2026-05-31,774,False
BMWVENTLTD,BMW VENTURES,A,9.5,True,Track A Defensive | Div 0.0% | Beta 0.00 | Tier WATCHLIST_CONFIRMED,CAUTION,False,WATCHLIST_CONFIRMED,56.0,15.0,7.0,0.0,0.0,0.0,True,1.0,False,False,2026-05-31,775,False
DONEAR,DONEAR INDS.,A,7.33,True,Track A Defensive | Div 0.2% | Beta 0.00 | Tier WATCHLIST_CONFIRMED,CAUTION,False,WATCHLIST_CONFIRMED,56.0,6.0,10.0,0.23,0.0,0.0,True,1.0,False,False,2026-05-31,776,False
DCMSHRIRAM,DCM SHRIRAM,A,17.9,True,Track A Defensive | Div 1.0% | Beta 0.00 | Tier WATCHLIST_CONFIRMED,CAUTION,False,WATCHLIST_CONFIRMED,56.0,11.0,8.0,1.04,0.0,0.0,True,1.0,False,False,2026-05-31,777,False
DALMIASUG,DALMIA BHARAT,A,26.87,True,Track A Defensive | Div 1.9% | Beta 0.00 | Tier WATCHLIST_EXTERNAL,CAUTION,False,WATCHLIST_EXTERNAL,56.0,12.0,7.0,1.89,0.0,0.0,True,1.0,False,False,2026-05-31,778,False
AJMERA,AJMERA REALTY,A,15.82,True,Track A Defensive | Div 0.8% | Beta 0.04 | Tier WATCHLIST_CONFIRMED,CAUTION,False,WATCHLIST_CONFIRMED,56.0,11.0,8.0,0.83,0.035,-44.59,True,1.88,False,False,2026-05-31,779,False
BASF,BASF INDIA,A,16.51,True,Track A Defensive | Div 0.6% | Beta 0.00 | Tier WATCHLIST_CONFIRMED,CAUTION,False,WATCHLIST_CONFIRMED,56.0,17.0,2.0,0.6,0.0,0.0,True,1.0,False,False,2026-05-31,780,False
KALYANIFRG,KALYANI FORGE,A,12.7,True,Track A Defensive | Div 0.7% | Beta 0.00 | Tier WATCHLIST_CONFIRMED,CAUTION,False,WATCHLIST_CONFIRMED,56.0,7.0,11.0,0.72,0.0,0.0,True,1.0,False,False,2026-05-31,781,False
MANOMAY,MANOMAY TEX INDI,A,6.5,True,Track A Defensive | Div 0.0% | Beta 0.00 | Tier WATCHLIST_CONFIRMED,CAUTION,False,WATCHLIST_CONFIRMED,56.0,9.0,8.0,0.0,0.0,0.0,True,1.0,False,False,2026-05-31,782,False
MANKIND,MANKIND PHARMA,A,11.0,True,Track A Defensive | Div 0.1% | Beta 0.00 | Tier STRONG,CAUTION,False,STRONG,56.0,17.0,10.0,0.05,0.0,0.0,True,1.0,False,False,2026-05-31,783,False
MANINFRA,MAN INFRA,A,26.79,True,Track A Defensive | Div 1.5% | Beta 0.00 | Tier WATCHLIST_CONFIRMED,CAUTION,False,WATCHLIST_CONFIRMED,56.0,20.0,1.0,1.48,0.0,0.0,True,1.0,False,False,2026-05-31,784,False
MEIL,MANGAL ELECTRICA,A,11.5,True,Track A Defensive | Div 0.0% | Beta 0.01 | Tier WATCHLIST_CONFIRMED,CAUTION,False,WATCHLIST_CONFIRMED,56.0,19.0,8.0,0.0,0.01,-42.32,True,0.63,False,False,2026-05-31,785,False
MEIL,MANGAL ELECTRICA,B,39.199999999999996,False,Track B Deep Value | Down 42% from high | Missing: Vol surge 0.6× (need 1.5×); No insider buy in 60d,CAUTION,False,WATCHLIST_CONFIRMED,56.0,19.0,8.0,0.0,0.01,-42.32,True,0.63,False,False,2026-05-31,14,False
KLL,KAUSHALYA,A,8.0,True,Track A Defensive | Div 0.0% | Beta 0.00 | Tier WATCHLIST_CONFIRMED,CAUTION,False,WATCHLIST_CONFIRMED,56.0,12.0,10.0,0.0,0.0,0.0,True,1.0,False,False,2026-05-31,786,False
KIRLOSENG,KIRLOSKAR OIL,A,9.66,True,Track A Defensive | Div 0.5% | Beta 0.00 | Tier WATCHLIST_CONFIRMED,CAUTION,False,WATCHLIST_CONFIRMED,56.0,6.0,12.0,0.47,0.0,0.0,True,1.0,False,False,2026-05-31,787,False
FOCUS,FOCUS LIGHTING,A,10.0,True,Track A Defensive | Div 0.0% | Beta 0.05 | Tier WATCHLIST_CONFIRMED,CAUTION,False,WATCHLIST_CONFIRMED,56.0,16.0,8.0,0.0,0.047,-34.32,True,1.15,False,False,2026-05-31,788,False
FINCABLES,FINOLEX CABLES,A,19.15,True,Track A Defensive | Div 0.9% | Beta 0.00 | Tier WATCHLIST_CONFIRMED,CAUTION,False,WATCHLIST_CONFIRMED,56.0,16.0,6.0,0.91,0.0,0.0,True,1.0,False,False,2026-05-31,789,False
ETERNAL,ETERNAL,A,7.5,True,Track A Defensive | Div 0.0% | Beta 0.00 | Tier WATCHLIST_CONFIRMED,CAUTION,False,WATCHLIST_CONFIRMED,56.0,11.0,12.0,0.0,0.0,0.0,True,1.0,False,False,2026-05-31,790,False
HAPPSTMNDS,HAPPIEST MINDS,A,25.9,True,Track A Defensive | Div 1.6% | Beta 0.00 | Tier STRONG,CAUTION,False,STRONG,56.0,16.0,10.0,1.59,0.0,0.0,True,1.0,False,False,2026-05-31,791,False
ICICIAMC,ICICI AMC,A,11.5,True,Track A Defensive | Div 0.0% | Beta -0.00 | Tier WATCHLIST_CONFIRMED,CAUTION,False,WATCHLIST_CONFIRMED,56.0,19.0,5.0,0.0,-0.001,0.0,True,1.75,False,False,2026-05-31,792,False
EUROPRATIK,EURO PRATIK SALE,A,11.5,True,Track A Defensive | Div 0.0% | Beta 0.00 | Tier WATCHLIST_CONFIRMED,CAUTION,False,WATCHLIST_CONFIRMED,55.0,19.0,4.0,0.0,0.0,0.0,True,1.0,False,False,2026-05-31,793,False
ROSSARI,ROSSARI BIOTECH,A,10.71,True,Track A Defensive | Div 0.1% | Beta 0.00 | Tier WATCHLIST_CONFIRMED,CAUTION,False,WATCHLIST_CONFIRMED,55.0,15.0,6.0,0.12,0.0,0.0,True,1.0,False,False,2026-05-31,794,False
MVGJL,MANOJ VAIBHAV,A,10.5,True,Track A Defensive | Div 0.0% | Beta 0.04 | Tier WATCHLIST_CONFIRMED,CAUTION,False,WATCHLIST_CONFIRMED,55.0,17.0,5.0,0.0,0.044,-42.84,True,0.93,False,False,2026-05-31,795,False
ONGC,O N G C,A,51.11,True,Track A Defensive | Div 4.6% | Beta 0.04 | Tier WATCHLIST_EXTERNAL,CAUTION,False,WATCHLIST_EXTERNAL,55.0,7.0,6.0,4.56,0.044,-11.94,True,2.01,False,False,2026-05-31,796,False
VIDHIING,VIDHI SPECIALTY,A,29.73,True,Track A Defensive | Div 2.2% | Beta 0.00 | Tier WATCHLIST_CONFIRMED,CAUTION,False,WATCHLIST_CONFIRMED,55.0,12.0,4.0,2.17,0.0,0.0,True,1.0,False,False,2026-05-31,797,False
VENUSREM,VENUS REMEDIES,A,10.0,True,Track A Defensive | Div 0.0% | Beta 0.00 | Tier STRONG,CAUTION,False,STRONG,55.0,16.0,7.0,0.0,0.0,0.0,True,1.0,False,False,2026-05-31,798,False
TECHM,TECH MAHINDRA,A,44.47,True,Track A Defensive | Div 3.2% | Beta 0.15 | Tier WATCHLIST_CONFIRMED,CAUTION,False,WATCHLIST_CONFIRMED,55.0,20.0,7.0,3.25,0.152,-16.09,True,1.15,False,False,2026-05-31,799,False
WENDT,WENDT INDIA,A,19.36,True,Track A Defensive | Div 0.7% | Beta 0.00 | Tier WATCHLIST_CONFIRMED,CAUTION,False,WATCHLIST_CONFIRMED,55.0,20.0,3.0,0.74,0.0,0.0,True,1.0,False,False,2026-05-31,800,False
SATIA,SATIA INDUSTRIES,A,11.31,True,Track A Defensive | Div 0.3% | Beta 0.05 | Tier WATCHLIST_EXTERNAL,CAUTION,False,WATCHLIST_EXTERNAL,55.0,12.0,6.0,0.33,0.046,-38.52,True,1.28,False,False,2026-05-31,801,False
DELTACORP,DELTA CORP,A,32.17,True,Track A Defensive | Div 2.3% | Beta 0.00 | Tier WATCHLIST_CONFIRMED,CAUTION,False,WATCHLIST_CONFIRMED,55.0,14.0,5.0,2.32,0.0,0.0,True,1.0,False,False,2026-05-31,802,False
DBEIL,DEEPAK BUILDERS,A,19.83,True,Track A Defensive | Div 1.3% | Beta 0.00 | Tier WATCHLIST_CONFIRMED,CAUTION,False,WATCHLIST_CONFIRMED,55.0,9.0,10.0,1.33,0.0,0.0,True,1.0,False,False,2026-05-31,803,False
CYIENT,CYIENT,A,46.08,True,Track A Defensive | Div 3.6% | Beta 0.00 | Tier WATCHLIST_CONFIRMED,CAUTION,False,WATCHLIST_CONFIRMED,55.0,16.0,10.0,3.61,0.0,0.0,True,1.0,False,False,2026-05-31,804,False
BANARISUG,BANNARI AMM.SUG.,A,11.46,True,Track A Defensive | Div 0.3% | Beta 0.00 | Tier WATCHLIST_EXTERNAL,CAUTION,False,WATCHLIST_EXTERNAL,55.0,12.0,10.0,0.35,0.0,0.0,True,1.0,False,False,2026-05-31,805,False
BALRAMCHIN,BALRAMPUR CHINI,A,16.7,True,Track A Defensive | Div 0.7% | Beta 0.00 | Tier WATCHLIST_EXTERNAL,CAUTION,False,WATCHLIST_EXTERNAL,55.0,15.0,8.0,0.72,0.0,0.0,True,1.0,False,False,2026-05-31,806,False
KAJARIACER,KAJARIA CERAMICS,A,22.8,True,Track A Defensive | Div 1.3% | Beta 0.00 | Tier WATCHLIST_CONFIRMED,CAUTION,False,WATCHLIST_CONFIRMED,55.0,16.0,6.0,1.28,0.0,0.0,True,1.0,False,False,2026-05-31,807,False
JKCEMENT,J K CEMENTS,A,13.01,True,Track A Defensive | Div 0.3% | Beta 0.00 | Tier WATCHLIST_CONFIRMED,CAUTION,False,WATCHLIST_CONFIRMED,55.0,16.0,6.0,0.3,0.0,0.0,True,1.0,False,False,2026-05-31,808,False
LATENTVIEW,LATENT VIEW,A,10.0,True,Track A Defensive | Div 0.0% | Beta 0.00 | Tier WATCHLIST_CONFIRMED,CAUTION,False,WATCHLIST_CONFIRMED,55.0,16.0,12.0,0.0,0.0,0.0,True,1.0,False,False,2026-05-31,809,False
MAGADSUGAR,MAGADH SUGAR,A,34.31,True,Track A Defensive | Div 2.7% | Beta 0.00 | Tier WATCHLIST_EXTERNAL,CAUTION,False,WATCHLIST_EXTERNAL,55.0,10.0,6.0,2.73,0.0,0.0,True,1.0,False,False,2026-05-31,810,False
KITEX,KITEX GARMENTS,A,6.5,True,Track A Defensive | Div 0.0% | Beta 0.00 | Tier WATCHLIST_EXTERNAL,CAUTION,False,WATCHLIST_EXTERNAL,55.0,9.0,6.0,0.0,0.0,0.0,True,1.0,False,False,2026-05-31,811,False
KRSNAA,KRSNAA DIAGNOST.,A,14.08,True,Track A Defensive | Div 0.5% | Beta 0.00 | Tier WATCHLIST_CONFIRMED,CAUTION,False,WATCHLIST_CONFIRMED,55.0,15.0,10.0,0.46,0.0,0.0,True,1.0,False,False,2026-05-31,812,False
EVEREADY,EVEREADY INDS.,A,16.13,True,Track A Defensive | Div 0.5% | Beta 0.00 | Tier WATCHLIST_CONFIRMED,CAUTION,False,WATCHLIST_CONFIRMED,55.0,18.0,5.0,0.51,0.0,0.0,True,1.0,False,False,2026-05-31,813,False
GICRE,GENERAL INSURANC,A,30.33,True,Track A Defensive | Div 2.7% | Beta 0.01 | Tier WATCHLIST_EXTERNAL,CAUTION,False,WATCHLIST_EXTERNAL,55.0,2.0,5.0,2.73,0.01,-6.86,True,1.12,False,False,2026-05-31,814,False
GOKEX,GOKALDAS EXPORTS,A,7.0,True,Track A Defensive | Div 0.0% | Beta 0.00 | Tier WATCHLIST_EXTERNAL,CAUTION,False,WATCHLIST_EXTERNAL,55.0,10.0,8.0,0.0,0.0,0.0,True,1.0,False,False,2026-05-31,815,False
GPIL,GODAWARI POWER,A,15.8,True,Track A Defensive | Div 0.4% | Beta 0.00 | Tier WATCHLIST_CONFIRMED,CAUTION,False,WATCHLIST_CONFIRMED,55.0,20.0,1.0,0.38,0.0,0.0,True,1.0,False,False,2026-05-31,816,False
INDNIPPON,INDIA NIPP.ELEC.,A,26.82,True,Track A Defensive | Div 1.7% | Beta 0.00 | Tier WATCHLIST_CONFIRMED,CAUTION,False,WATCHLIST_CONFIRMED,54.0,16.0,11.0,1.68,0.0,0.0,True,1.0,False,False,2026-05-31,817,False
BBL,BHARAT BIJLEE,A,23.04,True,Track A Defensive | Div 1.5% | Beta 0.00 | Tier WATCHLIST_CONFIRMED,CAUTION,False,WATCHLIST_CONFIRMED,54.0,12.0,11.0,1.5,0.0,0.0,True,1.0,False,False,2026-05-31,818,False
IEX,INDIAN ENERGY EX,A,36.79,True,Track A Defensive | Div 2.5% | Beta 0.00 | Tier WATCHLIST_CONFIRMED,CAUTION,False,WATCHLIST_CONFIRMED,54.0,20.0,5.0,2.48,0.0,0.0,True,1.0,False,False,2026-05-31,819,False
MASTERTR,MASTER TRUST,A,7.5,True,Track A Defensive | Div 0.0% | Beta 0.00 | Tier WATCHLIST_CONFIRMED,CAUTION,False,WATCHLIST_CONFIRMED,54.0,11.0,10.0,0.0,0.0,0.0,True,1.0,False,False,2026-05-31,820,False
CCCL,C C C L,A,9.5,True,Track A Defensive | Div 0.0% | Beta 0.00 | Tier WATCHLIST_CONFIRMED,CAUTION,False,WATCHLIST_CONFIRMED,54.0,15.0,2.0,0.0,0.0,0.0,True,1.0,False,False,2026-05-31,821,False
EIMCOELECO,EIMCO ELECON(I),A,13.22,True,Track A Defensive | Div 0.3% | Beta 0.00 | Tier WATCHLIST_CONFIRMED,CAUTION,False,WATCHLIST_CONFIRMED,54.0,16.0,9.0,0.32,0.0,0.0,True,1.0,False,False,2026-05-31,822,False
PODDARMENT,PODDAR PIGMENTS,A,26.11,True,Track A Defensive | Div 1.9% | Beta 0.00 | Tier WATCHLIST_CONFIRMED,CAUTION,False,WATCHLIST_CONFIRMED,54.0,11.0,5.0,1.86,0.0,0.0,True,1.0,False,False,2026-05-31,823,False
POLICYBZR,PB FINTECH.,A,7.0,True,Track A Defensive | Div 0.0% | Beta -0.19 | Tier WATCHLIST_CONFIRMED,CAUTION,False,WATCHLIST_CONFIRMED,54.0,4.0,12.0,0.0,-0.188,-13.02,True,0.8,False,False,2026-05-31,824,False
PRAKASH,PRAKASH INDUSTRI,A,17.22,True,Track A Defensive | Div 1.2% | Beta 0.04 | Tier WATCHLIST_EXTERNAL,CAUTION,False,WATCHLIST_EXTERNAL,54.0,6.0,7.0,1.22,0.038,-20.48,True,1.46,False,False,2026-05-31,825,False
MPHASIS,MPHASIS,A,39.48,True,Track A Defensive | Div 2.8% | Beta 0.21 | Tier WATCHLIST_CONFIRMED,CAUTION,False,WATCHLIST_CONFIRMED,54.0,20.0,7.0,2.75,0.212,-24.3,True,1.27,False,False,2026-05-31,826,False
OSWALPUMPS,OSWAL PUMPS,A,11.0,True,Track A Defensive | Div 0.0% | Beta 0.06 | Tier WATCHLIST_CONFIRMED,CAUTION,False,WATCHLIST_CONFIRMED,54.0,18.0,7.0,0.0,0.055,-58.57,True,0.97,False,False,2026-05-31,827,False
PGEL,PG ELECTROPLAST,A,8.49,True,Track A Defensive | Div 0.1% | Beta 0.08 | Tier WATCHLIST_CONFIRMED,CAUTION,False,WATCHLIST_CONFIRMED,54.0,12.0,12.0,0.05,0.083,-41.7,True,2.18,False,False,2026-05-31,828,False
PGEL,PG ELECTROPLAST,B,37.8,False,Track B Deep Value | Down 42% from high | Missing: No insider buy in 60d,CAUTION,False,WATCHLIST_CONFIRMED,54.0,12.0,12.0,0.05,0.083,-41.7,True,2.18,False,False,2026-05-31,15,False
ORIENTELEC,ORIENT ELECTRIC,A,19.15,True,Track A Defensive | Div 0.9% | Beta -0.07 | Tier WATCHLIST_CONFIRMED,CAUTION,False,WATCHLIST_CONFIRMED,54.0,16.0,7.0,0.92,-0.066,-17.98,True,0.45,False,False,2026-05-31,829,False
OMPOWER,NAN,A,5.5,True,Track A Defensive | Div 0.0% | Beta -0.17 | Tier MONITOR,CAUTION,False,MONITOR,54.0,1.0,0.0,0.0,-0.166,-15.93,True,1.88,False,False,2026-05-31,830,False
TATAINVEST,TATA INV.CORPN.,A,6.91,True,Track A Defensive | Div 0.4% | Beta 0.12 | Tier MONITOR,CAUTION,False,MONITOR,54.0,1.0,2.0,0.44,0.115,-34.77,False,1.86,False,False,2026-05-31,831,False
VIKRAMSOLR,VIKRAM SOLAR,A,10.0,True,Track A Defensive | Div 0.0% | Beta 0.00 | Tier WATCHLIST_CONFIRMED,CAUTION,False,WATCHLIST_CONFIRMED,54.0,16.0,8.0,0.0,0.0,0.0,True,1.0,False,False,2026-05-31,832,False
SHREEPUSHK,SH.PUSHKAR CHEM.,A,16.18,True,Track A Defensive | Div 0.7% | Beta 0.00 | Tier WATCHLIST_CONFIRMED,CAUTION,False,WATCHLIST_CONFIRMED,54.0,15.0,7.0,0.67,0.0,0.0,True,1.0,False,False,2026-05-31,833,False
SUPREMEIND,SUPREME INDS.,A,24.08,True,Track A Defensive | Div 0.9% | Beta -0.20 | Tier WATCHLIST_CONFIRMED,CAUTION,False,WATCHLIST_CONFIRMED,54.0,20.0,6.0,0.91,-0.201,-23.26,True,1.45,False,False,2026-05-31,834,False
CIEINDIA,CIE AUTOMOTIVE,A,24.6,True,Track A Defensive | Div 1.5% | Beta 0.00 | Tier WATCHLIST_CONFIRMED,CAUTION,False,WATCHLIST_CONFIRMED,54.0,16.0,7.0,1.46,0.0,0.0,True,1.0,False,False,2026-05-31,835,False
CARYSIL,CARYSIL,A,9.57,True,Track A Defensive | Div 0.3% | Beta 0.00 | Tier WATCHLIST_CONFIRMED,CAUTION,False,WATCHLIST_CONFIRMED,54.0,9.0,8.0,0.31,0.0,0.0,True,1.0,False,False,2026-05-31,836,False
BSOFT,BIRLASOFT LTD,A,29.77,True,Track A Defensive | Div 1.8% | Beta 0.00 | Tier WATCHLIST_CONFIRMED,CAUTION,False,WATCHLIST_CONFIRMED,54.0,20.0,7.0,1.78,0.0,0.0,True,1.0,False,False,2026-05-31,837,False
BOSCH-HCIL,BOSCH HOME COMFORT,A,48.68,True,Track A Defensive | Div 3.9% | Beta 0.00 | Tier WATCHLIST_CONFIRMED,CAUTION,False,WATCHLIST_CONFIRMED,54.0,15.0,10.0,3.92,0.0,0.0,True,1.0,False,False,2026-05-31,838,False
DCMSRIND,DCM SHRIRAM INDS,A,64.03,True,Track A Defensive | Div 5.7% | Beta 0.00 | Tier WATCHLIST_EXTERNAL,CAUTION,False,WATCHLIST_EXTERNAL,54.0,11.0,9.0,5.65,0.0,0.0,True,1.0,False,False,2026-05-31,839,False
ATAM,ATAM VALVES,A,24.53,True,Track A Defensive | Div 1.4% | Beta 0.00 | Tier WATCHLIST_CONFIRMED,CAUTION,False,WATCHLIST_CONFIRMED,54.0,16.0,6.0,1.45,0.0,0.0,True,1.0,False,False,2026-05-31,840,False
AVROIND,AVRO INDIA,A,6.0,True,Track A Defensive | Div 0.0% | Beta 0.00 | Tier WATCHLIST_CONFIRMED,CAUTION,False,WATCHLIST_CONFIRMED,54.0,8.0,8.0,0.0,0.0,0.0,True,1.0,False,False,2026-05-31,841,False
HINDPETRO,H P C L,A,52.75,True,Track A Defensive | Div 4.6% | Beta 0.00 | Tier WATCHLIST_CONFIRMED,CAUTION,False,WATCHLIST_CONFIRMED,54.0,9.0,10.0,4.63,0.0,0.0,True,1.0,False,False,2026-05-31,842,False
GOLDIAM,GOLDIAM INTL.,A,17.22,True,Track A Defensive | Div 0.7% | Beta 0.00 | Tier WATCHLIST_CONFIRMED,CAUTION,False,WATCHLIST_CONFIRMED,54.0,17.0,6.0,0.67,0.0,0.0,True,1.0,False,False,2026-05-31,843,False
INDRAMEDCO,INDRAPR.MEDICAL,A,23.28,True,Track A Defensive | Div 1.1% | Beta 0.00 | Tier WATCHLIST_CONFIRMED,CAUTION,False,WATCHLIST_CONFIRMED,53.0,20.0,5.0,1.13,0.0,0.0,True,1.0,False,False,2026-05-31,844,False
BIOCON,BIOCON,A,5.82,True,Track A Defensive | Div 0.1% | Beta 0.00 | Tier WATCHLIST_CONFIRMED,CAUTION,False,WATCHLIST_CONFIRMED,53.0,5.0,12.0,0.13,0.0,0.0,True,1.0,False,False,2026-05-31,845,False
AAATECH,AAA TECHNOLOGIES,A,24.23,True,Track A Defensive | Div 1.6% | Beta 0.00 | Tier WATCHLIST_EXTERNAL,CAUTION,False,WATCHLIST_EXTERNAL,53.0,12.0,4.0,1.62,0.0,0.0,True,1.0,False,False,2026-05-31,846,False
SALZERELEC,SALZER ELECTRON.,A,12.51,True,Track A Defensive | Div 0.5% | Beta 0.00 | Tier WATCHLIST_CONFIRMED,CAUTION,False,WATCHLIST_CONFIRMED,53.0,12.0,8.0,0.45,0.0,0.0,True,1.0,False,False,2026-05-31,847,False
PRAJIND,PRAJ INDUSTRIES,A,34.04,True,Track A Defensive | Div 1.9% | Beta -0.20 | Tier WATCHLIST_CONFIRMED,CAUTION,False,WATCHLIST_CONFIRMED,53.0,20.0,3.0,1.9,-0.198,-33.0,True,1.07,False,False,2026-05-31,848,False
RKSWAMY,R K SWAMY,A,21.36,True,Track A Defensive | Div 1.7% | Beta 0.00 | Tier WATCHLIST_EXTERNAL,CAUTION,False,WATCHLIST_EXTERNAL,53.0,4.0,5.0,1.74,0.0,0.0,True,1.0,False,False,2026-05-31,849,False
MRPL,M R P L,A,6.0,True,Track A Defensive | Div 0.0% | Beta -0.02 | Tier WATCHLIST_CONFIRMED,CAUTION,False,WATCHLIST_CONFIRMED,53.0,8.0,8.0,0.0,-0.019,-29.89,True,0.35,False,False,2026-05-31,850,False
TCS,TCS,A,38.2,True,Track A Defensive | Div 2.6% | Beta 0.07 | Tier WATCHLIST_CONFIRMED,CAUTION,False,WATCHLIST_CONFIRMED,53.0,20.0,8.0,2.62,0.074,-33.21,True,1.71,False,False,2026-05-31,851,False
VSSL,VARDHMAN SPECIAL,A,21.95,True,Track A Defensive | Div 1.2% | Beta 0.00 | Tier WATCHLIST_CONFIRMED,CAUTION,False,WATCHLIST_CONFIRMED,53.0,15.0,5.0,1.25,0.0,0.0,True,1.0,False,False,2026-05-31,852,False
WIPL,W I PLYWOODS,A,14.0,True,Track A Defensive | Div 0.8% | Beta 0.00 | Tier WATCHLIST_CONFIRMED,CAUTION,False,WATCHLIST_CONFIRMED,53.0,8.0,10.0,0.8,0.0,0.0,True,1.0,False,False,2026-05-31,853,False
SAIL,S A I L,A,12.19,True,Track A Defensive | Div 1.0% | Beta 0.00 | Tier WATCHLIST_EXTERNAL,CAUTION,False,WATCHLIST_EXTERNAL,53.0,0.0,7.0,1.02,0.0,0.0,True,1.0,False,False,2026-05-31,854,False
SOLEX,SOLEX ENERGY,A,10.04,True,Track A Defensive | Div 0.1% | Beta 0.00 | Tier WATCHLIST_CONFIRMED,CAUTION,False,WATCHLIST_CONFIRMED,53.0,15.0,10.0,0.05,0.0,0.0,True,1.0,False,False,2026-05-31,855,False
CHEMCON,CHEMCON SPECIAL.,A,6.0,True,Track A Defensive | Div 0.0% | Beta 0.00 | Tier WATCHLIST_CONFIRMED,CAUTION,False,WATCHLIST_CONFIRMED,53.0,8.0,6.0,0.0,0.0,0.0,True,1.0,False,False,2026-05-31,856,False
CANBK,CANARA BANK,A,33.04,True,Track A Defensive | Div 2.9% | Beta 0.03 | Tier WATCHLIST_EXTERNAL,CAUTION,False,WATCHLIST_EXTERNAL,53.0,4.0,12.0,2.9,0.025,-17.7,False,1.39,False,False,2026-05-31,857,False
DCBBANK,DCB BANK,A,9.85,True,Track A Defensive | Div 0.8% | Beta 0.24 | Tier WATCHLIST_EXTERNAL,CAUTION,False,WATCHLIST_EXTERNAL,53.0,0.0,12.0,0.79,0.238,-12.94,True,0.49,False,False,2026-05-31,858,False
CYIENTDLM,CYIENT DLM,A,6.0,True,Track A Defensive | Div 0.0% | Beta 0.00 | Tier WATCHLIST_CONFIRMED,CAUTION,False,WATCHLIST_CONFIRMED,53.0,8.0,11.0,0.0,0.0,0.0,True,1.0,False,False,2026-05-31,859,False
BEPL,BHANSALI ENGG.,A,55.71,True,Track A Defensive | Div 4.6% | Beta 0.00 | Tier WATCHLIST_CONFIRMED,CAUTION,False,WATCHLIST_CONFIRMED,53.0,16.0,1.0,4.57,0.0,0.0,True,1.0,False,False,2026-05-31,860,False
BCLIND,BCL INDUSTRIES,A,16.99,True,Track A Defensive | Div 0.9% | Beta 0.00 | Tier WATCHLIST_EXTERNAL,CAUTION,False,WATCHLIST_EXTERNAL,53.0,11.0,7.0,0.95,0.0,0.0,True,1.0,False,False,2026-05-31,861,False
BHARTIARTL,BHARTI AIRTEL,A,14.14,True,Track A Defensive | Div 0.9% | Beta 0.00 | Tier WATCHLIST_CONFIRMED,CAUTION,False,WATCHLIST_CONFIRMED,53.0,7.0,11.0,0.86,0.0,0.0,True,1.0,False,False,2026-05-31,862,False
BHARATRAS,BHARAT RASAYAN,A,8.79,True,Track A Defensive | Div 0.0% | Beta 0.00 | Tier WATCHLIST_CONFIRMED,CAUTION,False,WATCHLIST_CONFIRMED,53.0,13.0,6.0,0.03,0.0,0.0,True,1.0,False,False,2026-05-31,863,False
ASHOKA,ASHOKA BUILDCON,A,10.0,True,Track A Defensive | Div 0.0% | Beta 0.04 | Tier WATCHLIST_CONFIRMED,CAUTION,False,WATCHLIST_CONFIRMED,53.0,16.0,6.0,0.0,0.037,-45.3,True,0.9,False,False,2026-05-31,864,False
AVPINFRA,AVP INFRACON,A,7.5,True,Track A Defensive | Div 0.0% | Beta 0.02 | Tier WATCHLIST_CONFIRMED,CAUTION,False,WATCHLIST_CONFIRMED,53.0,11.0,10.0,0.0,0.017,-65.97,False,0.99,False,False,2026-05-31,865,False
AVALON,AVALON TECH,A,9.5,True,Track A Defensive | Div 0.0% | Beta 0.00 | Tier WATCHLIST_CONFIRMED,CAUTION,False,WATCHLIST_CONFIRMED,53.0,15.0,11.0,0.0,0.0,0.0,True,1.0,False,False,2026-05-31,866,False
IFBIND,IFB INDUSTRIES,A,10.5,True,Track A Defensive | Div 0.0% | Beta 0.00 | Tier WATCHLIST_CONFIRMED,CAUTION,False,WATCHLIST_CONFIRMED,53.0,17.0,7.0,0.0,0.0,0.0,True,1.0,False,False,2026-05-31,867,False
LEMONTREE,LEMON TREE HOTEL,A,5.5,True,Track A Defensive | Div 0.0% | Beta 0.00 | Tier WATCHLIST_CONFIRMED,CAUTION,False,WATCHLIST_CONFIRMED,53.0,7.0,10.0,0.0,0.0,0.0,True,1.0,False,False,2026-05-31,868,False
MASTEK,MASTEK,A,26.19,True,Track A Defensive | Div 1.6% | Beta 0.00 | Tier WATCHLIST_CONFIRMED,CAUTION,False,WATCHLIST_CONFIRMED,53.0,17.0,10.0,1.57,0.0,0.0,True,1.0,False,False,2026-05-31,869,False
HATSUN,HATSUN AGRO,A,16.79,True,Track A Defensive | Div 0.6% | Beta 0.00 | Tier WATCHLIST_EXTERNAL,CAUTION,False,WATCHLIST_EXTERNAL,53.0,17.0,5.0,0.63,0.0,0.0,True,1.0,False,False,2026-05-31,870,False
HONDAPOWER,HONDA INDIA,A,74.6,True,Track A Defensive | Div 6.5% | Beta 0.00 | Tier WATCHLIST_CONFIRMED,CAUTION,False,WATCHLIST_CONFIRMED,53.0,15.0,9.0,6.51,0.0,0.0,True,1.0,False,False,2026-05-31,871,False
PROSTARM,PROSTARM INFO,A,9.5,True,Track A Defensive | Div 0.0% | Beta 0.00 | Tier WATCHLIST_CONFIRMED,CAUTION,False,WATCHLIST_CONFIRMED,52.0,15.0,6.0,0.0,0.0,0.0,True,1.0,False,False,2026-05-31,872,False
PUNJABCHEM,PUNJAB CHEMICALS,A,10.39,True,Track A Defensive | Div 0.3% | Beta 0.00 | Tier WATCHLIST_CONFIRMED,CAUTION,False,WATCHLIST_CONFIRMED,52.0,11.0,5.0,0.29,0.0,0.0,True,1.0,False,False,2026-05-31,873,False
POCL,PONDY OXIDES,A,11.29,True,Track A Defensive | Div 0.3% | Beta 0.14 | Tier WATCHLIST_CONFIRMED,CAUTION,False,WATCHLIST_CONFIRMED,52.0,12.0,10.0,0.33,0.143,-16.8,True,2.02,False,False,2026-05-31,874,False
MOSCHIP,MOSCHIP TECH.,A,7.5,True,Track A Defensive | Div 0.0% | Beta 0.22 | Tier WATCHLIST_CONFIRMED,CAUTION,False,WATCHLIST_CONFIRMED,52.0,11.0,10.0,0.0,0.218,-22.51,True,1.16,False,False,2026-05-31,875,False
MUNJALSHOW,MUNJAL SHOWA,A,44.58,True,Track A Defensive | Div 3.7% | Beta 0.00 | Tier WATCHLIST_CONFIRMED,CAUTION,False,WATCHLIST_CONFIRMED,52.0,11.0,11.0,3.71,0.0,0.0,True,1.0,False,False,2026-05-31,876,False
UNITEDTEA,UNITED NILGIRI,A,11.85,True,Track A Defensive | Div 0.6% | Beta 0.00 | Tier WATCHLIST_EXTERNAL,CAUTION,False,WATCHLIST_EXTERNAL,52.0,8.0,9.0,0.59,0.0,0.0,True,1.0,False,False,2026-05-31,877,False
SAMBHV,SAMBHV STEEL,A,11.0,True,Track A Defensive | Div 0.0% | Beta -0.03 | Tier WATCHLIST_CONFIRMED,CAUTION,False,WATCHLIST_CONFIRMED,52.0,18.0,3.0,0.0,-0.033,-25.51,True,0.47,False,False,2026-05-31,878,False
SSWL,STEEL STR. WHEEL,A,15.65,True,Track A Defensive | Div 0.7% | Beta 0.00 | Tier WATCHLIST_CONFIRMED,CAUTION,False,WATCHLIST_CONFIRMED,52.0,14.0,10.0,0.66,0.0,0.0,True,1.0,False,False,2026-05-31,879,False
DIAMONDYD,PRATAAP SNACKS,A,5.5,True,Track A Defensive | Div 0.0% | Beta 0.00 | Tier WATCHLIST_EXTERNAL,CAUTION,False,WATCHLIST_EXTERNAL,52.0,7.0,11.0,0.0,0.0,0.0,True,1.0,False,False,2026-05-31,880,False
ACC,ACC,A,15.47,True,Track A Defensive | Div 0.6% | Beta 0.10 | Tier WATCHLIST_CONFIRMED,CAUTION,False,WATCHLIST_CONFIRMED,52.0,16.0,6.0,0.55,0.104,-30.09,True,0.79,False,False,2026-05-31,881,False
BANARBEADS,BANARAS BEADS,A,26.53,True,Track A Defensive | Div 2.0% | Beta 0.00 | Tier WATCHLIST_CONFIRMED,CAUTION,False,WATCHLIST_CONFIRMED,52.0,8.0,6.0,2.05,0.0,0.0,True,1.0,False,False,2026-05-31,882,False
APOLLOTYRE,APOLLO TYRES,A,19.88,True,Track A Defensive | Div 1.2% | Beta 0.08 | Tier WATCHLIST_CONFIRMED,CAUTION,False,WATCHLIST_CONFIRMED,52.0,12.0,14.0,1.19,0.081,-26.01,True,1.01,False,False,2026-05-31,883,False
IPCALAB,IPCA LABS.,A,10.81,True,Track A Defensive | Div 0.1% | Beta 0.00 | Tier WATCHLIST_CONFIRMED,CAUTION,False,WATCHLIST_CONFIRMED,52.0,15.0,11.0,0.13,0.0,0.0,True,1.0,False,False,2026-05-31,884,False
LGBBROSLTD,L G BALAKRISHNAN,A,23.58,True,Track A Defensive | Div 1.2% | Beta 0.00 | Tier WATCHLIST_CONFIRMED,CAUTION,False,WATCHLIST_CONFIRMED,52.0,20.0,3.0,1.16,0.0,0.0,True,1.0,False,False,2026-05-31,885,False
LIBERTSHOE,LIBERTY SHOES,A,6.5,True,Track A Defensive | Div 0.0% | Beta 0.00 | Tier WATCHLIST_CONFIRMED,CAUTION,False,WATCHLIST_CONFIRMED,52.0,9.0,11.0,0.0,0.0,0.0,True,1.0,False,False,2026-05-31,886,False
LAOPALA,LA OPALA RG,A,50.39,True,Track A Defensive | Div 4.0% | Beta 0.00 | Tier WATCHLIST_CONFIRMED,CAUTION,False,WATCHLIST_CONFIRMED,52.0,16.0,6.0,4.04,0.0,0.0,True,1.0,False,False,2026-05-31,887,False
KRISHNADEF,KRISHNA DEFENCE,A,9.59,True,Track A Defensive | Div 0.1% | Beta 0.00 | Tier WATCHLIST_CONFIRMED,CAUTION,False,WATCHLIST_CONFIRMED,52.0,13.0,6.0,0.11,0.0,0.0,True,1.0,False,False,2026-05-31,888,False
HMAAGRO,HMA AGRO INDS.,A,22.51,True,Track A Defensive | Div 1.2% | Beta 0.00 | Tier WATCHLIST_EXTERNAL,CAUTION,False,WATCHLIST_EXTERNAL,52.0,16.0,5.0,1.25,0.0,0.0,True,1.0,False,False,2026-05-31,889,False
FLAIR,FLAIR WRITING,A,12.76,True,Track A Defensive | Div 0.3% | Beta 0.00 | Tier WATCHLIST_EXTERNAL,CAUTION,False,WATCHLIST_EXTERNAL,51.0,15.0,9.0,0.33,0.0,0.0,True,1.0,False,False,2026-05-31,890,False
MARINE,MARINE ELECTRIC.,A,11.74,True,Track A Defensive | Div 0.2% | Beta 0.00 | Tier WATCHLIST_CONFIRMED,CAUTION,False,WATCHLIST_CONFIRMED,51.0,16.0,8.0,0.17,0.0,0.0,True,1.0,False,False,2026-05-31,891,False
POWERGRID,POWER GRID CORPN,A,37.2,True,Track A Defensive | Div 3.0% | Beta -0.15 | Tier WATCHLIST_EXTERNAL,CAUTION,False,WATCHLIST_EXTERNAL,51.0,5.0,11.0,2.97,-0.148,-9.46,True,2.38,False,False,2026-05-31,892,False
PENIND,PENNAR INDUSTRIE,A,8.0,True,Track A Defensive | Div 0.0% | Beta 0.05 | Tier WATCHLIST_CONFIRMED,CAUTION,False,WATCHLIST_CONFIRMED,51.0,12.0,11.0,0.0,0.052,-41.0,True,4.37,False,False,2026-05-31,893,False
PENIND,PENNAR INDUSTRIE,B,35.699999999999996,False,Track B Deep Value | Down 41% from high | Missing: No insider buy in 60d,CAUTION,False,WATCHLIST_CONFIRMED,51.0,12.0,11.0,0.0,0.052,-41.0,True,4.37,False,False,2026-05-31,16,False
PASHUPATI,PASHUPATI COTSP.,A,8.51,True,Track A Defensive | Div 0.1% | Beta 0.09 | Tier WATCHLIST_EXTERNAL,CAUTION,False,WATCHLIST_EXTERNAL,51.0,12.0,1.0,0.05,0.091,-5.53,True,1.07,False,False,2026-05-31,894,False
SHK,S H KELKAR & CO.,A,11.92,True,Track A Defensive | Div 0.8% | Beta 0.00 | Tier WATCHLIST_CONFIRMED,CAUTION,False,WATCHLIST_CONFIRMED,51.0,4.0,11.0,0.79,0.0,0.0,True,1.0,False,False,2026-05-31,895,False
SARDAEN,SARDA ENERGY,A,10.4,True,Track A Defensive | Div 0.3% | Beta 0.00 | Tier WATCHLIST_EXTERNAL,CAUTION,False,WATCHLIST_EXTERNAL,51.0,11.0,5.0,0.29,0.0,0.0,True,1.0,False,False,2026-05-31,896,False
DENTA,DENTA WATER,A,16.78,True,Track A Defensive | Div 1.0% | Beta 0.00 | Tier WATCHLIST_EXTERNAL,CAUTION,False,WATCHLIST_EXTERNAL,51.0,9.0,3.0,1.03,0.0,0.0,True,1.0,False,False,2026-05-31,897,False
BANKBARODA,BANK OF BARODA,A,33.67,True,Track A Defensive | Div 3.0% | Beta 0.05 | Tier WATCHLIST_EXTERNAL,CAUTION,False,WATCHLIST_EXTERNAL,51.0,4.0,12.0,2.97,0.052,-17.24,True,1.07,False,False,2026-05-31,898,False
ATMASTCO,ATMASTCO LTD,A,5.5,True,Track A Defensive | Div 0.0% | Beta 0.12 | Tier WATCHLIST_CONFIRMED,CAUTION,False,WATCHLIST_CONFIRMED,51.0,7.0,6.0,0.0,0.115,-31.47,True,0.41,False,False,2026-05-31,899,False
KALAMANDIR,SAI SILKS,A,19.94,True,Track A Defensive | Div 1.0% | Beta 0.00 | Tier WATCHLIST_CONFIRMED,CAUTION,False,WATCHLIST_CONFIRMED,51.0,16.0,6.0,0.99,0.0,0.0,True,1.0,False,False,2026-05-31,900,False
JPPOWER,JP POWER VEN.,A,5.5,True,Track A Defensive | Div 0.0% | Beta 0.00 | Tier WATCHLIST_EXTERNAL,CAUTION,False,WATCHLIST_EXTERNAL,51.0,7.0,5.0,0.0,0.0,0.0,True,1.0,False,False,2026-05-31,901,False
KAYNES,KAYNES TECH,A,8.0,True,Track A Defensive | Div 0.0% | Beta 0.00 | Tier WATCHLIST_CONFIRMED,CAUTION,False,WATCHLIST_CONFIRMED,51.0,12.0,11.0,0.0,0.0,0.0,True,1.0,False,False,2026-05-31,902,False
KMSUGAR,KM SUGAR MILLS,A,6.5,True,Track A Defensive | Div 0.0% | Beta 0.00 | Tier WATCHLIST_EXTERNAL,CAUTION,False,WATCHLIST_EXTERNAL,51.0,9.0,6.0,0.0,0.0,0.0,True,1.0,False,False,2026-05-31,903,False
HFCL,HFCL,A,5.4,True,Track A Defensive | Div 0.1% | Beta 0.00 | Tier WATCHLIST_EXTERNAL,CAUTION,False,WATCHLIST_EXTERNAL,51.0,4.0,12.0,0.14,0.0,0.0,True,1.0,False,False,2026-05-31,904,False
SHERA,SHERA ENERGY,A,6.0,True,Track A Defensive | Div 0.0% | Beta -0.08 | Tier WATCHLIST_CONFIRMED,CAUTION,False,WATCHLIST_CONFIRMED,50.0,8.0,6.0,0.0,-0.078,-7.33,True,0.4,False,False,2026-05-31,905,False
JYOTICNC,JYOTI CNC AUTO.,A,9.5,True,Track A Defensive | Div 0.0% | Beta 0.00 | Tier WATCHLIST_CONFIRMED,CAUTION,False,WATCHLIST_CONFIRMED,50.0,15.0,8.0,0.0,0.0,0.0,True,1.0,False,False,2026-05-31,906,False
ENRIN,SIEMENS ENER.IND,A,9.5,True,Track A Defensive | Div 0.0% | Beta 0.08 | Tier WATCHLIST_EXTERNAL,CAUTION,False,WATCHLIST_EXTERNAL,50.0,15.0,2.0,0.0,0.078,0.0,True,2.11,False,False,2026-05-31,907,False
MAXHEALTH,MAX HEALTHCARE,A,9.05,True,Track A Defensive | Div 0.1% | Beta 0.00 | Tier WATCHLIST_CONFIRMED,CAUTION,False,WATCHLIST_CONFIRMED,50.0,11.0,13.0,0.15,0.0,0.0,True,1.0,False,False,2026-05-31,908,False
QUESTLAB,QUEST LABORATO.,A,8.5,True,Track A Defensive | Div 0.0% | Beta 0.01 | Tier WATCHLIST_CONFIRMED,CAUTION,False,WATCHLIST_CONFIRMED,50.0,13.0,6.0,0.0,0.013,-23.44,True,0.49,False,False,2026-05-31,909,False
SAGILITY,SAGILITY,A,7.32,True,Track A Defensive | Div 0.1% | Beta 0.00 | Tier WATCHLIST_CONFIRMED,CAUTION,False,WATCHLIST_CONFIRMED,50.0,8.0,11.0,0.13,0.0,0.0,True,1.0,False,False,2026-05-31,910,False
RAMCOCEM,THE RAMCO CEMENT,A,6.15,True,Track A Defensive | Div 0.2% | Beta 0.00 | Tier WATCHLIST_EXTERNAL,CAUTION,False,WATCHLIST_EXTERNAL,50.0,4.0,7.0,0.21,0.0,0.0,True,1.0,False,False,2026-05-31,911,False
NUCLEUS,NUCLEUS SOFT.,A,27.24,True,Track A Defensive | Div 1.5% | Beta 0.01 | Tier WATCHLIST_CONFIRMED,CAUTION,False,WATCHLIST_CONFIRMED,50.0,20.0,8.0,1.52,0.008,-39.78,True,0.6,False,False,2026-05-31,912,False
VIKRAN,VIKRAN ENGG.,A,7.0,True,Track A Defensive | Div 0.0% | Beta 0.00 | Tier WATCHLIST_EXTERNAL,CAUTION,False,WATCHLIST_EXTERNAL,50.0,10.0,6.0,0.0,0.0,0.0,True,1.0,False,False,2026-05-31,913,False
SETL,STANDARD ENGINEERING TECHNOLOGY,A,8.0,True,Track A Defensive | Div 0.0% | Beta 0.00 | Tier WATCHLIST_CONFIRMED,CAUTION,False,WATCHLIST_CONFIRMED,50.0,12.0,10.0,0.0,0.0,0.0,True,1.0,False,False,2026-05-31,914,False
SOMANYCERA,SOMANY CERAMICS,A,13.78,True,Track A Defensive | Div 0.8% | Beta 0.00 | Tier WATCHLIST_CONFIRMED,CAUTION,False,WATCHLIST_CONFIRMED,50.0,8.0,7.0,0.78,0.0,0.0,True,1.0,False,False,2026-05-31,915,False
COFORGE,COFORGE,A,24.76,True,Track A Defensive | Div 1.4% | Beta 0.00 | Tier WATCHLIST_CONFIRMED,CAUTION,False,WATCHLIST_CONFIRMED,50.0,17.0,10.0,1.43,0.0,0.0,True,1.0,False,False,2026-05-31,916,False
EFCIL,EFC (I),A,6.0,True,Track A Defensive | Div 0.0% | Beta 0.00 | Tier WATCHLIST_EXTERNAL,CAUTION,False,WATCHLIST_EXTERNAL,50.0,8.0,5.0,0.0,0.0,0.0,True,1.0,False,False,2026-05-31,917,False
DEEPAKFERT,DEEPAK FERTILIS.,A,19.37,True,Track A Defensive | Div 1.1% | Beta 0.00 | Tier WATCHLIST_CONFIRMED,CAUTION,False,WATCHLIST_CONFIRMED,50.0,13.0,6.0,1.09,0.0,0.0,True,1.0,False,False,2026-05-31,918,False
AHCL,ANLON HEALTHCARE,A,9.5,True,Track A Defensive | Div 0.0% | Beta -0.03 | Tier WATCHLIST_CONFIRMED,CAUTION,False,WATCHLIST_CONFIRMED,50.0,15.0,2.0,0.0,-0.032,-17.86,True,1.96,False,False,2026-05-31,919,False
BHAGERIA,BHAGERIA INDUST.,A,16.53,True,Track A Defensive | Div 1.1% | Beta 0.00 | Tier WATCHLIST_CONFIRMED,CAUTION,False,WATCHLIST_CONFIRMED,50.0,8.0,6.0,1.05,0.0,0.0,True,1.0,False,False,2026-05-31,920,False
APOLLOHOSP,APOLLO HOSPITALS,A,15.56,True,Track A Defensive | Div 0.3% | Beta -0.12 | Tier WATCHLIST_CONFIRMED,CAUTION,False,WATCHLIST_CONFIRMED,50.0,16.0,7.0,0.26,-0.121,-2.71,True,1.16,False,False,2026-05-31,921,False
ASAHIINDIA,ASAHI INDIA GLAS,A,12.45,True,Track A Defensive | Div 0.2% | Beta 0.18 | Tier WATCHLIST_CONFIRMED,CAUTION,False,WATCHLIST_CONFIRMED,50.0,16.0,6.0,0.25,0.185,-15.36,True,3.53,False,False,2026-05-31,922,False
ASTERDM,ASTER DM HEALTH.,A,16.94,True,Track A Defensive | Div 0.8% | Beta 0.00 | Tier WATCHLIST_CONFIRMED,CAUTION,False,WATCHLIST_CONFIRMED,50.0,14.0,11.0,0.79,0.0,0.0,True,1.0,False,False,2026-05-31,923,False
AVG,AVG LOGISTICS,A,12.54,True,Track A Defensive | Div 0.7% | Beta 0.00 | Tier WATCHLIST_EXTERNAL,CAUTION,False,WATCHLIST_EXTERNAL,50.0,7.0,5.0,0.7,0.0,0.0,True,1.0,False,False,2026-05-31,924,False
JKTYRE,JK TYRE & INDUST,A,12.69,True,Track A Defensive | Div 0.7% | Beta 0.00 | Tier WATCHLIST_CONFIRMED,CAUTION,False,WATCHLIST_CONFIRMED,50.0,7.0,10.0,0.72,0.0,0.0,True,1.0,False,False,2026-05-31,925,False
INFY,INFOSYS,A,51.34,True,Track A Defensive | Div 3.9% | Beta 0.00 | Tier WATCHLIST_CONFIRMED,CAUTION,False,WATCHLIST_CONFIRMED,50.0,20.0,7.0,3.93,0.0,0.0,True,1.0,False,False,2026-05-31,926,False
LANDMARK,LANDMARK CARS,A,5.33,True,Track A Defensive | Div 0.1% | Beta 0.00 | Tier WATCHLIST_CONFIRMED,CAUTION,False,WATCHLIST_CONFIRMED,50.0,4.0,11.0,0.13,0.0,0.0,True,1.0,False,False,2026-05-31,927,False
METROPOLIS,METROPOLIS HEALT,A,11.74,True,Track A Defensive | Div 0.2% | Beta 0.03 | Tier WATCHLIST_CONFIRMED,CAUTION,False,WATCHLIST_CONFIRMED,50.0,15.0,7.0,0.22,0.03,-0.62,True,0.39,False,False,2026-05-31,928,False
KELLTONTEC,KELLTON TECH,A,11.5,True,Track A Defensive | Div 0.0% | Beta 0.00 | Tier WATCHLIST_CONFIRMED,CAUTION,False,WATCHLIST_CONFIRMED,50.0,19.0,3.0,0.0,0.0,0.0,True,1.0,False,False,2026-05-31,929,False
KSCL,KAVERI SEED CO.,A,17.06,True,Track A Defensive | Div 0.6% | Beta 0.07 | Tier WATCHLIST_EXTERNAL,CAUTION,False,WATCHLIST_EXTERNAL,50.0,18.0,6.0,0.61,0.073,-41.64,True,1.53,False,False,2026-05-31,930,False
FINPIPE,FINOLEX INDS.,A,20.0,True,Track A Defensive | Div 1.1% | Beta 0.00 | Tier WATCHLIST_CONFIRMED,CAUTION,False,WATCHLIST_CONFIRMED,50.0,13.0,6.0,1.15,0.0,0.0,True,1.0,False,False,2026-05-31,931,False
EMKAY,EMK.GLOBAL FIN.,A,12.34,True,Track A Defensive | Div 0.7% | Beta 0.00 | Tier WATCHLIST_CONFIRMED,CAUTION,False,WATCHLIST_CONFIRMED,50.0,7.0,10.0,0.68,0.0,0.0,True,1.0,False,False,2026-05-31,932,False
GVT&D,GE VERNOVA T&D,A,13.34,True,Track A Defensive | Div 0.1% | Beta 0.00 | Tier WATCHLIST_EXTERNAL,CAUTION,False,WATCHLIST_EXTERNAL,49.0,20.0,1.0,0.13,0.0,0.0,True,1.0,False,False,2026-05-31,933,False
GUJTHEM,GUJ. THEMIS BIO.,A,14.41,True,Track A Defensive | Div 0.2% | Beta 0.00 | Tier WATCHLIST_CONFIRMED,CAUTION,False,WATCHLIST_CONFIRMED,49.0,20.0,3.0,0.24,0.0,0.0,True,1.0,False,False,2026-05-31,934,False
KTKBANK,KARNATAKA BANK,A,23.89,True,Track A Defensive | Div 2.1% | Beta 0.02 | Tier WATCHLIST_EXTERNAL,CAUTION,False,WATCHLIST_EXTERNAL,49.0,1.0,5.0,2.14,0.023,-1.84,True,1.15,False,False,2026-05-31,935,False
AZAD,AZAD ENGINEERING,A,7.5,True,Track A Defensive | Div 0.0% | Beta 0.00 | Tier WATCHLIST_EXTERNAL,CAUTION,False,WATCHLIST_EXTERNAL,49.0,11.0,10.0,0.0,0.0,0.0,True,1.0,False,False,2026-05-31,936,False
COCHINSHIP,COCHIN SHIPYARD,A,15.13,True,Track A Defensive | Div 0.7% | Beta 0.00 | Tier WATCHLIST_CONFIRMED,CAUTION,False,WATCHLIST_CONFIRMED,49.0,12.0,6.0,0.71,0.0,0.0,True,1.0,False,False,2026-05-31,937,False
INDIANCARD,INDIAN CARDCLOTH,A,9.5,True,Track A Defensive | Div 0.0% | Beta 0.00 | Tier WATCHLIST_EXTERNAL,CAUTION,False,WATCHLIST_EXTERNAL,49.0,15.0,0.0,0.0,0.0,0.0,True,1.0,False,False,2026-05-31,938,False
HINDOILEXP,HIND.OIL EXPLOR.,A,6.0,True,Track A Defensive | Div 0.0% | Beta 0.00 | Tier WATCHLIST_EXTERNAL,CAUTION,False,WATCHLIST_EXTERNAL,49.0,8.0,12.0,0.0,0.0,0.0,True,1.0,False,False,2026-05-31,939,False
SANSERA,SANSERA ENGINEE.,A,8.48,True,Track A Defensive | Div 0.1% | Beta 0.00 | Tier WATCHLIST_CONFIRMED,CAUTION,False,WATCHLIST_CONFIRMED,49.0,10.0,13.0,0.15,0.0,0.0,True,1.0,False,False,2026-05-31,940,False
PYRAMID,PYRAMID TECHNOPL,A,12.84,True,Track A Defensive | Div 0.3% | Beta 0.00 | Tier WATCHLIST_CONFIRMED,CAUTION,False,WATCHLIST_CONFIRMED,49.0,15.0,1.0,0.33,0.0,0.0,True,1.0,False,False,2026-05-31,941,False
PNGSREVA,PNGS REVA DIAMO.,A,11.5,True,Track A Defensive | Div 0.0% | Beta 0.00 | Tier WATCHLIST_CONFIRMED,CAUTION,False,WATCHLIST_CONFIRMED,49.0,19.0,1.0,0.0,0.0,0.0,True,1.0,False,False,2026-05-31,942,False
ROLEXRINGS,ROLEX RINGS,A,12.0,True,Track A Defensive | Div 0.0% | Beta 0.00 | Tier WATCHLIST_CONFIRMED,CAUTION,False,WATCHLIST_CONFIRMED,49.0,20.0,2.0,0.0,0.0,0.0,True,1.0,False,False,2026-05-31,943,False
RVNL,RAIL VIKAS,A,15.98,True,Track A Defensive | Div 0.7% | Beta 0.00 | Tier WATCHLIST_EXTERNAL,CAUTION,False,WATCHLIST_EXTERNAL,49.0,15.0,2.0,0.65,0.0,0.0,True,1.0,False,False,2026-05-31,944,False
RBLBANK,RBL BANK,A,5.83,True,Track A Defensive | Div 0.3% | Beta 0.09 | Tier WATCHLIST_EXTERNAL,CAUTION,False,WATCHLIST_EXTERNAL,49.0,1.0,11.0,0.33,0.094,-0.93,True,1.14,False,False,2026-05-31,945,False
PARKHOSPS,PARK MEDI WORLD,A,11.0,True,Track A Defensive | Div 0.0% | Beta -0.05 | Tier WATCHLIST_CONFIRMED,CAUTION,False,WATCHLIST_CONFIRMED,49.0,18.0,1.0,0.0,-0.046,0.0,True,1.02,False,False,2026-05-31,946,False
ORIENTTECH,ORIENT TECH.,A,10.0,True,Track A Defensive | Div 0.0% | Beta 0.03 | Tier WATCHLIST_CONFIRMED,CAUTION,False,WATCHLIST_CONFIRMED,49.0,16.0,2.0,0.0,0.027,-41.94,True,0.69,False,False,2026-05-31,947,False
WONDERLA,WONDERLA HOLIDAY,A,9.34,True,Track A Defensive | Div 0.4% | Beta 0.00 | Tier WATCHLIST_CONFIRMED,CAUTION,False,WATCHLIST_CONFIRMED,49.0,7.0,10.0,0.38,0.0,0.0,True,1.0,False,False,2026-05-31,948,False
YUKEN,YUKEN INDIA,A,11.7,True,Track A Defensive | Div 0.2% | Beta 0.00 | Tier WATCHLIST_CONFIRMED,CAUTION,False,WATCHLIST_CONFIRMED,49.0,15.0,5.0,0.22,0.0,0.0,True,1.0,False,False,2026-05-31,949,False
SYNGENE,SYNGENE INTL.,A,12.5,True,Track A Defensive | Div 0.3% | Beta 0.00 | Tier WATCHLIST_CONFIRMED,CAUTION,False,WATCHLIST_CONFIRMED,49.0,15.0,7.0,0.3,0.0,0.0,True,1.0,False,False,2026-05-31,950,False
SENCO,SENCO GOLD,A,7.42,True,Track A Defensive | Div 0.3% | Beta 0.00 | Tier WATCHLIST_CONFIRMED,CAUTION,False,WATCHLIST_CONFIRMED,49.0,4.0,12.0,0.34,0.0,0.0,True,1.0,False,False,2026-05-31,951,False
SAKAR,SAKAR HEALTHCARE,A,7.5,True,Track A Defensive | Div 0.0% | Beta 0.00 | Tier WATCHLIST_CONFIRMED,CAUTION,False,WATCHLIST_CONFIRMED,49.0,11.0,11.0,0.0,0.0,0.0,True,1.0,False,False,2026-05-31,952,False
CAPITALSFB,CAPITAL SMALL,A,19.58,True,Track A Defensive | Div 1.7% | Beta 0.03 | Tier WATCHLIST_EXTERNAL,CAUTION,False,WATCHLIST_EXTERNAL,49.0,2.0,8.0,1.66,0.032,-14.56,True,0.5,False,False,2026-05-31,953,False
BANSALWIRE,BANSAL WIRE INDS,A,8.0,True,Track A Defensive | Div 0.0% | Beta 0.00 | Tier WATCHLIST_CONFIRMED,CAUTION,False,WATCHLIST_CONFIRMED,49.0,12.0,6.0,0.0,0.0,0.0,True,1.0,False,False,2026-05-31,954,False
LXCHEM,LAXMI ORGANIC,A,9.68,True,Track A Defensive | Div 0.4% | Beta 0.00 | Tier WATCHLIST_EXTERNAL,CAUTION,False,WATCHLIST_EXTERNAL,49.0,7.0,8.0,0.42,0.0,0.0,True,1.0,False,False,2026-05-31,955,False
KPIL,KALPATARU PROJ.,A,14.39,True,Track A Defensive | Div 0.8% | Beta 0.00 | Tier WATCHLIST_EXTERNAL,CAUTION,False,WATCHLIST_EXTERNAL,49.0,8.0,7.0,0.84,0.0,0.0,True,1.0,False,False,2026-05-31,956,False
EMMVEE,EMMVEE PHOTOVOL.,A,11.0,True,Track A Defensive | Div 0.0% | Beta 0.00 | Tier WATCHLIST_EXTERNAL,CAUTION,False,WATCHLIST_EXTERNAL,49.0,18.0,6.0,0.0,0.0,0.0,True,1.0,False,False,2026-05-31,957,False
GGBL,GANESH GREEN,A,8.0,True,Track A Defensive | Div 0.0% | Beta 0.09 | Tier WATCHLIST_EXTERNAL,CAUTION,False,WATCHLIST_EXTERNAL,49.0,12.0,10.0,0.0,0.086,-36.27,False,1.48,False,False,2026-05-31,958,False
GLAND,GLAND PHARMA,A,17.21,True,Track A Defensive | Div 1.1% | Beta 0.00 | Tier WATCHLIST_CONFIRMED,CAUTION,False,WATCHLIST_CONFIRMED,49.0,8.0,11.0,1.12,0.0,0.0,True,1.0,False,False,2026-05-31,959,False
NRBBEARING,NRB BEARINGS,A,37.02,True,Track A Defensive | Div 2.8% | Beta 0.03 | Tier WATCHLIST_CONFIRMED,CAUTION,False,WATCHLIST_CONFIRMED,48.0,15.0,1.0,2.75,0.034,-4.18,True,0.38,False,False,2026-05-31,960,False
SUDEEPPHRM,SUDEEP PHARMA,A,11.0,True,Track A Defensive | Div 0.0% | Beta 0.00 | Tier WATCHLIST_CONFIRMED,CAUTION,False,WATCHLIST_CONFIRMED,48.0,18.0,5.0,0.0,0.0,0.0,True,1.0,False,False,2026-05-31,961,False
CEATLTD,CEAT,A,14.48,True,Track A Defensive | Div 0.8% | Beta 0.00 | Tier WATCHLIST_CONFIRMED,CAUTION,False,WATCHLIST_CONFIRMED,48.0,8.0,13.0,0.85,0.0,0.0,True,1.0,False,False,2026-05-31,962,False
PATELRMART,PATEL RETAIL,A,10.0,True,Track A Defensive | Div 0.0% | Beta -0.03 | Tier WATCHLIST_CONFIRMED,CAUTION,False,WATCHLIST_CONFIRMED,48.0,16.0,7.0,0.0,-0.032,-36.88,True,1.32,False,False,2026-05-31,963,False
VSTL,VIBHOR STEEL,A,6.0,True,Track A Defensive | Div 0.0% | Beta 0.00 | Tier WATCHLIST_CONFIRMED,CAUTION,False,WATCHLIST_CONFIRMED,48.0,8.0,5.0,0.0,0.0,0.0,True,1.0,False,False,2026-05-31,964,False
SHREERAMA,SH. RAMA MULTI.,A,11.0,True,Track A Defensive | Div 0.0% | Beta 0.00 | Tier WATCHLIST_CONFIRMED,CAUTION,False,WATCHLIST_CONFIRMED,48.0,18.0,1.0,0.0,0.0,0.0,True,1.0,False,False,2026-05-31,965,False
SBGLP,SURATWWALA BUSI.,A,8.88,True,Track A Defensive | Div 0.4% | Beta 0.00 | Tier WATCHLIST_EXTERNAL,CAUTION,False,WATCHLIST_EXTERNAL,48.0,6.0,8.0,0.39,0.0,0.0,True,1.0,False,False,2026-05-31,966,False
BIRLACABLE,BIRLA CABLE,A,6.5,True,Track A Defensive | Div 0.0% | Beta 0.09 | Tier WATCHLIST_EXTERNAL,CAUTION,False,WATCHLIST_EXTERNAL,48.0,9.0,10.0,0.0,0.085,-6.8,True,1.05,False,False,2026-05-31,967,False
CUPID,CUPID,A,5.0,True,Track A Defensive | Div 0.0% | Beta 0.00 | Tier WATCHLIST_EXTERNAL,CAUTION,False,WATCHLIST_EXTERNAL,48.0,6.0,7.0,0.0,0.0,0.0,True,1.0,False,False,2026-05-31,968,False
BELRISE,BELRISE INDUSTRI,A,11.47,True,Track A Defensive | Div 0.3% | Beta 0.00 | Tier WATCHLIST_CONFIRMED,CAUTION,False,WATCHLIST_CONFIRMED,48.0,13.0,10.0,0.3,0.0,0.0,True,1.0,False,False,2026-05-31,969,False
JAICORPLTD,JAI CORP,A,10.71,True,Track A Defensive | Div 0.5% | Beta 0.00 | Tier WATCHLIST_CONFIRMED,CAUTION,False,WATCHLIST_CONFIRMED,48.0,8.0,7.0,0.47,0.0,0.0,True,1.0,False,False,2026-05-31,970,False
GUFICBIO,GUFIC BIOSCIENCE,A,10.34,True,Track A Defensive | Div 0.0% | Beta 0.00 | Tier WATCHLIST_CONFIRMED,CAUTION,False,WATCHLIST_CONFIRMED,48.0,16.0,7.0,0.03,0.0,0.0,True,1.0,False,False,2026-05-31,971,False
HLEGLAS,HLE GLASCOAT,A,10.32,True,Track A Defensive | Div 0.4% | Beta 0.00 | Tier WATCHLIST_CONFIRMED,CAUTION,False,WATCHLIST_CONFIRMED,48.0,9.0,8.0,0.38,0.0,0.0,True,1.0,False,False,2026-05-31,972,False
HINDCOPPER,HINDUSTAN COPPER,A,15.02,True,Track A Defensive | Div 0.3% | Beta 0.00 | Tier WATCHLIST_EXTERNAL,CAUTION,False,WATCHLIST_EXTERNAL,48.0,20.0,2.0,0.3,0.0,0.0,True,1.0,False,False,2026-05-31,973,False
HINDALCO,HINDALCO INDS.,A,14.14,True,Track A Defensive | Div 0.6% | Beta 0.00 | Tier WATCHLIST_EXTERNAL,CAUTION,False,WATCHLIST_EXTERNAL,48.0,13.0,7.0,0.56,0.0,0.0,True,1.0,False,False,2026-05-31,974,False
HGINFRA,H.G. INFRA ENGG.,A,8.58,True,Track A Defensive | Div 0.4% | Beta 0.00 | Tier WATCHLIST_EXTERNAL,CAUTION,False,WATCHLIST_EXTERNAL,48.0,5.0,10.0,0.41,0.0,0.0,True,1.0,False,False,2026-05-31,975,False
DOLATALGO,DOLAT ALGOTECH,A,9.5,True,Track A Defensive | Div 0.0% | Beta 0.00 | Tier WATCHLIST_CONFIRMED,CAUTION,False,WATCHLIST_CONFIRMED,47.0,15.0,7.0,0.0,0.0,0.0,True,1.0,False,False,2026-05-31,976,False
NIACL,NEW INDIA ASSURA,A,16.15,True,Track A Defensive | Div 1.4% | Beta -0.01 | Tier WATCHLIST_EXTERNAL,CAUTION,False,WATCHLIST_EXTERNAL,47.0,1.0,5.0,1.36,-0.009,-22.27,True,0.64,False,False,2026-05-31,977,False
VIJAYA,VIJAYA DIAGNOST.,A,14.19,True,Track A Defensive | Div 0.2% | Beta 0.00 | Tier WATCHLIST_CONFIRMED,CAUTION,False,WATCHLIST_CONFIRMED,47.0,20.0,3.0,0.22,0.0,0.0,True,1.0,False,False,2026-05-31,978,False
THOMASCOOK,THOMAS COOK (I),A,11.36,True,Track A Defensive | Div 0.4% | Beta 0.07 | Tier WATCHLIST_EXTERNAL,CAUTION,False,WATCHLIST_EXTERNAL,47.0,10.0,5.0,0.44,0.067,-51.05,True,1.83,False,False,2026-05-31,979,False
CARTRADE,CARTRADE TECH,A,6.0,True,Track A Defensive | Div 0.0% | Beta 0.00 | Tier WATCHLIST_EXTERNAL,CAUTION,False,WATCHLIST_EXTERNAL,47.0,8.0,10.0,0.0,0.0,0.0,True,1.0,False,False,2026-05-31,980,False
IRCON,IRCON INTL.,A,25.21,True,Track A Defensive | Div 2.1% | Beta 0.00 | Tier WATCHLIST_EXTERNAL,CAUTION,False,WATCHLIST_EXTERNAL,47.0,4.0,6.0,2.12,0.0,0.0,True,1.0,False,False,2026-05-31,981,False
KOTAKBANK,KOTAK MAH. BANK,A,7.86,True,Track A Defensive | Div 0.1% | Beta -0.12 | Tier WATCHLIST_EXTERNAL,CAUTION,False,WATCHLIST_EXTERNAL,47.0,3.0,12.0,0.14,-0.125,-13.73,True,1.06,False,False,2026-05-31,982,False
GEECEE,GEECEE VENT.,A,11.7,True,Track A Defensive | Div 0.8% | Beta 0.00 | Tier WATCHLIST_EXTERNAL,CAUTION,False,WATCHLIST_EXTERNAL,46.0,4.0,6.0,0.77,0.0,0.0,True,1.0,False,False,2026-05-31,983,False
INDSWFTLAB,IND-SWIFT LABS.,A,9.5,True,Track A Defensive | Div 0.0% | Beta 0.00 | Tier WATCHLIST_CONFIRMED,CAUTION,False,WATCHLIST_CONFIRMED,46.0,15.0,6.0,0.0,0.0,0.0,True,1.0,False,False,2026-05-31,984,False
TATAPOWER,TATA POWER CO.,A,7.53,True,Track A Defensive | Div 0.6% | Beta 0.00 | Tier WATCHLIST_EXTERNAL,CAUTION,False,WATCHLIST_EXTERNAL,46.0,0.0,11.0,0.55,0.0,0.0,True,1.0,False,False,2026-05-31,985,False
BEARDSELL,BEARDSELL,A,12.71,True,Track A Defensive | Div 0.4% | Beta 0.00 | Tier WATCHLIST_EXTERNAL,CAUTION,False,WATCHLIST_EXTERNAL,46.0,13.0,5.0,0.42,0.0,0.0,True,1.0,False,False,2026-05-31,986,False
SANOFI,SANOFI INDIA,A,67.71,True,Track A Defensive | Div 5.6% | Beta 0.00 | Tier WATCHLIST_CONFIRMED,CAUTION,False,WATCHLIST_CONFIRMED,46.0,19.0,1.0,5.62,0.0,0.0,True,1.0,False,False,2026-05-31,987,False
PICCADIL,PICCADILY AGRO,A,8.0,True,Track A Defensive | Div 0.0% | Beta 0.00 | Tier WATCHLIST_EXTERNAL,CAUTION,False,WATCHLIST_EXTERNAL,46.0,12.0,7.0,0.0,0.0,0.0,True,1.0,False,False,2026-05-31,988,False
RPTECH,RASHI PERIPHERAL,A,14.34,True,Track A Defensive | Div 0.6% | Beta 0.00 | Tier WATCHLIST_EXTERNAL,CAUTION,False,WATCHLIST_EXTERNAL,46.0,13.0,1.0,0.58,0.0,0.0,True,1.0,False,False,2026-05-31,989,False
NRL,NUPUR RECYCLERS,A,6.5,True,Track A Defensive | Div 0.0% | Beta 0.26 | Tier WATCHLIST_EXTERNAL,CAUTION,False,WATCHLIST_EXTERNAL,46.0,9.0,3.0,0.0,0.258,-26.22,True,4.78,False,False,2026-05-31,990,False
MMFL,M M FORGINGS,A,17.36,True,Track A Defensive | Div 0.9% | Beta 0.00 | Tier WATCHLIST_CONFIRMED,CAUTION,False,WATCHLIST_CONFIRMED,46.0,12.0,6.0,0.94,0.0,0.0,True,1.0,False,False,2026-05-31,991,False
PARAGMILK,PARAG MILK FOODS,A,12.95,True,Track A Defensive | Div 0.5% | Beta 0.09 | Tier WATCHLIST_EXTERNAL,CAUTION,False,WATCHLIST_EXTERNAL,46.0,12.0,5.0,0.5,0.087,-40.17,True,1.19,False,False,2026-05-31,992,False
ORIENTHOT,ORIENTAL HOTELS,A,10.96,True,Track A Defensive | Div 0.6% | Beta 0.03 | Tier WATCHLIST_EXTERNAL,CAUTION,False,WATCHLIST_EXTERNAL,46.0,7.0,10.0,0.55,0.025,-41.95,True,0.87,False,False,2026-05-31,993,False
TATVA,TATVA CHINTAN,A,6.38,True,Track A Defensive | Div 0.1% | Beta 0.00 | Tier WATCHLIST_EXTERNAL,CAUTION,False,WATCHLIST_EXTERNAL,46.0,7.0,8.0,0.09,0.0,0.0,True,1.0,False,False,2026-05-31,994,False
TENNIND,TENNECO CLEAN,A,9.5,True,Track A Defensive | Div 0.0% | Beta -0.03 | Tier WATCHLIST_CONFIRMED,CAUTION,False,WATCHLIST_CONFIRMED,46.0,15.0,1.0,0.0,-0.031,-9.68,True,1.86,False,False,2026-05-31,995,False
WESTLIFE,WESTLIFE FOOD,A,5.24,True,Track A Defensive | Div 0.2% | Beta 0.00 | Tier WATCHLIST_EXTERNAL,CAUTION,False,WATCHLIST_EXTERNAL,46.0,3.0,10.0,0.17,0.0,0.0,True,1.0,False,False,2026-05-31,996,False
WELENT,WELSPUN ENTERP,A,12.02,True,Track A Defensive | Div 0.7% | Beta 0.00 | Tier WATCHLIST_EXTERNAL,CAUTION,False,WATCHLIST_EXTERNAL,46.0,7.0,6.0,0.65,0.0,0.0,True,1.0,False,False,2026-05-31,997,False
SRTL,SHREE RAM TWIST.,A,5.5,True,Track A Defensive | Div 0.0% | Beta 0.00 | Tier WATCHLIST_EXTERNAL,CAUTION,False,WATCHLIST_EXTERNAL,46.0,7.0,5.0,0.0,0.0,0.0,True,1.0,False,False,2026-05-31,998,False
SIEMENS,SIEMENS,A,13.81,True,Track A Defensive | Div 0.4% | Beta 0.00 | Tier WATCHLIST_EXTERNAL,CAUTION,False,WATCHLIST_EXTERNAL,46.0,16.0,7.0,0.38,0.0,0.0,True,1.0,False,False,2026-05-31,999,False
BRIGHOTEL,BRIGADE HOTEL,A,5.5,True,Track A Defensive | Div 0.0% | Beta 0.00 | Tier WATCHLIST_EXTERNAL,CAUTION,False,WATCHLIST_EXTERNAL,46.0,7.0,10.0,0.0,0.0,0.0,True,1.0,False,False,2026-05-31,1000,False
EIDPARRY,EID PARRY,A,9.5,True,Track A Defensive | Div 0.0% | Beta 0.00 | Tier WATCHLIST_EXTERNAL,CAUTION,False,WATCHLIST_EXTERNAL,46.0,15.0,3.0,0.0,0.0,0.0,True,1.0,False,False,2026-05-31,1001,False
CROMPTON,CROMPTON GR. CON,A,24.23,True,Track A Defensive | Div 1.2% | Beta 0.00 | Tier WATCHLIST_CONFIRMED,CAUTION,False,WATCHLIST_CONFIRMED,46.0,20.0,1.0,1.22,0.0,0.0,True,1.0,False,False,2026-05-31,1002,False
COMSYN,COMMERL. SYNBAGS,A,10.1,True,Track A Defensive | Div 0.3% | Beta 0.00 | Tier WATCHLIST_EXTERNAL,CAUTION,False,WATCHLIST_EXTERNAL,46.0,11.0,1.0,0.26,0.0,0.0,True,1.0,False,False,2026-05-31,1003,False
360ONE,360 ONE,A,16.46,True,Track A Defensive | Div 1.1% | Beta -0.04 | Tier WATCHLIST_CONFIRMED,CAUTION,False,WATCHLIST_CONFIRMED,46.0,6.0,14.0,1.15,-0.04,-10.89,True,0.8,False,False,2026-05-31,1004,False
ADVENZYMES,ADVANCED ENZYME,A,29.12,True,Track A Defensive | Div 1.9% | Beta -0.03 | Tier WATCHLIST_CONFIRMED,CAUTION,False,WATCHLIST_CONFIRMED,46.0,16.0,2.0,1.91,-0.033,-6.76,True,0.22,False,False,2026-05-31,1005,False
BBOX,BLACK BOX,A,7.47,True,Track A Defensive | Div 0.2% | Beta 0.00 | Tier WATCHLIST_CONFIRMED,CAUTION,False,WATCHLIST_CONFIRMED,46.0,7.0,10.0,0.2,0.0,0.0,True,1.0,False,False,2026-05-31,1006,False
GILLANDERS,GILLANDERS ARBUT,A,5.5,True,Track A Defensive | Div 0.0% | Beta 0.00 | Tier WATCHLIST_EXTERNAL,CAUTION,False,WATCHLIST_EXTERNAL,46.0,7.0,5.0,0.0,0.0,0.0,True,1.0,False,False,2026-05-31,1007,False
GHCLTEXTIL,GHCL TEXTILES,A,10.66,True,Track A Defensive | Div 0.7% | Beta 0.00 | Tier WATCHLIST_EXTERNAL,CAUTION,False,WATCHLIST_EXTERNAL,46.0,4.0,2.0,0.67,0.0,0.0,True,1.0,False,False,2026-05-31,1008,False
GREENPANEL,GREENPANEL INDS.,A,5.5,True,Track A Defensive | Div 0.0% | Beta 0.00 | Tier WATCHLIST_CONFIRMED,CAUTION,False,WATCHLIST_CONFIRMED,46.0,7.0,11.0,0.0,0.0,0.0,True,1.0,False,False,2026-05-31,1009,False
ZYDUSWELL,ZYDUS WELLNESS,A,10.83,True,Track A Defensive | Div 0.3% | Beta 0.00 | Tier WATCHLIST_EXTERNAL,CAUTION,False,WATCHLIST_EXTERNAL,46.0,12.0,6.0,0.28,0.0,0.0,True,1.0,False,False,2026-05-31,1010,False
J&KBANK,J & K BANK,A,21.94,True,Track A Defensive | Div 1.8% | Beta -0.05 | Tier WATCHLIST_EXTERNAL,CAUTION,False,WATCHLIST_EXTERNAL,45.0,4.0,5.0,1.79,-0.047,-2.45,True,0.72,False,False,2026-05-31,1011,False
NLCINDIA,NLC INDIA,A,14.07,True,Track A Defensive | Div 1.1% | Beta 0.00 | Tier WATCHLIST_EXTERNAL,CAUTION,False,WATCHLIST_EXTERNAL,45.0,2.0,6.0,1.11,0.002,-6.3,True,0.85,False,False,2026-05-31,1012,False
RAJRATAN,RAJRATAN GLOBAL,A,14.82,True,Track A Defensive | Div 0.5% | Beta 0.00 | Tier WATCHLIST_CONFIRMED,CAUTION,False,WATCHLIST_CONFIRMED,45.0,15.0,2.0,0.53,0.0,0.0,True,1.0,False,False,2026-05-31,1013,False
MOREPENLAB,MOREPEN LABS.,A,14.89,True,Track A Defensive | Div 0.5% | Beta 0.15 | Tier WATCHLIST_CONFIRMED,CAUTION,False,WATCHLIST_CONFIRMED,45.0,15.0,6.0,0.54,0.146,-35.54,True,1.75,False,False,2026-05-31,1014,False
UNICHEMLAB,UNICHEM LABS.,A,6.0,True,Track A Defensive | Div 0.0% | Beta 0.00 | Tier WATCHLIST_CONFIRMED,CAUTION,False,WATCHLIST_CONFIRMED,45.0,8.0,7.0,0.0,0.0,0.0,True,1.0,False,False,2026-05-31,1015,False
VINDHYATEL,VINDHYA TELELINK,A,18.93,True,Track A Defensive | Div 1.5% | Beta 0.00 | Tier WATCHLIST_EXTERNAL,CAUTION,False,WATCHLIST_EXTERNAL,45.0,4.0,7.0,1.49,0.0,0.0,True,1.0,False,False,2026-05-31,1016,False
SIGACHI,SIGACHI INDUST.,A,9.5,True,Track A Defensive | Div 0.0% | Beta -0.01 | Tier WATCHLIST_CONFIRMED,CAUTION,False,WATCHLIST_CONFIRMED,45.0,15.0,9.0,0.0,-0.005,-63.75,True,1.23,False,False,2026-05-31,1017,False
SIGACHI,SIGACHI INDUST.,B,31.499999999999996,False,Track B Deep Value | Down 64% from high | Missing: Vol surge 1.2× (need 1.5×); No insider buy in 60d,CAUTION,False,WATCHLIST_CONFIRMED,45.0,15.0,9.0,0.0,-0.005,-63.75,True,1.23,False,False,2026-05-31,17,False
DHARMAJ,DHARMAJ CROP,A,9.5,True,Track A Defensive | Div 0.0% | Beta 0.00 | Tier WATCHLIST_EXTERNAL,CAUTION,False,WATCHLIST_EXTERNAL,45.0,15.0,4.0,0.0,0.0,0.0,True,1.0,False,False,2026-05-31,1018,False
CROWN,CROWN LIFTERS,A,8.5,True,Track A Defensive | Div 0.0% | Beta 0.00 | Tier WATCHLIST_CONFIRMED,CAUTION,False,WATCHLIST_CONFIRMED,45.0,13.0,4.0,0.0,0.0,0.0,True,1.0,False,False,2026-05-31,1019,False
ABDL,ALLIED BLENDERS,A,16.75,True,Track A Defensive | Div 0.9% | Beta 0.15 | Tier WATCHLIST_EXTERNAL,CAUTION,False,WATCHLIST_EXTERNAL,45.0,12.0,4.0,0.87,0.146,-18.35,True,0.85,False,False,2026-05-31,1020,False
BANDHANBNK,BANDHAN BANK,A,11.94,True,Track A Defensive | Div 0.9% | Beta 0.04 | Tier WATCHLIST_EXTERNAL,CAUTION,False,WATCHLIST_EXTERNAL,45.0,1.0,11.0,0.94,0.035,-0.28,True,1.38,False,False,2026-05-31,1021,False
BALPHARMA,BAL PHARMA,A,23.49,True,Track A Defensive | Div 1.8% | Beta 0.00 | Tier WATCHLIST_CONFIRMED,CAUTION,False,WATCHLIST_CONFIRMED,45.0,8.0,10.0,1.75,0.0,0.0,True,1.0,False,False,2026-05-31,1022,False
APLLTD,ALEMBIC PHARMA,A,26.07,True,Track A Defensive | Div 1.7% | Beta -0.07 | Tier WATCHLIST_CONFIRMED,CAUTION,False,WATCHLIST_CONFIRMED,45.0,15.0,6.0,1.66,-0.075,-28.37,True,0.57,False,False,2026-05-31,1023,False
INDOBORAX,INDO BORAX & CH.,A,10.58,True,Track A Defensive | Div 0.4% | Beta 0.00 | Tier WATCHLIST_EXTERNAL,CAUTION,False,WATCHLIST_EXTERNAL,45.0,9.0,2.0,0.41,0.0,0.0,True,1.0,False,False,2026-05-31,1024,False
MANAKCOAT,MANAKSIA COATED,A,8.46,True,Track A Defensive | Div 0.1% | Beta 0.00 | Tier WATCHLIST_EXTERNAL,CAUTION,False,WATCHLIST_EXTERNAL,45.0,12.0,5.0,0.05,0.0,0.0,True,1.0,False,False,2026-05-31,1025,False
GENESYS,GENESYS INTL.,A,6.0,True,Track A Defensive | Div 0.0% | Beta 0.00 | Tier WATCHLIST_CONFIRMED,CAUTION,False,WATCHLIST_CONFIRMED,45.0,8.0,9.0,0.0,0.0,0.0,True,1.0,False,False,2026-05-31,1026,False
HDFCBANK,HDFC BANK,A,16.41,True,Track A Defensive | Div 1.2% | Beta 0.00 | Tier WATCHLIST_EXTERNAL,CAUTION,False,WATCHLIST_EXTERNAL,45.0,4.0,13.0,1.24,0.003,-26.49,True,1.74,False,False,2026-05-31,1027,False
SHAH,SHAH METACORP,A,9.0,True,Track A Defensive | Div 0.0% | Beta 0.00 | Tier WATCHLIST_EXTERNAL,CAUTION,False,WATCHLIST_EXTERNAL,44.0,14.0,2.0,0.0,0.0,0.0,True,1.0,False,False,2026-05-31,1028,False
RUSHIL,RUSHIL DECOR,A,11.95,True,Track A Defensive | Div 0.6% | Beta 0.00 | Tier WATCHLIST_EXTERNAL,CAUTION,False,WATCHLIST_EXTERNAL,44.0,7.0,6.0,0.64,0.0,0.0,True,1.0,False,False,2026-05-31,1029,False
MODIS,MODI'S NAVNIRMAN,A,6.0,True,Track A Defensive | Div 0.0% | Beta -0.02 | Tier MONITOR,CAUTION,False,MONITOR,44.0,8.0,6.0,0.0,-0.016,-16.87,True,0.1,False,False,2026-05-31,1030,False
OMINFRAL,OM INFRA,A,9.26,True,Track A Defensive | Div 0.5% | Beta -0.06 | Tier WATCHLIST_EXTERNAL,CAUTION,False,WATCHLIST_EXTERNAL,44.0,5.0,6.0,0.48,-0.055,-36.23,True,0.68,False,False,2026-05-31,1031,False
UTIAMC,UTI AMC,A,39.42,True,Track A Defensive | Div 2.7% | Beta 0.00 | Tier WATCHLIST_CONFIRMED,CAUTION,False,WATCHLIST_CONFIRMED,44.0,20.0,2.0,2.74,0.0,0.0,True,1.0,False,False,2026-05-31,1032,False
TATACONSUM,TATA CONSUMER,A,15.36,True,Track A Defensive | Div 0.8% | Beta 0.00 | Tier WATCHLIST_EXTERNAL,CAUTION,False,WATCHLIST_EXTERNAL,44.0,11.0,7.0,0.79,0.0,0.0,True,1.0,False,False,2026-05-31,1033,False
TEXRAIL,TEXMACO RAIL,A,15.28,True,Track A Defensive | Div 0.8% | Beta 0.04 | Tier WATCHLIST_CONFIRMED,CAUTION,False,WATCHLIST_CONFIRMED,44.0,10.0,6.0,0.83,0.04,-41.41,True,0.39,False,False,2026-05-31,1034,False
STAR,STRIDES PHARMA,A,14.41,True,Track A Defensive | Div 0.4% | Beta 0.00 | Tier WATCHLIST_CONFIRMED,CAUTION,False,WATCHLIST_CONFIRMED,44.0,16.0,5.0,0.44,0.0,0.0,True,1.0,False,False,2026-05-31,1035,False
CHALET,CHALET HOTELS,A,6.37,True,Track A Defensive | Div 0.1% | Beta 0.00 | Tier WATCHLIST_EXTERNAL,CAUTION,False,WATCHLIST_EXTERNAL,44.0,6.0,7.0,0.14,0.0,0.0,True,1.0,False,False,2026-05-31,1036,False
COHANCE,COHANCE LIFE,A,8.0,True,Track A Defensive | Div 0.0% | Beta 0.00 | Tier WATCHLIST_CONFIRMED,CAUTION,False,WATCHLIST_CONFIRMED,44.0,12.0,7.0,0.0,0.0,0.0,True,1.0,False,False,2026-05-31,1037,False
AMANTA,AMANTA HEALTHCAR,A,6.5,True,Track A Defensive | Div 0.0% | Beta -0.05 | Tier WATCHLIST_CONFIRMED,CAUTION,False,WATCHLIST_CONFIRMED,44.0,9.0,6.0,0.0,-0.051,-14.51,True,1.29,False,False,2026-05-31,1038,False
ALKYLAMINE,ALKYL AMINES,A,16.23,True,Track A Defensive | Div 0.8% | Beta -0.02 | Tier WATCHLIST_EXTERNAL,CAUTION,False,WATCHLIST_EXTERNAL,44.0,13.0,5.0,0.77,-0.019,-31.14,True,0.15,False,False,2026-05-31,1039,False
AIMTRON,AIMTRON,A,6.5,True,Track A Defensive | Div 0.0% | Beta 0.15 | Tier WATCHLIST_CONFIRMED,CAUTION,False,WATCHLIST_CONFIRMED,44.0,9.0,6.0,0.0,0.154,-0.85,False,0.43,False,False,2026-05-31,1040,False
ARIHANTCAP,ARIHANT CAPITAL,A,17.28,True,Track A Defensive | Div 0.7% | Beta -0.03 | Tier WATCHLIST_CONFIRMED,CAUTION,False,WATCHLIST_CONFIRMED,44.0,16.0,1.0,0.73,-0.033,-42.72,True,0.61,False,False,2026-05-31,1041,False
EIFFL,EURO INDIA FRESH,A,6.5,True,Track A Defensive | Div 0.0% | Beta 0.00 | Tier WATCHLIST_EXTERNAL,CAUTION,False,WATCHLIST_EXTERNAL,44.0,9.0,6.0,0.0,0.0,0.0,True,1.0,False,False,2026-05-31,1042,False
IOC,I O C L,A,58.82,True,Track A Defensive | Div 5.5% | Beta 0.00 | Tier WATCHLIST_EXTERNAL,CAUTION,False,WATCHLIST_EXTERNAL,44.0,4.0,7.0,5.48,0.0,0.0,True,1.0,False,False,2026-05-31,1043,False
M&M,M & M,A,13.75,True,Track A Defensive | Div 0.8% | Beta 0.00 | Tier WATCHLIST_EXTERNAL,CAUTION,False,WATCHLIST_EXTERNAL,44.0,7.0,8.0,0.83,0.0,0.0,True,1.0,False,False,2026-05-31,1044,False
KCPSUGIND,KCP SUGAR &INDS.,A,7.64,True,Track A Defensive | Div 0.4% | Beta 0.00 | Tier WATCHLIST_EXTERNAL,CAUTION,False,WATCHLIST_EXTERNAL,44.0,3.0,6.0,0.41,0.0,0.0,True,1.0,False,False,2026-05-31,1045,False
GLENMARK,GLENMARK PHARMA.,A,10.3,True,Track A Defensive | Div 0.2% | Beta 0.00 | Tier WATCHLIST_CONFIRMED,CAUTION,False,WATCHLIST_CONFIRMED,44.0,12.0,7.0,0.23,0.0,0.0,True,1.0,False,False,2026-05-31,1046,False
SHRADHA,SHRADHA REALTY,A,18.1,True,Track A Defensive | Div 1.4% | Beta 0.00 | Tier WATCHLIST_EXTERNAL,CAUTION,False,WATCHLIST_EXTERNAL,43.0,5.0,6.0,1.36,0.0,0.0,True,1.0,False,False,2026-05-31,1047,False
INCREDIBLE,INCREDIBLE INDUS,A,7.0,True,Track A Defensive | Div 0.0% | Beta 0.00 | Tier WATCHLIST_EXTERNAL,CAUTION,False,WATCHLIST_EXTERNAL,43.0,10.0,5.0,0.0,0.0,0.0,True,1.0,False,False,2026-05-31,1048,False
PIGL,POWER & INSTRUM.,A,9.98,True,Track A Defensive | Div 0.2% | Beta -0.00 | Tier MONITOR,CAUTION,False,MONITOR,43.0,12.0,6.0,0.2,-0.003,-40.12,True,1.2,False,False,2026-05-31,1049,False
VARROC,VARROC ENGINEER,A,9.99,True,Track A Defensive | Div 0.2% | Beta 0.00 | Tier WATCHLIST_CONFIRMED,CAUTION,False,WATCHLIST_CONFIRMED,43.0,12.0,3.0,0.2,0.0,0.0,True,1.0,False,False,2026-05-31,1050,False
SGIL,SYNERGY GREEN,A,8.47,True,Track A Defensive | Div 0.2% | Beta 0.00 | Tier WATCHLIST_EXTERNAL,CAUTION,False,WATCHLIST_EXTERNAL,43.0,9.0,4.0,0.2,0.0,0.0,True,1.0,False,False,2026-05-31,1051,False
SCODATUBES,SCODA TUBES,A,8.0,True,Track A Defensive | Div 0.0% | Beta 0.07 | Tier WATCHLIST_EXTERNAL,CAUTION,False,WATCHLIST_EXTERNAL,43.0,12.0,2.0,0.0,0.066,-42.67,True,2.57,False,False,2026-05-31,1052,False
COASTCORP,COASTAL CORPORAT,A,6.99,True,Track A Defensive | Div 0.5% | Beta 0.00 | Tier WATCHLIST_EXTERNAL,CAUTION,False,WATCHLIST_EXTERNAL,43.0,0.0,10.0,0.5,0.0,0.0,True,1.0,False,False,2026-05-31,1053,False
DATAMATICS,DATAMATICS GLOB.,A,16.74,True,Track A Defensive | Div 0.7% | Beta 0.07 | Tier WATCHLIST_EXTERNAL,CAUTION,False,WATCHLIST_EXTERNAL,43.0,15.0,1.0,0.72,0.07,-28.92,True,0.8,False,False,2026-05-31,1054,False
BHARATCOAL,BHARAT COKING,A,7.5,True,Track A Defensive | Div 0.0% | Beta 0.00 | Tier WATCHLIST_EXTERNAL,CAUTION,False,WATCHLIST_EXTERNAL,43.0,11.0,1.0,0.0,0.0,0.0,True,1.0,False,False,2026-05-31,1055,False
GREAVESCOT,GREAVES COTTON,A,18.12,True,Track A Defensive | Div 1.5% | Beta 0.00 | Tier WATCHLIST_EXTERNAL,CAUTION,False,WATCHLIST_EXTERNAL,43.0,3.0,11.0,1.46,0.0,0.0,True,1.0,False,False,2026-05-31,1056,False
SEDEMAC,SEDEMAC MECHATRO,A,11.0,True,Track A Defensive | Div 0.0% | Beta 0.00 | Tier WATCHLIST_CONFIRMED,CAUTION,False,WATCHLIST_CONFIRMED,42.0,18.0,1.0,0.0,0.0,0.0,True,1.0,False,False,2026-05-31,1057,False
MANINDS,MAN INDUSTRIES,A,5.5,True,Track A Defensive | Div 0.0% | Beta 0.00 | Tier WATCHLIST_EXTERNAL,CAUTION,False,WATCHLIST_EXTERNAL,42.0,7.0,7.0,0.0,0.0,0.0,True,1.0,False,False,2026-05-31,1058,False
PCBL,PCBL CHEMICAL,A,51.61,True,Track A Defensive | Div 4.6% | Beta 0.00 | Tier WATCHLIST_EXTERNAL,CAUTION,False,WATCHLIST_EXTERNAL,42.0,7.0,10.0,4.61,0.003,-32.17,True,0.32,False,False,2026-05-31,1059,False
UPL,UPL,A,14.03,True,Track A Defensive | Div 0.9% | Beta 0.00 | Tier WATCHLIST_EXTERNAL,CAUTION,False,WATCHLIST_EXTERNAL,42.0,5.0,8.0,0.95,0.0,0.0,True,1.0,False,False,2026-05-31,1060,False
DIGIKORE,DIGIKORE STUDIOS,A,5.5,True,Track A Defensive | Div 0.0% | Beta -0.12 | Tier MONITOR,CAUTION,False,MONITOR,42.0,1.0,0.0,0.0,-0.117,-70.9,True,0.97,False,False,2026-05-31,1061,False
DOLPHIN,DOLPHIN OFFSHORE,A,6.5,True,Track A Defensive | Div 0.0% | Beta 0.00 | Tier WATCHLIST_EXTERNAL,CAUTION,False,WATCHLIST_EXTERNAL,42.0,9.0,5.0,0.0,0.0,0.0,True,1.0,False,False,2026-05-31,1062,False
AKUMS,AKUMS DRUGS,A,7.5,True,Track A Defensive | Div 0.0% | Beta 0.03 | Tier WATCHLIST_CONFIRMED,CAUTION,False,WATCHLIST_CONFIRMED,42.0,11.0,3.0,0.0,0.025,-11.7,True,0.71,False,False,2026-05-31,1063,False
ARE&M,AMARA RAJA ENER.,A,24.3,True,Track A Defensive | Div 1.4% | Beta 0.01 | Tier WATCHLIST_CONFIRMED,CAUTION,False,WATCHLIST_CONFIRMED,42.0,17.0,5.0,1.38,0.007,-17.76,True,2.82,False,False,2026-05-31,1064,False
JUBLPHARMA,JUBILANT PHARMO,A,11.97,True,Track A Defensive | Div 0.6% | Beta 0.00 | Tier WATCHLIST_CONFIRMED,CAUTION,False,WATCHLIST_CONFIRMED,42.0,8.0,10.0,0.6,0.0,0.0,True,1.0,False,False,2026-05-31,1065,False
ICICIBANK,ICICI BANK,A,12.7,True,Track A Defensive | Div 0.9% | Beta 0.03 | Tier WATCHLIST_EXTERNAL,CAUTION,False,WATCHLIST_EXTERNAL,42.0,4.0,13.0,0.87,0.031,-14.95,True,1.25,False,False,2026-05-31,1066,False
GOLDTECH,AION-TECH SOLUTI,A,8.0,True,Track A Defensive | Div 0.0% | Beta 0.00 | Tier WATCHLIST_CONFIRMED,CAUTION,False,WATCHLIST_CONFIRMED,42.0,12.0,4.0,0.0,0.0,0.0,True,1.0,False,False,2026-05-31,1067,False
SYSTMTXC,SYSTEMATIX CORP.,A,8.0,True,Track A Defensive | Div 0.0% | Beta 0.00 | Tier WATCHLIST_CONFIRMED,CAUTION,False,WATCHLIST_CONFIRMED,41.0,12.0,6.0,0.0,0.0,0.0,True,1.0,False,False,2026-05-31,1068,False
MSPL,MSP STEEL & POW.,A,5.5,True,Track A Defensive | Div 0.0% | Beta 0.07 | Tier WATCHLIST_EXTERNAL,CAUTION,False,WATCHLIST_EXTERNAL,41.0,7.0,2.0,0.0,0.069,-0.81,True,0.8,False,False,2026-05-31,1069,False
WOMANCART,WOMANCART,A,6.0,True,Track A Defensive | Div 0.0% | Beta 0.04 | Tier MONITOR,CAUTION,False,MONITOR,41.0,8.0,6.0,0.0,0.045,-65.63,True,0.24,False,False,2026-05-31,1070,False
VILAS,VILAS TRANSCORE,A,6.0,True,Track A Defensive | Div 0.0% | Beta 0.02 | Tier WATCHLIST_EXTERNAL,CAUTION,False,WATCHLIST_EXTERNAL,41.0,8.0,7.0,0.0,0.024,-41.26,False,0.31,False,False,2026-05-31,1071,False
SHILPAMED,SHILPA MEDICARE,A,7.55,True,Track A Defensive | Div 0.1% | Beta 0.00 | Tier WATCHLIST_CONFIRMED,CAUTION,False,WATCHLIST_CONFIRMED,41.0,8.0,6.0,0.15,0.0,0.0,True,1.0,False,False,2026-05-31,1072,False
SIKKO,SIKKO INDUSTRIES,A,5.5,True,Track A Defensive | Div 0.0% | Beta 0.00 | Tier WATCHLIST_EXTERNAL,CAUTION,False,WATCHLIST_EXTERNAL,41.0,7.0,4.0,0.0,0.0,0.0,True,1.0,False,False,2026-05-31,1073,False
SMSPHARMA,SMS PHARMA.,A,10.53,True,Track A Defensive | Div 0.1% | Beta 0.00 | Tier WATCHLIST_CONFIRMED,CAUTION,False,WATCHLIST_CONFIRMED,41.0,15.0,2.0,0.1,0.0,0.0,True,1.0,False,False,2026-05-31,1074,False
DYNPRO,DYNEMIC PRODUCTS,A,7.5,True,Track A Defensive | Div 0.0% | Beta 0.00 | Tier WATCHLIST_EXTERNAL,CAUTION,False,WATCHLIST_EXTERNAL,41.0,11.0,2.0,0.0,0.0,0.0,True,1.0,False,False,2026-05-31,1075,False
CRAFTSMAN,CRAFTSMAN AUTO,A,6.74,True,Track A Defensive | Div 0.1% | Beta 0.00 | Tier WATCHLIST_CONFIRMED,CAUTION,False,WATCHLIST_CONFIRMED,41.0,8.0,11.0,0.07,0.0,0.0,True,1.0,False,False,2026-05-31,1076,False
BDL,BHARAT DYNAMICS,A,12.21,True,Track A Defensive | Div 0.4% | Beta 0.00 | Tier WATCHLIST_EXTERNAL,CAUTION,False,WATCHLIST_EXTERNAL,41.0,13.0,6.0,0.37,0.0,0.0,True,1.0,False,False,2026-05-31,1077,False
BAJAJINDEF,INDEF MANUFACTUR,A,16.59,True,Track A Defensive | Div 0.9% | Beta 0.00 | Tier WATCHLIST_EXTERNAL,CAUTION,False,WATCHLIST_EXTERNAL,41.0,12.0,2.0,0.86,0.0,0.0,True,1.0,False,False,2026-05-31,1078,False
BAJAJHCARE,BAJAJ HEALTHCARE,A,8.7,True,Track A Defensive | Div 0.3% | Beta 0.00 | Tier WATCHLIST_CONFIRMED,CAUTION,False,WATCHLIST_CONFIRMED,41.0,7.0,6.0,0.32,0.0,0.0,True,1.0,False,False,2026-05-31,1079,False
IVP,IVP,A,10.12,True,Track A Defensive | Div 0.8% | Beta 0.00 | Tier WATCHLIST_EXTERNAL,CAUTION,False,WATCHLIST_EXTERNAL,41.0,1.0,6.0,0.76,0.0,0.0,True,1.0,False,False,2026-05-31,1080,False
IGCL,INDOGULF CROPSCI,A,7.0,True,Track A Defensive | Div 0.0% | Beta 0.00 | Tier WATCHLIST_EXTERNAL,CAUTION,False,WATCHLIST_EXTERNAL,41.0,10.0,2.0,0.0,0.0,0.0,True,1.0,False,False,2026-05-31,1081,False
LAURUSLABS,LAURUS LABS,A,7.12,True,Track A Defensive | Div 0.2% | Beta 0.00 | Tier WATCHLIST_CONFIRMED,CAUTION,False,WATCHLIST_CONFIRMED,41.0,7.0,11.0,0.16,0.0,0.0,True,1.0,False,False,2026-05-31,1082,False
FDC,FDC,A,10.0,True,Track A Defensive | Div 0.0% | Beta 0.00 | Tier WATCHLIST_CONFIRMED,CAUTION,False,WATCHLIST_CONFIRMED,41.0,16.0,1.0,0.0,0.0,0.0,True,1.0,False,False,2026-05-31,1083,False
GEOJITFSL,GEOJIT FIN. SER.,A,35.93,True,Track A Defensive | Div 2.5% | Beta 0.00 | Tier WATCHLIST_CONFIRMED,CAUTION,False,WATCHLIST_CONFIRMED,41.0,17.0,1.0,2.54,0.0,0.0,True,1.0,False,False,2026-05-31,1084,False
GRINFRA,G R INFRAPROJECT,A,17.82,True,Track A Defensive | Div 1.4% | Beta 0.00 | Tier WATCHLIST_EXTERNAL,CAUTION,False,WATCHLIST_EXTERNAL,41.0,3.0,6.0,1.43,0.0,0.0,True,1.0,False,False,2026-05-31,1085,False
NELCAST,NELCAST,A,7.61,True,Track A Defensive | Div 0.4% | Beta 0.05 | Tier WATCHLIST_EXTERNAL,CAUTION,False,WATCHLIST_EXTERNAL,40.0,3.0,6.0,0.41,0.05,-19.23,True,0.82,False,False,2026-05-31,1086,False
NTPC,NTPC,A,25.53,True,Track A Defensive | Div 2.2% | Beta -0.06 | Tier MONITOR,CAUTION,False,MONITOR,40.0,2.0,6.0,2.25,-0.056,-5.68,True,1.51,False,False,2026-05-31,1087,False
PAKKA,PAKKA,A,5.5,True,Track A Defensive | Div 0.0% | Beta 0.01 | Tier MONITOR,CAUTION,False,MONITOR,40.0,7.0,6.0,0.0,0.01,-57.91,True,0.86,False,False,2026-05-31,1088,False
ZUARI,ZUARI AGRO CHEM.,A,6.0,True,Track A Defensive | Div 0.0% | Beta 0.00 | Tier WATCHLIST_EXTERNAL,CAUTION,False,WATCHLIST_EXTERNAL,40.0,8.0,3.0,0.0,0.0,0.0,True,1.0,False,False,2026-05-31,1089,False
SBILIFE,SBI LIFE INSURAN,A,5.42,True,Track A Defensive | Div 0.1% | Beta 0.06 | Tier WATCHLIST_EXTERNAL,CAUTION,False,WATCHLIST_EXTERNAL,40.0,4.0,4.0,0.14,0.061,-13.13,True,1.2,False,False,2026-05-31,1090,False
SULA,SULA VINEYARDS,A,30.72,True,Track A Defensive | Div 2.3% | Beta 0.00 | Tier WATCHLIST_EXTERNAL,CAUTION,False,WATCHLIST_EXTERNAL,40.0,11.0,3.0,2.32,0.0,0.0,True,1.0,False,False,2026-05-31,1091,False
DBOL,DHAMPUR BIO,A,15.54,True,Track A Defensive | Div 1.2% | Beta 0.25 | Tier MONITOR,CAUTION,False,MONITOR,40.0,2.0,2.0,1.25,0.247,-15.72,True,0.82,False,False,2026-05-31,1092,False
REGAAL,REGAAL RESOURCES,A,7.0,True,Track A Defensive | Div 0.0% | Beta -0.11 | Tier MONITOR,CAUTION,False,MONITOR,39.0,4.0,7.0,0.0,-0.107,-34.47,True,0.46,False,False,2026-05-31,1093,False
ODIGMA,ODIGMA CONSULTAN,A,5.0,True,Track A Defensive | Div 0.0% | Beta 0.00 | Tier WATCHLIST_EXTERNAL,CAUTION,False,WATCHLIST_EXTERNAL,39.0,6.0,8.0,0.0,0.0,0.0,True,1.0,False,False,2026-05-31,1094,False
URBANCO,URBAN COMPANY,A,7.0,True,Track A Defensive | Div 0.0% | Beta 0.00 | Tier WATCHLIST_EXTERNAL,CAUTION,False,WATCHLIST_EXTERNAL,39.0,10.0,4.0,0.0,0.0,0.0,True,1.0,False,False,2026-05-31,1095,False
TITAGARH,TITAGARH RAIL,A,7.59,True,Track A Defensive | Div 0.2% | Beta -0.02 | Tier WATCHLIST_EXTERNAL,CAUTION,False,WATCHLIST_EXTERNAL,39.0,8.0,6.0,0.16,-0.016,-14.18,True,0.61,False,False,2026-05-31,1096,False
ALEMBICLTD,ALEMBIC,A,37.57,True,Track A Defensive | Div 3.0% | Beta 0.12 | Tier MONITOR,CAUTION,False,MONITOR,39.0,11.0,4.0,3.01,0.115,-27.24,True,1.11,False,False,2026-05-31,1097,False
ABCOTS,AB COTSPIN,A,6.0,True,Track A Defensive | Div 0.0% | Beta 0.05 | Tier WATCHLIST_EXTERNAL,CAUTION,False,WATCHLIST_EXTERNAL,39.0,8.0,2.0,0.0,0.047,-53.13,True,0.82,False,False,2026-05-31,1098,False
BEWLTD,BEW ENGG,A,5.5,True,Track A Defensive | Div 0.0% | Beta 0.00 | Tier WATCHLIST_EXTERNAL,CAUTION,False,WATCHLIST_EXTERNAL,39.0,7.0,7.0,0.0,0.0,0.0,False,1.0,False,False,2026-05-31,1099,False
INTENTECH,INTENSE TECH.,A,19.33,True,Track A Defensive | Div 1.2% | Beta 0.00 | Tier WATCHLIST_EXTERNAL,CAUTION,False,WATCHLIST_EXTERNAL,39.0,11.0,5.0,1.18,0.0,0.0,True,1.0,False,False,2026-05-31,1100,False
LGHL,LAXMI GOLDORNA,A,5.0,True,Track A Defensive | Div 0.0% | Beta 0.00 | Tier WATCHLIST_EXTERNAL,CAUTION,False,WATCHLIST_EXTERNAL,39.0,6.0,4.0,0.0,0.0,0.0,True,1.0,False,False,2026-05-31,1101,False
ERIS,ERIS LIFESCIENCE,A,12.25,True,Track A Defensive | Div 0.6% | Beta 0.00 | Tier WATCHLIST_CONFIRMED,CAUTION,False,WATCHLIST_CONFIRMED,39.0,9.0,10.0,0.58,0.0,0.0,True,1.0,False,False,2026-05-31,1102,False
ELDEHSG,ELDECO HOUSING,A,13.14,True,Track A Defensive | Div 1.1% | Beta 0.00 | Tier WATCHLIST_EXTERNAL,CAUTION,False,WATCHLIST_EXTERNAL,39.0,0.0,6.0,1.11,0.0,0.0,True,1.0,False,False,2026-05-31,1103,False
MARSONS,MARSONS,A,7.5,True,Track A Defensive | Div 0.0% | Beta 0.00 | Tier WATCHLIST_EXTERNAL,CAUTION,False,WATCHLIST_EXTERNAL,38.0,11.0,2.0,0.0,0.0,0.0,True,1.0,False,False,2026-05-31,1104,False
RIIL,REL. INDL. INFRA,A,7.4,True,Track A Defensive | Div 0.5% | Beta 0.00 | Tier MONITOR,CAUTION,False,MONITOR,38.0,1.0,0.0,0.49,0.0,0.0,True,1.0,False,False,2026-05-31,1105,False
UEL,UJAAS ENERGY,A,8.0,True,Track A Defensive | Div 0.0% | Beta 0.00 | Tier MONITOR,CAUTION,False,MONITOR,38.0,12.0,1.0,0.0,0.0,0.0,True,1.0,False,False,2026-05-31,1106,False
XCHANGING,XCHANGING SOL.,A,43.61,True,Track A Defensive | Div 3.5% | Beta 0.00 | Tier WATCHLIST_CONFIRMED,CAUTION,False,WATCHLIST_CONFIRMED,38.0,13.0,1.0,3.51,0.0,0.0,True,1.0,False,False,2026-05-31,1107,False
BLISSGVS,BLISS GVS PHARMA,A,9.36,True,Track A Defensive | Div 0.2% | Beta 0.00 | Tier WATCHLIST_CONFIRMED,CAUTION,False,WATCHLIST_CONFIRMED,38.0,10.0,6.0,0.24,0.0,0.0,True,1.0,False,False,2026-05-31,1108,False
ARVINDFASN,ARVIND FASHIONS.,A,5.5,True,Track A Defensive | Div 0.0% | Beta -0.08 | Tier WATCHLIST_EXTERNAL,CAUTION,False,WATCHLIST_EXTERNAL,38.0,7.0,2.0,0.0,-0.078,-18.58,True,0.23,False,False,2026-05-31,1109,False
ITCHOTELS,ITC HOTELS,A,6.0,True,Track A Defensive | Div 0.0% | Beta 0.00 | Tier WATCHLIST_EXTERNAL,CAUTION,False,WATCHLIST_EXTERNAL,38.0,8.0,5.0,0.0,0.0,0.0,True,1.0,False,False,2026-05-31,1110,False
MANAKALUCO,MANAKSIA ALUMI.,A,6.32,True,Track A Defensive | Div 0.3% | Beta 0.00 | Tier WATCHLIST_EXTERNAL,CAUTION,False,WATCHLIST_EXTERNAL,38.0,3.0,6.0,0.28,0.0,0.0,True,1.0,False,False,2026-05-31,1111,False
KNAGRI,KN AGRI RESOURCE,A,6.0,True,Track A Defensive | Div 0.0% | Beta 0.00 | Tier MONITOR,CAUTION,False,MONITOR,38.0,8.0,0.0,0.0,0.0,0.0,True,1.0,False,False,2026-05-31,1112,False
GKSL,GUJARAT KIDNEY,A,9.5,True,Track A Defensive | Div 0.0% | Beta 0.06 | Tier WATCHLIST_EXTERNAL,CAUTION,False,WATCHLIST_EXTERNAL,38.0,15.0,1.0,0.0,0.059,-4.05,True,0.3,False,False,2026-05-31,1113,False
RELIANCE,RELIANCE INDUSTRIES,A,9.37,True,Track A Defensive | Div 0.4% | Beta 0.00 | Tier WATCHLIST_EXTERNAL,CAUTION,False,WATCHLIST_EXTERNAL,37.0,7.0,6.0,0.39,0.0,0.0,True,1.0,False,False,2026-05-31,1114,False
MOIL,MOIL,A,32.12,True,Track A Defensive | Div 2.5% | Beta 0.10 | Tier MONITOR,CAUTION,False,MONITOR,37.0,10.0,1.0,2.51,0.102,-23.3,True,0.99,False,False,2026-05-31,1115,False
VAKRANGEE,VAKRANGEE,A,5.5,True,Track A Defensive | Div 0.0% | Beta 0.00 | Tier WATCHLIST_EXTERNAL,CAUTION,False,WATCHLIST_EXTERNAL,37.0,7.0,5.0,0.0,0.0,0.0,True,1.0,False,False,2026-05-31,1116,False
DALBHARAT,DALMIA BHARATLTD,A,6.86,True,Track A Defensive | Div 0.5% | Beta 0.00 | Tier MONITOR,CAUTION,False,MONITOR,37.0,0.0,6.0,0.49,0.0,0.0,True,1.0,False,False,2026-05-31,1117,False
KALPATARU,KALPAT.,A,5.5,True,Track A Defensive | Div 0.0% | Beta -0.01 | Tier WATCHLIST_EXTERNAL,CAUTION,False,WATCHLIST_EXTERNAL,37.0,7.0,1.0,0.0,-0.01,-23.98,True,0.08,False,False,2026-05-31,1118,False
INFOBEAN,INFOBEANS TECH.,A,11.81,True,Track A Defensive | Div 0.2% | Beta 0.00 | Tier WATCHLIST_CONFIRMED,CAUTION,False,WATCHLIST_CONFIRMED,37.0,16.0,3.0,0.18,0.0,0.0,True,1.0,False,False,2026-05-31,1119,False
FORTIS,FORTIS HEALTH.,A,8.7,True,Track A Defensive | Div 0.1% | Beta 0.00 | Tier WATCHLIST_EXTERNAL,CAUTION,False,WATCHLIST_EXTERNAL,37.0,11.0,7.0,0.12,0.0,0.0,True,1.0,False,False,2026-05-31,1120,False
RUSTOMJEE,KEYSTONE REALTOR,A,6.03,True,Track A Defensive | Div 0.4% | Beta 0.00 | Tier WATCHLIST_EXTERNAL,CAUTION,False,WATCHLIST_EXTERNAL,36.0,0.0,7.0,0.4,0.0,0.0,True,1.0,False,False,2026-05-31,1121,False
MINDTECK,MINDTECK (INDIA),A,15.74,True,Track A Defensive | Div 0.6% | Beta 0.05 | Tier MONITOR,CAUTION,False,MONITOR,36.0,16.0,1.0,0.57,0.047,-27.49,True,2.53,False,False,2026-05-31,1122,False
ORICONENT,ORICON ENTERPRIS,A,9.91,True,Track A Defensive | Div 0.7% | Beta 0.14 | Tier WATCHLIST_EXTERNAL,CAUTION,False,WATCHLIST_EXTERNAL,36.0,1.0,6.0,0.74,0.137,-6.21,True,3.36,False,False,2026-05-31,1123,False
UTTAMSUGAR,UTTAM SUG.MILLS,A,14.14,True,Track A Defensive | Div 1.1% | Beta 0.00 | Tier MONITOR,CAUTION,False,MONITOR,36.0,2.0,2.0,1.11,0.0,0.0,True,1.0,False,False,2026-05-31,1124,False
TATACAP,TATA CAPITAL,A,5.5,True,Track A Defensive | Div 0.0% | Beta -0.15 | Tier MONITOR,CAUTION,False,MONITOR,36.0,1.0,4.0,0.0,-0.147,-15.39,True,1.2,False,False,2026-05-31,1125,False
ANURAS,ANUPAM RASAYAN,A,6.1,True,Track A Defensive | Div 0.1% | Beta -0.17 | Tier WATCHLIST_EXTERNAL,CAUTION,False,WATCHLIST_EXTERNAL,36.0,1.0,4.0,0.06,-0.171,-5.97,True,1.2,False,False,2026-05-31,1126,False
JSWENERGY,JSW ENERGY,A,5.9,True,Track A Defensive | Div 0.4% | Beta 0.00 | Tier MONITOR,CAUTION,False,MONITOR,36.0,0.0,5.0,0.39,0.0,0.0,True,1.0,False,False,2026-05-31,1127,False
FOODSIN,FOODS & INNS,A,9.61,True,Track A Defensive | Div 0.6% | Beta 0.00 | Tier MONITOR,CAUTION,False,MONITOR,36.0,4.0,5.0,0.56,0.0,0.0,True,1.0,False,False,2026-05-31,1128,False
PNCINFRA,PNC INFRATECH,A,6.17,True,Track A Defensive | Div 0.3% | Beta -0.04 | Tier MONITOR,CAUTION,False,MONITOR,35.0,2.0,4.0,0.32,-0.038,-35.73,True,1.0,False,False,2026-05-31,1129,False
ROSSTECH,ROSSELL TECHSYS,A,6.28,True,Track A Defensive | Div 0.0% | Beta 0.00 | Tier MONITOR,CAUTION,False,MONITOR,35.0,8.0,2.0,0.03,0.0,0.0,True,1.0,False,False,2026-05-31,1130,False
OPTIEMUS,OPTIEMUS INFRA.,A,6.0,True,Track A Defensive | Div 0.0% | Beta 0.02 | Tier MONITOR,CAUTION,False,MONITOR,35.0,8.0,2.0,0.0,0.017,-40.8,True,0.67,False,False,2026-05-31,1131,False
OMNI,OMNITECH ENGG.,A,6.0,True,Track A Defensive | Div 0.0% | Beta 0.40 | Tier WATCHLIST_EXTERNAL,CAUTION,False,WATCHLIST_EXTERNAL,35.0,12.0,0.0,0.0,0.4,0.0,True,1.96,False,False,2026-05-31,1132,False
TVSELECT,TVS ELEC.,A,7.0,True,Track A Defensive | Div 0.0% | Beta -0.12 | Tier MONITOR,CAUTION,False,MONITOR,35.0,4.0,6.0,0.0,-0.116,-26.36,True,0.85,False,False,2026-05-31,1133,False
ALPA,ALPA LABORATORIE,A,7.5,True,Track A Defensive | Div 0.0% | Beta 0.00 | Tier WATCHLIST_CONFIRMED,CAUTION,False,WATCHLIST_CONFIRMED,35.0,11.0,1.0,0.0,0.0,0.0,True,1.0,False,False,2026-05-31,1134,False
AARTIDRUGS,AARTI DRUGS,A,11.44,True,Track A Defensive | Div 0.3% | Beta -0.00 | Tier WATCHLIST_CONFIRMED,CAUTION,False,WATCHLIST_CONFIRMED,35.0,13.0,6.0,0.29,-0.004,-29.83,True,1.11,False,False,2026-05-31,1135,False
EDELWEISS,EDELWEISS.FIN.,A,16.65,True,Track A Defensive | Div 1.4% | Beta 0.00 | Tier MONITOR,CAUTION,False,MONITOR,34.0,1.0,6.0,1.41,0.0,0.0,True,1.0,False,False,2026-05-31,1136,False
MUTHOOTFIN,MUTHOOT FINANCE,A,10.39,True,Track A Defensive | Div 0.8% | Beta 0.00 | Tier MONITOR,CAUTION,False,MONITOR,34.0,1.0,11.0,0.79,0.0,0.0,True,1.0,False,False,2026-05-31,1137,False
CANFINHOME,CAN FIN HOMES,A,18.73,True,Track A Defensive | Div 1.6% | Beta 0.00 | Tier MONITOR,CAUTION,False,MONITOR,34.0,2.0,13.0,1.57,0.0,0.0,True,1.0,False,False,2026-05-31,1138,False
CUB,CITY UNION BANK,A,11.23,True,Track A Defensive | Div 0.8% | Beta 0.14 | Tier WATCHLIST_EXTERNAL,CAUTION,False,WATCHLIST_EXTERNAL,34.0,2.0,7.0,0.82,0.143,-15.34,True,0.71,False,False,2026-05-31,1139,False
INTELLECT,INTELLECT DESIGN,A,16.07,True,Track A Defensive | Div 0.6% | Beta 0.00 | Tier WATCHLIST_EXTERNAL,CAUTION,False,WATCHLIST_EXTERNAL,34.0,16.0,1.0,0.61,0.0,0.0,True,1.0,False,False,2026-05-31,1140,False
IMPAL,INDIA MOTOR PART,A,34.61,True,Track A Defensive | Div 3.0% | Beta 0.00 | Tier WATCHLIST_EXTERNAL,CAUTION,False,WATCHLIST_EXTERNAL,34.0,5.0,7.0,3.01,0.0,0.0,True,1.0,False,False,2026-05-31,1141,False
KOKUYOCMLN,KOKUYO CAMLIN,A,6.5,True,Track A Defensive | Div 0.0% | Beta 0.00 | Tier MONITOR,CAUTION,False,MONITOR,34.0,9.0,2.0,0.0,0.0,0.0,True,1.0,False,False,2026-05-31,1142,False
EXCELSOFT,EXCELSOFT TECH.,A,8.0,True,Track A Defensive | Div 0.0% | Beta 0.14 | Tier WATCHLIST_EXTERNAL,CAUTION,False,WATCHLIST_EXTERNAL,34.0,12.0,1.0,0.0,0.143,-28.74,True,0.72,False,False,2026-05-31,1143,False
GANESHBE,GANESH BENZOPL.,A,7.5,True,Track A Defensive | Div 0.0% | Beta 0.00 | Tier WATCHLIST_EXTERNAL,CAUTION,False,WATCHLIST_EXTERNAL,34.0,11.0,5.0,0.0,0.0,0.0,True,1.0,False,False,2026-05-31,1144,False
IDBI,IDBI BANK,A,32.74,True,Track A Defensive | Div 2.9% | Beta 0.13 | Tier WATCHLIST_EXTERNAL,CAUTION,False,WATCHLIST_EXTERNAL,34.0,4.0,5.0,2.87,0.126,-36.36,True,1.23,False,False,2026-05-31,1145,False
PFC,POWER FIN.CORPN.,A,41.93,True,Track A Defensive | Div 3.9% | Beta 0.00 | Tier MONITOR,CAUTION,False,MONITOR,33.0,1.0,10.0,3.94,0.0,0.0,True,1.0,False,False,2026-05-31,1146,False
ARFIN,ARFIN INDIA,A,8.42,True,Track A Defensive | Div 0.1% | Beta -0.11 | Tier MONITOR,CAUTION,False,MONITOR,33.0,4.0,3.0,0.14,-0.113,-7.28,True,0.8,False,False,2026-05-31,1147,False
MEESHO,MEESHO,A,7.0,True,Track A Defensive | Div 0.0% | Beta -0.14 | Tier WATCHLIST_EXTERNAL,CAUTION,False,WATCHLIST_EXTERNAL,33.0,4.0,1.0,0.0,-0.138,-22.19,True,0.25,False,False,2026-05-31,1148,False
NATHBIOGEN,NATH BIO-GENES,A,18.14,True,Track A Defensive | Div 1.4% | Beta 0.05 | Tier MONITOR,CAUTION,False,MONITOR,32.0,4.0,2.0,1.41,0.051,-24.54,True,0.44,False,False,2026-05-31,1149,False
UNIVCABLES,UNIVERSAL CABLES,A,10.31,True,Track A Defensive | Div 0.6% | Beta 0.00 | Tier MONITOR,CAUTION,False,MONITOR,32.0,5.0,2.0,0.58,0.0,0.0,True,1.0,False,False,2026-05-31,1150,False
STEELCITY,STEEL CITY SEC.,A,70.82,True,Track A Defensive | Div 6.2% | Beta 0.00 | Tier WATCHLIST_EXTERNAL,CAUTION,False,WATCHLIST_EXTERNAL,32.0,13.0,2.0,6.23,0.0,0.0,True,1.0,False,False,2026-05-31,1151,False
LTF,L&T FINANCE LTD,A,12.44,True,Track A Defensive | Div 1.0% | Beta 0.00 | Tier MONITOR,CAUTION,False,MONITOR,32.0,0.0,12.0,1.04,0.0,0.0,True,1.0,False,False,2026-05-31,1152,False
FABTECH,FABTECH TECH.,A,9.5,True,Track A Defensive | Div 0.0% | Beta 0.12 | Tier MONITOR,CAUTION,False,MONITOR,32.0,15.0,0.0,0.0,0.117,-39.16,True,0.44,False,False,2026-05-31,1153,False
FRACTAL,FRACTAL ANALYT.,A,8.5,True,Track A Defensive | Div 0.0% | Beta -0.05 | Tier WATCHLIST_EXTERNAL,CAUTION,False,WATCHLIST_EXTERNAL,32.0,13.0,1.0,0.0,-0.051,-9.0,True,1.28,False,False,2026-05-31,1154,False
STANLEY,STANLEY LIFESTY.,A,6.0,True,Track A Defensive | Div 0.0% | Beta 0.00 | Tier WATCHLIST_EXTERNAL,CAUTION,False,WATCHLIST_EXTERNAL,31.0,8.0,1.0,0.0,0.0,0.0,True,1.0,False,False,2026-05-31,1155,False
SRD,SHANKAR LAL RAM.,A,7.1,True,Track A Defensive | Div 0.1% | Beta 0.00 | Tier MONITOR,CAUTION,False,MONITOR,31.0,8.0,0.0,0.11,0.0,0.0,True,1.0,False,False,2026-05-31,1156,False
JAYBARMARU,JAY BHARAT MARU.,A,11.56,True,Track A Defensive | Div 0.8% | Beta 0.00 | Tier WATCHLIST_EXTERNAL,CAUTION,False,WATCHLIST_EXTERNAL,31.0,3.0,6.0,0.81,0.0,0.0,True,1.0,False,False,2026-05-31,1157,False
INDIAGLYCO,INDIA GLYCOLS,A,9.72,True,Track A Defensive | Div 0.6% | Beta 0.00 | Tier MONITOR,CAUTION,False,MONITOR,31.0,4.0,7.0,0.57,0.0,0.0,True,1.0,False,False,2026-05-31,1158,False
LICHSGFIN,LIC HOUSING FIN.,A,23.03,True,Track A Defensive | Div 2.0% | Beta 0.00 | Tier MONITOR,CAUTION,False,MONITOR,31.0,1.0,8.0,2.05,0.0,0.0,True,1.0,False,False,2026-05-31,1159,False
M&MFIN,M & M FIN. SERV.,A,23.26,True,Track A Defensive | Div 2.1% | Beta 0.05 | Tier MONITOR,CAUTION,False,MONITOR,31.0,1.0,4.0,2.08,0.046,-24.91,True,0.93,False,False,2026-05-31,1160,False
RECLTD,REC LTD,A,61.91,True,Track A Defensive | Div 5.9% | Beta 0.00 | Tier MONITOR,CAUTION,False,MONITOR,30.0,1.0,8.0,5.94,0.0,0.0,True,1.0,False,False,2026-05-31,1161,False
PNBGILTS,PNB GILTS,A,19.56,True,Track A Defensive | Div 1.5% | Beta 0.16 | Tier MONITOR,CAUTION,False,MONITOR,30.0,6.0,7.0,1.46,0.158,-31.04,True,0.27,False,False,2026-05-31,1162,False
MUNJALAU,MUNJAL AUTO INDS,A,21.95,True,Track A Defensive | Div 1.3% | Beta -0.15 | Tier WATCHLIST_EXTERNAL,CAUTION,False,WATCHLIST_EXTERNAL,30.0,7.0,3.0,1.34,-0.15,-17.4,True,1.28,False,False,2026-05-31,1163,False
SBICARD,SBI CARDS,A,6.14,True,Track A Defensive | Div 0.4% | Beta 0.00 | Tier MONITOR,CAUTION,False,MONITOR,30.0,1.0,8.0,0.36,0.0,0.0,True,1.0,False,False,2026-05-31,1164,False
SUNDARMFIN,SUNDARAM FINANCE,A,10.0,True,Track A Defensive | Div 0.8% | Beta 0.00 | Tier MONITOR,CAUTION,False,MONITOR,30.0,1.0,12.0,0.75,0.0,0.0,True,1.0,False,False,2026-05-31,1165,False
AFCONS,AFCONS INFRASTR.,A,12.9,True,Track A Defensive | Div 0.9% | Beta 0.25 | Tier MONITOR,CAUTION,False,MONITOR,30.0,4.0,0.0,0.89,0.246,-27.2,True,1.27,False,False,2026-05-31,1166,False
BAJFINANCE,BAJAJ FINANCE,A,10.79,True,Track A Defensive | Div 0.5% | Beta -0.11 | Tier MONITOR,CAUTION,False,MONITOR,30.0,1.0,12.0,0.53,-0.114,-16.99,True,2.37,False,False,2026-05-31,1167,False
MASFIN,MAS FINANC SER,A,7.68,True,Track A Defensive | Div 0.6% | Beta 0.00 | Tier MONITOR,CAUTION,False,MONITOR,30.0,0.0,9.0,0.57,0.0,0.0,True,1.0,False,False,2026-05-31,1168,False
REPCOHOME,REPCO HOME FIN,A,20.87,True,Track A Defensive | Div 1.8% | Beta 0.00 | Tier MONITOR,CAUTION,False,MONITOR,29.0,1.0,12.0,1.84,0.0,0.0,True,1.0,False,False,2026-05-31,1169,False
INDBANK,INDBANK MERCHANT,A,6.0,True,Track A Defensive | Div 0.0% | Beta 0.00 | Tier WATCHLIST_EXTERNAL,CAUTION,False,WATCHLIST_EXTERNAL,29.0,8.0,1.0,0.0,0.0,0.0,True,1.0,False,False,2026-05-31,1170,False
HDBFS,HDB FINANC SER,A,5.13,True,Track A Defensive | Div 0.3% | Beta 0.00 | Tier MONITOR,CAUTION,False,MONITOR,29.0,0.0,7.0,0.31,0.0,0.0,True,1.0,False,False,2026-05-31,1171,False
HALEOSLABS,HALEOS LABS LIMITED,A,7.18,True,Track A Defensive | Div 0.1% | Beta 0.00 | Tier WATCHLIST_EXTERNAL,CAUTION,False,WATCHLIST_EXTERNAL,29.0,8.0,2.0,0.12,0.0,0.0,True,1.0,False,False,2026-05-31,1172,False
HUDCO,H U D C O,A,38.66,True,Track A Defensive | Div 3.6% | Beta 0.00 | Tier MONITOR,CAUTION,False,MONITOR,29.0,1.0,5.0,3.62,0.0,0.0,True,1.0,False,False,2026-05-31,1173,False
IRFC,I R F C,A,21.39,True,Track A Defensive | Div 1.9% | Beta 0.00 | Tier MONITOR,CAUTION,False,MONITOR,28.0,0.0,1.0,1.94,0.0,0.0,True,1.0,False,False,2026-05-31,1174,False
MANBA,MANBA FINANCE,A,10.54,True,Track A Defensive | Div 0.8% | Beta 0.00 | Tier MONITOR,CAUTION,False,MONITOR,28.0,0.0,15.0,0.85,0.0,0.0,True,1.0,False,False,2026-05-31,1175,False
MANAPPURAM,MANAPPURAM FIN.,A,11.51,True,Track A Defensive | Div 0.9% | Beta -0.05 | Tier MONITOR,CAUTION,False,MONITOR,28.0,0.0,10.0,0.95,-0.05,-1.47,True,0.47,False,False,2026-05-31,1176,False
RUBYMILLS,RUBY MILLS,A,10.69,True,Track A Defensive | Div 0.9% | Beta 0.00 | Tier MONITOR,CAUTION,False,MONITOR,27.0,0.0,0.0,0.87,0.0,0.0,True,1.0,False,False,2026-05-31,1177,False
NUVAMA,NUVAMA WEALTH,A,29.12,True,Track A Defensive | Div 2.4% | Beta 0.00 | Tier WATCHLIST_EXTERNAL,CAUTION,False,WATCHLIST_EXTERNAL,27.0,6.0,0.0,2.41,0.0,0.0,False,1.0,False,False,2026-05-31,1178,False
PRITIKAUTO,PRITIKA AUTO,A,5.5,True,Track A Defensive | Div 0.0% | Beta 0.00 | Tier WATCHLIST_EXTERNAL,CAUTION,False,WATCHLIST_EXTERNAL,26.0,7.0,2.0,0.0,0.0,0.0,True,1.0,False,False,2026-05-31,1179,False
WAKEFIT,WAKEFIT INNOVATI,A,7.0,True,Track A Defensive | Div 0.0% | Beta -0.14 | Tier MONITOR,CAUTION,False,MONITOR,26.0,4.0,1.0,0.0,-0.143,-42.93,True,0.26,False,False,2026-05-31,1180,False
CESC,CESC,A,69.84,True,Track A Defensive | Div 6.8% | Beta 0.00 | Tier MONITOR,CAUTION,False,MONITOR,26.0,0.0,5.0,6.78,0.0,0.0,True,1.0,False,False,2026-05-31,1181,False
PRECAM,PRECISION CAMSHF,A,16.39,True,Track A Defensive | Div 0.8% | Beta 0.07 | Tier WATCHLIST_EXTERNAL,CAUTION,False,WATCHLIST_EXTERNAL,24.0,12.0,1.0,0.84,0.073,-39.63,True,0.52,False,False,2026-05-31,1182,False
ONESOURCE,ONESOURCE SPECI.,A,5.5,True,Track A Defensive | Div 0.0% | Beta -0.29 | Tier WATCHLIST_EXTERNAL,CAUTION,False,WATCHLIST_EXTERNAL,24.0,1.0,4.0,0.0,-0.289,-16.98,True,1.2,False,False,2026-05-31,1183,False
HDFCLIFE,HDFC LIFE INSUR.,A,6.34,True,Track A Defensive | Div 0.3% | Beta -0.05 | Tier MONITOR,CAUTION,False,MONITOR,24.0,2.0,0.0,0.33,-0.049,-26.96,True,0.86,False,False,2026-05-31,1184,False
UCOBANK,UCO BANK,A,14.18,True,Track A Defensive | Div 1.1% | Beta 0.02 | Tier MONITOR,CAUTION,False,MONITOR,20.0,2.0,6.0,1.12,0.018,-25.21,True,0.83,False,False,2026-05-31,1185,False
CENTRALBK,CENTRAL BANK,A,19.72,True,Track A Defensive | Div 1.7% | Beta 0.09 | Tier MONITOR,CAUTION,False,MONITOR,20.0,1.0,6.0,1.72,0.087,-22.67,True,1.48,False,False,2026-05-31,1186,False
CRAMC,CANARA ROBECO,A,8.78,True,Track A Defensive | Div 0.6% | Beta 0.13 | Tier MONITOR,CAUTION,False,MONITOR,20.0,1.0,3.0,0.63,0.131,-29.54,True,0.88,False,False,2026-05-31,1187,False
NFL,NATL.FERTILIZER,A,24.88,True,Track A Defensive | Div 2.2% | Beta 0.08 | Tier MONITOR,CAUTION,False,MONITOR,15.0,1.0,3.0,2.24,0.084,-28.67,True,1.47,False,False,2026-05-31,1188,False
TATACOMM,TATA COMM,A,28.38,True,Track A Defensive | Div 1.7% | Beta 0.00 | Tier MONITOR,CAUTION,False,MONITOR,15.0,18.0,11.0,1.74,0.0,0.0,True,1.0,False,False,2026-05-31,1189,False
PPAP,PPAP AUTOMOTIVE,A,14.51,True,Track A Defensive | Div 1.2% | Beta 0.00 | Tier MONITOR,CAUTION,False,MONITOR,14.0,0.0,3.0,1.25,0.0,0.0,True,1.0,False,False,2026-05-31,1190,False
ARIHANTSUP,ARIHANT SUPER.,A,8.92,True,Track A Defensive | Div 0.7% | Beta 0.06 | Tier MONITOR,CAUTION,False,MONITOR,13.0,0.0,2.0,0.69,0.063,-41.58,True,0.11,False,False,2026-05-31,1191,False
TVSMOTOR,TVS MOTOR CO.,A,12.87,True,Track A Defensive | Div 0.3% | Beta 0.00 | Tier MONITOR,CAUTION,False,MONITOR,12.0,16.0,14.0,0.29,0.0,0.0,True,1.0,False,False,2026-05-31,1192,False
ASHOKLEY,ASHOK LEYLAND,A,22.58,True,Track A Defensive | Div 1.9% | Beta 0.00 | Tier MONITOR,CAUTION,False,MONITOR,11.0,4.0,11.0,1.86,0.0,0.0,True,1.0,False,False,2026-05-31,1193,False
V2RETAIL,V2 RETAIL,A,8.0,True,Track A Defensive | Div 0.0% | Beta 0.00 | Tier MONITOR,CAUTION,False,MONITOR,6.0,12.0,10.0,0.0,0.0,0.0,True,1.0,False,False,2026-05-31,1194,False
BIRLAMONEY,ADIT.BIRLA MONEY,A,6.0,True,Track A Defensive | Div 0.0% | Beta 0.00 | Tier MONITOR,CAUTION,False,MONITOR,0.0,8.0,12.0,0.0,0.0,0.0,True,1.0,False,False,2026-05-31,1195,False
