ISIN,NSE_SYMBOL,NAME,INDUSTRY_GROUP,EXCLUDED,EXCLUDED_GATE,EXCLUDED_REASON,Q_SCORE,G_SCORE,D_SCORE,S_SCORE,C_SCORE,COMPOSITE_BALANCED,TIER,BOUNDARY_FLAG,SCORE_VELOCITY,INSIDER_SELL_WARNING,PLEDGING_VELOCITY_WARNING,POSITION_SIZE_PCT,SECTOR_PHASE,MARKET_STATE,CLUSTER,DISCOVERY_PHASE,FPI_PCT,MF_PCT,THEMES,SIGNALS_FIRED,FORENSIC_RISK,FORENSIC_WARNING,MGMT_QUALITY_SCORE,MGMT_QUALITY_BONUS,EPS_QUALITY_SCORE,EPS_QUALITY_BONUS,PHASE_TRANSITION,HALF_CREDIT_SIGNALS,STALE_SIGNALS,SCORE_DATA_AGE,ENTRY_ZONE,STOP_LOSS,EXPECTED_RETURN,RISK_REWARD,PERCENTILE_RANK,COMPOSITE_RAW,SECTOR_ZNORM_APPLIED,SCORED_AT,SIG_ROCE,SIG_ROE,SIG_Debt/Equity,SIG_Interest Coverage,SIG_Altman Z,SIG_Piotroski,SIG_Sales Growth 3Y,SIG_Profit Growth 3Y,SIG_OCF,SIG_Revenue Acceleration,SIG_Earnings Acceleration,SIG_Revenue Consistency,SIG_Earnings Surprise,SIG_Price>200DMA,SIG_RS Strength,SIG_RS Rank,SIG_Near 52W High,SIG_Volume Surge,SIG_VCP,SIG_Short Retreat,SIG_Recent Catalyst,SIG_Sector RS,SIG_FII Change,SIG_FII 3Q Trend,SIG_MF Change,SIG_Promoter Change,SIG_Insider Buy,SIG_Ownership Divergence,SIG_Sector Strength,SIG_Market State,SIG_Commodity Tailwind,SIG_Pledged %,BEATEN_DOWN_WATCH,SIGNAL_AGE_DAYS
INE384A01010,RANEHOLDIN,RANE HOLDINGS,Finance,False,,,19,15,13.0,18,13,100,PRIME,▼ At risk: near STRONG boundary,↓17,False,False,4–5% (vol↓),LATE_CYCLE,CAUTION,FINANCIALS,0.0,0.1358,0.054,FIN_INCLUSION,16.0,0.0,,6.0,2.0,8.0,2.0,,,1.0,Fresh,"₹1,454 – ₹1,514","₹1,364 (−8.1%)",25–45% (12m),✅ 4.3:1,100.0,83,True,2026-06-05 12:45:13,8.0,4.0,0,4.0,0.0,5.0,4.0,6.0,2.0,4.0,4.0,2.0,0.0,2.0,0.0,0.0,0.0,0.0,0.0,0.0,0.0,0.0,2.0,0.0,2.0,3.0,0.0,0.0,9.0,4.0,0.0,0.0,False,
INE872H01027,LUMAXTECH,LUMAX AUTO TECH.,Auto Components,False,,,20,15,13.0,32,14,94,PRIME,,─,False,False,5–7% (vol↓),BASING,CAUTION,OTHER,0.0,0.3592,0.2882,PLI,23.0,0.0,,6.0,2.0,9.0,2.0,,,1.0,Fresh,"₹1,735 – ₹1,808","₹1,626 (−8.3%)",25–45% (12m),✅ 4.2:1,99.9,96,True,2026-06-05 12:45:04,8.0,4.0,0,4.0,4.0,5.0,4.0,6.0,2.0,4.0,4.0,2.0,2.0,2.0,1.0,3.0,0.0,0.0,1.0,0.0,0.0,1.0,2.0,2.0,2.0,0.0,0.0,2.0,10.0,4.0,0.0,0.0,False,
INE457A01014,MAHABANK,BANK OF MAHA,Banks,False,,,5,13,13.0,36,13,92,STRONG,▼ At risk: near WATCHLIST_CONFIRMED boundary,↓23,False,False,4–6%,LATE_CYCLE,CAUTION,FINANCIALS,0.0,0.227,0.1254,FIN_INCLUSION,19.0,0.0,,5.0,2.0,8.0,2.0,,,1.0,Fresh,₹79 – ₹81,₹76 (−4.2%),18–38% (12m),✅ 4.7:1,99.9,70,True,2026-06-05 12:45:00,0.0,4.0,0,0.0,0.0,0.0,4.0,6.0,2.0,0.0,4.0,2.0,0.0,2.0,1.0,3.0,1.0,0.0,1.0,0.0,1.0,1.0,2.0,2.0,2.0,0.0,0.0,2.0,9.0,4.0,0.0,0.0,False,4.0
INE017A01032,GESHIP,GE SHIPPING CO,Transport Services,False,,,17,15,9.0,28,4,91,STRONG,,↓17,False,False,2–4% (vol↓),TOPPING,CAUTION,OTHER,1.0,1.159,0.2944,INFRA,21.0,0.0,,6.0,2.0,9.0,2.0,,,1.0,Fresh,"₹1,442 – ₹1,518","₹1,328 (−10.3%)",12–25% (12m),⚠ 1.9:1,99.8,74,True,2026-06-05 12:45:29,4.0,2.0,0,4.0,4.0,5.0,4.0,6.0,2.0,4.0,4.0,2.0,2.0,2.0,1.0,3.0,0.0,0.0,1.0,0.0,0.0,1.0,2.0,2.0,0.0,0.0,0.0,2.0,0.0,4.0,0.0,0.0,True,60.0
INE118H01025,BSE,BSE,Capital Markets,False,,,20,15,11.0,34,4,90,PRIME,▼ At risk: near STRONG boundary,─,False,False,4–5% (vol↓),TOPPING,CAUTION,FINANCIALS,1.0,0.8536,0.2504,FIN_INCLUSION,22.0,0.0,,8.0,3.0,8.0,2.0,,,1.0,Fresh,"₹3,900 – ₹4,032","₹3,702 (−6.7%)",18–32% (12m),✅ 5.3:1,99.7,84,True,2026-06-05 12:45:00,8.0,4.0,0,4.0,4.0,5.0,4.0,6.0,2.0,4.0,4.0,2.0,0.0,2.0,1.0,3.0,1.0,0.0,1.0,0.0,0.0,1.0,2.0,2.0,2.0,0.0,0.0,2.0,0.0,4.0,0.0,0.0,False,
INE506W01012,KRISHANA,KRISHANA PHOSCH.,Fertilizers & Agrochemicals,False,,,20,14,13.0,26,4,90,STRONG,▲ Approaching PRIME,↓9,False,False,4–5% (vol↓),TOPPING,CAUTION,OTHER,0.0,0.014,0.0,AGRI,19.0,0.0,,8.0,3.0,8.0,2.0,,,1.0,Fresh,₹670 – ₹695,₹632 (−7.4%),18–38% (12m),✅ 2.7:1,99.7,81,True,2026-06-05 12:45:00,8.0,4.0,0,4.0,4.0,5.0,4.0,6.0,2.0,0.0,4.0,2.0,2.0,2.0,1.0,3.0,1.0,0.0,0.0,0.0,0.0,1.0,2.0,0.0,0.0,3.0,0.0,0.0,0.0,4.0,0.0,0.0,True,
INE01IU01018,SKYGOLD,SKY GOLD & DIAM.,Consumer Durables,False,,,19,15,13.0,36,13,89,WATCHLIST_CONFIRMED,,↑6,False,False,5–7% (vol↓),LATE_CYCLE,CAUTION,CONSUMPTION,0.0,0.0817,0.2066,PREMIUMISATION,24.0,-3.0,PAPER_PROFIT,5.0,2.0,10.0,3.0,,,1.0,Fresh,₹549 – ₹578,₹520 (−7.7%),8–20% (12m),⚠ 1.6:1,99.6,93,True,2026-06-05 12:45:00,8.0,4.0,0,4.0,4.0,5.0,4.0,6.0,0.0,4.0,4.0,2.0,2.0,2.0,1.0,3.0,1.0,1.0,1.0,0.0,0.0,1.0,2.0,2.0,2.0,0.0,0.0,2.0,9.0,4.0,0.0,0.0,False,
INE040D01038,MAYURUNIQ,MAYUR UNIQUOTERS,Consumer Durables,False,,,20,12,13.0,44,13,88,PRIME,,↑5,False,False,5–7% (vol↓),LATE_CYCLE,CAUTION,CONSUMPTION,0.0,0.2144,0.046,PREMIUMISATION,25.0,0.0,,7.0,2.0,8.0,2.0,,,1.0,Fresh,₹715 – ₹755,₹654 (−11.0%),25–45% (12m),✅ 3.2:1,99.4,92,True,2026-06-05 12:44:59,8.0,2.0,0,4.0,4.0,5.0,0.0,6.0,2.0,0.0,4.0,2.0,2.0,2.0,1.0,3.0,1.0,1.0,1.0,0.0,1.0,1.0,2.0,0.0,2.0,3.0,2.0,2.0,9.0,4.0,0.0,0.0,False,16.0
INE814H01029,ADANIPOWER,ADANI POWER,Power,False,,,20,11,13.0,26,4,88,STRONG,,↓14,False,False,2–4% (vol↓),TOPPING,CAUTION,OTHER,0.0,0.5448,0.0724,"CAPEX_SUPERCYCLE,POWER",18.0,0.0,,6.0,2.0,6.0,1.0,,,1.0,Fresh,₹228 – ₹237,₹216 (−7.0%),18–38% (12m),✅ 2.9:1,99.4,74,True,2026-06-05 12:45:00,8.0,4.0,0,4.0,4.0,5.0,4.0,6.0,2.0,0.0,4.0,0.0,0.0,2.0,1.0,3.0,1.0,0.0,1.0,0.0,0.0,1.0,0.0,0.0,2.0,0.0,0.0,2.0,0.0,4.0,0.0,0.0,True,36.0
INE353K01014,ITDC,I T D C,Leisure Services,False,,,20,11,13.0,18,13,88,STRONG,▲ Approaching PRIME,↑80,False,False,4–5% (vol↓),LATE_CYCLE,CAUTION,OTHER,0.0,0.0022,0.0,PREMIUMISATION,18.0,0.0,,7.0,2.0,6.0,1.0,,,1.0,Fresh,₹527 – ₹545,₹500 (−6.7%),18–38% (12m),✅ 3.0:1,99.4,80,True,2026-06-05 12:45:28,8.0,4.0,0,4.0,4.0,5.0,4.0,6.0,2.0,0.0,0.0,2.0,2.0,0.0,1.0,3.0,1.0,1.0,0.0,0.0,0.0,1.0,2.0,0.0,0.0,0.0,0.0,0.0,9.0,4.0,0.0,0.0,False,
INE456Z01021,MEDIASSIST,MEDI ASSIST SER.,Insurance,False,,,20,12,8.0,0,4,87,WATCHLIST_CONFIRMED,,↓30,False,False,1–2% (vol↓),TOPPING,CAUTION,FINANCIALS,1.0,1.0678,0.7217,FIN_INCLUSION,11.0,0.0,,5.0,2.0,8.0,2.0,,,1.0,Fresh,₹359 – ₹371,₹348 (−4.7%),8–20% (12m),✅ 2.5:1,99.2,56,True,2026-06-05 12:45:05,8.0,2.0,0,4.0,4.0,5.0,4.0,0.0,2.0,4.0,4.0,2.0,0.0,0.0,0.0,0.0,0.0,0.0,0.0,0.0,0.0,0.0,0.0,0.0,0.0,0.0,0.0,0.0,0.0,4.0,0.0,0.0,True,
INE598D01035,ALGOQUANT,ALGOQUANT FIN,Finance,False,,,20,8,13.0,4,13,87,WATCHLIST_CONFIRMED,▼ At risk: near WATCHLIST_CONFIRMED boundary,↓17,False,False,2–4% (vol↓),LATE_CYCLE,CAUTION,FINANCIALS,0.0,0.0514,0.0,FIN_INCLUSION,11.0,0.0,,8.0,3.0,1.0,0.0,,,1.0,Fresh,₹53 – ₹56,₹51 (−7.1%),8–20% (12m),⚠ 1.7:1,99.2,70,True,2026-06-05 12:45:23,8.0,4.0,0,4.0,4.0,5.0,4.0,6.0,2.0,0.0,0.0,0.0,0.0,0.0,0.0,0.0,0.0,0.0,0.0,0.0,0.0,0.0,2.0,0.0,0.0,0.0,0.0,0.0,9.0,4.0,0.0,0.0,False,
INE940H01022,PGIL,PEARL GLOBAL IND,Textiles & Apparels,False,,,20,9,13.0,28,13,86,STRONG,▲ Approaching PRIME,↓5,False,False,4–5% (vol↓),LATE_CYCLE,CAUTION,OTHER,0.0,0.2696,0.3651,PLI,19.0,0.0,,5.0,2.0,3.0,0.0,,,1.0,Fresh,"₹1,609 – ₹1,662","₹1,530 (−6.4%)",18–38% (12m),✅ 3.1:1,99.0,81,True,2026-06-05 12:44:59,8.0,4.0,0,4.0,4.0,5.0,4.0,6.0,2.0,0.0,0.0,2.0,0.0,2.0,1.0,3.0,0.0,0.0,1.0,0.0,0.0,1.0,2.0,0.0,2.0,0.0,0.0,2.0,9.0,4.0,0.0,0.0,False,
INE343H01029,SOLARINDS,SOLAR INDUSTRIES,Chemicals & Petrochemicals,False,,,20,15,10.0,18,13,86,PRIME,▼ At risk: near STRONG boundary,─,False,False,7%,LATE_CYCLE,CAUTION,OTHER,0.0,0.268,0.2386,PLI,20.0,0.0,,8.0,3.0,8.0,2.0,,,1.0,Fresh,"₹18,354 – ₹18,800","₹17,685 (−4.8%)",25–45% (12m),✅ 7.3:1,99.0,86,True,2026-06-05 12:45:00,8.0,4.0,0,4.0,4.0,5.0,4.0,6.0,2.0,4.0,4.0,2.0,2.0,2.0,1.0,3.0,1.0,0.0,0.0,1.0,0.0,1.0,0.0,0.0,0.0,0.0,0.0,0.0,9.0,4.0,0.0,0.0,False,
INE375Y01018,RELIABLE,RELIABLE DATA,Finance,False,,,11,8,13.0,28,13,86,WATCHLIST_CONFIRMED,▼ At risk: near WATCHLIST_CONFIRMED boundary,↓14,False,False,2–4% (vol↓),LATE_CYCLE,CAUTION,FINANCIALS,0.0,0.0242,0.0,FIN_INCLUSION,17.0,-5.0,PAPER_PROFIT|EARN_QUALITY,3.0,1.0,2.0,0.0,,,1.0,Fresh,₹135 – ₹140,₹130 (−5.3%),8–20% (12m),✅ 2.3:1,99.0,69,True,2026-06-05 12:45:12,8.0,2.0,0,4.0,0.0,5.0,4.0,6.0,0.0,0.0,0.0,0.0,2.0,2.0,1.0,3.0,0.0,0.0,1.0,0.0,0.0,1.0,2.0,2.0,0.0,0.0,0.0,2.0,9.0,4.0,0.0,0.0,False,
INE12F801023,KISSHT,NAN,nan,False,,,1,0,15.0,14,4,86,MONITOR,,↓36,False,False,0%,,CAUTION,OTHER,0.0,0.7953,0.1319,nan,5.0,0.0,,4.0,1.0,0.0,0.0,,,1.0,Fresh,₹255 – ₹275,₹235 (−11.1%),,,99.0,27,True,2026-06-05 12:45:26,0.0,0.0,0,0.0,0.0,0.0,0.0,0.0,0.0,0.0,0.0,0.0,0.0,2.0,1.0,3.0,1.0,0.0,0.0,0.0,0.0,0.0,0.0,0.0,0.0,0.0,0.0,0.0,0.0,4.0,0.0,0.0,False,
INE281B01032,LLOYDSME,LLOYDS METALS,Minerals & Mining,False,,,20,14,13.0,22,13,85,PRIME,▼ At risk: near STRONG boundary,─,False,False,7%,LATE_CYCLE,CAUTION,OTHER,0.0,0.1004,0.0328,nan,20.0,0.0,,4.0,1.0,9.0,2.0,,,1.0,Fresh,"₹1,769 – ₹1,816","₹1,698 (−5.3%)",25–45% (12m),✅ 6.7:1,98.7,85,False,2026-06-05 12:45:00,8.0,4.0,0,4.0,4.0,5.0,4.0,6.0,2.0,0.0,4.0,2.0,2.0,2.0,1.0,3.0,1.0,0.0,1.0,0.0,1.0,0.0,2.0,0.0,0.0,0.0,0.0,0.0,9.0,4.0,0.0,0.0,False,30.0
INE455K01017,POLYCAB,POLYCAB INDIA,Industrial Products,False,,,20,15,13.0,32,4,85,PRIME,▼ At risk: near STRONG boundary,─,False,False,6–7%,TOPPING,CAUTION,OTHER,0.0,0.7332,0.1043,nan,22.0,0.0,,7.0,2.0,8.0,2.0,,,1.0,Fresh,"₹9,480 – ₹9,663","₹9,204 (−3.8%)",25–45% (12m),✅ 9.1:1,98.7,84,True,2026-06-05 12:45:00,8.0,4.0,0,4.0,4.0,5.0,4.0,6.0,2.0,4.0,4.0,2.0,0.0,2.0,1.0,3.0,1.0,0.0,1.0,0.0,1.0,1.0,2.0,2.0,0.0,0.0,0.0,2.0,0.0,4.0,0.0,0.0,False,30.0
INE716B01029,TIPSMUSIC,TIPS MUSIC,Entertainment,False,,,20,14,13.0,12,13,85,STRONG,▲ Approaching PRIME,─,False,False,4–5% (vol↓),LATE_CYCLE,CAUTION,OTHER,0.0,0.3164,0.0796,nan,17.0,0.0,,8.0,3.0,7.0,2.0,,,1.0,Fresh,₹647 – ₹673,₹607 (−8.0%),18–38% (12m),✅ 2.5:1,98.7,82,True,2026-06-05 12:45:00,8.0,4.0,0,4.0,4.0,5.0,4.0,6.0,2.0,0.0,4.0,2.0,2.0,2.0,0.0,0.0,1.0,0.0,0.0,0.0,0.0,1.0,2.0,0.0,0.0,0.0,0.0,0.0,9.0,4.0,0.0,0.0,False,46.0
INE742F01042,ADANIPORTS,ADANI PORTS,Transport Infrastructure,False,,,19,13,13.0,30,14,85,PRIME,▼ At risk: near STRONG boundary,─,False,False,7%,BASING,CAUTION,OTHER,0.0,0.5342,0.1048,INFRA,21.0,0.0,,6.0,2.0,7.0,2.0,,,1.0,Fresh,"₹1,786 – ₹1,821","₹1,733 (−3.9%)",25–45% (12m),✅ 9.0:1,98.7,85,False,2026-06-05 12:45:00,4.0,4.0,0,4.0,4.0,5.0,4.0,6.0,2.0,0.0,4.0,2.0,0.0,2.0,1.0,3.0,1.0,0.0,1.0,0.0,0.0,1.0,2.0,2.0,0.0,0.0,0.0,2.0,10.0,4.0,0.0,0.0,False,36.0
INE510A01028,ENGINERSIN,ENGINEERS INDIA,Construction,False,,,20,14,13.0,24,4,84,STRONG,,↓7,False,False,2–4% (vol↓),TOPPING,CAUTION,OTHER,0.0,0.4098,0.2114,INFRA,20.0,-1.0,EARN_REV_DIVERGE,7.0,2.0,9.0,2.0,,,1.0,Fresh,₹223 – ₹233,₹208 (−8.6%),18–38% (12m),✅ 2.3:1,98.5,77,True,2026-06-05 12:45:00,8.0,4.0,0,4.0,4.0,5.0,0.0,6.0,2.0,4.0,4.0,2.0,2.0,2.0,0.0,0.0,0.0,0.0,1.0,1.0,1.0,1.0,2.0,2.0,0.0,0.0,0.0,2.0,0.0,4.0,0.0,0.0,True,14.0
INE522F01014,COALINDIA,COAL INDIA,Consumable Fuels,False,,,19,10,13.0,32,15,84,PRIME,▼ At risk: near STRONG boundary,─,False,False,6–7%,MID_CYCLE,CAUTION,OTHER,0.0,0.34,0.1906,POWER,19.0,0.0,,6.0,2.0,8.0,2.0,,,1.0,Fresh,₹466 – ₹479,₹446 (−5.7%),25–45% (12m),✅ 6.2:1,98.5,84,False,2026-06-05 12:45:00,8.0,4.0,0,4.0,0.0,5.0,0.0,6.0,2.0,0.0,4.0,0.0,0.0,2.0,1.0,3.0,1.0,1.0,1.0,0.0,0.0,1.0,2.0,2.0,0.0,0.0,0.0,2.0,14.0,4.0,0.0,0.0,False,53.0
INE019C01026,HSCL,HIMADRI SPECIAL,Chemicals & Petrochemicals,False,,,20,12,13.0,30,13,84,PRIME,▼ At risk: near STRONG boundary,─,False,False,4–5% (vol↓),LATE_CYCLE,CAUTION,OTHER,0.0,0.249,0.0228,PLI,20.0,0.0,,7.0,2.0,7.0,2.0,,,1.0,Fresh,₹589 – ₹615,₹551 (−8.5%),25–45% (12m),✅ 4.1:1,98.5,84,True,2026-06-05 12:45:00,8.0,2.0,0,4.0,4.0,5.0,4.0,6.0,2.0,0.0,4.0,0.0,0.0,2.0,1.0,3.0,1.0,0.0,1.0,0.0,0.0,1.0,2.0,2.0,0.0,0.0,0.0,2.0,9.0,4.0,0.0,0.0,False,41.0
INE348A01023,ASHAPURMIN,ASHAPURA MINECH.,Minerals & Mining,False,,,15,13,13.0,40,13,84,STRONG,▼ At risk: near STRONG boundary,─,False,False,4–5% (vol↓),LATE_CYCLE,CAUTION,OTHER,0.0,0.8186,0.0056,nan,22.0,0.0,,3.0,1.0,7.0,2.0,,,1.0,Fresh,₹703 – ₹742,₹644 (−10.8%),18–38% (12m),⚠ 1.9:1,98.5,84,False,2026-06-05 12:45:21,4.0,4.0,0,4.0,0.0,5.0,4.0,6.0,2.0,0.0,4.0,2.0,0.0,2.0,1.0,3.0,0.0,1.0,1.0,0.0,0.0,1.0,2.0,2.0,2.0,3.0,0.0,2.0,9.0,4.0,0.0,0.0,False,
INE989A01032,SANGHVIMOV,SANGHVI MOVERS,Commercial Services & Supplies,False,,,16,15,13.0,22,13,83,STRONG,▲ Approaching PRIME,─,False,False,4–5% (vol↓),LATE_CYCLE,CAUTION,OTHER,0.0,0.1062,0.0084,nan,20.0,0.0,,4.0,1.0,7.0,2.0,,,1.0,Fresh,₹350 – ₹369,₹322 (−10.5%),18–38% (12m),⚠ 1.9:1,98.2,82,True,2026-06-05 12:45:11,4.0,2.0,0,4.0,4.0,5.0,4.0,6.0,2.0,4.0,4.0,2.0,0.0,2.0,1.0,3.0,1.0,0.0,0.0,0.0,1.0,1.0,2.0,0.0,0.0,0.0,0.0,0.0,9.0,4.0,0.0,0.0,False,9.0
INE206F01022,AIIL,AUTHUM INVEST,Finance,False,,,20,8,10.0,6,13,83,WATCHLIST_CONFIRMED,▲ Approaching STRONG,↓17,False,False,2–4% (vol↓),LATE_CYCLE,CAUTION,FINANCIALS,0.0,0.5698,0.003,FIN_INCLUSION,11.0,0.0,,8.0,3.0,1.0,0.0,,,1.0,Fresh,₹444 – ₹465,₹422 (−7.1%),8–20% (12m),⚠ 1.7:1,98.2,66,True,2026-06-05 12:45:23,8.0,4.0,0,4.0,4.0,5.0,4.0,6.0,2.0,0.0,0.0,0.0,0.0,0.0,0.0,0.0,0.0,0.0,0.0,0.0,0.0,0.0,0.0,0.0,0.0,3.0,0.0,0.0,9.0,4.0,0.0,0.0,False,
INE686A01026,CEMPRO,CEMINDIA PROJECT,Construction,False,,,20,15,10.0,20,4,82,STRONG,,↓7,False,False,2–4% (vol↓),TOPPING,CAUTION,OTHER,0.0,0.311,0.0282,INFRA,18.0,0.0,,6.0,2.0,7.0,2.0,,,1.0,Fresh,"₹1,000 – ₹1,050",₹925 (−9.7%),18–38% (12m),✅ 2.1:1,97.9,75,True,2026-06-05 12:45:00,8.0,4.0,0,4.0,4.0,5.0,4.0,6.0,2.0,4.0,4.0,2.0,0.0,2.0,1.0,3.0,1.0,0.0,0.0,0.0,0.0,1.0,0.0,0.0,2.0,0.0,0.0,0.0,0.0,4.0,0.0,0.0,True,
INE819V01029,CPPLUS,ADITYA INFOTECH,Industrial Manufacturing,False,,,19,15,13.0,28,4,82,WATCHLIST_CONFIRMED,,↓4,False,False,2–4% (vol↓),TOPPING,CAUTION,OTHER,0.0,0.228,0.2594,PLI,21.0,-3.0,PAPER_PROFIT,6.0,2.0,10.0,3.0,,,1.0,Fresh,"₹3,292 – ₹3,447","₹3,136 (−6.9%)",8–20% (12m),⚠ 1.7:1,97.9,78,True,2026-06-05 12:45:00,8.0,4.0,0,4.0,4.0,5.0,4.0,6.0,2.0,0.0,4.0,2.0,2.0,2.0,1.0,3.0,1.0,1.0,0.0,0.0,1.0,1.0,2.0,0.0,2.0,0.0,0.0,0.0,0.0,4.0,0.0,0.0,True,8.0
INE685A01028,TORNTPHARM,TORRENT PHARMA.,Pharmaceuticals & Biotechnology,False,,,20,11,13.0,32,13,82,PRIME,▼ At risk: near STRONG boundary,↑4,False,False,7%,LATE_CYCLE,CAUTION,OTHER,0.0,0.6498,0.089,"HEALTHCARE,PLI",21.0,0.0,,8.0,3.0,8.0,2.0,,,1.0,Fresh,"₹4,307 – ₹4,430","₹4,122 (−5.6%)",25–45% (12m),✅ 6.2:1,97.9,86,True,2026-06-05 12:45:00,8.0,4.0,0,4.0,4.0,5.0,0.0,6.0,2.0,0.0,4.0,2.0,0.0,2.0,1.0,3.0,1.0,0.0,1.0,0.0,1.0,1.0,2.0,2.0,0.0,0.0,0.0,2.0,9.0,4.0,0.0,0.0,False,13.0
INE738I01010,ECLERX,ECLERX SERVICES,Commercial Services & Supplies,False,,,20,13,13.0,14,13,82,STRONG,▲ Approaching PRIME,─,False,False,4–5% (vol↓),LATE_CYCLE,CAUTION,OTHER,0.0,0.4994,0.4478,nan,16.0,0.0,,8.0,3.0,8.0,2.0,,,1.0,Fresh,"₹1,408 – ₹1,471","₹1,313 (−8.8%)",18–38% (12m),✅ 2.3:1,97.9,81,True,2026-06-05 12:45:18,8.0,4.0,0,4.0,4.0,5.0,4.0,0.0,2.0,4.0,4.0,2.0,2.0,0.0,0.0,0.0,0.0,0.0,0.0,0.0,0.0,0.0,2.0,2.0,0.0,3.0,0.0,0.0,9.0,4.0,0.0,0.0,False,
INE115Q01022,IKS,INVENTURUS KNOWL,IT - Services,False,,,20,13,13.0,26,14,82,PRIME,,─,False,False,5–7% (vol↓),BASING,CAUTION,OTHER,0.0,0.3854,0.0636,DIGITAL,20.0,0.0,,8.0,3.0,8.0,2.0,,,1.0,Fresh,"₹1,680 – ₹1,732","₹1,601 (−6.2%)",25–45% (12m),✅ 5.7:1,97.9,88,True,2026-06-05 12:45:25,8.0,4.0,0,4.0,4.0,5.0,4.0,6.0,2.0,0.0,4.0,2.0,0.0,2.0,0.0,0.0,1.0,0.0,1.0,0.0,0.0,1.0,2.0,2.0,2.0,0.0,0.0,2.0,10.0,4.0,0.0,0.0,False,
INE127T01021,KPEL,K.P. ENERGY,Power,False,,,20,13,13.0,10,4,82,STRONG,▼ At risk: near WATCHLIST_CONFIRMED boundary,↓13,False,False,2–4% (vol↓),TOPPING,CAUTION,OTHER,0.0,0.0907,0.0,"CAPEX_SUPERCYCLE,POWER",13.0,0.0,,6.0,2.0,8.0,2.0,,,1.0,Fresh,₹347 – ₹360,₹328 (−7.2%),18–38% (12m),✅ 2.8:1,97.9,70,True,2026-06-05 12:45:26,8.0,4.0,0,4.0,4.0,5.0,4.0,6.0,2.0,0.0,4.0,0.0,2.0,0.0,0.0,0.0,0.0,0.0,0.0,0.0,0.0,0.0,2.0,0.0,0.0,3.0,0.0,0.0,0.0,4.0,0.0,0.0,True,
INE524A01029,GABRIEL,GABRIEL INDIA,Auto Components,False,,,20,13,13.0,26,14,82,PRIME,,↑6,False,False,5–7% (vol↓),BASING,CAUTION,OTHER,0.0,0.2842,0.3096,PLI,19.0,0.0,,6.0,2.0,7.0,2.0,,,1.0,Fresh,"₹1,038 – ₹1,075",₹981 (−7.1%),25–45% (12m),✅ 4.9:1,97.9,87,True,2026-06-05 12:45:29,8.0,4.0,0,4.0,4.0,5.0,4.0,6.0,2.0,0.0,4.0,2.0,0.0,0.0,1.0,3.0,0.0,0.0,0.0,0.0,1.0,1.0,2.0,0.0,2.0,3.0,0.0,0.0,10.0,4.0,0.0,0.0,False,8.0
INE818A01017,ANTELOPUS,ANTELOPUS SELAN,Oil,False,,,14,13,13.0,22,13,81,STRONG,,↓6,False,False,2–4% (vol↓),LATE_CYCLE,CAUTION,OTHER,0.0,0.0401,0.0,nan,17.0,0.0,,4.0,1.0,7.0,2.0,,,1.0,Fresh,₹852 – ₹891,₹794 (−9.0%),18–38% (12m),✅ 2.2:1,97.5,75,True,2026-06-05 12:45:00,8.0,0.0,0,4.0,4.0,0.0,4.0,6.0,2.0,0.0,4.0,0.0,2.0,2.0,1.0,3.0,1.0,0.0,1.0,0.0,0.0,1.0,2.0,0.0,0.0,0.0,0.0,0.0,9.0,4.0,0.0,0.0,False,
INE045J01034,FCL,FINEOTEX CHEM,Chemicals & Petrochemicals,False,,,20,14,10.0,22,13,81,STRONG,▲ Approaching PRIME,─,False,False,4–5% (vol↓),LATE_CYCLE,CAUTION,OTHER,0.0,0.1456,0.0254,PLI,21.0,0.0,,5.0,2.0,8.0,2.0,,,1.0,Fresh,₹42 – ₹45,₹37 (−14.2%),18–38% (12m),❌ 1.4:1,97.5,81,True,2026-06-05 12:45:00,8.0,2.0,0,4.0,4.0,5.0,0.0,6.0,2.0,4.0,4.0,2.0,2.0,2.0,1.0,3.0,1.0,1.0,1.0,0.0,1.0,1.0,0.0,0.0,0.0,0.0,0.0,0.0,9.0,4.0,0.0,0.0,False,19.0
INE921L01032,POWERICA,NAN,nan,False,,,1,0,15.0,12,4,81,MONITOR,,↓63,False,False,0%,,CAUTION,OTHER,0.0,0.1906,0.2814,nan,4.0,0.0,,4.0,1.0,0.0,0.0,,,1.0,Fresh,₹527 – ₹558,₹496 (−8.5%),,,97.5,26,True,2026-06-05 12:45:02,0.0,0.0,0,0.0,0.0,0.0,0.0,0.0,0.0,0.0,0.0,0.0,0.0,2.0,1.0,3.0,0.0,0.0,0.0,0.0,0.0,0.0,0.0,0.0,0.0,0.0,0.0,0.0,0.0,4.0,0.0,0.0,False,44.0
INE0R6Z01013,SRM,SRM CONTRACTORS,Construction,False,,,20,13,13.0,16,4,81,STRONG,,↓7,False,False,2–4% (vol↓),TOPPING,CAUTION,OTHER,0.0,0.0276,0.0,INFRA,16.0,0.0,,6.0,2.0,8.0,2.0,,,1.0,Fresh,₹478 – ₹501,₹443 (−9.6%),18–38% (12m),✅ 2.1:1,97.5,74,True,2026-06-05 12:45:08,8.0,4.0,0,4.0,4.0,5.0,4.0,6.0,2.0,0.0,4.0,0.0,2.0,0.0,1.0,3.0,0.0,0.0,0.0,0.0,1.0,1.0,2.0,0.0,0.0,0.0,0.0,0.0,0.0,4.0,0.0,0.0,True,10.0
INE0CLI01024,RATEGAIN,RATEGAIN TRAVEL,IT - Software,False,,,17,15,13.0,28,14,81,PRIME,▼ At risk: near STRONG boundary,↑4,False,False,5–7% (vol↓),BASING,CAUTION,OTHER,0.0,0.2332,0.3454,DIGITAL,21.0,0.0,,6.0,2.0,8.0,2.0,,,1.0,Fresh,₹747 – ₹783,₹694 (−9.3%),25–45% (12m),✅ 3.8:1,97.5,86,True,2026-06-05 12:45:13,4.0,2.0,0,4.0,4.0,5.0,4.0,6.0,2.0,4.0,4.0,2.0,0.0,2.0,1.0,3.0,1.0,0.0,1.0,0.0,0.0,1.0,2.0,0.0,0.0,3.0,0.0,0.0,10.0,4.0,0.0,0.0,False,
INE250K01012,DLINKINDIA,D-LINK INDIA,IT - Hardware,False,,,20,11,13.0,16,13,80,STRONG,▲ Approaching PRIME,─,False,False,6–7%,LATE_CYCLE,CAUTION,TECHNOLOGY,0.0,0.2262,0.0,PLI,16.0,0.0,,8.0,3.0,8.0,2.0,,,1.0,Fresh,₹466 – ₹478,₹448 (−4.9%),18–38% (12m),✅ 4.1:1,97.1,80,False,2026-06-05 12:44:59,8.0,4.0,0,4.0,4.0,5.0,0.0,6.0,2.0,0.0,4.0,2.0,0.0,2.0,0.0,0.0,0.0,0.0,0.0,0.0,1.0,1.0,2.0,2.0,0.0,0.0,0.0,0.0,9.0,4.0,0.0,0.0,False,25.0
INE18JU01028,EBGNG,GNG ELECTRONICS,IT - Hardware,False,,,20,13,13.0,18,13,80,STRONG,▲ Approaching PRIME,─,False,False,4–5% (vol↓),LATE_CYCLE,CAUTION,TECHNOLOGY,0.0,0.2076,0.06,PLI,16.0,0.0,,8.0,3.0,8.0,2.0,,,1.0,Fresh,₹429 – ₹451,₹397 (−9.9%),18–38% (12m),✅ 2.0:1,97.1,80,False,2026-06-05 12:45:00,8.0,4.0,0,0.0,4.0,5.0,4.0,6.0,2.0,0.0,4.0,0.0,2.0,2.0,1.0,3.0,0.0,0.0,0.0,0.0,0.0,1.0,2.0,0.0,0.0,0.0,0.0,0.0,9.0,4.0,0.0,0.0,False,
INE117A01022,ABB,A B B,Electrical Equipment,False,,,20,15,13.0,30,4,80,PRIME,▼ At risk: near STRONG boundary,↑4,False,False,6–7%,TOPPING,CAUTION,OTHER,0.0,0.3364,0.0924,"CAPEX_SUPERCYCLE,POWER",21.0,0.0,,8.0,3.0,8.0,2.0,,,1.0,Fresh,"₹7,102 – ₹7,290","₹6,820 (−5.2%)",25–45% (12m),✅ 6.7:1,97.1,84,True,2026-06-05 12:45:00,8.0,4.0,0,4.0,4.0,5.0,4.0,6.0,2.0,4.0,4.0,2.0,0.0,2.0,1.0,3.0,1.0,0.0,1.0,1.0,0.0,0.0,2.0,0.0,2.0,0.0,0.0,2.0,0.0,4.0,0.0,0.0,False,
INE303R01014,KALYANKJIL,KALYAN JEWELLERS,Consumer Durables,False,,,20,15,13.0,16,13,80,PRIME,▼ At risk: near STRONG boundary,↑5,False,False,7%,LATE_CYCLE,CAUTION,CONSUMPTION,0.0,0.5869,0.2722,PREMIUMISATION,19.0,0.0,,7.0,2.0,9.0,2.0,,,1.0,Fresh,₹348 – ₹358,₹333 (−5.6%),25–45% (12m),✅ 6.3:1,97.1,85,True,2026-06-05 12:45:26,8.0,2.0,0,4.0,4.0,5.0,4.0,6.0,2.0,4.0,4.0,2.0,2.0,0.0,0.0,0.0,0.0,1.0,0.0,1.0,1.0,0.0,2.0,0.0,0.0,3.0,0.0,0.0,9.0,4.0,0.0,0.0,False,27.0
INE635Q01029,GULFOILLUB,GULF OIL LUBRIC.,Petroleum Products,False,,,20,13,10.0,6,13,80,STRONG,,↓5,False,False,2–4% (vol↓),LATE_CYCLE,CAUTION,OTHER,0.0,0.3639,0.1245,nan,14.0,0.0,,7.0,2.0,7.0,2.0,,,1.0,Fresh,₹912 – ₹941,₹868 (−6.3%),18–38% (12m),✅ 3.2:1,97.1,74,True,2026-06-05 12:45:30,8.0,4.0,0,4.0,4.0,5.0,4.0,6.0,2.0,0.0,4.0,2.0,0.0,0.0,0.0,0.0,0.0,1.0,0.0,0.0,0.0,0.0,0.0,0.0,2.0,0.0,0.0,0.0,9.0,4.0,0.0,0.0,False,
INE616N01034,INOXINDIA,INOX INDIA,Industrial Products,False,,,20,15,10.0,26,4,79,STRONG,,─,False,False,2–4% (vol↓),TOPPING,CAUTION,OTHER,0.0,0.2916,0.12,nan,20.0,0.0,,6.0,2.0,8.0,2.0,,,1.0,Fresh,"₹1,450 – ₹1,503","₹1,370 (−7.2%)",18–38% (12m),✅ 2.8:1,96.6,78,True,2026-06-05 12:44:59,8.0,4.0,0,4.0,4.0,5.0,4.0,6.0,2.0,4.0,4.0,2.0,0.0,2.0,1.0,3.0,1.0,0.0,1.0,0.0,0.0,1.0,0.0,0.0,2.0,0.0,0.0,2.0,0.0,4.0,0.0,0.0,True,
INE298A01020,CUMMINSIND,CUMMINS INDIA,Industrial Products,False,,,20,13,11.0,30,4,79,STRONG,,─,False,False,2–4% (vol↓),TOPPING,CAUTION,OTHER,1.0,0.8426,0.2514,nan,20.0,0.0,,8.0,3.0,7.0,2.0,,,1.0,Fresh,"₹5,605 – ₹5,780","₹5,341 (−6.2%)",12–25% (12m),✅ 3.2:1,96.6,78,True,2026-06-05 12:44:59,8.0,4.0,0,4.0,4.0,5.0,4.0,6.0,2.0,0.0,4.0,2.0,0.0,2.0,1.0,3.0,1.0,0.0,1.0,0.0,0.0,1.0,2.0,2.0,0.0,0.0,0.0,2.0,0.0,4.0,0.0,0.0,True,55.0
INE835D01023,HIRECT,HIND RECTIFIERS,Industrial Manufacturing,False,,,20,15,10.0,18,4,79,STRONG,,↓4,False,False,2–4% (vol↓),TOPPING,CAUTION,OTHER,0.0,0.4165,0.0,PLI,18.0,0.0,,6.0,2.0,8.0,2.0,,,1.0,Fresh,"₹1,082 – ₹1,155",₹973 (−13.0%),18–38% (12m),⚠ 1.5:1,96.6,75,True,2026-06-05 12:45:00,8.0,4.0,0,4.0,4.0,5.0,4.0,6.0,2.0,4.0,4.0,2.0,0.0,2.0,1.0,3.0,1.0,0.0,0.0,0.0,1.0,1.0,0.0,0.0,0.0,0.0,0.0,0.0,0.0,4.0,0.0,0.0,True,19.0
INE388Y01029,NYKAA,FSN E-COMMERCE,Retailing,False,,,11,15,13.0,30,4,79,STRONG,,↓7,False,False,4–6%,TOPPING,CAUTION,OTHER,0.0,0.5668,0.3912,PREMIUMISATION,20.0,0.0,,4.0,1.0,9.0,2.0,,,1.0,Fresh,₹266 – ₹273,₹255 (−5.2%),18–38% (12m),✅ 3.9:1,96.6,72,True,2026-06-05 12:45:00,4.0,0.0,0,0.0,4.0,5.0,4.0,6.0,2.0,4.0,4.0,2.0,2.0,2.0,1.0,3.0,1.0,0.0,1.0,0.0,0.0,1.0,2.0,0.0,2.0,0.0,0.0,2.0,0.0,4.0,0.0,0.0,False,
INE139A01034,NATIONALUM,NATL. ALUMINIUM,Non - Ferrous Metals,False,,,20,13,11.0,28,7,79,STRONG,,─,False,False,2–4% (vol↓),TOPPING,CAUTION,OTHER,1.0,0.9048,0.1248,nan,20.0,0.0,,8.0,3.0,10.0,3.0,,,1.0,Fresh,₹429 – ₹445,₹406 (−7.0%),12–25% (12m),✅ 2.9:1,96.6,79,False,2026-06-05 12:45:06,8.0,4.0,0,4.0,4.0,5.0,0.0,6.0,2.0,0.0,4.0,2.0,2.0,2.0,1.0,3.0,0.0,0.0,1.0,0.0,0.0,1.0,2.0,2.0,0.0,0.0,0.0,2.0,0.0,4.0,3.0,0.0,True,36.0
INE280A01028,TITAN,TITAN COMPANY,Consumer Durables,False,,,15,15,13.0,30,13,79,WATCHLIST_CONFIRMED,▼ At risk: near STRONG boundary,↑10,False,False,6–7%,LATE_CYCLE,CAUTION,CONSUMPTION,0.0,0.642,0.169,PREMIUMISATION,21.0,-3.0,PAPER_PROFIT,6.0,2.0,9.0,2.0,,,1.0,Fresh,"₹4,048 – ₹4,130","₹3,966 (−3.0%)",8–20% (12m),✅ 4.0:1,96.6,84,True,2026-06-05 12:45:07,8.0,4.0,0,4.0,4.0,0.0,4.0,6.0,0.0,4.0,4.0,2.0,2.0,2.0,1.0,3.0,1.0,0.0,1.0,0.0,0.0,1.0,2.0,0.0,2.0,0.0,0.0,2.0,9.0,4.0,0.0,0.0,False,
INE011K01018,TEGA,TEGA INDS.,Industrial Manufacturing,False,,,20,12,13.0,30,4,79,STRONG,,↓4,False,False,2–4% (vol↓),TOPPING,CAUTION,OTHER,0.0,0.089,0.2998,PLI,18.0,0.0,,5.0,2.0,8.0,2.0,,,1.0,Fresh,"₹1,784 – ₹1,858","₹1,674 (−8.1%)",18–38% (12m),✅ 2.5:1,96.6,75,True,2026-06-05 12:45:08,8.0,2.0,0,4.0,4.0,5.0,4.0,6.0,2.0,0.0,4.0,0.0,0.0,0.0,1.0,3.0,0.0,1.0,0.0,0.0,0.0,1.0,2.0,2.0,2.0,3.0,0.0,0.0,0.0,4.0,0.0,0.0,True,
INE0LXT01019,REDTAPE,REDTAPE,Consumer Durables,False,,,20,15,10.0,20,13,79,PRIME,▼ At risk: near STRONG boundary,↑5,False,False,4–5% (vol↓),LATE_CYCLE,CAUTION,CONSUMPTION,0.0,0.1612,0.22,PREMIUMISATION,19.0,0.0,,5.0,2.0,7.0,2.0,,,1.0,Fresh,₹133 – ₹141,₹121 (−11.5%),25–45% (12m),✅ 3.0:1,96.6,84,True,2026-06-05 12:45:12,8.0,4.0,0,4.0,4.0,5.0,4.0,6.0,2.0,4.0,4.0,0.0,2.0,2.0,0.0,0.0,0.0,1.0,0.0,0.0,1.0,1.0,0.0,0.0,2.0,3.0,0.0,0.0,9.0,4.0,0.0,0.0,False,10.0
INE463V01026,ANANDRATHI,ANAND RATHI WEA.,Capital Markets,False,,,20,15,10.0,22,4,79,STRONG,,─,False,False,4–6%,TOPPING,CAUTION,FINANCIALS,0.0,0.2439,0.1741,FIN_INCLUSION,20.0,0.0,,7.0,2.0,7.0,2.0,,,1.0,Fresh,"₹1,762 – ₹1,809","₹1,692 (−5.2%)",18–38% (12m),✅ 3.8:1,96.6,76,True,2026-06-05 12:45:21,8.0,4.0,0,4.0,4.0,5.0,4.0,6.0,2.0,4.0,4.0,2.0,0.0,2.0,1.0,3.0,1.0,1.0,1.0,0.0,1.0,1.0,0.0,0.0,0.0,0.0,0.0,0.0,0.0,4.0,0.0,0.0,True,1.0
INE267A01025,HINDZINC,HINDUSTAN ZINC,Non - Ferrous Metals,False,,,20,11,13.0,32,7,79,STRONG,,─,False,False,4–6%,TOPPING,CAUTION,OTHER,0.0,0.0996,0.0254,nan,21.0,0.0,,7.0,2.0,9.0,2.0,,,1.0,Fresh,₹602 – ₹619,₹577 (−5.5%),18–38% (12m),✅ 3.6:1,96.6,79,False,2026-06-05 12:45:25,8.0,4.0,0,4.0,4.0,5.0,0.0,0.0,2.0,4.0,4.0,2.0,2.0,2.0,1.0,3.0,0.0,0.0,1.0,1.0,0.0,0.0,2.0,2.0,2.0,0.0,0.0,2.0,0.0,4.0,3.0,0.0,True,
INE572A01036,JBCHEPHARM,J B CHEMICALS &,Pharmaceuticals & Biotechnology,False,,,20,11,11.0,30,13,78,PRIME,▼ At risk: near STRONG boundary,↑5,False,False,6–7%,LATE_CYCLE,CAUTION,OTHER,1.0,0.6636,0.38,"HEALTHCARE,PLI",20.0,0.0,,7.0,2.0,6.0,1.0,,,1.0,Fresh,"₹2,112 – ₹2,168","₹2,027 (−5.3%)",18–32% (12m),✅ 6.6:1,95.9,83,True,2026-06-05 12:45:00,8.0,4.0,0,4.0,4.0,5.0,4.0,6.0,2.0,0.0,4.0,0.0,0.0,2.0,1.0,3.0,1.0,0.0,1.0,0.0,1.0,1.0,2.0,0.0,0.0,3.0,0.0,0.0,9.0,4.0,0.0,0.0,False,24.0
INE0AG901020,CEIGALL,CEIGALL INDIA,Construction,False,,,16,12,13.0,30,4,78,WATCHLIST_CONFIRMED,▼ At risk: near WATCHLIST_CONFIRMED boundary,↓7,False,False,2–4% (vol↓),TOPPING,CAUTION,OTHER,0.0,0.128,0.0316,INFRA,19.0,-3.0,PAPER_PROFIT,3.0,1.0,8.0,2.0,,,1.0,Fresh,₹353 – ₹368,₹338 (−6.4%),8–20% (12m),⚠ 1.9:1,95.9,71,True,2026-06-05 12:45:00,8.0,2.0,0,4.0,4.0,5.0,4.0,6.0,0.0,0.0,4.0,0.0,2.0,2.0,1.0,3.0,1.0,0.0,1.0,0.0,0.0,1.0,2.0,2.0,0.0,0.0,0.0,2.0,0.0,4.0,0.0,0.0,True,
INE737H01014,FIEMIND,FIEM INDUSTRIES,Auto Components,False,,,20,13,10.0,26,14,78,PRIME,▼ At risk: near STRONG boundary,↑7,False,False,4–5% (vol↓),BASING,CAUTION,OTHER,0.0,0.3126,0.1942,PLI,20.0,0.0,,6.0,2.0,7.0,2.0,,,1.0,Fresh,"₹2,310 – ₹2,384","₹2,198 (−6.3%)",25–45% (12m),✅ 5.5:1,95.9,84,True,2026-06-05 12:45:00,8.0,4.0,0,4.0,4.0,5.0,4.0,6.0,2.0,0.0,4.0,2.0,0.0,2.0,1.0,3.0,1.0,0.0,1.0,0.0,0.0,1.0,0.0,0.0,2.0,0.0,0.0,2.0,10.0,4.0,0.0,0.0,False,
INE024001021,AEROFLEX,AEROFLEX,Industrial Products,False,,,20,15,13.0,24,4,78,STRONG,,─,False,False,2–4% (vol↓),TOPPING,CAUTION,OTHER,0.0,0.0808,0.0424,nan,20.0,0.0,,5.0,2.0,6.0,1.0,,,1.0,Fresh,₹421 – ₹447,₹382 (−12.0%),18–38% (12m),⚠ 1.7:1,95.9,77,True,2026-06-05 12:45:00,8.0,2.0,0,4.0,4.0,5.0,4.0,6.0,2.0,4.0,4.0,0.0,2.0,2.0,1.0,3.0,1.0,0.0,1.0,0.0,1.0,1.0,2.0,0.0,0.0,0.0,0.0,0.0,0.0,4.0,0.0,0.0,True,30.0
INE103V01028,TRAVELFOOD,TRAVEL FOOD,Leisure Services,False,,,20,9,10.0,20,13,78,WATCHLIST_CONFIRMED,,↓9,False,False,2–4% (vol↓),LATE_CYCLE,CAUTION,OTHER,0.0,0.0636,0.1448,PREMIUMISATION,17.0,-2.0,EARN_QUALITY,8.0,3.0,2.0,0.0,,,1.0,Fresh,"₹1,230 – ₹1,273","₹1,186 (−5.3%)",8–20% (12m),✅ 2.3:1,95.9,73,True,2026-06-05 12:45:07,8.0,4.0,0,4.0,4.0,5.0,4.0,6.0,2.0,0.0,0.0,0.0,2.0,2.0,1.0,3.0,0.0,0.0,0.0,0.0,1.0,1.0,0.0,0.0,2.0,0.0,0.0,0.0,9.0,4.0,0.0,0.0,False,10.0
INE912T01018,RPEL,RAGHAV PRODUCT.,Industrial Products,False,,,20,13,13.0,24,4,78,STRONG,,─,False,False,2–4% (vol↓),TOPPING,CAUTION,OTHER,0.0,0.0208,0.0,nan,19.0,0.0,,7.0,2.0,7.0,2.0,,,1.0,Fresh,"₹971 – ₹1,015",₹905 (−8.8%),18–38% (12m),✅ 2.3:1,95.9,77,True,2026-06-05 12:45:13,8.0,4.0,0,4.0,4.0,5.0,4.0,6.0,2.0,0.0,4.0,2.0,0.0,2.0,1.0,3.0,1.0,0.0,1.0,0.0,1.0,1.0,2.0,0.0,0.0,0.0,0.0,0.0,0.0,4.0,0.0,0.0,True,4.0
INE102B01014,CHOICEIN,CHOICE INTL.,Finance,False,,,13,12,10.0,4,13,78,WATCHLIST_CONFIRMED,,↓17,False,False,4–6%,LATE_CYCLE,CAUTION,FINANCIALS,0.0,0.4606,0.0058,FIN_INCLUSION,12.0,-3.0,PAPER_PROFIT,5.0,2.0,5.0,1.0,,,1.0,Fresh,₹673 – ₹686,₹659 (−3.0%),8–20% (12m),✅ 4.0:1,95.9,61,True,2026-06-05 12:45:17,8.0,2.0,0,4.0,4.0,0.0,4.0,6.0,0.0,4.0,0.0,2.0,2.0,0.0,0.0,0.0,0.0,0.0,0.0,0.0,0.0,0.0,0.0,0.0,2.0,0.0,0.0,0.0,9.0,4.0,0.0,0.0,False,39.0
INE06HJ01020,ECOSMOBLTY,ECOS (INDIA),Transport Services,False,,,20,13,10.0,0,4,78,WATCHLIST_CONFIRMED,,↓16,False,False,2–4% (vol↓),TOPPING,CAUTION,OTHER,0.0,0.079,0.2034,INFRA,11.0,0.0,,8.0,3.0,7.0,2.0,,,1.0,Fresh,₹118 – ₹127,₹109 (−11.1%),8–20% (12m),❌ 1.1:1,95.9,62,True,2026-06-05 12:45:18,8.0,4.0,0,4.0,4.0,5.0,4.0,6.0,2.0,0.0,4.0,2.0,0.0,0.0,0.0,0.0,0.0,0.0,0.0,0.0,0.0,0.0,0.0,0.0,0.0,0.0,0.0,0.0,0.0,4.0,0.0,0.0,True,
INE0MB501011,JGCHEM,J.G.CHEMICALS,Chemicals & Petrochemicals,False,,,16,12,13.0,22,13,78,WATCHLIST_CONFIRMED,,─,False,False,2–4% (vol↓),LATE_CYCLE,CAUTION,OTHER,0.0,0.151,0.0,PLI,18.0,-3.0,PAPER_PROFIT,4.0,1.0,7.0,2.0,,,1.0,Fresh,₹424 – ₹441,₹407 (−5.8%),8–20% (12m),✅ 2.1:1,95.9,78,True,2026-06-05 12:45:27,8.0,2.0,0,4.0,4.0,5.0,0.0,6.0,0.0,4.0,4.0,0.0,2.0,2.0,1.0,3.0,0.0,1.0,0.0,0.0,1.0,1.0,2.0,0.0,0.0,0.0,0.0,0.0,9.0,4.0,0.0,0.0,False,26.0
INE777K01022,RRKABEL,R R KABEL,Industrial Products,False,,,20,12,13.0,32,4,77,STRONG,,─,False,False,2–4% (vol↓),TOPPING,CAUTION,OTHER,0.0,0.3689,0.2286,nan,21.0,0.0,,5.0,2.0,8.0,2.0,,,1.0,Fresh,"₹2,115 – ₹2,197","₹1,993 (−7.5%)",18–38% (12m),✅ 2.7:1,95.1,76,True,2026-06-05 12:45:00,8.0,2.0,0,4.0,4.0,5.0,4.0,0.0,2.0,4.0,4.0,2.0,0.0,2.0,1.0,3.0,1.0,1.0,1.0,0.0,0.0,1.0,2.0,2.0,0.0,0.0,0.0,2.0,0.0,4.0,0.0,0.0,True,36.0
INE575P01011,STARHEALTH,STAR HEALTH INSU,Insurance,False,,,4,8,13.0,32,4,77,WATCHLIST_EXTERNAL,▲ Approaching WATCHLIST_CONFIRMED,↓26,False,False,2–3%,TOPPING,CAUTION,FINANCIALS,0.0,0.5703,0.2366,FIN_INCLUSION,15.0,0.0,,3.0,1.0,8.0,2.0,,,1.0,Fresh,₹523 – ₹537,₹509 (−4.0%),2–8% (12m),⚠ 1.7:1,95.1,50,True,2026-06-05 12:45:00,0.0,0.0,0,4.0,0.0,0.0,4.0,0.0,0.0,0.0,4.0,2.0,0.0,2.0,1.0,3.0,1.0,0.0,1.0,1.0,0.0,1.0,2.0,2.0,0.0,0.0,0.0,2.0,0.0,4.0,0.0,0.0,False,
INE980Y01015,SOUTHWEST,SOUTH WEST PINN.,Commercial Services & Supplies,False,,,16,9,13.0,32,13,77,STRONG,,─,False,False,2–4% (vol↓),LATE_CYCLE,CAUTION,OTHER,0.0,0.0382,0.0,nan,20.0,0.0,,6.0,2.0,6.0,1.0,,,1.0,Fresh,₹255 – ₹270,₹233 (−11.1%),18–38% (12m),⚠ 1.8:1,95.1,76,True,2026-06-05 12:45:00,4.0,0.0,0,4.0,4.0,5.0,4.0,0.0,2.0,0.0,4.0,0.0,2.0,2.0,1.0,3.0,1.0,0.0,1.0,0.0,1.0,1.0,2.0,2.0,0.0,0.0,0.0,2.0,9.0,4.0,0.0,0.0,False,1.0
INE270I01022,VISHNU,VISHNU CHEMICALS,Chemicals & Petrochemicals,False,,,17,11,13.0,26,13,77,STRONG,,─,False,False,2–4% (vol↓),LATE_CYCLE,CAUTION,OTHER,0.0,0.1138,0.0958,PLI,20.0,0.0,,5.0,2.0,8.0,2.0,,,1.0,Fresh,₹603 – ₹628,₹566 (−8.0%),18–38% (12m),✅ 2.5:1,95.1,77,True,2026-06-05 12:45:00,4.0,2.0,0,4.0,4.0,5.0,0.0,6.0,2.0,0.0,4.0,2.0,0.0,2.0,1.0,3.0,1.0,1.0,1.0,0.0,1.0,1.0,2.0,0.0,0.0,0.0,0.0,0.0,9.0,4.0,0.0,0.0,False,1.0
INE811A01020,KIRLPNU,KIRL.PNEUMATIC,Industrial Products,False,,,20,14,13.0,20,4,77,STRONG,,─,False,False,2–4% (vol↓),TOPPING,CAUTION,OTHER,0.0,0.3997,0.5077,nan,18.0,0.0,,6.0,2.0,9.0,2.0,,,1.0,Fresh,"₹1,548 – ₹1,611","₹1,453 (−8.0%)",18–38% (12m),✅ 2.5:1,95.1,76,True,2026-06-05 12:45:00,8.0,4.0,0,4.0,4.0,5.0,4.0,6.0,2.0,0.0,4.0,2.0,2.0,2.0,1.0,3.0,1.0,0.0,0.0,0.0,0.0,1.0,2.0,0.0,0.0,0.0,0.0,0.0,0.0,4.0,0.0,0.0,True,
INE202Z01029,TSFINV,TSF INVESTMENTS,Finance,False,,,10,11,13.0,8,13,77,WATCHLIST_CONFIRMED,,↓18,False,False,1–2% (vol↓),LATE_CYCLE,CAUTION,FINANCIALS,0.0,0.1952,0.0764,FIN_INCLUSION,11.0,-1.0,EARN_REV_DIVERGE,4.0,1.0,7.0,2.0,,,1.0,Fresh,₹395 – ₹407,₹382 (−4.7%),8–20% (12m),✅ 2.5:1,95.1,59,True,2026-06-05 12:45:07,0.0,0.0,0,4.0,4.0,5.0,0.0,6.0,2.0,0.0,4.0,2.0,0.0,0.0,0.0,0.0,0.0,0.0,0.0,0.0,0.0,0.0,2.0,2.0,0.0,0.0,0.0,0.0,9.0,4.0,0.0,0.0,False,
INE235C01036,SUMEETINDS,SUMEET INDUSTRIE,Textiles & Apparels,False,,,20,11,13.0,4,13,77,STRONG,,↓4,False,False,2–4% (vol↓),LATE_CYCLE,CAUTION,OTHER,0.0,0.0026,0.0,PLI,12.0,-1.0,EARN_REV_DIVERGE,8.0,3.0,7.0,2.0,,,1.0,Fresh,₹29 – ₹30,₹27 (−9.2%),18–38% (12m),✅ 2.2:1,95.1,73,True,2026-06-05 12:45:08,8.0,4.0,0,4.0,4.0,5.0,0.0,6.0,2.0,0.0,4.0,2.0,0.0,0.0,0.0,0.0,0.0,0.0,0.0,0.0,0.0,0.0,0.0,2.0,0.0,0.0,0.0,0.0,9.0,4.0,0.0,0.0,False,
INE673O01025,TBOTEK,TBO TEK,Leisure Services,False,,,19,15,8.0,8,13,77,STRONG,,↓8,False,False,2–4% (vol↓),LATE_CYCLE,CAUTION,OTHER,1.0,0.7464,0.3526,PREMIUMISATION,15.0,0.0,,6.0,2.0,8.0,2.0,,,1.0,Fresh,"₹1,171 – ₹1,216","₹1,104 (−7.5%)",12–25% (12m),✅ 2.7:1,95.1,72,True,2026-06-05 12:45:08,8.0,4.0,0,4.0,0.0,5.0,4.0,6.0,2.0,4.0,4.0,2.0,0.0,0.0,0.0,0.0,0.0,0.0,0.0,0.0,1.0,1.0,0.0,0.0,2.0,0.0,0.0,0.0,9.0,4.0,0.0,0.0,False,11.0
INE149K01016,SANDUMA,SANDUR MANGANESE,Consumable Fuels,False,,,19,6,13.0,30,15,77,STRONG,,─,False,False,2–4% (vol↓),MID_CYCLE,CAUTION,OTHER,0.0,0.0792,0.0022,POWER,18.0,0.0,,6.0,2.0,7.0,2.0,,,1.0,Fresh,₹223 – ₹231,₹210 (−7.5%),18–38% (12m),✅ 2.7:1,95.1,77,False,2026-06-05 12:45:11,4.0,4.0,0,4.0,4.0,5.0,0.0,0.0,2.0,0.0,4.0,0.0,0.0,2.0,1.0,3.0,0.0,0.0,1.0,0.0,1.0,1.0,2.0,2.0,0.0,0.0,0.0,2.0,14.0,4.0,0.0,0.0,False,2.0
INE068L01024,CANTABIL,CANTABIL RETAIL,Textiles & Apparels,False,,,19,14,10.0,6,13,77,STRONG,,↓4,False,False,4–6%,LATE_CYCLE,CAUTION,OTHER,0.0,0.103,0.0,PLI,14.0,0.0,,6.0,2.0,9.0,2.0,,,1.0,Fresh,₹213 – ₹219,₹203 (−5.8%),18–38% (12m),✅ 3.5:1,95.1,73,True,2026-06-05 12:45:17,4.0,4.0,0,4.0,4.0,5.0,4.0,6.0,2.0,0.0,4.0,2.0,2.0,0.0,0.0,0.0,0.0,0.0,0.0,0.0,0.0,0.0,0.0,0.0,0.0,3.0,0.0,0.0,9.0,4.0,0.0,0.0,False,
INE084A01016,BANKINDIA,BANK OF INDIA,Banks,False,,,4,14,13.0,22,13,77,WATCHLIST_CONFIRMED,,↓14,False,False,4–6%,LATE_CYCLE,CAUTION,FINANCIALS,0.0,0.2948,0.0682,FIN_INCLUSION,15.0,0.0,,5.0,2.0,8.0,2.0,,,1.0,Fresh,₹138 – ₹142,₹135 (−3.4%),8–20% (12m),✅ 3.5:1,95.1,63,True,2026-06-05 12:45:24,0.0,2.0,0,0.0,0.0,0.0,4.0,6.0,2.0,0.0,4.0,2.0,2.0,2.0,1.0,3.0,0.0,0.0,0.0,0.0,1.0,0.0,2.0,2.0,0.0,0.0,0.0,0.0,9.0,4.0,0.0,0.0,False,9.0
INE933S01016,INDIAMART,INDIAMART INTER.,Retailing,False,,,20,15,11.0,4,4,77,STRONG,▼ At risk: near WATCHLIST_CONFIRMED boundary,↓7,False,False,4–6%,TOPPING,CAUTION,OTHER,1.0,0.784,0.237,PREMIUMISATION,14.0,0.0,,7.0,2.0,8.0,2.0,,,1.0,Fresh,"₹1,963 – ₹1,997","₹1,913 (−3.4%)",12–25% (12m),✅ 5.9:1,95.1,70,True,2026-06-05 12:45:25,8.0,4.0,0,4.0,4.0,5.0,4.0,6.0,2.0,4.0,4.0,2.0,2.0,0.0,0.0,0.0,0.0,0.0,0.0,0.0,0.0,0.0,2.0,0.0,0.0,0.0,0.0,0.0,0.0,4.0,0.0,0.0,True,34.0
INE036D01028,KARURVYSYA,KARUR VYSYA BANK,Banks,False,,,4,13,11.0,30,13,77,WATCHLIST_CONFIRMED,,↓14,False,False,4–6%,LATE_CYCLE,CAUTION,FINANCIALS,1.0,0.7912,0.6199,FIN_INCLUSION,17.0,0.0,,5.0,2.0,8.0,2.0,,,1.0,Fresh,₹285 – ₹293,₹278 (−3.9%),8–20% (12m),✅ 3.1:1,95.1,63,True,2026-06-05 12:45:26,0.0,2.0,0,0.0,0.0,0.0,4.0,6.0,2.0,0.0,4.0,0.0,2.0,2.0,1.0,3.0,0.0,0.0,1.0,0.0,1.0,1.0,2.0,2.0,0.0,0.0,0.0,2.0,9.0,4.0,0.0,0.0,False,36.0
INE750C01026,MARKSANS,MARKSANS PHARMA,Pharmaceuticals & Biotechnology,False,,,20,14,13.0,16,13,76,STRONG,▲ Approaching PRIME,↑6,False,False,4–5% (vol↓),LATE_CYCLE,CAUTION,OTHER,0.0,0.5281,0.0932,"HEALTHCARE,PLI",18.0,0.0,,5.0,2.0,9.0,2.0,,,1.0,Fresh,₹236 – ₹249,₹216 (−11.0%),18–38% (12m),⚠ 1.8:1,94.2,81,True,2026-06-05 12:44:59,8.0,2.0,0,4.0,4.0,5.0,4.0,6.0,2.0,0.0,4.0,2.0,2.0,2.0,0.0,0.0,0.0,1.0,0.0,0.0,1.0,0.0,2.0,0.0,2.0,0.0,0.0,0.0,9.0,4.0,0.0,0.0,False,2.0
INE497B01018,SEAMECLTD,SEAMEC LTD,Transport Services,False,,,12,10,13.0,24,4,76,WATCHLIST_CONFIRMED,,↓16,False,False,2–4% (vol↓),TOPPING,CAUTION,OTHER,0.0,0.1618,0.0718,INFRA,17.0,0.0,,5.0,2.0,4.0,1.0,,,1.0,Fresh,"₹1,581 – ₹1,654","₹1,508 (−6.8%)",8–20% (12m),⚠ 1.8:1,94.2,60,True,2026-06-05 12:45:00,0.0,0.0,0,4.0,4.0,5.0,4.0,0.0,2.0,4.0,0.0,2.0,2.0,2.0,1.0,3.0,1.0,0.0,1.0,0.0,1.0,1.0,2.0,0.0,0.0,0.0,0.0,0.0,0.0,4.0,0.0,0.0,False,4.0
INE229H01012,NITINSPIN,NITIN SPINNERS,Textiles & Apparels,False,,,17,7,13.0,30,13,76,STRONG,,↓4,False,False,2–4% (vol↓),LATE_CYCLE,CAUTION,OTHER,0.0,0.0708,0.2816,PLI,19.0,0.0,,6.0,2.0,7.0,2.0,,,1.0,Fresh,₹497 – ₹518,₹465 (−8.4%),18–38% (12m),✅ 2.4:1,94.2,72,True,2026-06-05 12:45:00,4.0,2.0,0,4.0,4.0,5.0,0.0,0.0,2.0,0.0,4.0,0.0,2.0,2.0,1.0,3.0,1.0,0.0,1.0,0.0,0.0,1.0,2.0,2.0,0.0,0.0,0.0,2.0,9.0,4.0,0.0,0.0,False,
INE298J01013,NAM-INDIA,NIPPON LIFE IND.,Capital Markets,False,,,20,13,10.0,26,4,76,STRONG,,─,False,False,2–4% (vol↓),TOPPING,CAUTION,FINANCIALS,0.0,0.2958,0.1963,FIN_INCLUSION,19.0,0.0,,7.0,2.0,8.0,2.0,,,1.0,Fresh,"₹1,060 – ₹1,096","₹1,005 (−6.7%)",18–38% (12m),✅ 3.0:1,94.2,74,True,2026-06-05 12:45:00,8.0,4.0,0,4.0,4.0,5.0,4.0,6.0,2.0,0.0,4.0,2.0,0.0,2.0,1.0,3.0,1.0,0.0,1.0,0.0,0.0,1.0,0.0,0.0,2.0,0.0,0.0,2.0,0.0,4.0,0.0,0.0,True,
INE202H01019,KERNEX,KERNEX MICROSYS.,Transport Services,False,,,19,4,13.0,26,4,76,WATCHLIST_CONFIRMED,,↓16,False,False,2–4% (vol↓),TOPPING,CAUTION,OTHER,0.0,0.0952,0.0,INFRA,17.0,-3.0,PAPER_PROFIT,5.0,2.0,2.0,0.0,,,1.0,Fresh,"₹1,827 – ₹1,929","₹1,725 (−8.1%)",8–20% (12m),❌ 1.5:1,94.2,60,True,2026-06-05 12:45:00,8.0,4.0,0,4.0,4.0,5.0,4.0,0.0,2.0,0.0,0.0,0.0,0.0,2.0,1.0,3.0,1.0,1.0,1.0,0.0,1.0,1.0,2.0,0.0,0.0,0.0,0.0,0.0,0.0,4.0,0.0,0.0,False,9.0
INE313L01016,RSL,NAN,nan,False,,,1,0,13.0,14,4,76,MONITOR,,↓53,False,False,0%,,CAUTION,OTHER,0.0,0.1844,0.0,nan,5.0,0.0,,4.0,1.0,1.0,0.0,,,1.0,Fresh,₹126 – ₹131,₹121 (−5.8%),,,94.2,25,True,2026-06-05 12:45:13,0.0,0.0,0,0.0,0.0,0.0,0.0,0.0,0.0,0.0,0.0,0.0,0.0,2.0,1.0,3.0,0.0,0.0,0.0,0.0,1.0,0.0,0.0,0.0,0.0,0.0,0.0,0.0,0.0,4.0,0.0,0.0,False,10.0
INE0TY101024,SOLARWORLD,SOLARWORLD ENE.,Construction,False,,,20,13,10.0,12,4,76,STRONG,▼ At risk: near WATCHLIST_CONFIRMED boundary,↓8,False,False,2–4% (vol↓),TOPPING,CAUTION,OTHER,0.0,0.0517,0.0346,INFRA,14.0,0.0,,6.0,2.0,7.0,2.0,,,1.0,Fresh,₹193 – ₹204,₹175 (−11.6%),18–38% (12m),⚠ 1.7:1,94.2,69,True,2026-06-05 12:45:15,8.0,4.0,0,4.0,4.0,5.0,4.0,6.0,2.0,0.0,4.0,0.0,2.0,0.0,0.0,0.0,0.0,0.0,0.0,0.0,1.0,0.0,0.0,0.0,2.0,3.0,0.0,0.0,0.0,4.0,0.0,0.0,True,10.0
INE411D01023,SKMEGGPROD,SKM EGG PROD.,Food Products,False,,,14,14,10.0,30,4,76,WATCHLIST_CONFIRMED,▼ At risk: near WATCHLIST_CONFIRMED boundary,↓6,False,False,2–4% (vol↓),CORRECTION,CAUTION,OTHER,0.0,0.041,0.0,"AGRI,PLI",20.0,-2.0,EARN_QUALITY,5.0,2.0,8.0,2.0,,,1.0,Fresh,₹235 – ₹252,₹219 (−10.2%),8–20% (12m),❌ 1.2:1,94.2,70,True,2026-06-05 12:45:15,4.0,0.0,0,4.0,4.0,5.0,4.0,6.0,2.0,0.0,4.0,2.0,2.0,2.0,1.0,3.0,1.0,1.0,1.0,0.0,0.0,1.0,2.0,0.0,0.0,3.0,0.0,0.0,0.0,4.0,0.0,0.0,False,
INE417B01040,DSSL,DYNACONS SYS.,IT - Services,False,,,20,8,13.0,30,14,76,STRONG,▼ At risk: near STRONG boundary,↑7,False,False,4–5% (vol↓),BASING,CAUTION,OTHER,0.0,0.0414,0.0,DIGITAL,19.0,0.0,,7.0,2.0,3.0,0.0,,,1.0,Fresh,"₹1,350 – ₹1,506","₹1,116 (−21.9%)",18–38% (12m),❌ 0.9:1,94.2,83,True,2026-06-05 12:45:20,8.0,4.0,0,4.0,4.0,5.0,4.0,6.0,2.0,0.0,0.0,0.0,0.0,2.0,1.0,3.0,0.0,1.0,1.0,0.0,0.0,1.0,2.0,2.0,0.0,0.0,0.0,2.0,10.0,4.0,0.0,0.0,False,59.0
INE121J01017,INDUSTOWER,INDUS TOWERS,Telecom - Services,False,,,20,11,8.0,30,14,76,STRONG,▲ Approaching PRIME,↑5,False,False,6–7%,BASING,CAUTION,OTHER,1.0,1.0078,0.2816,DIGITAL,19.0,0.0,,7.0,2.0,8.0,2.0,,,1.0,Fresh,₹425 – ₹434,₹410 (−4.4%),12–25% (12m),✅ 4.6:1,94.2,80,True,2026-06-05 12:45:25,8.0,4.0,0,4.0,4.0,5.0,0.0,6.0,2.0,0.0,4.0,2.0,0.0,2.0,1.0,3.0,0.0,0.0,1.0,1.0,0.0,0.0,0.0,0.0,2.0,3.0,0.0,2.0,10.0,4.0,0.0,0.0,True,34.0
INE335Y01020,IRCTC,I R C T C,Leisure Services,False,,,20,13,10.0,0,13,76,STRONG,▼ At risk: near WATCHLIST_CONFIRMED boundary,↓8,False,False,4–6%,LATE_CYCLE,CAUTION,OTHER,0.0,0.2048,0.0654,PREMIUMISATION,12.0,0.0,,8.0,3.0,8.0,2.0,,,1.0,Fresh,₹505 – ₹516,₹488 (−4.4%),18–38% (12m),✅ 4.5:1,94.2,71,True,2026-06-05 12:45:27,8.0,4.0,0,4.0,4.0,5.0,4.0,6.0,2.0,0.0,4.0,0.0,2.0,0.0,0.0,0.0,0.0,0.0,0.0,0.0,0.0,0.0,0.0,0.0,0.0,0.0,0.0,0.0,9.0,4.0,0.0,0.0,False,
INE079J01017,GATEWAY,GATEWAY DISTRI,Transport Services,False,,,17,11,13.0,10,4,76,WATCHLIST_CONFIRMED,,↓16,False,False,4–6%,TOPPING,CAUTION,OTHER,0.0,0.2846,0.6456,INFRA,12.0,0.0,,6.0,2.0,7.0,2.0,,,1.0,Fresh,₹55 – ₹57,₹54 (−3.1%),8–20% (12m),✅ 3.8:1,94.2,60,True,2026-06-05 12:45:29,4.0,2.0,0,4.0,4.0,5.0,0.0,6.0,2.0,0.0,4.0,2.0,0.0,0.0,0.0,0.0,0.0,0.0,0.0,0.0,0.0,0.0,2.0,0.0,0.0,3.0,0.0,0.0,0.0,4.0,0.0,0.0,True,
INE291W01037,GLOBAL,GLOBAL EDUCATION,Other Consumer Services,False,,,20,10,10.0,22,13,75,STRONG,,─,False,False,2–4% (vol↓),LATE_CYCLE,CAUTION,OTHER,0.0,0.031,0.0,nan,16.0,0.0,,8.0,3.0,4.0,1.0,,,1.0,Fresh,₹103 – ₹107,₹97 (−7.7%),18–38% (12m),✅ 2.6:1,93.4,75,False,2026-06-05 12:45:00,8.0,4.0,0,0.0,4.0,5.0,4.0,6.0,2.0,0.0,0.0,0.0,2.0,2.0,1.0,3.0,0.0,0.0,1.0,0.0,0.0,1.0,0.0,0.0,0.0,3.0,0.0,0.0,9.0,4.0,0.0,0.0,False,
INE0Q9301021,IGIL,INTERNATIONAL GE,Commercial Services & Supplies,False,,,20,13,10.0,8,13,75,STRONG,,─,False,False,2–4% (vol↓),LATE_CYCLE,CAUTION,OTHER,0.0,0.3471,0.1023,nan,14.0,0.0,,7.0,2.0,8.0,2.0,,,1.0,Fresh,₹353 – ₹367,₹331 (−8.1%),18–38% (12m),✅ 2.5:1,93.4,74,True,2026-06-05 12:45:00,8.0,4.0,0,4.0,4.0,5.0,4.0,6.0,2.0,0.0,4.0,2.0,0.0,2.0,0.0,0.0,0.0,0.0,0.0,0.0,0.0,0.0,0.0,0.0,2.0,0.0,0.0,0.0,9.0,4.0,0.0,0.0,False,
INE933K01021,BAJAJCON,BAJAJ CONSUMER,Personal Products,False,,,20,11,13.0,22,14,75,STRONG,,↑4,False,False,2–4% (vol↓),BASING,CAUTION,OTHER,0.0,0.693,0.2682,PREMIUMISATION,19.0,0.0,,7.0,2.0,8.0,2.0,,,1.0,Fresh,₹544 – ₹566,₹512 (−7.9%),18–38% (12m),✅ 2.5:1,93.4,79,True,2026-06-05 12:45:00,8.0,2.0,0,4.0,4.0,5.0,0.0,0.0,2.0,4.0,4.0,2.0,2.0,2.0,1.0,3.0,1.0,0.0,1.0,0.0,0.0,1.0,2.0,0.0,0.0,0.0,0.0,0.0,10.0,4.0,0.0,0.0,True,
INE976R01033,AGIIL,AGI INFRA,Realty,False,,,15,11,13.0,18,4,75,WATCHLIST_CONFIRMED,,↓13,False,False,2–4% (vol↓),CORRECTION,CAUTION,OTHER,0.0,0.2446,0.0,INFRA,15.0,-3.0,PAPER_PROFIT,5.0,2.0,6.0,1.0,,,1.0,Fresh,₹378 – ₹396,₹361 (−6.7%),8–20% (12m),⚠ 1.8:1,93.4,63,True,2026-06-05 12:45:00,8.0,4.0,0,4.0,4.0,0.0,4.0,6.0,0.0,0.0,4.0,0.0,2.0,2.0,1.0,3.0,0.0,0.0,1.0,0.0,1.0,1.0,0.0,0.0,0.0,0.0,0.0,0.0,0.0,4.0,0.0,0.0,True,15.0
INE08KJ01020,MUFIN,MUFIN GREEN,Finance,False,,,0,11,13.0,32,13,75,WATCHLIST_CONFIRMED,,↓18,False,False,2–3%,LATE_CYCLE,CAUTION,FINANCIALS,0.0,0.0605,0.0,FIN_INCLUSION,17.0,-6.0,PAPER_PROFIT|DE_ROCE_STRESS|EARN_QUALITY,1.0,0.0,6.0,1.0,,,1.0,Fresh,₹121 – ₹124,₹117 (−4.5%),8–20% (12m),✅ 2.7:1,93.4,57,True,2026-06-05 12:45:06,0.0,0.0,0,4.0,0.0,0.0,4.0,6.0,0.0,0.0,4.0,0.0,2.0,2.0,1.0,3.0,1.0,0.0,1.0,0.0,1.0,1.0,2.0,2.0,0.0,0.0,0.0,2.0,9.0,4.0,0.0,0.0,False,17.0
INE133E01013,TI,TILAKNAGAR INDS.,Beverages,False,,,20,15,10.0,10,4,75,STRONG,▼ At risk: near WATCHLIST_CONFIRMED boundary,↓5,False,False,2–4% (vol↓),CORRECTION,CAUTION,CONSUMPTION,0.0,0.7334,0.0449,PREMIUMISATION,15.0,0.0,,7.0,2.0,8.0,2.0,,,1.0,Fresh,₹414 – ₹427,₹393 (−6.5%),18–38% (12m),✅ 3.1:1,93.4,70,True,2026-06-05 12:45:09,8.0,4.0,0,4.0,4.0,5.0,4.0,6.0,2.0,4.0,4.0,2.0,0.0,0.0,1.0,3.0,0.0,0.0,0.0,0.0,0.0,1.0,0.0,0.0,0.0,0.0,0.0,0.0,0.0,4.0,0.0,0.0,True,
INE062A01020,SBIN,SBI,Banks,False,,,2,13,13.0,30,13,75,WATCHLIST_CONFIRMED,,↓13,False,False,4–6%,LATE_CYCLE,CAUTION,FINANCIALS,0.0,0.4622,0.2658,FIN_INCLUSION,16.0,-3.0,PAPER_PROFIT,5.0,2.0,8.0,2.0,,,1.0,Fresh,₹962 – ₹979,₹944 (−2.7%),8–20% (12m),✅ 4.4:1,93.4,62,True,2026-06-05 12:45:12,0.0,2.0,0,0.0,0.0,0.0,0.0,6.0,2.0,4.0,4.0,2.0,0.0,2.0,1.0,3.0,0.0,0.0,0.0,1.0,1.0,0.0,2.0,2.0,0.0,3.0,0.0,0.0,9.0,4.0,0.0,0.0,False,9.0
INE949L01017,AUBANK,AU SMALL FINANCE,Banks,False,,,3,14,9.0,30,13,75,WATCHLIST_CONFIRMED,,↓11,False,False,4–6%,LATE_CYCLE,CAUTION,FINANCIALS,1.0,1.4799,0.4573,FIN_INCLUSION,18.0,0.0,,4.0,1.0,8.0,2.0,,,1.0,Fresh,₹958 – ₹983,₹933 (−3.9%),8–20% (12m),✅ 3.1:1,93.4,62,True,2026-06-05 12:45:24,0.0,2.0,0,0.0,0.0,0.0,4.0,6.0,2.0,0.0,4.0,2.0,2.0,2.0,1.0,3.0,1.0,0.0,1.0,0.0,0.0,1.0,2.0,2.0,0.0,0.0,0.0,2.0,9.0,4.0,0.0,0.0,False,39.0
INE871C01038,AVANTIFEED,AVANTI FEEDS,Food Products,False,,,20,11,10.0,26,4,75,STRONG,▼ At risk: near WATCHLIST_CONFIRMED boundary,↓6,False,False,2–4% (vol↓),CORRECTION,CAUTION,OTHER,0.0,0.806,0.127,"AGRI,PLI",18.0,-1.0,EARN_REV_DIVERGE,7.0,2.0,7.0,2.0,,,1.0,Fresh,"₹1,144 – ₹1,200","₹1,060 (−9.6%)",18–38% (12m),✅ 2.1:1,93.4,69,True,2026-06-05 12:45:24,8.0,4.0,0,4.0,4.0,5.0,0.0,6.0,2.0,0.0,4.0,2.0,0.0,2.0,1.0,3.0,0.0,0.0,1.0,1.0,0.0,1.0,0.0,0.0,2.0,0.0,0.0,2.0,0.0,4.0,0.0,0.0,True,
INE00M901018,INTERARCH,INTERARCH BUILD.,Construction,False,,,19,15,10.0,6,4,75,STRONG,▼ At risk: near WATCHLIST_CONFIRMED boundary,↓7,False,False,2–4% (vol↓),TOPPING,CAUTION,OTHER,0.0,0.24,0.0255,INFRA,14.0,0.0,,4.0,1.0,9.0,2.0,,,1.0,Fresh,"₹1,728 – ₹1,793","₹1,631 (−7.4%)",18–38% (12m),✅ 2.7:1,93.4,68,True,2026-06-05 12:45:27,8.0,2.0,0,4.0,4.0,5.0,4.0,6.0,2.0,4.0,4.0,2.0,2.0,0.0,0.0,0.0,0.0,0.0,0.0,0.0,0.0,0.0,0.0,0.0,0.0,3.0,0.0,0.0,0.0,4.0,0.0,0.0,True,
INE410P01011,NH,NARAYANA HRUDAYA,Healthcare Services,False,,,18,13,10.0,24,13,74,STRONG,,↑7,False,False,4–6%,LATE_CYCLE,CAUTION,OTHER,0.0,0.4424,0.1448,HEALTHCARE,19.0,0.0,,4.0,1.0,8.0,2.0,,,1.0,Fresh,"₹1,951 – ₹2,010","₹1,863 (−5.9%)",18–38% (12m),✅ 3.4:1,92.8,77,True,2026-06-05 12:45:01,4.0,4.0,0,4.0,4.0,5.0,0.0,6.0,2.0,4.0,4.0,2.0,0.0,2.0,1.0,3.0,0.0,0.0,1.0,0.0,1.0,0.0,0.0,0.0,2.0,0.0,0.0,2.0,9.0,4.0,0.0,0.0,False,13.0
INE00VM01036,MANORAMA,MANORAMA INDUST.,Food Products,False,,,19,13,13.0,14,4,74,WATCHLIST_CONFIRMED,▼ At risk: near WATCHLIST_CONFIRMED boundary,↓6,False,False,2–4% (vol↓),CORRECTION,CAUTION,OTHER,0.0,0.1704,0.053,"AGRI,PLI",15.0,-3.0,PAPER_PROFIT,6.0,2.0,9.0,2.0,,,1.0,Fresh,"₹1,445 – ₹1,494","₹1,397 (−5.0%)",8–20% (12m),✅ 2.4:1,92.8,68,True,2026-06-05 12:45:04,8.0,4.0,0,4.0,4.0,5.0,4.0,6.0,0.0,0.0,4.0,2.0,2.0,2.0,0.0,0.0,0.0,0.0,0.0,0.0,1.0,0.0,2.0,2.0,0.0,0.0,0.0,0.0,0.0,4.0,0.0,0.0,True,24.0
INE903D01011,MONARCH,MONARCH NETWORTH,Capital Markets,False,,,19,13,13.0,22,4,74,WATCHLIST_CONFIRMED,,─,False,False,2–4% (vol↓),TOPPING,CAUTION,FINANCIALS,0.0,0.0672,0.0,FIN_INCLUSION,16.0,-3.0,PAPER_PROFIT,6.0,2.0,7.0,2.0,,,1.0,Fresh,₹333 – ₹345,₹321 (−5.2%),8–20% (12m),✅ 2.3:1,92.8,73,True,2026-06-05 12:45:06,8.0,4.0,0,4.0,4.0,5.0,4.0,6.0,2.0,0.0,4.0,2.0,0.0,2.0,1.0,3.0,0.0,0.0,0.0,0.0,0.0,0.0,2.0,0.0,0.0,3.0,0.0,0.0,0.0,4.0,0.0,0.0,True,
INE085J01014,THANGAMAYL,THANGAMAYIL JEW.,Consumer Durables,False,,,12,15,10.0,34,13,74,WATCHLIST_CONFIRMED,,↑7,False,False,2–4% (vol↓),LATE_CYCLE,CAUTION,CONSUMPTION,0.0,0.1844,0.3284,PREMIUMISATION,22.0,-3.0,PAPER_PROFIT,4.0,1.0,9.0,2.0,,,1.0,Fresh,"₹4,679 – ₹4,911","₹4,448 (−7.2%)",8–20% (12m),⚠ 1.7:1,92.8,79,True,2026-06-05 12:45:09,4.0,0.0,0,4.0,4.0,5.0,4.0,6.0,0.0,4.0,4.0,2.0,2.0,2.0,1.0,3.0,1.0,1.0,1.0,0.0,0.0,1.0,0.0,0.0,2.0,3.0,0.0,2.0,9.0,4.0,0.0,0.0,False,
INE839M01018,SCHNEIDER,SCHNEIDER ELECT.,Electrical Equipment,False,,,20,13,13.0,24,4,74,STRONG,,↑5,False,False,2–4% (vol↓),TOPPING,CAUTION,OTHER,0.0,0.141,0.0656,"CAPEX_SUPERCYCLE,POWER",20.0,0.0,,8.0,3.0,5.0,1.0,,,1.0,Fresh,"₹1,091 – ₹1,153",₹999 (−11.0%),18–38% (12m),⚠ 1.8:1,92.8,78,True,2026-06-05 12:45:12,8.0,4.0,0,4.0,4.0,5.0,4.0,6.0,2.0,4.0,0.0,2.0,2.0,2.0,1.0,3.0,0.0,1.0,1.0,0.0,1.0,1.0,2.0,0.0,0.0,0.0,0.0,0.0,0.0,4.0,0.0,0.0,True,2.0
INE16SF01016,BORANA,BORANA WEAVES,Textiles & Apparels,False,,,18,11,10.0,14,13,74,STRONG,▼ At risk: near WATCHLIST_CONFIRMED boundary,↓5,False,False,2–4% (vol↓),LATE_CYCLE,CAUTION,OTHER,0.0,0.1132,0.0,PLI,15.0,0.0,,6.0,2.0,9.0,2.0,,,1.0,Fresh,₹316 – ₹330,₹296 (−8.2%),18–38% (12m),✅ 2.4:1,92.8,70,True,2026-06-05 12:45:17,8.0,4.0,0,4.0,4.0,0.0,0.0,0.0,2.0,4.0,4.0,2.0,2.0,2.0,1.0,3.0,0.0,0.0,0.0,0.0,0.0,1.0,0.0,0.0,0.0,0.0,0.0,0.0,9.0,4.0,0.0,0.0,False,
INE321T01012,DOMS,DOMS INDUSTRIES,Household Products,False,,,20,13,10.0,8,14,74,STRONG,,─,False,False,4–6%,BASING,CAUTION,OTHER,0.0,0.3063,0.3319,PREMIUMISATION,15.0,0.0,,4.0,1.0,8.0,2.0,,,1.0,Fresh,"₹2,129 – ₹2,181","₹2,050 (−4.9%)",18–38% (12m),✅ 4.1:1,92.8,74,False,2026-06-05 12:45:20,8.0,4.0,0,4.0,4.0,5.0,4.0,6.0,2.0,0.0,4.0,2.0,0.0,0.0,0.0,0.0,0.0,0.0,0.0,0.0,1.0,1.0,0.0,0.0,2.0,0.0,0.0,0.0,10.0,4.0,0.0,0.0,True,17.0
INE390G01014,GPTINFRA,GPT INFRAPROJECT,Construction,False,,,20,12,13.0,10,4,74,WATCHLIST_CONFIRMED,▲ Approaching STRONG,↓7,False,False,2–4% (vol↓),TOPPING,CAUTION,OTHER,0.0,0.2154,0.0814,INFRA,13.0,0.0,,5.0,2.0,7.0,2.0,,,1.0,Fresh,₹113 – ₹118,₹109 (−6.2%),8–20% (12m),⚠ 1.9:1,92.8,67,True,2026-06-05 12:45:28,8.0,2.0,0,4.0,4.0,5.0,4.0,6.0,2.0,0.0,4.0,0.0,0.0,2.0,0.0,0.0,0.0,0.0,0.0,0.0,1.0,0.0,2.0,0.0,0.0,0.0,0.0,0.0,0.0,4.0,0.0,0.0,True,10.0
INE292B01021,HBLENGINE,HBL ENGINEERING,Industrial Products,False,,,20,13,13.0,18,4,74,STRONG,,─,False,False,2–4% (vol↓),TOPPING,CAUTION,OTHER,0.0,0.3122,0.0076,nan,16.0,0.0,,6.0,2.0,8.0,2.0,,,1.0,Fresh,₹772 – ₹801,₹727 (−7.5%),18–38% (12m),✅ 2.7:1,92.8,73,True,2026-06-05 12:45:30,8.0,4.0,0,4.0,4.0,5.0,4.0,6.0,2.0,0.0,4.0,2.0,0.0,0.0,1.0,3.0,0.0,0.0,0.0,0.0,0.0,1.0,2.0,0.0,2.0,0.0,0.0,0.0,0.0,4.0,0.0,0.0,True,57.0
INE074B01023,PARACABLES,PARAMOUNT COMM.,Industrial Products,False,,,17,12,13.0,28,4,73,STRONG,,─,False,False,2–4% (vol↓),TOPPING,CAUTION,OTHER,0.0,0.0486,0.0,nan,18.0,0.0,,5.0,2.0,7.0,2.0,,,1.0,Fresh,₹62 – ₹67,₹54 (−15.2%),18–38% (12m),❌ 1.3:1,91.9,72,True,2026-06-05 12:44:59,4.0,2.0,0,4.0,4.0,5.0,4.0,6.0,2.0,0.0,4.0,0.0,0.0,2.0,1.0,3.0,1.0,1.0,0.0,0.0,0.0,1.0,2.0,0.0,0.0,3.0,0.0,0.0,0.0,4.0,0.0,0.0,True,
INE01GN01025,IRISDOREME,IRIS CLOTHINGS,Textiles & Apparels,False,,,20,6,13.0,18,13,73,STRONG,▼ At risk: near WATCHLIST_CONFIRMED boundary,↓4,False,False,2–4% (vol↓),LATE_CYCLE,CAUTION,OTHER,0.0,0.0078,0.0,PLI,15.0,0.0,,7.0,2.0,5.0,1.0,,,1.0,Fresh,₹36 – ₹38,₹33 (−9.3%),18–38% (12m),✅ 2.2:1,91.9,69,True,2026-06-05 12:45:00,8.0,2.0,0,4.0,4.0,5.0,0.0,0.0,2.0,4.0,0.0,2.0,0.0,2.0,0.0,0.0,0.0,0.0,1.0,0.0,0.0,0.0,2.0,2.0,0.0,0.0,0.0,2.0,9.0,4.0,0.0,0.0,False,
INE372C01037,PRECWIRE,PREC. WIRES (I),Industrial Products,False,,,20,10,13.0,30,4,73,STRONG,,─,False,False,2–4% (vol↓),TOPPING,CAUTION,OTHER,0.0,0.1234,0.0,nan,20.0,0.0,,6.0,2.0,5.0,1.0,,,1.0,Fresh,₹425 – ₹449,₹389 (−10.8%),18–38% (12m),⚠ 1.8:1,91.9,72,True,2026-06-05 12:45:00,8.0,2.0,0,4.0,4.0,5.0,4.0,0.0,2.0,4.0,0.0,2.0,2.0,2.0,1.0,3.0,1.0,0.0,1.0,0.0,0.0,1.0,2.0,2.0,0.0,0.0,0.0,2.0,0.0,4.0,0.0,0.0,True,
INE316L01019,BHARATWIRE,BHARAT WIRE,Industrial Products,False,,,18,12,13.0,26,4,73,STRONG,,↓6,False,False,2–4% (vol↓),TOPPING,CAUTION,OTHER,0.0,0.1876,0.0,nan,17.0,0.0,,4.0,1.0,8.0,2.0,,,1.0,Fresh,₹211 – ₹220,₹197 (−8.7%),18–38% (12m),✅ 2.3:1,91.9,72,True,2026-06-05 12:45:00,4.0,4.0,0,4.0,4.0,5.0,4.0,6.0,2.0,0.0,4.0,0.0,0.0,2.0,0.0,0.0,0.0,0.0,1.0,0.0,1.0,0.0,2.0,2.0,0.0,3.0,0.0,2.0,0.0,4.0,0.0,0.0,True,19.0
INE0DYJ01015,SYRMA,SYRMA SGS TECH.,Industrial Manufacturing,False,,,12,15,13.0,22,4,73,WATCHLIST_CONFIRMED,▼ At risk: near WATCHLIST_CONFIRMED boundary,↓3,False,False,2–4% (vol↓),TOPPING,CAUTION,OTHER,0.0,0.2882,0.1948,PLI,19.0,-3.0,PAPER_PROFIT,3.0,1.0,10.0,3.0,,,1.0,Fresh,"₹1,177 – ₹1,214","₹1,140 (−4.7%)",8–20% (12m),✅ 2.6:1,91.9,70,True,2026-06-05 12:45:00,4.0,0.0,0,4.0,4.0,5.0,4.0,6.0,2.0,4.0,4.0,2.0,2.0,2.0,1.0,3.0,1.0,0.0,1.0,0.0,0.0,1.0,2.0,0.0,0.0,0.0,0.0,0.0,0.0,4.0,0.0,0.0,False,
INE0Q5D01013,ACCENTMIC,ACCENT MICROCELL,Pharmaceuticals & Biotechnology,False,,,20,8,13.0,28,13,73,STRONG,,↑6,False,False,2–4% (vol↓),LATE_CYCLE,CAUTION,OTHER,0.0,0.04,0.0,"HEALTHCARE,PLI",18.0,0.0,,5.0,2.0,0.0,0.0,,,1.0,Fresh,₹463 – ₹479,₹440 (−6.5%),18–38% (12m),✅ 3.1:1,91.9,79,True,2026-06-05 12:45:00,8.0,2.0,0,4.0,4.0,5.0,4.0,6.0,2.0,0.0,0.0,0.0,0.0,2.0,1.0,3.0,1.0,0.0,1.0,0.0,0.0,1.0,2.0,0.0,0.0,3.0,0.0,0.0,9.0,4.0,0.0,0.0,False,
INE0FFK01017,NPST,NETWORK PEOPLE,IT - Services,False,,,20,15,10.0,8,14,73,STRONG,▲ Approaching PRIME,↑7,False,False,4–5% (vol↓),BASING,CAUTION,OTHER,0.0,0.0588,0.1882,DIGITAL,15.0,0.0,,8.0,3.0,10.0,3.0,,,1.0,Fresh,"₹1,347 – ₹1,433","₹1,217 (−12.4%)",18–38% (12m),⚠ 1.6:1,91.9,80,True,2026-06-05 12:45:02,8.0,4.0,0,4.0,4.0,5.0,4.0,6.0,2.0,0.0,4.0,2.0,2.0,0.0,0.0,0.0,0.0,1.0,0.0,0.0,0.0,0.0,0.0,0.0,0.0,3.0,0.0,0.0,10.0,4.0,0.0,0.0,True,
INE670K01029,LODHA,LODHA DEVELOPERS,Realty,False,,,17,14,10.0,10,4,73,WATCHLIST_CONFIRMED,,↓13,False,False,2–4% (vol↓),CORRECTION,CAUTION,OTHER,0.0,0.8487,0.0673,INFRA,13.0,0.0,,5.0,2.0,9.0,2.0,,,1.0,Fresh,₹864 – ₹894,₹833 (−5.2%),8–20% (12m),✅ 2.3:1,91.9,62,True,2026-06-05 12:45:04,8.0,2.0,0,4.0,0.0,5.0,0.0,6.0,2.0,4.0,4.0,2.0,2.0,0.0,0.0,0.0,0.0,0.0,0.0,0.0,0.0,0.0,0.0,0.0,2.0,3.0,0.0,0.0,0.0,4.0,0.0,0.0,True,41.0
INE196A01026,MARICO,MARICO,Agricultural Food & other Products,False,,,20,7,11.0,28,4,73,WATCHLIST_CONFIRMED,▲ Approaching STRONG,↓8,False,False,4–6%,CORRECTION,CAUTION,OTHER,1.0,0.9672,0.1721,AGRI,17.0,0.0,,8.0,3.0,8.0,2.0,,,1.0,Fresh,₹803 – ₹819,₹788 (−2.9%),8–20% (12m),✅ 4.1:1,91.9,67,True,2026-06-05 12:45:04,8.0,4.0,0,4.0,4.0,5.0,0.0,0.0,2.0,0.0,4.0,2.0,0.0,2.0,1.0,3.0,1.0,0.0,1.0,0.0,0.0,1.0,2.0,0.0,0.0,3.0,0.0,0.0,0.0,4.0,0.0,0.0,False,31.0
INE08N601015,MBEL,M & B ENGINEER.,Construction,False,,,20,13,10.0,8,4,73,WATCHLIST_CONFIRMED,▲ Approaching STRONG,↓7,False,False,2–4% (vol↓),TOPPING,CAUTION,OTHER,0.0,0.1233,0.0995,INFRA,13.0,0.0,,6.0,2.0,10.0,3.0,,,1.0,Fresh,₹285 – ₹295,₹274 (−5.4%),8–20% (12m),✅ 2.2:1,91.9,66,True,2026-06-05 12:45:04,8.0,4.0,0,4.0,4.0,5.0,0.0,6.0,2.0,0.0,4.0,2.0,2.0,0.0,0.0,0.0,0.0,0.0,0.0,0.0,1.0,0.0,0.0,0.0,0.0,3.0,0.0,0.0,0.0,4.0,0.0,0.0,True,24.0
INE987B01026,NATCOPHARM,NATCO PHARMA,Pharmaceuticals & Biotechnology,False,,,20,13,13.0,12,13,73,STRONG,,─,False,False,2–4% (vol↓),LATE_CYCLE,CAUTION,OTHER,0.0,0.7286,0.0344,"HEALTHCARE,PLI",15.0,0.0,,7.0,2.0,7.0,2.0,,,1.0,Fresh,₹910 – ₹959,₹837 (−10.4%),18–38% (12m),⚠ 1.9:1,91.9,79,True,2026-06-05 12:45:06,8.0,4.0,0,4.0,4.0,5.0,4.0,6.0,2.0,0.0,4.0,2.0,0.0,2.0,0.0,0.0,0.0,0.0,0.0,0.0,0.0,0.0,2.0,2.0,0.0,0.0,0.0,0.0,9.0,4.0,0.0,0.0,False,
INE854D01024,UNITDSPR,UNITED SPIRITS,Beverages,False,,,20,13,13.0,8,4,73,STRONG,▼ At risk: near WATCHLIST_CONFIRMED boundary,↓6,False,False,4–6%,CORRECTION,CAUTION,CONSUMPTION,0.0,0.5902,0.2616,PREMIUMISATION,13.0,0.0,,7.0,2.0,9.0,2.0,,,1.0,Fresh,"₹1,250 – ₹1,275","₹1,213 (−4.0%)",18–38% (12m),✅ 5.0:1,91.9,68,True,2026-06-05 12:45:07,8.0,4.0,0,4.0,4.0,5.0,0.0,6.0,2.0,4.0,4.0,2.0,0.0,0.0,0.0,0.0,0.0,0.0,0.0,0.0,0.0,0.0,2.0,0.0,2.0,0.0,0.0,0.0,0.0,4.0,0.0,0.0,True,31.0
INE851I01011,UDS,UPDATER SERVICES,Commercial Services & Supplies,False,,,17,12,13.0,10,13,73,STRONG,,─,False,False,2–4% (vol↓),LATE_CYCLE,CAUTION,OTHER,0.0,0.1794,0.2412,nan,13.0,0.0,,6.0,2.0,8.0,2.0,,,1.0,Fresh,₹178 – ₹185,₹167 (−7.9%),18–38% (12m),✅ 2.5:1,91.9,72,True,2026-06-05 12:45:07,4.0,2.0,0,4.0,4.0,5.0,4.0,6.0,2.0,0.0,4.0,0.0,0.0,0.0,0.0,0.0,0.0,0.0,0.0,0.0,0.0,0.0,2.0,0.0,0.0,3.0,0.0,0.0,9.0,4.0,0.0,0.0,False,
INE214A01019,CYBERTECH,CYBERTECH SYS.,IT - Software,False,,,20,12,13.0,16,14,73,STRONG,▲ Approaching PRIME,↑6,False,False,4–5% (vol↓),BASING,CAUTION,OTHER,0.0,0.556,0.0,DIGITAL,15.0,0.0,,6.0,2.0,7.0,2.0,,,1.0,Fresh,₹135 – ₹142,₹125 (−9.6%),18–38% (12m),✅ 2.1:1,91.9,80,True,2026-06-05 12:45:19,8.0,2.0,0,4.0,4.0,5.0,4.0,6.0,2.0,0.0,4.0,0.0,0.0,0.0,0.0,0.0,0.0,0.0,0.0,0.0,0.0,1.0,2.0,2.0,0.0,3.0,0.0,0.0,10.0,4.0,0.0,0.0,True,59.0
INE0J5801029,JSLL,JEENA SIKHO,Pharmaceuticals & Biotechnology,False,,,20,14,10.0,14,13,73,STRONG,,↑8,False,False,2–4% (vol↓),LATE_CYCLE,CAUTION,OTHER,0.0,0.2678,0.0022,"HEALTHCARE,PLI",18.0,0.0,,7.0,2.0,9.0,2.0,,,1.0,Fresh,₹662 – ₹722,₹573 (−17.2%),18–38% (12m),❌ 1.2:1,91.9,79,True,2026-06-05 12:45:26,8.0,4.0,0,4.0,4.0,5.0,4.0,6.0,2.0,0.0,4.0,2.0,2.0,0.0,1.0,3.0,0.0,1.0,0.0,1.0,0.0,1.0,0.0,0.0,0.0,0.0,0.0,0.0,9.0,4.0,0.0,0.0,False,
INE0JVO01026,GARUDA,GARUDA CONS,Construction,False,,,17,12,13.0,14,4,73,WATCHLIST_CONFIRMED,▲ Approaching STRONG,↓7,False,False,2–4% (vol↓),TOPPING,CAUTION,OTHER,0.0,0.1136,0.0084,INFRA,14.0,-3.0,PAPER_PROFIT,5.0,2.0,8.0,2.0,,,1.0,Fresh,₹168 – ₹173,₹163 (−4.5%),8–20% (12m),✅ 2.6:1,91.9,66,True,2026-06-05 12:45:29,8.0,2.0,0,4.0,4.0,5.0,4.0,6.0,0.0,0.0,4.0,0.0,2.0,0.0,1.0,3.0,0.0,0.0,0.0,0.0,0.0,1.0,2.0,0.0,0.0,0.0,0.0,0.0,0.0,4.0,0.0,0.0,True,
INE048G01026,NAVINFLUOR,NAVIN FLUO.INTL.,Chemicals & Petrochemicals,False,,,11,13,11.0,30,13,72,STRONG,,─,False,False,4–6%,LATE_CYCLE,CAUTION,OTHER,1.0,0.9693,0.3675,PLI,20.0,0.0,,4.0,1.0,9.0,2.0,,,1.0,Fresh,"₹6,932 – ₹7,139","₹6,623 (−5.9%)",12–25% (12m),✅ 3.4:1,90.8,73,True,2026-06-05 12:45:00,0.0,0.0,0,4.0,4.0,5.0,4.0,0.0,2.0,4.0,4.0,2.0,2.0,2.0,1.0,3.0,1.0,0.0,1.0,0.0,0.0,1.0,2.0,2.0,0.0,0.0,0.0,2.0,9.0,4.0,0.0,0.0,False,36.0
INE187D01029,TALBROAUTO,TALBROS AUTO.,Auto Components,False,,,20,14,10.0,16,14,72,STRONG,▲ Approaching PRIME,↑7,False,False,4–5% (vol↓),BASING,CAUTION,OTHER,0.0,0.0608,0.0,PLI,18.0,0.0,,5.0,2.0,8.0,2.0,,,1.0,Fresh,₹342 – ₹364,₹310 (−12.1%),18–38% (12m),⚠ 1.6:1,90.8,80,True,2026-06-05 12:45:00,8.0,2.0,0,4.0,4.0,5.0,4.0,6.0,2.0,0.0,4.0,2.0,2.0,2.0,1.0,3.0,1.0,0.0,0.0,0.0,1.0,0.0,0.0,0.0,0.0,0.0,0.0,0.0,10.0,4.0,0.0,0.0,True,15.0
INE0NT901020,NETWEB,NETWEB TECHNOL.,IT - Services,False,,,19,13,10.0,22,14,72,WATCHLIST_CONFIRMED,,↑9,False,False,2–4% (vol↓),BASING,CAUTION,OTHER,0.0,0.3858,0.0814,DIGITAL,20.0,-3.0,PAPER_PROFIT,5.0,2.0,9.0,2.0,,,1.0,Fresh,"₹4,584 – ₹4,826","₹4,342 (−7.7%)",8–20% (12m),⚠ 1.6:1,90.8,79,True,2026-06-05 12:45:06,8.0,4.0,0,4.0,4.0,5.0,4.0,6.0,0.0,0.0,4.0,2.0,2.0,2.0,1.0,3.0,1.0,1.0,1.0,0.0,1.0,1.0,0.0,0.0,0.0,0.0,0.0,0.0,10.0,4.0,0.0,0.0,True,10.0
INE04VU01023,STYL,SESHAASAI TECH.,Financial Technology (Fintech),False,,,20,12,10.0,2,13,72,STRONG,,─,False,False,2–4% (vol↓),LATE_CYCLE,CAUTION,FINANCIALS,0.0,0.0234,0.083,"DIGITAL,FIN_INCLUSION",13.0,0.0,,8.0,3.0,6.0,1.0,,,1.0,Fresh,₹269 – ₹282,₹248 (−9.9%),18–38% (12m),✅ 2.0:1,90.8,72,False,2026-06-05 12:45:08,8.0,4.0,0,4.0,4.0,5.0,4.0,6.0,2.0,0.0,4.0,0.0,2.0,0.0,0.0,0.0,0.0,0.0,0.0,0.0,1.0,0.0,0.0,0.0,0.0,0.0,0.0,0.0,9.0,4.0,0.0,0.0,False,17.0
INE142M01025,TATATECH,TATA TECHNOLOG.,IT - Services,False,,,20,11,13.0,18,14,72,STRONG,,↑6,False,False,2–4% (vol↓),BASING,CAUTION,OTHER,0.0,0.3266,0.0288,DIGITAL,16.0,0.0,,6.0,2.0,8.0,2.0,,,1.0,Fresh,₹719 – ₹743,₹684 (−6.4%),18–38% (12m),✅ 3.1:1,90.8,79,True,2026-06-05 12:45:08,8.0,4.0,0,4.0,4.0,5.0,0.0,6.0,2.0,0.0,4.0,2.0,0.0,2.0,0.0,0.0,1.0,0.0,0.0,0.0,0.0,0.0,2.0,2.0,2.0,0.0,0.0,0.0,10.0,4.0,0.0,0.0,True,31.0
INE586B01026,TAJGVK,TAJGVK HOTELS,Leisure Services,False,,,20,12,10.0,2,13,72,STRONG,▼ At risk: near WATCHLIST_CONFIRMED boundary,↓7,False,False,2–4% (vol↓),LATE_CYCLE,CAUTION,OTHER,0.0,0.0264,0.008,PREMIUMISATION,12.0,0.0,,6.0,2.0,8.0,2.0,,,1.0,Fresh,₹333 – ₹345,₹316 (−6.8%),18–38% (12m),✅ 2.9:1,90.8,68,True,2026-06-05 12:45:09,8.0,2.0,0,4.0,4.0,5.0,4.0,6.0,2.0,0.0,4.0,0.0,0.0,0.0,0.0,0.0,0.0,1.0,0.0,0.0,0.0,0.0,0.0,0.0,0.0,0.0,0.0,0.0,9.0,4.0,0.0,0.0,False,
INE579C01029,VIMTALABS,VIMTA LABS,Healthcare Services,False,,,20,11,13.0,16,13,72,STRONG,,↑3,False,False,2–4% (vol↓),LATE_CYCLE,CAUTION,OTHER,0.0,0.2175,0.0,HEALTHCARE,15.0,0.0,,5.0,2.0,7.0,2.0,,,1.0,Fresh,₹504 – ₹522,₹477 (−7.1%),18–38% (12m),✅ 2.8:1,90.8,76,True,2026-06-05 12:45:09,8.0,2.0,0,4.0,4.0,5.0,0.0,6.0,2.0,0.0,4.0,2.0,0.0,0.0,1.0,3.0,0.0,0.0,0.0,0.0,0.0,0.0,2.0,2.0,0.0,0.0,0.0,0.0,9.0,4.0,0.0,0.0,False,
INE324L01013,RPPINFRA,RPP INFRA PROJ.,Construction,False,,,16,15,13.0,4,4,72,WATCHLIST_CONFIRMED,▲ Approaching STRONG,↓7,False,False,2–4% (vol↓),TOPPING,CAUTION,OTHER,0.0,0.0572,0.0,INFRA,13.0,0.0,,4.0,1.0,7.0,2.0,,,1.0,Fresh,₹58 – ₹62,₹54 (−9.9%),8–20% (12m),❌ 1.2:1,90.8,65,True,2026-06-05 12:45:13,4.0,2.0,0,4.0,4.0,5.0,4.0,6.0,2.0,4.0,4.0,2.0,0.0,0.0,0.0,0.0,0.0,0.0,0.0,0.0,0.0,0.0,2.0,0.0,0.0,0.0,0.0,0.0,0.0,4.0,0.0,0.0,True,
INE925R01014,CMSINFO,CMS INFO SYSTEMS,Commercial Services & Supplies,False,,,20,13,8.0,6,13,72,STRONG,▼ At risk: near WATCHLIST_CONFIRMED boundary,─,False,False,4–6%,LATE_CYCLE,CAUTION,OTHER,1.0,1.0046,0.5707,nan,14.0,0.0,,7.0,2.0,7.0,2.0,,,1.0,Fresh,₹301 – ₹308,₹290 (−4.9%),12–25% (12m),✅ 4.0:1,90.8,70,True,2026-06-05 12:45:16,8.0,2.0,0,4.0,4.0,5.0,4.0,6.0,2.0,0.0,4.0,2.0,0.0,0.0,0.0,0.0,0.0,0.0,0.0,0.0,1.0,0.0,0.0,0.0,2.0,0.0,0.0,0.0,9.0,4.0,0.0,0.0,False,2.0
INE034A01011,ARVIND,ARVIND LTD,Textiles & Apparels,False,,,16,7,8.0,36,13,72,STRONG,▼ At risk: near WATCHLIST_CONFIRMED boundary,↓4,False,False,2–4% (vol↓),LATE_CYCLE,CAUTION,OTHER,1.0,0.6653,0.3919,PLI,20.0,0.0,,5.0,2.0,8.0,2.0,,,1.0,Fresh,₹476 – ₹494,₹449 (−7.4%),12–25% (12m),✅ 2.7:1,90.8,68,True,2026-06-05 12:45:21,4.0,0.0,0,4.0,4.0,5.0,0.0,0.0,2.0,0.0,4.0,0.0,2.0,2.0,1.0,3.0,1.0,0.0,1.0,1.0,1.0,1.0,0.0,0.0,2.0,3.0,0.0,2.0,9.0,4.0,0.0,0.0,False,25.0
INE0HV901016,IXIGO,LE TRAVENUES,Leisure Services,False,,,16,13,9.0,14,13,72,STRONG,▼ At risk: near WATCHLIST_CONFIRMED boundary,↓8,False,False,2–4% (vol↓),LATE_CYCLE,CAUTION,OTHER,1.0,1.8046,0.1131,PREMIUMISATION,16.0,0.0,,5.0,2.0,8.0,2.0,,,1.0,Fresh,₹150 – ₹156,₹141 (−8.2%),12–25% (12m),✅ 2.5:1,90.8,68,True,2026-06-05 12:45:28,4.0,0.0,0,4.0,4.0,5.0,4.0,0.0,2.0,4.0,4.0,2.0,2.0,0.0,0.0,0.0,0.0,0.0,0.0,0.0,1.0,0.0,2.0,2.0,2.0,0.0,0.0,0.0,9.0,4.0,0.0,0.0,False,30.0
INE192H01020,GRMOVER,GRM OVERSEAS,Agricultural Food & other Products,False,,,20,6,13.0,30,4,72,WATCHLIST_CONFIRMED,▲ Approaching STRONG,↓7,False,False,2–4% (vol↓),CORRECTION,CAUTION,OTHER,0.0,0.383,0.0,AGRI,17.0,0.0,,7.0,2.0,5.0,1.0,,,1.0,Fresh,₹150 – ₹157,₹143 (−6.9%),8–20% (12m),⚠ 1.7:1,90.8,66,True,2026-06-05 12:45:28,8.0,2.0,0,4.0,4.0,5.0,0.0,0.0,2.0,4.0,0.0,2.0,0.0,2.0,1.0,3.0,0.0,1.0,0.0,0.0,0.0,1.0,2.0,2.0,0.0,3.0,0.0,0.0,0.0,4.0,0.0,0.0,False,
INE460C01014,GANESHHOU,GANESH HOUSING,Realty,False,,,20,9,13.0,8,4,72,WATCHLIST_CONFIRMED,,↓13,False,False,2–4% (vol↓),CORRECTION,CAUTION,OTHER,0.0,0.0334,0.0,INFRA,11.0,0.0,,7.0,2.0,4.0,1.0,,,1.0,Fresh,₹705 – ₹734,₹677 (−6.0%),8–20% (12m),✅ 2.0:1,90.8,61,True,2026-06-05 12:45:29,8.0,4.0,0,4.0,4.0,5.0,4.0,6.0,2.0,0.0,0.0,0.0,0.0,0.0,0.0,0.0,0.0,0.0,0.0,0.0,0.0,0.0,2.0,2.0,0.0,0.0,0.0,0.0,0.0,4.0,0.0,0.0,False,
INE291A01017,GRWRHITECH,GARWARE HI TECH,Industrial Products,False,,,20,8,13.0,32,4,71,STRONG,▼ At risk: near WATCHLIST_CONFIRMED boundary,─,False,False,2–4% (vol↓),TOPPING,CAUTION,OTHER,0.0,0.1824,0.0892,nan,19.0,0.0,,6.0,2.0,3.0,0.0,,,1.0,Fresh,"₹5,569 – ₹5,858","₹5,134 (−10.1%)",18–38% (12m),⚠ 2.0:1,89.6,70,True,2026-06-05 12:45:00,8.0,2.0,0,4.0,4.0,5.0,4.0,6.0,2.0,0.0,0.0,0.0,0.0,2.0,1.0,3.0,1.0,0.0,1.0,0.0,1.0,1.0,2.0,2.0,0.0,0.0,0.0,2.0,0.0,4.0,0.0,0.0,False,30.0
INE382Z01011,GRSE,GARDEN REACH SH.,Aerospace & Defense,False,,,20,15,13.0,8,4,71,STRONG,▼ At risk: near WATCHLIST_CONFIRMED boundary,─,False,False,4–6%,TOPPING,CAUTION,CAPEX_CYCLE,0.0,0.158,0.03,"CAPEX_SUPERCYCLE,DEFENCE",14.0,0.0,,6.0,2.0,10.0,3.0,,,1.0,Fresh,"₹2,572 – ₹2,645","₹2,463 (−5.6%)",18–38% (12m),✅ 3.6:1,89.6,71,True,2026-06-05 12:45:00,8.0,4.0,0,4.0,4.0,5.0,4.0,6.0,2.0,0.0,4.0,2.0,2.0,2.0,0.0,0.0,0.0,0.0,0.0,0.0,0.0,0.0,2.0,0.0,0.0,0.0,0.0,0.0,0.0,4.0,0.0,0.0,True,
INE109A01011,SCI,S C I,Transport Services,False,,,8,7,13.0,34,4,71,WATCHLIST_CONFIRMED,▼ At risk: near WATCHLIST_EXTERNAL boundary,↓15,False,False,1–2% (vol↓),TOPPING,CAUTION,OTHER,0.0,0.385,0.012,INFRA,17.0,0.0,,5.0,2.0,4.0,1.0,,,1.0,Fresh,₹297 – ₹310,₹284 (−6.3%),8–20% (12m),⚠ 1.9:1,89.6,55,True,2026-06-05 12:45:00,0.0,0.0,0,4.0,4.0,0.0,0.0,0.0,2.0,4.0,0.0,2.0,2.0,2.0,1.0,3.0,0.0,0.0,1.0,0.0,1.0,1.0,2.0,2.0,2.0,0.0,0.0,2.0,0.0,4.0,0.0,0.0,False,27.0
INE959A01019,PRIVISCL,PRIVI SPECI.,Chemicals & Petrochemicals,False,,,20,10,10.0,20,13,71,STRONG,,─,False,False,4–6%,LATE_CYCLE,CAUTION,OTHER,0.0,0.0664,0.1892,PLI,17.0,0.0,,5.0,2.0,8.0,2.0,,,1.0,Fresh,"₹3,212 – ₹3,301","₹3,077 (−5.5%)",18–38% (12m),✅ 3.6:1,89.6,72,True,2026-06-05 12:45:00,8.0,2.0,0,4.0,4.0,5.0,0.0,6.0,2.0,0.0,4.0,0.0,0.0,2.0,1.0,3.0,1.0,0.0,1.0,0.0,1.0,1.0,0.0,0.0,0.0,0.0,0.0,0.0,9.0,4.0,0.0,0.0,False,24.0
INE863B01029,PREMEXPLN,PREM. EXPLOSIVES,Chemicals & Petrochemicals,False,,,16,10,13.0,22,13,71,STRONG,,─,False,False,2–4% (vol↓),LATE_CYCLE,CAUTION,OTHER,0.0,0.0802,0.182,PLI,17.0,0.0,,6.0,2.0,4.0,1.0,,,1.0,Fresh,₹632 – ₹677,₹564 (−13.8%),18–38% (12m),❌ 1.5:1,89.6,72,True,2026-06-05 12:45:00,4.0,0.0,0,4.0,4.0,5.0,4.0,6.0,2.0,0.0,0.0,2.0,0.0,2.0,1.0,3.0,0.0,1.0,0.0,0.0,1.0,1.0,2.0,0.0,0.0,0.0,0.0,0.0,9.0,4.0,0.0,0.0,False,7.0
INE284S01014,SJS,SJS ENTERPRISES,Auto Components,False,,,20,14,8.0,20,14,71,STRONG,,↑8,False,False,2–4% (vol↓),BASING,CAUTION,OTHER,1.0,0.6716,0.4841,PLI,20.0,0.0,,6.0,2.0,9.0,2.0,,,1.0,Fresh,"₹1,934 – ₹2,007","₹1,825 (−7.4%)",12–25% (12m),✅ 2.7:1,89.6,79,True,2026-06-05 12:45:00,8.0,2.0,0,4.0,4.0,5.0,4.0,6.0,2.0,0.0,4.0,2.0,2.0,2.0,1.0,3.0,1.0,0.0,1.0,0.0,1.0,1.0,0.0,0.0,0.0,0.0,0.0,0.0,10.0,4.0,0.0,0.0,True,30.0
INE583V01021,RADHIKAJWE,RADHIKA JEWELTEC,Consumer Durables,False,,,19,13,13.0,8,13,71,WATCHLIST_CONFIRMED,,↑6,False,False,2–4% (vol↓),LATE_CYCLE,CAUTION,CONSUMPTION,0.0,0.0464,0.0,PREMIUMISATION,14.0,-3.0,PAPER_PROFIT,7.0,2.0,7.0,2.0,,,1.0,Fresh,₹56 – ₹59,₹54 (−6.6%),8–20% (12m),⚠ 1.8:1,89.6,76,True,2026-06-05 12:45:01,8.0,4.0,0,4.0,4.0,5.0,4.0,6.0,2.0,0.0,4.0,0.0,2.0,0.0,0.0,0.0,0.0,0.0,0.0,0.0,0.0,0.0,2.0,2.0,0.0,0.0,0.0,0.0,9.0,4.0,0.0,0.0,False,
INE850M01015,NORTHARC,NORTHERN ARC,Finance,False,,,0,15,8.0,16,13,71,WATCHLIST_CONFIRMED,▼ At risk: near WATCHLIST_EXTERNAL boundary,↓18,False,False,1–2% (vol↓),LATE_CYCLE,CAUTION,FINANCIALS,1.0,1.2856,0.015,FIN_INCLUSION,14.0,-4.0,PAPER_PROFIT|DE_ROCE_STRESS,1.0,0.0,9.0,2.0,,,1.0,Fresh,₹287 – ₹299,₹276 (−5.7%),8–20% (12m),✅ 2.1:1,89.6,53,True,2026-06-05 12:45:02,0.0,0.0,0,4.0,0.0,0.0,4.0,6.0,0.0,4.0,4.0,2.0,2.0,2.0,1.0,3.0,1.0,0.0,0.0,0.0,0.0,1.0,0.0,0.0,0.0,0.0,0.0,0.0,9.0,4.0,0.0,0.0,False,
INE211R01019,POWERMECH,POWER MECH PROJ.,Construction,False,,,20,13,10.0,10,4,71,WATCHLIST_CONFIRMED,,↓7,False,False,2–4% (vol↓),TOPPING,CAUTION,OTHER,0.0,0.2692,0.3874,INFRA,13.0,0.0,,5.0,2.0,8.0,2.0,,,1.0,Fresh,"₹2,481 – ₹2,568","₹2,394 (−5.2%)",8–20% (12m),✅ 2.3:1,89.6,64,True,2026-06-05 12:45:02,8.0,2.0,0,4.0,4.0,5.0,4.0,6.0,2.0,0.0,4.0,0.0,2.0,2.0,0.0,0.0,0.0,0.0,0.0,0.0,0.0,0.0,0.0,0.0,0.0,3.0,0.0,0.0,0.0,4.0,0.0,0.0,True,
INE249Z01020,MAZDOCK,MAZAGON DOCK,Industrial Manufacturing,False,,,20,15,10.0,0,4,71,STRONG,▼ At risk: near WATCHLIST_CONFIRMED boundary,↓3,False,False,4–6%,TOPPING,CAUTION,OTHER,0.0,0.0768,0.0304,PLI,13.0,0.0,,8.0,3.0,9.0,2.0,,,1.0,Fresh,"₹2,416 – ₹2,468","₹2,337 (−4.3%)",18–38% (12m),✅ 4.7:1,89.6,68,True,2026-06-05 12:45:04,8.0,4.0,0,4.0,4.0,5.0,4.0,6.0,2.0,4.0,4.0,2.0,2.0,0.0,0.0,0.0,0.0,0.0,0.0,0.0,0.0,0.0,0.0,0.0,0.0,0.0,0.0,0.0,0.0,4.0,0.0,0.0,True,
INE01EA01019,VMM,VISHAL MEGA MART,Retailing,False,,,15,15,11.0,12,4,71,WATCHLIST_CONFIRMED,▲ Approaching STRONG,↓6,False,False,4–6%,TOPPING,CAUTION,OTHER,1.0,0.8776,0.5743,PREMIUMISATION,15.0,0.0,,4.0,1.0,8.0,2.0,,,1.0,Fresh,₹119 – ₹122,₹116 (−3.5%),8–20% (12m),✅ 3.5:1,89.6,65,True,2026-06-05 12:45:10,4.0,0.0,0,4.0,4.0,5.0,4.0,6.0,2.0,4.0,4.0,2.0,2.0,0.0,0.0,0.0,0.0,0.0,0.0,0.0,0.0,0.0,2.0,2.0,2.0,0.0,0.0,0.0,0.0,4.0,0.0,0.0,True,
INE1B3L01017,SHRINGARMS,SHRINGAR HOUSE,Consumer Durables,False,,,19,12,13.0,14,13,71,WATCHLIST_CONFIRMED,,↑6,False,False,4–6%,LATE_CYCLE,CAUTION,CONSUMPTION,0.0,0.233,0.0,PREMIUMISATION,15.0,-3.0,PAPER_PROFIT,6.0,2.0,7.0,2.0,,,1.0,Fresh,₹206 – ₹212,₹200 (−4.4%),8–20% (12m),✅ 2.7:1,89.6,76,True,2026-06-05 12:45:14,8.0,4.0,0,4.0,4.0,5.0,4.0,6.0,0.0,0.0,4.0,0.0,2.0,0.0,1.0,3.0,0.0,0.0,0.0,0.0,0.0,1.0,2.0,0.0,0.0,0.0,0.0,0.0,9.0,4.0,0.0,0.0,False,
INE618R01015,SGFIN,SG FINSERVE,Finance,False,,,3,12,10.0,14,13,71,WATCHLIST_CONFIRMED,▼ At risk: near WATCHLIST_EXTERNAL boundary,↓18,False,False,1–2% (vol↓),LATE_CYCLE,CAUTION,FINANCIALS,0.0,0.1645,0.0283,FIN_INCLUSION,12.0,-3.0,PAPER_PROFIT,0.0,0.0,8.0,2.0,,,1.0,Fresh,₹569 – ₹587,₹551 (−4.7%),8–20% (12m),✅ 2.6:1,89.6,53,True,2026-06-05 12:45:15,4.0,0.0,0,4.0,0.0,0.0,4.0,6.0,0.0,0.0,4.0,0.0,2.0,2.0,1.0,3.0,0.0,0.0,0.0,0.0,0.0,1.0,0.0,0.0,0.0,0.0,0.0,0.0,9.0,4.0,0.0,0.0,False,50.0
INE419D01026,CLSEL,CHAMANLAL SETIA,Agricultural Food & other Products,False,,,20,10,13.0,12,4,71,WATCHLIST_CONFIRMED,▲ Approaching STRONG,↓6,False,False,2–4% (vol↓),CORRECTION,CAUTION,OTHER,0.0,0.1636,0.0,AGRI,13.0,0.0,,6.0,2.0,4.0,1.0,,,1.0,Fresh,₹274 – ₹288,₹261 (−7.1%),8–20% (12m),⚠ 1.7:1,89.6,65,True,2026-06-05 12:45:16,8.0,2.0,0,4.0,4.0,5.0,4.0,6.0,2.0,0.0,0.0,0.0,2.0,2.0,0.0,0.0,0.0,0.0,0.0,0.0,0.0,0.0,2.0,2.0,0.0,0.0,0.0,0.0,0.0,4.0,0.0,0.0,True,
INE0S4R01014,CRIZAC,CRIZAC,Retailing,False,,,20,12,10.0,8,4,71,WATCHLIST_CONFIRMED,▲ Approaching STRONG,↓6,False,False,2–4% (vol↓),TOPPING,CAUTION,OTHER,0.0,0.1061,0.0093,PREMIUMISATION,12.0,0.0,,8.0,3.0,7.0,2.0,,,1.0,Fresh,₹210 – ₹221,₹200 (−7.5%),8–20% (12m),⚠ 1.6:1,89.6,65,True,2026-06-05 12:45:16,8.0,4.0,0,4.0,4.0,5.0,4.0,6.0,2.0,0.0,4.0,0.0,0.0,0.0,0.0,0.0,0.0,1.0,0.0,0.0,0.0,0.0,0.0,0.0,0.0,3.0,0.0,0.0,0.0,4.0,0.0,0.0,True,
INE243D01012,BFUTILITIE,BF UTILITIES,Transport Infrastructure,False,,,15,13,13.0,10,14,71,STRONG,▼ At risk: near WATCHLIST_CONFIRMED boundary,─,False,False,2–4% (vol↓),BASING,CAUTION,OTHER,0.0,0.0736,0.0,INFRA,13.0,0.0,,6.0,2.0,7.0,2.0,,,1.0,Fresh,₹616 – ₹642,₹576 (−8.5%),18–38% (12m),✅ 2.4:1,89.6,71,False,2026-06-05 12:45:16,8.0,4.0,0,4.0,0.0,0.0,4.0,6.0,2.0,0.0,4.0,2.0,0.0,2.0,0.0,0.0,0.0,1.0,0.0,0.0,0.0,0.0,2.0,0.0,0.0,0.0,0.0,0.0,10.0,4.0,0.0,0.0,True,
INE421D01022,CCL,CCL PRODUCTS,Agricultural Food & other Products,False,,,16,11,11.0,28,4,71,WATCHLIST_CONFIRMED,▲ Approaching STRONG,↓6,False,False,4–6%,CORRECTION,CAUTION,OTHER,1.0,0.6242,0.3804,AGRI,19.0,0.0,,4.0,1.0,7.0,2.0,,,1.0,Fresh,"₹1,064 – ₹1,092","₹1,037 (−3.8%)",8–20% (12m),✅ 3.1:1,89.6,65,True,2026-06-05 12:45:17,4.0,2.0,0,4.0,4.0,5.0,4.0,0.0,2.0,0.0,4.0,2.0,2.0,2.0,1.0,3.0,0.0,0.0,1.0,0.0,0.0,1.0,2.0,2.0,0.0,0.0,0.0,2.0,0.0,4.0,0.0,0.0,True,
INE109C01017,ARMANFIN,ARMAN FINANCIAL,Finance,False,,,8,10,10.0,6,13,71,WATCHLIST_CONFIRMED,▼ At risk: near WATCHLIST_EXTERNAL boundary,↓17,False,False,1–2% (vol↓),LATE_CYCLE,CAUTION,FINANCIALS,0.0,0.3725,0.0117,FIN_INCLUSION,10.0,-3.0,PAPER_PROFIT,4.0,1.0,5.0,1.0,,,1.0,Fresh,"₹1,527 – ₹1,617","₹1,437 (−8.6%)",8–20% (12m),❌ 1.4:1,89.6,53,True,2026-06-05 12:45:21,8.0,0.0,0,4.0,0.0,0.0,4.0,6.0,2.0,0.0,0.0,2.0,0.0,2.0,0.0,0.0,0.0,0.0,1.0,0.0,0.0,0.0,0.0,0.0,0.0,0.0,0.0,0.0,9.0,4.0,0.0,0.0,False,
INE978A01027,HERITGFOOD,HERITAGE FOODS,Food Products,False,,,20,13,10.0,6,4,71,WATCHLIST_CONFIRMED,▲ Approaching STRONG,↓6,False,False,4–6%,CORRECTION,CAUTION,OTHER,0.0,0.1274,0.11,"AGRI,PLI",13.0,0.0,,6.0,2.0,7.0,2.0,,,1.0,Fresh,₹315 – ₹323,₹308 (−3.6%),8–20% (12m),✅ 3.3:1,89.6,65,True,2026-06-05 12:45:25,8.0,4.0,0,4.0,4.0,5.0,4.0,6.0,2.0,0.0,4.0,2.0,0.0,0.0,0.0,0.0,0.0,0.0,0.0,0.0,1.0,0.0,0.0,0.0,2.0,0.0,0.0,0.0,0.0,4.0,0.0,0.0,True,24.0
INE297H01019,GALLANTT,GALLANTT ISPAT L,Industrial Products,False,,,20,13,10.0,22,4,71,STRONG,▼ At risk: near WATCHLIST_CONFIRMED boundary,─,False,False,2–4% (vol↓),TOPPING,CAUTION,OTHER,0.0,0.0046,0.0016,nan,17.0,0.0,,6.0,2.0,7.0,2.0,,,1.0,Fresh,₹629 – ₹655,₹589 (−8.3%),18–38% (12m),✅ 2.4:1,89.6,70,True,2026-06-05 12:45:29,8.0,2.0,0,4.0,4.0,5.0,0.0,6.0,2.0,4.0,4.0,2.0,0.0,2.0,1.0,3.0,0.0,0.0,0.0,0.0,1.0,1.0,0.0,0.0,0.0,3.0,0.0,0.0,0.0,4.0,0.0,0.0,True,30.0
INE386D01027,SBCL,SHIVALIK BIMETAL,Industrial Products,False,,,20,10,10.0,26,4,70,STRONG,▼ At risk: near WATCHLIST_CONFIRMED boundary,─,False,False,2–4% (vol↓),TOPPING,CAUTION,OTHER,0.0,0.1332,0.3516,nan,18.0,0.0,,7.0,2.0,7.0,2.0,,,1.0,Fresh,₹705 – ₹743,₹648 (−10.5%),18–38% (12m),⚠ 1.9:1,87.8,69,True,2026-06-05 12:44:59,8.0,4.0,0,4.0,4.0,5.0,4.0,0.0,2.0,0.0,4.0,2.0,0.0,2.0,1.0,3.0,1.0,1.0,0.0,0.0,1.0,1.0,0.0,0.0,0.0,3.0,0.0,0.0,0.0,4.0,0.0,0.0,True,17.0
INE285A01027,ELGIEQUIP,ELGI EQUIPMENTS,Industrial Products,False,,,20,11,8.0,28,4,70,STRONG,▼ At risk: near WATCHLIST_CONFIRMED boundary,─,False,False,2–4% (vol↓),TOPPING,CAUTION,OTHER,1.0,0.9134,0.1512,nan,19.0,0.0,,7.0,2.0,9.0,2.0,,,1.0,Fresh,₹590 – ₹613,₹556 (−7.6%),12–25% (12m),✅ 2.6:1,87.8,69,True,2026-06-05 12:45:00,8.0,4.0,0,4.0,4.0,5.0,0.0,6.0,2.0,0.0,4.0,2.0,0.0,2.0,1.0,3.0,1.0,0.0,1.0,0.0,1.0,1.0,0.0,0.0,2.0,0.0,0.0,2.0,0.0,4.0,0.0,0.0,True,8.0
INE0KGZ01021,SIGNPOST,SIGNPOST INDIA,Media,False,,,16,12,13.0,24,4,70,STRONG,▼ At risk: near WATCHLIST_CONFIRMED boundary,─,False,False,2–4% (vol↓),TOPPING,CAUTION,OTHER,0.0,0.015,0.0,nan,18.0,0.0,,3.0,1.0,6.0,1.0,,,1.0,Fresh,₹263 – ₹278,₹240 (−11.2%),18–38% (12m),⚠ 1.8:1,87.8,70,False,2026-06-05 12:45:00,4.0,2.0,0,4.0,4.0,5.0,4.0,6.0,2.0,0.0,4.0,0.0,2.0,2.0,1.0,3.0,0.0,0.0,0.0,0.0,1.0,1.0,2.0,2.0,0.0,0.0,0.0,0.0,0.0,4.0,0.0,0.0,True,4.0
INE151G01028,SHAILY,SHAILY ENGINEER.,Industrial Products,False,,,20,11,13.0,22,4,70,STRONG,▼ At risk: near WATCHLIST_CONFIRMED boundary,─,False,False,2–4% (vol↓),TOPPING,CAUTION,OTHER,0.0,0.6876,0.174,nan,17.0,0.0,,5.0,2.0,8.0,2.0,,,1.0,Fresh,"₹2,986 – ₹3,156","₹2,731 (−11.1%)",18–38% (12m),⚠ 1.8:1,87.8,69,True,2026-06-05 12:45:00,8.0,2.0,0,4.0,4.0,5.0,0.0,6.0,2.0,0.0,4.0,2.0,0.0,2.0,1.0,3.0,1.0,0.0,1.0,0.0,0.0,1.0,2.0,0.0,0.0,0.0,0.0,0.0,0.0,4.0,0.0,0.0,True,
INE584A01023,NMDC,NMDC,Minerals & Mining,False,,,18,6,13.0,28,13,70,STRONG,▼ At risk: near WATCHLIST_CONFIRMED boundary,─,False,False,4–6%,LATE_CYCLE,CAUTION,OTHER,0.0,0.553,0.1342,nan,16.0,0.0,,6.0,2.0,7.0,2.0,,,1.0,Fresh,₹95 – ₹97,₹90 (−5.9%),18–38% (12m),✅ 3.4:1,87.8,70,False,2026-06-05 12:45:00,8.0,4.0,0,4.0,4.0,0.0,0.0,0.0,2.0,0.0,4.0,0.0,0.0,2.0,1.0,3.0,1.0,0.0,1.0,0.0,0.0,0.0,2.0,2.0,0.0,0.0,0.0,2.0,9.0,4.0,0.0,0.0,False,
INE0Q3J01015,KRN,KRN HEAT EXCHAN,Industrial Products,False,,,13,12,13.0,34,4,70,WATCHLIST_CONFIRMED,▼ At risk: near WATCHLIST_CONFIRMED boundary,─,False,False,2–4% (vol↓),TOPPING,CAUTION,OTHER,0.0,0.2782,0.0484,nan,19.0,-2.0,EARN_QUALITY,4.0,1.0,6.0,1.0,,,1.0,Fresh,"₹1,131 – ₹1,188","₹1,075 (−7.3%)",8–20% (12m),⚠ 1.6:1,87.8,69,True,2026-06-05 12:45:00,4.0,0.0,0,4.0,4.0,5.0,4.0,6.0,2.0,0.0,4.0,0.0,2.0,2.0,1.0,3.0,0.0,0.0,1.0,0.0,0.0,1.0,2.0,0.0,2.0,3.0,0.0,2.0,0.0,4.0,0.0,0.0,False,
INE0BWX01014,AETHER,AETHER INDUSTRI.,Chemicals & Petrochemicals,False,,,10,11,13.0,32,13,70,STRONG,▼ At risk: near WATCHLIST_CONFIRMED boundary,─,False,False,2–4% (vol↓),LATE_CYCLE,CAUTION,OTHER,0.0,0.2607,0.2311,PLI,20.0,0.0,,2.0,0.0,9.0,2.0,,,1.0,Fresh,"₹1,119 – ₹1,160","₹1,059 (−7.1%)",18–38% (12m),✅ 2.8:1,87.8,71,True,2026-06-05 12:45:00,0.0,0.0,0,4.0,4.0,5.0,0.0,0.0,2.0,4.0,4.0,2.0,2.0,2.0,1.0,3.0,1.0,0.0,1.0,0.0,1.0,1.0,2.0,2.0,0.0,0.0,0.0,2.0,9.0,4.0,0.0,0.0,False,10.0
INE010B01027,ZYDUSLIFE,ZYDUS LIFESCI.,Pharmaceuticals & Biotechnology,False,,,20,12,10.0,18,13,70,STRONG,,↑7,False,False,4–6%,LATE_CYCLE,CAUTION,OTHER,0.0,0.2846,0.0976,"HEALTHCARE,PLI",17.0,0.0,,7.0,2.0,7.0,2.0,,,1.0,Fresh,"₹1,062 – ₹1,092","₹1,016 (−5.6%)",18–38% (12m),✅ 3.6:1,87.8,77,True,2026-06-05 12:45:00,8.0,4.0,0,4.0,4.0,5.0,4.0,0.0,2.0,4.0,4.0,2.0,0.0,2.0,1.0,3.0,1.0,0.0,0.0,0.0,0.0,0.0,0.0,0.0,2.0,0.0,0.0,0.0,9.0,4.0,0.0,0.0,False,
INE00FF01025,ACUTAAS,ACUTAAS CHEMICAL,Pharmaceuticals & Biotechnology,False,,,16,15,11.0,20,13,70,STRONG,,↑7,False,False,2–4% (vol↓),LATE_CYCLE,CAUTION,OTHER,1.0,0.8073,0.2767,"HEALTHCARE,PLI",20.0,0.0,,4.0,1.0,10.0,3.0,,,1.0,Fresh,"₹3,080 – ₹3,192","₹2,912 (−7.1%)",12–25% (12m),✅ 2.8:1,87.8,77,True,2026-06-05 12:45:00,4.0,2.0,0,4.0,4.0,5.0,4.0,6.0,2.0,0.0,4.0,2.0,2.0,2.0,1.0,3.0,1.0,0.0,1.0,0.0,1.0,1.0,0.0,0.0,0.0,0.0,0.0,0.0,9.0,4.0,0.0,0.0,False,30.0
INE018A01030,LT,LARSEN & TOUBRO,Construction,False,,,14,15,8.0,20,4,70,WATCHLIST_CONFIRMED,,↓6,False,False,4–6%,TOPPING,CAUTION,OTHER,1.0,0.7772,0.4099,INFRA,18.0,0.0,,5.0,2.0,8.0,2.0,,,1.0,Fresh,"₹3,920 – ₹3,987","₹3,852 (−2.6%)",8–20% (12m),✅ 4.7:1,87.8,63,True,2026-06-05 12:45:04,4.0,2.0,0,4.0,0.0,5.0,4.0,6.0,2.0,4.0,4.0,2.0,0.0,2.0,1.0,3.0,1.0,0.0,1.0,0.0,1.0,1.0,0.0,0.0,0.0,0.0,0.0,0.0,0.0,4.0,0.0,0.0,False,10.0
INE545L01039,MANCREDIT,MANGAL CREDIT,Finance,False,,,0,15,10.0,8,13,70,WATCHLIST_CONFIRMED,▼ At risk: near WATCHLIST_EXTERNAL boundary,↓22,False,False,1–2% (vol↓),LATE_CYCLE,CAUTION,FINANCIALS,0.0,0.003,0.0,FIN_INCLUSION,12.0,-3.0,PAPER_PROFIT,1.0,0.0,8.0,2.0,,,1.0,Fresh,₹197 – ₹206,₹187 (−7.0%),8–20% (12m),⚠ 1.7:1,87.8,52,True,2026-06-05 12:45:05,0.0,0.0,0,4.0,0.0,0.0,4.0,6.0,0.0,4.0,4.0,2.0,2.0,2.0,0.0,0.0,1.0,1.0,0.0,0.0,0.0,0.0,0.0,0.0,0.0,0.0,0.0,0.0,9.0,4.0,0.0,0.0,False,
INE299N01021,WAAREERTL,WAAREE RENEWAB.,Electrical Equipment,False,,,20,15,13.0,8,4,70,STRONG,,↑4,False,False,4–6%,TOPPING,CAUTION,OTHER,0.0,0.1045,0.0014,"CAPEX_SUPERCYCLE,POWER",15.0,0.0,,7.0,2.0,9.0,2.0,,,1.0,Fresh,₹965 – ₹988,₹930 (−4.7%),18–38% (12m),✅ 4.2:1,87.8,74,True,2026-06-05 12:45:10,8.0,4.0,0,4.0,4.0,5.0,4.0,6.0,2.0,4.0,4.0,2.0,2.0,0.0,0.0,0.0,0.0,0.0,0.0,0.0,0.0,0.0,2.0,2.0,0.0,0.0,0.0,0.0,0.0,4.0,0.0,0.0,True,48.0
INE377N01017,WAAREEENER,WAAREE ENERGIES,Electrical Equipment,False,,,20,15,13.0,8,4,70,STRONG,,↑4,False,False,4–6%,TOPPING,CAUTION,OTHER,0.0,0.3317,0.0596,"CAPEX_SUPERCYCLE,POWER",15.0,0.0,,4.0,1.0,10.0,3.0,,,1.0,Fresh,"₹3,046 – ₹3,123","₹2,931 (−5.0%)",18–38% (12m),✅ 4.0:1,87.8,74,True,2026-06-05 12:45:10,8.0,4.0,0,4.0,4.0,5.0,4.0,6.0,2.0,4.0,4.0,2.0,2.0,0.0,0.0,0.0,0.0,0.0,0.0,0.0,0.0,0.0,2.0,2.0,0.0,0.0,0.0,0.0,0.0,4.0,0.0,0.0,True,36.0
INE14UN01029,VIDYAWIRES,VIDYA WIRES,Industrial Products,False,,,19,10,13.0,24,4,70,WATCHLIST_CONFIRMED,▼ At risk: near WATCHLIST_CONFIRMED boundary,─,False,False,2–4% (vol↓),TOPPING,CAUTION,OTHER,0.0,0.0492,0.1804,nan,16.0,-3.0,PAPER_PROFIT,6.0,2.0,6.0,1.0,,,1.0,Fresh,₹100 – ₹107,₹94 (−9.8%),8–20% (12m),❌ 1.2:1,87.8,69,True,2026-06-05 12:45:11,8.0,4.0,0,4.0,4.0,5.0,4.0,6.0,0.0,0.0,4.0,0.0,0.0,2.0,1.0,3.0,0.0,1.0,0.0,0.0,0.0,1.0,2.0,0.0,2.0,0.0,0.0,0.0,0.0,4.0,0.0,0.0,True,36.0
INE08NE01025,SANSTAR,SANSTAR,Agricultural Food & other Products,False,,,9,12,13.0,30,4,70,WATCHLIST_CONFIRMED,,↓7,False,False,2–4% (vol↓),CORRECTION,CAUTION,OTHER,0.0,0.0312,0.0002,AGRI,18.0,-2.0,EARN_QUALITY,3.0,1.0,6.0,1.0,,,1.0,Fresh,₹115 – ₹122,₹107 (−9.3%),8–20% (12m),❌ 1.3:1,87.8,64,True,2026-06-05 12:45:11,0.0,0.0,0,4.0,4.0,5.0,4.0,6.0,2.0,0.0,4.0,0.0,2.0,2.0,1.0,3.0,1.0,0.0,1.0,0.0,1.0,1.0,2.0,0.0,0.0,3.0,0.0,0.0,0.0,4.0,0.0,0.0,False,24.0
INE597I01028,SHARDAMOTR,SHARDA MOTOR,Auto Components,False,,,20,13,13.0,6,14,70,STRONG,,↑9,False,False,2–4% (vol↓),BASING,CAUTION,OTHER,0.0,0.1204,0.228,PLI,14.0,-1.0,EARN_REV_DIVERGE,8.0,3.0,8.0,2.0,,,1.0,Fresh,₹813 – ₹844,₹767 (−7.4%),18–38% (12m),✅ 2.7:1,87.8,78,True,2026-06-05 12:45:14,8.0,4.0,0,4.0,4.0,5.0,0.0,6.0,2.0,4.0,4.0,2.0,0.0,0.0,0.0,0.0,0.0,0.0,0.0,0.0,1.0,0.0,2.0,0.0,0.0,0.0,0.0,0.0,10.0,4.0,0.0,0.0,True,14.0
INE439E01022,SKIPPER,SKIPPER,Electrical Equipment,False,,,17,15,10.0,26,4,70,STRONG,,↑4,False,False,2–4% (vol↓),TOPPING,CAUTION,OTHER,0.0,0.2626,0.0284,"CAPEX_SUPERCYCLE,POWER",19.0,0.0,,5.0,2.0,8.0,2.0,,,1.0,Fresh,₹558 – ₹583,₹522 (−8.6%),18–38% (12m),✅ 2.3:1,87.8,74,True,2026-06-05 12:45:15,8.0,2.0,0,0.0,4.0,5.0,4.0,6.0,2.0,4.0,4.0,2.0,2.0,2.0,1.0,3.0,1.0,1.0,0.0,0.0,0.0,0.0,0.0,0.0,2.0,3.0,0.0,0.0,0.0,4.0,0.0,0.0,True,
INE483S01020,CCAVENUE,AVENUESAI,Financial Technology (Fintech),False,,,11,15,13.0,4,13,70,STRONG,▼ At risk: near WATCHLIST_CONFIRMED boundary,─,False,False,4–6%,LATE_CYCLE,CAUTION,FINANCIALS,0.0,0.2695,0.0034,"DIGITAL,FIN_INCLUSION",13.0,0.0,,3.0,1.0,10.0,3.0,,,1.0,Fresh,₹14 – ₹14,₹13 (−4.2%),18–38% (12m),✅ 4.7:1,87.8,70,False,2026-06-05 12:45:17,0.0,0.0,0,4.0,4.0,5.0,4.0,6.0,2.0,4.0,4.0,2.0,2.0,0.0,0.0,0.0,0.0,0.0,0.0,0.0,0.0,0.0,2.0,0.0,0.0,0.0,0.0,0.0,9.0,4.0,0.0,0.0,False,
INE0OV601013,EMSLIMITED,EMS,Other Utilities,False,,,19,8,13.0,8,4,70,WATCHLIST_CONFIRMED,,↓12,False,False,1–2% (vol↓),TOPPING,CAUTION,OTHER,0.0,0.0354,0.0,"POWER,WATER",11.0,-3.0,PAPER_PROFIT,7.0,2.0,2.0,0.0,,,1.0,Fresh,₹286 – ₹299,₹273 (−6.4%),8–20% (12m),⚠ 1.9:1,87.8,59,True,2026-06-05 12:45:18,8.0,4.0,0,4.0,4.0,5.0,4.0,6.0,2.0,0.0,0.0,0.0,0.0,0.0,0.0,0.0,0.0,0.0,0.0,0.0,0.0,0.0,2.0,2.0,0.0,0.0,0.0,0.0,0.0,4.0,0.0,0.0,False,
INE230A01023,EIHOTEL,EIH,Leisure Services,False,,,16,11,13.0,10,13,70,WATCHLIST_CONFIRMED,▲ Approaching STRONG,↓6,False,False,4–6%,LATE_CYCLE,CAUTION,OTHER,0.0,0.2724,0.2562,PREMIUMISATION,14.0,0.0,,5.0,2.0,9.0,2.0,,,1.0,Fresh,₹286 – ₹294,₹278 (−4.1%),8–20% (12m),✅ 2.9:1,87.8,67,True,2026-06-05 12:45:18,8.0,2.0,0,4.0,4.0,0.0,4.0,0.0,2.0,0.0,4.0,2.0,2.0,0.0,0.0,0.0,0.0,0.0,0.0,0.0,1.0,0.0,2.0,2.0,0.0,0.0,0.0,0.0,9.0,4.0,0.0,0.0,False,16.0
INE600Y01019,DYCL,DYNAMIC CABLES,Industrial Products,False,,,20,12,13.0,12,4,70,STRONG,▼ At risk: near WATCHLIST_CONFIRMED boundary,─,False,False,2–4% (vol↓),TOPPING,CAUTION,OTHER,0.0,0.0581,0.0,nan,14.0,0.0,,7.0,2.0,6.0,1.0,,,1.0,Fresh,₹322 – ₹336,₹302 (−8.2%),18–38% (12m),✅ 2.4:1,87.8,69,True,2026-06-05 12:45:20,8.0,2.0,0,4.0,4.0,5.0,4.0,6.0,2.0,0.0,4.0,0.0,2.0,0.0,0.0,0.0,0.0,0.0,0.0,0.0,1.0,0.0,2.0,0.0,0.0,3.0,0.0,0.0,0.0,4.0,0.0,0.0,True,24.0
INE192R01011,DMART,AVENUE SUPER.,Retailing,False,,,16,14,13.0,10,4,70,WATCHLIST_CONFIRMED,,↓6,False,False,4–6%,TOPPING,CAUTION,OTHER,0.0,0.3618,0.1353,PREMIUMISATION,15.0,0.0,,3.0,1.0,8.0,2.0,,,1.0,Fresh,"₹4,122 – ₹4,215","₹4,029 (−3.3%)",8–20% (12m),✅ 3.6:1,87.8,64,True,2026-06-05 12:45:20,4.0,2.0,0,4.0,4.0,5.0,4.0,6.0,2.0,0.0,4.0,2.0,2.0,2.0,0.0,0.0,0.0,0.0,0.0,0.0,0.0,1.0,2.0,0.0,0.0,0.0,0.0,0.0,0.0,4.0,0.0,0.0,True,32.0
INE0ALI01010,ADVAIT,ADVAIT ENERGY,Industrial Products,False,,,20,8,13.0,28,4,70,STRONG,▼ At risk: near WATCHLIST_CONFIRMED boundary,─,False,False,2–4% (vol↓),TOPPING,CAUTION,OTHER,0.0,0.0288,0.0,nan,17.0,0.0,,6.0,2.0,1.0,0.0,,,1.0,Fresh,"₹2,009 – ₹2,118","₹1,844 (−10.6%)",18–38% (12m),⚠ 1.9:1,87.8,69,True,2026-06-05 12:45:22,8.0,2.0,0,4.0,4.0,5.0,4.0,6.0,2.0,0.0,0.0,0.0,0.0,2.0,1.0,3.0,1.0,0.0,0.0,0.0,1.0,1.0,2.0,0.0,0.0,3.0,0.0,0.0,0.0,4.0,0.0,0.0,False,4.0
INE213C01025,BANCOINDIA,BANCO PRODUCTS,Auto Components,False,,,20,10,13.0,18,14,70,STRONG,,↑9,False,False,2–4% (vol↓),BASING,CAUTION,OTHER,0.0,0.2544,0.0022,PLI,16.0,0.0,,7.0,2.0,4.0,1.0,,,1.0,Fresh,₹642 – ₹662,₹612 (−6.1%),18–38% (12m),✅ 3.3:1,87.8,78,True,2026-06-05 12:45:24,8.0,4.0,0,4.0,4.0,5.0,4.0,6.0,2.0,0.0,0.0,2.0,0.0,2.0,1.0,3.0,0.0,1.0,0.0,0.0,0.0,0.0,2.0,0.0,0.0,0.0,0.0,0.0,10.0,4.0,0.0,0.0,True,
INE917I01010,BAJAJ-AUTO,BAJAJ AUTO,Automobiles,False,,,19,10,13.0,36,14,70,WATCHLIST_CONFIRMED,▼ At risk: near STRONG boundary,↑11,False,False,6–7%,BASING,CAUTION,OTHER,0.0,0.368,0.1434,PREMIUMISATION,21.0,-3.0,PAPER_PROFIT,5.0,2.0,8.0,2.0,,,1.0,Fresh,"₹10,146 – ₹10,372","₹9,919 (−3.3%)",8–20% (12m),✅ 3.6:1,87.8,83,True,2026-06-05 12:45:24,8.0,4.0,0,4.0,4.0,5.0,4.0,0.0,0.0,0.0,4.0,2.0,2.0,2.0,1.0,3.0,1.0,0.0,1.0,0.0,0.0,1.0,2.0,0.0,2.0,3.0,0.0,2.0,10.0,4.0,0.0,0.0,True,
INE555B01013,AXISCADES,AXISCADES TECH.,Aerospace & Defense,False,,,16,15,10.0,20,4,70,STRONG,▼ At risk: near WATCHLIST_CONFIRMED boundary,─,False,False,2–4% (vol↓),TOPPING,CAUTION,CAPEX_CYCLE,0.0,0.0782,0.0217,"CAPEX_SUPERCYCLE,DEFENCE",19.0,0.0,,6.0,2.0,10.0,3.0,,,1.0,Fresh,"₹1,638 – ₹1,727","₹1,505 (−10.6%)",18–38% (12m),⚠ 1.9:1,87.8,70,True,2026-06-05 12:45:24,4.0,0.0,0,4.0,4.0,5.0,4.0,6.0,2.0,4.0,4.0,2.0,2.0,2.0,1.0,3.0,0.0,1.0,1.0,0.0,1.0,1.0,0.0,0.0,0.0,0.0,0.0,0.0,0.0,4.0,0.0,0.0,True,8.0
INE699H01024,AWL,AWL AGRI BUSINE.,Agricultural Food & other Products,False,,,20,13,11.0,8,4,70,WATCHLIST_CONFIRMED,,↓6,False,False,4–6%,CORRECTION,CAUTION,OTHER,1.0,0.8786,0.163,AGRI,13.0,0.0,,6.0,2.0,8.0,2.0,,,1.0,Fresh,₹188 – ₹192,₹184 (−3.5%),8–20% (12m),✅ 3.4:1,87.8,64,True,2026-06-05 12:45:24,8.0,2.0,0,4.0,4.0,5.0,0.0,6.0,2.0,4.0,4.0,2.0,0.0,0.0,0.0,0.0,0.0,0.0,0.0,0.0,0.0,0.0,2.0,2.0,0.0,0.0,0.0,0.0,0.0,4.0,0.0,0.0,True,36.0
INE679V01027,AVL,ADITYA VISION,Retailing,False,,,19,12,8.0,20,4,70,WATCHLIST_CONFIRMED,,↓5,False,False,2–4% (vol↓),TOPPING,CAUTION,OTHER,1.0,0.6574,0.3794,PREMIUMISATION,16.0,-3.0,PAPER_PROFIT,5.0,2.0,8.0,2.0,,,1.0,Fresh,₹518 – ₹534,₹501 (−4.7%),8–20% (12m),✅ 2.6:1,87.8,64,True,2026-06-05 12:45:24,8.0,4.0,0,4.0,4.0,5.0,4.0,6.0,0.0,0.0,4.0,2.0,0.0,2.0,1.0,3.0,1.0,0.0,0.0,0.0,0.0,1.0,0.0,0.0,2.0,0.0,0.0,0.0,0.0,4.0,0.0,0.0,True,
INE520Y01019,ICEMAKE,ICE MAKE REFRIG.,Industrial Manufacturing,False,,,20,10,13.0,14,4,70,WATCHLIST_CONFIRMED,▲ Approaching STRONG,↓6,False,False,2–4% (vol↓),TOPPING,CAUTION,OTHER,0.0,0.0248,0.0,PLI,14.0,0.0,,3.0,1.0,4.0,1.0,,,1.0,Fresh,₹758 – ₹801,₹716 (−8.1%),8–20% (12m),❌ 1.5:1,87.8,67,True,2026-06-05 12:45:25,8.0,4.0,0,4.0,4.0,5.0,4.0,6.0,2.0,0.0,0.0,0.0,2.0,2.0,0.0,0.0,0.0,1.0,0.0,0.0,0.0,0.0,2.0,2.0,0.0,0.0,0.0,0.0,0.0,4.0,0.0,0.0,True,
INE138Y01010,KFINTECH,KFIN TECHNOLOG.,Capital Markets,False,,,20,15,9.0,12,4,70,STRONG,▼ At risk: near WATCHLIST_CONFIRMED boundary,─,False,False,4–6%,TOPPING,CAUTION,FINANCIALS,1.0,1.0572,0.2615,FIN_INCLUSION,15.0,0.0,,7.0,2.0,9.0,2.0,,,1.0,Fresh,₹825 – ₹850,₹789 (−5.8%),12–25% (12m),✅ 3.4:1,87.8,70,True,2026-06-05 12:45:26,8.0,4.0,0,4.0,4.0,5.0,4.0,6.0,2.0,4.0,4.0,2.0,0.0,0.0,0.0,0.0,0.0,0.0,0.0,0.0,0.0,0.0,2.0,2.0,2.0,0.0,0.0,0.0,0.0,4.0,0.0,0.0,True,
INE930H01031,KPRMILL,K P R MILL LTD,Textiles & Apparels,False,,,20,5,13.0,16,13,70,WATCHLIST_CONFIRMED,▲ Approaching STRONG,↓4,False,False,2–4% (vol↓),LATE_CYCLE,CAUTION,OTHER,0.0,0.269,0.3546,PLI,14.0,0.0,,7.0,2.0,6.0,1.0,,,1.0,Fresh,"₹1,067 – ₹1,105","₹1,030 (−5.2%)",8–20% (12m),✅ 2.3:1,87.8,66,True,2026-06-05 12:45:26,8.0,2.0,0,4.0,4.0,5.0,0.0,0.0,2.0,0.0,4.0,0.0,0.0,2.0,0.0,0.0,0.0,0.0,0.0,0.0,1.0,1.0,2.0,2.0,0.0,0.0,0.0,0.0,9.0,4.0,0.0,0.0,False,24.0
INE276G01015,ASIANENE,ASIAN ENERGY,Oil,False,,,12,8,13.0,26,13,69,WATCHLIST_CONFIRMED,▼ At risk: near WATCHLIST_CONFIRMED boundary,─,False,False,2–4% (vol↓),LATE_CYCLE,CAUTION,OTHER,0.0,0.0678,0.0,nan,17.0,-3.0,PAPER_PROFIT,3.0,1.0,7.0,2.0,,,1.0,Fresh,₹342 – ₹363,₹320 (−9.2%),8–20% (12m),❌ 1.3:1,85.9,68,True,2026-06-05 12:44:59,4.0,0.0,0,4.0,4.0,5.0,4.0,0.0,0.0,0.0,4.0,0.0,2.0,2.0,1.0,3.0,1.0,0.0,0.0,0.0,1.0,1.0,2.0,2.0,0.0,0.0,0.0,0.0,9.0,4.0,0.0,0.0,False,0.0
INE124E01038,STEELCAS,STEELCAST,Industrial Products,False,,,20,10,13.0,18,4,69,STRONG,▼ At risk: near WATCHLIST_CONFIRMED boundary,─,False,False,2–4% (vol↓),TOPPING,CAUTION,OTHER,0.0,0.222,0.0266,nan,15.0,-1.0,EARN_REV_DIVERGE,8.0,3.0,7.0,2.0,,,1.0,Fresh,₹271 – ₹286,₹249 (−10.7%),18–38% (12m),⚠ 1.9:1,85.9,68,True,2026-06-05 12:45:00,8.0,4.0,0,4.0,4.0,5.0,0.0,6.0,2.0,0.0,4.0,0.0,0.0,2.0,1.0,3.0,0.0,0.0,1.0,0.0,1.0,1.0,0.0,0.0,0.0,0.0,0.0,0.0,0.0,4.0,0.0,0.0,True,15.0
INE330T01021,HAPPYFORGE,HAPPY FORGINGS,Industrial Products,False,,,19,13,10.0,20,4,69,STRONG,▼ At risk: near WATCHLIST_CONFIRMED boundary,─,False,False,2–4% (vol↓),TOPPING,CAUTION,OTHER,0.0,0.0712,0.2923,nan,18.0,0.0,,4.0,1.0,8.0,2.0,,,1.0,Fresh,"₹1,374 – ₹1,434","₹1,283 (−8.6%)",18–38% (12m),✅ 2.3:1,85.9,68,True,2026-06-05 12:45:00,8.0,2.0,0,4.0,4.0,5.0,4.0,6.0,2.0,0.0,4.0,2.0,0.0,2.0,1.0,3.0,1.0,0.0,1.0,0.0,1.0,1.0,0.0,0.0,0.0,0.0,0.0,0.0,0.0,4.0,0.0,0.0,True,14.0
INE191B01025,WELCORP,WELSPUN CORP,Industrial Products,False,,,20,11,10.0,20,4,69,STRONG,▼ At risk: near WATCHLIST_CONFIRMED boundary,─,False,False,2–4% (vol↓),TOPPING,CAUTION,OTHER,0.0,0.4648,0.1971,nan,18.0,0.0,,7.0,2.0,5.0,1.0,,,1.0,Fresh,"₹1,392 – ₹1,436","₹1,326 (−6.2%)",18–38% (12m),✅ 3.2:1,85.9,68,True,2026-06-05 12:45:00,8.0,4.0,0,4.0,4.0,5.0,4.0,6.0,2.0,0.0,0.0,2.0,2.0,2.0,1.0,3.0,1.0,0.0,1.0,0.0,1.0,1.0,0.0,0.0,0.0,0.0,0.0,0.0,0.0,4.0,0.0,0.0,True,14.0
INE995S01015,NIVABUPA,NIVA BUPA HEALTH,Insurance,False,,,4,10,13.0,18,4,69,WATCHLIST_EXTERNAL,,↓27,False,False,2–3%,TOPPING,CAUTION,FINANCIALS,0.0,0.4727,0.1951,FIN_INCLUSION,10.0,0.0,,4.0,1.0,9.0,2.0,,,1.0,Fresh,₹83 – ₹85,₹80 (−4.2%),2–8% (12m),⚠ 1.7:1,85.9,45,True,2026-06-05 12:45:02,0.0,0.0,0,4.0,0.0,0.0,4.0,0.0,2.0,0.0,4.0,2.0,0.0,2.0,0.0,0.0,0.0,0.0,0.0,0.0,0.0,0.0,2.0,0.0,2.0,3.0,0.0,0.0,0.0,4.0,0.0,0.0,False,
INE318A01026,PIDILITIND,PIDILITE INDS.,Chemicals & Petrochemicals,False,,,20,11,10.0,8,13,69,STRONG,▼ At risk: near WATCHLIST_CONFIRMED boundary,─,False,False,4–6%,LATE_CYCLE,CAUTION,OTHER,0.0,0.4784,0.0868,PLI,14.0,0.0,,7.0,2.0,7.0,2.0,,,1.0,Fresh,"₹1,457 – ₹1,481","₹1,420 (−3.3%)",18–38% (12m),✅ 6.0:1,85.9,70,True,2026-06-05 12:45:03,8.0,4.0,0,4.0,4.0,5.0,0.0,6.0,2.0,0.0,4.0,2.0,0.0,2.0,0.0,0.0,1.0,0.0,0.0,0.0,1.0,0.0,0.0,0.0,0.0,0.0,0.0,0.0,9.0,4.0,0.0,0.0,False,25.0
INE0SII01026,QPOWER,QUALITY POWER EL,Electrical Equipment,False,,,20,14,13.0,18,4,69,STRONG,,↑4,False,False,2–4% (vol↓),TOPPING,CAUTION,OTHER,0.0,0.1008,0.0802,"CAPEX_SUPERCYCLE,POWER",17.0,0.0,,6.0,2.0,9.0,2.0,,,1.0,Fresh,"₹1,012 – ₹1,070",₹926 (−11.1%),18–38% (12m),⚠ 1.8:1,85.9,73,True,2026-06-05 12:45:04,8.0,2.0,0,4.0,4.0,5.0,4.0,6.0,2.0,0.0,4.0,2.0,2.0,2.0,1.0,3.0,0.0,0.0,0.0,0.0,0.0,1.0,2.0,0.0,0.0,0.0,0.0,0.0,0.0,4.0,0.0,0.0,True,
INE326A01037,LUPIN,LUPIN,Pharmaceuticals & Biotechnology,False,,,20,7,11.0,30,13,69,STRONG,,↑7,False,False,4–6%,LATE_CYCLE,CAUTION,OTHER,1.0,0.8763,0.3382,"HEALTHCARE,PLI",19.0,0.0,,5.0,2.0,9.0,2.0,,,1.0,Fresh,"₹2,243 – ₹2,280","₹2,187 (−3.3%)",12–25% (12m),✅ 6.1:1,85.9,76,True,2026-06-05 12:45:04,8.0,4.0,0,4.0,4.0,5.0,0.0,0.0,2.0,0.0,4.0,2.0,0.0,2.0,1.0,3.0,1.0,0.0,1.0,0.0,1.0,0.0,2.0,2.0,0.0,0.0,0.0,2.0,9.0,4.0,0.0,0.0,False,7.0
INE413G01022,TPLPLASTEH,TPL PLASTECH,Industrial Products,False,,,20,11,13.0,14,4,69,STRONG,▼ At risk: near WATCHLIST_CONFIRMED boundary,─,False,False,2–4% (vol↓),TOPPING,CAUTION,OTHER,0.0,0.0411,0.0008,nan,15.0,0.0,,5.0,2.0,5.0,1.0,,,1.0,Fresh,₹68 – ₹71,₹62 (−10.5%),18–38% (12m),⚠ 1.9:1,85.9,68,True,2026-06-05 12:45:07,8.0,2.0,0,4.0,4.0,5.0,4.0,6.0,2.0,0.0,0.0,2.0,2.0,2.0,0.0,0.0,0.0,0.0,0.0,0.0,1.0,0.0,2.0,2.0,0.0,0.0,0.0,0.0,0.0,4.0,0.0,0.0,True,9.0
INE956G01038,WABAG,VA TECH WABAG,Other Utilities,False,,,16,12,10.0,12,4,69,WATCHLIST_CONFIRMED,,↓12,False,False,2–3%,TOPPING,CAUTION,OTHER,0.0,0.7254,0.1004,"POWER,WATER",15.0,-1.0,EARN_REV_DIVERGE,6.0,2.0,9.0,2.0,,,1.0,Fresh,"₹1,536 – ₹1,580","₹1,492 (−4.2%)",8–20% (12m),✅ 2.8:1,85.9,58,True,2026-06-05 12:45:10,4.0,2.0,0,4.0,4.0,5.0,0.0,6.0,2.0,0.0,4.0,2.0,2.0,2.0,0.0,0.0,1.0,0.0,0.0,0.0,0.0,1.0,0.0,0.0,2.0,0.0,0.0,0.0,0.0,4.0,0.0,0.0,True,
INE979A01025,SAREGAMA,SAREGAMA INDIA,Entertainment,False,,,17,10,10.0,12,13,69,WATCHLIST_CONFIRMED,▲ Approaching STRONG,↓3,False,False,2–4% (vol↓),LATE_CYCLE,CAUTION,OTHER,0.0,0.5166,0.0478,nan,15.0,0.0,,6.0,2.0,5.0,1.0,,,1.0,Fresh,₹452 – ₹473,₹431 (−6.7%),8–20% (12m),⚠ 1.8:1,85.9,65,True,2026-06-05 12:45:11,4.0,2.0,0,4.0,4.0,5.0,4.0,0.0,2.0,4.0,0.0,2.0,2.0,2.0,0.0,0.0,0.0,1.0,0.0,0.0,0.0,0.0,0.0,0.0,0.0,3.0,0.0,0.0,9.0,4.0,0.0,0.0,False,
INE04AK01028,SBC,SBC EXPORTS,Textiles & Apparels,False,,,15,8,10.0,18,13,69,WATCHLIST_CONFIRMED,▲ Approaching STRONG,↓3,False,False,2–4% (vol↓),LATE_CYCLE,CAUTION,OTHER,0.0,0.0376,0.0,PLI,15.0,-3.0,PAPER_PROFIT,6.0,2.0,3.0,0.0,,,1.0,Fresh,₹36 – ₹37,₹35 (−5.8%),8–20% (12m),✅ 2.1:1,85.9,65,True,2026-06-05 12:45:12,8.0,4.0,0,4.0,4.0,0.0,4.0,6.0,0.0,0.0,0.0,0.0,2.0,2.0,1.0,3.0,1.0,0.0,1.0,0.0,0.0,1.0,0.0,0.0,0.0,0.0,0.0,0.0,9.0,4.0,0.0,0.0,False,
INE153T01027,BLS,BLS INTERNAT.,Leisure Services,False,,,20,9,10.0,6,13,69,WATCHLIST_CONFIRMED,▲ Approaching STRONG,↓6,False,False,2–4% (vol↓),LATE_CYCLE,CAUTION,OTHER,0.0,0.2658,0.0082,PREMIUMISATION,12.0,-2.0,EARN_QUALITY,8.0,3.0,2.0,0.0,,,1.0,Fresh,₹266 – ₹275,₹256 (−5.3%),8–20% (12m),✅ 2.3:1,85.9,66,True,2026-06-05 12:45:16,8.0,4.0,0,4.0,4.0,5.0,4.0,6.0,2.0,0.0,0.0,2.0,0.0,0.0,0.0,0.0,0.0,0.0,0.0,0.0,0.0,0.0,0.0,0.0,0.0,3.0,0.0,0.0,9.0,4.0,0.0,0.0,False,
INE982B01027,ADFFOODS,ADF FOODS,Food Products,False,,,16,10,13.0,22,4,69,WATCHLIST_CONFIRMED,,─,False,False,2–4% (vol↓),CORRECTION,CAUTION,OTHER,0.0,0.5674,0.0,"AGRI,PLI",16.0,0.0,,4.0,1.0,8.0,2.0,,,1.0,Fresh,₹283 – ₹297,₹269 (−7.4%),8–20% (12m),⚠ 1.6:1,85.9,63,True,2026-06-05 12:45:22,4.0,2.0,0,4.0,4.0,5.0,0.0,0.0,2.0,4.0,4.0,2.0,0.0,2.0,1.0,3.0,1.0,0.0,0.0,0.0,0.0,0.0,2.0,2.0,0.0,0.0,0.0,0.0,0.0,4.0,0.0,0.0,True,
INE011E01029,BALUFORGE,BALU FORGE,Industrial Products,False,,,20,14,10.0,10,4,69,STRONG,▼ At risk: near WATCHLIST_CONFIRMED boundary,─,False,False,2–4% (vol↓),TOPPING,CAUTION,OTHER,0.0,0.2748,0.0022,nan,15.0,0.0,,5.0,2.0,9.0,2.0,,,1.0,Fresh,₹472 – ₹494,₹439 (−9.1%),18–38% (12m),✅ 2.2:1,85.9,68,True,2026-06-05 12:45:24,8.0,4.0,0,4.0,4.0,5.0,4.0,6.0,2.0,0.0,4.0,2.0,2.0,0.0,0.0,0.0,0.0,1.0,0.0,0.0,1.0,0.0,0.0,0.0,0.0,3.0,0.0,0.0,0.0,4.0,0.0,0.0,True,4.0
INE176A01028,BATAINDIA,BATA INDIA,Consumer Durables,False,,,20,12,13.0,6,13,69,STRONG,,↑6,False,False,4–6%,LATE_CYCLE,CAUTION,CONSUMPTION,0.0,0.2686,0.3326,PREMIUMISATION,14.0,0.0,,6.0,2.0,8.0,2.0,,,1.0,Fresh,₹657 – ₹674,₹632 (−5.1%),18–38% (12m),✅ 3.9:1,85.9,74,True,2026-06-05 12:45:24,8.0,4.0,0,4.0,4.0,5.0,0.0,6.0,2.0,0.0,4.0,2.0,2.0,0.0,0.0,0.0,0.0,0.0,0.0,0.0,1.0,0.0,2.0,0.0,0.0,0.0,0.0,0.0,9.0,4.0,0.0,0.0,False,8.0
INE399L01023,ATGL,ADANI TOTAL GAS,Gas,False,,,17,10,10.0,22,13,69,STRONG,▼ At risk: near WATCHLIST_CONFIRMED boundary,↑4,False,False,2–4% (vol↓),LATE_CYCLE,CAUTION,OTHER,0.0,0.5128,0.003,POWER,18.0,0.0,,5.0,2.0,8.0,2.0,,,1.0,Fresh,₹696 – ₹739,₹631 (−12.1%),18–38% (12m),⚠ 1.7:1,85.9,69,False,2026-06-05 12:45:24,4.0,2.0,0,4.0,4.0,5.0,4.0,0.0,2.0,0.0,4.0,2.0,0.0,2.0,1.0,3.0,0.0,1.0,0.0,1.0,0.0,1.0,0.0,0.0,2.0,0.0,0.0,0.0,9.0,4.0,0.0,0.0,False,59.0
INE065X01017,INDGN,INDEGENE,Healthcare Services,False,,,20,15,8.0,8,13,69,STRONG,,↑4,False,False,4–6%,LATE_CYCLE,CAUTION,OTHER,1.0,1.1849,0.0936,HEALTHCARE,15.0,0.0,,7.0,2.0,8.0,2.0,,,1.0,Fresh,₹513 – ₹527,₹494 (−5.1%),12–25% (12m),✅ 4.0:1,85.9,74,True,2026-06-05 12:45:25,8.0,2.0,0,4.0,4.0,5.0,4.0,6.0,2.0,4.0,4.0,2.0,0.0,2.0,0.0,0.0,0.0,0.0,0.0,0.0,0.0,0.0,0.0,0.0,2.0,0.0,0.0,0.0,9.0,4.0,0.0,0.0,False,44.0
INE0YD401026,JAINREC,JAIN RESOURCE,Diversified Metals,False,,,20,13,10.0,16,4,69,STRONG,▼ At risk: near WATCHLIST_CONFIRMED boundary,─,False,False,2–4% (vol↓),CORRECTION,CAUTION,OTHER,0.0,0.124,0.1226,nan,16.0,0.0,,6.0,2.0,8.0,2.0,,,1.0,Fresh,₹344 – ₹366,₹310 (−12.6%),18–38% (12m),⚠ 1.6:1,85.9,69,False,2026-06-05 12:45:27,8.0,4.0,0,4.0,4.0,5.0,4.0,6.0,2.0,0.0,4.0,0.0,2.0,0.0,1.0,3.0,0.0,0.0,0.0,1.0,0.0,1.0,0.0,0.0,2.0,0.0,0.0,0.0,0.0,4.0,0.0,0.0,True,
INE276A01018,GARFIBRES,GARWARE TECH.,Textiles & Apparels,False,,,20,7,13.0,4,13,69,WATCHLIST_CONFIRMED,▲ Approaching STRONG,↓3,False,False,4–6%,LATE_CYCLE,CAUTION,OTHER,0.0,0.3972,0.188,PLI,11.0,0.0,,7.0,2.0,8.0,2.0,,,1.0,Fresh,₹645 – ₹662,₹627 (−4.0%),8–20% (12m),✅ 3.0:1,85.9,65,True,2026-06-05 12:45:29,8.0,4.0,0,4.0,4.0,5.0,0.0,0.0,2.0,0.0,4.0,0.0,2.0,0.0,0.0,0.0,0.0,0.0,0.0,0.0,0.0,0.0,2.0,0.0,0.0,0.0,0.0,0.0,9.0,4.0,0.0,0.0,False,
INE128S01021,FIVESTAR,FIVE-STAR BUS.FI,Finance,False,,,5,12,8.0,10,13,69,WATCHLIST_EXTERNAL,▲ Approaching WATCHLIST_CONFIRMED,↓18,False,False,2–3%,LATE_CYCLE,CAUTION,FINANCIALS,1.0,1.6498,0.2601,FIN_INCLUSION,11.0,-3.0,PAPER_PROFIT,1.0,0.0,8.0,2.0,,,1.0,Fresh,₹428 – ₹441,₹416 (−4.4%),2–8% (12m),⚠ 1.6:1,85.9,51,True,2026-06-05 12:45:29,4.0,2.0,0,4.0,0.0,0.0,4.0,6.0,0.0,0.0,4.0,2.0,0.0,0.0,0.0,0.0,0.0,0.0,0.0,0.0,0.0,0.0,0.0,0.0,2.0,3.0,0.0,0.0,9.0,4.0,0.0,0.0,False,36.0
INE900L01010,MBAPL,M B AGRO PROD.,Fertilizers & Agrochemicals,False,,,18,6,13.0,22,4,68,WATCHLIST_CONFIRMED,,↓6,False,False,2–4% (vol↓),TOPPING,CAUTION,OTHER,0.0,0.0194,0.0,AGRI,17.0,-2.0,EARN_QUALITY,5.0,2.0,2.0,0.0,,,1.0,Fresh,₹530 – ₹549,₹512 (−5.2%),8–20% (12m),✅ 2.3:1,84.5,62,True,2026-06-05 12:44:59,8.0,2.0,0,4.0,4.0,5.0,4.0,0.0,2.0,0.0,0.0,2.0,2.0,2.0,1.0,3.0,1.0,0.0,1.0,0.0,0.0,1.0,2.0,0.0,0.0,0.0,0.0,0.0,0.0,4.0,0.0,0.0,False,
INE101D01020,GRANULES,GRANULES INDIA,Pharmaceuticals & Biotechnology,False,,,17,11,13.0,24,13,68,STRONG,,↑8,False,False,4–6%,LATE_CYCLE,CAUTION,OTHER,0.0,0.63,0.0544,"HEALTHCARE,PLI",20.0,0.0,,5.0,2.0,8.0,2.0,,,1.0,Fresh,₹783 – ₹805,₹750 (−5.5%),18–38% (12m),✅ 3.7:1,84.5,75,True,2026-06-05 12:45:00,4.0,2.0,0,4.0,4.0,5.0,0.0,0.0,2.0,4.0,4.0,2.0,2.0,2.0,1.0,3.0,1.0,1.0,1.0,0.0,0.0,1.0,2.0,0.0,0.0,0.0,0.0,0.0,9.0,4.0,0.0,0.0,False,36.0
INE372A01015,APARINDS,APAR INDS.,Electrical Equipment,False,,,20,12,10.0,26,4,68,STRONG,,↑4,False,False,2–4% (vol↓),TOPPING,CAUTION,OTHER,0.0,0.3848,0.4445,"CAPEX_SUPERCYCLE,POWER",18.0,0.0,,7.0,2.0,7.0,2.0,,,1.0,Fresh,"₹13,260 – ₹13,816","₹12,428 (−8.2%)",18–38% (12m),✅ 2.4:1,84.5,72,True,2026-06-05 12:45:00,8.0,4.0,0,4.0,4.0,5.0,4.0,6.0,2.0,0.0,4.0,0.0,0.0,2.0,1.0,3.0,1.0,0.0,1.0,0.0,0.0,1.0,0.0,0.0,2.0,0.0,0.0,2.0,0.0,4.0,0.0,0.0,True,
INE073K01018,SONACOMS,SONA BLW PRECIS.,Auto Components,False,,,16,15,8.0,24,14,68,STRONG,,↑9,False,False,4–6%,BASING,CAUTION,OTHER,1.0,0.9492,0.6982,PLI,19.0,0.0,,5.0,2.0,9.0,2.0,,,1.0,Fresh,₹596 – ₹611,₹573 (−5.1%),12–25% (12m),✅ 3.9:1,84.5,77,True,2026-06-05 12:45:00,4.0,0.0,0,4.0,4.0,5.0,4.0,6.0,2.0,4.0,4.0,2.0,0.0,2.0,1.0,3.0,1.0,0.0,1.0,0.0,0.0,0.0,0.0,0.0,2.0,0.0,0.0,2.0,10.0,4.0,0.0,0.0,True,34.0
INE152A01029,THERMAX,THERMAX,Electrical Equipment,False,,,17,14,10.0,30,4,68,STRONG,,↑4,False,False,2–4% (vol↓),TOPPING,CAUTION,OTHER,0.0,0.4574,0.275,"CAPEX_SUPERCYCLE,POWER",22.0,0.0,,5.0,2.0,8.0,2.0,,,1.0,Fresh,"₹4,691 – ₹4,878","₹4,409 (−7.8%)",18–38% (12m),✅ 2.6:1,84.5,72,True,2026-06-05 12:45:00,4.0,2.0,0,4.0,4.0,5.0,4.0,6.0,2.0,0.0,4.0,2.0,2.0,2.0,1.0,3.0,1.0,1.0,1.0,0.0,1.0,1.0,0.0,0.0,2.0,0.0,0.0,2.0,0.0,4.0,0.0,0.0,True,2.0
INE0CJD01029,KMEW,KNOWLEDGE MARINE,Engineering Services,False,,,20,9,13.0,20,4,68,STRONG,▼ At risk: near WATCHLIST_CONFIRMED boundary,─,False,False,2–4% (vol↓),TOPPING,CAUTION,OTHER,0.0,0.2762,0.0324,nan,16.0,0.0,,4.0,1.0,3.0,0.0,,,1.0,Fresh,"₹1,744 – ₹1,857","₹1,574 (−12.6%)",18–38% (12m),⚠ 1.6:1,84.5,68,False,2026-06-05 12:45:00,8.0,4.0,0,4.0,4.0,5.0,4.0,6.0,2.0,0.0,0.0,0.0,2.0,2.0,1.0,3.0,0.0,0.0,1.0,0.0,0.0,1.0,2.0,0.0,0.0,0.0,0.0,0.0,0.0,4.0,0.0,0.0,False,
INE031B01049,AJANTPHARM,AJANTA PHARMA,Pharmaceuticals & Biotechnology,False,,,20,7,13.0,22,13,68,STRONG,,↑9,False,False,2–4% (vol↓),LATE_CYCLE,CAUTION,OTHER,0.0,0.3366,0.3044,"HEALTHCARE,PLI",17.0,0.0,,8.0,3.0,7.0,2.0,,,1.0,Fresh,"₹2,882 – ₹2,976","₹2,741 (−6.4%)",18–38% (12m),✅ 3.1:1,84.5,75,True,2026-06-05 12:45:00,8.0,4.0,0,4.0,4.0,5.0,0.0,0.0,2.0,0.0,4.0,2.0,0.0,2.0,1.0,3.0,1.0,0.0,1.0,0.0,1.0,0.0,2.0,0.0,0.0,0.0,0.0,0.0,9.0,4.0,0.0,0.0,False,30.0
INE0S3G01027,PACEDIGITK,PACE DIGITEK,Telecom - Services,False,,,19,12,10.0,10,14,68,WATCHLIST_CONFIRMED,,↑4,False,False,2–4% (vol↓),BASING,CAUTION,OTHER,0.0,0.0562,0.0824,DIGITAL,14.0,-3.0,PAPER_PROFIT,6.0,2.0,8.0,2.0,,,1.0,Fresh,₹186 – ₹196,₹177 (−7.3%),8–20% (12m),⚠ 1.7:1,84.5,72,True,2026-06-05 12:45:01,8.0,4.0,0,4.0,4.0,5.0,4.0,6.0,0.0,0.0,4.0,0.0,2.0,2.0,0.0,0.0,0.0,1.0,0.0,0.0,0.0,0.0,0.0,0.0,2.0,0.0,0.0,0.0,10.0,4.0,0.0,0.0,True,
INE405C01035,LINCOLN,LINCOLN PHARMA.,Pharmaceuticals & Biotechnology,False,,,17,11,13.0,20,13,68,STRONG,,↑8,False,False,2–4% (vol↓),LATE_CYCLE,CAUTION,OTHER,0.0,0.2574,0.0,"HEALTHCARE,PLI",18.0,0.0,,6.0,2.0,8.0,2.0,,,1.0,Fresh,₹572 – ₹607,₹521 (−11.7%),18–38% (12m),⚠ 1.7:1,84.5,75,True,2026-06-05 12:45:05,4.0,2.0,0,4.0,4.0,5.0,0.0,0.0,2.0,4.0,4.0,2.0,2.0,2.0,1.0,3.0,0.0,0.0,1.0,0.0,1.0,0.0,2.0,0.0,0.0,0.0,0.0,0.0,9.0,4.0,0.0,0.0,False,17.0
INE813H01021,TORNTPOWER,TORRENT POWER,Power,False,,,17,11,13.0,10,4,68,WATCHLIST_CONFIRMED,,↓9,False,False,4–6%,TOPPING,CAUTION,OTHER,0.0,0.3406,0.3134,"CAPEX_SUPERCYCLE,POWER",13.0,0.0,,5.0,2.0,6.0,1.0,,,1.0,Fresh,"₹1,417 – ₹1,456","₹1,378 (−4.1%)",8–20% (12m),✅ 2.9:1,84.5,60,True,2026-06-05 12:45:07,4.0,2.0,0,4.0,4.0,5.0,4.0,6.0,2.0,0.0,4.0,0.0,0.0,2.0,0.0,0.0,0.0,0.0,1.0,0.0,0.0,0.0,2.0,0.0,0.0,0.0,0.0,0.0,0.0,4.0,0.0,0.0,True,58.0
INE263A01024,BEL,BHARAT ELECTRON,Aerospace & Defense,False,,,20,15,11.0,8,4,68,STRONG,▼ At risk: near WATCHLIST_CONFIRMED boundary,─,False,False,4–6%,TOPPING,CAUTION,CAPEX_CYCLE,1.0,0.7896,0.2856,"CAPEX_SUPERCYCLE,DEFENCE",14.0,0.0,,6.0,2.0,10.0,3.0,,,1.0,Fresh,₹403 – ₹411,₹391 (−3.9%),12–25% (12m),✅ 5.1:1,84.5,69,True,2026-06-05 12:45:16,8.0,4.0,0,4.0,4.0,5.0,4.0,6.0,2.0,0.0,4.0,2.0,2.0,0.0,0.0,0.0,0.0,0.0,0.0,0.0,0.0,0.0,2.0,2.0,0.0,0.0,0.0,0.0,0.0,4.0,0.0,0.0,True,67.0
INE172A01027,CASTROLIND,CASTROL INDIA,Petroleum Products,False,,,20,10,10.0,0,13,68,WATCHLIST_CONFIRMED,▲ Approaching STRONG,─,False,False,4–6% (stable↑),LATE_CYCLE,CAUTION,OTHER,0.0,0.3654,0.0554,nan,11.0,0.0,,8.0,3.0,7.0,2.0,,,1.0,Fresh,₹183 – ₹184,₹181 (−1.5%),8–20% (12m),✅ 8.2:1,84.5,65,True,2026-06-05 12:45:17,8.0,4.0,0,4.0,4.0,5.0,0.0,0.0,2.0,4.0,4.0,2.0,0.0,0.0,0.0,0.0,0.0,0.0,0.0,0.0,0.0,0.0,0.0,0.0,0.0,0.0,0.0,0.0,9.0,4.0,0.0,0.0,False,
INE184O01015,DIFFNKG,DIFFUSION ENG,Industrial Products,False,,,15,14,13.0,16,4,68,WATCHLIST_CONFIRMED,▲ Approaching STRONG,─,False,False,2–4% (vol↓),TOPPING,CAUTION,OTHER,0.0,0.0252,0.0492,nan,14.0,0.0,,3.0,1.0,7.0,2.0,,,1.0,Fresh,₹321 – ₹335,₹308 (−6.2%),8–20% (12m),⚠ 1.9:1,84.5,67,True,2026-06-05 12:45:19,4.0,0.0,0,4.0,4.0,5.0,4.0,6.0,2.0,4.0,4.0,0.0,0.0,2.0,0.0,0.0,0.0,0.0,0.0,0.0,1.0,0.0,2.0,0.0,0.0,3.0,0.0,0.0,0.0,4.0,0.0,0.0,True,19.0
INE0QRL01017,ARKADE,ARKADE,Realty,False,,,17,7,13.0,14,4,68,WATCHLIST_CONFIRMED,,↓11,False,False,1–2% (vol↓),CORRECTION,CAUTION,OTHER,0.0,0.0138,0.0,INFRA,11.0,-3.0,PAPER_PROFIT,5.0,2.0,4.0,1.0,,,1.0,Fresh,₹112 – ₹116,₹108 (−5.5%),8–20% (12m),✅ 2.2:1,84.5,58,True,2026-06-05 12:45:21,8.0,2.0,0,4.0,4.0,5.0,4.0,6.0,0.0,0.0,0.0,0.0,0.0,0.0,0.0,0.0,0.0,0.0,0.0,0.0,0.0,0.0,2.0,2.0,0.0,3.0,0.0,0.0,0.0,4.0,0.0,0.0,False,36.0
INE883F01010,AADHARHFC,AADHAR HSG. FIN.,Finance,False,,,0,12,13.0,14,13,68,WATCHLIST_EXTERNAL,▲ Approaching WATCHLIST_CONFIRMED,↓18,False,False,2–3%,LATE_CYCLE,CAUTION,FINANCIALS,0.0,0.443,0.1079,FIN_INCLUSION,11.0,-3.0,PAPER_PROFIT,0.0,0.0,8.0,2.0,,,1.0,Fresh,₹456 – ₹469,₹443 (−4.3%),2–8% (12m),⚠ 1.6:1,84.5,50,True,2026-06-05 12:45:23,0.0,2.0,0,0.0,0.0,0.0,4.0,6.0,0.0,0.0,4.0,2.0,0.0,0.0,0.0,0.0,0.0,0.0,0.0,0.0,1.0,0.0,2.0,2.0,2.0,0.0,0.0,0.0,9.0,4.0,0.0,0.0,False,30.0
INE0Z4F01028,ATLANTAELE,ATLANTA ELECTRIC,Electrical Equipment,False,,,20,13,10.0,22,4,68,STRONG,,↑4,False,False,2–4% (vol↓),TOPPING,CAUTION,OTHER,0.0,0.1004,0.071,"CAPEX_SUPERCYCLE,POWER",18.0,0.0,,6.0,2.0,7.0,2.0,,,1.0,Fresh,"₹2,003 – ₹2,097","₹1,861 (−9.2%)",18–38% (12m),✅ 2.2:1,84.5,72,True,2026-06-05 12:45:24,8.0,4.0,0,4.0,4.0,5.0,4.0,6.0,2.0,0.0,4.0,0.0,2.0,2.0,1.0,3.0,1.0,0.0,0.0,0.0,1.0,1.0,0.0,0.0,2.0,0.0,0.0,0.0,0.0,4.0,0.0,0.0,True,25.0
INE203G01027,IGL,INDRAPRASTHA GAS,Gas,False,,,20,10,13.0,6,13,68,STRONG,▼ At risk: near WATCHLIST_CONFIRMED boundary,─,False,False,2–4% (vol↓),LATE_CYCLE,CAUTION,OTHER,0.0,0.69,0.1892,POWER,13.0,0.0,,5.0,2.0,8.0,2.0,,,1.0,Fresh,₹159 – ₹164,₹152 (−6.1%),18–38% (12m),✅ 3.3:1,84.5,68,False,2026-06-05 12:45:25,8.0,2.0,0,4.0,4.0,5.0,4.0,0.0,2.0,0.0,4.0,2.0,0.0,0.0,0.0,0.0,0.0,0.0,0.0,0.0,1.0,0.0,2.0,0.0,0.0,0.0,0.0,0.0,9.0,4.0,0.0,0.0,False,17.0
INE919H01018,IMFA,INDIAN METALS,Ferrous Metals,False,,,16,4,13.0,18,4,68,WATCHLIST_CONFIRMED,▼ At risk: near WATCHLIST_EXTERNAL boundary,↓15,False,False,1–2% (vol↓),CORRECTION,CAUTION,OTHER,0.0,0.4294,0.0034,nan,14.0,0.0,,6.0,2.0,3.0,0.0,,,1.0,Fresh,"₹1,467 – ₹1,536","₹1,398 (−6.9%)",8–20% (12m),⚠ 1.7:1,84.5,52,True,2026-06-05 12:45:25,8.0,2.0,0,4.0,4.0,0.0,0.0,0.0,2.0,0.0,0.0,2.0,2.0,2.0,1.0,3.0,1.0,0.0,1.0,0.0,0.0,1.0,0.0,0.0,0.0,0.0,0.0,0.0,0.0,4.0,0.0,0.0,False,
INE542W01025,KPIGREEN,KPI GREEN ENERGY,Power,False,,,16,13,13.0,6,4,68,WATCHLIST_CONFIRMED,,↓9,False,False,2–4% (vol↓),TOPPING,CAUTION,OTHER,0.0,0.3433,0.0029,"CAPEX_SUPERCYCLE,POWER",13.0,0.0,,3.0,1.0,7.0,2.0,,,1.0,Fresh,₹408 – ₹422,₹393 (−5.2%),8–20% (12m),✅ 2.3:1,84.5,60,True,2026-06-05 12:45:26,4.0,2.0,0,4.0,4.0,5.0,4.0,6.0,2.0,0.0,4.0,2.0,0.0,0.0,0.0,0.0,0.0,0.0,0.0,0.0,1.0,0.0,2.0,0.0,0.0,0.0,0.0,0.0,0.0,4.0,0.0,0.0,True,30.0
INE517F01014,GPPL,GUJ PIPAVAV PORT,Transport Infrastructure,False,,,20,10,11.0,8,14,68,STRONG,▼ At risk: near WATCHLIST_CONFIRMED boundary,─,False,False,4–6%,BASING,CAUTION,OTHER,1.0,0.9186,0.2906,INFRA,12.0,0.0,,7.0,2.0,8.0,2.0,,,1.0,Fresh,₹153 – ₹158,₹147 (−5.5%),12–25% (12m),✅ 3.6:1,84.5,68,False,2026-06-05 12:45:28,8.0,2.0,0,4.0,4.0,5.0,0.0,6.0,2.0,0.0,4.0,0.0,0.0,0.0,0.0,0.0,0.0,0.0,0.0,0.0,0.0,0.0,2.0,2.0,0.0,0.0,0.0,0.0,10.0,4.0,0.0,0.0,True,
INE0IX101010,DATAPATTNS,DATA PATTERN,Aerospace & Defense,False,,,12,12,13.0,34,4,67,WATCHLIST_CONFIRMED,▼ At risk: near WATCHLIST_CONFIRMED boundary,─,False,False,2–4% (vol↓),TOPPING,CAUTION,CAPEX_CYCLE,0.0,0.5156,0.184,"CAPEX_SUPERCYCLE,DEFENCE",19.0,-3.0,PAPER_PROFIT,4.0,1.0,8.0,2.0,,,1.0,Fresh,"₹3,906 – ₹4,075","₹3,736 (−6.4%)",8–20% (12m),⚠ 1.9:1,83.1,68,True,2026-06-05 12:45:00,8.0,2.0,0,4.0,4.0,0.0,4.0,6.0,0.0,0.0,4.0,0.0,2.0,2.0,1.0,3.0,1.0,0.0,1.0,0.0,0.0,1.0,2.0,2.0,2.0,0.0,0.0,2.0,0.0,4.0,0.0,0.0,False,
INE093R01011,LLOYDSENGG,LLOYDS ENGINEERI,Industrial Manufacturing,False,,,18,9,13.0,20,4,67,WATCHLIST_CONFIRMED,,─,False,False,2–4% (vol↓),TOPPING,CAUTION,OTHER,0.0,0.0927,0.003,PLI,16.0,-2.0,EARN_QUALITY,6.0,2.0,2.0,0.0,,,1.0,Fresh,₹69 – ₹72,₹66 (−6.4%),8–20% (12m),⚠ 1.9:1,83.1,64,True,2026-06-05 12:45:00,8.0,2.0,0,4.0,4.0,5.0,4.0,6.0,2.0,0.0,0.0,0.0,2.0,2.0,1.0,3.0,0.0,0.0,0.0,1.0,0.0,1.0,2.0,0.0,0.0,0.0,0.0,0.0,0.0,4.0,0.0,0.0,False,
INE0J5401028,HONASA,HONASA CONSUMER,Personal Products,False,,,12,13,8.0,28,14,67,STRONG,▼ At risk: near WATCHLIST_CONFIRMED boundary,↑4,False,False,2–4% (vol↓),BASING,CAUTION,OTHER,1.0,1.0109,0.0684,PREMIUMISATION,19.0,0.0,,5.0,2.0,8.0,2.0,,,1.0,Fresh,₹394 – ₹410,₹372 (−7.6%),12–25% (12m),✅ 2.6:1,83.1,71,True,2026-06-05 12:45:00,0.0,0.0,0,4.0,4.0,5.0,4.0,6.0,2.0,0.0,4.0,2.0,0.0,2.0,1.0,3.0,1.0,0.0,1.0,0.0,1.0,1.0,0.0,0.0,2.0,0.0,0.0,2.0,10.0,4.0,0.0,0.0,False,14.0
INE878B01027,KEI,KEI INDUSTRIES,Industrial Products,False,,,13,15,9.0,24,4,67,WATCHLIST_CONFIRMED,▲ Approaching STRONG,─,False,False,4–6%,TOPPING,CAUTION,OTHER,1.0,1.1033,0.4485,nan,20.0,-3.0,PAPER_PROFIT,4.0,1.0,8.0,2.0,,,1.0,Fresh,"₹5,156 – ₹5,288","₹5,025 (−3.8%)",8–20% (12m),✅ 3.2:1,83.1,66,True,2026-06-05 12:45:00,4.0,2.0,0,4.0,4.0,5.0,4.0,6.0,0.0,4.0,4.0,2.0,2.0,2.0,1.0,3.0,1.0,0.0,1.0,1.0,0.0,1.0,2.0,0.0,0.0,0.0,0.0,0.0,0.0,4.0,0.0,0.0,False,
INE212H01026,AIAENG,AIA ENGINEERING,Industrial Products,False,,,20,10,11.0,24,4,67,WATCHLIST_CONFIRMED,▲ Approaching STRONG,─,False,False,2–4% (vol↓),TOPPING,CAUTION,OTHER,1.0,0.6758,0.4028,nan,17.0,0.0,,6.0,2.0,7.0,2.0,,,1.0,Fresh,"₹4,450 – ₹4,593","₹4,308 (−4.7%)",8–20% (12m),✅ 2.5:1,83.1,66,True,2026-06-05 12:45:00,8.0,2.0,0,4.0,4.0,5.0,0.0,6.0,2.0,0.0,4.0,0.0,0.0,2.0,1.0,3.0,1.0,1.0,1.0,0.0,0.0,1.0,2.0,0.0,0.0,0.0,0.0,0.0,0.0,4.0,0.0,0.0,True,
INE260D01016,OLECTRA,OLECTRA GREENTEC,Automobiles,False,,,19,14,13.0,14,14,67,STRONG,▲ Approaching PRIME,↑10,False,False,4–5% (vol↓),BASING,CAUTION,OTHER,0.0,0.3024,0.0066,PREMIUMISATION,17.0,0.0,,4.0,1.0,9.0,2.0,,,1.0,Fresh,"₹1,295 – ₹1,348","₹1,215 (−8.1%)",18–38% (12m),✅ 2.5:1,83.1,80,True,2026-06-05 12:45:01,8.0,2.0,0,4.0,4.0,5.0,4.0,6.0,2.0,0.0,4.0,2.0,2.0,2.0,0.0,0.0,0.0,0.0,0.0,0.0,1.0,0.0,2.0,0.0,2.0,0.0,0.0,0.0,10.0,4.0,0.0,0.0,True,0.0
INE726V01018,PRICOLLTD,PRICOL LTD,Auto Components,False,,,20,13,10.0,14,14,67,STRONG,,↑8,False,False,4–6%,BASING,CAUTION,OTHER,0.0,0.6606,0.205,PLI,16.0,0.0,,6.0,2.0,9.0,2.0,,,1.0,Fresh,₹563 – ₹579,₹538 (−5.7%),18–38% (12m),✅ 3.5:1,83.1,76,True,2026-06-05 12:45:02,8.0,2.0,0,4.0,4.0,5.0,4.0,6.0,2.0,0.0,4.0,2.0,0.0,2.0,1.0,3.0,0.0,0.0,0.0,0.0,0.0,1.0,0.0,0.0,0.0,0.0,0.0,0.0,10.0,4.0,0.0,0.0,True,31.0
INE262H01021,PERSISTENT,PERSISTENT SYSTEMS,IT - Software,False,,,20,15,8.0,4,14,67,STRONG,,↑10,False,False,2–4% (vol↓),BASING,CAUTION,OTHER,1.0,0.9232,0.4424,DIGITAL,15.0,0.0,,8.0,3.0,8.0,2.0,,,1.0,Fresh,"₹5,010 – ₹5,185","₹4,746 (−6.9%)",12–25% (12m),✅ 2.9:1,83.1,76,True,2026-06-05 12:45:04,8.0,4.0,0,4.0,4.0,5.0,4.0,6.0,2.0,4.0,4.0,2.0,0.0,0.0,0.0,0.0,0.0,0.0,0.0,0.0,1.0,1.0,0.0,0.0,0.0,0.0,0.0,0.0,10.0,4.0,0.0,0.0,True,1.0
INE585B01010,MARUTI,MARUTI SUZUKI,Automobiles,False,,,20,15,10.0,14,14,67,STRONG,▲ Approaching PRIME,↑10,False,False,6–7%,BASING,CAUTION,OTHER,0.0,0.568,0.299,PREMIUMISATION,16.0,0.0,,5.0,2.0,9.0,2.0,,,1.0,Fresh,"₹12,912 – ₹13,176","₹12,517 (−4.0%)",18–38% (12m),✅ 5.0:1,83.1,80,True,2026-06-05 12:45:04,8.0,2.0,0,4.0,4.0,5.0,4.0,6.0,2.0,4.0,4.0,2.0,0.0,0.0,1.0,3.0,0.0,0.0,0.0,0.0,0.0,0.0,0.0,0.0,0.0,3.0,0.0,0.0,10.0,4.0,0.0,0.0,True,36.0
INE849A01020,TRENT,TRENT,Retailing,False,,,20,14,8.0,0,4,67,WATCHLIST_CONFIRMED,,↓6,False,False,2–4% (vol↓),TOPPING,CAUTION,OTHER,1.0,0.7308,0.2784,PREMIUMISATION,12.0,0.0,,7.0,2.0,8.0,2.0,,,1.0,Fresh,"₹2,740 – ₹2,936","₹2,544 (−10.4%)",8–20% (12m),❌ 1.2:1,83.1,61,True,2026-06-05 12:45:07,8.0,4.0,0,4.0,4.0,5.0,4.0,6.0,2.0,0.0,4.0,2.0,2.0,0.0,0.0,0.0,0.0,0.0,0.0,0.0,0.0,0.0,0.0,0.0,0.0,0.0,0.0,0.0,0.0,4.0,0.0,0.0,True,
INE200M01039,VBL,VARUN BEVERAGES,Beverages,False,,,19,11,10.0,16,4,67,WATCHLIST_CONFIRMED,,↓3,False,False,4–6%,CORRECTION,CAUTION,CONSUMPTION,0.0,0.7868,0.166,PREMIUMISATION,15.0,0.0,,3.0,1.0,6.0,1.0,,,1.0,Fresh,₹527 – ₹540,₹515 (−3.5%),8–20% (12m),✅ 3.4:1,83.1,63,True,2026-06-05 12:45:11,8.0,2.0,0,4.0,4.0,5.0,4.0,6.0,2.0,0.0,4.0,0.0,0.0,2.0,1.0,3.0,1.0,0.0,1.0,0.0,0.0,0.0,0.0,0.0,0.0,0.0,0.0,0.0,0.0,4.0,0.0,0.0,True,36.0
INE562X01013,UNIVASTU,UNIVASTU INDIA,Construction,False,,,17,6,13.0,18,4,67,WATCHLIST_CONFIRMED,,↓7,False,False,2–4% (vol↓),TOPPING,CAUTION,OTHER,0.0,0.0104,0.0,INFRA,13.0,-3.0,PAPER_PROFIT,5.0,2.0,3.0,0.0,,,1.0,Fresh,₹79 – ₹82,₹75 (−6.5%),8–20% (12m),⚠ 1.9:1,83.1,60,True,2026-06-05 12:45:11,8.0,2.0,0,4.0,4.0,5.0,4.0,6.0,0.0,0.0,0.0,0.0,0.0,2.0,1.0,3.0,0.0,0.0,0.0,0.0,0.0,1.0,2.0,0.0,0.0,0.0,0.0,0.0,0.0,4.0,0.0,0.0,False,
INE891D01026,REDINGTON,REDINGTON,Commercial Services & Supplies,False,,,19,13,8.0,0,13,67,WATCHLIST_CONFIRMED,▲ Approaching STRONG,─,False,False,2–4% (vol↓),LATE_CYCLE,CAUTION,OTHER,1.0,2.002,0.231,nan,13.0,-3.0,PAPER_PROFIT,7.0,2.0,9.0,2.0,,,1.0,Fresh,₹238 – ₹246,₹231 (−4.8%),8–20% (12m),✅ 2.5:1,83.1,65,True,2026-06-05 12:45:12,8.0,4.0,0,4.0,4.0,5.0,4.0,0.0,2.0,4.0,4.0,2.0,2.0,0.0,0.0,0.0,0.0,0.0,0.0,0.0,0.0,0.0,0.0,0.0,0.0,0.0,0.0,0.0,9.0,4.0,0.0,0.0,False,
INE721A01047,SHRIRAMFIN,SHRIRAM FINANCE,Finance,False,,,1,12,8.0,20,13,67,WATCHLIST_EXTERNAL,▲ Approaching WATCHLIST_CONFIRMED,↓18,False,False,2–3%,LATE_CYCLE,CAUTION,FINANCIALS,1.0,1.8105,0.3267,FIN_INCLUSION,13.0,-3.0,PAPER_PROFIT,3.0,1.0,8.0,2.0,,,1.0,Fresh,₹902 – ₹924,₹879 (−3.8%),2–8% (12m),⚠ 1.9:1,83.1,49,True,2026-06-05 12:45:14,0.0,2.0,0,0.0,0.0,0.0,4.0,6.0,0.0,0.0,4.0,2.0,0.0,2.0,1.0,3.0,0.0,0.0,0.0,1.0,0.0,1.0,0.0,0.0,2.0,0.0,0.0,0.0,9.0,4.0,0.0,0.0,False,41.0
INE201K01015,EXPLEOSOL,EXPLEO SOLUTIONS,IT - Services,False,,,20,11,13.0,10,14,67,STRONG,,↑9,False,False,2–4% (vol↓),BASING,CAUTION,OTHER,0.0,0.0594,0.0,DIGITAL,14.0,0.0,,7.0,2.0,8.0,2.0,,,1.0,Fresh,₹861 – ₹900,₹802 (−8.9%),18–38% (12m),✅ 2.3:1,83.1,75,True,2026-06-05 12:45:18,8.0,2.0,0,4.0,4.0,5.0,0.0,6.0,2.0,0.0,4.0,2.0,0.0,0.0,0.0,0.0,0.0,1.0,0.0,0.0,0.0,0.0,2.0,2.0,0.0,0.0,0.0,0.0,10.0,4.0,0.0,0.0,True,
INE208C01025,AEGISLOG,AEGIS LOGISTICS,Gas,False,,,13,11,13.0,18,13,67,WATCHLIST_CONFIRMED,▲ Approaching STRONG,─,False,False,2–4% (vol↓),LATE_CYCLE,CAUTION,OTHER,0.0,0.798,0.0672,POWER,16.0,0.0,,3.0,1.0,8.0,2.0,,,1.0,Fresh,₹749 – ₹772,₹725 (−4.7%),8–20% (12m),✅ 2.6:1,83.1,67,False,2026-06-05 12:45:22,0.0,2.0,0,4.0,4.0,5.0,0.0,6.0,2.0,0.0,4.0,2.0,0.0,2.0,0.0,0.0,0.0,1.0,0.0,0.0,1.0,1.0,2.0,2.0,0.0,0.0,0.0,0.0,9.0,4.0,0.0,0.0,False,13.0
INE158A01026,HEROMOTOCO,HERO MOTOCORP,Automobiles,False,,,20,11,9.0,26,14,67,STRONG,▲ Approaching PRIME,↑10,False,False,6–7%,BASING,CAUTION,OTHER,1.0,1.2539,0.2655,PREMIUMISATION,18.0,0.0,,8.0,3.0,8.0,2.0,,,1.0,Fresh,"₹4,783 – ₹4,899","₹4,610 (−4.8%)",12–25% (12m),✅ 4.2:1,83.1,80,True,2026-06-05 12:45:25,8.0,4.0,0,4.0,4.0,5.0,0.0,6.0,2.0,0.0,4.0,2.0,0.0,0.0,1.0,3.0,0.0,0.0,0.0,1.0,1.0,0.0,2.0,2.0,0.0,3.0,0.0,0.0,10.0,4.0,0.0,0.0,True,30.0
INE668F01031,JYOTHYLAB,JYOTHY LABS,Household Products,False,,,20,11,10.0,2,14,67,WATCHLIST_CONFIRMED,▲ Approaching STRONG,─,False,False,4–6%,BASING,CAUTION,OTHER,0.0,0.5048,0.263,PREMIUMISATION,12.0,-1.0,EARN_REV_DIVERGE,7.0,2.0,7.0,2.0,,,1.0,Fresh,₹197 – ₹203,₹192 (−3.9%),8–20% (12m),✅ 3.1:1,83.1,67,False,2026-06-05 12:45:26,8.0,4.0,0,4.0,4.0,5.0,0.0,6.0,2.0,0.0,4.0,2.0,0.0,0.0,0.0,0.0,0.0,0.0,0.0,0.0,1.0,0.0,0.0,0.0,0.0,0.0,0.0,0.0,10.0,4.0,0.0,0.0,True,32.0
INE131A01031,GMDCLTD,G M D C,Minerals & Mining,False,,,15,5,13.0,28,13,66,WATCHLIST_CONFIRMED,▲ Approaching STRONG,─,False,False,2–4% (vol↓),LATE_CYCLE,CAUTION,OTHER,0.0,0.1674,0.0102,nan,16.0,0.0,,4.0,1.0,3.0,0.0,,,1.0,Fresh,₹656 – ₹678,₹635 (−4.8%),8–20% (12m),✅ 2.5:1,81.0,66,False,2026-06-05 12:45:00,4.0,0.0,0,4.0,4.0,5.0,0.0,6.0,2.0,0.0,0.0,0.0,0.0,2.0,1.0,3.0,0.0,0.0,1.0,0.0,0.0,1.0,2.0,0.0,2.0,0.0,0.0,2.0,9.0,4.0,0.0,0.0,False,
INE0U9101019,EFFWA,EFFWA INFRA,Other Utilities,False,,,15,6,10.0,20,4,66,WATCHLIST_CONFIRMED,▼ At risk: near WATCHLIST_EXTERNAL boundary,↑55,False,False,1–2% (vol↓),TOPPING,CAUTION,OTHER,0.0,0.0248,0.0,"POWER,WATER",14.0,-3.0,PAPER_PROFIT,6.0,2.0,1.0,0.0,,,1.0,Fresh,₹292 – ₹310,₹273 (−9.3%),8–20% (12m),❌ 1.3:1,81.0,55,True,2026-06-05 12:45:00,8.0,4.0,0,4.0,4.0,0.0,4.0,6.0,0.0,0.0,0.0,0.0,0.0,2.0,1.0,3.0,1.0,1.0,1.0,0.0,0.0,1.0,0.0,0.0,0.0,0.0,0.0,0.0,0.0,4.0,0.0,0.0,False,
INE570L01029,SAILIFE,SAI LIFE,Pharmaceuticals & Biotechnology,False,,,14,14,8.0,28,13,66,STRONG,,↑8,False,False,2–4% (vol↓),LATE_CYCLE,CAUTION,OTHER,1.0,0.9358,0.5517,"HEALTHCARE,PLI",21.0,0.0,,2.0,0.0,8.0,2.0,,,1.0,Fresh,"₹1,119 – ₹1,157","₹1,061 (−6.7%)",12–25% (12m),✅ 3.0:1,81.0,74,True,2026-06-05 12:45:00,4.0,0.0,0,4.0,4.0,5.0,4.0,6.0,2.0,0.0,4.0,2.0,2.0,2.0,1.0,3.0,1.0,0.0,1.0,0.0,1.0,1.0,0.0,0.0,2.0,0.0,0.0,2.0,9.0,4.0,0.0,0.0,False,25.0
INE07Y701011,POWERINDIA,HITACHI ENERGY,Electrical Equipment,False,,,16,12,13.0,32,4,66,STRONG,▼ At risk: near WATCHLIST_CONFIRMED boundary,↑4,False,False,2–4% (vol↓),TOPPING,CAUTION,OTHER,0.0,0.4806,0.0866,"CAPEX_SUPERCYCLE,POWER",20.0,0.0,,5.0,2.0,9.0,2.0,,,1.0,Fresh,"₹34,444 – ₹35,936","₹32,206 (−8.5%)",18–38% (12m),✅ 2.4:1,81.0,70,True,2026-06-05 12:45:00,4.0,0.0,0,4.0,4.0,5.0,0.0,6.0,2.0,0.0,4.0,2.0,2.0,2.0,1.0,3.0,1.0,1.0,1.0,0.0,0.0,1.0,2.0,2.0,0.0,0.0,0.0,2.0,0.0,4.0,0.0,0.0,True,
INE180C01042,CGCL,CAPRI GLOBAL,Finance,False,,,0,8,13.0,24,13,66,WATCHLIST_EXTERNAL,,↓18,False,False,2–3%,LATE_CYCLE,CAUTION,FINANCIALS,0.0,0.2255,0.1407,FIN_INCLUSION,13.0,-6.0,PAPER_PROFIT|DE_ROCE_STRESS|EARN_QUALITY,1.0,0.0,3.0,0.0,,,1.0,Fresh,₹198 – ₹204,₹192 (−4.5%),2–8% (12m),⚠ 1.6:1,81.0,48,True,2026-06-05 12:45:00,0.0,0.0,0,4.0,0.0,0.0,4.0,6.0,0.0,0.0,0.0,0.0,2.0,2.0,1.0,3.0,1.0,0.0,0.0,0.0,0.0,1.0,2.0,0.0,2.0,0.0,0.0,0.0,9.0,4.0,0.0,0.0,False,34.0
INE418L01047,NAZARA,NAZARA TECHNOLO.,Entertainment,False,,,11,13,13.0,4,13,66,WATCHLIST_CONFIRMED,,↓4,False,False,4–6%,LATE_CYCLE,CAUTION,OTHER,0.0,0.6066,0.0328,nan,11.0,0.0,,3.0,1.0,8.0,2.0,,,1.0,Fresh,₹268 – ₹276,₹260 (−4.4%),8–20% (12m),✅ 2.7:1,81.0,62,True,2026-06-05 12:45:00,0.0,0.0,0,4.0,4.0,5.0,4.0,6.0,2.0,0.0,4.0,2.0,0.0,2.0,0.0,0.0,0.0,0.0,0.0,0.0,0.0,0.0,0.0,0.0,0.0,0.0,0.0,0.0,9.0,4.0,0.0,0.0,False,31.0
INE792I01017,CORDSCABLE,CORDS CABLE,Industrial Products,False,,,15,13,10.0,24,4,66,WATCHLIST_CONFIRMED,,─,False,False,2–4% (vol↓),TOPPING,CAUTION,OTHER,0.0,0.0802,0.0,nan,16.0,0.0,,4.0,1.0,7.0,2.0,,,1.0,Fresh,₹210 – ₹225,₹195 (−10.4%),8–20% (12m),❌ 1.2:1,81.0,64,True,2026-06-05 12:45:00,8.0,0.0,0,0.0,4.0,5.0,4.0,6.0,2.0,0.0,4.0,0.0,2.0,2.0,1.0,3.0,0.0,1.0,1.0,0.0,0.0,1.0,0.0,0.0,0.0,3.0,0.0,0.0,0.0,4.0,0.0,0.0,True,
INE093I01010,OBEROIRLTY,OBEROI REALTY,Realty,False,,,17,12,10.0,8,4,66,WATCHLIST_CONFIRMED,,↓9,False,False,2–3%,CORRECTION,CAUTION,OTHER,0.0,0.6196,0.2542,INFRA,13.0,0.0,,6.0,2.0,8.0,2.0,,,1.0,Fresh,"₹1,615 – ₹1,660","₹1,571 (−4.1%)",8–20% (12m),✅ 3.0:1,81.0,57,True,2026-06-05 12:45:00,4.0,2.0,0,4.0,4.0,5.0,4.0,6.0,2.0,0.0,4.0,0.0,0.0,2.0,0.0,0.0,0.0,0.0,0.0,0.0,1.0,1.0,0.0,0.0,0.0,0.0,0.0,0.0,0.0,4.0,0.0,0.0,True,27.0
INE419M01027,TDPOWERSYS,TD POWER SYSTEMS,Electrical Equipment,False,,,20,10,9.0,30,4,66,STRONG,▼ At risk: near WATCHLIST_CONFIRMED boundary,↑4,False,False,2–4% (vol↓),TOPPING,CAUTION,OTHER,1.0,1.0964,0.3816,"CAPEX_SUPERCYCLE,POWER",19.0,0.0,,6.0,2.0,4.0,1.0,,,1.0,Fresh,"₹1,253 – ₹1,319","₹1,155 (−10.2%)",12–25% (12m),⚠ 2.0:1,81.0,70,True,2026-06-05 12:45:00,8.0,4.0,0,4.0,4.0,5.0,4.0,6.0,2.0,0.0,0.0,2.0,0.0,2.0,1.0,3.0,1.0,0.0,1.0,0.0,0.0,1.0,2.0,2.0,0.0,0.0,0.0,2.0,0.0,4.0,0.0,0.0,True,
INE386C01029,ASTRAMICRO,ASTRA MICROWAVE,Aerospace & Defense,False,,,17,11,13.0,24,4,66,WATCHLIST_CONFIRMED,▲ Approaching STRONG,─,False,False,2–4% (vol↓),TOPPING,CAUTION,CAPEX_CYCLE,0.0,0.3748,0.2763,"CAPEX_SUPERCYCLE,DEFENCE",17.0,-3.0,PAPER_PROFIT,5.0,2.0,9.0,2.0,,,1.0,Fresh,"₹1,291 – ₹1,356","₹1,226 (−7.4%)",8–20% (12m),⚠ 1.6:1,81.0,67,True,2026-06-05 12:45:00,8.0,2.0,0,4.0,4.0,5.0,0.0,6.0,0.0,0.0,4.0,2.0,2.0,2.0,1.0,3.0,1.0,1.0,0.0,0.0,0.0,0.0,2.0,0.0,2.0,0.0,0.0,0.0,0.0,4.0,0.0,0.0,True,53.0
INE703B01027,RATNAMANI,RATNAMANI METALS,Industrial Products,False,,,20,12,10.0,14,4,66,WATCHLIST_CONFIRMED,,─,False,False,4–6%,TOPPING,CAUTION,OTHER,0.0,0.4301,0.3844,nan,13.0,0.0,,5.0,2.0,7.0,2.0,,,1.0,Fresh,"₹2,530 – ₹2,606","₹2,454 (−4.4%)",8–20% (12m),✅ 2.7:1,81.0,64,True,2026-06-05 12:45:00,8.0,2.0,0,4.0,4.0,5.0,4.0,6.0,2.0,0.0,4.0,0.0,0.0,2.0,0.0,0.0,0.0,0.0,0.0,0.0,0.0,0.0,0.0,0.0,2.0,3.0,0.0,0.0,0.0,4.0,0.0,0.0,True,
INE0JO301016,YATHARTH,YATHARTH HOSPIT.,Healthcare Services,False,,,11,15,10.0,22,13,66,STRONG,,↑5,False,False,2–4% (vol↓),LATE_CYCLE,CAUTION,OTHER,0.0,0.2308,0.1874,HEALTHCARE,18.0,0.0,,3.0,1.0,8.0,2.0,,,1.0,Fresh,₹795 – ₹826,₹749 (−7.6%),18–38% (12m),✅ 2.6:1,81.0,72,True,2026-06-05 12:45:00,0.0,0.0,0,4.0,4.0,5.0,4.0,6.0,2.0,4.0,4.0,2.0,0.0,2.0,1.0,3.0,1.0,0.0,0.0,0.0,1.0,1.0,0.0,0.0,2.0,0.0,0.0,0.0,9.0,4.0,0.0,0.0,False,11.0
INE619B01017,NEWGEN,NEWGEN SOFTWARE,IT - Software,False,,,20,13,10.0,8,14,66,STRONG,,↑9,False,False,2–4% (vol↓),BASING,CAUTION,OTHER,0.0,0.6072,0.0659,DIGITAL,14.0,0.0,,7.0,2.0,9.0,2.0,,,1.0,Fresh,₹507 – ₹529,₹473 (−8.6%),18–38% (12m),✅ 2.3:1,81.0,75,True,2026-06-05 12:45:01,8.0,4.0,0,4.0,4.0,5.0,4.0,6.0,2.0,0.0,4.0,2.0,0.0,0.0,0.0,0.0,0.0,0.0,0.0,1.0,0.0,0.0,0.0,0.0,0.0,3.0,0.0,0.0,10.0,4.0,0.0,0.0,True,36.0
INE818H01020,LTFOODS,L T FOODS,Agricultural Food & other Products,False,,,20,13,10.0,4,4,66,WATCHLIST_CONFIRMED,,↓6,False,False,2–4% (vol↓),CORRECTION,CAUTION,OTHER,0.0,0.5514,0.1804,AGRI,12.0,0.0,,6.0,2.0,8.0,2.0,,,1.0,Fresh,₹375 – ₹387,₹363 (−4.6%),8–20% (12m),✅ 2.6:1,81.0,61,True,2026-06-05 12:45:04,8.0,2.0,0,4.0,4.0,5.0,4.0,6.0,2.0,0.0,4.0,2.0,0.0,0.0,0.0,0.0,0.0,0.0,0.0,0.0,0.0,0.0,0.0,0.0,2.0,0.0,0.0,0.0,0.0,4.0,0.0,0.0,True,
INE0V9Q01010,LOTUSDEV,SRI LOTUS,Realty,False,,,15,14,10.0,6,4,66,WATCHLIST_CONFIRMED,,↓11,False,False,2–3%,CORRECTION,CAUTION,OTHER,0.0,0.0642,0.0162,INFRA,11.0,-3.0,PAPER_PROFIT,6.0,2.0,10.0,3.0,,,1.0,Fresh,₹135 – ₹139,₹132 (−3.8%),8–20% (12m),✅ 3.2:1,81.0,57,True,2026-06-05 12:45:04,8.0,4.0,0,4.0,4.0,0.0,4.0,6.0,0.0,0.0,4.0,2.0,2.0,0.0,0.0,0.0,0.0,0.0,0.0,0.0,0.0,0.0,0.0,0.0,0.0,3.0,0.0,0.0,0.0,4.0,0.0,0.0,True,
INE002S01010,MGL,MAHANAGAR GAS,Gas,False,,,20,13,8.0,0,13,66,WATCHLIST_CONFIRMED,▲ Approaching STRONG,─,False,False,4–6%,LATE_CYCLE,CAUTION,OTHER,1.0,0.979,0.1764,POWER,12.0,0.0,,6.0,2.0,7.0,2.0,,,1.0,Fresh,"₹1,066 – ₹1,096","₹1,035 (−4.2%)",8–20% (12m),✅ 2.8:1,81.0,66,False,2026-06-05 12:45:05,8.0,2.0,0,4.0,4.0,5.0,4.0,6.0,2.0,0.0,4.0,2.0,0.0,0.0,0.0,0.0,0.0,0.0,0.0,0.0,0.0,0.0,0.0,0.0,0.0,0.0,0.0,0.0,9.0,4.0,0.0,0.0,False,31.0
INE00U401027,UNIECOM,UNICOMMERCE,IT - Software,False,,,20,10,13.0,10,14,66,WATCHLIST_CONFIRMED,,↑9,False,False,2–4% (vol↓),BASING,CAUTION,OTHER,0.0,0.3697,0.0739,DIGITAL,13.0,-2.0,EARN_QUALITY,8.0,3.0,4.0,1.0,,,1.0,Fresh,₹86 – ₹89,₹83 (−5.0%),8–20% (12m),✅ 2.4:1,81.0,75,True,2026-06-05 12:45:07,8.0,4.0,0,4.0,4.0,5.0,4.0,6.0,2.0,0.0,0.0,0.0,2.0,0.0,0.0,0.0,0.0,0.0,0.0,0.0,0.0,0.0,2.0,0.0,0.0,3.0,0.0,0.0,10.0,4.0,0.0,0.0,True,
INE692A01016,UNIONBANK,UNION BANK (I),Banks,False,,,4,10,13.0,26,13,66,WATCHLIST_CONFIRMED,,↓9,False,False,2–3%,LATE_CYCLE,CAUTION,FINANCIALS,0.0,0.3772,0.0806,FIN_INCLUSION,14.0,0.0,,5.0,2.0,6.0,1.0,,,1.0,Fresh,₹165 – ₹169,₹161 (−3.6%),8–20% (12m),✅ 3.4:1,81.0,58,True,2026-06-05 12:45:07,0.0,2.0,0,0.0,0.0,0.0,0.0,6.0,2.0,0.0,4.0,0.0,2.0,2.0,1.0,3.0,0.0,0.0,0.0,0.0,1.0,0.0,2.0,2.0,2.0,0.0,0.0,0.0,9.0,4.0,0.0,0.0,False,8.0
INE555Z01020,TARACHAND,TARA CHAND INFRA,Commercial Services & Supplies,False,,,14,8,13.0,14,13,66,WATCHLIST_CONFIRMED,,─,False,False,2–4% (vol↓),LATE_CYCLE,CAUTION,OTHER,0.0,0.042,0.0,nan,13.0,0.0,,2.0,0.0,3.0,0.0,,,1.0,Fresh,₹57 – ₹60,₹54 (−8.2%),8–20% (12m),❌ 1.5:1,81.0,64,True,2026-06-05 12:45:09,4.0,4.0,0,4.0,0.0,5.0,4.0,6.0,2.0,0.0,0.0,0.0,0.0,0.0,0.0,0.0,0.0,1.0,0.0,0.0,0.0,1.0,2.0,0.0,0.0,3.0,0.0,0.0,9.0,4.0,0.0,0.0,False,
INE064A01026,TIMEX,NAN,nan,False,,,1,0,10.0,16,4,66,MONITOR,,↓45,False,False,0%,,CAUTION,OTHER,0.0,0.0,0.0,nan,6.0,0.0,,4.0,1.0,0.0,0.0,,,1.0,Fresh,₹422 – ₹444,₹400 (−7.7%),,,81.0,23,True,2026-06-05 12:45:09,0.0,0.0,0,0.0,0.0,0.0,0.0,0.0,0.0,0.0,0.0,0.0,0.0,2.0,1.0,3.0,1.0,1.0,0.0,0.0,0.0,0.0,0.0,0.0,0.0,0.0,0.0,0.0,0.0,4.0,0.0,0.0,False,68.0
INE015C01016,TINNARUBR,TINNA RUBBER,Industrial Products,False,,,20,11,10.0,8,4,66,WATCHLIST_CONFIRMED,,─,False,False,2–4% (vol↓),TOPPING,CAUTION,OTHER,0.0,0.0324,0.1069,nan,13.0,0.0,,6.0,2.0,5.0,1.0,,,1.0,Fresh,₹809 – ₹856,₹762 (−8.5%),8–20% (12m),❌ 1.4:1,81.0,64,True,2026-06-05 12:45:09,8.0,4.0,0,4.0,4.0,5.0,4.0,6.0,2.0,0.0,4.0,0.0,0.0,2.0,0.0,0.0,0.0,1.0,0.0,0.0,1.0,0.0,0.0,0.0,0.0,0.0,0.0,0.0,0.0,4.0,0.0,0.0,True,13.0
INE325A01013,TIMKEN,TIMKEN INDIA,Industrial Products,False,,,20,6,13.0,28,4,66,WATCHLIST_CONFIRMED,,↓3,False,False,4–6%,TOPPING,CAUTION,OTHER,0.0,0.2892,0.5176,nan,16.0,0.0,,5.0,2.0,7.0,2.0,,,1.0,Fresh,"₹3,442 – ₹3,541","₹3,343 (−4.3%)",8–20% (12m),✅ 2.8:1,81.0,64,True,2026-06-05 12:45:09,8.0,2.0,0,4.0,4.0,5.0,0.0,0.0,2.0,0.0,4.0,0.0,0.0,2.0,1.0,3.0,1.0,0.0,1.0,0.0,0.0,0.0,2.0,0.0,2.0,0.0,0.0,2.0,0.0,4.0,0.0,0.0,False,
INE424H01027,SUNTV,SUN TV NETWORK,Entertainment,False,,,20,5,13.0,8,13,66,WATCHLIST_CONFIRMED,,↓4,False,False,2–4% (vol↓),LATE_CYCLE,CAUTION,OTHER,0.0,0.2692,0.2054,nan,11.0,0.0,,6.0,2.0,6.0,1.0,,,1.0,Fresh,₹506 – ₹524,₹488 (−5.2%),8–20% (12m),✅ 2.3:1,81.0,62,True,2026-06-05 12:45:09,8.0,2.0,0,4.0,4.0,5.0,0.0,0.0,2.0,0.0,4.0,0.0,0.0,0.0,0.0,0.0,0.0,0.0,0.0,0.0,0.0,0.0,2.0,0.0,2.0,0.0,0.0,0.0,9.0,4.0,0.0,0.0,False,
INE044A01036,SUNPHARMA,SUN PHARMA.INDS.,Pharmaceuticals & Biotechnology,False,,,20,14,10.0,8,13,66,STRONG,,↑3,False,False,4–6%,LATE_CYCLE,CAUTION,OTHER,0.0,0.643,0.2392,"HEALTHCARE,PLI",16.0,0.0,,6.0,2.0,8.0,2.0,,,1.0,Fresh,"₹1,771 – ₹1,806","₹1,719 (−3.9%)",18–38% (12m),✅ 5.2:1,81.0,74,True,2026-06-05 12:45:09,8.0,2.0,0,4.0,4.0,5.0,0.0,6.0,2.0,4.0,4.0,2.0,2.0,2.0,0.0,0.0,1.0,0.0,1.0,0.0,0.0,0.0,0.0,0.0,0.0,0.0,0.0,0.0,9.0,4.0,0.0,0.0,False,
INE731F01037,WELSPLSOL,NAN,nan,False,,,1,0,10.0,16,4,66,MONITOR,,↓45,False,False,0%,,CAUTION,OTHER,0.0,0.0,0.0,nan,6.0,0.0,,4.0,1.0,1.0,0.0,,,1.0,Fresh,₹44 – ₹46,₹41 (−7.1%),,,81.0,23,True,2026-06-05 12:45:10,0.0,0.0,0,0.0,0.0,0.0,0.0,0.0,0.0,0.0,0.0,0.0,0.0,2.0,1.0,3.0,1.0,1.0,0.0,0.0,0.0,0.0,0.0,0.0,0.0,0.0,0.0,0.0,0.0,4.0,0.0,0.0,False,34.0
INE12UR01024,UTLSOLAR,FUJIYAMA POWER,Electrical Equipment,False,,,20,11,10.0,22,4,66,STRONG,▼ At risk: near WATCHLIST_CONFIRMED boundary,↑4,False,False,2–4% (vol↓),TOPPING,CAUTION,OTHER,0.0,0.0878,0.0585,"CAPEX_SUPERCYCLE,POWER",17.0,0.0,,6.0,2.0,5.0,1.0,,,1.0,Fresh,₹328 – ₹344,₹303 (−9.7%),18–38% (12m),✅ 2.1:1,81.0,69,True,2026-06-05 12:45:10,8.0,4.0,0,4.0,4.0,5.0,4.0,6.0,2.0,0.0,4.0,0.0,0.0,2.0,1.0,3.0,1.0,0.0,0.0,0.0,1.0,1.0,0.0,0.0,2.0,0.0,0.0,0.0,0.0,4.0,0.0,0.0,True,25.0
INE0H9F01037,SAIPARENT,NAN,nan,False,,,1,0,10.0,16,4,66,MONITOR,,↓45,False,False,0%,,CAUTION,OTHER,0.0,0.2788,0.0762,nan,6.0,0.0,,4.0,1.0,0.0,0.0,,,1.0,Fresh,₹489 – ₹510,₹468 (−6.3%),,,81.0,23,True,2026-06-05 12:45:11,0.0,0.0,0,0.0,0.0,0.0,0.0,0.0,0.0,0.0,0.0,0.0,0.0,2.0,1.0,3.0,1.0,0.0,0.0,0.0,1.0,0.0,0.0,0.0,0.0,0.0,0.0,0.0,0.0,4.0,0.0,0.0,False,11.0
INE056I01025,REFEX,REFEX INDUSTRIES,Chemicals & Petrochemicals,False,,,13,12,10.0,16,13,66,WATCHLIST_CONFIRMED,▲ Approaching STRONG,─,False,False,2–4% (vol↓),LATE_CYCLE,CAUTION,OTHER,0.0,0.0659,0.0025,PLI,16.0,-3.0,PAPER_PROFIT,4.0,1.0,7.0,2.0,,,1.0,Fresh,₹307 – ₹322,₹291 (−7.4%),8–20% (12m),⚠ 1.6:1,81.0,67,True,2026-06-05 12:45:12,4.0,2.0,0,4.0,4.0,5.0,4.0,6.0,0.0,0.0,4.0,0.0,2.0,2.0,0.0,0.0,0.0,1.0,0.0,1.0,1.0,0.0,0.0,0.0,0.0,3.0,0.0,0.0,9.0,4.0,0.0,0.0,False,2.0
INE338H01029,CONCORDBIO,CONCORD BIOTECH,Pharmaceuticals & Biotechnology,False,,,20,14,10.0,2,13,66,STRONG,,↑8,False,False,2–4% (vol↓),LATE_CYCLE,CAUTION,OTHER,0.0,0.3322,0.086,"HEALTHCARE,PLI",14.0,0.0,,8.0,3.0,9.0,2.0,,,1.0,Fresh,"₹1,174 – ₹1,229","₹1,090 (−9.3%)",18–38% (12m),✅ 2.2:1,81.0,74,True,2026-06-05 12:45:15,8.0,4.0,0,4.0,4.0,5.0,4.0,6.0,2.0,0.0,4.0,2.0,2.0,0.0,0.0,0.0,0.0,0.0,0.0,0.0,1.0,0.0,0.0,0.0,0.0,0.0,0.0,0.0,9.0,4.0,0.0,0.0,False,10.0
INE0LMW01024,CELLO,CELLO WORLD,Consumer Durables,False,,,20,12,13.0,6,13,66,STRONG,,↑6,False,False,2–4% (vol↓),LATE_CYCLE,CAUTION,CONSUMPTION,0.0,0.2326,0.0764,PREMIUMISATION,13.0,0.0,,6.0,2.0,8.0,2.0,,,1.0,Fresh,₹374 – ₹386,₹355 (−6.5%),18–38% (12m),✅ 3.1:1,81.0,72,True,2026-06-05 12:45:17,8.0,2.0,0,4.0,4.0,5.0,4.0,6.0,2.0,0.0,4.0,0.0,0.0,0.0,0.0,0.0,0.0,0.0,0.0,0.0,1.0,0.0,2.0,0.0,0.0,0.0,0.0,0.0,9.0,4.0,0.0,0.0,False,1.0
INE475E01026,CAPLIPOINT,CAPLIN POINT LAB,Pharmaceuticals & Biotechnology,False,,,20,13,10.0,8,13,66,STRONG,,↑8,False,False,4–6%,LATE_CYCLE,CAUTION,OTHER,0.0,0.2728,0.0403,"HEALTHCARE,PLI",14.0,0.0,,7.0,2.0,8.0,2.0,,,1.0,Fresh,"₹1,946 – ₹2,000","₹1,866 (−5.4%)",18–38% (12m),✅ 3.7:1,81.0,74,True,2026-06-05 12:45:17,8.0,4.0,0,4.0,4.0,5.0,4.0,6.0,2.0,0.0,4.0,2.0,0.0,2.0,0.0,0.0,0.0,0.0,0.0,0.0,0.0,0.0,0.0,0.0,2.0,0.0,0.0,0.0,9.0,4.0,0.0,0.0,False,
INE579B01039,ELPROINTL,NAN,nan,False,,,1,0,10.0,16,4,66,MONITOR,,↓45,False,False,0%,,CAUTION,OTHER,0.0,0.0,0.0,nan,6.0,0.0,,4.0,1.0,0.0,0.0,,,1.0,Fresh,₹166 – ₹170,₹162 (−3.8%),,,81.0,23,True,2026-06-05 12:45:18,0.0,0.0,0,0.0,0.0,0.0,0.0,0.0,0.0,0.0,0.0,0.0,0.0,2.0,1.0,3.0,1.0,0.0,0.0,0.0,1.0,0.0,0.0,0.0,0.0,0.0,0.0,0.0,0.0,4.0,0.0,0.0,False,30.0
INE0LLY01014,EIEL,ENVIRO INFRA,Other Utilities,False,,,17,6,13.0,10,4,66,WATCHLIST_CONFIRMED,▼ At risk: near WATCHLIST_EXTERNAL boundary,↓13,False,False,1–2% (vol↓),TOPPING,CAUTION,OTHER,0.0,0.0334,0.0018,"POWER,WATER",10.0,-3.0,PAPER_PROFIT,5.0,2.0,2.0,0.0,,,1.0,Fresh,₹180 – ₹187,₹172 (−6.3%),8–20% (12m),⚠ 1.9:1,81.0,55,True,2026-06-05 12:45:18,8.0,2.0,0,4.0,4.0,5.0,4.0,6.0,0.0,0.0,0.0,0.0,0.0,0.0,0.0,0.0,0.0,0.0,0.0,0.0,0.0,0.0,2.0,0.0,0.0,3.0,0.0,0.0,0.0,4.0,0.0,0.0,False,
INE945F01025,DECNGOLD,NAN,nan,False,,,1,0,10.0,16,4,66,MONITOR,,↓45,False,False,0%,,CAUTION,OTHER,0.0,0.0,0.0,nan,6.0,0.0,,4.0,1.0,0.0,0.0,,,1.0,Fresh,₹168 – ₹181,₹155 (−11.3%),,,81.0,23,True,2026-06-05 12:45:19,0.0,0.0,0,0.0,0.0,0.0,0.0,0.0,0.0,0.0,0.0,0.0,0.0,2.0,1.0,3.0,1.0,1.0,0.0,0.0,0.0,0.0,0.0,0.0,0.0,0.0,0.0,0.0,0.0,4.0,0.0,0.0,False,
INE0HR601026,DDEVPLSTIK,DDEV PLASTIKS,Chemicals & Petrochemicals,False,,,20,9,10.0,4,13,66,WATCHLIST_CONFIRMED,▲ Approaching STRONG,─,False,False,2–4% (vol↓),LATE_CYCLE,CAUTION,OTHER,0.0,0.0514,0.0,PLI,13.0,-1.0,EARN_REV_DIVERGE,8.0,3.0,3.0,0.0,,,1.0,Fresh,₹239 – ₹249,₹230 (−6.1%),8–20% (12m),⚠ 2.0:1,81.0,67,True,2026-06-05 12:45:19,8.0,4.0,0,4.0,4.0,5.0,0.0,6.0,2.0,4.0,0.0,2.0,0.0,0.0,0.0,0.0,0.0,1.0,0.0,0.0,1.0,0.0,0.0,0.0,0.0,0.0,0.0,0.0,9.0,4.0,0.0,0.0,False,11.0
INE880J01026,JSWINFRA,JSW INFRAST,Transport Infrastructure,False,,,17,13,10.0,2,14,66,WATCHLIST_CONFIRMED,▲ Approaching STRONG,─,False,False,4–6%,BASING,CAUTION,OTHER,0.0,0.2802,0.0414,INFRA,13.0,0.0,,5.0,2.0,8.0,2.0,,,1.0,Fresh,₹267 – ₹274,₹260 (−3.9%),8–20% (12m),✅ 3.0:1,81.0,66,False,2026-06-05 12:45:26,4.0,2.0,0,4.0,4.0,5.0,4.0,6.0,2.0,0.0,4.0,2.0,0.0,0.0,0.0,0.0,0.0,0.0,0.0,1.0,0.0,0.0,0.0,0.0,0.0,0.0,0.0,0.0,10.0,4.0,0.0,0.0,True,
INE848A01014,IZMO,IZMO,IT - Services,False,,,16,10,13.0,20,14,66,STRONG,,↑8,False,False,2–4% (vol↓),BASING,CAUTION,OTHER,0.0,0.2186,0.0,DIGITAL,17.0,0.0,,3.0,1.0,4.0,1.0,,,1.0,Fresh,₹851 – ₹887,₹796 (−8.4%),18–38% (12m),✅ 2.4:1,81.0,74,True,2026-06-05 12:45:28,4.0,2.0,0,4.0,4.0,5.0,4.0,6.0,2.0,0.0,0.0,0.0,2.0,2.0,1.0,3.0,0.0,0.0,0.0,0.0,1.0,1.0,2.0,0.0,0.0,0.0,0.0,0.0,10.0,4.0,0.0,0.0,True,7.0
INE1AG301022,GKENERGY,GK ENERGY,Construction,False,,,19,12,10.0,4,4,66,WATCHLIST_CONFIRMED,,↓7,False,False,1–2% (vol↓),TOPPING,CAUTION,OTHER,0.0,0.0598,0.0682,INFRA,11.0,-3.0,PAPER_PROFIT,6.0,2.0,8.0,2.0,,,1.0,Fresh,₹126 – ₹131,₹120 (−6.0%),8–20% (12m),⚠ 2.0:1,81.0,59,True,2026-06-05 12:45:28,8.0,4.0,0,4.0,4.0,5.0,4.0,6.0,0.0,0.0,4.0,0.0,2.0,0.0,0.0,0.0,0.0,0.0,0.0,0.0,0.0,0.0,0.0,0.0,0.0,0.0,2.0,0.0,0.0,4.0,0.0,0.0,True,
INE850D01014,GODREJAGRO,GODREJ AGROVET,Food Products,False,,,20,7,13.0,14,4,66,WATCHLIST_CONFIRMED,,↓6,False,False,4–6%,CORRECTION,CAUTION,OTHER,0.0,0.265,0.0799,"AGRI,PLI",12.0,0.0,,7.0,2.0,7.0,2.0,,,1.0,Fresh,₹569 – ₹584,₹555 (−3.8%),8–20% (12m),✅ 3.1:1,81.0,61,True,2026-06-05 12:45:28,8.0,4.0,0,4.0,4.0,5.0,0.0,0.0,2.0,0.0,4.0,2.0,0.0,0.0,0.0,0.0,0.0,0.0,0.0,0.0,0.0,0.0,2.0,0.0,2.0,3.0,0.0,0.0,0.0,4.0,0.0,0.0,False,
INE713R01022,GSPCROP,NAN,nan,False,,,1,0,10.0,16,4,66,MONITOR,,↓45,False,False,0%,,CAUTION,OTHER,0.0,0.4624,0.0,nan,6.0,0.0,,4.0,1.0,1.0,0.0,,,1.0,Fresh,₹426 – ₹445,₹407 (−6.7%),,,81.0,23,True,2026-06-05 12:45:29,0.0,0.0,0,0.0,0.0,0.0,0.0,0.0,0.0,0.0,0.0,0.0,0.0,2.0,1.0,3.0,1.0,0.0,0.0,0.0,1.0,0.0,0.0,0.0,0.0,0.0,0.0,0.0,0.0,4.0,0.0,0.0,False,9.0
INE228A01035,USHAMART,USHA MARTIN,Industrial Products,False,,,20,1,13.0,38,4,65,WATCHLIST_CONFIRMED,,─,False,False,2–4% (vol↓),TOPPING,CAUTION,OTHER,0.0,0.6084,0.2492,nan,19.0,0.0,,5.0,2.0,3.0,0.0,,,1.0,Fresh,₹490 – ₹506,₹473 (−4.9%),8–20% (12m),✅ 2.4:1,78.4,63,True,2026-06-05 12:44:59,8.0,2.0,0,4.0,4.0,5.0,0.0,0.0,2.0,0.0,0.0,0.0,0.0,2.0,1.0,3.0,1.0,1.0,1.0,0.0,1.0,1.0,2.0,2.0,2.0,0.0,0.0,2.0,0.0,4.0,0.0,0.0,False,10.0
INE148I01020,SAMMAANCAP,SAMMAAN CAPITAL,Finance,False,,,2,7,9.0,24,13,65,WATCHLIST_EXTERNAL,,↓19,False,False,1–2% (vol↓),LATE_CYCLE,CAUTION,FINANCIALS,1.0,2.0346,0.1327,FIN_INCLUSION,12.0,0.0,,5.0,2.0,6.0,1.0,,,1.0,Fresh,₹174 – ₹182,₹167 (−6.1%),2–8% (12m),❌ 1.1:1,78.4,47,True,2026-06-05 12:45:00,0.0,0.0,0,0.0,0.0,0.0,4.0,0.0,2.0,0.0,4.0,0.0,0.0,2.0,1.0,3.0,1.0,0.0,0.0,0.0,0.0,1.0,2.0,2.0,0.0,0.0,0.0,0.0,9.0,4.0,0.0,0.0,False,45.0
INE0BS701011,PREMIERENE,PREMIER ENERGIES,Electrical Equipment,False,,,20,11,13.0,14,4,65,STRONG,▼ At risk: near WATCHLIST_CONFIRMED boundary,↑3,False,False,4–6%,TOPPING,CAUTION,OTHER,0.0,0.3442,0.1892,"CAPEX_SUPERCYCLE,POWER",15.0,0.0,,8.0,3.0,8.0,2.0,,,1.0,Fresh,"₹1,073 – ₹1,105","₹1,024 (−5.9%)",18–38% (12m),✅ 3.4:1,78.4,68,True,2026-06-05 12:45:00,8.0,4.0,0,4.0,4.0,5.0,4.0,0.0,2.0,0.0,4.0,2.0,2.0,2.0,0.0,0.0,1.0,0.0,0.0,0.0,0.0,0.0,2.0,2.0,0.0,0.0,0.0,0.0,0.0,4.0,0.0,0.0,True,31.0
INE794A01010,NEULANDLAB,NEULAND LABS.,Pharmaceuticals & Biotechnology,False,,,20,12,8.0,18,13,65,STRONG,,↑4,False,False,4–6%,LATE_CYCLE,CAUTION,OTHER,1.0,0.8422,0.227,"HEALTHCARE,PLI",16.0,0.0,,6.0,2.0,8.0,2.0,,,1.0,Fresh,"₹16,739 – ₹17,245","₹15,979 (−6.0%)",12–25% (12m),✅ 3.4:1,78.4,73,True,2026-06-05 12:45:00,8.0,2.0,0,4.0,4.0,5.0,4.0,6.0,2.0,0.0,4.0,0.0,0.0,2.0,1.0,3.0,0.0,0.0,0.0,0.0,0.0,1.0,0.0,0.0,2.0,0.0,0.0,0.0,9.0,4.0,0.0,0.0,False,
INE152M01016,TRITURBINE,TRIVENI TURBINE,Electrical Equipment,False,,,20,11,8.0,24,4,65,STRONG,▼ At risk: near WATCHLIST_CONFIRMED boundary,↑3,False,False,2–4% (vol↓),TOPPING,CAUTION,OTHER,1.0,0.8384,0.3053,"CAPEX_SUPERCYCLE,POWER",18.0,0.0,,8.0,3.0,9.0,2.0,,,1.0,Fresh,₹649 – ₹689,₹590 (−11.8%),12–25% (12m),⚠ 1.7:1,78.4,68,True,2026-06-05 12:45:00,8.0,4.0,0,4.0,4.0,5.0,4.0,0.0,2.0,0.0,4.0,2.0,2.0,2.0,1.0,3.0,0.0,0.0,1.0,0.0,1.0,0.0,0.0,0.0,2.0,0.0,0.0,2.0,0.0,4.0,0.0,0.0,True,17.0
INE594H01019,THYROCARE,THYROCARE TECH.,Healthcare Services,False,,,20,3,13.0,30,13,65,STRONG,▼ At risk: near WATCHLIST_CONFIRMED boundary,↑6,False,False,2–4% (vol↓),LATE_CYCLE,CAUTION,OTHER,0.0,0.2299,0.3884,HEALTHCARE,18.0,0.0,,7.0,2.0,4.0,1.0,,,1.0,Fresh,₹517 – ₹534,₹491 (−6.6%),18–38% (12m),✅ 3.0:1,78.4,71,True,2026-06-05 12:45:00,8.0,2.0,0,4.0,4.0,5.0,0.0,0.0,2.0,0.0,0.0,2.0,0.0,2.0,1.0,3.0,1.0,0.0,1.0,0.0,0.0,1.0,2.0,0.0,2.0,0.0,0.0,2.0,9.0,4.0,0.0,0.0,False,
INE0DD101019,RAILTEL,RAILTEL CORPN.,Telecom - Services,False,,,19,8,13.0,12,14,65,STRONG,▼ At risk: near WATCHLIST_CONFIRMED boundary,↑4,False,False,4–6%,BASING,CAUTION,OTHER,0.0,0.161,0.0068,DIGITAL,13.0,0.0,,4.0,1.0,8.0,2.0,,,1.0,Fresh,₹313 – ₹321,₹301 (−5.1%),18–38% (12m),✅ 3.9:1,78.4,69,True,2026-06-05 12:45:01,8.0,2.0,0,4.0,4.0,5.0,4.0,0.0,2.0,0.0,4.0,0.0,0.0,0.0,0.0,0.0,0.0,0.0,0.0,0.0,0.0,0.0,2.0,2.0,2.0,0.0,0.0,0.0,10.0,4.0,0.0,0.0,False,34.0
INE961O01016,RAINBOW,RAINBOW CHILD.,Healthcare Services,False,,,20,13,8.0,10,13,65,STRONG,▼ At risk: near WATCHLIST_CONFIRMED boundary,↑6,False,False,4–6%,LATE_CYCLE,CAUTION,OTHER,1.0,0.6948,0.3492,HEALTHCARE,15.0,0.0,,6.0,2.0,9.0,2.0,,,1.0,Fresh,"₹1,336 – ₹1,372","₹1,282 (−5.4%)",12–25% (12m),✅ 3.7:1,78.4,71,True,2026-06-05 12:45:01,8.0,2.0,0,4.0,4.0,5.0,4.0,6.0,2.0,0.0,4.0,2.0,0.0,2.0,0.0,0.0,0.0,0.0,0.0,0.0,1.0,0.0,0.0,0.0,2.0,0.0,0.0,0.0,9.0,4.0,0.0,0.0,False,11.0
INE881D01027,OFSS,ORACLE FIN.SERV.,IT - Software,False,,,20,10,10.0,18,14,65,STRONG,,↑9,False,False,2–4% (vol↓),BASING,CAUTION,OTHER,0.0,0.3489,0.1102,DIGITAL,17.0,0.0,,7.0,2.0,7.0,2.0,,,1.0,Fresh,"₹9,826 – ₹10,169","₹9,310 (−6.9%)",18–38% (12m),✅ 2.9:1,78.4,74,True,2026-06-05 12:45:01,8.0,4.0,0,4.0,4.0,5.0,0.0,0.0,2.0,4.0,4.0,2.0,0.0,2.0,1.0,3.0,1.0,0.0,0.0,1.0,0.0,1.0,0.0,0.0,0.0,0.0,0.0,0.0,10.0,4.0,0.0,0.0,True,
INE202B01038,PIRAMALFIN,PIRAMAL FINANCE.,Finance,False,,,1,6,10.0,26,13,65,WATCHLIST_EXTERNAL,,↓18,False,False,2–3%,LATE_CYCLE,CAUTION,FINANCIALS,0.0,0.6087,0.2298,FIN_INCLUSION,12.0,-3.0,PAPER_PROFIT,3.0,1.0,6.0,1.0,,,1.0,Fresh,"₹1,905 – ₹1,953","₹1,857 (−3.7%)",2–8% (12m),⚠ 1.9:1,78.4,47,True,2026-06-05 12:45:02,0.0,0.0,0,0.0,4.0,0.0,4.0,0.0,0.0,0.0,4.0,0.0,0.0,2.0,1.0,3.0,1.0,0.0,0.0,0.0,0.0,1.0,0.0,0.0,2.0,3.0,0.0,0.0,9.0,4.0,0.0,0.0,False,39.0
INE0BV301023,MAPMYINDIA,C.E. INFO SYSTEM,IT - Software,False,,,20,12,10.0,8,14,65,STRONG,,↑9,False,False,2–4% (vol↓),BASING,CAUTION,OTHER,0.0,0.2046,0.2442,DIGITAL,13.0,0.0,,7.0,2.0,8.0,2.0,,,1.0,Fresh,₹797 – ₹835,₹740 (−9.3%),18–38% (12m),✅ 2.1:1,78.4,74,True,2026-06-05 12:45:04,8.0,4.0,0,4.0,4.0,5.0,4.0,6.0,2.0,0.0,4.0,0.0,0.0,0.0,0.0,0.0,0.0,0.0,0.0,0.0,1.0,0.0,0.0,0.0,0.0,3.0,0.0,0.0,10.0,4.0,0.0,0.0,True,16.0
INE766P01016,MAHLOG,MAHINDRA LOGIS.,Transport Services,False,,,8,10,13.0,18,4,65,WATCHLIST_EXTERNAL,▲ Approaching WATCHLIST_CONFIRMED,↓15,False,False,2–3%,TOPPING,CAUTION,OTHER,0.0,0.2302,0.2464,INFRA,12.0,0.0,,3.0,1.0,9.0,2.0,,,1.0,Fresh,₹346 – ₹355,₹336 (−4.0%),2–8% (12m),⚠ 1.7:1,78.4,50,True,2026-06-05 12:45:05,0.0,0.0,0,0.0,4.0,5.0,0.0,0.0,2.0,4.0,4.0,2.0,0.0,0.0,1.0,3.0,0.0,0.0,0.0,0.0,0.0,1.0,2.0,2.0,0.0,0.0,0.0,0.0,0.0,4.0,0.0,0.0,False,
INE239A01024,NESTLEIND,NESTLE INDIA,Food Products,False,,,18,8,10.0,24,4,65,WATCHLIST_CONFIRMED,,↓7,False,False,4–6%,CORRECTION,CAUTION,OTHER,0.0,0.4128,0.0848,"AGRI,PLI",16.0,0.0,,7.0,2.0,9.0,2.0,,,1.0,Fresh,"₹1,378 – ₹1,405","₹1,350 (−3.0%)",8–20% (12m),✅ 4.1:1,78.4,60,True,2026-06-05 12:45:06,8.0,4.0,0,4.0,4.0,0.0,0.0,0.0,2.0,0.0,4.0,2.0,2.0,2.0,1.0,3.0,1.0,0.0,1.0,0.0,0.0,0.0,0.0,0.0,2.0,0.0,0.0,2.0,0.0,4.0,0.0,0.0,False,45.0
INE335A01020,SURYAROSNI,SURYA ROSHNI,Industrial Products,False,,,19,12,10.0,14,4,65,WATCHLIST_CONFIRMED,,─,False,False,2–4% (vol↓),TOPPING,CAUTION,OTHER,0.0,0.2074,0.0126,nan,15.0,-1.0,EARN_REV_DIVERGE,6.0,2.0,9.0,2.0,,,1.0,Fresh,₹247 – ₹260,₹234 (−7.9%),8–20% (12m),⚠ 1.5:1,78.4,63,True,2026-06-05 12:45:09,8.0,2.0,0,4.0,4.0,5.0,0.0,6.0,2.0,0.0,4.0,2.0,2.0,0.0,0.0,0.0,0.0,1.0,0.0,0.0,1.0,0.0,0.0,0.0,2.0,3.0,0.0,0.0,0.0,4.0,0.0,0.0,True,10.0
INE498Q01014,VINCOFE,VINTAGE COFFEE,Commercial Services & Supplies,False,,,9,10,13.0,18,13,65,WATCHLIST_CONFIRMED,,─,False,False,2–4% (vol↓),LATE_CYCLE,CAUTION,OTHER,0.0,0.2906,0.1316,nan,15.0,-3.0,PAPER_PROFIT,4.0,1.0,6.0,1.0,,,1.0,Fresh,₹145 – ₹152,₹138 (−7.4%),8–20% (12m),⚠ 1.6:1,78.4,63,True,2026-06-05 12:45:09,4.0,2.0,0,4.0,4.0,0.0,4.0,0.0,0.0,4.0,4.0,0.0,2.0,2.0,1.0,3.0,0.0,0.0,0.0,0.0,0.0,1.0,2.0,0.0,0.0,0.0,0.0,0.0,9.0,4.0,0.0,0.0,False,
INE02WG01024,WEL,WONDER ELECTRIC.,Consumer Durables,False,,,19,10,13.0,8,13,65,WATCHLIST_CONFIRMED,▼ At risk: near WATCHLIST_CONFIRMED boundary,↑6,False,False,2–4% (vol↓),LATE_CYCLE,CAUTION,CONSUMPTION,0.0,0.3998,0.0,PREMIUMISATION,12.0,-3.0,PAPER_PROFIT,6.0,2.0,6.0,1.0,,,1.0,Fresh,₹91 – ₹95,₹87 (−6.5%),8–20% (12m),⚠ 1.8:1,78.4,71,True,2026-06-05 12:45:10,8.0,4.0,0,4.0,4.0,5.0,4.0,6.0,0.0,0.0,4.0,0.0,0.0,0.0,0.0,0.0,0.0,0.0,0.0,0.0,0.0,0.0,2.0,2.0,0.0,0.0,0.0,0.0,9.0,4.0,0.0,0.0,False,
INE386A01023,VESUVIUS,VESUVIUS INDIA,Industrial Products,False,,,20,11,13.0,8,4,65,WATCHLIST_CONFIRMED,,─,False,False,4–6%,TOPPING,CAUTION,OTHER,0.0,0.194,0.4312,nan,13.0,0.0,,6.0,2.0,4.0,1.0,,,1.0,Fresh,₹475 – ₹487,₹463 (−3.8%),8–20% (12m),✅ 3.2:1,78.4,63,True,2026-06-05 12:45:11,8.0,2.0,0,4.0,4.0,5.0,4.0,6.0,2.0,0.0,0.0,2.0,2.0,0.0,0.0,0.0,0.0,0.0,0.0,0.0,0.0,0.0,0.0,2.0,2.0,0.0,0.0,0.0,0.0,4.0,0.0,0.0,True,
INE667G01023,SAKSOFT,SAKSOFT,IT - Software,False,,,20,9,13.0,12,14,65,WATCHLIST_CONFIRMED,,↑9,False,False,2–4% (vol↓),BASING,CAUTION,OTHER,0.0,0.118,0.0,DIGITAL,14.0,0.0,,7.0,2.0,3.0,0.0,,,1.0,Fresh,₹142 – ₹149,₹134 (−7.6%),8–20% (12m),⚠ 1.6:1,78.4,74,True,2026-06-05 12:45:11,8.0,2.0,0,4.0,4.0,5.0,4.0,6.0,2.0,0.0,0.0,2.0,0.0,0.0,0.0,0.0,0.0,1.0,0.0,0.0,0.0,0.0,2.0,0.0,0.0,3.0,0.0,0.0,10.0,4.0,0.0,0.0,False,72.0
INE264T01014,CAPACITE,CAPACIT'E INFRA.,Construction,False,,,11,13,13.0,10,4,65,WATCHLIST_CONFIRMED,,↓7,False,False,1–2% (vol↓),TOPPING,CAUTION,OTHER,0.0,0.6396,0.0644,INFRA,12.0,0.0,,3.0,1.0,8.0,2.0,,,1.0,Fresh,₹221 – ₹229,₹212 (−5.7%),8–20% (12m),✅ 2.1:1,78.4,58,True,2026-06-05 12:45:17,4.0,0.0,0,4.0,0.0,5.0,4.0,6.0,2.0,0.0,4.0,2.0,0.0,0.0,0.0,0.0,0.0,0.0,0.0,0.0,1.0,0.0,2.0,2.0,0.0,0.0,0.0,0.0,0.0,4.0,0.0,0.0,False,2.0
INE216A01030,BRITANNIA,BRITANNIA INDS.,Food Products,False,,,20,8,13.0,6,4,65,WATCHLIST_CONFIRMED,,↓5,False,False,4–6%,CORRECTION,CAUTION,OTHER,0.0,0.6554,0.2078,"AGRI,PLI",12.0,0.0,,8.0,3.0,8.0,2.0,,,1.0,Fresh,"₹5,026 – ₹5,102","₹4,949 (−2.3%)",8–20% (12m),✅ 5.3:1,78.4,60,True,2026-06-05 12:45:18,8.0,4.0,0,4.0,4.0,5.0,0.0,0.0,2.0,0.0,4.0,2.0,2.0,0.0,0.0,0.0,0.0,0.0,0.0,1.0,0.0,0.0,2.0,0.0,0.0,0.0,0.0,0.0,0.0,4.0,0.0,0.0,False,
INE415A01038,AGI,AGI GREENPAC,Industrial Products,False,,,20,12,10.0,10,4,65,WATCHLIST_CONFIRMED,,─,False,False,4–6%,TOPPING,CAUTION,OTHER,0.0,0.2834,0.024,nan,12.0,0.0,,5.0,2.0,7.0,2.0,,,1.0,Fresh,₹601 – ₹620,₹583 (−4.5%),8–20% (12m),✅ 2.7:1,78.4,63,True,2026-06-05 12:45:23,8.0,2.0,0,4.0,4.0,5.0,4.0,6.0,2.0,0.0,4.0,0.0,0.0,0.0,0.0,0.0,0.0,0.0,0.0,0.0,0.0,0.0,0.0,0.0,0.0,3.0,2.0,0.0,0.0,4.0,0.0,0.0,True,
INE005B01027,AVANTEL,AVANTEL,Aerospace & Defense,False,,,20,13,10.0,8,4,65,WATCHLIST_CONFIRMED,▲ Approaching STRONG,↓4,False,False,2–4% (vol↓),TOPPING,CAUTION,CAPEX_CYCLE,0.0,0.0716,0.0,"CAPEX_SUPERCYCLE,DEFENCE",14.0,0.0,,5.0,2.0,7.0,2.0,,,1.0,Fresh,₹172 – ₹180,₹163 (−6.9%),8–20% (12m),⚠ 1.7:1,78.4,66,True,2026-06-05 12:45:24,8.0,4.0,0,4.0,4.0,5.0,4.0,6.0,2.0,0.0,4.0,2.0,0.0,2.0,0.0,0.0,0.0,1.0,0.0,0.0,1.0,0.0,0.0,0.0,0.0,0.0,0.0,0.0,0.0,4.0,0.0,0.0,True,11.0
INE481N01025,HOMEFIRST,HOME FIRST FINAN,Finance,False,,,1,12,9.0,10,13,65,WATCHLIST_EXTERNAL,,↓18,False,False,2–3%,LATE_CYCLE,CAUTION,FINANCIALS,1.0,1.8883,0.389,FIN_INCLUSION,11.0,-4.0,PAPER_PROFIT|DE_ROCE_STRESS,1.0,0.0,8.0,2.0,,,1.0,Fresh,"₹1,050 – ₹1,079","₹1,022 (−4.0%)",2–8% (12m),⚠ 1.7:1,78.4,47,True,2026-06-05 12:45:25,0.0,2.0,0,4.0,0.0,0.0,4.0,6.0,0.0,0.0,4.0,2.0,0.0,0.0,0.0,0.0,0.0,0.0,0.0,0.0,1.0,0.0,2.0,2.0,0.0,0.0,0.0,0.0,9.0,4.0,0.0,0.0,False,13.0
INE732A01036,KIRLOSBROS,KIRL. BROTHERS,Industrial Products,False,,,20,9,13.0,12,4,65,WATCHLIST_CONFIRMED,,─,False,False,2–4% (vol↓),TOPPING,CAUTION,OTHER,0.0,0.2636,0.1616,nan,13.0,0.0,,7.0,2.0,4.0,1.0,,,1.0,Fresh,"₹1,589 – ₹1,640","₹1,537 (−4.8%)",8–20% (12m),✅ 2.5:1,78.4,63,True,2026-06-05 12:45:26,8.0,4.0,0,4.0,4.0,5.0,0.0,6.0,2.0,0.0,0.0,2.0,2.0,0.0,0.0,0.0,0.0,0.0,0.0,0.0,0.0,0.0,2.0,2.0,2.0,0.0,0.0,0.0,0.0,4.0,0.0,0.0,False,
INE04I401011,KPITTECH,KPIT TECHNOLOGI.,IT - Software,False,,,20,13,10.0,4,14,65,STRONG,,↑9,False,False,2–4% (vol↓),BASING,CAUTION,OTHER,0.0,0.5688,0.2418,DIGITAL,14.0,0.0,,8.0,3.0,8.0,2.0,,,1.0,Fresh,₹761 – ₹788,₹721 (−6.9%),18–38% (12m),✅ 2.9:1,78.4,74,True,2026-06-05 12:45:26,8.0,4.0,0,4.0,4.0,5.0,4.0,6.0,2.0,0.0,4.0,2.0,0.0,0.0,0.0,0.0,0.0,0.0,0.0,1.0,1.0,0.0,0.0,0.0,0.0,0.0,0.0,0.0,10.0,4.0,0.0,0.0,True,30.0
INE094I01018,KOLTEPATIL,KOLTE PATIL DEV.,Realty,False,,,17,11,13.0,4,4,65,WATCHLIST_CONFIRMED,,↓10,False,False,1–2% (vol↓),CORRECTION,CAUTION,OTHER,0.0,0.413,0.0596,INFRA,10.0,0.0,,5.0,2.0,10.0,3.0,,,1.0,Fresh,₹357 – ₹372,₹341 (−6.4%),8–20% (12m),⚠ 1.9:1,78.4,56,True,2026-06-05 12:45:27,8.0,2.0,0,4.0,0.0,5.0,4.0,0.0,2.0,0.0,4.0,2.0,0.0,0.0,0.0,0.0,0.0,0.0,0.0,0.0,0.0,0.0,2.0,0.0,0.0,0.0,0.0,0.0,0.0,4.0,0.0,0.0,True,
INE758E01017,JIOFIN,JIO FINANCIAL,Finance,False,,,4,8,13.0,6,13,65,MONITOR,,↓18,False,False,0%,LATE_CYCLE,CAUTION,FINANCIALS,0.0,0.496,0.115,FIN_INCLUSION,9.0,-3.0,PAPER_PROFIT,3.0,1.0,3.0,0.0,,,1.0,Fresh,₹233 – ₹237,₹228 (−2.9%),,,78.4,47,True,2026-06-05 12:45:27,0.0,0.0,0,4.0,4.0,0.0,4.0,6.0,0.0,0.0,0.0,2.0,0.0,0.0,0.0,0.0,0.0,0.0,0.0,1.0,0.0,0.0,2.0,0.0,0.0,0.0,0.0,0.0,9.0,4.0,0.0,0.0,False,48.0
INE576I01022,JKIL,J KUMAR INFRA,Construction,False,,,20,11,10.0,2,4,65,WATCHLIST_CONFIRMED,,↓7,False,False,1–2% (vol↓),TOPPING,CAUTION,OTHER,0.0,0.5264,0.1884,INFRA,11.0,0.0,,5.0,2.0,6.0,1.0,,,1.0,Fresh,₹488 – ₹503,₹473 (−4.6%),8–20% (12m),✅ 2.6:1,78.4,58,True,2026-06-05 12:45:27,8.0,2.0,0,4.0,4.0,5.0,4.0,6.0,2.0,0.0,4.0,0.0,0.0,0.0,0.0,0.0,0.0,0.0,0.0,0.0,1.0,0.0,0.0,0.0,0.0,0.0,0.0,0.0,0.0,4.0,0.0,0.0,True,16.0
INE039O01029,JASH,JASH ENGINEERING,Industrial Manufacturing,False,,,20,12,10.0,2,4,65,WATCHLIST_CONFIRMED,,↓3,False,False,2–4% (vol↓),TOPPING,CAUTION,OTHER,0.0,0.1767,0.0,PLI,12.0,0.0,,5.0,2.0,6.0,1.0,,,1.0,Fresh,₹406 – ₹424,₹388 (−6.5%),8–20% (12m),⚠ 1.9:1,78.4,62,True,2026-06-05 12:45:27,8.0,4.0,0,4.0,4.0,5.0,4.0,6.0,2.0,0.0,4.0,0.0,2.0,0.0,0.0,0.0,0.0,1.0,0.0,0.0,0.0,0.0,0.0,0.0,0.0,0.0,0.0,0.0,0.0,4.0,0.0,0.0,True,67.0
INE091G01026,JAIBALAJI,JAI BALAJI INDS.,Ferrous Metals,False,,,20,5,10.0,2,4,65,MONITOR,▲ Approaching WATCHLIST_CONFIRMED,↓15,False,False,0%,CORRECTION,CAUTION,OTHER,0.0,0.1244,0.0018,nan,9.0,0.0,,6.0,2.0,1.0,0.0,,,1.0,Fresh,₹67 – ₹70,₹64 (−6.8%),,,78.4,50,True,2026-06-05 12:45:28,8.0,4.0,0,4.0,4.0,5.0,0.0,6.0,2.0,0.0,0.0,0.0,0.0,0.0,0.0,0.0,0.0,0.0,0.0,1.0,0.0,0.0,0.0,0.0,0.0,0.0,0.0,0.0,0.0,4.0,0.0,0.0,False,
INE0BJS01011,GOCOLORS,GO FASHION (I),Retailing,False,,,17,13,10.0,8,4,65,WATCHLIST_CONFIRMED,,↓5,False,False,2–4% (vol↓),TOPPING,CAUTION,OTHER,0.0,0.1826,0.4248,PREMIUMISATION,13.0,0.0,,6.0,2.0,7.0,2.0,,,1.0,Fresh,₹365 – ₹389,₹340 (−9.7%),8–20% (12m),❌ 1.2:1,78.4,60,True,2026-06-05 12:45:28,4.0,2.0,0,4.0,4.0,5.0,4.0,6.0,2.0,0.0,4.0,2.0,0.0,0.0,0.0,0.0,0.0,1.0,0.0,0.0,0.0,0.0,0.0,0.0,0.0,3.0,0.0,0.0,0.0,4.0,0.0,0.0,True,36.0
INE684F01012,FSL,FIRSTSOUR.SOLU.,Commercial Services & Supplies,False,,,17,10,10.0,10,13,65,WATCHLIST_CONFIRMED,,─,False,False,2–4% (vol↓),LATE_CYCLE,CAUTION,OTHER,0.0,0.368,0.3661,nan,13.0,0.0,,6.0,2.0,8.0,2.0,,,1.0,Fresh,₹262 – ₹273,₹251 (−6.2%),8–20% (12m),⚠ 1.9:1,78.4,63,True,2026-06-05 12:45:29,4.0,2.0,0,4.0,4.0,5.0,0.0,0.0,2.0,4.0,4.0,2.0,0.0,0.0,0.0,0.0,0.0,0.0,0.0,0.0,0.0,0.0,0.0,0.0,2.0,3.0,0.0,0.0,9.0,4.0,0.0,0.0,False,
INE0P8B01020,GAUDIUMIVF,GAUDIUM IVF,Healthcare Services,False,,,20,8,10.0,14,13,65,STRONG,▼ At risk: near WATCHLIST_CONFIRMED boundary,↑6,False,False,2–4% (vol↓),LATE_CYCLE,CAUTION,OTHER,0.0,0.2702,0.0,HEALTHCARE,14.0,0.0,,6.0,2.0,1.0,0.0,,,1.0,Fresh,₹108 – ₹112,₹102 (−7.5%),18–38% (12m),✅ 2.7:1,78.4,71,True,2026-06-05 12:45:29,8.0,4.0,0,4.0,4.0,5.0,4.0,6.0,2.0,0.0,0.0,0.0,0.0,2.0,1.0,3.0,0.0,0.0,0.0,0.0,0.0,1.0,0.0,0.0,0.0,0.0,0.0,0.0,9.0,4.0,0.0,0.0,False,68.0
INE0B1K01014,DJML,DJ MEDIAPRINT,Transport Services,False,,,12,6,10.0,16,4,64,WATCHLIST_EXTERNAL,▲ Approaching WATCHLIST_CONFIRMED,↓14,False,False,1–2% (vol↓),TOPPING,CAUTION,OTHER,0.0,0.0223,0.0,INFRA,12.0,-3.0,PAPER_PROFIT,4.0,1.0,3.0,0.0,,,1.0,Fresh,₹101 – ₹106,₹96 (−6.8%),2–8% (12m),❌ 1.0:1,76.2,49,True,2026-06-05 12:44:59,4.0,0.0,0,4.0,4.0,5.0,4.0,6.0,0.0,0.0,0.0,0.0,0.0,2.0,0.0,0.0,0.0,1.0,0.0,0.0,1.0,1.0,0.0,0.0,0.0,3.0,0.0,0.0,0.0,4.0,0.0,0.0,False,15.0
INE324A01032,JINDALSAW,JINDAL SAW,Industrial Products,False,,,17,12,10.0,16,4,64,WATCHLIST_CONFIRMED,,─,False,False,2–4% (vol↓),TOPPING,CAUTION,OTHER,0.0,0.5582,0.108,nan,15.0,0.0,,6.0,2.0,5.0,1.0,,,1.0,Fresh,₹246 – ₹256,₹236 (−5.9%),8–20% (12m),✅ 2.0:1,76.2,62,True,2026-06-05 12:45:00,8.0,2.0,0,4.0,0.0,5.0,4.0,6.0,2.0,4.0,0.0,2.0,0.0,2.0,1.0,3.0,1.0,0.0,0.0,0.0,0.0,1.0,0.0,0.0,0.0,0.0,0.0,0.0,0.0,4.0,0.0,0.0,True,
INE775A01035,MOTHERSON,SAMVARDH. MOTHE.,Auto Components,False,,,11,14,11.0,26,14,64,STRONG,,↑10,False,False,2–4% (vol↓),BASING,CAUTION,OTHER,1.0,0.6948,0.3395,PLI,20.0,0.0,,4.0,1.0,8.0,2.0,,,1.0,Fresh,₹143 – ₹148,₹135 (−7.2%),12–25% (12m),✅ 2.8:1,76.2,74,True,2026-06-05 12:45:00,4.0,0.0,0,4.0,0.0,5.0,4.0,6.0,2.0,0.0,4.0,2.0,2.0,2.0,1.0,3.0,1.0,1.0,1.0,0.0,1.0,1.0,2.0,0.0,0.0,0.0,0.0,0.0,10.0,4.0,0.0,0.0,False,15.0
INE415D01024,BHARATSE,BHARAT SEATS,Auto Components,False,,,17,10,13.0,18,14,64,STRONG,,↑10,False,False,2–4% (vol↓),BASING,CAUTION,OTHER,0.0,0.0286,0.0,PLI,16.0,0.0,,5.0,2.0,4.0,1.0,,,1.0,Fresh,₹179 – ₹186,₹167 (−8.2%),18–38% (12m),✅ 2.4:1,76.2,74,True,2026-06-05 12:45:00,4.0,2.0,0,4.0,4.0,5.0,4.0,6.0,2.0,0.0,0.0,2.0,0.0,2.0,1.0,3.0,0.0,0.0,0.0,0.0,0.0,1.0,2.0,0.0,0.0,0.0,0.0,0.0,10.0,4.0,0.0,0.0,True,
INE171A01029,FEDERALBNK,FEDERAL BANK,Banks,False,,,4,13,9.0,22,13,64,WATCHLIST_CONFIRMED,,↓8,False,False,2–3%,LATE_CYCLE,CAUTION,FINANCIALS,1.0,1.1606,0.7198,FIN_INCLUSION,15.0,0.0,,5.0,2.0,8.0,2.0,,,1.0,Fresh,₹298 – ₹304,₹291 (−3.4%),8–20% (12m),✅ 3.6:1,76.2,57,True,2026-06-05 12:45:00,0.0,2.0,0,0.0,0.0,0.0,4.0,6.0,2.0,0.0,4.0,2.0,0.0,2.0,1.0,3.0,1.0,0.0,1.0,0.0,0.0,1.0,2.0,0.0,0.0,0.0,0.0,0.0,9.0,4.0,0.0,0.0,False,36.0
INE953R01016,PNGJL,P N GADGIL JEWE.,Consumer Durables,False,,,16,15,10.0,2,13,64,WATCHLIST_CONFIRMED,▼ At risk: near WATCHLIST_CONFIRMED boundary,↑6,False,False,4–6%,LATE_CYCLE,CAUTION,CONSUMPTION,0.0,0.0364,0.081,PREMIUMISATION,14.0,-3.0,PAPER_PROFIT,4.0,1.0,10.0,3.0,,,1.0,Fresh,₹545 – ₹560,₹529 (−4.1%),8–20% (12m),✅ 2.9:1,76.2,70,True,2026-06-05 12:45:02,8.0,2.0,0,4.0,4.0,5.0,4.0,6.0,0.0,4.0,4.0,2.0,2.0,0.0,0.0,0.0,0.0,0.0,0.0,0.0,0.0,1.0,0.0,0.0,0.0,0.0,0.0,0.0,9.0,4.0,0.0,0.0,False,
INE637C01025,POKARNA,POKARNA,Consumer Durables,False,,,20,7,13.0,10,13,64,STRONG,▼ At risk: near WATCHLIST_CONFIRMED boundary,↑6,False,False,2–4% (vol↓),LATE_CYCLE,CAUTION,CONSUMPTION,0.0,0.2926,0.2242,PREMIUMISATION,13.0,0.0,,7.0,2.0,4.0,1.0,,,1.0,Fresh,₹807 – ₹841,₹756 (−8.3%),18–38% (12m),✅ 2.4:1,76.2,70,True,2026-06-05 12:45:02,8.0,4.0,0,4.0,4.0,5.0,0.0,6.0,2.0,0.0,0.0,0.0,2.0,0.0,0.0,0.0,0.0,0.0,0.0,0.0,1.0,0.0,2.0,2.0,0.0,0.0,0.0,0.0,9.0,4.0,0.0,0.0,False,8.0
INE865T01018,PDMJEPAPER,PUDUMJEE PAPER,"Paper, Forest & Jute Products",False,,,20,11,13.0,8,4,64,WATCHLIST_CONFIRMED,,─,False,False,2–4% (vol↓),CORRECTION,CAUTION,OTHER,0.0,0.081,0.0,nan,12.0,0.0,,6.0,2.0,7.0,2.0,,,1.0,Fresh,₹82 – ₹85,₹79 (−5.5%),8–20% (12m),✅ 2.2:1,76.2,64,False,2026-06-05 12:45:03,8.0,2.0,0,4.0,4.0,5.0,0.0,6.0,2.0,0.0,4.0,2.0,0.0,0.0,0.0,0.0,0.0,0.0,0.0,0.0,0.0,0.0,2.0,2.0,0.0,0.0,0.0,0.0,0.0,4.0,0.0,0.0,True,
INE420C01059,PAISALO,PAISALO DIGITAL,Finance,False,,,0,10,10.0,20,13,64,WATCHLIST_EXTERNAL,,↓19,False,False,1–2% (vol↓),LATE_CYCLE,CAUTION,FINANCIALS,0.0,0.6949,0.0,FIN_INCLUSION,14.0,-4.0,PAPER_PROFIT|DE_ROCE_STRESS,0.0,0.0,4.0,1.0,,,1.0,Fresh,₹53 – ₹55,₹51 (−5.8%),2–8% (12m),❌ 1.2:1,76.2,46,True,2026-06-05 12:45:04,0.0,2.0,0,0.0,0.0,0.0,4.0,6.0,0.0,0.0,0.0,2.0,2.0,2.0,1.0,3.0,1.0,0.0,1.0,0.0,1.0,1.0,0.0,0.0,0.0,0.0,0.0,0.0,9.0,4.0,0.0,0.0,False,25.0
INE802B01027,LINC,LINC,Household Products,False,,,20,8,10.0,2,14,64,WATCHLIST_CONFIRMED,,─,False,False,2–4% (vol↓),BASING,CAUTION,OTHER,0.0,0.3122,0.0,PREMIUMISATION,11.0,0.0,,7.0,2.0,3.0,0.0,,,1.0,Fresh,₹99 – ₹102,₹95 (−5.1%),8–20% (12m),✅ 2.4:1,76.2,64,False,2026-06-05 12:45:05,8.0,2.0,0,4.0,4.0,5.0,4.0,6.0,2.0,0.0,0.0,0.0,0.0,0.0,0.0,0.0,0.0,0.0,0.0,0.0,1.0,0.0,0.0,0.0,0.0,0.0,0.0,0.0,10.0,4.0,0.0,0.0,False,9.0
INE255X01014,MSTCLTD,MSTC,Commercial Services & Supplies,False,,,14,9,13.0,10,13,64,WATCHLIST_CONFIRMED,,─,False,False,2–4% (vol↓),LATE_CYCLE,CAUTION,OTHER,0.0,0.1816,0.002,nan,12.0,-1.0,EARN_REV_DIVERGE,7.0,2.0,6.0,1.0,,,1.0,Fresh,₹439 – ₹454,₹424 (−5.1%),8–20% (12m),✅ 2.4:1,76.2,62,True,2026-06-05 12:45:06,8.0,4.0,0,4.0,0.0,0.0,0.0,6.0,2.0,0.0,4.0,0.0,0.0,0.0,0.0,0.0,1.0,1.0,0.0,0.0,0.0,1.0,2.0,0.0,0.0,0.0,0.0,0.0,9.0,4.0,0.0,0.0,False,57.0
INE428V01029,NEPHROPLUS,NEPHROCARE HEALTH SERVICES,Healthcare Services,False,,,14,8,13.0,30,13,64,WATCHLIST_CONFIRMED,▼ At risk: near WATCHLIST_CONFIRMED boundary,↑5,False,False,2–4% (vol↓),LATE_CYCLE,CAUTION,OTHER,0.0,0.6144,0.0625,HEALTHCARE,17.0,-2.0,EARN_QUALITY,5.0,2.0,0.0,0.0,,,1.0,Fresh,₹646 – ₹675,₹618 (−6.5%),8–20% (12m),⚠ 1.9:1,76.2,70,True,2026-06-05 12:45:06,4.0,0.0,0,4.0,4.0,5.0,4.0,6.0,2.0,0.0,0.0,0.0,0.0,2.0,1.0,3.0,1.0,0.0,0.0,0.0,0.0,1.0,2.0,2.0,0.0,3.0,0.0,0.0,9.0,4.0,0.0,0.0,False,
INE305A01023,TFCILTD,TOUR. FIN. CORP.,Finance,False,,,1,10,10.0,14,13,64,WATCHLIST_EXTERNAL,,↓18,False,False,1–2% (vol↓),LATE_CYCLE,CAUTION,FINANCIALS,0.0,0.2034,0.0,FIN_INCLUSION,11.0,-3.0,PAPER_PROFIT,4.0,1.0,8.0,2.0,,,1.0,Fresh,₹75 – ₹77,₹72 (−4.7%),2–8% (12m),❌ 1.5:1,76.2,46,True,2026-06-05 12:45:09,0.0,0.0,0,4.0,0.0,0.0,0.0,0.0,2.0,4.0,4.0,2.0,0.0,2.0,1.0,3.0,0.0,0.0,0.0,0.0,0.0,1.0,0.0,0.0,0.0,0.0,0.0,0.0,9.0,4.0,0.0,0.0,False,
INE0GMR01016,SWARAJ,SWARAJ SUITING,Textiles & Apparels,False,,,14,8,13.0,8,13,64,WATCHLIST_CONFIRMED,,↓3,True,False,1–3% (vol↓) (ins.sell⚠),LATE_CYCLE,CAUTION,OTHER,0.0,0.0454,0.0,PLI,11.0,0.0,,2.0,0.0,1.0,0.0,,,1.0,Fresh,₹229 – ₹246,₹212 (−10.5%),8–20% (12m),❌ 1.1:1,76.2,61,True,2026-06-05 12:45:09,8.0,4.0,0,0.0,0.0,5.0,4.0,6.0,2.0,0.0,0.0,0.0,0.0,0.0,0.0,0.0,0.0,1.0,0.0,0.0,0.0,1.0,2.0,0.0,0.0,0.0,0.0,0.0,9.0,4.0,0.0,0.0,False,
INE040H01021,SUZLON,SUZLON ENERGY,Electrical Equipment,False,,,20,12,9.0,18,4,64,WATCHLIST_CONFIRMED,▲ Approaching STRONG,↑4,False,False,2–4% (vol↓),TOPPING,CAUTION,OTHER,1.0,1.0186,0.0972,"CAPEX_SUPERCYCLE,POWER",15.0,0.0,,7.0,2.0,9.0,2.0,,,1.0,Fresh,₹54 – ₹55,₹52 (−4.9%),8–20% (12m),✅ 2.5:1,76.2,67,True,2026-06-05 12:45:09,8.0,4.0,0,4.0,4.0,5.0,4.0,0.0,2.0,4.0,4.0,2.0,0.0,2.0,0.0,0.0,0.0,0.0,0.0,0.0,0.0,0.0,2.0,2.0,0.0,3.0,0.0,0.0,0.0,4.0,0.0,0.0,True,36.0
INE877V01027,SURAKSHA,SURAKSHA DIAGNO.,Healthcare Services,False,,,17,11,10.0,16,13,64,STRONG,▼ At risk: near WATCHLIST_CONFIRMED boundary,↑5,False,False,2–4% (vol↓),LATE_CYCLE,CAUTION,OTHER,0.0,0.2846,0.3951,HEALTHCARE,15.0,0.0,,5.0,2.0,7.0,2.0,,,1.0,Fresh,₹284 – ₹298,₹263 (−9.6%),18–38% (12m),✅ 2.1:1,76.2,70,True,2026-06-05 12:45:09,4.0,2.0,0,4.0,4.0,5.0,0.0,6.0,2.0,0.0,4.0,2.0,0.0,2.0,0.0,0.0,0.0,0.0,0.0,0.0,1.0,0.0,0.0,0.0,2.0,3.0,0.0,0.0,9.0,4.0,0.0,0.0,False,14.0
INE192B01031,WELSPUNLIV,WELSPUN LIVING,Textiles & Apparels,False,,,16,6,10.0,20,13,64,WATCHLIST_CONFIRMED,,↓7,False,False,4–6%,LATE_CYCLE,CAUTION,OTHER,0.0,0.2094,0.0968,PLI,16.0,0.0,,4.0,1.0,7.0,2.0,,,1.0,Fresh,₹144 – ₹148,₹140 (−4.1%),8–20% (12m),✅ 2.9:1,76.2,61,True,2026-06-05 12:45:10,4.0,2.0,0,4.0,4.0,5.0,0.0,0.0,2.0,0.0,4.0,0.0,0.0,2.0,0.0,0.0,1.0,0.0,1.0,0.0,1.0,1.0,0.0,0.0,2.0,0.0,0.0,2.0,9.0,4.0,0.0,0.0,False,24.0
INE207E01023,RAMRAT,RAM RATNA WIRES,Electrical Equipment,False,,,17,10,13.0,26,4,64,WATCHLIST_CONFIRMED,▲ Approaching STRONG,↑5,False,False,2–4% (vol↓),TOPPING,CAUTION,OTHER,0.0,0.0132,0.0,"CAPEX_SUPERCYCLE,POWER",17.0,0.0,,5.0,2.0,5.0,1.0,,,1.0,Fresh,₹388 – ₹412,₹363 (−9.2%),8–20% (12m),❌ 1.3:1,76.2,67,True,2026-06-05 12:45:13,8.0,2.0,0,0.0,4.0,5.0,4.0,0.0,2.0,4.0,0.0,2.0,2.0,2.0,1.0,3.0,0.0,0.0,1.0,0.0,1.0,0.0,2.0,0.0,0.0,3.0,0.0,0.0,0.0,4.0,0.0,0.0,True,9.0
INE429E01023,SAFARI,SAFARI INDS.,Consumer Durables,False,,,19,13,10.0,6,13,64,STRONG,▼ At risk: near WATCHLIST_CONFIRMED boundary,↑6,False,False,2–4% (vol↓),LATE_CYCLE,CAUTION,CONSUMPTION,0.0,0.4368,0.4114,PREMIUMISATION,14.0,0.0,,4.0,1.0,7.0,2.0,,,1.0,Fresh,"₹1,541 – ₹1,607","₹1,442 (−8.4%)",18–38% (12m),✅ 2.4:1,76.2,70,True,2026-06-05 12:45:13,8.0,2.0,0,4.0,4.0,5.0,4.0,6.0,2.0,0.0,4.0,2.0,0.0,0.0,0.0,0.0,0.0,1.0,0.0,0.0,0.0,0.0,0.0,0.0,2.0,0.0,0.0,0.0,9.0,4.0,0.0,0.0,False,
INE450U01017,ROUTE,ROUTE MOBILE,Telecom - Services,False,,,20,10,10.0,6,14,64,STRONG,▼ At risk: near WATCHLIST_CONFIRMED boundary,↑4,False,False,4–6%,BASING,CAUTION,OTHER,0.0,0.1203,0.0794,DIGITAL,12.0,0.0,,6.0,2.0,4.0,1.0,,,1.0,Fresh,₹520 – ₹535,₹498 (−5.7%),18–38% (12m),✅ 3.5:1,76.2,68,True,2026-06-05 12:45:14,8.0,2.0,0,4.0,4.0,5.0,4.0,6.0,2.0,0.0,0.0,0.0,2.0,0.0,0.0,0.0,0.0,0.0,0.0,0.0,0.0,0.0,0.0,0.0,0.0,3.0,0.0,0.0,10.0,4.0,0.0,0.0,True,
INE0KBH01020,BLUEJET,BLUE JET HEALTH,Pharmaceuticals & Biotechnology,False,,,20,13,10.0,4,13,64,STRONG,,↑9,False,False,2–4% (vol↓),LATE_CYCLE,CAUTION,OTHER,0.0,0.0454,0.0324,"HEALTHCARE,PLI",14.0,0.0,,6.0,2.0,7.0,2.0,,,1.0,Fresh,₹435 – ₹459,₹398 (−11.0%),18–38% (12m),⚠ 1.8:1,76.2,72,True,2026-06-05 12:45:16,8.0,4.0,0,4.0,4.0,5.0,0.0,6.0,2.0,4.0,4.0,2.0,0.0,0.0,0.0,0.0,0.0,1.0,0.0,0.0,1.0,0.0,0.0,0.0,0.0,0.0,0.0,0.0,9.0,4.0,0.0,0.0,False,10.0
INE168P01015,EMCURE,EMCURE PHARMA,Pharmaceuticals & Biotechnology,False,,,20,7,10.0,28,13,64,STRONG,,↑9,False,False,4–6%,LATE_CYCLE,CAUTION,OTHER,0.0,0.2264,0.0985,"HEALTHCARE,PLI",19.0,0.0,,6.0,2.0,8.0,2.0,,,1.0,Fresh,"₹1,678 – ₹1,723","₹1,610 (−5.3%)",18–38% (12m),✅ 3.7:1,76.2,72,True,2026-06-05 12:45:18,8.0,2.0,0,4.0,4.0,5.0,0.0,0.0,2.0,0.0,4.0,2.0,0.0,2.0,1.0,3.0,1.0,0.0,1.0,0.0,1.0,1.0,0.0,0.0,2.0,0.0,0.0,2.0,9.0,4.0,0.0,0.0,False,30.0
INE325C01035,DOLLAR,DOLLAR INDUSTRIE,Textiles & Apparels,False,,,16,6,13.0,16,13,64,WATCHLIST_CONFIRMED,,↓3,False,False,2–4% (vol↓),LATE_CYCLE,CAUTION,OTHER,0.0,0.2094,0.0,PLI,12.0,0.0,,5.0,2.0,8.0,2.0,,,1.0,Fresh,₹251 – ₹261,₹242 (−5.4%),8–20% (12m),✅ 2.2:1,76.2,61,True,2026-06-05 12:45:20,4.0,0.0,0,4.0,4.0,5.0,0.0,0.0,2.0,0.0,4.0,0.0,0.0,0.0,0.0,0.0,0.0,0.0,0.0,0.0,1.0,0.0,2.0,2.0,0.0,3.0,0.0,0.0,9.0,4.0,0.0,0.0,False,11.0
INE491J01022,ASKAUTOLTD,ASK AUTOMOTIVE,Auto Components,False,,,20,13,10.0,6,14,64,STRONG,,↑10,False,False,4–6%,BASING,CAUTION,OTHER,0.0,0.3772,0.1386,PLI,14.0,0.0,,6.0,2.0,9.0,2.0,,,1.0,Fresh,₹432 – ₹443,₹414 (−5.4%),18–38% (12m),✅ 3.7:1,76.2,74,True,2026-06-05 12:45:21,8.0,4.0,0,4.0,4.0,5.0,4.0,6.0,2.0,0.0,4.0,2.0,0.0,0.0,0.0,0.0,0.0,0.0,0.0,0.0,1.0,0.0,0.0,0.0,2.0,0.0,0.0,0.0,10.0,4.0,0.0,0.0,True,11.0
INE021A01026,ASIANPAINT,ASIAN PAINTS,Consumer Durables,False,,,20,7,10.0,20,13,64,STRONG,▼ At risk: near WATCHLIST_CONFIRMED boundary,↑7,False,False,4–6%,LATE_CYCLE,CAUTION,CONSUMPTION,0.0,0.5078,0.2284,PREMIUMISATION,17.0,0.0,,7.0,2.0,7.0,2.0,,,1.0,Fresh,"₹2,633 – ₹2,691","₹2,546 (−4.4%)",18–38% (12m),✅ 4.6:1,76.2,70,True,2026-06-05 12:45:21,8.0,4.0,0,4.0,4.0,5.0,0.0,0.0,2.0,0.0,4.0,2.0,0.0,2.0,1.0,3.0,1.0,0.0,1.0,1.0,0.0,1.0,0.0,0.0,0.0,0.0,0.0,0.0,9.0,4.0,0.0,0.0,False,36.0
INE204E01012,AGARIND,AGARWAL INDL.,Chemicals & Petrochemicals,False,,,20,10,10.0,0,13,64,WATCHLIST_CONFIRMED,▲ Approaching STRONG,↑66,False,False,2–4% (vol↓),LATE_CYCLE,CAUTION,OTHER,0.0,0.2182,0.0,PLI,10.0,0.0,,5.0,2.0,7.0,2.0,,,1.0,Fresh,₹410 – ₹429,₹391 (−6.8%),8–20% (12m),⚠ 1.8:1,76.2,66,True,2026-06-05 12:45:22,8.0,4.0,0,4.0,4.0,5.0,0.0,6.0,2.0,0.0,4.0,0.0,0.0,0.0,0.0,0.0,0.0,0.0,0.0,0.0,0.0,0.0,0.0,0.0,0.0,0.0,0.0,0.0,9.0,4.0,0.0,0.0,False,
INE731H01025,ACE,ACTION CONST.EQ.,"Agricultural, Commercial & Construction Vehicles",False,,,20,14,10.0,2,4,64,WATCHLIST_CONFIRMED,,─,False,False,4–6%,CORRECTION,CAUTION,OTHER,0.0,0.4212,0.011,AGRI,13.0,0.0,,7.0,2.0,9.0,2.0,,,1.0,Fresh,₹855 – ₹879,₹831 (−4.1%),8–20% (12m),✅ 2.9:1,76.2,64,False,2026-06-05 12:45:22,8.0,4.0,0,4.0,4.0,5.0,4.0,6.0,2.0,0.0,4.0,2.0,2.0,0.0,0.0,0.0,0.0,0.0,0.0,0.0,1.0,0.0,0.0,0.0,0.0,0.0,0.0,0.0,0.0,4.0,0.0,0.0,True,15.0
INE00YB01025,ABINFRA,A B INFRABUILD,Construction,False,,,16,11,13.0,0,4,64,WATCHLIST_CONFIRMED,,↓7,False,False,1–2% (vol↓),TOPPING,CAUTION,OTHER,0.0,0.0562,0.0,INFRA,10.0,-3.0,PAPER_PROFIT,3.0,1.0,6.0,1.0,,,1.0,Fresh,₹10 – ₹11,₹9 (−13.9%),8–20% (12m),❌ 0.9:1,76.2,57,True,2026-06-05 12:45:22,8.0,2.0,0,4.0,4.0,5.0,4.0,6.0,0.0,0.0,4.0,0.0,2.0,0.0,0.0,0.0,0.0,0.0,0.0,0.0,0.0,0.0,0.0,0.0,0.0,0.0,0.0,0.0,0.0,4.0,0.0,0.0,True,
INE314T01033,GOKULAGRO,GOKUL AGRO,Agricultural Food & other Products,False,,,19,9,10.0,18,4,64,WATCHLIST_CONFIRMED,,↓5,False,False,1–2% (vol↓),CORRECTION,CAUTION,OTHER,0.0,0.073,0.0016,AGRI,14.0,0.0,,6.0,2.0,4.0,1.0,,,1.0,Fresh,₹227 – ₹236,₹218 (−5.9%),8–20% (12m),✅ 2.0:1,76.2,59,True,2026-06-05 12:45:28,8.0,4.0,0,0.0,4.0,5.0,4.0,6.0,2.0,0.0,0.0,0.0,0.0,2.0,1.0,3.0,1.0,0.0,1.0,0.0,0.0,1.0,0.0,0.0,0.0,0.0,0.0,0.0,0.0,4.0,0.0,0.0,False,36.0
INE159A01016,GLAXO,GLAXOSMI. PHARMA,Pharmaceuticals & Biotechnology,False,,,20,11,13.0,4,13,64,STRONG,,↑9,False,False,4–6%,LATE_CYCLE,CAUTION,OTHER,0.0,0.1952,0.0946,"HEALTHCARE,PLI",13.0,0.0,,8.0,3.0,9.0,2.0,,,1.0,Fresh,"₹2,161 – ₹2,201","₹2,100 (−3.7%)",18–38% (12m),✅ 5.4:1,76.2,72,True,2026-06-05 12:45:28,8.0,4.0,0,4.0,4.0,5.0,0.0,0.0,2.0,4.0,4.0,2.0,2.0,0.0,0.0,0.0,0.0,0.0,0.0,0.0,0.0,0.0,2.0,0.0,0.0,0.0,0.0,0.0,9.0,4.0,0.0,0.0,False,
INE570D01018,ARROWGREEN,ARROW GREENTECH,Industrial Products,False,,,20,8,10.0,10,4,63,WATCHLIST_CONFIRMED,,─,False,False,2–4% (vol↓),TOPPING,CAUTION,OTHER,0.0,0.0492,0.0,nan,11.0,0.0,,8.0,3.0,8.0,2.0,,,1.0,Fresh,₹537 – ₹567,₹507 (−8.1%),8–20% (12m),❌ 1.5:1,73.9,61,True,2026-06-05 12:44:59,8.0,4.0,0,4.0,4.0,5.0,4.0,0.0,2.0,0.0,4.0,0.0,0.0,2.0,0.0,0.0,0.0,0.0,0.0,0.0,0.0,0.0,0.0,0.0,0.0,3.0,0.0,0.0,0.0,4.0,0.0,0.0,False,
INE305C01029,PANAMAPET,PANAMA PETROCHEM,Petroleum Products,False,,,20,3,13.0,12,13,63,WATCHLIST_CONFIRMED,,─,False,False,2–4% (vol↓),LATE_CYCLE,CAUTION,OTHER,0.0,0.5594,0.0,nan,13.0,0.0,,6.0,2.0,5.0,1.0,,,1.0,Fresh,₹327 – ₹348,₹306 (−9.4%),8–20% (12m),❌ 1.3:1,73.9,62,True,2026-06-05 12:44:59,8.0,2.0,0,4.0,4.0,5.0,0.0,0.0,2.0,0.0,0.0,2.0,0.0,2.0,0.0,0.0,1.0,1.0,0.0,0.0,0.0,0.0,2.0,0.0,0.0,0.0,0.0,0.0,9.0,4.0,0.0,0.0,False,
INE742C01031,JINDRILL,JINDAL DRILLING,Oil,False,,,13,12,10.0,12,13,63,WATCHLIST_CONFIRMED,▲ Approaching STRONG,─,False,False,2–4% (vol↓),LATE_CYCLE,CAUTION,OTHER,0.0,0.0408,0.0,nan,13.0,0.0,,3.0,1.0,8.0,2.0,,,1.0,Fresh,₹613 – ₹643,₹584 (−7.1%),8–20% (12m),⚠ 1.7:1,73.9,65,True,2026-06-05 12:45:00,4.0,2.0,0,4.0,0.0,5.0,4.0,6.0,2.0,0.0,4.0,0.0,0.0,2.0,0.0,0.0,1.0,0.0,0.0,0.0,0.0,0.0,0.0,0.0,0.0,3.0,0.0,0.0,9.0,4.0,0.0,0.0,False,
INE927D01051,JBMA,JBM AUTO,Auto Components,False,,,17,11,13.0,18,14,63,STRONG,,↑10,False,False,2–4% (vol↓),BASING,CAUTION,OTHER,0.0,0.0862,0.002,PLI,16.0,0.0,,6.0,2.0,8.0,2.0,,,1.0,Fresh,₹657 – ₹682,₹619 (−7.4%),18–38% (12m),✅ 2.7:1,73.9,73,True,2026-06-05 12:45:00,8.0,2.0,0,0.0,4.0,5.0,4.0,0.0,2.0,0.0,4.0,2.0,2.0,2.0,0.0,0.0,0.0,0.0,0.0,0.0,1.0,0.0,2.0,2.0,2.0,0.0,0.0,0.0,10.0,4.0,0.0,0.0,True,24.0
INE885H01029,SPORTKING,SPORTKING INDIA,Textiles & Apparels,False,,,16,1,13.0,26,13,63,WATCHLIST_CONFIRMED,,↓3,False,False,2–4% (vol↓),LATE_CYCLE,CAUTION,OTHER,0.0,0.02,0.0,PLI,16.0,0.0,,6.0,2.0,3.0,0.0,,,1.0,Fresh,₹177 – ₹188,₹165 (−9.7%),8–20% (12m),❌ 1.2:1,73.9,60,True,2026-06-05 12:45:00,4.0,0.0,0,4.0,4.0,5.0,0.0,0.0,2.0,0.0,0.0,0.0,0.0,2.0,1.0,3.0,1.0,1.0,1.0,0.0,1.0,1.0,2.0,0.0,0.0,0.0,0.0,0.0,9.0,4.0,0.0,0.0,False,19.0
INE067A01029,CGPOWER,CG POWER & IND,Electrical Equipment,False,,,20,10,10.0,20,4,63,WATCHLIST_CONFIRMED,▲ Approaching STRONG,↑6,False,False,4–6%,TOPPING,CAUTION,OTHER,0.0,0.4882,0.1887,"CAPEX_SUPERCYCLE,POWER",17.0,0.0,,8.0,3.0,8.0,2.0,,,1.0,Fresh,₹893 – ₹920,₹866 (−4.5%),8–20% (12m),✅ 2.7:1,73.9,66,True,2026-06-05 12:45:00,8.0,4.0,0,4.0,4.0,5.0,4.0,0.0,2.0,0.0,4.0,2.0,0.0,2.0,1.0,3.0,1.0,0.0,0.0,1.0,1.0,1.0,0.0,0.0,0.0,0.0,0.0,0.0,0.0,4.0,0.0,0.0,True,30.0
INE944F01028,RADICO,RADICO KHAITAN,Beverages,False,,,17,10,8.0,26,4,63,WATCHLIST_CONFIRMED,,↓3,False,False,4–6%,CORRECTION,CAUTION,CONSUMPTION,1.0,0.717,0.4263,PREMIUMISATION,18.0,0.0,,6.0,2.0,7.0,2.0,,,1.0,Fresh,"₹3,416 – ₹3,512","₹3,320 (−4.2%)",8–20% (12m),✅ 2.9:1,73.9,60,True,2026-06-05 12:45:01,4.0,2.0,0,4.0,4.0,5.0,4.0,0.0,2.0,0.0,4.0,2.0,0.0,2.0,1.0,3.0,1.0,0.0,1.0,0.0,1.0,1.0,0.0,0.0,0.0,3.0,0.0,0.0,0.0,4.0,0.0,0.0,True,30.0
INE00S901012,NILASPACES,NILA SPACES,Realty,False,,,9,12,13.0,14,4,63,WATCHLIST_CONFIRMED,▼ At risk: near WATCHLIST_EXTERNAL boundary,↓10,False,False,1–2% (vol↓),CORRECTION,CAUTION,OTHER,0.0,0.039,0.0,INFRA,12.0,-3.0,PAPER_PROFIT,5.0,2.0,8.0,2.0,,,1.0,Fresh,₹12 – ₹13,₹12 (−5.6%),8–20% (12m),✅ 2.1:1,73.9,55,True,2026-06-05 12:45:02,8.0,0.0,0,0.0,4.0,0.0,4.0,0.0,0.0,4.0,4.0,2.0,2.0,0.0,1.0,3.0,0.0,0.0,0.0,0.0,0.0,1.0,2.0,0.0,0.0,0.0,0.0,0.0,0.0,4.0,0.0,0.0,False,34.0
INE309M01020,PREMIERPOL,PREMIER POLYFILM,Industrial Products,False,,,20,5,13.0,18,4,63,WATCHLIST_CONFIRMED,,─,False,False,2–4% (vol↓),TOPPING,CAUTION,OTHER,0.0,0.0208,0.0,nan,13.0,-1.0,EARN_REV_DIVERGE,8.0,3.0,3.0,0.0,,,1.0,Fresh,₹54 – ₹56,₹52 (−5.7%),8–20% (12m),✅ 2.1:1,73.9,61,True,2026-06-05 12:45:02,8.0,4.0,0,4.0,4.0,5.0,0.0,6.0,2.0,0.0,0.0,0.0,0.0,2.0,0.0,0.0,0.0,0.0,1.0,0.0,1.0,0.0,2.0,0.0,0.0,3.0,0.0,0.0,0.0,4.0,0.0,0.0,False,25.0
INE877F01012,PTC,PTC INDIA,Power,False,,,13,11,8.0,24,4,63,WATCHLIST_CONFIRMED,,↓3,False,False,1–2% (vol↓),TOPPING,CAUTION,OTHER,1.0,1.1746,0.0666,"CAPEX_SUPERCYCLE,POWER",16.0,-1.0,EARN_REV_DIVERGE,5.0,2.0,7.0,2.0,,,1.0,Fresh,₹182 – ₹189,₹175 (−5.6%),8–20% (12m),✅ 2.2:1,73.9,56,True,2026-06-05 12:45:03,4.0,2.0,0,4.0,0.0,5.0,0.0,6.0,2.0,0.0,4.0,2.0,0.0,2.0,1.0,3.0,0.0,0.0,1.0,0.0,1.0,0.0,0.0,0.0,2.0,0.0,0.0,2.0,0.0,4.0,0.0,0.0,False,16.0
INE07OG01012,NDRAUTO,NDR AUTO COMPON.,Auto Components,False,,,20,11,13.0,4,14,63,STRONG,,↑10,False,False,2–4% (vol↓),BASING,CAUTION,OTHER,0.0,0.0384,0.0,PLI,12.0,0.0,,6.0,2.0,6.0,1.0,,,1.0,Fresh,₹767 – ₹798,₹721 (−7.8%),18–38% (12m),✅ 2.6:1,73.9,73,True,2026-06-05 12:45:06,8.0,2.0,0,4.0,4.0,5.0,4.0,6.0,2.0,0.0,4.0,0.0,0.0,0.0,0.0,0.0,0.0,0.0,0.0,0.0,0.0,0.0,2.0,0.0,0.0,0.0,0.0,0.0,10.0,4.0,0.0,0.0,True,36.0
INE095N01031,NBCC,NBCC,Construction,False,,,19,11,10.0,4,4,63,WATCHLIST_CONFIRMED,,↓7,False,False,1–2% (vol↓),TOPPING,CAUTION,OTHER,0.0,0.2122,0.1168,INFRA,12.0,0.0,,7.0,2.0,5.0,1.0,,,1.0,Fresh,₹101 – ₹104,₹97 (−5.0%),8–20% (12m),✅ 2.4:1,73.9,56,True,2026-06-05 12:45:06,8.0,4.0,0,4.0,0.0,5.0,4.0,6.0,2.0,0.0,0.0,2.0,2.0,0.0,0.0,0.0,0.0,1.0,0.0,0.0,1.0,0.0,0.0,0.0,0.0,0.0,0.0,0.0,0.0,4.0,0.0,0.0,True,11.0
INE835B01035,MOLDTECH,MOLD-TEK TECHNOL,Construction,False,,,16,12,10.0,8,4,63,WATCHLIST_CONFIRMED,,↓6,False,False,1–2% (vol↓),TOPPING,CAUTION,OTHER,0.0,0.0288,0.0,INFRA,12.0,0.0,,6.0,2.0,10.0,3.0,,,1.0,Fresh,₹117 – ₹121,₹113 (−4.6%),8–20% (12m),✅ 2.6:1,73.9,56,True,2026-06-05 12:45:07,4.0,0.0,0,4.0,4.0,5.0,0.0,0.0,2.0,4.0,4.0,2.0,2.0,0.0,0.0,0.0,0.0,0.0,0.0,0.0,0.0,1.0,0.0,0.0,0.0,3.0,0.0,0.0,0.0,4.0,0.0,0.0,True,46.0
INE368U01029,UNITEDPOLY,UNITED POLYFAB,Textiles & Apparels,False,,,18,5,10.0,14,13,63,WATCHLIST_CONFIRMED,,↓3,False,False,2–4% (vol↓),LATE_CYCLE,CAUTION,OTHER,0.0,0.2554,0.0,PLI,12.0,-1.0,EARN_REV_DIVERGE,7.0,2.0,3.0,0.0,,,1.0,Fresh,₹33 – ₹35,₹30 (−10.1%),8–20% (12m),❌ 1.2:1,73.9,60,True,2026-06-05 12:45:07,8.0,4.0,0,0.0,4.0,5.0,0.0,6.0,2.0,0.0,0.0,0.0,0.0,2.0,1.0,3.0,0.0,0.0,0.0,0.0,0.0,1.0,0.0,0.0,0.0,0.0,0.0,0.0,9.0,4.0,0.0,0.0,False,
INE508G01029,TIMETECHNO,TIME TECHNOPLAST,Industrial Products,False,,,20,12,10.0,8,4,63,WATCHLIST_CONFIRMED,,─,False,False,4–6%,TOPPING,CAUTION,OTHER,0.0,0.4556,0.2672,nan,13.0,0.0,,6.0,2.0,9.0,2.0,,,1.0,Fresh,₹169 – ₹174,₹164 (−4.4%),8–20% (12m),✅ 2.7:1,73.9,61,True,2026-06-05 12:45:09,8.0,2.0,0,4.0,4.0,5.0,0.0,6.0,2.0,0.0,4.0,2.0,2.0,0.0,0.0,0.0,0.0,0.0,0.0,0.0,1.0,0.0,0.0,0.0,0.0,3.0,0.0,0.0,0.0,4.0,0.0,0.0,True,8.0
INE805D01034,SUNTECK,SUNTECK REALTY,Realty,False,,,7,15,13.0,4,4,63,WATCHLIST_CONFIRMED,▼ At risk: near WATCHLIST_EXTERNAL boundary,↓10,False,False,1–2% (vol↓),CORRECTION,CAUTION,OTHER,0.0,0.8091,0.0226,INFRA,11.0,0.0,,2.0,0.0,10.0,3.0,,,1.0,Fresh,₹276 – ₹287,₹266 (−5.6%),8–20% (12m),✅ 2.1:1,73.9,55,True,2026-06-05 12:45:09,0.0,0.0,0,4.0,0.0,5.0,4.0,6.0,2.0,4.0,4.0,2.0,2.0,0.0,0.0,0.0,0.0,0.0,0.0,0.0,0.0,0.0,2.0,0.0,0.0,0.0,0.0,0.0,0.0,4.0,0.0,0.0,False,44.0
INE855C01023,WEBELSOLAR,WEBSOL ENERGY,Electrical Equipment,False,,,20,14,10.0,4,4,63,WATCHLIST_CONFIRMED,▲ Approaching STRONG,↑4,False,False,2–4% (vol↓),TOPPING,CAUTION,OTHER,0.0,0.2526,0.0064,"CAPEX_SUPERCYCLE,POWER",12.0,0.0,,7.0,2.0,8.0,2.0,,,1.0,Fresh,₹105 – ₹110,₹100 (−6.6%),8–20% (12m),⚠ 1.8:1,73.9,66,True,2026-06-05 12:45:10,8.0,4.0,0,4.0,4.0,5.0,4.0,6.0,2.0,4.0,4.0,0.0,0.0,2.0,0.0,0.0,0.0,0.0,0.0,0.0,0.0,0.0,0.0,0.0,0.0,0.0,0.0,0.0,0.0,4.0,0.0,0.0,True,
INE366I01010,VRLLOG,VRL LOGISTICS,Transport Services,False,,,17,8,10.0,0,4,63,WATCHLIST_EXTERNAL,,↓15,False,False,2–3%,TOPPING,CAUTION,OTHER,0.0,0.1328,0.4868,INFRA,10.0,0.0,,5.0,2.0,8.0,2.0,,,1.0,Fresh,₹232 – ₹238,₹226 (−3.8%),2–8% (12m),⚠ 1.9:1,73.9,48,True,2026-06-05 12:45:10,4.0,2.0,0,4.0,4.0,5.0,0.0,0.0,2.0,0.0,4.0,2.0,2.0,0.0,0.0,0.0,0.0,0.0,0.0,0.0,0.0,0.0,0.0,0.0,0.0,0.0,0.0,0.0,0.0,4.0,0.0,0.0,False,
INE012Q01039,RNBDENIMS,R&B DENIMS,Textiles & Apparels,False,,,20,5,13.0,4,13,63,WATCHLIST_CONFIRMED,,↓3,False,False,2–4% (vol↓),LATE_CYCLE,CAUTION,OTHER,0.0,0.092,0.0,PLI,10.0,0.0,,7.0,2.0,5.0,1.0,,,1.0,Fresh,₹10 – ₹11,₹10 (−8.2%),8–20% (12m),❌ 1.5:1,73.9,60,True,2026-06-05 12:45:13,8.0,2.0,0,4.0,4.0,5.0,0.0,0.0,2.0,0.0,4.0,0.0,0.0,0.0,0.0,0.0,0.0,0.0,0.0,0.0,0.0,0.0,0.0,2.0,0.0,0.0,0.0,0.0,9.0,4.0,0.0,0.0,False,60.0
INE227W01023,CLEAN,CLEAN SCIENCE,Chemicals & Petrochemicals,False,,,20,5,13.0,10,13,63,WATCHLIST_CONFIRMED,▲ Approaching STRONG,─,False,False,4–6%,LATE_CYCLE,CAUTION,OTHER,0.0,0.554,0.2495,PLI,11.0,0.0,,6.0,2.0,6.0,1.0,,,1.0,Fresh,₹782 – ₹805,₹759 (−4.4%),8–20% (12m),✅ 2.7:1,73.9,65,True,2026-06-05 12:45:16,8.0,4.0,0,4.0,4.0,5.0,0.0,0.0,2.0,0.0,4.0,0.0,0.0,0.0,0.0,0.0,0.0,0.0,0.0,0.0,0.0,0.0,2.0,0.0,0.0,3.0,0.0,0.0,9.0,4.0,0.0,0.0,False,
INE0NLT01010,BLSE,BLS E-SERVICES,IT - Services,False,,,16,10,10.0,24,14,63,STRONG,▼ At risk: near WATCHLIST_CONFIRMED boundary,↑8,False,False,2–4% (vol↓),BASING,CAUTION,OTHER,0.0,0.0307,0.0,DIGITAL,17.0,0.0,,6.0,2.0,4.0,1.0,,,1.0,Fresh,₹221 – ₹229,₹210 (−6.5%),18–38% (12m),✅ 3.1:1,73.9,71,True,2026-06-05 12:45:16,4.0,0.0,0,4.0,4.0,5.0,4.0,6.0,2.0,0.0,0.0,2.0,0.0,2.0,1.0,3.0,1.0,0.0,1.0,0.0,0.0,1.0,0.0,0.0,0.0,3.0,0.0,0.0,10.0,4.0,0.0,0.0,True,
INE037Z01029,CEWATER,CONCORD ENVIRO,Other Utilities,False,,,15,8,13.0,6,4,63,WATCHLIST_CONFIRMED,▼ At risk: near WATCHLIST_EXTERNAL boundary,↓12,False,False,1–2% (vol↓),TOPPING,CAUTION,OTHER,0.0,0.3662,0.139,"POWER,WATER",10.0,0.0,,4.0,1.0,2.0,0.0,,,1.0,Fresh,₹241 – ₹253,₹229 (−7.2%),8–20% (12m),⚠ 1.7:1,73.9,52,True,2026-06-05 12:45:16,4.0,0.0,0,4.0,4.0,5.0,4.0,6.0,2.0,0.0,0.0,0.0,0.0,0.0,0.0,0.0,0.0,0.0,0.0,0.0,1.0,0.0,2.0,0.0,0.0,0.0,0.0,0.0,0.0,4.0,0.0,0.0,False,13.0
INE066A01021,EICHERMOT,EICHER MOTORS,Automobiles,False,,,20,12,8.0,14,14,63,STRONG,,↑10,False,False,4–6%,BASING,CAUTION,OTHER,1.0,1.0797,0.2029,PREMIUMISATION,15.0,0.0,,7.0,2.0,8.0,2.0,,,1.0,Fresh,"₹7,050 – ₹7,210","₹6,809 (−4.5%)",12–25% (12m),✅ 4.4:1,73.9,74,True,2026-06-05 12:45:18,8.0,4.0,0,4.0,4.0,5.0,4.0,6.0,2.0,0.0,4.0,0.0,0.0,2.0,1.0,3.0,0.0,0.0,0.0,0.0,0.0,1.0,0.0,0.0,0.0,0.0,0.0,0.0,10.0,4.0,0.0,0.0,True,
INE284H01025,DAMCAPITAL,DAM CAPITAL ADVI,Capital Markets,False,,,20,8,13.0,12,4,63,WATCHLIST_CONFIRMED,▲ Approaching STRONG,─,False,False,2–4% (vol↓),TOPPING,CAUTION,FINANCIALS,0.0,0.1369,0.0218,FIN_INCLUSION,12.0,0.0,,8.0,3.0,3.0,0.0,,,1.0,Fresh,₹143 – ₹149,₹138 (−5.4%),8–20% (12m),✅ 2.2:1,73.9,65,True,2026-06-05 12:45:19,8.0,4.0,0,4.0,4.0,5.0,4.0,6.0,2.0,0.0,0.0,0.0,0.0,0.0,0.0,0.0,0.0,0.0,0.0,0.0,1.0,0.0,2.0,0.0,0.0,3.0,0.0,0.0,0.0,4.0,0.0,0.0,False,13.0
INE935N01020,DIXON,DIXON TECHNOLOG.,Consumer Durables,False,,,20,13,8.0,2,13,63,STRONG,▼ At risk: near WATCHLIST_CONFIRMED boundary,↑6,False,False,4–6%,LATE_CYCLE,CAUTION,CONSUMPTION,1.0,0.8712,0.3824,PREMIUMISATION,13.0,0.0,,6.0,2.0,8.0,2.0,,,1.0,Fresh,"₹11,075 – ₹11,379","₹10,621 (−5.4%)",12–25% (12m),✅ 3.7:1,73.9,69,True,2026-06-05 12:45:20,8.0,4.0,0,4.0,4.0,5.0,4.0,6.0,2.0,0.0,4.0,2.0,0.0,0.0,0.0,0.0,0.0,0.0,0.0,0.0,1.0,0.0,0.0,0.0,0.0,0.0,0.0,0.0,9.0,4.0,0.0,0.0,False,30.0
INE00WC01027,AFFLE,AFFLE 3I,IT - Services,False,,,17,15,10.0,4,14,63,STRONG,▼ At risk: near WATCHLIST_CONFIRMED boundary,↑8,False,False,2–4% (vol↓),BASING,CAUTION,OTHER,0.0,0.7172,0.2733,DIGITAL,14.0,0.0,,5.0,2.0,8.0,2.0,,,1.0,Fresh,"₹1,446 – ₹1,493","₹1,375 (−6.4%)",18–38% (12m),✅ 3.1:1,73.9,71,True,2026-06-05 12:45:22,4.0,2.0,0,4.0,4.0,5.0,4.0,6.0,2.0,4.0,4.0,2.0,0.0,0.0,0.0,0.0,0.0,0.0,0.0,0.0,0.0,0.0,0.0,0.0,2.0,0.0,0.0,0.0,10.0,4.0,0.0,0.0,True,
INE0GV601021,ALLTIME,ALL TIME PLASTIC,Consumer Durables,False,,,20,9,10.0,8,13,63,STRONG,▼ At risk: near WATCHLIST_CONFIRMED boundary,↑6,False,False,2–4% (vol↓),LATE_CYCLE,CAUTION,CONSUMPTION,0.0,0.1208,0.0454,PREMIUMISATION,12.0,0.0,,5.0,2.0,5.0,1.0,,,1.0,Fresh,₹215 – ₹223,₹204 (−7.0%),18–38% (12m),✅ 2.9:1,73.9,69,True,2026-06-05 12:45:23,8.0,4.0,0,4.0,4.0,5.0,0.0,6.0,2.0,0.0,4.0,0.0,0.0,0.0,0.0,0.0,0.0,0.0,0.0,0.0,1.0,0.0,0.0,0.0,0.0,3.0,0.0,0.0,9.0,4.0,0.0,0.0,False,13.0
INE787D01026,BALKRISIND,BALKRISHNA INDS,Auto Components,False,,,20,11,13.0,10,14,63,STRONG,,↑10,False,False,4–6%,BASING,CAUTION,OTHER,0.0,0.4514,0.3564,PLI,15.0,0.0,,6.0,2.0,8.0,2.0,,,1.0,Fresh,"₹2,172 – ₹2,229","₹2,085 (−5.2%)",18–38% (12m),✅ 3.8:1,73.9,73,True,2026-06-05 12:45:23,8.0,2.0,0,4.0,4.0,5.0,0.0,0.0,2.0,4.0,4.0,2.0,2.0,0.0,0.0,0.0,0.0,0.0,0.0,0.0,1.0,0.0,2.0,2.0,0.0,0.0,0.0,0.0,10.0,4.0,0.0,0.0,True,27.0
INE164A01016,BALMLAWRIE,BALMER LAWRIE,Diversified,False,,,17,8,13.0,6,13,63,WATCHLIST_CONFIRMED,,─,False,False,4–6%,LATE_CYCLE,CAUTION,OTHER,0.0,0.1344,0.0,nan,13.0,0.0,,5.0,2.0,3.0,0.0,,,1.0,Fresh,₹181 – ₹184,₹177 (−3.0%),8–20% (12m),✅ 3.9:1,73.9,63,False,2026-06-05 12:45:24,4.0,2.0,0,4.0,4.0,5.0,0.0,6.0,2.0,0.0,0.0,2.0,2.0,0.0,0.0,0.0,0.0,0.0,0.0,0.0,1.0,0.0,2.0,0.0,0.0,0.0,0.0,0.0,9.0,4.0,0.0,0.0,False,18.0
INE483B01026,ICIL,INDO COUNT INDS.,Textiles & Apparels,False,,,16,6,10.0,20,13,63,WATCHLIST_CONFIRMED,,↓3,False,False,2–4% (vol↓),LATE_CYCLE,CAUTION,OTHER,0.0,0.4244,0.0958,PLI,15.0,0.0,,5.0,2.0,7.0,2.0,,,1.0,Fresh,₹337 – ₹352,₹322 (−6.6%),8–20% (12m),⚠ 1.8:1,73.9,60,True,2026-06-05 12:45:25,4.0,0.0,0,4.0,4.0,5.0,0.0,0.0,2.0,0.0,4.0,0.0,0.0,2.0,1.0,3.0,1.0,1.0,1.0,0.0,0.0,1.0,0.0,0.0,0.0,0.0,0.0,0.0,9.0,4.0,0.0,0.0,False,
INE720A01015,KOTHARIPET,KOTHARI PETROCHE,Chemicals & Petrochemicals,False,,,20,5,13.0,8,13,63,WATCHLIST_CONFIRMED,▲ Approaching STRONG,─,False,False,2–4% (vol↓),LATE_CYCLE,CAUTION,OTHER,0.0,0.0212,0.0016,PLI,11.0,0.0,,7.0,2.0,1.0,0.0,,,1.0,Fresh,₹116 – ₹122,₹111 (−6.9%),8–20% (12m),⚠ 1.7:1,73.9,65,True,2026-06-05 12:45:27,8.0,4.0,0,4.0,4.0,5.0,0.0,6.0,2.0,0.0,0.0,0.0,0.0,0.0,0.0,0.0,0.0,0.0,0.0,0.0,0.0,0.0,2.0,2.0,0.0,0.0,0.0,0.0,9.0,4.0,0.0,0.0,False,
INE039C01032,JAMNAAUTO,JAMNA AUTO INDS.,Auto Components,False,,,20,3,13.0,28,14,63,STRONG,,↑14,False,False,2–4% (vol↓),BASING,CAUTION,OTHER,0.0,0.3894,0.0805,PLI,17.0,0.0,,5.0,2.0,4.0,1.0,,,1.0,Fresh,₹119 – ₹124,₹112 (−8.1%),18–38% (12m),✅ 2.5:1,73.9,73,True,2026-06-05 12:45:27,8.0,4.0,0,4.0,4.0,5.0,0.0,0.0,2.0,0.0,0.0,0.0,2.0,2.0,1.0,3.0,0.0,0.0,1.0,0.0,0.0,1.0,2.0,2.0,0.0,0.0,0.0,2.0,10.0,4.0,0.0,0.0,False,50.0
INE451A01017,FORCEMOT,FORCE MOTORS,Automobiles,False,,,19,10,13.0,22,14,63,STRONG,,↑10,False,False,2–4% (vol↓),BASING,CAUTION,OTHER,0.0,0.4778,0.0196,PREMIUMISATION,16.0,0.0,,8.0,3.0,7.0,2.0,,,1.0,Fresh,"₹17,166 – ₹17,838","₹16,158 (−7.7%)",18–38% (12m),✅ 2.6:1,73.9,75,True,2026-06-05 12:45:29,8.0,4.0,0,4.0,4.0,0.0,4.0,0.0,2.0,0.0,4.0,0.0,2.0,0.0,1.0,3.0,0.0,0.0,0.0,0.0,0.0,1.0,2.0,2.0,2.0,0.0,0.0,0.0,10.0,4.0,0.0,0.0,True,36.0
INE211B01039,PHOENIXLTD,PHOENIX MILLS,Realty,False,,,11,13,8.0,16,4,62,WATCHLIST_CONFIRMED,▼ At risk: near WATCHLIST_EXTERNAL boundary,─,False,False,2–3%,CORRECTION,CAUTION,OTHER,1.0,1.3212,0.2931,INFRA,14.0,0.0,,3.0,1.0,9.0,2.0,,,1.0,Fresh,"₹1,689 – ₹1,732","₹1,646 (−3.8%)",8–20% (12m),✅ 3.2:1,71.5,54,True,2026-06-05 12:45:00,0.0,0.0,0,4.0,4.0,5.0,4.0,6.0,2.0,0.0,4.0,2.0,0.0,2.0,1.0,3.0,0.0,0.0,1.0,0.0,0.0,1.0,0.0,0.0,0.0,0.0,0.0,0.0,0.0,4.0,0.0,0.0,False,
INE626Z01029,HARDWYN,HARDWYN INDIA,Consumer Durables,False,,,11,8,13.0,28,13,62,STRONG,▼ At risk: near WATCHLIST_CONFIRMED boundary,↑6,False,False,2–4% (vol↓),LATE_CYCLE,CAUTION,CONSUMPTION,0.0,0.0326,0.0,PREMIUMISATION,16.0,0.0,,4.0,1.0,3.0,0.0,,,1.0,Fresh,₹25 – ₹26,₹23 (−10.8%),18–38% (12m),⚠ 1.9:1,71.5,68,True,2026-06-05 12:45:00,0.0,0.0,0,4.0,4.0,5.0,4.0,6.0,2.0,0.0,0.0,0.0,0.0,2.0,1.0,3.0,0.0,0.0,1.0,0.0,0.0,1.0,2.0,2.0,0.0,0.0,0.0,2.0,9.0,4.0,0.0,0.0,False,
INE737D01021,MODISONLTD,MODISON,Electrical Equipment,False,,,12,11,13.0,30,4,62,WATCHLIST_CONFIRMED,▲ Approaching STRONG,↑4,False,False,2–4% (vol↓),TOPPING,CAUTION,OTHER,0.0,0.0354,0.0,"CAPEX_SUPERCYCLE,POWER",18.0,-3.0,PAPER_PROFIT,4.0,1.0,7.0,2.0,,,1.0,Fresh,₹321 – ₹337,₹305 (−7.4%),8–20% (12m),⚠ 1.6:1,71.5,65,True,2026-06-05 12:45:00,4.0,0.0,0,4.0,4.0,5.0,0.0,6.0,0.0,0.0,4.0,2.0,2.0,2.0,1.0,3.0,1.0,1.0,0.0,0.0,1.0,1.0,2.0,0.0,0.0,3.0,0.0,0.0,0.0,4.0,0.0,0.0,False,13.0
INE039A01010,IFCI,IFCI,Finance,False,,,1,5,13.0,26,13,62,WATCHLIST_EXTERNAL,,↓18,False,False,1–2% (vol↓),LATE_CYCLE,CAUTION,FINANCIALS,0.0,0.1148,0.0028,FIN_INCLUSION,13.0,-3.0,PAPER_PROFIT,3.0,1.0,4.0,1.0,,,1.0,Fresh,₹79 – ₹82,₹75 (−6.2%),2–8% (12m),❌ 1.1:1,71.5,44,True,2026-06-05 12:45:00,0.0,0.0,0,0.0,0.0,0.0,4.0,0.0,0.0,0.0,0.0,2.0,0.0,2.0,1.0,3.0,1.0,1.0,1.0,1.0,0.0,1.0,2.0,0.0,0.0,0.0,0.0,0.0,9.0,4.0,0.0,0.0,False,
INE840Y01029,ONEPOINT,ONE POINT ONE,Commercial Services & Supplies,False,,,11,9,13.0,10,13,62,WATCHLIST_CONFIRMED,,─,False,False,2–4% (vol↓),LATE_CYCLE,CAUTION,OTHER,0.0,0.2934,0.0,nan,11.0,0.0,,3.0,1.0,4.0,1.0,,,1.0,Fresh,₹57 – ₹59,₹54 (−6.6%),8–20% (12m),⚠ 1.8:1,71.5,60,True,2026-06-05 12:45:00,0.0,0.0,0,4.0,4.0,5.0,4.0,6.0,2.0,0.0,0.0,0.0,0.0,2.0,0.0,0.0,0.0,0.0,1.0,0.0,0.0,0.0,2.0,0.0,0.0,0.0,0.0,0.0,9.0,4.0,0.0,0.0,False,
INE916Y01027,AFIL,AKME FINTRADE,Finance,False,,,0,5,13.0,20,13,62,WATCHLIST_EXTERNAL,,↓18,False,False,1–2% (vol↓),LATE_CYCLE,CAUTION,FINANCIALS,0.0,0.0334,0.0,FIN_INCLUSION,10.0,-3.0,PAPER_PROFIT,1.0,0.0,4.0,1.0,,,1.0,Fresh,₹10 – ₹10,₹9 (−6.6%),2–8% (12m),❌ 1.1:1,71.5,44,True,2026-06-05 12:45:00,0.0,0.0,0,4.0,0.0,0.0,0.0,6.0,0.0,0.0,0.0,0.0,0.0,2.0,1.0,3.0,1.0,0.0,0.0,0.0,0.0,1.0,2.0,0.0,0.0,0.0,0.0,0.0,9.0,4.0,0.0,0.0,False,36.0
INE0GXK01018,VMARCIND,V-MARC INDIA,Industrial Products,False,,,15,11,10.0,18,4,62,WATCHLIST_CONFIRMED,,─,False,False,2–4% (vol↓),TOPPING,CAUTION,OTHER,0.0,0.0166,0.0,nan,14.0,0.0,,4.0,1.0,6.0,1.0,,,1.0,Fresh,"₹1,403 – ₹1,478","₹1,327 (−7.9%)",8–20% (12m),⚠ 1.5:1,71.5,60,True,2026-06-05 12:45:00,8.0,4.0,0,0.0,0.0,5.0,4.0,6.0,2.0,0.0,4.0,0.0,0.0,2.0,1.0,3.0,1.0,0.0,1.0,0.0,0.0,1.0,0.0,0.0,0.0,0.0,0.0,0.0,0.0,4.0,0.0,0.0,True,
INE0QRV01016,ABSMARINE,ABS MARINE,Transport Services,False,,,6,11,10.0,16,4,62,WATCHLIST_EXTERNAL,,↓15,False,False,1–2% (vol↓),TOPPING,CAUTION,OTHER,0.0,0.0272,0.0,INFRA,12.0,0.0,,2.0,0.0,6.0,1.0,,,1.0,Fresh,₹269 – ₹288,₹249 (−10.3%),2–8% (12m),❌ 0.7:1,71.5,47,True,2026-06-05 12:45:00,0.0,0.0,0,4.0,4.0,0.0,4.0,6.0,2.0,0.0,4.0,0.0,0.0,2.0,1.0,3.0,0.0,0.0,1.0,0.0,0.0,1.0,0.0,0.0,0.0,0.0,0.0,0.0,0.0,4.0,0.0,0.0,False,
INE683C01011,MAITHANALL,MAITHAN ALLOYS,Ferrous Metals,False,,,16,3,13.0,12,4,62,WATCHLIST_EXTERNAL,,↓14,False,False,1–2% (vol↓),CORRECTION,CAUTION,OTHER,0.0,0.0664,0.0,nan,11.0,0.0,,6.0,2.0,4.0,1.0,,,1.0,Fresh,"₹1,053 – ₹1,088","₹1,018 (−4.9%)",2–8% (12m),❌ 1.4:1,71.5,48,True,2026-06-05 12:45:05,8.0,2.0,0,4.0,4.0,0.0,0.0,0.0,2.0,0.0,0.0,2.0,0.0,2.0,0.0,0.0,0.0,1.0,0.0,0.0,1.0,0.0,2.0,0.0,0.0,0.0,0.0,0.0,0.0,4.0,0.0,0.0,False,19.0
INE0N7S01028,MOS,MOS UTILITY,Financial Technology (Fintech),False,,,20,8,10.0,2,13,62,WATCHLIST_CONFIRMED,,─,False,False,2–4% (vol↓),LATE_CYCLE,CAUTION,FINANCIALS,0.0,0.508,0.0,"DIGITAL,FIN_INCLUSION",11.0,0.0,,6.0,2.0,2.0,0.0,,,1.0,Fresh,₹15 – ₹16,₹15 (−5.3%),8–20% (12m),✅ 2.3:1,71.5,62,False,2026-06-05 12:45:06,8.0,2.0,0,4.0,4.0,5.0,4.0,6.0,2.0,0.0,0.0,0.0,0.0,0.0,0.0,0.0,0.0,0.0,0.0,0.0,0.0,1.0,0.0,0.0,0.0,0.0,0.0,0.0,9.0,4.0,0.0,0.0,False,
INE144J01027,20MICRONS,20 MICRONS,Minerals & Mining,False,,,19,5,13.0,8,13,62,WATCHLIST_CONFIRMED,,─,False,False,2–4% (vol↓),LATE_CYCLE,CAUTION,OTHER,0.0,0.0574,0.0,nan,12.0,0.0,,4.0,1.0,2.0,0.0,,,1.0,Fresh,₹184 – ₹194,₹173 (−8.4%),8–20% (12m),❌ 1.4:1,71.5,62,False,2026-06-05 12:45:07,8.0,2.0,0,4.0,4.0,5.0,0.0,6.0,2.0,0.0,0.0,0.0,0.0,0.0,0.0,0.0,0.0,1.0,0.0,0.0,1.0,0.0,2.0,0.0,0.0,0.0,0.0,0.0,9.0,4.0,0.0,0.0,False,13.0
INE0NVI01020,TRANSTEEL,TRANSTEEL SEATIN,Consumer Durables,False,,,16,11,13.0,4,13,62,WATCHLIST_CONFIRMED,▼ At risk: near WATCHLIST_CONFIRMED boundary,↑6,False,False,2–4% (vol↓),LATE_CYCLE,CAUTION,CONSUMPTION,0.0,0.5009,0.0,PREMIUMISATION,12.0,-3.0,PAPER_PROFIT,3.0,1.0,6.0,1.0,,,1.0,Fresh,₹115 – ₹122,₹109 (−8.2%),8–20% (12m),❌ 1.5:1,71.5,68,True,2026-06-05 12:45:07,8.0,2.0,0,4.0,4.0,5.0,4.0,6.0,2.0,0.0,4.0,0.0,0.0,0.0,0.0,0.0,0.0,0.0,0.0,0.0,0.0,0.0,2.0,0.0,0.0,0.0,0.0,0.0,9.0,4.0,0.0,0.0,False,
INE825A01020,VTL,VARDHMAN TEXTILE,Textiles & Apparels,False,,,11,7,10.0,24,13,62,WATCHLIST_CONFIRMED,,↓3,False,False,1–2% (vol↓),LATE_CYCLE,CAUTION,OTHER,0.0,0.2366,0.2875,PLI,15.0,0.0,,4.0,1.0,8.0,2.0,,,1.0,Fresh,₹610 – ₹630,₹590 (−4.9%),8–20% (12m),✅ 2.5:1,71.5,59,True,2026-06-05 12:45:10,0.0,0.0,0,4.0,4.0,5.0,0.0,0.0,2.0,0.0,4.0,2.0,0.0,2.0,1.0,3.0,1.0,0.0,1.0,0.0,0.0,1.0,0.0,0.0,0.0,3.0,0.0,0.0,9.0,4.0,0.0,0.0,False,32.0
INE411B01019,VENUSREM,VENUS REMEDIES,Pharmaceuticals & Biotechnology,False,,,16,7,13.0,32,13,62,STRONG,▼ At risk: near WATCHLIST_CONFIRMED boundary,↑9,False,False,2–4% (vol↓),LATE_CYCLE,CAUTION,OTHER,0.0,0.1446,0.0,"HEALTHCARE,PLI",19.0,0.0,,5.0,2.0,8.0,2.0,,,1.0,Fresh,"₹1,455 – ₹1,509","₹1,374 (−7.3%)",18–38% (12m),✅ 2.7:1,71.5,71,True,2026-06-05 12:45:11,4.0,0.0,0,4.0,4.0,5.0,0.0,0.0,2.0,0.0,4.0,0.0,2.0,2.0,1.0,3.0,1.0,1.0,1.0,0.0,0.0,1.0,2.0,2.0,0.0,0.0,0.0,2.0,9.0,4.0,0.0,0.0,False,
INE1B6101010,SHREEJISPG,SHREEJI SHIP. GL,Transport Services,False,,,19,1,10.0,16,4,62,WATCHLIST_EXTERNAL,,↓15,False,False,1–2% (vol↓),TOPPING,CAUTION,OTHER,0.0,0.0098,0.0182,INFRA,11.0,0.0,,8.0,3.0,3.0,0.0,,,1.0,Fresh,₹455 – ₹470,₹441 (−4.8%),2–8% (12m),❌ 1.5:1,71.5,47,True,2026-06-05 12:45:14,8.0,4.0,0,4.0,4.0,0.0,0.0,0.0,2.0,0.0,0.0,0.0,0.0,2.0,1.0,3.0,1.0,0.0,0.0,0.0,0.0,1.0,0.0,0.0,0.0,0.0,0.0,0.0,0.0,4.0,0.0,0.0,False,
INE683A01023,SOUTHBANK,SOUTH IND.BANK,Banks,False,,,1,12,9.0,32,13,62,WATCHLIST_CONFIRMED,,↓6,False,False,2–3%,LATE_CYCLE,CAUTION,FINANCIALS,1.0,1.1213,0.2252,FIN_INCLUSION,17.0,-3.0,PAPER_PROFIT,3.0,1.0,7.0,2.0,,,1.0,Fresh,₹43 – ₹44,₹42 (−4.3%),8–20% (12m),✅ 2.8:1,71.5,56,True,2026-06-05 12:45:15,0.0,2.0,0,0.0,0.0,0.0,4.0,6.0,0.0,0.0,4.0,2.0,0.0,2.0,1.0,3.0,1.0,0.0,1.0,0.0,1.0,1.0,2.0,2.0,0.0,0.0,0.0,2.0,9.0,4.0,0.0,0.0,False,30.0
INE625X01026,SILVERTUC,SILVER TOUCH,IT - Software,False,,,17,12,13.0,8,14,62,WATCHLIST_CONFIRMED,,↑10,False,False,2–4% (vol↓),BASING,CAUTION,OTHER,0.0,0.0532,0.0,DIGITAL,13.0,-3.0,PAPER_PROFIT,5.0,2.0,8.0,2.0,,,1.0,Fresh,₹171 – ₹179,₹163 (−7.0%),8–20% (12m),⚠ 1.7:1,71.5,72,True,2026-06-05 12:45:15,8.0,2.0,0,4.0,4.0,5.0,4.0,6.0,0.0,0.0,4.0,0.0,2.0,0.0,0.0,0.0,0.0,0.0,0.0,0.0,0.0,0.0,2.0,2.0,0.0,0.0,0.0,0.0,10.0,4.0,0.0,0.0,True,34.0
INE274V01019,SHANKARA,SHANKARA BUILDING,Retailing,False,,,12,14,10.0,8,4,62,WATCHLIST_CONFIRMED,,↓5,False,False,1–2% (vol↓),TOPPING,CAUTION,OTHER,0.0,0.2736,0.0,PREMIUMISATION,11.0,0.0,,6.0,2.0,8.0,2.0,,,1.0,Fresh,₹113 – ₹117,₹109 (−5.0%),8–20% (12m),✅ 2.4:1,71.5,57,True,2026-06-05 12:45:15,4.0,0.0,0,0.0,4.0,5.0,4.0,6.0,2.0,4.0,4.0,0.0,0.0,0.0,0.0,0.0,0.0,0.0,0.0,0.0,1.0,0.0,0.0,0.0,0.0,3.0,0.0,0.0,0.0,4.0,0.0,0.0,False,30.0
INE741K01010,CREDITACC,CREDITACC. GRAM.,Finance,False,,,0,11,13.0,4,13,62,WATCHLIST_EXTERNAL,,↓22,False,False,2–3%,LATE_CYCLE,CAUTION,FINANCIALS,0.0,0.5215,0.1965,FIN_INCLUSION,9.0,-4.0,PAPER_PROFIT|DE_ROCE_STRESS,2.0,0.0,7.0,2.0,,,1.0,Fresh,"₹1,252 – ₹1,287","₹1,217 (−4.1%)",2–8% (12m),⚠ 1.7:1,71.5,44,True,2026-06-05 12:45:16,0.0,0.0,0,4.0,0.0,0.0,4.0,0.0,2.0,0.0,4.0,2.0,2.0,0.0,0.0,0.0,0.0,0.0,0.0,0.0,0.0,0.0,2.0,0.0,0.0,0.0,0.0,0.0,9.0,4.0,0.0,0.0,False,
INE00E101023,BIKAJI,BIKAJI FOODS,Food Products,False,,,16,13,10.0,6,4,62,WATCHLIST_CONFIRMED,,↓5,False,False,2–3%,CORRECTION,CAUTION,OTHER,0.0,0.1902,0.2387,"AGRI,PLI",13.0,0.0,,4.0,1.0,8.0,2.0,,,1.0,Fresh,₹640 – ₹659,₹621 (−4.3%),8–20% (12m),✅ 2.8:1,71.5,57,True,2026-06-05 12:45:16,4.0,2.0,0,4.0,4.0,5.0,4.0,6.0,2.0,0.0,4.0,2.0,0.0,0.0,0.0,0.0,0.0,0.0,0.0,0.0,1.0,0.0,0.0,0.0,2.0,0.0,0.0,0.0,0.0,4.0,0.0,0.0,True,14.0
INE418N01035,ESSENTIA,INTEGRA ESSENTIA,Commercial Services & Supplies,False,,,8,12,10.0,10,13,62,WATCHLIST_CONFIRMED,,─,False,False,1–2% (vol↓),LATE_CYCLE,CAUTION,OTHER,0.0,0.0406,0.0,nan,11.0,-3.0,PAPER_PROFIT,3.0,1.0,9.0,2.0,,,1.0,Fresh,₹2 – ₹2,₹2 (−7.7%),8–20% (12m),⚠ 1.6:1,71.5,59,True,2026-06-05 12:45:19,0.0,0.0,0,4.0,4.0,5.0,4.0,6.0,0.0,0.0,4.0,0.0,2.0,2.0,0.0,0.0,0.0,0.0,0.0,0.0,0.0,0.0,0.0,0.0,0.0,3.0,0.0,0.0,9.0,4.0,0.0,0.0,False,
INE128A01029,EVEREADY,EVEREADY INDS.,Household Products,False,,,18,5,13.0,8,14,62,WATCHLIST_CONFIRMED,,─,False,False,4–6%,BASING,CAUTION,OTHER,0.0,0.2378,0.053,PREMIUMISATION,12.0,-2.0,EARN_QUALITY,5.0,2.0,2.0,0.0,,,1.0,Fresh,₹314 – ₹324,₹305 (−4.3%),8–20% (12m),✅ 2.8:1,71.5,62,False,2026-06-05 12:45:19,8.0,2.0,0,4.0,4.0,5.0,0.0,6.0,2.0,0.0,0.0,0.0,0.0,0.0,0.0,0.0,0.0,1.0,0.0,0.0,0.0,1.0,2.0,0.0,0.0,0.0,0.0,0.0,10.0,4.0,0.0,0.0,False,34.0
INE148O01028,DELHIVERY,DELHIVERY,Transport Services,False,,,8,11,8.0,18,4,62,WATCHLIST_EXTERNAL,,↓14,False,False,2–3%,TOPPING,CAUTION,OTHER,1.0,1.5595,0.6552,INFRA,14.0,0.0,,4.0,1.0,9.0,2.0,,,1.0,Fresh,₹433 – ₹443,₹422 (−3.7%),2–8% (12m),⚠ 1.9:1,71.5,47,True,2026-06-05 12:45:19,0.0,0.0,0,0.0,4.0,5.0,0.0,0.0,2.0,4.0,4.0,2.0,2.0,0.0,1.0,3.0,1.0,0.0,0.0,0.0,1.0,1.0,0.0,0.0,2.0,0.0,0.0,0.0,0.0,4.0,0.0,0.0,False,19.0
INE702C01027,APLAPOLLO,APL APOLLO TUBES,Industrial Products,False,,,20,13,9.0,4,4,62,WATCHLIST_CONFIRMED,,─,False,False,4–6%,TOPPING,CAUTION,OTHER,1.0,1.678,0.2376,nan,13.0,0.0,,5.0,2.0,8.0,2.0,,,1.0,Fresh,"₹1,782 – ₹1,829","₹1,736 (−3.9%)",8–20% (12m),✅ 3.1:1,71.5,60,True,2026-06-05 12:45:22,8.0,2.0,0,4.0,4.0,5.0,4.0,0.0,2.0,4.0,4.0,2.0,2.0,0.0,0.0,0.0,0.0,0.0,0.0,0.0,0.0,0.0,2.0,0.0,0.0,0.0,0.0,0.0,0.0,4.0,0.0,0.0,True,34.0
INE1B0W01010,ADVANCE,ADVANCE AGROLIFE,Fertilizers & Agrochemicals,False,,,20,8,10.0,4,4,62,WATCHLIST_CONFIRMED,,↓5,False,False,1–2% (vol↓),TOPPING,CAUTION,OTHER,0.0,0.106,0.0,AGRI,11.0,0.0,,6.0,2.0,3.0,0.0,,,1.0,Fresh,₹101 – ₹104,₹97 (−5.1%),8–20% (12m),✅ 2.4:1,71.5,57,True,2026-06-05 12:45:22,8.0,4.0,0,4.0,4.0,5.0,4.0,6.0,2.0,0.0,0.0,0.0,0.0,0.0,0.0,0.0,0.0,0.0,0.0,0.0,1.0,1.0,0.0,0.0,0.0,0.0,0.0,0.0,0.0,4.0,0.0,0.0,False,27.0
INE540L01014,ALKEM,ALKEM LAB,Pharmaceuticals & Biotechnology,False,,,20,7,13.0,16,13,62,STRONG,▼ At risk: near WATCHLIST_CONFIRMED boundary,↑14,False,False,4–6%,LATE_CYCLE,CAUTION,OTHER,0.0,0.4074,0.3114,"HEALTHCARE,PLI",14.0,0.0,,6.0,2.0,8.0,2.0,,,1.0,Fresh,"₹5,199 – ₹5,349","₹4,974 (−5.7%)",18–38% (12m),✅ 3.5:1,71.5,71,True,2026-06-05 12:45:23,8.0,4.0,0,4.0,4.0,5.0,0.0,0.0,2.0,0.0,4.0,2.0,0.0,0.0,1.0,3.0,0.0,0.0,0.0,0.0,0.0,0.0,2.0,2.0,0.0,0.0,0.0,0.0,9.0,4.0,0.0,0.0,False,
INE03Q201024,ALIVUS,ALIVUS LIFE,Pharmaceuticals & Biotechnology,False,,,20,7,13.0,20,13,62,STRONG,▼ At risk: near WATCHLIST_CONFIRMED boundary,↑9,False,False,2–4% (vol↓),LATE_CYCLE,CAUTION,OTHER,0.0,0.2258,0.1124,"HEALTHCARE,PLI",16.0,0.0,,6.0,2.0,8.0,2.0,,,1.0,Fresh,"₹1,020 – ₹1,056",₹966 (−7.0%),18–38% (12m),✅ 2.9:1,71.5,71,True,2026-06-05 12:45:23,8.0,2.0,0,4.0,4.0,5.0,0.0,0.0,2.0,0.0,4.0,0.0,2.0,2.0,0.0,0.0,1.0,0.0,1.0,0.0,0.0,0.0,2.0,0.0,2.0,0.0,0.0,2.0,9.0,4.0,0.0,0.0,False,
INE562A01011,INDIANB,INDIAN BANK,Banks,False,,,2,12,13.0,22,13,62,WATCHLIST_CONFIRMED,,↓6,False,False,2–3%,LATE_CYCLE,CAUTION,FINANCIALS,0.0,0.2346,0.2738,FIN_INCLUSION,14.0,-3.0,PAPER_PROFIT,5.0,2.0,8.0,2.0,,,1.0,Fresh,₹838 – ₹858,₹818 (−3.6%),8–20% (12m),✅ 3.4:1,71.5,56,True,2026-06-05 12:45:25,0.0,2.0,0,0.0,0.0,0.0,0.0,6.0,2.0,0.0,4.0,2.0,2.0,2.0,1.0,3.0,0.0,0.0,0.0,0.0,0.0,1.0,2.0,2.0,0.0,0.0,0.0,0.0,9.0,4.0,0.0,0.0,False,36.0
INE760F01028,INDOAMIN,INDO AMINES,Chemicals & Petrochemicals,False,,,20,5,13.0,10,13,62,WATCHLIST_CONFIRMED,,─,False,False,2–4% (vol↓),LATE_CYCLE,CAUTION,OTHER,0.0,0.026,0.0,PLI,12.0,0.0,,5.0,2.0,2.0,0.0,,,1.0,Fresh,₹132 – ₹140,₹124 (−8.6%),8–20% (12m),❌ 1.4:1,71.5,64,True,2026-06-05 12:45:25,8.0,2.0,0,4.0,4.0,5.0,0.0,6.0,2.0,0.0,0.0,0.0,0.0,2.0,0.0,0.0,0.0,1.0,0.0,0.0,0.0,0.0,2.0,0.0,0.0,0.0,0.0,0.0,9.0,4.0,0.0,0.0,False,
INE093A01041,HEXT,HEXAWARE TECH.,IT - Software,False,,,20,11,10.0,10,14,62,STRONG,,↑10,False,False,2–4% (vol↓),BASING,CAUTION,OTHER,0.0,0.1851,0.2866,DIGITAL,13.0,0.0,,7.0,2.0,8.0,2.0,,,1.0,Fresh,₹528 – ₹547,₹501 (−6.9%),18–38% (12m),✅ 2.9:1,71.5,72,True,2026-06-05 12:45:25,8.0,4.0,0,4.0,4.0,5.0,0.0,6.0,2.0,0.0,4.0,2.0,0.0,0.0,0.0,0.0,0.0,0.0,0.0,0.0,0.0,0.0,0.0,0.0,2.0,3.0,0.0,0.0,10.0,4.0,0.0,0.0,True,
INE220G01021,JSL,JINDAL STAIN.,Ferrous Metals,False,,,17,6,10.0,10,4,62,WATCHLIST_EXTERNAL,,↓14,False,False,2–3%,CORRECTION,CAUTION,OTHER,0.0,0.8472,0.0632,nan,10.0,0.0,,6.0,2.0,7.0,2.0,,,1.0,Fresh,₹672 – ₹691,₹653 (−4.2%),2–8% (12m),⚠ 1.7:1,71.5,48,True,2026-06-05 12:45:26,4.0,2.0,0,4.0,4.0,5.0,0.0,0.0,2.0,0.0,4.0,0.0,0.0,0.0,0.0,0.0,0.0,0.0,0.0,0.0,0.0,0.0,0.0,0.0,2.0,3.0,0.0,0.0,0.0,4.0,0.0,0.0,False,
INE999A01023,KSB,KSB,Industrial Products,False,,,20,11,13.0,4,4,62,WATCHLIST_CONFIRMED,,─,False,False,2–4% (vol↓),TOPPING,CAUTION,OTHER,0.0,0.2024,0.195,nan,12.0,0.0,,5.0,2.0,8.0,2.0,,,1.0,Fresh,₹757 – ₹781,₹734 (−4.6%),8–20% (12m),✅ 2.6:1,71.5,60,True,2026-06-05 12:45:26,8.0,2.0,0,4.0,4.0,5.0,0.0,0.0,2.0,4.0,4.0,2.0,2.0,0.0,0.0,0.0,0.0,0.0,0.0,0.0,0.0,0.0,2.0,0.0,0.0,0.0,0.0,0.0,0.0,4.0,0.0,0.0,True,36.0
INE749A01030,JINDALSTEL,JINDAL STEEL,Ferrous Metals,False,,,7,6,13.0,28,4,62,WATCHLIST_EXTERNAL,,↓14,False,False,2–3%,CORRECTION,CAUTION,OTHER,0.0,0.3772,0.2898,nan,13.0,0.0,,4.0,1.0,7.0,2.0,,,1.0,Fresh,"₹1,198 – ₹1,225","₹1,172 (−3.3%)",2–8% (12m),✅ 2.1:1,71.5,48,True,2026-06-05 12:45:27,0.0,0.0,0,4.0,4.0,0.0,0.0,0.0,2.0,0.0,4.0,0.0,0.0,2.0,1.0,3.0,1.0,0.0,1.0,0.0,0.0,0.0,2.0,0.0,2.0,0.0,0.0,2.0,0.0,4.0,0.0,0.0,False,
INE00YJ01010,JARO,JARO INSTITUTE,Other Consumer Services,False,,,19,6,10.0,6,13,62,WATCHLIST_CONFIRMED,,─,False,False,2–4% (vol↓),LATE_CYCLE,CAUTION,OTHER,0.0,0.0518,0.0,nan,11.0,-3.0,PAPER_PROFIT,5.0,2.0,3.0,0.0,,,1.0,Fresh,₹583 – ₹610,₹557 (−6.7%),8–20% (12m),⚠ 1.8:1,71.5,62,False,2026-06-05 12:45:27,8.0,4.0,0,4.0,4.0,5.0,4.0,6.0,0.0,0.0,0.0,0.0,0.0,2.0,0.0,0.0,0.0,0.0,0.0,0.0,1.0,0.0,0.0,0.0,0.0,0.0,0.0,0.0,9.0,4.0,0.0,0.0,False,24.0
INE00Y201027,FLAIR,FLAIR WRITING,Household Products,False,,,15,9,10.0,12,14,62,WATCHLIST_CONFIRMED,,─,False,False,2–4% (vol↓),BASING,CAUTION,OTHER,0.0,0.0166,0.07,PREMIUMISATION,13.0,0.0,,4.0,1.0,4.0,1.0,,,1.0,Fresh,₹283 – ₹294,₹272 (−5.9%),8–20% (12m),✅ 2.0:1,71.5,62,False,2026-06-05 12:45:29,4.0,0.0,0,4.0,4.0,5.0,4.0,6.0,2.0,0.0,0.0,0.0,0.0,0.0,1.0,3.0,0.0,0.0,0.0,0.0,1.0,1.0,0.0,0.0,0.0,0.0,0.0,0.0,10.0,4.0,0.0,0.0,False,14.0
INE0JA001018,VENUSPIPES,VENUS PIPES,Industrial Products,False,,,20,10,10.0,8,4,61,WATCHLIST_CONFIRMED,,─,False,False,1–2% (vol↓),TOPPING,CAUTION,OTHER,0.0,0.1284,0.1202,nan,12.0,0.0,,6.0,2.0,4.0,1.0,,,1.0,Fresh,"₹1,387 – ₹1,451","₹1,323 (−6.8%)",8–20% (12m),⚠ 1.8:1,68.9,59,True,2026-06-05 12:44:59,8.0,2.0,0,4.0,4.0,5.0,4.0,6.0,2.0,0.0,0.0,2.0,0.0,2.0,0.0,0.0,0.0,0.0,0.0,0.0,0.0,0.0,0.0,0.0,2.0,0.0,0.0,0.0,0.0,4.0,0.0,0.0,True,
INE406A01037,AUROPHARMA,AUROBINDO PHARMA,Pharmaceuticals & Biotechnology,False,,,16,10,13.0,22,13,61,STRONG,▼ At risk: near WATCHLIST_CONFIRMED boundary,↑9,False,False,4–6%,LATE_CYCLE,CAUTION,OTHER,0.0,0.6176,0.3558,"HEALTHCARE,PLI",17.0,0.0,,5.0,2.0,8.0,2.0,,,1.0,Fresh,"₹1,422 – ₹1,459","₹1,367 (−5.1%)",18–38% (12m),✅ 3.9:1,68.9,70,True,2026-06-05 12:45:00,4.0,0.0,0,4.0,4.0,5.0,0.0,0.0,2.0,4.0,4.0,2.0,0.0,2.0,1.0,3.0,1.0,0.0,1.0,0.0,0.0,1.0,2.0,0.0,0.0,0.0,0.0,0.0,9.0,4.0,0.0,0.0,False,
INE229A01017,ONWARDTEC,ONWARD TECHNOLOG,IT - Services,False,,,17,10,13.0,10,14,61,STRONG,▼ At risk: near WATCHLIST_CONFIRMED boundary,↑8,False,False,2–4% (vol↓),BASING,CAUTION,OTHER,0.0,0.5915,0.0489,DIGITAL,14.0,0.0,,5.0,2.0,7.0,2.0,,,1.0,Fresh,₹255 – ₹265,₹240 (−7.6%),18–38% (12m),✅ 2.6:1,68.9,69,True,2026-06-05 12:45:01,4.0,2.0,0,4.0,4.0,5.0,4.0,0.0,2.0,0.0,4.0,2.0,0.0,0.0,0.0,0.0,0.0,0.0,0.0,0.0,1.0,0.0,2.0,2.0,0.0,0.0,0.0,0.0,10.0,4.0,0.0,0.0,True,24.0
INE205C01021,POLYMED,POLY MEDICURE,Healthcare Equipment & Supplies,False,,,16,15,10.0,6,4,61,WATCHLIST_CONFIRMED,,─,False,False,2–4% (vol↓),TOPPING,CAUTION,OTHER,0.0,0.2531,0.1767,HEALTHCARE,14.0,0.0,,4.0,1.0,8.0,2.0,,,1.0,Fresh,"₹1,306 – ₹1,373","₹1,239 (−7.5%)",8–20% (12m),⚠ 1.6:1,68.9,61,False,2026-06-05 12:45:02,4.0,2.0,0,4.0,4.0,5.0,4.0,6.0,2.0,4.0,4.0,2.0,0.0,0.0,0.0,0.0,0.0,0.0,0.0,0.0,1.0,0.0,0.0,0.0,2.0,0.0,0.0,0.0,0.0,4.0,0.0,0.0,True,11.0
INE818B01023,PASUPTAC,PASUPATI ACRYLON,Chemicals & Petrochemicals,False,,,7,8,13.0,32,13,61,WATCHLIST_CONFIRMED,,─,False,False,2–4% (vol↓),LATE_CYCLE,CAUTION,OTHER,0.0,0.0504,0.004,PLI,18.0,0.0,,3.0,1.0,8.0,2.0,,,1.0,Fresh,₹65 – ₹69,₹61 (−8.9%),8–20% (12m),❌ 1.4:1,68.9,63,True,2026-06-05 12:45:04,0.0,0.0,0,4.0,4.0,0.0,0.0,0.0,2.0,0.0,4.0,2.0,2.0,2.0,1.0,3.0,1.0,1.0,1.0,0.0,0.0,1.0,2.0,2.0,0.0,0.0,0.0,2.0,9.0,4.0,0.0,0.0,False,
INE0FW001016,MARKOLINES,MARKOLINES PAVEM,Construction,False,,,13,8,13.0,12,4,61,WATCHLIST_CONFIRMED,▼ At risk: near WATCHLIST_EXTERNAL boundary,↓7,False,False,1–2% (vol↓),TOPPING,CAUTION,OTHER,0.0,0.0224,0.0,INFRA,12.0,-3.0,PAPER_PROFIT,3.0,1.0,3.0,0.0,,,1.0,Fresh,₹161 – ₹167,₹155 (−5.1%),8–20% (12m),✅ 2.3:1,68.9,54,True,2026-06-05 12:45:04,8.0,2.0,0,4.0,0.0,5.0,4.0,6.0,0.0,0.0,0.0,0.0,2.0,2.0,0.0,0.0,0.0,1.0,0.0,0.0,0.0,1.0,2.0,0.0,0.0,0.0,0.0,0.0,0.0,4.0,0.0,0.0,False,51.0
INE630Y01024,MEDICO,MEDICO REMEDIES,Pharmaceuticals & Biotechnology,False,,,19,12,10.0,4,13,61,STRONG,▼ At risk: near WATCHLIST_CONFIRMED boundary,↑9,False,False,2–4% (vol↓),LATE_CYCLE,CAUTION,OTHER,0.0,0.0134,0.0,"HEALTHCARE,PLI",13.0,-1.0,EARN_REV_DIVERGE,6.0,2.0,6.0,1.0,,,1.0,Fresh,₹45 – ₹47,₹42 (−9.8%),18–38% (12m),✅ 2.0:1,68.9,70,True,2026-06-05 12:45:05,8.0,2.0,0,4.0,4.0,5.0,0.0,6.0,2.0,4.0,4.0,0.0,2.0,2.0,0.0,0.0,0.0,0.0,0.0,0.0,0.0,0.0,0.0,0.0,0.0,0.0,0.0,0.0,9.0,4.0,0.0,0.0,False,
INE935B01025,MOSCHIP,MOSCHIP TECH.,IT - Hardware,False,,,11,10,10.0,16,13,61,WATCHLIST_CONFIRMED,,─,False,False,2–4% (vol↓),LATE_CYCLE,CAUTION,TECHNOLOGY,0.0,0.099,0.0,PLI,14.0,0.0,,4.0,1.0,4.0,1.0,,,1.0,Fresh,₹210 – ₹220,₹201 (−6.6%),8–20% (12m),⚠ 1.8:1,68.9,61,False,2026-06-05 12:45:06,0.0,0.0,0,4.0,4.0,5.0,4.0,6.0,2.0,0.0,0.0,2.0,0.0,2.0,1.0,3.0,0.0,0.0,0.0,0.0,1.0,1.0,0.0,0.0,0.0,0.0,0.0,0.0,9.0,4.0,0.0,0.0,False,15.0
INE060A01024,NAVNETEDUL,NAVNEET EDUCAT.,Printing & Publication,False,,,20,11,10.0,4,4,61,WATCHLIST_CONFIRMED,,─,False,False,4–6%,TOPPING,CAUTION,OTHER,0.0,0.1402,0.2294,nan,13.0,0.0,,7.0,2.0,4.0,1.0,,,1.0,Fresh,₹140 – ₹143,₹136 (−4.0%),8–20% (12m),✅ 3.0:1,68.9,61,False,2026-06-05 12:45:06,8.0,4.0,0,4.0,4.0,5.0,4.0,6.0,2.0,0.0,0.0,2.0,2.0,0.0,0.0,0.0,0.0,0.0,0.0,0.0,1.0,1.0,0.0,0.0,0.0,0.0,0.0,0.0,0.0,4.0,0.0,0.0,True,14.0
INE0RWQ01014,TOLINS,TOLINS TYRES,Auto Components,False,,,12,14,13.0,12,14,61,WATCHLIST_CONFIRMED,,↑11,False,False,2–4% (vol↓),BASING,CAUTION,OTHER,0.0,0.0324,0.0,PLI,15.0,-3.0,PAPER_PROFIT,4.0,1.0,7.0,2.0,,,1.0,Fresh,₹96 – ₹101,₹90 (−8.3%),8–20% (12m),❌ 1.4:1,68.9,72,True,2026-06-05 12:45:07,4.0,0.0,0,4.0,4.0,5.0,4.0,6.0,0.0,4.0,4.0,0.0,2.0,0.0,0.0,0.0,0.0,1.0,0.0,0.0,1.0,0.0,2.0,2.0,0.0,0.0,0.0,0.0,10.0,4.0,0.0,0.0,False,11.0
INE869Y01010,TEMBO,TEMBO GLOBAL,Industrial Products,False,,,19,6,10.0,18,4,61,WATCHLIST_CONFIRMED,,─,False,False,1–2% (vol↓),TOPPING,CAUTION,OTHER,0.0,0.3561,0.0,nan,13.0,-3.0,PAPER_PROFIT,6.0,2.0,3.0,0.0,,,1.0,Fresh,₹559 – ₹583,₹535 (−6.3%),8–20% (12m),⚠ 1.9:1,68.9,59,True,2026-06-05 12:45:08,8.0,4.0,0,4.0,4.0,5.0,4.0,6.0,0.0,0.0,0.0,0.0,0.0,0.0,1.0,3.0,0.0,1.0,0.0,0.0,0.0,1.0,0.0,0.0,0.0,3.0,0.0,0.0,0.0,4.0,0.0,0.0,False,
INE665J01013,VMART,V-MART RETAIL,Retailing,False,,,12,15,8.0,6,4,61,WATCHLIST_CONFIRMED,,↓5,False,False,2–3%,TOPPING,CAUTION,OTHER,1.0,0.6806,0.6171,PREMIUMISATION,12.0,0.0,,6.0,2.0,8.0,2.0,,,1.0,Fresh,₹676 – ₹694,₹658 (−3.9%),8–20% (12m),✅ 3.1:1,68.9,56,True,2026-06-05 12:45:10,4.0,0.0,0,0.0,4.0,5.0,4.0,6.0,2.0,4.0,4.0,2.0,2.0,0.0,0.0,0.0,0.0,0.0,0.0,0.0,0.0,0.0,0.0,0.0,0.0,3.0,0.0,0.0,0.0,4.0,0.0,0.0,False,
INE269A01021,SONATSOFTW,SONATA SOFTWARE,IT - Software,False,,,20,12,10.0,2,14,61,STRONG,▼ At risk: near WATCHLIST_CONFIRMED boundary,↑10,False,False,2–4% (vol↓),BASING,CAUTION,OTHER,0.0,0.3742,0.4964,DIGITAL,13.0,0.0,,8.0,3.0,7.0,2.0,,,1.0,Fresh,₹262 – ₹272,₹247 (−7.4%),18–38% (12m),✅ 2.7:1,68.9,71,True,2026-06-05 12:45:15,8.0,4.0,0,4.0,4.0,5.0,4.0,0.0,2.0,4.0,4.0,2.0,0.0,0.0,0.0,0.0,0.0,1.0,0.0,0.0,0.0,0.0,0.0,0.0,0.0,0.0,0.0,0.0,10.0,4.0,0.0,0.0,True,
INE05HV01027,CMPDI,NAN,nan,False,,,1,0,10.0,14,4,61,MONITOR,,↓35,False,False,0%,,CAUTION,OTHER,0.0,0.0488,0.1248,nan,5.0,0.0,,4.0,1.0,0.0,0.0,,,1.0,Fresh,₹223 – ₹234,₹213 (−7.0%),,,68.9,22,True,2026-06-05 12:45:16,0.0,0.0,0,0.0,0.0,0.0,0.0,0.0,0.0,0.0,0.0,0.0,0.0,2.0,1.0,3.0,1.0,0.0,0.0,0.0,0.0,0.0,0.0,0.0,0.0,0.0,0.0,0.0,0.0,4.0,0.0,0.0,False,44.0
INE372E01025,BIRLAPREC,NAN,nan,False,,,1,0,10.0,14,4,61,MONITOR,,↓41,False,False,0%,,CAUTION,OTHER,0.0,0.0,0.0,nan,5.0,0.0,,4.0,1.0,0.0,0.0,,,1.0,Fresh,₹37 – ₹41,₹33 (−15.7%),,,68.9,22,True,2026-06-05 12:45:16,0.0,0.0,0,0.0,0.0,0.0,0.0,0.0,0.0,0.0,0.0,0.0,0.0,2.0,1.0,3.0,0.0,1.0,0.0,0.0,0.0,0.0,0.0,0.0,0.0,0.0,0.0,0.0,0.0,4.0,0.0,0.0,False,
INE465A01025,BHARATFORG,BHARAT FORGE,Auto Components,False,,,16,10,13.0,24,14,61,STRONG,,↑12,False,False,4–6%,BASING,CAUTION,OTHER,0.0,0.5782,0.421,PLI,18.0,0.0,,5.0,2.0,8.0,2.0,,,1.0,Fresh,"₹1,915 – ₹1,958","₹1,849 (−4.5%)",18–38% (12m),✅ 4.4:1,68.9,72,True,2026-06-05 12:45:16,4.0,0.0,0,4.0,4.0,5.0,0.0,0.0,2.0,4.0,4.0,2.0,0.0,2.0,1.0,3.0,1.0,0.0,1.0,0.0,1.0,1.0,2.0,0.0,0.0,0.0,0.0,0.0,10.0,4.0,0.0,0.0,True,1.0
INE0V7W01012,CARRARO,CARRARO INDIA,Auto Components,False,,,20,6,13.0,20,14,61,STRONG,,↑7,False,False,2–4% (vol↓),BASING,CAUTION,OTHER,0.0,0.1254,0.2258,PLI,14.0,-1.0,EARN_REV_DIVERGE,6.0,2.0,4.0,1.0,,,1.0,Fresh,₹515 – ₹543,₹471 (−10.9%),18–38% (12m),⚠ 1.8:1,68.9,72,True,2026-06-05 12:45:17,8.0,4.0,0,4.0,4.0,5.0,0.0,6.0,2.0,0.0,0.0,0.0,0.0,2.0,1.0,3.0,0.0,0.0,0.0,0.0,0.0,0.0,2.0,0.0,2.0,0.0,0.0,0.0,10.0,4.0,0.0,0.0,False,57.0
INE472A01039,BLUESTARCO,BLUE STAR,Consumer Durables,False,,,20,12,8.0,2,13,61,WATCHLIST_CONFIRMED,▲ Approaching STRONG,↑6,False,False,4–6%,LATE_CYCLE,CAUTION,CONSUMPTION,1.0,0.5968,0.441,PREMIUMISATION,12.0,0.0,,6.0,2.0,7.0,2.0,,,1.0,Fresh,"₹1,557 – ₹1,604","₹1,510 (−4.5%)",8–20% (12m),✅ 2.7:1,68.9,67,True,2026-06-05 12:45:17,8.0,4.0,0,4.0,4.0,5.0,4.0,6.0,2.0,0.0,4.0,0.0,0.0,0.0,0.0,0.0,0.0,0.0,0.0,0.0,0.0,1.0,0.0,0.0,0.0,0.0,0.0,0.0,9.0,4.0,0.0,0.0,False,
INE02L001032,BOROSCI,BOROSIL SCIENTI.,Industrial Products,False,,,12,12,13.0,14,4,61,WATCHLIST_CONFIRMED,,↓6,False,False,1–2% (vol↓),TOPPING,CAUTION,OTHER,0.0,0.0175,0.0002,nan,11.0,0.0,,5.0,2.0,8.0,2.0,,,1.0,Fresh,₹150 – ₹158,₹143 (−7.6%),8–20% (12m),⚠ 1.6:1,68.9,59,True,2026-06-05 12:45:17,0.0,0.0,0,4.0,4.0,5.0,4.0,6.0,2.0,0.0,4.0,0.0,0.0,2.0,0.0,0.0,0.0,0.0,0.0,0.0,0.0,0.0,2.0,0.0,0.0,3.0,0.0,0.0,0.0,4.0,0.0,0.0,False,
INE01QM01018,EMUDHRA,EMUDHRA,IT - Services,False,,,16,15,10.0,2,14,61,STRONG,▼ At risk: near WATCHLIST_CONFIRMED boundary,↑8,False,False,4–6%,BASING,CAUTION,OTHER,0.0,0.1702,0.146,DIGITAL,13.0,0.0,,5.0,2.0,8.0,2.0,,,1.0,Fresh,₹460 – ₹474,₹439 (−6.0%),18–38% (12m),✅ 3.4:1,68.9,69,True,2026-06-05 12:45:18,4.0,0.0,0,4.0,4.0,5.0,4.0,6.0,2.0,4.0,4.0,2.0,0.0,0.0,0.0,0.0,0.0,0.0,0.0,0.0,1.0,0.0,0.0,0.0,0.0,0.0,0.0,0.0,10.0,4.0,0.0,0.0,True,10.0
INE016A01026,DABUR,DABUR INDIA,Personal Products,False,,,20,8,10.0,8,14,61,WATCHLIST_CONFIRMED,▲ Approaching STRONG,↑4,False,False,4–6%,BASING,CAUTION,OTHER,0.0,0.4042,0.1419,PREMIUMISATION,13.0,0.0,,7.0,2.0,8.0,2.0,,,1.0,Fresh,₹413 – ₹422,₹404 (−3.3%),8–20% (12m),✅ 3.6:1,68.9,65,True,2026-06-05 12:45:19,8.0,2.0,0,4.0,4.0,5.0,0.0,0.0,2.0,0.0,4.0,2.0,2.0,0.0,0.0,0.0,0.0,0.0,0.0,0.0,0.0,1.0,0.0,0.0,0.0,3.0,0.0,0.0,10.0,4.0,0.0,0.0,False,31.0
INE116A01032,APCOTEXIND,APCOTEX INDUSTRI,Industrial Products,False,,,16,5,13.0,32,4,61,WATCHLIST_CONFIRMED,,↑59,False,False,1–2% (vol↓),TOPPING,CAUTION,OTHER,0.0,0.0626,0.032,nan,17.0,0.0,,5.0,2.0,6.0,1.0,,,1.0,Fresh,₹488 – ₹509,₹467 (−6.4%),8–20% (12m),⚠ 1.9:1,68.9,59,True,2026-06-05 12:45:22,4.0,0.0,0,4.0,4.0,5.0,0.0,0.0,2.0,0.0,4.0,0.0,0.0,2.0,1.0,3.0,1.0,1.0,1.0,0.0,0.0,1.0,2.0,2.0,0.0,0.0,0.0,2.0,0.0,4.0,0.0,0.0,False,
INE0R4701017,ALPEXSOLAR,ALPEX SOLAR,Electrical Equipment,False,,,20,11,13.0,4,4,61,WATCHLIST_CONFIRMED,,↑4,False,False,2–4% (vol↓),TOPPING,CAUTION,OTHER,0.0,0.1844,0.0,"CAPEX_SUPERCYCLE,POWER",11.0,0.0,,6.0,2.0,6.0,1.0,,,1.0,Fresh,"₹980 – ₹1,023",₹938 (−6.3%),8–20% (12m),⚠ 1.9:1,68.9,64,True,2026-06-05 12:45:23,8.0,4.0,0,4.0,4.0,5.0,4.0,6.0,2.0,0.0,4.0,0.0,0.0,0.0,0.0,0.0,0.0,0.0,0.0,0.0,0.0,0.0,2.0,0.0,0.0,0.0,0.0,0.0,0.0,4.0,0.0,0.0,True,
INE0ALR01029,ATALREAL,ATAL REALTECH,Realty,False,,,7,12,10.0,18,4,61,WATCHLIST_CONFIRMED,▼ At risk: near WATCHLIST_EXTERNAL boundary,↓9,False,False,1–2% (vol↓),CORRECTION,CAUTION,OTHER,0.0,0.1542,0.0,INFRA,14.0,-3.0,PAPER_PROFIT,2.0,0.0,8.0,2.0,,,1.0,Fresh,₹29 – ₹30,₹28 (−5.3%),8–20% (12m),✅ 2.2:1,68.9,53,True,2026-06-05 12:45:24,0.0,0.0,0,4.0,4.0,5.0,4.0,6.0,0.0,0.0,4.0,0.0,2.0,2.0,1.0,3.0,1.0,0.0,1.0,0.0,0.0,1.0,0.0,0.0,0.0,0.0,0.0,0.0,0.0,4.0,0.0,0.0,False,
INE922K01024,INDIASHLTR,INDIA SHELTE FIN,Finance,False,,,1,12,10.0,0,13,61,WATCHLIST_EXTERNAL,,↓18,False,False,1–2% (vol↓),LATE_CYCLE,CAUTION,FINANCIALS,0.0,0.4982,0.2651,FIN_INCLUSION,8.0,-4.0,PAPER_PROFIT|DE_ROCE_STRESS,0.0,0.0,8.0,2.0,,,1.0,Fresh,₹768 – ₹793,₹744 (−4.7%),2–8% (12m),❌ 1.5:1,68.9,43,True,2026-06-05 12:45:25,0.0,2.0,0,4.0,0.0,0.0,4.0,6.0,0.0,0.0,4.0,2.0,0.0,0.0,0.0,0.0,0.0,0.0,0.0,0.0,0.0,0.0,0.0,0.0,0.0,0.0,0.0,0.0,9.0,4.0,0.0,0.0,False,34.0
INE323C01030,INDIANHUME,INDIAN HUME PIPE,Industrial Manufacturing,False,,,20,11,10.0,0,4,61,WATCHLIST_CONFIRMED,,─,False,False,2–3%,TOPPING,CAUTION,OTHER,0.0,0.0318,0.0418,PLI,10.0,-1.0,EARN_REV_DIVERGE,8.0,3.0,8.0,2.0,,,1.0,Fresh,₹299 – ₹308,₹290 (−4.4%),8–20% (12m),✅ 2.7:1,68.9,59,True,2026-06-05 12:45:25,8.0,4.0,0,4.0,4.0,5.0,0.0,6.0,2.0,0.0,4.0,0.0,2.0,0.0,0.0,0.0,0.0,0.0,0.0,0.0,0.0,0.0,0.0,0.0,0.0,0.0,0.0,0.0,0.0,4.0,0.0,0.0,True,
INE0LGX01024,INA,INSOLATION ENER,Power,False,,,19,8,10.0,10,4,61,WATCHLIST_CONFIRMED,▼ At risk: near WATCHLIST_EXTERNAL boundary,↓5,False,False,1–2% (vol↓),TOPPING,CAUTION,OTHER,0.0,0.0652,0.0,"CAPEX_SUPERCYCLE,POWER",11.0,0.0,,5.0,2.0,0.0,0.0,,,1.0,Fresh,₹117 – ₹125,₹109 (−10.2%),8–20% (12m),❌ 1.2:1,68.9,55,True,2026-06-05 12:45:25,8.0,4.0,0,4.0,0.0,5.0,4.0,6.0,2.0,0.0,0.0,0.0,0.0,0.0,1.0,3.0,0.0,0.0,0.0,0.0,0.0,1.0,0.0,0.0,0.0,0.0,0.0,0.0,0.0,4.0,0.0,0.0,False,
INE254N01026,HNDFDS,HINDUSTAN FOODS,Diversified FMCG,False,,,13,13,13.0,16,4,61,WATCHLIST_CONFIRMED,,─,True,False,1–3% (vol↓) (ins.sell⚠),CORRECTION,CAUTION,OTHER,0.0,0.2622,0.0335,nan,15.0,0.0,,4.0,1.0,8.0,2.0,,,1.0,Fresh,₹528 – ₹545,₹511 (−4.9%),8–20% (12m),✅ 2.5:1,68.9,61,False,2026-06-05 12:45:25,4.0,2.0,0,0.0,4.0,5.0,4.0,6.0,2.0,0.0,4.0,2.0,0.0,2.0,0.0,0.0,1.0,0.0,0.0,0.0,0.0,1.0,2.0,0.0,2.0,0.0,0.0,0.0,0.0,4.0,0.0,0.0,False,
INE987S01020,KSHINTL,KSH INTERNATIONA,Industrial Products,False,,,15,6,13.0,26,4,61,WATCHLIST_CONFIRMED,,─,False,False,1–2% (vol↓),TOPPING,CAUTION,OTHER,0.0,0.2074,0.2313,nan,15.0,-3.0,PAPER_PROFIT,6.0,2.0,2.0,0.0,,,1.0,Fresh,₹820 – ₹878,₹762 (−10.2%),8–20% (12m),❌ 1.2:1,68.9,59,True,2026-06-05 12:45:26,8.0,4.0,0,4.0,4.0,0.0,4.0,6.0,0.0,0.0,0.0,0.0,0.0,2.0,1.0,3.0,1.0,1.0,0.0,0.0,0.0,1.0,2.0,0.0,2.0,0.0,0.0,0.0,0.0,4.0,0.0,0.0,False,45.0
INE552U01010,KPL,NAN,nan,False,,,1,0,10.0,14,4,61,MONITOR,,↓41,False,False,0%,,CAUTION,OTHER,0.0,0.0,0.0,nan,5.0,0.0,,4.0,1.0,0.0,0.0,,,1.0,Fresh,"₹2,269 – ₹2,422","₹2,116 (−9.8%)",,,68.9,22,True,2026-06-05 12:45:26,0.0,0.0,0,0.0,0.0,0.0,0.0,0.0,0.0,0.0,0.0,0.0,0.0,2.0,1.0,3.0,1.0,0.0,0.0,0.0,0.0,0.0,0.0,0.0,0.0,0.0,0.0,0.0,0.0,4.0,0.0,0.0,False,
INE102D01028,GODREJCP,GODREJ CONSUMER,Personal Products,False,,,20,10,10.0,4,14,61,WATCHLIST_CONFIRMED,▲ Approaching STRONG,↑4,False,False,4–6%,BASING,CAUTION,OTHER,0.0,0.568,0.1945,PREMIUMISATION,12.0,0.0,,7.0,2.0,8.0,2.0,,,1.0,Fresh,₹975 – ₹998,₹952 (−3.5%),8–20% (12m),✅ 3.5:1,68.9,65,True,2026-06-05 12:45:28,8.0,2.0,0,4.0,4.0,5.0,0.0,0.0,2.0,4.0,4.0,2.0,0.0,0.0,0.0,0.0,0.0,0.0,0.0,0.0,0.0,0.0,0.0,0.0,2.0,0.0,0.0,0.0,10.0,4.0,0.0,0.0,True,
INE260B01028,GODFRYPHLP,GODFREY PHILLIPS,Cigarettes & Tobacco Products,False,,,20,12,10.0,4,4,61,WATCHLIST_CONFIRMED,,─,False,False,4–6%,CORRECTION,CAUTION,OTHER,0.0,0.327,0.0602,PREMIUMISATION,12.0,0.0,,6.0,2.0,8.0,2.0,,,1.0,Fresh,"₹2,216 – ₹2,277","₹2,155 (−4.1%)",8–20% (12m),✅ 2.9:1,68.9,61,False,2026-06-05 12:45:28,8.0,4.0,0,4.0,4.0,5.0,4.0,6.0,2.0,0.0,4.0,0.0,0.0,0.0,0.0,0.0,0.0,0.0,0.0,1.0,1.0,0.0,0.0,0.0,0.0,0.0,0.0,0.0,0.0,4.0,0.0,0.0,True,19.0
INE934S01014,GNA,GNA AXLES,Auto Components,False,,,15,7,13.0,28,14,61,STRONG,,↑11,False,False,4–6%,BASING,CAUTION,OTHER,0.0,0.07,0.22,PLI,18.0,0.0,,3.0,1.0,4.0,1.0,,,1.0,Fresh,₹365 – ₹376,₹350 (−5.5%),18–38% (12m),✅ 3.6:1,68.9,72,True,2026-06-05 12:45:28,4.0,0.0,0,4.0,4.0,5.0,0.0,0.0,2.0,4.0,0.0,2.0,2.0,2.0,1.0,3.0,0.0,0.0,1.0,0.0,1.0,0.0,2.0,2.0,0.0,0.0,0.0,2.0,10.0,4.0,0.0,0.0,False,27.0
INE776C01039,GMRAIRPORT,GMR AIRPORTS,Transport Infrastructure,False,,,0,10,13.0,40,14,61,WATCHLIST_CONFIRMED,,─,False,False,4–6%,BASING,CAUTION,OTHER,0.0,0.7986,0.0407,INFRA,17.0,0.0,,1.0,0.0,9.0,2.0,,,1.0,Fresh,₹97 – ₹100,₹94 (−4.3%),8–20% (12m),✅ 2.8:1,68.9,61,False,2026-06-05 12:45:28,0.0,0.0,0,0.0,0.0,0.0,4.0,0.0,2.0,0.0,4.0,2.0,0.0,2.0,1.0,3.0,1.0,0.0,1.0,0.0,1.0,0.0,2.0,2.0,0.0,3.0,2.0,2.0,10.0,4.0,0.0,0.0,False,8.0
INE486R01017,GPTHEALTH,GPT HEALTHCARE,Healthcare Services,False,,,20,7,13.0,10,13,61,STRONG,▼ At risk: near WATCHLIST_CONFIRMED boundary,↑7,False,False,2–4% (vol↓),LATE_CYCLE,CAUTION,OTHER,0.0,0.125,0.0938,HEALTHCARE,13.0,0.0,,6.0,2.0,9.0,2.0,,,1.0,Fresh,₹149 – ₹154,₹142 (−6.2%),18–38% (12m),✅ 3.2:1,68.9,68,True,2026-06-05 12:45:28,8.0,4.0,0,4.0,4.0,5.0,0.0,0.0,2.0,0.0,4.0,2.0,0.0,2.0,0.0,0.0,0.0,0.0,0.0,0.0,1.0,0.0,2.0,0.0,0.0,0.0,0.0,0.0,9.0,4.0,0.0,0.0,False,17.0
INE024L01027,GRAVITA,GRAVITA INDIA,Minerals & Mining,False,,,17,11,10.0,0,13,61,WATCHLIST_CONFIRMED,,─,False,False,4–6%,LATE_CYCLE,CAUTION,OTHER,0.0,0.5814,0.0572,nan,11.0,0.0,,6.0,2.0,6.0,1.0,,,1.0,Fresh,"₹1,603 – ₹1,646","₹1,561 (−3.9%)",8–20% (12m),✅ 3.1:1,68.9,61,False,2026-06-05 12:45:28,4.0,2.0,0,4.0,4.0,5.0,4.0,6.0,2.0,0.0,4.0,0.0,0.0,0.0,0.0,0.0,0.0,0.0,0.0,0.0,0.0,0.0,0.0,0.0,0.0,0.0,0.0,0.0,9.0,4.0,0.0,0.0,False,
INE506D01020,HALDYNGL,NAN,nan,False,,,1,0,10.0,14,4,61,MONITOR,,↓41,False,False,0%,,CAUTION,OTHER,0.0,0.0,0.0,nan,5.0,0.0,,4.0,1.0,1.0,0.0,,,1.0,Fresh,₹109 – ₹115,₹102 (−8.9%),,,68.9,22,True,2026-06-05 12:45:30,0.0,0.0,0,0.0,0.0,0.0,0.0,0.0,0.0,0.0,0.0,0.0,0.0,2.0,1.0,3.0,1.0,0.0,0.0,0.0,0.0,0.0,0.0,0.0,0.0,0.0,0.0,0.0,0.0,4.0,0.0,0.0,False,
INE982V01025,JETFREIGHT,JET FREIGHT,Transport Services,False,,,4,7,13.0,24,4,60,WATCHLIST_EXTERNAL,,↓13,False,False,1–2% (vol↓),TOPPING,CAUTION,OTHER,0.0,0.0194,0.0,INFRA,13.0,-3.0,PAPER_PROFIT,4.0,1.0,7.0,2.0,,,1.0,Fresh,₹21 – ₹22,₹19 (−10.3%),2–8% (12m),❌ 0.7:1,66.2,45,True,2026-06-05 12:45:00,4.0,0.0,0,0.0,4.0,0.0,0.0,0.0,0.0,4.0,4.0,0.0,0.0,2.0,1.0,3.0,1.0,1.0,1.0,0.0,0.0,1.0,2.0,0.0,0.0,0.0,0.0,0.0,0.0,4.0,0.0,0.0,False,
INE278H01035,SANDHAR,SANDHAR TECH,Auto Components,False,,,16,10,10.0,22,14,60,STRONG,▼ At risk: near WATCHLIST_CONFIRMED boundary,↑11,False,False,2–4% (vol↓),BASING,CAUTION,OTHER,0.0,0.0406,0.3478,PLI,19.0,0.0,,4.0,1.0,4.0,1.0,,,1.0,Fresh,₹695 – ₹742,₹623 (−13.2%),18–38% (12m),⚠ 1.5:1,66.2,71,True,2026-06-05 12:45:00,4.0,2.0,0,4.0,4.0,5.0,4.0,6.0,2.0,0.0,0.0,2.0,0.0,2.0,1.0,3.0,1.0,1.0,1.0,0.0,1.0,1.0,0.0,0.0,0.0,0.0,0.0,0.0,10.0,4.0,0.0,0.0,True,8.0
INE0J1F01024,RPTECH,RASHI PERIPHERAL,IT - Hardware,False,,,13,1,13.0,30,13,60,WATCHLIST_CONFIRMED,,─,False,False,2–4% (vol↓),LATE_CYCLE,CAUTION,TECHNOLOGY,0.0,0.0408,0.1498,PLI,16.0,-5.0,PAPER_PROFIT|EARN_QUALITY,4.0,1.0,2.0,0.0,,,1.0,Fresh,₹532 – ₹553,₹511 (−5.8%),8–20% (12m),✅ 2.1:1,66.2,60,False,2026-06-05 12:45:00,8.0,0.0,0,4.0,4.0,5.0,0.0,0.0,0.0,0.0,0.0,0.0,2.0,2.0,1.0,3.0,1.0,0.0,1.0,0.0,1.0,1.0,2.0,0.0,0.0,3.0,0.0,0.0,9.0,4.0,0.0,0.0,False,26.0
INE127I01024,GOODLUCK,GOODLUCK INDIA,Industrial Products,False,,,17,5,13.0,22,4,60,WATCHLIST_CONFIRMED,,─,False,False,1–2% (vol↓),TOPPING,CAUTION,OTHER,0.0,0.086,0.0194,nan,15.0,-2.0,EARN_QUALITY,4.0,1.0,2.0,0.0,,,1.0,Fresh,"₹1,314 – ₹1,373","₹1,254 (−6.6%)",8–20% (12m),⚠ 1.8:1,66.2,58,True,2026-06-05 12:45:00,8.0,2.0,0,4.0,4.0,5.0,0.0,6.0,2.0,0.0,0.0,0.0,0.0,2.0,1.0,3.0,1.0,0.0,0.0,0.0,1.0,1.0,2.0,0.0,0.0,0.0,0.0,0.0,0.0,4.0,0.0,0.0,False,10.0
INE482D01024,CARYSIL,CARYSIL,Consumer Durables,False,,,9,8,13.0,30,13,60,WATCHLIST_CONFIRMED,▲ Approaching STRONG,↑5,False,False,2–4% (vol↓),LATE_CYCLE,CAUTION,CONSUMPTION,0.0,0.1162,0.0766,PREMIUMISATION,18.0,-3.0,PAPER_PROFIT,4.0,1.0,7.0,2.0,,,1.0,Fresh,"₹1,108 – ₹1,168","₹1,048 (−7.9%)",8–20% (12m),⚠ 1.5:1,66.2,66,True,2026-06-05 12:45:00,4.0,2.0,0,4.0,4.0,0.0,4.0,0.0,0.0,0.0,4.0,2.0,0.0,2.0,1.0,3.0,1.0,0.0,1.0,0.0,0.0,1.0,2.0,0.0,2.0,0.0,0.0,2.0,9.0,4.0,0.0,0.0,False,
INE596I01020,CAMS,CAMS SERVICES,Capital Markets,False,,,20,13,8.0,6,4,60,WATCHLIST_CONFIRMED,,↑3,False,False,4–6%,TOPPING,CAUTION,FINANCIALS,1.0,1.8118,0.286,FIN_INCLUSION,13.0,0.0,,8.0,3.0,8.0,2.0,,,1.0,Fresh,₹742 – ₹763,₹721 (−4.2%),8–20% (12m),✅ 2.9:1,66.2,63,True,2026-06-05 12:45:00,8.0,4.0,0,4.0,4.0,5.0,4.0,6.0,2.0,0.0,4.0,2.0,0.0,2.0,0.0,0.0,0.0,0.0,0.0,1.0,0.0,0.0,0.0,0.0,0.0,0.0,0.0,0.0,0.0,4.0,0.0,0.0,True,31.0
INE668A01016,TMB,T N MERC. BANK,Banks,False,,,4,7,13.0,30,13,60,WATCHLIST_CONFIRMED,▼ At risk: near WATCHLIST_EXTERNAL boundary,↓7,False,False,1–2% (vol↓),LATE_CYCLE,CAUTION,FINANCIALS,0.0,0.2824,0.007,FIN_INCLUSION,15.0,0.0,,5.0,2.0,7.0,2.0,,,1.0,Fresh,₹729 – ₹752,₹705 (−4.8%),8–20% (12m),✅ 2.5:1,66.2,55,True,2026-06-05 12:45:00,0.0,2.0,0,0.0,0.0,0.0,0.0,0.0,2.0,0.0,4.0,2.0,0.0,2.0,1.0,3.0,1.0,0.0,1.0,0.0,0.0,1.0,2.0,2.0,0.0,0.0,0.0,2.0,9.0,4.0,0.0,0.0,False,58.0
INE319Y01024,TIRUPATIFL,TIRUPATI FORGE,Industrial Products,False,,,11,11,13.0,18,4,60,WATCHLIST_CONFIRMED,,─,False,False,1–2% (vol↓),TOPPING,CAUTION,OTHER,0.0,0.1109,0.0,nan,14.0,0.0,,3.0,1.0,8.0,2.0,,,1.0,Fresh,₹45 – ₹47,₹42 (−7.9%),8–20% (12m),⚠ 1.5:1,66.2,58,True,2026-06-05 12:45:00,0.0,0.0,0,4.0,4.0,5.0,0.0,0.0,2.0,4.0,4.0,2.0,2.0,2.0,1.0,3.0,0.0,0.0,0.0,0.0,0.0,1.0,2.0,0.0,0.0,0.0,0.0,0.0,0.0,4.0,0.0,0.0,False,
INE715A01015,WHEELS,WHEELS INDIA,Auto Components,False,,,14,7,13.0,34,14,60,STRONG,▼ At risk: near WATCHLIST_CONFIRMED boundary,↑11,False,False,2–4% (vol↓),BASING,CAUTION,OTHER,0.0,0.0686,0.178,PLI,18.0,0.0,,5.0,2.0,7.0,2.0,,,1.0,Fresh,"₹1,454 – ₹1,541","₹1,323 (−11.6%)",18–38% (12m),⚠ 1.7:1,66.2,71,True,2026-06-05 12:45:00,8.0,2.0,0,0.0,0.0,5.0,0.0,0.0,2.0,0.0,4.0,0.0,2.0,2.0,1.0,3.0,0.0,0.0,1.0,0.0,1.0,1.0,2.0,2.0,0.0,0.0,2.0,2.0,10.0,4.0,0.0,0.0,False,19.0
INE291D01011,KDDL,KDDL LTD,Consumer Durables,False,,,12,12,10.0,18,13,60,WATCHLIST_CONFIRMED,▲ Approaching STRONG,↑10,False,False,2–4% (vol↓),LATE_CYCLE,CAUTION,CONSUMPTION,0.0,0.364,0.0,PREMIUMISATION,16.0,-3.0,PAPER_PROFIT,3.0,1.0,8.0,2.0,,,1.0,Fresh,"₹2,699 – ₹2,866","₹2,533 (−9.0%)",8–20% (12m),❌ 1.3:1,66.2,66,True,2026-06-05 12:45:00,4.0,0.0,0,4.0,4.0,5.0,4.0,6.0,0.0,0.0,4.0,2.0,0.0,2.0,1.0,3.0,1.0,0.0,0.0,0.0,1.0,1.0,0.0,0.0,0.0,0.0,0.0,0.0,9.0,4.0,0.0,0.0,False,16.0
INE146L01010,KIRLOSENG,KIRLOSKAR OIL,Industrial Products,False,,,6,12,13.0,30,4,60,WATCHLIST_CONFIRMED,,─,False,False,1–2% (vol↓),TOPPING,CAUTION,OTHER,0.0,0.4434,0.4966,nan,17.0,-3.0,PAPER_PROFIT,4.0,1.0,7.0,2.0,,,1.0,Fresh,"₹1,853 – ₹1,926","₹1,779 (−5.8%)",8–20% (12m),✅ 2.1:1,66.2,58,True,2026-06-05 12:45:00,4.0,2.0,0,0.0,4.0,0.0,4.0,6.0,0.0,0.0,4.0,2.0,0.0,2.0,1.0,3.0,1.0,0.0,1.0,0.0,0.0,1.0,2.0,2.0,0.0,0.0,0.0,2.0,0.0,4.0,0.0,0.0,False,
INE160A01022,PNB,PUNJAB NATL.BANK,Banks,False,,,4,12,13.0,14,13,60,WATCHLIST_CONFIRMED,▼ At risk: near WATCHLIST_EXTERNAL boundary,↓5,False,False,2–3%,LATE_CYCLE,CAUTION,FINANCIALS,0.0,0.2596,0.1246,FIN_INCLUSION,12.0,0.0,,5.0,2.0,8.0,2.0,,,1.0,Fresh,₹105 – ₹107,₹102 (−3.2%),8–20% (12m),✅ 3.8:1,66.2,55,True,2026-06-05 12:45:02,0.0,2.0,0,0.0,0.0,0.0,0.0,6.0,2.0,0.0,4.0,2.0,2.0,0.0,0.0,0.0,0.0,0.0,0.0,0.0,1.0,0.0,2.0,2.0,2.0,0.0,0.0,0.0,9.0,4.0,0.0,0.0,False,30.0
INE347G01014,PETRONET,PETRONET LNG,Gas,False,,,20,6,9.0,6,13,60,WATCHLIST_CONFIRMED,,─,False,False,4–6%,LATE_CYCLE,CAUTION,OTHER,1.0,1.0934,0.2344,POWER,11.0,0.0,,7.0,2.0,7.0,2.0,,,1.0,Fresh,₹267 – ₹273,₹260 (−3.6%),8–20% (12m),✅ 3.3:1,66.2,60,False,2026-06-05 12:45:04,8.0,4.0,0,4.0,4.0,5.0,0.0,0.0,2.0,0.0,4.0,0.0,0.0,0.0,0.0,0.0,0.0,0.0,0.0,0.0,1.0,0.0,2.0,0.0,0.0,0.0,0.0,0.0,9.0,4.0,0.0,0.0,False,4.0
INE745G01043,MCX,MULTI COMM. EXC.,Capital Markets,False,,,20,8,10.0,20,4,60,WATCHLIST_CONFIRMED,,↑3,False,False,2–4% (vol↓),TOPPING,CAUTION,FINANCIALS,0.0,0.0,0.0,FIN_INCLUSION,16.0,0.0,,7.0,2.0,1.0,0.0,,,1.0,Fresh,"₹2,779 – ₹2,888","₹2,671 (−5.7%)",8–20% (12m),✅ 2.1:1,66.2,63,True,2026-06-05 12:45:04,8.0,4.0,0,4.0,4.0,5.0,4.0,6.0,2.0,0.0,0.0,0.0,0.0,2.0,1.0,3.0,0.0,0.0,1.0,1.0,1.0,1.0,0.0,0.0,0.0,0.0,0.0,0.0,0.0,4.0,0.0,0.0,False,27.0
INE0TO701015,MAMATA,MAMATA MACHINERY,Industrial Manufacturing,False,,,20,10,10.0,0,4,60,WATCHLIST_CONFIRMED,,─,False,False,1–2% (vol↓),TOPPING,CAUTION,OTHER,0.0,0.0234,0.0,PLI,9.0,0.0,,8.0,3.0,7.0,2.0,,,1.0,Fresh,₹372 – ₹386,₹358 (−5.5%),8–20% (12m),✅ 2.2:1,66.2,58,True,2026-06-05 12:45:04,8.0,4.0,0,4.0,4.0,5.0,0.0,6.0,2.0,0.0,4.0,0.0,0.0,0.0,0.0,0.0,0.0,0.0,0.0,0.0,0.0,0.0,0.0,0.0,0.0,0.0,0.0,0.0,0.0,4.0,0.0,0.0,True,
INE0APB01032,MGEL,MANGALAM GLOBAL,Agricultural Food & other Products,False,,,9,7,13.0,30,4,60,WATCHLIST_CONFIRMED,,↓5,False,False,1–2% (vol↓),CORRECTION,CAUTION,OTHER,0.0,0.1056,0.0,AGRI,13.0,-3.0,PAPER_PROFIT,5.0,2.0,4.0,1.0,,,1.0,Fresh,₹15 – ₹15,₹14 (−6.8%),8–20% (12m),⚠ 1.8:1,66.2,56,True,2026-06-05 12:45:05,8.0,0.0,0,0.0,4.0,0.0,4.0,6.0,0.0,0.0,0.0,0.0,0.0,2.0,1.0,3.0,0.0,1.0,0.0,0.0,0.0,1.0,2.0,2.0,0.0,3.0,0.0,0.0,0.0,4.0,0.0,0.0,False,
INE220Q01020,MUFTI,CREDO BRANDS,Retailing,False,,,17,8,13.0,6,4,60,WATCHLIST_CONFIRMED,▼ At risk: near WATCHLIST_EXTERNAL boundary,↓6,False,False,1–2% (vol↓),TOPPING,CAUTION,OTHER,0.0,0.0306,0.0187,PREMIUMISATION,11.0,0.0,,6.0,2.0,3.0,0.0,,,1.0,Fresh,₹87 – ₹92,₹82 (−8.7%),8–20% (12m),❌ 1.4:1,66.2,55,True,2026-06-05 12:45:06,4.0,2.0,0,4.0,4.0,5.0,4.0,6.0,2.0,0.0,0.0,0.0,0.0,0.0,0.0,0.0,0.0,0.0,0.0,0.0,1.0,0.0,2.0,0.0,0.0,0.0,0.0,0.0,0.0,4.0,0.0,0.0,False,14.0
INE868B01028,NCC,NCC,Construction,False,,,16,8,13.0,10,4,60,WATCHLIST_CONFIRMED,▼ At risk: near WATCHLIST_EXTERNAL boundary,↓7,False,False,2–3%,TOPPING,CAUTION,OTHER,0.0,0.5144,0.286,INFRA,9.0,0.0,,6.0,2.0,3.0,0.0,,,1.0,Fresh,₹145 – ₹149,₹141 (−4.0%),8–20% (12m),✅ 3.0:1,66.2,53,True,2026-06-05 12:45:06,8.0,0.0,0,4.0,0.0,5.0,4.0,6.0,2.0,0.0,0.0,0.0,0.0,0.0,0.0,0.0,0.0,0.0,0.0,0.0,0.0,0.0,2.0,0.0,0.0,3.0,0.0,0.0,0.0,4.0,0.0,0.0,False,
INE117Z01011,NARMADA,NARMADA AGROBASE,Food Products,False,,,8,6,13.0,30,4,60,WATCHLIST_CONFIRMED,▼ At risk: near WATCHLIST_EXTERNAL boundary,↓5,False,False,1–2% (vol↓),CORRECTION,CAUTION,OTHER,0.0,0.0256,0.0,"AGRI,PLI",15.0,-3.0,PAPER_PROFIT,3.0,1.0,3.0,0.0,,,1.0,Fresh,₹36 – ₹37,₹34 (−6.0%),8–20% (12m),✅ 2.0:1,66.2,55,True,2026-06-05 12:45:06,0.0,0.0,0,4.0,4.0,5.0,4.0,6.0,0.0,0.0,0.0,0.0,0.0,2.0,1.0,3.0,1.0,0.0,1.0,0.0,0.0,1.0,2.0,2.0,0.0,0.0,0.0,2.0,0.0,4.0,0.0,0.0,False,
INE0RYC01010,STALLION,STALLION INDIA,Chemicals & Petrochemicals,False,,,12,6,13.0,20,13,60,WATCHLIST_CONFIRMED,,─,False,False,2–4% (vol↓),LATE_CYCLE,CAUTION,OTHER,0.0,0.09,0.0,PLI,14.0,-3.0,PAPER_PROFIT,3.0,1.0,1.0,0.0,,,1.0,Fresh,₹188 – ₹199,₹178 (−8.3%),8–20% (12m),❌ 1.5:1,66.2,62,True,2026-06-05 12:45:07,4.0,0.0,0,4.0,4.0,5.0,4.0,6.0,0.0,0.0,0.0,0.0,0.0,2.0,1.0,3.0,0.0,1.0,0.0,0.0,0.0,1.0,2.0,0.0,0.0,0.0,0.0,0.0,9.0,4.0,0.0,0.0,False,
INE528G01035,YESBANK,YES BANK,Banks,False,,,2,13,9.0,28,13,60,WATCHLIST_CONFIRMED,▼ At risk: near WATCHLIST_EXTERNAL boundary,↓12,False,False,2–3%,LATE_CYCLE,CAUTION,FINANCIALS,1.0,1.2127,0.085,FIN_INCLUSION,15.0,-3.0,PAPER_PROFIT,5.0,2.0,7.0,2.0,,,1.0,Fresh,₹23 – ₹23,₹22 (−3.9%),8–20% (12m),✅ 3.1:1,66.2,55,True,2026-06-05 12:45:09,0.0,0.0,0,0.0,0.0,0.0,4.0,6.0,2.0,0.0,4.0,0.0,2.0,2.0,1.0,3.0,1.0,0.0,0.0,0.0,1.0,0.0,2.0,2.0,2.0,0.0,0.0,0.0,9.0,4.0,0.0,0.0,False,2.0
INE453D01025,SARLAPOLY,SARLA PERFORMANC,Textiles & Apparels,False,,,17,5,10.0,12,13,60,WATCHLIST_CONFIRMED,,─,False,False,1–2% (vol↓),LATE_CYCLE,CAUTION,OTHER,0.0,0.0672,0.0,PLI,12.0,0.0,,6.0,2.0,6.0,1.0,,,1.0,Fresh,₹95 – ₹99,₹92 (−5.1%),8–20% (12m),✅ 2.4:1,66.2,57,True,2026-06-05 12:45:11,4.0,2.0,0,4.0,4.0,5.0,0.0,0.0,2.0,0.0,4.0,0.0,0.0,2.0,0.0,0.0,0.0,0.0,0.0,0.0,1.0,0.0,0.0,0.0,0.0,3.0,0.0,0.0,9.0,4.0,0.0,0.0,False,0.0
INE01EG01016,RITCO,RITCO LOGISTICS,Transport Services,False,,,12,7,10.0,4,4,60,MONITOR,,↓14,False,False,0%,TOPPING,CAUTION,OTHER,0.0,0.0108,0.0,INFRA,8.0,-3.0,PAPER_PROFIT,3.0,1.0,4.0,1.0,,,1.0,Fresh,₹255 – ₹267,₹244 (−6.5%),,,66.2,45,True,2026-06-05 12:45:13,8.0,2.0,0,4.0,4.0,0.0,4.0,6.0,0.0,0.0,0.0,0.0,0.0,2.0,0.0,0.0,0.0,0.0,0.0,0.0,0.0,0.0,0.0,0.0,0.0,0.0,0.0,0.0,0.0,4.0,0.0,0.0,False,
INE13B501022,SAATVIKGL,SAATVIK GREEN,Electrical Equipment,False,,,20,11,10.0,10,4,60,WATCHLIST_CONFIRMED,,↑4,False,False,2–4% (vol↓),TOPPING,CAUTION,OTHER,0.0,0.0034,0.202,"CAPEX_SUPERCYCLE,POWER",13.0,0.0,,6.0,2.0,6.0,1.0,,,1.0,Fresh,₹455 – ₹474,₹436 (−6.1%),8–20% (12m),⚠ 2.0:1,66.2,63,True,2026-06-05 12:45:13,8.0,4.0,0,4.0,4.0,5.0,4.0,6.0,2.0,0.0,4.0,0.0,0.0,2.0,0.0,0.0,0.0,0.0,0.0,0.0,1.0,0.0,0.0,0.0,2.0,0.0,0.0,0.0,0.0,4.0,0.0,0.0,True,10.0
INE221J01015,SHARDACROP,SHARDA CROPCHEM,Fertilizers & Agrochemicals,False,,,17,7,13.0,14,4,60,WATCHLIST_CONFIRMED,▼ At risk: near WATCHLIST_EXTERNAL boundary,↓5,False,False,1–2% (vol↓),TOPPING,CAUTION,OTHER,0.0,0.1976,0.1848,AGRI,13.0,0.0,,5.0,2.0,8.0,2.0,,,1.0,Fresh,₹901 – ₹936,₹867 (−5.6%),8–20% (12m),✅ 2.1:1,66.2,55,True,2026-06-05 12:45:14,4.0,2.0,0,4.0,4.0,5.0,0.0,0.0,2.0,0.0,4.0,0.0,2.0,0.0,1.0,3.0,0.0,0.0,0.0,0.0,0.0,1.0,2.0,0.0,0.0,0.0,0.0,0.0,0.0,4.0,0.0,0.0,False,
INE294B01019,SMLMAH,SML MAHINDRA,"Agricultural, Commercial & Construction Vehicles",False,,,20,4,13.0,18,4,60,WATCHLIST_CONFIRMED,,─,False,False,2–4% (vol↓),CORRECTION,CAUTION,OTHER,0.0,0.045,0.0024,AGRI,13.0,0.0,,8.0,3.0,2.0,0.0,,,1.0,Fresh,"₹3,735 – ₹3,892","₹3,577 (−6.2%)",8–20% (12m),⚠ 1.9:1,66.2,60,False,2026-06-05 12:45:15,8.0,4.0,0,4.0,4.0,5.0,4.0,0.0,2.0,0.0,0.0,0.0,0.0,2.0,1.0,3.0,0.0,0.0,0.0,0.0,0.0,1.0,2.0,0.0,0.0,0.0,0.0,0.0,0.0,4.0,0.0,0.0,False,45.0
INE285J01028,SIS,SIS,Other Consumer Services,False,,,8,10,13.0,20,13,60,WATCHLIST_CONFIRMED,,─,False,False,2–4% (vol↓),LATE_CYCLE,CAUTION,OTHER,0.0,0.55,0.1231,nan,14.0,0.0,,4.0,1.0,9.0,2.0,,,1.0,Fresh,₹411 – ₹428,₹395 (−5.9%),8–20% (12m),✅ 2.0:1,66.2,60,False,2026-06-05 12:45:15,0.0,0.0,0,0.0,4.0,5.0,0.0,0.0,2.0,4.0,4.0,2.0,0.0,2.0,1.0,3.0,1.0,0.0,0.0,0.0,0.0,1.0,2.0,0.0,0.0,0.0,0.0,0.0,9.0,4.0,0.0,0.0,False,34.0
INE278Y01022,CAMPUS,CAMPUS ACTIVEWE.,Consumer Durables,False,,,20,11,10.0,4,13,60,WATCHLIST_CONFIRMED,▲ Approaching STRONG,↑7,False,False,2–4% (vol↓),LATE_CYCLE,CAUTION,CONSUMPTION,0.0,0.2494,0.2086,PREMIUMISATION,14.0,0.0,,5.0,2.0,9.0,2.0,,,1.0,Fresh,₹250 – ₹258,₹242 (−4.9%),8–20% (12m),✅ 2.5:1,66.2,66,True,2026-06-05 12:45:17,8.0,2.0,0,4.0,4.0,5.0,0.0,0.0,2.0,4.0,4.0,2.0,2.0,0.0,0.0,0.0,0.0,1.0,0.0,0.0,1.0,0.0,0.0,0.0,0.0,0.0,0.0,0.0,9.0,4.0,0.0,0.0,False,11.0
INE029A01011,BPCL,B P C L,Petroleum Products,False,,,13,10,13.0,8,13,60,WATCHLIST_CONFIRMED,,─,False,False,4–6%,LATE_CYCLE,CAUTION,OTHER,0.0,0.7876,0.1628,nan,12.0,0.0,,4.0,1.0,8.0,2.0,,,1.0,Fresh,₹288 – ₹296,₹281 (−3.9%),8–20% (12m),✅ 3.1:1,66.2,60,True,2026-06-05 12:45:18,4.0,2.0,0,4.0,0.0,5.0,0.0,0.0,2.0,4.0,4.0,2.0,0.0,0.0,0.0,0.0,0.0,0.0,0.0,0.0,0.0,0.0,2.0,2.0,0.0,0.0,0.0,0.0,9.0,4.0,0.0,0.0,False,
INE548C01032,EMAMILTD,EMAMI,Personal Products,False,,,20,7,10.0,4,14,60,WATCHLIST_CONFIRMED,,↑4,False,False,4–6%,BASING,CAUTION,OTHER,0.0,0.352,0.4942,PREMIUMISATION,11.0,0.0,,8.0,3.0,8.0,2.0,,,1.0,Fresh,₹386 – ₹396,₹376 (−3.9%),8–20% (12m),✅ 3.1:1,66.2,64,True,2026-06-05 12:45:18,8.0,4.0,0,4.0,4.0,5.0,0.0,0.0,2.0,0.0,4.0,0.0,2.0,0.0,0.0,0.0,0.0,0.0,0.0,0.0,0.0,0.0,0.0,0.0,2.0,0.0,0.0,0.0,10.0,4.0,0.0,0.0,False,
INE0MLS01022,EPACKPEB,EPACK PREFABTECH,Industrial Manufacturing,False,,,19,8,10.0,14,4,60,WATCHLIST_CONFIRMED,,─,False,False,1–2% (vol↓),TOPPING,CAUTION,OTHER,0.0,0.4457,0.0309,PLI,14.0,0.0,,4.0,1.0,1.0,0.0,,,1.0,Fresh,₹200 – ₹210,₹191 (−7.0%),8–20% (12m),⚠ 1.7:1,66.2,58,True,2026-06-05 12:45:18,8.0,2.0,0,4.0,4.0,5.0,4.0,6.0,2.0,0.0,0.0,0.0,0.0,0.0,1.0,3.0,0.0,1.0,0.0,0.0,1.0,1.0,0.0,0.0,0.0,0.0,0.0,0.0,0.0,4.0,0.0,0.0,False,19.0
INE042A01014,ESCORTS,ESCORTS KUBOTA,"Agricultural, Commercial & Construction Vehicles",False,,,17,13,13.0,4,4,60,WATCHLIST_CONFIRMED,,─,False,False,4–6%,CORRECTION,CAUTION,OTHER,0.0,0.2398,0.1964,AGRI,12.0,0.0,,5.0,2.0,9.0,2.0,,,1.0,Fresh,"₹2,726 – ₹2,804","₹2,649 (−4.2%)",8–20% (12m),✅ 2.9:1,66.2,60,False,2026-06-05 12:45:19,4.0,2.0,0,4.0,4.0,5.0,0.0,6.0,2.0,4.0,4.0,2.0,0.0,0.0,0.0,0.0,0.0,0.0,0.0,0.0,0.0,0.0,2.0,0.0,0.0,0.0,0.0,0.0,0.0,4.0,0.0,0.0,True,51.0
INE063P01018,EQUITASBNK,EQUITAS SMA. FIN,Banks,False,,,2,12,11.0,22,13,60,WATCHLIST_CONFIRMED,▼ At risk: near WATCHLIST_EXTERNAL boundary,↓5,False,False,1–2% (vol↓),LATE_CYCLE,CAUTION,FINANCIALS,1.0,0.6643,0.8913,FIN_INCLUSION,14.0,0.0,,5.0,2.0,8.0,2.0,,,1.0,Fresh,₹70 – ₹72,₹68 (−4.6%),8–20% (12m),✅ 2.6:1,66.2,55,True,2026-06-05 12:45:19,0.0,0.0,0,0.0,0.0,0.0,4.0,0.0,2.0,4.0,4.0,2.0,0.0,2.0,1.0,3.0,1.0,0.0,1.0,0.0,1.0,0.0,2.0,0.0,0.0,0.0,0.0,0.0,9.0,4.0,0.0,0.0,False,30.0
INE713T01028,APOLLO,APOLLO MICRO SYS,Aerospace & Defense,False,,,12,15,10.0,18,4,60,WATCHLIST_CONFIRMED,,─,False,False,2–4% (vol↓),TOPPING,CAUTION,CAPEX_CYCLE,0.0,0.1902,0.0306,"CAPEX_SUPERCYCLE,DEFENCE",17.0,-3.0,PAPER_PROFIT,4.0,1.0,9.0,2.0,,,1.0,Fresh,₹394 – ₹421,₹366 (−10.1%),8–20% (12m),❌ 1.2:1,66.2,62,True,2026-06-05 12:45:22,4.0,0.0,0,4.0,4.0,5.0,4.0,6.0,2.0,4.0,4.0,2.0,0.0,2.0,1.0,3.0,1.0,1.0,0.0,0.0,0.0,1.0,0.0,0.0,0.0,0.0,0.0,0.0,0.0,4.0,0.0,0.0,False,
INE274Y01021,AJAXENGG,AJAX ENGINEERING,"Agricultural, Commercial & Construction Vehicles",False,,,20,8,10.0,12,4,60,WATCHLIST_CONFIRMED,,─,False,False,4–6%,CORRECTION,CAUTION,OTHER,0.0,0.2274,0.1292,AGRI,12.0,0.0,,8.0,3.0,2.0,0.0,,,1.0,Fresh,₹588 – ₹605,₹571 (−4.3%),8–20% (12m),✅ 2.8:1,66.2,60,False,2026-06-05 12:45:23,8.0,4.0,0,4.0,4.0,5.0,4.0,6.0,2.0,0.0,0.0,0.0,0.0,2.0,0.0,0.0,0.0,0.0,0.0,0.0,1.0,0.0,0.0,0.0,0.0,3.0,0.0,0.0,0.0,4.0,0.0,0.0,False,17.0
INE238A01034,AXISBANK,AXIS BANK,Banks,False,,,3,14,8.0,18,13,60,WATCHLIST_CONFIRMED,▼ At risk: near WATCHLIST_EXTERNAL boundary,↑3,False,False,2–3%,LATE_CYCLE,CAUTION,FINANCIALS,1.0,1.6745,0.6769,FIN_INCLUSION,14.0,0.0,,4.0,1.0,7.0,2.0,,,1.0,Fresh,"₹1,243 – ₹1,267","₹1,219 (−2.9%)",8–20% (12m),✅ 4.2:1,66.2,55,True,2026-06-05 12:45:24,0.0,2.0,0,0.0,0.0,0.0,4.0,6.0,2.0,0.0,4.0,2.0,2.0,2.0,1.0,3.0,0.0,0.0,0.0,1.0,0.0,0.0,0.0,0.0,2.0,0.0,0.0,0.0,9.0,4.0,0.0,0.0,False,41.0
INE09VQ01012,INDIGOPNTS,INDIGO PAINTS,Consumer Durables,False,,,17,12,10.0,6,13,60,WATCHLIST_CONFIRMED,▲ Approaching STRONG,↑7,False,False,2–4% (vol↓),LATE_CYCLE,CAUTION,CONSUMPTION,0.0,0.3126,0.453,PREMIUMISATION,14.0,0.0,,5.0,2.0,9.0,2.0,,,1.0,Fresh,₹947 – ₹982,₹912 (−5.4%),8–20% (12m),✅ 2.2:1,66.2,66,True,2026-06-05 12:45:25,4.0,2.0,0,4.0,4.0,5.0,0.0,6.0,2.0,0.0,4.0,2.0,2.0,0.0,0.0,0.0,0.0,0.0,0.0,0.0,1.0,0.0,0.0,0.0,2.0,0.0,0.0,0.0,9.0,4.0,0.0,0.0,False,13.0
INE0V6F01027,HYUNDAI,HYUNDAI MOTOR I,Automobiles,False,,,20,11,10.0,6,14,60,STRONG,▼ At risk: near WATCHLIST_CONFIRMED boundary,↑9,False,False,4–6%,BASING,CAUTION,OTHER,0.0,0.2178,0.1246,PREMIUMISATION,14.0,0.0,,6.0,2.0,8.0,2.0,,,1.0,Fresh,"₹1,840 – ₹1,893","₹1,761 (−5.6%)",18–38% (12m),✅ 3.5:1,66.2,70,True,2026-06-05 12:45:25,8.0,4.0,0,4.0,4.0,5.0,0.0,6.0,2.0,0.0,4.0,2.0,0.0,0.0,0.0,0.0,0.0,1.0,0.0,1.0,1.0,0.0,0.0,0.0,0.0,0.0,0.0,0.0,10.0,4.0,0.0,0.0,True,4.0
INE634I01029,KNRCON,KNR CONSTRUCT.,Construction,False,,,19,10,10.0,0,4,60,WATCHLIST_CONFIRMED,▼ At risk: near WATCHLIST_EXTERNAL boundary,↓7,False,False,1–2% (vol↓),TOPPING,CAUTION,OTHER,0.0,0.27,0.377,INFRA,9.0,-3.0,PAPER_PROFIT,5.0,2.0,8.0,2.0,,,1.0,Fresh,₹128 – ₹133,₹123 (−5.8%),8–20% (12m),✅ 2.1:1,66.2,53,True,2026-06-05 12:45:26,8.0,4.0,0,4.0,4.0,5.0,0.0,6.0,0.0,0.0,4.0,2.0,0.0,0.0,0.0,0.0,0.0,0.0,0.0,0.0,0.0,0.0,0.0,0.0,0.0,0.0,0.0,0.0,0.0,4.0,0.0,0.0,True,
INE0RB801010,SENORES,SENORES PHARMA.,Pharmaceuticals & Biotechnology,False,,,4,13,13.0,34,13,59,WATCHLIST_CONFIRMED,▼ At risk: near WATCHLIST_CONFIRMED boundary,↑10,False,False,2–4% (vol↓),LATE_CYCLE,CAUTION,OTHER,0.0,0.1614,0.1002,"HEALTHCARE,PLI",18.0,-3.0,PAPER_PROFIT,3.0,1.0,9.0,2.0,,,1.0,Fresh,"₹1,021 – ₹1,069",₹974 (−6.8%),8–20% (12m),⚠ 1.8:1,64.1,69,True,2026-06-05 12:44:59,0.0,0.0,0,4.0,4.0,0.0,4.0,6.0,0.0,0.0,4.0,2.0,2.0,2.0,1.0,3.0,0.0,0.0,1.0,0.0,0.0,1.0,2.0,0.0,2.0,3.0,0.0,2.0,9.0,4.0,0.0,0.0,False,
INE376G01013,BIOCON,BIOCON,Pharmaceuticals & Biotechnology,False,,,5,12,13.0,38,13,59,STRONG,▼ At risk: near WATCHLIST_CONFIRMED boundary,↑11,False,False,4–6%,LATE_CYCLE,CAUTION,OTHER,0.0,0.4291,0.3303,"HEALTHCARE,PLI",18.0,0.0,,3.0,1.0,8.0,2.0,,,1.0,Fresh,₹408 – ₹417,₹393 (−4.7%),18–38% (12m),✅ 4.2:1,64.1,69,True,2026-06-05 12:45:00,0.0,0.0,0,0.0,0.0,5.0,4.0,6.0,2.0,0.0,4.0,0.0,0.0,2.0,1.0,3.0,1.0,0.0,1.0,0.0,1.0,1.0,2.0,2.0,0.0,3.0,0.0,2.0,9.0,4.0,0.0,0.0,False,27.0
INE088F01024,PARADEEP,PARADEEP PHOSPH.,Fertilizers & Agrochemicals,False,,,17,10,10.0,10,4,59,WATCHLIST_CONFIRMED,▼ At risk: near WATCHLIST_EXTERNAL boundary,↓5,False,False,1–2% (vol↓),TOPPING,CAUTION,OTHER,0.0,0.3452,0.3068,AGRI,11.0,0.0,,6.0,2.0,8.0,2.0,,,1.0,Fresh,₹124 – ₹128,₹121 (−4.5%),8–20% (12m),✅ 2.6:1,64.1,54,True,2026-06-05 12:45:03,8.0,2.0,0,4.0,0.0,5.0,4.0,0.0,2.0,0.0,4.0,2.0,0.0,0.0,0.0,0.0,0.0,0.0,0.0,0.0,0.0,0.0,0.0,0.0,2.0,3.0,0.0,0.0,0.0,4.0,0.0,0.0,True,36.0
INE600L01024,LALPATHLAB,DR LAL PATHLABS,Healthcare Services,False,,,20,7,8.0,16,13,59,WATCHLIST_CONFIRMED,▲ Approaching STRONG,↑7,False,False,2–4% (vol↓),LATE_CYCLE,CAUTION,OTHER,1.0,0.6966,0.3715,HEALTHCARE,14.0,0.0,,8.0,3.0,7.0,2.0,,,1.0,Fresh,"₹1,546 – ₹1,594","₹1,497 (−4.6%)",8–20% (12m),✅ 2.6:1,64.1,67,True,2026-06-05 12:45:05,8.0,4.0,0,4.0,4.0,5.0,0.0,0.0,2.0,0.0,4.0,2.0,0.0,2.0,1.0,3.0,0.0,0.0,0.0,0.0,0.0,0.0,0.0,0.0,2.0,0.0,0.0,0.0,9.0,4.0,0.0,0.0,False,
INE262Z01023,LATTEYS,LATTEYS INDUSTRI,Industrial Products,False,,,12,12,13.0,8,4,59,WATCHLIST_CONFIRMED,,↓3,False,False,1–2% (vol↓),TOPPING,CAUTION,OTHER,0.0,0.0152,0.0,nan,11.0,0.0,,6.0,2.0,6.0,1.0,,,1.0,Fresh,₹22 – ₹24,₹21 (−8.8%),8–20% (12m),❌ 1.4:1,64.1,57,True,2026-06-05 12:45:05,4.0,0.0,0,0.0,4.0,5.0,4.0,6.0,2.0,0.0,4.0,0.0,2.0,2.0,0.0,0.0,0.0,0.0,0.0,0.0,0.0,0.0,2.0,0.0,0.0,0.0,0.0,0.0,0.0,4.0,0.0,0.0,False,
INE114A01011,SAIL,S A I L,Ferrous Metals,False,,,0,7,13.0,38,4,59,WATCHLIST_EXTERNAL,,↓13,False,False,1–2% (vol↓),CORRECTION,CAUTION,OTHER,0.0,0.2078,0.1738,nan,16.0,0.0,,2.0,0.0,8.0,2.0,,,1.0,Fresh,₹201 – ₹207,₹195 (−4.5%),2–8% (12m),⚠ 1.5:1,64.1,46,True,2026-06-05 12:45:11,0.0,0.0,0,0.0,0.0,0.0,0.0,0.0,2.0,0.0,4.0,2.0,0.0,2.0,1.0,3.0,1.0,0.0,1.0,1.0,1.0,1.0,2.0,2.0,2.0,0.0,0.0,2.0,0.0,4.0,0.0,0.0,False,19.0
INE0PEQ01016,RBZJEWEL,RBZ JEWELLERS LT,Consumer Durables,False,,,17,9,13.0,4,13,59,WATCHLIST_CONFIRMED,▲ Approaching STRONG,↑7,False,False,2–4% (vol↓),LATE_CYCLE,CAUTION,CONSUMPTION,0.0,0.0152,0.0,PREMIUMISATION,11.0,-3.0,PAPER_PROFIT,5.0,2.0,4.0,1.0,,,1.0,Fresh,₹124 – ₹128,₹119 (−4.9%),8–20% (12m),✅ 2.4:1,64.1,65,True,2026-06-05 12:45:12,8.0,2.0,0,4.0,4.0,5.0,4.0,6.0,0.0,0.0,0.0,0.0,2.0,0.0,0.0,0.0,0.0,0.0,0.0,0.0,0.0,0.0,2.0,0.0,0.0,0.0,0.0,0.0,9.0,4.0,0.0,0.0,False,50.0
INE06ZD01017,SHANTIGOLD,SHANTI GOLD,Consumer Durables,False,,,19,9,10.0,6,13,59,WATCHLIST_CONFIRMED,▲ Approaching STRONG,↑6,False,False,2–4% (vol↓),LATE_CYCLE,CAUTION,CONSUMPTION,0.0,0.0906,0.0,PREMIUMISATION,12.0,-3.0,PAPER_PROFIT,6.0,2.0,4.0,1.0,,,1.0,Fresh,₹217 – ₹229,₹206 (−7.6%),8–20% (12m),⚠ 1.6:1,64.1,65,True,2026-06-05 12:45:14,8.0,4.0,0,4.0,4.0,5.0,4.0,6.0,0.0,0.0,0.0,0.0,2.0,2.0,0.0,0.0,0.0,1.0,0.0,0.0,0.0,0.0,0.0,0.0,0.0,0.0,0.0,0.0,9.0,4.0,0.0,0.0,False,
INE908D01010,SHAKTIPUMP,SHAKTI PUMPS,Industrial Products,False,,,20,8,10.0,8,4,59,WATCHLIST_CONFIRMED,,─,False,False,2–3%,TOPPING,CAUTION,OTHER,0.0,0.2262,0.0984,nan,11.0,0.0,,6.0,2.0,3.0,0.0,,,1.0,Fresh,₹503 – ₹517,₹489 (−4.2%),8–20% (12m),✅ 2.9:1,64.1,57,True,2026-06-05 12:45:15,8.0,4.0,0,4.0,4.0,5.0,4.0,6.0,2.0,0.0,0.0,0.0,0.0,0.0,0.0,0.0,0.0,0.0,0.0,0.0,1.0,0.0,0.0,0.0,0.0,3.0,0.0,0.0,0.0,4.0,0.0,0.0,False,30.0
INE111A01025,CONCOR,CONTAINER CORPN.,Transport Services,False,,,16,6,10.0,6,4,59,WATCHLIST_EXTERNAL,,↓14,False,False,2–3%,TOPPING,CAUTION,OTHER,0.0,0.3382,0.2782,INFRA,9.0,0.0,,5.0,2.0,7.0,2.0,,,1.0,Fresh,₹446 – ₹458,₹433 (−4.1%),2–8% (12m),⚠ 1.7:1,64.1,44,True,2026-06-05 12:45:15,4.0,0.0,0,4.0,4.0,5.0,0.0,0.0,2.0,0.0,4.0,0.0,0.0,0.0,0.0,0.0,0.0,0.0,0.0,0.0,1.0,0.0,0.0,0.0,2.0,0.0,0.0,0.0,0.0,4.0,0.0,0.0,False,10.0
INE259A01022,COLPAL,COLGATE-PALMOLIV,Personal Products,False,,,20,6,10.0,6,14,59,WATCHLIST_CONFIRMED,,↑4,False,False,4–6%,BASING,CAUTION,OTHER,0.0,0.5606,0.149,PREMIUMISATION,11.0,0.0,,8.0,3.0,7.0,2.0,,,1.0,Fresh,"₹1,995 – ₹2,042","₹1,949 (−3.5%)",8–20% (12m),✅ 3.5:1,64.1,63,True,2026-06-05 12:45:16,8.0,4.0,0,4.0,4.0,5.0,0.0,0.0,2.0,0.0,4.0,0.0,0.0,0.0,0.0,0.0,0.0,0.0,0.0,0.0,1.0,0.0,0.0,0.0,2.0,0.0,0.0,0.0,10.0,4.0,0.0,0.0,False,13.0
INE495P01020,BECTORFOOD,MRS BECTORS,Food Products,False,,,16,13,10.0,0,4,59,WATCHLIST_CONFIRMED,▼ At risk: near WATCHLIST_EXTERNAL boundary,↓5,False,False,1–2% (vol↓),CORRECTION,CAUTION,OTHER,0.0,0.4298,0.4596,"AGRI,PLI",11.0,0.0,,3.0,1.0,8.0,2.0,,,1.0,Fresh,₹168 – ₹174,₹163 (−4.8%),8–20% (12m),✅ 2.5:1,64.1,54,True,2026-06-05 12:45:16,4.0,2.0,0,4.0,4.0,5.0,4.0,6.0,2.0,0.0,4.0,2.0,0.0,0.0,0.0,0.0,0.0,0.0,0.0,0.0,0.0,0.0,0.0,0.0,0.0,0.0,0.0,0.0,0.0,4.0,0.0,0.0,True,
INE918I01026,BAJAJFINSV,BAJAJ FINSERV,Finance,False,,,0,11,10.0,4,13,59,WATCHLIST_EXTERNAL,▼ At risk: near MONITOR boundary,↓18,False,False,0–1%,LATE_CYCLE,CAUTION,FINANCIALS,0.0,0.3047,0.1663,FIN_INCLUSION,8.0,-3.0,PAPER_PROFIT,2.0,0.0,4.0,1.0,,,1.0,Fresh,"₹1,718 – ₹1,751","₹1,685 (−2.8%)",2–8% (12m),✅ 2.5:1,64.1,41,True,2026-06-05 12:45:24,0.0,2.0,0,0.0,0.0,0.0,4.0,6.0,0.0,4.0,0.0,2.0,0.0,0.0,0.0,0.0,0.0,0.0,0.0,0.0,0.0,0.0,0.0,0.0,2.0,0.0,0.0,0.0,9.0,4.0,0.0,0.0,False,36.0
INE765G01017,ICICIGI,ICICI LOMBARD,Insurance,False,,,6,10,8.0,12,4,59,WATCHLIST_EXTERNAL,▼ At risk: near MONITOR boundary,↓20,False,False,0–1%,TOPPING,CAUTION,FINANCIALS,1.0,0.8903,0.3044,FIN_INCLUSION,9.0,0.0,,4.0,1.0,8.0,2.0,,,1.0,Fresh,"₹1,721 – ₹1,761","₹1,681 (−3.5%)",2–8% (12m),✅ 2.0:1,64.1,39,True,2026-06-05 12:45:25,0.0,2.0,0,4.0,0.0,0.0,0.0,6.0,0.0,0.0,4.0,2.0,0.0,0.0,0.0,0.0,0.0,0.0,0.0,0.0,1.0,0.0,0.0,0.0,2.0,3.0,0.0,0.0,0.0,4.0,0.0,0.0,False,9.0
INE0O6601022,KROSS,KROSS LTD,Auto Components,False,,,12,11,13.0,18,14,59,WATCHLIST_CONFIRMED,▼ At risk: near WATCHLIST_CONFIRMED boundary,↑11,False,False,2–4% (vol↓),BASING,CAUTION,OTHER,0.0,0.1294,0.0912,PLI,14.0,-3.0,PAPER_PROFIT,4.0,1.0,6.0,1.0,,,1.0,Fresh,₹187 – ₹194,₹180 (−5.4%),8–20% (12m),✅ 2.2:1,64.1,70,True,2026-06-05 12:45:26,4.0,0.0,0,4.0,4.0,5.0,4.0,6.0,0.0,0.0,4.0,0.0,2.0,2.0,0.0,0.0,0.0,0.0,0.0,0.0,0.0,0.0,2.0,2.0,0.0,3.0,0.0,0.0,10.0,4.0,0.0,0.0,False,
INE967H01025,KIMS,KRISHNA INSTITU.,Healthcare Services,False,,,16,10,11.0,18,13,59,WATCHLIST_CONFIRMED,▲ Approaching STRONG,↑7,False,False,2–4% (vol↓),LATE_CYCLE,CAUTION,OTHER,1.0,0.6282,0.5482,HEALTHCARE,16.0,0.0,,3.0,1.0,8.0,2.0,,,1.0,Fresh,₹725 – ₹750,₹701 (−5.0%),8–20% (12m),✅ 2.4:1,64.1,67,True,2026-06-05 12:45:26,4.0,2.0,0,4.0,4.0,5.0,4.0,0.0,2.0,0.0,4.0,2.0,0.0,2.0,1.0,3.0,1.0,0.0,0.0,0.0,0.0,0.0,2.0,0.0,0.0,0.0,0.0,0.0,9.0,4.0,0.0,0.0,False,
INE858B01029,ISGEC,ISGEC HEAVY,Construction,False,,,10,9,13.0,18,4,59,WATCHLIST_CONFIRMED,▼ At risk: near WATCHLIST_EXTERNAL boundary,↓7,False,False,1–2% (vol↓),TOPPING,CAUTION,OTHER,0.0,0.18,0.1884,INFRA,13.0,-1.0,EARN_REV_DIVERGE,3.0,1.0,4.0,1.0,,,1.0,Fresh,₹899 – ₹937,₹861 (−6.2%),8–20% (12m),⚠ 1.9:1,64.1,52,True,2026-06-05 12:45:27,4.0,0.0,0,4.0,0.0,5.0,0.0,6.0,2.0,0.0,0.0,2.0,2.0,2.0,0.0,0.0,0.0,0.0,0.0,0.0,1.0,0.0,2.0,2.0,2.0,0.0,0.0,0.0,0.0,4.0,0.0,0.0,False,8.0
INE048B01035,JAGSNPHARM,JAGSONPAL PHARMA,Pharmaceuticals & Biotechnology,False,,,20,5,13.0,16,13,59,STRONG,▼ At risk: near WATCHLIST_CONFIRMED boundary,↑10,False,False,2–4% (vol↓),LATE_CYCLE,CAUTION,OTHER,0.0,0.11,0.0,"HEALTHCARE,PLI",13.0,-1.0,EARN_REV_DIVERGE,8.0,3.0,3.0,0.0,,,1.0,Fresh,₹198 – ₹206,₹187 (−7.5%),18–38% (12m),✅ 2.7:1,64.1,69,True,2026-06-05 12:45:28,8.0,4.0,0,4.0,4.0,5.0,0.0,6.0,2.0,0.0,0.0,0.0,0.0,0.0,0.0,0.0,0.0,0.0,0.0,0.0,1.0,0.0,2.0,2.0,0.0,3.0,0.0,0.0,9.0,4.0,0.0,0.0,False,11.0
INE056801025,IVALUE,IVALUE INFOSOLUT,IT - Services,False,,,20,8,10.0,4,14,59,WATCHLIST_CONFIRMED,▲ Approaching STRONG,↑9,False,False,2–4% (vol↓),BASING,CAUTION,OTHER,0.0,0.3031,0.1363,DIGITAL,11.0,0.0,,7.0,2.0,3.0,0.0,,,1.0,Fresh,₹228 – ₹237,₹219 (−5.7%),8–20% (12m),✅ 2.1:1,64.1,67,True,2026-06-05 12:45:28,8.0,4.0,0,4.0,4.0,5.0,4.0,6.0,2.0,0.0,0.0,0.0,0.0,0.0,0.0,0.0,0.0,0.0,0.0,0.0,0.0,0.0,0.0,0.0,2.0,0.0,0.0,0.0,10.0,4.0,0.0,0.0,False,
INE0QHG01026,SUPREMEPWR,SUPREME POWER,Electrical Equipment,False,,,20,8,10.0,14,4,58,WATCHLIST_CONFIRMED,,↑4,False,False,2–4% (vol↓),TOPPING,CAUTION,OTHER,0.0,0.047,0.0,"CAPEX_SUPERCYCLE,POWER",13.0,0.0,,4.0,1.0,3.0,0.0,,,1.0,Fresh,₹252 – ₹265,₹239 (−7.6%),8–20% (12m),⚠ 1.6:1,62.1,61,True,2026-06-05 12:45:00,8.0,4.0,0,4.0,4.0,5.0,4.0,6.0,2.0,0.0,0.0,0.0,0.0,2.0,1.0,3.0,0.0,0.0,0.0,0.0,0.0,1.0,0.0,0.0,0.0,0.0,0.0,0.0,0.0,4.0,0.0,0.0,False,
INE342G01023,NIITMTS,NIIT LEARNING,Other Consumer Services,False,,,18,8,8.0,4,13,58,WATCHLIST_CONFIRMED,,─,False,False,1–2% (vol↓),LATE_CYCLE,CAUTION,OTHER,1.0,0.6959,0.3583,nan,12.0,0.0,,6.0,2.0,8.0,2.0,,,1.0,Fresh,₹207 – ₹218,₹196 (−7.8%),8–20% (12m),⚠ 1.5:1,62.1,58,False,2026-06-05 12:45:02,8.0,4.0,0,4.0,4.0,0.0,0.0,0.0,2.0,0.0,4.0,2.0,2.0,0.0,0.0,0.0,0.0,1.0,0.0,0.0,1.0,0.0,0.0,0.0,0.0,0.0,0.0,0.0,9.0,4.0,0.0,0.0,False,24.0
INE572E01012,PNBHOUSING,PNB HOUSING,Finance,False,,,1,10,8.0,14,13,58,WATCHLIST_EXTERNAL,▼ At risk: near MONITOR boundary,↓18,False,False,0–1%,LATE_CYCLE,CAUTION,FINANCIALS,1.0,0.6719,0.619,FIN_INCLUSION,9.0,-3.0,PAPER_PROFIT,3.0,1.0,7.0,2.0,,,1.0,Fresh,"₹978 – ₹1,008",₹949 (−4.4%),2–8% (12m),⚠ 1.6:1,62.1,40,True,2026-06-05 12:45:02,0.0,0.0,0,0.0,0.0,0.0,0.0,6.0,0.0,0.0,4.0,2.0,0.0,2.0,0.0,0.0,0.0,0.0,1.0,0.0,0.0,0.0,0.0,0.0,2.0,0.0,0.0,2.0,9.0,4.0,0.0,0.0,False,45.0
INE988S01028,PARKHOTELS,APEEJAY SURREND.,Leisure Services,False,,,7,10,13.0,16,13,58,WATCHLIST_CONFIRMED,,─,False,False,2–3%,LATE_CYCLE,CAUTION,OTHER,0.0,0.1669,0.1372,PREMIUMISATION,13.0,0.0,,4.0,1.0,5.0,1.0,,,1.0,Fresh,₹113 – ₹117,₹110 (−4.3%),8–20% (12m),✅ 2.8:1,62.1,58,True,2026-06-05 12:45:04,0.0,0.0,0,4.0,4.0,0.0,4.0,0.0,2.0,4.0,0.0,2.0,2.0,0.0,0.0,0.0,0.0,0.0,0.0,0.0,1.0,0.0,2.0,2.0,0.0,3.0,0.0,0.0,9.0,4.0,0.0,0.0,False,9.0
INE010V01017,LTTS,L&T TECHNOLOGY,IT - Services,False,,,20,8,10.0,4,14,58,WATCHLIST_CONFIRMED,▲ Approaching STRONG,↑9,False,False,2–4% (vol↓),BASING,CAUTION,OTHER,0.0,0.1662,0.0863,DIGITAL,11.0,0.0,,8.0,3.0,7.0,2.0,,,1.0,Fresh,"₹3,231 – ₹3,367","₹3,096 (−6.2%)",8–20% (12m),⚠ 1.9:1,62.1,66,True,2026-06-05 12:45:04,8.0,4.0,0,4.0,4.0,5.0,4.0,0.0,2.0,0.0,4.0,0.0,0.0,0.0,0.0,0.0,0.0,0.0,0.0,0.0,0.0,0.0,0.0,0.0,2.0,0.0,0.0,0.0,10.0,4.0,0.0,0.0,False,
INE214T01019,LTM,LTIMINDTREE,IT - Software,False,,,20,7,13.0,10,14,58,STRONG,▼ At risk: near WATCHLIST_CONFIRMED boundary,↑9,False,False,2–4% (vol↓),BASING,CAUTION,OTHER,0.0,0.302,0.0865,DIGITAL,13.0,0.0,,6.0,2.0,8.0,2.0,,,1.0,Fresh,"₹3,984 – ₹4,121","₹3,778 (−6.8%)",18–38% (12m),✅ 2.9:1,62.1,69,True,2026-06-05 12:45:04,8.0,4.0,0,4.0,4.0,5.0,0.0,0.0,2.0,0.0,4.0,2.0,0.0,0.0,0.0,0.0,0.0,0.0,0.0,1.0,0.0,0.0,2.0,2.0,0.0,0.0,0.0,0.0,10.0,4.0,0.0,0.0,False,31.0
INE825V01034,MANYAVAR,VEDANT FASHIONS,Retailing,False,,,20,7,10.0,6,4,58,WATCHLIST_CONFIRMED,▼ At risk: near WATCHLIST_EXTERNAL boundary,↓4,False,False,1–2% (vol↓),TOPPING,CAUTION,OTHER,0.0,0.3358,0.2004,PREMIUMISATION,11.0,0.0,,7.0,2.0,8.0,2.0,,,1.0,Fresh,₹392 – ₹405,₹379 (−4.9%),8–20% (12m),✅ 2.5:1,62.1,54,True,2026-06-05 12:45:04,8.0,4.0,0,4.0,4.0,5.0,0.0,0.0,2.0,0.0,4.0,0.0,2.0,0.0,0.0,0.0,0.0,0.0,0.0,0.0,1.0,0.0,0.0,0.0,2.0,0.0,0.0,0.0,0.0,4.0,0.0,0.0,False,27.0
INE06WU01026,LAXMIINDIA,LAXMI INDIA FIN.,Finance,False,,,1,10,10.0,0,13,58,WATCHLIST_EXTERNAL,▼ At risk: near MONITOR boundary,↓18,False,False,0% (vol↓),LATE_CYCLE,CAUTION,FINANCIALS,0.0,0.072,0.0,FIN_INCLUSION,7.0,-4.0,PAPER_PROFIT|DE_ROCE_STRESS,0.0,0.0,6.0,1.0,,,1.0,Fresh,₹107 – ₹111,₹102 (−6.3%),2–8% (12m),❌ 1.1:1,62.1,40,True,2026-06-05 12:45:05,0.0,2.0,0,4.0,0.0,0.0,4.0,6.0,0.0,0.0,4.0,0.0,0.0,0.0,0.0,0.0,0.0,0.0,0.0,0.0,0.0,0.0,0.0,0.0,0.0,0.0,0.0,0.0,9.0,4.0,0.0,0.0,False,
INE0JYY01011,MWL,MANGALAM WORLD.,Metals & Minerals Trading,False,,,12,12,10.0,18,4,58,WATCHLIST_CONFIRMED,,─,False,False,2–3%,TOPPING,CAUTION,OTHER,0.0,0.0032,0.0,nan,14.0,-3.0,PAPER_PROFIT,4.0,1.0,7.0,2.0,,,1.0,Fresh,₹375 – ₹386,₹365 (−4.2%),8–20% (12m),✅ 2.9:1,62.1,58,False,2026-06-05 12:45:05,8.0,0.0,0,0.0,4.0,5.0,4.0,6.0,0.0,0.0,4.0,0.0,2.0,2.0,1.0,3.0,1.0,0.0,1.0,0.0,0.0,1.0,0.0,0.0,0.0,0.0,0.0,0.0,0.0,4.0,0.0,0.0,False,
INE725A01030,NAVA,NAVA,Power,False,,,13,6,13.0,20,4,58,WATCHLIST_CONFIRMED,▼ At risk: near WATCHLIST_EXTERNAL boundary,↓7,False,False,2–3%,TOPPING,CAUTION,OTHER,0.0,0.4577,0.0072,"CAPEX_SUPERCYCLE,POWER",13.0,-1.0,EARN_REV_DIVERGE,5.0,2.0,3.0,0.0,,,1.0,Fresh,₹596 – ₹614,₹579 (−4.4%),8–20% (12m),✅ 2.7:1,62.1,53,True,2026-06-05 12:45:06,4.0,2.0,0,4.0,0.0,5.0,0.0,6.0,2.0,0.0,0.0,2.0,0.0,2.0,1.0,3.0,0.0,0.0,0.0,0.0,0.0,0.0,2.0,2.0,0.0,0.0,0.0,0.0,0.0,4.0,0.0,0.0,False,
INE0MWH01014,TRUALT,TRUALT BIOENERGY,Agricultural Food & other Products,False,,,11,12,10.0,14,4,58,WATCHLIST_CONFIRMED,▼ At risk: near WATCHLIST_EXTERNAL boundary,↓4,False,False,1–2% (vol↓),CORRECTION,CAUTION,OTHER,0.0,0.0596,0.134,AGRI,13.0,0.0,,3.0,1.0,7.0,2.0,,,1.0,Fresh,₹494 – ₹517,₹471 (−6.9%),8–20% (12m),⚠ 1.7:1,62.1,54,True,2026-06-05 12:45:07,4.0,4.0,0,0.0,0.0,5.0,4.0,6.0,2.0,0.0,4.0,0.0,0.0,2.0,0.0,0.0,1.0,1.0,0.0,0.0,0.0,1.0,0.0,0.0,2.0,0.0,0.0,0.0,0.0,4.0,0.0,0.0,False,
INE551W01018,UJJIVANSFB,UJJIVAN SMALL,Banks,False,,,2,13,11.0,16,13,58,WATCHLIST_CONFIRMED,▼ At risk: near WATCHLIST_EXTERNAL boundary,↓4,False,False,2–3%,LATE_CYCLE,CAUTION,FINANCIALS,1.0,0.6986,0.5204,FIN_INCLUSION,12.0,0.0,,5.0,2.0,8.0,2.0,,,1.0,Fresh,₹53 – ₹55,₹51 (−4.3%),8–20% (12m),✅ 2.8:1,62.1,54,True,2026-06-05 12:45:07,0.0,0.0,0,0.0,0.0,0.0,4.0,0.0,2.0,4.0,4.0,2.0,2.0,0.0,1.0,3.0,0.0,0.0,0.0,0.0,0.0,0.0,2.0,0.0,2.0,0.0,0.0,0.0,9.0,4.0,0.0,0.0,False,63.0
INE527H01019,UFO,UFO MOVIEZ,Entertainment,False,,,4,12,13.0,10,13,58,WATCHLIST_CONFIRMED,▼ At risk: near WATCHLIST_EXTERNAL boundary,↓7,False,False,1–2% (vol↓),LATE_CYCLE,CAUTION,OTHER,0.0,0.0624,0.0,nan,11.0,0.0,,2.0,0.0,8.0,2.0,,,1.0,Fresh,₹73 – ₹75,₹70 (−4.7%),8–20% (12m),✅ 2.5:1,62.1,54,True,2026-06-05 12:45:07,0.0,0.0,0,0.0,0.0,5.0,4.0,0.0,2.0,4.0,4.0,2.0,0.0,0.0,0.0,0.0,0.0,0.0,0.0,0.0,0.0,1.0,2.0,2.0,0.0,0.0,0.0,0.0,9.0,4.0,0.0,0.0,False,
INE258G01013,SUMICHEM,SUMITOMO CHEMI.,Fertilizers & Agrochemicals,False,,,20,5,13.0,8,4,58,WATCHLIST_CONFIRMED,▼ At risk: near WATCHLIST_EXTERNAL boundary,↓6,False,False,1–2% (vol↓),TOPPING,CAUTION,OTHER,0.0,0.1468,0.1376,AGRI,10.0,0.0,,7.0,2.0,6.0,1.0,,,1.0,Fresh,₹474 – ₹492,₹457 (−5.4%),8–20% (12m),✅ 2.2:1,62.1,53,True,2026-06-05 12:45:08,8.0,2.0,0,4.0,4.0,5.0,0.0,0.0,2.0,0.0,4.0,0.0,0.0,2.0,0.0,0.0,0.0,0.0,0.0,0.0,0.0,0.0,2.0,0.0,0.0,0.0,0.0,0.0,0.0,4.0,0.0,0.0,False,
INE670A01012,TATAELXSI,TATA ELXSI,IT - Software,False,,,20,7,13.0,8,14,58,STRONG,▼ At risk: near WATCHLIST_CONFIRMED boundary,↑11,False,False,4–6%,BASING,CAUTION,OTHER,0.0,0.4708,0.0233,DIGITAL,13.0,0.0,,8.0,3.0,8.0,2.0,,,1.0,Fresh,"₹4,293 – ₹4,401","₹4,131 (−5.0%)",18–38% (12m),✅ 4.0:1,62.1,69,True,2026-06-05 12:45:08,8.0,4.0,0,4.0,4.0,5.0,0.0,0.0,2.0,0.0,4.0,2.0,0.0,0.0,0.0,0.0,0.0,0.0,0.0,1.0,1.0,0.0,2.0,0.0,0.0,0.0,0.0,0.0,10.0,4.0,0.0,0.0,False,4.0
INE572J01011,SPANDANA,SPANDANA SPHOORT,Finance,False,,,0,8,10.0,10,13,58,WATCHLIST_EXTERNAL,▼ At risk: near MONITOR boundary,↓18,False,False,0% (vol↓),LATE_CYCLE,CAUTION,FINANCIALS,0.0,0.7619,0.0105,FIN_INCLUSION,9.0,-4.0,PAPER_PROFIT|DE_ROCE_STRESS,2.0,0.0,8.0,2.0,,,1.0,Fresh,₹252 – ₹262,₹242 (−5.6%),2–8% (12m),❌ 1.2:1,62.1,40,True,2026-06-05 12:45:15,0.0,0.0,0,4.0,0.0,0.0,4.0,0.0,2.0,0.0,4.0,0.0,0.0,2.0,0.0,0.0,0.0,0.0,0.0,0.0,1.0,0.0,0.0,0.0,2.0,0.0,0.0,0.0,9.0,4.0,0.0,0.0,False,30.0
INE792Z01011,SIRCA,SIRCA PAINTS,Consumer Durables,False,,,16,10,10.0,10,13,58,WATCHLIST_CONFIRMED,,↑7,False,False,4–6%,LATE_CYCLE,CAUTION,CONSUMPTION,0.0,0.1838,0.0,PREMIUMISATION,14.0,0.0,,4.0,1.0,4.0,1.0,,,1.0,Fresh,₹415 – ₹424,₹406 (−3.1%),8–20% (12m),✅ 3.8:1,62.1,64,True,2026-06-05 12:45:15,4.0,2.0,0,4.0,4.0,5.0,4.0,6.0,2.0,0.0,0.0,2.0,0.0,0.0,1.0,3.0,0.0,0.0,0.0,0.0,0.0,1.0,0.0,0.0,0.0,0.0,0.0,0.0,9.0,4.0,0.0,0.0,False,
INE343G01021,BHARTIHEXA,BHARTI HEXACOM,Telecom - Services,False,,,18,11,10.0,0,14,58,WATCHLIST_CONFIRMED,,↑4,False,False,4–6%,BASING,CAUTION,OTHER,0.0,0.1478,0.1684,DIGITAL,11.0,0.0,,5.0,2.0,8.0,2.0,,,1.0,Fresh,"₹1,481 – ₹1,512","₹1,449 (−3.1%)",8–20% (12m),✅ 3.8:1,62.1,62,True,2026-06-05 12:45:16,8.0,4.0,0,4.0,4.0,0.0,4.0,0.0,2.0,0.0,4.0,2.0,2.0,0.0,0.0,0.0,0.0,0.0,0.0,0.0,0.0,0.0,0.0,0.0,0.0,0.0,0.0,0.0,10.0,4.0,0.0,0.0,True,34.0
INE800A01015,BIRLACABLE,BIRLA CABLE,Telecom -  Equipment & Accessories,False,,,9,10,10.0,20,13,58,WATCHLIST_CONFIRMED,,─,False,False,1–2% (vol↓),LATE_CYCLE,CAUTION,OTHER,0.0,0.0164,0.0,PLI,15.0,0.0,,5.0,2.0,7.0,2.0,,,1.0,Fresh,₹219 – ₹229,₹209 (−6.7%),8–20% (12m),⚠ 1.8:1,62.1,58,False,2026-06-05 12:45:16,0.0,0.0,0,0.0,4.0,5.0,0.0,0.0,2.0,4.0,4.0,0.0,2.0,2.0,1.0,3.0,1.0,1.0,0.0,0.0,1.0,1.0,0.0,0.0,0.0,0.0,0.0,0.0,9.0,4.0,0.0,0.0,False,13.0
INE0R7401011,CGRAPHICS,CREATIVE GRAPHIC,Industrial Products,False,,,15,10,13.0,6,4,58,WATCHLIST_CONFIRMED,,─,False,False,1–2% (vol↓),TOPPING,CAUTION,OTHER,0.0,0.046,0.0,nan,10.0,-3.0,PAPER_PROFIT,5.0,2.0,5.0,1.0,,,1.0,Fresh,₹139 – ₹148,₹129 (−10.1%),8–20% (12m),❌ 1.2:1,62.1,56,True,2026-06-05 12:45:16,8.0,4.0,0,4.0,4.0,0.0,4.0,6.0,0.0,0.0,4.0,0.0,0.0,0.0,0.0,0.0,0.0,1.0,0.0,0.0,0.0,0.0,2.0,0.0,0.0,0.0,0.0,0.0,0.0,4.0,0.0,0.0,True,
INE736A01011,CDSL,C D S L,Capital Markets,False,,,20,13,10.0,0,4,58,WATCHLIST_CONFIRMED,,↑3,False,False,4–6%,TOPPING,CAUTION,FINANCIALS,0.0,0.5038,0.1326,FIN_INCLUSION,11.0,0.0,,8.0,3.0,8.0,2.0,,,1.0,Fresh,"₹1,205 – ₹1,231","₹1,179 (−3.2%)",8–20% (12m),✅ 3.8:1,62.1,62,True,2026-06-05 12:45:17,8.0,4.0,0,4.0,4.0,5.0,4.0,6.0,2.0,0.0,4.0,2.0,0.0,0.0,0.0,0.0,0.0,0.0,0.0,0.0,0.0,0.0,0.0,0.0,0.0,0.0,0.0,0.0,0.0,4.0,0.0,0.0,True,
INE791I01019,BRIGADE,BRIGADE ENTERPR.,Realty,False,,,9,15,8.0,4,4,58,WATCHLIST_EXTERNAL,▲ Approaching WATCHLIST_CONFIRMED,↓8,False,False,2–3%,CORRECTION,CAUTION,OTHER,1.0,0.6754,0.4452,INFRA,12.0,0.0,,1.0,0.0,9.0,2.0,,,1.0,Fresh,₹645 – ₹663,₹628 (−4.0%),2–8% (12m),⚠ 1.7:1,62.1,51,True,2026-06-05 12:45:17,4.0,2.0,0,0.0,0.0,5.0,4.0,6.0,2.0,4.0,4.0,2.0,2.0,0.0,0.0,0.0,0.0,0.0,0.0,0.0,0.0,0.0,0.0,0.0,2.0,0.0,0.0,0.0,0.0,4.0,0.0,0.0,False,
INE288B01029,DEEPAKNTR,DEEPAK NITRITE,Chemicals & Petrochemicals,False,,,16,7,13.0,8,13,58,WATCHLIST_CONFIRMED,,─,False,False,2–4% (vol↓),LATE_CYCLE,CAUTION,OTHER,0.0,0.2634,0.2202,PLI,12.0,0.0,,4.0,1.0,8.0,2.0,,,1.0,Fresh,"₹1,671 – ₹1,726","₹1,616 (−4.9%)",8–20% (12m),✅ 2.5:1,62.1,60,True,2026-06-05 12:45:19,4.0,2.0,0,4.0,4.0,5.0,0.0,0.0,2.0,0.0,4.0,2.0,0.0,2.0,0.0,0.0,0.0,0.0,0.0,0.0,0.0,0.0,2.0,0.0,0.0,0.0,0.0,0.0,9.0,4.0,0.0,0.0,False,
INE435G01025,DHANUKA,DHANUKA AGRITECH,Fertilizers & Agrochemicals,False,,,20,7,10.0,4,4,58,WATCHLIST_CONFIRMED,▼ At risk: near WATCHLIST_EXTERNAL boundary,↓5,False,False,1–2% (vol↓),TOPPING,CAUTION,OTHER,0.0,0.0848,0.3276,AGRI,10.0,0.0,,7.0,2.0,8.0,2.0,,,1.0,Fresh,"₹1,072 – ₹1,116","₹1,027 (−6.1%)",8–20% (12m),⚠ 2.0:1,62.1,53,True,2026-06-05 12:45:19,8.0,4.0,0,4.0,4.0,5.0,0.0,0.0,2.0,0.0,4.0,2.0,0.0,0.0,0.0,0.0,0.0,0.0,0.0,0.0,0.0,0.0,0.0,0.0,2.0,0.0,0.0,0.0,0.0,4.0,0.0,0.0,False,
INE361B01024,DIVISLAB,DIVI'S LAB.,Pharmaceuticals & Biotechnology,False,,,20,6,11.0,22,13,58,STRONG,▼ At risk: near WATCHLIST_CONFIRMED boundary,↑11,False,False,4–6%,LATE_CYCLE,CAUTION,OTHER,1.0,0.8206,0.2684,"HEALTHCARE,PLI",16.0,0.0,,5.0,2.0,8.0,2.0,,,1.0,Fresh,"₹6,506 – ₹6,647","₹6,294 (−4.3%)",12–25% (12m),✅ 4.7:1,62.1,68,True,2026-06-05 12:45:20,8.0,2.0,0,4.0,4.0,5.0,0.0,0.0,2.0,0.0,4.0,0.0,0.0,2.0,0.0,0.0,1.0,0.0,1.0,0.0,1.0,0.0,2.0,2.0,0.0,0.0,0.0,2.0,9.0,4.0,0.0,0.0,False,1.0
INE242C01024,ANANTRAJ,ANANT RAJ,Realty,False,,,11,13,10.0,6,4,58,WATCHLIST_EXTERNAL,▲ Approaching WATCHLIST_CONFIRMED,↓7,False,False,1–2% (vol↓),CORRECTION,CAUTION,OTHER,0.0,0.481,0.0646,INFRA,12.0,0.0,,4.0,1.0,8.0,2.0,,,1.0,Fresh,₹539 – ₹557,₹520 (−5.2%),2–8% (12m),❌ 1.3:1,62.1,51,True,2026-06-05 12:45:21,0.0,0.0,0,4.0,4.0,5.0,4.0,6.0,2.0,0.0,4.0,2.0,0.0,0.0,0.0,0.0,0.0,1.0,0.0,0.0,1.0,1.0,0.0,0.0,0.0,0.0,0.0,0.0,0.0,4.0,0.0,0.0,False,24.0
INE034S01021,ARVSMART,ARVIND SMARTSP.,Realty,False,,,7,14,10.0,12,4,58,WATCHLIST_EXTERNAL,▲ Approaching WATCHLIST_CONFIRMED,↓8,False,False,1–2% (vol↓),CORRECTION,CAUTION,OTHER,0.0,0.0404,0.1293,INFRA,12.0,-3.0,PAPER_PROFIT,2.0,0.0,10.0,3.0,,,1.0,Fresh,₹576 – ₹596,₹557 (−5.0%),2–8% (12m),❌ 1.4:1,62.1,51,True,2026-06-05 12:45:21,4.0,4.0,0,4.0,0.0,0.0,4.0,6.0,0.0,0.0,4.0,2.0,2.0,0.0,0.0,0.0,0.0,0.0,0.0,0.0,1.0,0.0,0.0,0.0,2.0,3.0,0.0,0.0,0.0,4.0,0.0,0.0,False,15.0
INE365D01021,ASHIANA,ASHIANA HOUSING,Realty,False,,,3,10,13.0,32,4,58,WATCHLIST_EXTERNAL,▲ Approaching WATCHLIST_CONFIRMED,↓8,False,False,1–2% (vol↓),CORRECTION,CAUTION,OTHER,0.0,0.3608,0.1596,INFRA,17.0,0.0,,3.0,1.0,4.0,1.0,,,1.0,Fresh,₹349 – ₹363,₹335 (−5.8%),2–8% (12m),❌ 1.2:1,62.1,51,True,2026-06-05 12:45:21,0.0,2.0,0,0.0,0.0,0.0,4.0,0.0,2.0,4.0,0.0,2.0,2.0,2.0,1.0,3.0,1.0,0.0,1.0,0.0,1.0,1.0,2.0,2.0,0.0,0.0,0.0,2.0,0.0,4.0,0.0,0.0,False,8.0
INE852O01025,APTUS,APTUS VALUE HOU.,Finance,False,,,0,12,8.0,4,13,58,WATCHLIST_EXTERNAL,▼ At risk: near MONITOR boundary,↓18,False,False,0% (vol↓),LATE_CYCLE,CAUTION,FINANCIALS,1.0,1.2192,0.4823,FIN_INCLUSION,8.0,-3.0,PAPER_PROFIT,2.0,0.0,8.0,2.0,,,1.0,Fresh,₹254 – ₹262,₹246 (−4.6%),2–8% (12m),⚠ 1.5:1,62.1,40,True,2026-06-05 12:45:22,0.0,2.0,0,0.0,0.0,0.0,4.0,6.0,0.0,0.0,4.0,2.0,0.0,0.0,0.0,0.0,0.0,0.0,0.0,0.0,0.0,0.0,0.0,0.0,2.0,0.0,0.0,0.0,9.0,4.0,0.0,0.0,False,57.0
INE065D01027,AEROENTER,AEROFLEX ENTER.,Industrial Products,False,,,13,11,10.0,14,4,58,WATCHLIST_CONFIRMED,,─,False,False,1–2% (vol↓),TOPPING,CAUTION,OTHER,0.0,0.0326,0.0,nan,14.0,-3.0,PAPER_PROFIT,5.0,2.0,6.0,1.0,,,1.0,Fresh,₹97 – ₹100,₹93 (−5.6%),8–20% (12m),✅ 2.1:1,62.1,56,True,2026-06-05 12:45:22,4.0,0.0,0,4.0,4.0,5.0,4.0,0.0,2.0,4.0,4.0,0.0,2.0,2.0,1.0,3.0,0.0,0.0,0.0,0.0,0.0,1.0,0.0,0.0,0.0,0.0,0.0,0.0,0.0,4.0,0.0,0.0,False,
INE0LCL01028,AVALON,AVALON TECH,Electrical Equipment,False,,,15,11,10.0,26,4,58,WATCHLIST_CONFIRMED,,↑4,False,False,2–4% (vol↓),TOPPING,CAUTION,OTHER,0.0,0.4945,0.4455,"CAPEX_SUPERCYCLE,POWER",18.0,0.0,,3.0,1.0,9.0,2.0,,,1.0,Fresh,"₹1,472 – ₹1,560","₹1,384 (−8.7%)",8–20% (12m),❌ 1.4:1,62.1,61,True,2026-06-05 12:45:24,4.0,0.0,0,4.0,4.0,5.0,0.0,0.0,2.0,4.0,4.0,2.0,2.0,2.0,1.0,3.0,1.0,0.0,1.0,0.0,0.0,1.0,0.0,0.0,2.0,0.0,0.0,2.0,0.0,4.0,0.0,0.0,True,
INE0RRU01016,IEML,INDIAN EMULS,Chemicals & Petrochemicals,False,,,13,10,10.0,6,13,58,WATCHLIST_CONFIRMED,,─,False,False,2–4% (vol↓),LATE_CYCLE,CAUTION,OTHER,0.0,0.185,0.0,PLI,10.0,-3.0,PAPER_PROFIT,5.0,2.0,6.0,1.0,,,1.0,Fresh,₹42 – ₹46,₹37 (−16.3%),8–20% (12m),❌ 0.7:1,62.1,60,True,2026-06-05 12:45:25,8.0,2.0,0,4.0,4.0,0.0,4.0,6.0,0.0,0.0,4.0,0.0,0.0,0.0,0.0,0.0,0.0,0.0,0.0,0.0,0.0,0.0,0.0,0.0,0.0,3.0,0.0,0.0,9.0,4.0,0.0,0.0,False,
INE053A01029,INDHOTEL,INDIAN HOTELS CO,Leisure Services,False,,,13,13,8.0,2,13,58,WATCHLIST_CONFIRMED,,─,False,False,2–3%,LATE_CYCLE,CAUTION,OTHER,1.0,0.9464,0.2568,PREMIUMISATION,13.0,0.0,,5.0,2.0,9.0,2.0,,,1.0,Fresh,₹649 – ₹664,₹634 (−3.4%),8–20% (12m),✅ 3.5:1,62.1,58,True,2026-06-05 12:45:25,4.0,2.0,0,4.0,4.0,0.0,4.0,0.0,2.0,4.0,4.0,2.0,2.0,0.0,0.0,0.0,0.0,0.0,0.0,0.0,1.0,0.0,0.0,0.0,0.0,0.0,0.0,0.0,9.0,4.0,0.0,0.0,False,24.0
INE390H01020,KAMDHENU,KAMDHENU,Industrial Products,False,,,20,9,10.0,2,4,58,WATCHLIST_CONFIRMED,,─,False,False,1–2% (vol↓),TOPPING,CAUTION,OTHER,0.0,0.0898,0.0,nan,10.0,-1.0,EARN_REV_DIVERGE,7.0,2.0,6.0,1.0,,,1.0,Fresh,₹24 – ₹25,₹23 (−6.2%),8–20% (12m),⚠ 1.9:1,62.1,56,True,2026-06-05 12:45:26,8.0,4.0,0,4.0,4.0,5.0,0.0,6.0,2.0,0.0,4.0,0.0,0.0,0.0,0.0,0.0,0.0,0.0,0.0,0.0,1.0,0.0,0.0,0.0,0.0,0.0,0.0,0.0,0.0,4.0,0.0,0.0,False,8.0
INE599M01018,JUSTDIAL,JUST DIAL,Retailing,False,,,17,12,10.0,0,4,58,WATCHLIST_CONFIRMED,▼ At risk: near WATCHLIST_EXTERNAL boundary,↓4,False,False,2–3%,TOPPING,CAUTION,OTHER,0.0,0.2086,0.1662,PREMIUMISATION,10.0,0.0,,6.0,2.0,7.0,2.0,,,1.0,Fresh,₹524 – ₹536,₹513 (−3.2%),8–20% (12m),✅ 3.8:1,62.1,54,True,2026-06-05 12:45:26,4.0,2.0,0,4.0,4.0,5.0,4.0,6.0,2.0,0.0,4.0,0.0,0.0,0.0,0.0,0.0,0.0,0.0,0.0,0.0,0.0,0.0,0.0,0.0,0.0,0.0,0.0,0.0,0.0,4.0,0.0,0.0,True,51.0
INE955D01029,GENUSPOWER,GENUS POWER,Electrical Equipment,False,,,16,12,13.0,10,4,58,WATCHLIST_CONFIRMED,,↑4,False,False,2–4% (vol↓),TOPPING,CAUTION,OTHER,0.0,0.4699,0.058,"CAPEX_SUPERCYCLE,POWER",13.0,-3.0,PAPER_PROFIT,4.0,1.0,7.0,2.0,,,1.0,Fresh,₹308 – ₹318,₹298 (−4.8%),8–20% (12m),✅ 2.5:1,62.1,61,True,2026-06-05 12:45:29,8.0,2.0,0,4.0,4.0,5.0,4.0,6.0,0.0,0.0,4.0,2.0,0.0,2.0,0.0,0.0,0.0,0.0,0.0,0.0,1.0,0.0,2.0,0.0,0.0,0.0,0.0,0.0,0.0,4.0,0.0,0.0,True,19.0
INE860A01027,HCLTECH,HCL TECHNOLOGIES,IT - Software,False,,,20,10,10.0,8,14,58,STRONG,▼ At risk: near WATCHLIST_CONFIRMED boundary,↑11,False,False,4–6%,BASING,CAUTION,OTHER,0.0,0.6326,0.1844,DIGITAL,13.0,0.0,,7.0,2.0,8.0,2.0,,,1.0,Fresh,"₹1,165 – ₹1,193","₹1,123 (−4.8%)",18–38% (12m),✅ 4.2:1,62.1,69,True,2026-06-05 12:45:30,8.0,4.0,0,4.0,4.0,5.0,0.0,0.0,2.0,4.0,4.0,2.0,0.0,0.0,0.0,0.0,0.0,0.0,0.0,1.0,0.0,0.0,0.0,0.0,0.0,3.0,0.0,0.0,10.0,4.0,0.0,0.0,True,44.0
INE01JE01028,MARINE,MARINE ELECTRIC.,Industrial Manufacturing,False,,,16,8,10.0,18,4,57,WATCHLIST_CONFIRMED,▼ At risk: near WATCHLIST_EXTERNAL boundary,─,False,False,1–2% (vol↓),TOPPING,CAUTION,OTHER,0.0,0.0474,0.0,PLI,14.0,0.0,,5.0,2.0,3.0,0.0,,,1.0,Fresh,₹245 – ₹260,₹230 (−9.0%),8–20% (12m),❌ 1.3:1,59.9,55,True,2026-06-05 12:44:59,4.0,0.0,0,4.0,4.0,5.0,4.0,6.0,2.0,0.0,0.0,0.0,0.0,2.0,1.0,3.0,0.0,1.0,1.0,0.0,0.0,1.0,0.0,0.0,0.0,0.0,0.0,0.0,0.0,4.0,0.0,0.0,False,
INE841L01016,DEEDEV,DEE DEVELOPMENT,Industrial Manufacturing,False,,,1,11,13.0,38,4,57,WATCHLIST_CONFIRMED,▼ At risk: near WATCHLIST_EXTERNAL boundary,─,False,False,1–2% (vol↓),TOPPING,CAUTION,OTHER,0.0,0.0454,0.259,PLI,17.0,-3.0,PAPER_PROFIT,1.0,0.0,6.0,1.0,,,1.0,Fresh,₹641 – ₹675,₹607 (−7.7%),8–20% (12m),⚠ 1.6:1,59.9,55,True,2026-06-05 12:45:00,0.0,0.0,0,0.0,0.0,5.0,4.0,6.0,0.0,0.0,4.0,0.0,2.0,2.0,1.0,3.0,1.0,0.0,1.0,0.0,1.0,1.0,2.0,2.0,0.0,3.0,0.0,2.0,0.0,4.0,0.0,0.0,False,1.0
INE038A01020,HINDALCO,HINDALCO INDS.,Non - Ferrous Metals,False,,,13,7,9.0,30,7,57,WATCHLIST_CONFIRMED,,─,False,False,2–3%,TOPPING,CAUTION,OTHER,1.0,1.318,0.2274,nan,18.0,0.0,,3.0,1.0,8.0,2.0,,,1.0,Fresh,"₹1,123 – ₹1,154","₹1,092 (−4.1%)",8–20% (12m),✅ 2.9:1,59.9,57,False,2026-06-05 12:45:00,4.0,2.0,0,4.0,0.0,5.0,0.0,0.0,2.0,0.0,4.0,2.0,0.0,2.0,1.0,3.0,1.0,0.0,1.0,0.0,1.0,0.0,2.0,2.0,0.0,0.0,0.0,2.0,0.0,4.0,3.0,0.0,False,13.0
INE07RO01027,SUPRIYA,SUPRIYA LIFESCI.,Pharmaceuticals & Biotechnology,False,,,20,5,10.0,20,13,57,WATCHLIST_CONFIRMED,▲ Approaching STRONG,↑10,False,False,2–4% (vol↓),LATE_CYCLE,CAUTION,OTHER,0.0,0.229,0.0266,"HEALTHCARE,PLI",17.0,0.0,,6.0,2.0,5.0,1.0,,,1.0,Fresh,₹873 – ₹929,₹816 (−9.4%),8–20% (12m),❌ 1.3:1,59.9,67,True,2026-06-05 12:45:00,8.0,4.0,0,4.0,4.0,5.0,0.0,0.0,2.0,0.0,0.0,2.0,2.0,2.0,1.0,3.0,0.0,1.0,1.0,0.0,1.0,1.0,0.0,0.0,0.0,0.0,0.0,0.0,9.0,4.0,0.0,0.0,False,8.0
INE271B01025,MAHSEAMLES,MAH. SEAMLESS,Industrial Products,False,,,17,7,13.0,14,4,57,WATCHLIST_CONFIRMED,▼ At risk: near WATCHLIST_EXTERNAL boundary,─,False,False,2–3%,TOPPING,CAUTION,OTHER,0.0,0.3974,0.0512,nan,12.0,0.0,,6.0,2.0,7.0,2.0,,,1.0,Fresh,₹602 – ₹619,₹584 (−4.3%),8–20% (12m),✅ 2.8:1,59.9,55,True,2026-06-05 12:45:05,4.0,2.0,0,4.0,4.0,5.0,0.0,0.0,2.0,0.0,4.0,0.0,2.0,2.0,0.0,0.0,0.0,0.0,0.0,0.0,0.0,0.0,2.0,0.0,0.0,3.0,0.0,0.0,0.0,4.0,0.0,0.0,False,
INE480M01011,THOMASCOTT,THOMAS SCOTT,Textiles & Apparels,False,,,13,7,10.0,2,13,57,WATCHLIST_CONFIRMED,▼ At risk: near WATCHLIST_EXTERNAL boundary,↓3,False,False,1–2% (vol↓),LATE_CYCLE,CAUTION,OTHER,0.0,0.1795,0.0,PLI,10.0,-3.0,PAPER_PROFIT,3.0,1.0,4.0,1.0,,,1.0,Fresh,₹258 – ₹278,₹238 (−11.2%),8–20% (12m),❌ 1.1:1,59.9,54,True,2026-06-05 12:45:09,4.0,2.0,0,4.0,4.0,5.0,4.0,6.0,0.0,0.0,0.0,0.0,0.0,0.0,0.0,0.0,0.0,1.0,0.0,0.0,0.0,0.0,0.0,0.0,0.0,0.0,0.0,0.0,9.0,4.0,0.0,0.0,False,
INE250B01029,VINYLINDIA,VINYL CHEMICALS,Chemicals & Petrochemicals,False,,,16,6,13.0,10,13,57,WATCHLIST_CONFIRMED,,─,False,False,1–2% (vol↓),LATE_CYCLE,CAUTION,OTHER,0.0,0.0358,0.0,PLI,11.0,0.0,,7.0,2.0,8.0,2.0,,,1.0,Fresh,₹242 – ₹254,₹231 (−7.2%),8–20% (12m),⚠ 1.7:1,59.9,59,True,2026-06-05 12:45:09,8.0,2.0,0,4.0,4.0,0.0,0.0,0.0,2.0,0.0,4.0,0.0,0.0,2.0,0.0,0.0,0.0,1.0,0.0,0.0,0.0,0.0,2.0,0.0,0.0,0.0,0.0,0.0,9.0,4.0,0.0,0.0,False,
INE520A01027,ZENSARTECH,ZENSAR TECH.,IT - Software,False,,,20,11,10.0,6,14,57,STRONG,▼ At risk: near WATCHLIST_CONFIRMED boundary,↑11,False,False,2–4% (vol↓),BASING,CAUTION,OTHER,0.0,0.4413,0.4173,DIGITAL,13.0,0.0,,7.0,2.0,8.0,2.0,,,1.0,Fresh,₹501 – ₹518,₹477 (−6.5%),18–38% (12m),✅ 3.1:1,59.9,68,True,2026-06-05 12:45:10,8.0,2.0,0,4.0,4.0,5.0,0.0,6.0,2.0,0.0,4.0,2.0,0.0,0.0,0.0,0.0,0.0,1.0,0.0,0.0,0.0,0.0,0.0,0.0,2.0,0.0,0.0,0.0,10.0,4.0,0.0,0.0,True,41.0
INE0CJF01024,WCIL,WESTERN CARRIERS,Transport Services,False,,,12,6,10.0,8,4,57,WATCHLIST_EXTERNAL,,↓14,False,False,2–3%,TOPPING,CAUTION,OTHER,0.0,0.005,0.0196,INFRA,9.0,-3.0,PAPER_PROFIT,3.0,1.0,6.0,1.0,,,1.0,Fresh,₹92 – ₹95,₹90 (−4.2%),2–8% (12m),⚠ 1.7:1,59.9,42,True,2026-06-05 12:45:10,4.0,0.0,0,4.0,4.0,5.0,0.0,0.0,0.0,4.0,4.0,0.0,0.0,0.0,0.0,0.0,0.0,0.0,0.0,0.0,1.0,0.0,0.0,0.0,0.0,3.0,0.0,0.0,0.0,4.0,0.0,0.0,False,19.0
INE405E01023,UNOMINDA,UNO MINDA,Auto Components,False,,,19,13,10.0,2,14,57,STRONG,▼ At risk: near WATCHLIST_CONFIRMED boundary,↑12,False,False,4–6%,BASING,CAUTION,OTHER,0.0,0.3644,0.2402,PLI,13.0,0.0,,3.0,1.0,8.0,2.0,,,1.0,Fresh,"₹1,067 – ₹1,099","₹1,018 (−6.0%)",18–38% (12m),✅ 3.3:1,59.9,69,True,2026-06-05 12:45:10,8.0,2.0,0,4.0,4.0,5.0,4.0,6.0,2.0,0.0,4.0,2.0,0.0,0.0,0.0,0.0,0.0,0.0,0.0,0.0,1.0,0.0,0.0,0.0,0.0,0.0,0.0,0.0,10.0,4.0,0.0,0.0,True,19.0
INE951I01027,VGUARD,V-GUARD INDUSTRI,Consumer Durables,False,,,20,8,10.0,6,13,57,WATCHLIST_CONFIRMED,,↑7,False,False,4–6%,LATE_CYCLE,CAUTION,CONSUMPTION,0.0,0.4897,0.4645,PREMIUMISATION,12.0,0.0,,5.0,2.0,7.0,2.0,,,1.0,Fresh,₹296 – ₹305,₹288 (−4.2%),8–20% (12m),✅ 2.8:1,59.9,63,True,2026-06-05 12:45:11,8.0,2.0,0,4.0,4.0,5.0,4.0,0.0,2.0,0.0,4.0,0.0,0.0,0.0,0.0,0.0,0.0,0.0,0.0,0.0,1.0,0.0,0.0,0.0,2.0,0.0,0.0,0.0,9.0,4.0,0.0,0.0,False,24.0
INE0SA001017,RNFI,RNFI SERVICES,Finance,False,,,1,3,13.0,14,13,57,WATCHLIST_EXTERNAL,▼ At risk: near MONITOR boundary,↓18,False,False,0–1%,LATE_CYCLE,CAUTION,FINANCIALS,0.0,0.0322,0.0,FIN_INCLUSION,6.0,0.0,,4.0,1.0,5.0,1.0,,,1.0,Fresh,,,2–8% (12m),,59.9,39,True,2026-06-05 12:45:13,0.0,0.0,0,0.0,0.0,0.0,0.0,0.0,0.0,0.0,4.0,0.0,0.0,0.0,0.0,0.0,0.0,0.0,0.0,0.0,0.0,0.0,2.0,2.0,0.0,3.0,0.0,0.0,9.0,4.0,0.0,0.0,False,
INE02YR01019,EMIL,ELECTRONICS MART,Retailing,False,,,11,14,10.0,4,4,57,WATCHLIST_CONFIRMED,▼ At risk: near WATCHLIST_EXTERNAL boundary,↓5,False,False,1–2% (vol↓),TOPPING,CAUTION,OTHER,0.0,0.2118,0.3896,PREMIUMISATION,11.0,0.0,,3.0,1.0,8.0,2.0,,,1.0,Fresh,₹109 – ₹114,₹105 (−6.1%),8–20% (12m),⚠ 2.0:1,59.9,53,True,2026-06-05 12:45:18,4.0,0.0,0,0.0,4.0,5.0,0.0,6.0,2.0,4.0,4.0,2.0,2.0,0.0,0.0,0.0,0.0,0.0,0.0,0.0,0.0,0.0,0.0,0.0,2.0,0.0,0.0,0.0,0.0,4.0,0.0,0.0,False,
INE913H01037,ENDURANCE,ENDURANCE TECH.,Auto Components,False,,,17,13,10.0,8,14,57,STRONG,▼ At risk: near WATCHLIST_CONFIRMED boundary,↑6,False,False,4–6%,BASING,CAUTION,OTHER,0.0,0.5286,0.1216,PLI,14.0,0.0,,5.0,2.0,8.0,2.0,,,1.0,Fresh,"₹2,598 – ₹2,673","₹2,485 (−5.7%)",18–38% (12m),✅ 3.5:1,59.9,69,True,2026-06-05 12:45:18,4.0,2.0,0,4.0,4.0,5.0,4.0,6.0,2.0,0.0,4.0,2.0,0.0,2.0,0.0,0.0,0.0,0.0,0.0,0.0,0.0,0.0,0.0,0.0,2.0,0.0,0.0,0.0,10.0,4.0,0.0,0.0,True,
INE006I01046,ASTRAL,ASTRAL,Industrial Products,False,,,20,6,10.0,16,4,57,WATCHLIST_CONFIRMED,▼ At risk: near WATCHLIST_EXTERNAL boundary,─,False,False,2–3%,TOPPING,CAUTION,OTHER,0.0,0.5922,0.1734,nan,13.0,0.0,,5.0,2.0,8.0,2.0,,,1.0,Fresh,"₹1,515 – ₹1,559","₹1,471 (−4.3%)",8–20% (12m),✅ 2.8:1,59.9,55,True,2026-06-05 12:45:24,8.0,2.0,0,4.0,4.0,5.0,0.0,0.0,2.0,0.0,4.0,0.0,0.0,2.0,0.0,0.0,0.0,0.0,1.0,0.0,1.0,0.0,0.0,0.0,2.0,0.0,0.0,2.0,0.0,4.0,0.0,0.0,False,17.0
INE495S01016,HPL,HPL ELECTRIC,Industrial Manufacturing,False,,,12,13,13.0,4,4,57,WATCHLIST_CONFIRMED,▼ At risk: near WATCHLIST_EXTERNAL boundary,─,False,False,1–2% (vol↓),TOPPING,CAUTION,OTHER,0.0,0.0446,0.0,PLI,9.0,0.0,,5.0,2.0,9.0,2.0,,,1.0,Fresh,₹334 – ₹349,₹319 (−6.5%),8–20% (12m),⚠ 1.8:1,59.9,55,True,2026-06-05 12:45:25,8.0,0.0,0,0.0,0.0,5.0,4.0,6.0,2.0,0.0,4.0,2.0,0.0,0.0,0.0,0.0,0.0,0.0,0.0,0.0,0.0,0.0,2.0,0.0,0.0,0.0,0.0,0.0,0.0,4.0,0.0,0.0,False,50.0
INE389H01022,KEC,KEC INTERNATIONAL,Construction,False,,,12,12,10.0,6,4,57,WATCHLIST_EXTERNAL,▲ Approaching WATCHLIST_CONFIRMED,↓7,False,False,2–3%,TOPPING,CAUTION,OTHER,0.0,0.4038,0.4826,INFRA,9.0,0.0,,6.0,2.0,8.0,2.0,,,1.0,Fresh,₹491 – ₹505,₹477 (−4.2%),2–8% (12m),⚠ 1.7:1,59.9,50,True,2026-06-05 12:45:26,8.0,0.0,0,0.0,0.0,5.0,4.0,6.0,2.0,0.0,4.0,0.0,0.0,0.0,0.0,0.0,0.0,0.0,0.0,0.0,1.0,0.0,0.0,0.0,2.0,0.0,0.0,0.0,0.0,4.0,0.0,0.0,False,19.0
INE217B01036,KAJARIACER,KAJARIA CERAMICS,Consumer Durables,False,,,16,6,10.0,26,13,57,WATCHLIST_CONFIRMED,,↑7,False,False,4–6%,LATE_CYCLE,CAUTION,CONSUMPTION,0.0,0.4222,0.4646,PREMIUMISATION,15.0,0.0,,6.0,2.0,7.0,2.0,,,1.0,Fresh,"₹1,099 – ₹1,122","₹1,075 (−3.1%)",8–20% (12m),✅ 3.8:1,59.9,63,True,2026-06-05 12:45:26,4.0,0.0,0,4.0,4.0,5.0,0.0,0.0,2.0,0.0,4.0,0.0,0.0,2.0,1.0,3.0,0.0,0.0,0.0,0.0,1.0,1.0,0.0,0.0,2.0,3.0,0.0,0.0,9.0,4.0,0.0,0.0,False,11.0
INE821I01022,IRB,IRB INFRA.DEVL.,Construction,False,,,10,11,9.0,18,4,57,WATCHLIST_EXTERNAL,▲ Approaching WATCHLIST_CONFIRMED,↓8,False,False,1–2% (vol↓),TOPPING,CAUTION,OTHER,1.0,1.7596,0.0922,INFRA,12.0,-1.0,EARN_REV_DIVERGE,4.0,1.0,7.0,2.0,,,1.0,Fresh,₹21 – ₹22,₹20 (−5.8%),2–8% (12m),❌ 1.2:1,59.9,50,True,2026-06-05 12:45:27,4.0,4.0,0,4.0,0.0,0.0,0.0,6.0,2.0,0.0,4.0,0.0,2.0,2.0,0.0,0.0,0.0,0.0,0.0,0.0,0.0,0.0,2.0,0.0,2.0,3.0,0.0,0.0,0.0,4.0,0.0,0.0,False,68.0
INE571A01038,IPCALAB,IPCA LABS.,Pharmaceuticals & Biotechnology,False,,,15,11,8.0,24,13,57,WATCHLIST_CONFIRMED,▲ Approaching STRONG,↑10,False,False,2–4% (vol↓),LATE_CYCLE,CAUTION,OTHER,1.0,0.4328,0.6248,"HEALTHCARE,PLI",18.0,0.0,,4.0,1.0,8.0,2.0,,,1.0,Fresh,"₹1,530 – ₹1,580","₹1,480 (−4.8%)",8–20% (12m),✅ 2.5:1,59.9,67,True,2026-06-05 12:45:27,4.0,0.0,0,4.0,4.0,5.0,4.0,0.0,2.0,0.0,4.0,2.0,2.0,2.0,1.0,3.0,1.0,0.0,1.0,0.0,0.0,0.0,0.0,0.0,2.0,0.0,0.0,2.0,9.0,4.0,0.0,0.0,False,
INE570A01022,IONEXCHANG,ION EXCHANGE,Other Utilities,False,,,19,4,10.0,6,4,57,WATCHLIST_EXTERNAL,,↓12,False,False,1–2% (vol↓),TOPPING,CAUTION,OTHER,0.0,0.2266,0.2334,"POWER,WATER",10.0,0.0,,3.0,1.0,3.0,0.0,,,1.0,Fresh,₹346 – ₹362,₹330 (−6.7%),2–8% (12m),❌ 1.1:1,59.9,47,True,2026-06-05 12:45:27,8.0,2.0,0,4.0,4.0,5.0,4.0,0.0,2.0,0.0,0.0,0.0,0.0,0.0,0.0,0.0,0.0,0.0,0.0,0.0,1.0,0.0,0.0,0.0,0.0,0.0,2.0,0.0,0.0,4.0,0.0,0.0,False,9.0
INE154A01025,ITC,ITC,Diversified FMCG,False,,,20,11,8.0,4,4,57,WATCHLIST_CONFIRMED,,─,False,False,2–3%,CORRECTION,CAUTION,OTHER,1.0,0.9517,0.3343,nan,11.0,-1.0,EARN_REV_DIVERGE,8.0,3.0,7.0,2.0,,,1.0,Fresh,₹274 – ₹280,₹269 (−2.8%),8–20% (12m),✅ 4.2:1,59.9,57,False,2026-06-05 12:45:28,8.0,4.0,0,4.0,4.0,5.0,0.0,6.0,2.0,0.0,4.0,2.0,0.0,0.0,0.0,0.0,0.0,0.0,0.0,0.0,0.0,0.0,0.0,0.0,2.0,0.0,0.0,0.0,0.0,4.0,0.0,0.0,True,
INE025B01025,GOLDIAM,GOLDIAM INTL.,Consumer Durables,False,,,17,6,10.0,18,13,57,WATCHLIST_CONFIRMED,,↑7,False,False,2–4% (vol↓),LATE_CYCLE,CAUTION,CONSUMPTION,0.0,0.0552,0.0,PREMIUMISATION,16.0,-3.0,PAPER_PROFIT,5.0,2.0,4.0,1.0,,,1.0,Fresh,₹426 – ₹445,₹407 (−6.4%),8–20% (12m),⚠ 1.9:1,59.9,63,True,2026-06-05 12:45:28,8.0,2.0,0,4.0,4.0,5.0,0.0,0.0,0.0,4.0,0.0,2.0,2.0,2.0,1.0,3.0,1.0,0.0,0.0,0.0,1.0,1.0,0.0,0.0,0.0,0.0,0.0,0.0,9.0,4.0,0.0,0.0,False,25.0
INE177H01039,GPIL,GODAWARI POWER,Industrial Products,False,,,20,1,13.0,22,4,57,WATCHLIST_CONFIRMED,▼ At risk: near WATCHLIST_EXTERNAL boundary,─,False,False,1–2% (vol↓),TOPPING,CAUTION,OTHER,0.0,0.2506,0.035,nan,14.0,0.0,,5.0,2.0,2.0,0.0,,,1.0,Fresh,₹281 – ₹291,₹271 (−5.4%),8–20% (12m),✅ 2.2:1,59.9,55,True,2026-06-05 12:45:28,8.0,2.0,0,4.0,4.0,5.0,0.0,0.0,2.0,0.0,0.0,0.0,0.0,2.0,1.0,3.0,0.0,0.0,1.0,0.0,1.0,1.0,2.0,0.0,0.0,0.0,0.0,0.0,0.0,4.0,0.0,0.0,False,0.0
INE129A01019,GAIL,GAIL (INDIA),Gas,False,,,17,8,10.0,2,13,57,WATCHLIST_CONFIRMED,,─,False,False,2–3%,LATE_CYCLE,CAUTION,OTHER,0.0,0.5272,0.206,POWER,11.0,0.0,,5.0,2.0,7.0,2.0,,,1.0,Fresh,₹162 – ₹166,₹157 (−4.2%),8–20% (12m),✅ 2.9:1,59.9,57,False,2026-06-05 12:45:29,4.0,2.0,0,4.0,4.0,5.0,4.0,0.0,2.0,0.0,4.0,0.0,0.0,0.0,0.0,0.0,0.0,0.0,0.0,0.0,1.0,0.0,0.0,0.0,0.0,0.0,0.0,0.0,9.0,4.0,0.0,0.0,False,14.0
INE05CZ01011,RATNAVEER,RATNAVEER PRECIS,Industrial Products,False,,,16,8,10.0,12,4,56,WATCHLIST_CONFIRMED,▼ At risk: near WATCHLIST_EXTERNAL boundary,↓6,False,False,1–2% (vol↓),TOPPING,CAUTION,OTHER,0.0,0.3791,0.0,nan,12.0,0.0,,4.0,1.0,3.0,0.0,,,1.0,Fresh,₹164 – ₹171,₹156 (−6.8%),8–20% (12m),⚠ 1.8:1,58.1,54,True,2026-06-05 12:45:00,4.0,2.0,0,4.0,4.0,5.0,4.0,6.0,2.0,0.0,0.0,0.0,0.0,2.0,0.0,0.0,0.0,0.0,1.0,0.0,0.0,0.0,0.0,0.0,0.0,3.0,0.0,0.0,0.0,4.0,0.0,0.0,False,
INE404A01024,ABSLAMC,ADITYA AMC,Capital Markets,False,,,20,7,10.0,18,4,56,WATCHLIST_CONFIRMED,,↑4,False,False,2–4% (vol↓),TOPPING,CAUTION,FINANCIALS,0.0,0.2354,0.128,FIN_INCLUSION,15.0,0.0,,7.0,2.0,8.0,2.0,,,1.0,Fresh,"₹1,016 – ₹1,051",₹981 (−5.0%),8–20% (12m),✅ 2.4:1,58.1,60,True,2026-06-05 12:45:00,8.0,4.0,0,4.0,4.0,5.0,0.0,0.0,2.0,0.0,4.0,2.0,0.0,2.0,1.0,3.0,1.0,0.0,1.0,0.0,0.0,1.0,0.0,0.0,0.0,0.0,0.0,0.0,0.0,4.0,0.0,0.0,False,41.0
INE535F01024,RAJOOENG,RAJOO ENGINEERS,Industrial Manufacturing,False,,,20,6,10.0,0,4,56,WATCHLIST_CONFIRMED,▼ At risk: near WATCHLIST_EXTERNAL boundary,─,False,False,1–2% (vol↓),TOPPING,CAUTION,OTHER,0.0,0.0814,0.0,PLI,9.0,0.0,,8.0,3.0,3.0,0.0,,,1.0,Fresh,₹54 – ₹56,₹52 (−4.7%),8–20% (12m),✅ 2.6:1,58.1,54,True,2026-06-05 12:45:01,8.0,4.0,0,4.0,4.0,5.0,0.0,6.0,2.0,0.0,0.0,0.0,2.0,0.0,0.0,0.0,0.0,0.0,0.0,0.0,0.0,0.0,0.0,0.0,0.0,0.0,0.0,0.0,0.0,4.0,0.0,0.0,False,36.0
INE274J01014,OIL,OIL INDIA,Oil,False,,,9,7,13.0,28,13,56,WATCHLIST_CONFIRMED,,─,False,False,4–6%,LATE_CYCLE,CAUTION,OTHER,0.0,0.3122,0.1862,nan,16.0,0.0,,1.0,0.0,8.0,2.0,,,1.0,Fresh,₹486 – ₹496,₹476 (−3.1%),8–20% (12m),✅ 3.9:1,58.1,61,True,2026-06-05 12:45:01,0.0,2.0,0,4.0,0.0,5.0,0.0,0.0,2.0,0.0,4.0,2.0,0.0,2.0,1.0,3.0,1.0,0.0,1.0,0.0,0.0,0.0,2.0,0.0,2.0,0.0,0.0,2.0,9.0,4.0,0.0,0.0,False,31.0
INE071D01033,MENONBE,MENON BEARINGS,Auto Components,False,,,20,7,10.0,12,14,56,STRONG,▼ At risk: near WATCHLIST_CONFIRMED boundary,↑11,False,False,2–4% (vol↓),BASING,CAUTION,OTHER,0.0,0.0346,0.0,PLI,14.0,0.0,,5.0,2.0,4.0,1.0,,,1.0,Fresh,₹139 – ₹145,₹131 (−7.4%),18–38% (12m),✅ 2.7:1,58.1,68,True,2026-06-05 12:45:05,8.0,2.0,0,4.0,4.0,5.0,0.0,0.0,2.0,4.0,0.0,2.0,2.0,2.0,1.0,3.0,0.0,0.0,0.0,0.0,0.0,0.0,0.0,0.0,0.0,0.0,0.0,0.0,10.0,4.0,0.0,0.0,False,
INE804L01022,MEDPLUS,MEDPLUS HEALTH,Retailing,False,,,8,15,8.0,8,4,56,WATCHLIST_CONFIRMED,▼ At risk: near WATCHLIST_EXTERNAL boundary,↓4,False,False,1–2% (vol↓),TOPPING,CAUTION,OTHER,1.0,0.643,0.4516,PREMIUMISATION,13.0,0.0,,4.0,1.0,8.0,2.0,,,1.0,Fresh,₹875 – ₹916,₹835 (−6.8%),8–20% (12m),⚠ 1.8:1,58.1,52,True,2026-06-05 12:45:05,0.0,0.0,0,0.0,4.0,5.0,4.0,6.0,2.0,4.0,4.0,2.0,2.0,2.0,0.0,0.0,0.0,0.0,1.0,0.0,1.0,0.0,0.0,0.0,0.0,0.0,0.0,0.0,0.0,4.0,0.0,0.0,False,15.0
INE0FS801015,MSUMI,MOTHERSON WIRING,Auto Components,False,,,20,10,10.0,4,14,56,STRONG,▼ At risk: near WATCHLIST_CONFIRMED boundary,↑12,False,False,4–6%,BASING,CAUTION,OTHER,0.0,0.3996,0.3018,PLI,12.0,0.0,,8.0,3.0,9.0,2.0,,,1.0,Fresh,₹38 – ₹39,₹36 (−4.9%),18–38% (12m),✅ 4.1:1,58.1,68,True,2026-06-05 12:45:06,8.0,4.0,0,4.0,4.0,5.0,4.0,0.0,2.0,0.0,4.0,2.0,0.0,0.0,0.0,0.0,0.0,0.0,0.0,0.0,0.0,0.0,0.0,0.0,2.0,0.0,0.0,0.0,10.0,4.0,0.0,0.0,True,36.0
INE103A01014,MRPL,M R P L,Petroleum Products,False,,,8,8,13.0,18,13,56,WATCHLIST_CONFIRMED,,↑4,False,False,1–2% (vol↓),LATE_CYCLE,CAUTION,OTHER,0.0,0.1422,0.0056,nan,13.0,0.0,,4.0,1.0,9.0,2.0,,,1.0,Fresh,₹152 – ₹157,₹147 (−4.8%),8–20% (12m),✅ 2.5:1,58.1,57,True,2026-06-05 12:45:06,0.0,0.0,0,0.0,4.0,5.0,0.0,0.0,2.0,0.0,4.0,2.0,2.0,0.0,1.0,3.0,0.0,0.0,0.0,0.0,0.0,1.0,2.0,2.0,0.0,0.0,0.0,0.0,9.0,4.0,0.0,0.0,False,41.0
INE285K01026,TECHNOE,TECHNO ELEC.ENGG,Construction,False,,,12,10,13.0,4,4,56,MONITOR,▲ Approaching WATCHLIST_CONFIRMED,↓8,False,False,0%,TOPPING,CAUTION,OTHER,0.0,0.3566,0.4256,INFRA,9.0,0.0,,5.0,2.0,4.0,1.0,,,1.0,Fresh,"₹1,015 – ₹1,079",₹951 (−9.1%),,,58.1,49,True,2026-06-05 12:45:08,0.0,0.0,0,4.0,4.0,5.0,4.0,6.0,2.0,0.0,0.0,2.0,0.0,0.0,0.0,0.0,0.0,0.0,0.0,0.0,0.0,0.0,2.0,0.0,0.0,0.0,0.0,0.0,0.0,4.0,0.0,0.0,False,
INE763I01026,TARIL,T R I L,Electrical Equipment,False,,,20,10,13.0,4,4,56,WATCHLIST_CONFIRMED,,↑4,False,False,1–2% (vol↓),TOPPING,CAUTION,OTHER,0.0,0.3502,0.0344,"CAPEX_SUPERCYCLE,POWER",11.0,0.0,,5.0,2.0,4.0,1.0,,,1.0,Fresh,₹306 – ₹317,₹296 (−5.2%),8–20% (12m),✅ 2.3:1,58.1,59,True,2026-06-05 12:45:09,8.0,2.0,0,4.0,4.0,5.0,4.0,6.0,2.0,0.0,0.0,0.0,2.0,0.0,0.0,0.0,0.0,0.0,0.0,0.0,0.0,0.0,2.0,0.0,0.0,0.0,0.0,0.0,0.0,4.0,0.0,0.0,True,39.0
INE410B01037,VINATIORGA,VINATI ORGANICS,Chemicals & Petrochemicals,False,,,19,6,10.0,6,13,56,WATCHLIST_CONFIRMED,,─,False,False,2–3%,LATE_CYCLE,CAUTION,OTHER,0.0,0.1582,0.181,PLI,11.0,0.0,,4.0,1.0,7.0,2.0,,,1.0,Fresh,"₹1,290 – ₹1,319","₹1,260 (−3.4%)",8–20% (12m),✅ 3.5:1,58.1,58,True,2026-06-05 12:45:09,8.0,2.0,0,4.0,4.0,5.0,0.0,0.0,2.0,0.0,4.0,0.0,0.0,0.0,0.0,0.0,0.0,0.0,0.0,0.0,1.0,0.0,0.0,0.0,2.0,0.0,0.0,0.0,9.0,4.0,0.0,0.0,False,24.0
INE07K301024,ZAGGLE,ZAGGLE PREPAID,IT - Services,False,,,8,15,10.0,6,14,56,WATCHLIST_CONFIRMED,▲ Approaching STRONG,↑9,False,False,2–4% (vol↓),BASING,CAUTION,OTHER,0.0,0.1898,0.0597,DIGITAL,13.0,-3.0,PAPER_PROFIT,3.0,1.0,9.0,2.0,,,1.0,Fresh,₹200 – ₹207,₹192 (−5.3%),8–20% (12m),✅ 2.2:1,58.1,65,True,2026-06-05 12:45:10,0.0,0.0,0,4.0,4.0,5.0,4.0,6.0,2.0,4.0,4.0,2.0,2.0,0.0,0.0,0.0,0.0,0.0,0.0,0.0,0.0,0.0,0.0,0.0,0.0,3.0,0.0,0.0,10.0,4.0,0.0,0.0,False,
INE513A01022,SCHAEFFLER,SCHAEFFLER INDIA,Auto Components,False,,,20,10,10.0,6,14,56,STRONG,▼ At risk: near WATCHLIST_CONFIRMED boundary,↑12,False,False,4–6%,BASING,CAUTION,OTHER,0.0,0.1738,0.3022,PLI,13.0,0.0,,7.0,2.0,9.0,2.0,,,1.0,Fresh,"₹4,003 – ₹4,097","₹3,861 (−4.7%)",18–38% (12m),✅ 4.3:1,58.1,68,True,2026-06-05 12:45:12,8.0,4.0,0,4.0,4.0,5.0,0.0,0.0,2.0,4.0,4.0,2.0,0.0,2.0,0.0,0.0,1.0,0.0,0.0,0.0,0.0,0.0,0.0,0.0,0.0,0.0,0.0,0.0,10.0,4.0,0.0,0.0,True,
INE320J01015,RITES,RITES,Construction,False,,,13,11,10.0,6,4,56,WATCHLIST_EXTERNAL,▲ Approaching WATCHLIST_CONFIRMED,↓6,False,False,2–3%,TOPPING,CAUTION,OTHER,0.0,0.1488,0.0462,INFRA,11.0,0.0,,5.0,2.0,9.0,2.0,,,1.0,Fresh,₹197 – ₹202,₹192 (−3.7%),2–8% (12m),⚠ 1.9:1,58.1,49,True,2026-06-05 12:45:13,8.0,2.0,0,4.0,0.0,0.0,0.0,0.0,2.0,4.0,4.0,2.0,2.0,0.0,0.0,0.0,0.0,1.0,0.0,0.0,0.0,0.0,0.0,0.0,2.0,0.0,0.0,0.0,0.0,4.0,0.0,0.0,False,
INE169A01031,COROMANDEL,COROMANDEL INTER,Fertilizers & Agrochemicals,False,,,20,7,10.0,2,4,56,WATCHLIST_CONFIRMED,▼ At risk: near WATCHLIST_EXTERNAL boundary,↓4,False,False,1–2% (vol↓),TOPPING,CAUTION,OTHER,0.0,0.5661,0.2738,AGRI,10.0,0.0,,6.0,2.0,8.0,2.0,,,1.0,Fresh,"₹1,718 – ₹1,773","₹1,663 (−4.7%)",8–20% (12m),✅ 2.5:1,58.1,52,True,2026-06-05 12:45:16,8.0,4.0,0,4.0,4.0,5.0,0.0,0.0,2.0,0.0,4.0,2.0,0.0,0.0,0.0,0.0,0.0,0.0,0.0,0.0,1.0,0.0,0.0,0.0,0.0,0.0,0.0,0.0,0.0,4.0,0.0,0.0,False,9.0
INE878K01010,BFINVEST,BF INVESTMENT,Finance,False,,,1,5,13.0,10,13,56,WATCHLIST_EXTERNAL,▼ At risk: near MONITOR boundary,↓18,False,False,0% (vol↓),LATE_CYCLE,CAUTION,FINANCIALS,0.0,0.0342,0.0,FIN_INCLUSION,8.0,-2.0,EARN_QUALITY,4.0,1.0,2.0,0.0,,,1.0,Fresh,₹431 – ₹450,₹413 (−6.4%),2–8% (12m),❌ 1.1:1,58.1,38,True,2026-06-05 12:45:16,0.0,0.0,0,0.0,0.0,0.0,4.0,0.0,2.0,0.0,0.0,0.0,2.0,2.0,0.0,0.0,0.0,1.0,0.0,0.0,0.0,0.0,2.0,0.0,0.0,0.0,0.0,0.0,9.0,4.0,0.0,0.0,False,51.0
INE463A01038,BERGEPAINT,BERGER PAINTS,Consumer Durables,False,,,20,7,10.0,4,13,56,WATCHLIST_CONFIRMED,,↑7,False,False,2–4% (vol↓),LATE_CYCLE,CAUTION,CONSUMPTION,0.0,0.193,0.136,PREMIUMISATION,11.0,0.0,,7.0,2.0,7.0,2.0,,,1.0,Fresh,₹488 – ₹504,₹471 (−5.1%),8–20% (12m),✅ 2.4:1,58.1,62,True,2026-06-05 12:45:16,8.0,4.0,0,4.0,4.0,5.0,0.0,0.0,2.0,0.0,4.0,2.0,0.0,0.0,0.0,0.0,0.0,0.0,0.0,0.0,0.0,0.0,0.0,0.0,2.0,0.0,0.0,0.0,9.0,4.0,0.0,0.0,False,63.0
INE752H01013,CARERATING,CARE RATINGS,Capital Markets,False,,,20,9,11.0,12,4,56,WATCHLIST_CONFIRMED,,↑4,False,False,2–4% (vol↓),TOPPING,CAUTION,FINANCIALS,1.0,0.9757,0.3375,FIN_INCLUSION,12.0,0.0,,7.0,2.0,4.0,1.0,,,1.0,Fresh,"₹1,598 – ₹1,648","₹1,547 (−4.6%)",8–20% (12m),✅ 2.6:1,58.1,60,True,2026-06-05 12:45:17,8.0,2.0,0,4.0,4.0,5.0,4.0,6.0,2.0,0.0,0.0,0.0,0.0,2.0,0.0,0.0,0.0,0.0,0.0,0.0,0.0,0.0,2.0,0.0,2.0,0.0,0.0,0.0,0.0,4.0,0.0,0.0,False,
INE275D01022,AMNPLST,AMINES & PLAST.,Chemicals & Petrochemicals,False,,,20,5,10.0,4,13,56,WATCHLIST_CONFIRMED,,─,False,False,1–2% (vol↓),LATE_CYCLE,CAUTION,OTHER,0.0,0.0046,0.0,PLI,10.0,0.0,,7.0,2.0,3.0,0.0,,,1.0,Fresh,₹196 – ₹210,₹183 (−10.2%),8–20% (12m),❌ 1.2:1,58.1,58,True,2026-06-05 12:45:21,8.0,2.0,0,4.0,4.0,5.0,0.0,6.0,2.0,0.0,0.0,0.0,0.0,2.0,0.0,0.0,0.0,0.0,0.0,0.0,0.0,0.0,0.0,0.0,0.0,0.0,0.0,0.0,9.0,4.0,0.0,0.0,False,
INE371P01015,AMBER,AMBER ENTERP.,Consumer Durables,False,,,11,12,8.0,18,13,56,WATCHLIST_CONFIRMED,,↑7,False,False,2–4% (vol↓),LATE_CYCLE,CAUTION,CONSUMPTION,1.0,0.964,0.4318,PREMIUMISATION,14.0,0.0,,4.0,1.0,8.0,2.0,,,1.0,Fresh,"₹7,387 – ₹7,629","₹7,145 (−4.8%)",8–20% (12m),✅ 2.5:1,58.1,62,True,2026-06-05 12:45:23,4.0,0.0,0,0.0,4.0,5.0,4.0,6.0,2.0,0.0,4.0,0.0,0.0,2.0,1.0,3.0,0.0,0.0,0.0,0.0,0.0,1.0,0.0,0.0,2.0,0.0,0.0,0.0,9.0,4.0,0.0,0.0,False,
INE092B01025,INDNIPPON,INDIA NIPP.ELEC.,Auto Components,False,,,16,11,10.0,16,14,56,STRONG,▼ At risk: near WATCHLIST_CONFIRMED boundary,↑12,False,False,2–4% (vol↓),BASING,CAUTION,OTHER,0.0,0.0334,0.0,PLI,15.0,0.0,,6.0,2.0,8.0,2.0,,,1.0,Fresh,₹882 – ₹919,₹828 (−8.0%),18–38% (12m),✅ 2.5:1,58.1,68,True,2026-06-05 12:45:25,4.0,0.0,0,4.0,4.0,5.0,0.0,6.0,2.0,0.0,4.0,2.0,0.0,2.0,1.0,3.0,0.0,1.0,0.0,0.0,0.0,1.0,0.0,0.0,0.0,0.0,0.0,0.0,10.0,4.0,0.0,0.0,True,
INE531E01026,HINDCOPPER,HINDUSTAN COPPER,Non - Ferrous Metals,False,,,20,2,10.0,22,7,56,WATCHLIST_CONFIRMED,,─,False,False,2–3%,TOPPING,CAUTION,OTHER,0.0,0.2696,0.0178,nan,14.0,0.0,,6.0,2.0,4.0,1.0,,,1.0,Fresh,₹537 – ₹553,₹522 (−4.3%),8–20% (12m),✅ 2.8:1,58.1,56,False,2026-06-05 12:45:25,8.0,2.0,0,4.0,4.0,5.0,0.0,0.0,2.0,0.0,0.0,0.0,0.0,2.0,1.0,3.0,0.0,0.0,1.0,0.0,0.0,0.0,0.0,0.0,2.0,0.0,0.0,2.0,0.0,4.0,3.0,0.0,False,36.0
INE266D01021,GRAUWEIL,GRAUER & WEIL,Chemicals & Petrochemicals,False,,,20,5,10.0,4,13,56,WATCHLIST_CONFIRMED,,─,False,False,1–2% (vol↓),LATE_CYCLE,CAUTION,OTHER,0.0,0.0,0.0,PLI,11.0,0.0,,7.0,2.0,1.0,0.0,,,1.0,Fresh,₹68 – ₹72,₹64 (−9.0%),8–20% (12m),❌ 1.3:1,58.1,58,True,2026-06-05 12:45:28,8.0,2.0,0,4.0,4.0,5.0,0.0,6.0,2.0,0.0,0.0,0.0,0.0,0.0,0.0,0.0,0.0,1.0,0.0,0.0,1.0,0.0,0.0,0.0,0.0,0.0,0.0,0.0,9.0,4.0,0.0,0.0,False,10.0
INE235A01022,FINCABLES,FINOLEX CABLES,Industrial Products,False,,,16,6,13.0,18,4,56,WATCHLIST_CONFIRMED,▼ At risk: near WATCHLIST_EXTERNAL boundary,─,False,False,1–2% (vol↓),TOPPING,CAUTION,OTHER,0.0,0.4358,0.2326,nan,13.0,0.0,,4.0,1.0,7.0,2.0,,,1.0,Fresh,"₹970 – ₹1,023",₹917 (−8.0%),8–20% (12m),⚠ 1.5:1,58.1,54,True,2026-06-05 12:45:28,4.0,2.0,0,4.0,4.0,5.0,0.0,0.0,2.0,0.0,4.0,0.0,0.0,2.0,1.0,3.0,0.0,0.0,1.0,0.0,0.0,0.0,2.0,0.0,0.0,0.0,0.0,0.0,0.0,4.0,0.0,0.0,False,51.0
INE176B01034,HAVELLS,HAVELLS INDIA,Consumer Durables,False,,,20,8,10.0,4,13,56,WATCHLIST_CONFIRMED,,↑7,False,False,4–6%,LATE_CYCLE,CAUTION,CONSUMPTION,0.0,0.6844,0.1374,PREMIUMISATION,11.0,0.0,,6.0,2.0,7.0,2.0,,,1.0,Fresh,"₹1,143 – ₹1,170","₹1,117 (−3.4%)",8–20% (12m),✅ 3.5:1,58.1,62,True,2026-06-05 12:45:30,8.0,2.0,0,4.0,4.0,5.0,4.0,0.0,2.0,0.0,4.0,0.0,0.0,0.0,0.0,0.0,0.0,0.0,0.0,0.0,0.0,0.0,0.0,0.0,2.0,0.0,0.0,0.0,9.0,4.0,0.0,0.0,False,36.0
INE045601023,PARAS,PARAS DEFENCE,Aerospace & Defense,False,,,15,9,13.0,20,4,55,WATCHLIST_CONFIRMED,,↑10,False,False,1–2% (vol↓),TOPPING,CAUTION,CAPEX_CYCLE,0.0,0.2252,0.022,"CAPEX_SUPERCYCLE,DEFENCE",15.0,0.0,,4.0,1.0,4.0,1.0,,,1.0,Fresh,₹819 – ₹860,₹777 (−7.4%),8–20% (12m),⚠ 1.6:1,56.3,58,True,2026-06-05 12:44:59,4.0,0.0,0,4.0,4.0,5.0,4.0,6.0,2.0,0.0,0.0,0.0,0.0,2.0,1.0,3.0,1.0,1.0,1.0,0.0,1.0,0.0,0.0,0.0,0.0,0.0,0.0,0.0,0.0,4.0,0.0,0.0,False,36.0
INE603J01030,PIIND,P I INDUSTRIES,Fertilizers & Agrochemicals,False,,,20,9,8.0,2,4,55,WATCHLIST_EXTERNAL,▲ Approaching WATCHLIST_CONFIRMED,↓4,False,False,1–2% (vol↓),TOPPING,CAUTION,OTHER,1.0,0.6448,0.4361,AGRI,10.0,0.0,,6.0,2.0,6.0,1.0,,,1.0,Fresh,"₹2,692 – ₹2,785","₹2,599 (−5.1%)",2–8% (12m),❌ 1.4:1,56.3,51,True,2026-06-05 12:45:03,8.0,2.0,0,4.0,4.0,5.0,0.0,6.0,2.0,0.0,4.0,0.0,0.0,0.0,0.0,0.0,0.0,0.0,0.0,0.0,1.0,0.0,0.0,0.0,0.0,0.0,0.0,0.0,0.0,4.0,0.0,0.0,False,16.0
INE0FRK01020,MOTISONS,MOTISONS JEWEL,Consumer Durables,False,,,12,10,13.0,8,13,55,WATCHLIST_CONFIRMED,,↑7,False,False,2–4% (vol↓),LATE_CYCLE,CAUTION,CONSUMPTION,0.0,0.1023,0.0,PREMIUMISATION,11.0,-3.0,PAPER_PROFIT,3.0,1.0,7.0,2.0,,,1.0,Fresh,₹12 – ₹12,₹11 (−5.6%),8–20% (12m),✅ 2.2:1,56.3,61,True,2026-06-05 12:45:06,4.0,0.0,0,4.0,4.0,5.0,0.0,6.0,0.0,0.0,4.0,0.0,2.0,0.0,0.0,0.0,0.0,0.0,0.0,0.0,0.0,0.0,2.0,2.0,0.0,0.0,0.0,0.0,9.0,4.0,0.0,0.0,False,36.0
INE454P01035,TRANSRAILL,TRANSRAIL LIGHT,Electrical Equipment,False,,,17,11,13.0,6,4,55,WATCHLIST_CONFIRMED,,↑4,False,False,1–2% (vol↓),TOPPING,CAUTION,OTHER,0.0,0.1032,0.015,"CAPEX_SUPERCYCLE,POWER",11.0,0.0,,7.0,2.0,6.0,1.0,,,1.0,Fresh,₹487 – ₹503,₹471 (−4.7%),8–20% (12m),✅ 2.5:1,56.3,58,True,2026-06-05 12:45:07,8.0,2.0,0,4.0,0.0,5.0,4.0,6.0,2.0,0.0,4.0,0.0,0.0,0.0,0.0,0.0,0.0,0.0,0.0,0.0,1.0,0.0,2.0,0.0,0.0,0.0,0.0,0.0,0.0,4.0,0.0,0.0,True,9.0
INE0ON201012,SSFL,SRIVARI SPICES &,Food Products,False,,,12,10,10.0,6,4,55,WATCHLIST_EXTERNAL,▲ Approaching WATCHLIST_CONFIRMED,↓5,False,False,1–2% (vol↓),CORRECTION,CAUTION,OTHER,0.0,0.0276,0.0,"AGRI,PLI",10.0,-3.0,PAPER_PROFIT,4.0,1.0,6.0,1.0,,,1.0,Fresh,₹162 – ₹173,₹151 (−9.9%),2–8% (12m),❌ 0.7:1,56.3,50,True,2026-06-05 12:45:07,8.0,2.0,0,4.0,4.0,0.0,4.0,6.0,0.0,0.0,4.0,0.0,0.0,2.0,0.0,0.0,0.0,1.0,0.0,0.0,0.0,0.0,0.0,0.0,0.0,0.0,0.0,0.0,0.0,4.0,0.0,0.0,False,
INE483C01032,TANLA,TANLA PLATFORMS,IT - Software,False,,,20,7,13.0,4,14,55,WATCHLIST_CONFIRMED,▲ Approaching STRONG,↑11,False,False,2–4% (vol↓),BASING,CAUTION,OTHER,0.0,0.3744,0.0032,DIGITAL,11.0,0.0,,8.0,3.0,8.0,2.0,,,1.0,Fresh,₹519 – ₹538,₹499 (−5.5%),8–20% (12m),✅ 2.2:1,56.3,67,True,2026-06-05 12:45:09,8.0,4.0,0,4.0,4.0,5.0,0.0,0.0,2.0,0.0,4.0,2.0,0.0,0.0,0.0,0.0,0.0,0.0,0.0,0.0,0.0,0.0,2.0,0.0,0.0,0.0,0.0,0.0,10.0,4.0,0.0,0.0,False,41.0
INE0H5O01029,WINDLAS,WINDLAS BIOTECH,Pharmaceuticals & Biotechnology,False,,,16,12,10.0,4,13,55,WATCHLIST_CONFIRMED,▲ Approaching STRONG,↑9,False,False,2–4% (vol↓),LATE_CYCLE,CAUTION,OTHER,0.0,0.0504,0.1388,"HEALTHCARE,PLI",13.0,0.0,,4.0,1.0,4.0,1.0,,,1.0,Fresh,₹790 – ₹822,₹757 (−6.0%),8–20% (12m),⚠ 2.0:1,56.3,66,True,2026-06-05 12:45:10,4.0,2.0,0,4.0,4.0,5.0,4.0,6.0,2.0,4.0,0.0,2.0,0.0,0.0,0.0,0.0,0.0,0.0,0.0,0.0,0.0,0.0,0.0,0.0,2.0,0.0,0.0,0.0,9.0,4.0,0.0,0.0,False,36.0
INE893I01013,VASCONEQ,VASCON ENGINEERS,Realty,False,,,10,8,13.0,10,4,55,MONITOR,▲ Approaching WATCHLIST_CONFIRMED,↓7,False,False,0%,CORRECTION,CAUTION,OTHER,0.0,0.0406,0.0,INFRA,9.0,0.0,,2.0,0.0,2.0,0.0,,,1.0,Fresh,₹32 – ₹33,₹30 (−6.0%),,,56.3,49,True,2026-06-05 12:45:11,4.0,0.0,0,4.0,0.0,5.0,4.0,6.0,2.0,0.0,0.0,0.0,0.0,0.0,0.0,0.0,0.0,0.0,0.0,0.0,0.0,0.0,2.0,0.0,0.0,3.0,0.0,0.0,0.0,4.0,0.0,0.0,False,
INE043W01024,VIJAYA,VIJAYA DIAGNOST.,Healthcare Services,False,,,20,3,8.0,26,13,55,WATCHLIST_CONFIRMED,,↑9,False,False,2–4% (vol↓),LATE_CYCLE,CAUTION,OTHER,1.0,0.5386,0.58,HEALTHCARE,17.0,0.0,,5.0,2.0,4.0,1.0,,,1.0,Fresh,"₹1,252 – ₹1,306","₹1,198 (−6.3%)",8–20% (12m),⚠ 1.9:1,56.3,64,True,2026-06-05 12:45:11,8.0,2.0,0,4.0,4.0,5.0,0.0,0.0,2.0,0.0,0.0,2.0,0.0,2.0,1.0,3.0,1.0,0.0,1.0,0.0,0.0,1.0,0.0,0.0,2.0,0.0,0.0,2.0,9.0,4.0,0.0,0.0,False,36.0
INE688D01026,RESPONIND,RESPONSIVE IND,Consumer Durables,False,,,16,5,13.0,14,13,55,WATCHLIST_CONFIRMED,,↑7,False,False,2–4% (vol↓),LATE_CYCLE,CAUTION,CONSUMPTION,0.0,0.798,0.0,PREMIUMISATION,13.0,-1.0,EARN_REV_DIVERGE,5.0,2.0,2.0,0.0,,,1.0,Fresh,₹186 – ₹199,₹174 (−9.5%),8–20% (12m),❌ 1.3:1,56.3,61,True,2026-06-05 12:45:13,4.0,2.0,0,4.0,4.0,5.0,0.0,6.0,2.0,0.0,0.0,0.0,0.0,2.0,0.0,0.0,0.0,1.0,0.0,0.0,0.0,0.0,2.0,2.0,0.0,0.0,0.0,0.0,9.0,4.0,0.0,0.0,False,
INE035D01020,SOTL,SAVITA OIL TECH,Petroleum Products,False,,,7,7,10.0,28,13,55,WATCHLIST_CONFIRMED,,↑4,False,False,1–2% (vol↓),LATE_CYCLE,CAUTION,OTHER,0.0,0.0458,0.2636,nan,15.0,0.0,,4.0,1.0,8.0,2.0,,,1.0,Fresh,₹501 – ₹528,₹474 (−7.8%),8–20% (12m),⚠ 1.5:1,56.3,56,True,2026-06-05 12:45:15,0.0,0.0,0,4.0,4.0,0.0,0.0,0.0,2.0,0.0,4.0,2.0,0.0,2.0,1.0,3.0,1.0,1.0,0.0,0.0,0.0,1.0,0.0,0.0,0.0,3.0,2.0,0.0,9.0,4.0,0.0,0.0,False,
INE076B01028,SIYSIL,SIYARAM SILK,Textiles & Apparels,False,,,20,2,10.0,2,13,55,WATCHLIST_CONFIRMED,▼ At risk: near WATCHLIST_EXTERNAL boundary,↓3,False,False,1–2% (vol↓),LATE_CYCLE,CAUTION,OTHER,0.0,0.1094,0.0,PLI,9.0,0.0,,6.0,2.0,4.0,1.0,,,1.0,Fresh,₹581 – ₹603,₹560 (−5.5%),8–20% (12m),✅ 2.2:1,56.3,52,True,2026-06-05 12:45:15,8.0,2.0,0,4.0,4.0,5.0,0.0,0.0,2.0,0.0,0.0,0.0,0.0,0.0,0.0,0.0,0.0,0.0,0.0,0.0,1.0,0.0,0.0,0.0,0.0,0.0,0.0,0.0,9.0,4.0,0.0,0.0,False,16.0
INE485A01015,CENTENKA,CENTURY ENKA,Textiles & Apparels,False,,,8,8,10.0,14,13,55,WATCHLIST_CONFIRMED,▼ At risk: near WATCHLIST_EXTERNAL boundary,↓4,False,False,1–2% (vol↓),LATE_CYCLE,CAUTION,OTHER,0.0,0.2224,0.1996,PLI,12.0,0.0,,5.0,2.0,8.0,2.0,,,1.0,Fresh,₹489 – ₹516,₹461 (−8.2%),8–20% (12m),❌ 1.5:1,56.3,52,True,2026-06-05 12:45:17,0.0,0.0,0,4.0,4.0,0.0,0.0,0.0,2.0,0.0,4.0,2.0,2.0,2.0,1.0,3.0,0.0,0.0,0.0,0.0,0.0,1.0,0.0,0.0,0.0,0.0,0.0,0.0,9.0,4.0,0.0,0.0,False,
INE085A01013,CHAMBLFERT,CHAMBAL FERT.,Fertilizers & Agrochemicals,False,,,20,3,10.0,10,4,55,WATCHLIST_EXTERNAL,▲ Approaching WATCHLIST_CONFIRMED,↓4,False,False,2–3%,TOPPING,CAUTION,OTHER,0.0,0.634,0.0948,AGRI,10.0,0.0,,7.0,2.0,4.0,1.0,,,1.0,Fresh,₹456 – ₹467,₹445 (−3.6%),2–8% (12m),⚠ 1.9:1,56.3,51,True,2026-06-05 12:45:17,8.0,4.0,0,4.0,4.0,5.0,0.0,0.0,2.0,0.0,0.0,2.0,0.0,0.0,0.0,0.0,0.0,0.0,0.0,0.0,0.0,0.0,0.0,0.0,2.0,3.0,0.0,0.0,0.0,4.0,0.0,0.0,False,
INE255A01020,EPL,EPL LTD,Industrial Products,False,,,20,11,8.0,0,4,55,WATCHLIST_CONFIRMED,▼ At risk: near WATCHLIST_EXTERNAL boundary,─,False,False,2–3%,TOPPING,CAUTION,OTHER,1.0,1.1939,0.1385,nan,10.0,0.0,,5.0,2.0,8.0,2.0,,,1.0,Fresh,₹208 – ₹214,₹203 (−3.9%),8–20% (12m),✅ 3.1:1,56.3,53,True,2026-06-05 12:45:18,8.0,2.0,0,4.0,4.0,5.0,0.0,6.0,2.0,0.0,4.0,2.0,0.0,0.0,0.0,0.0,0.0,0.0,0.0,0.0,0.0,0.0,0.0,0.0,0.0,0.0,0.0,0.0,0.0,4.0,0.0,0.0,True,
INE144D01012,CUBEXTUB,CUBEX TUBINGS,Industrial Products,False,,,12,10,13.0,8,4,55,WATCHLIST_CONFIRMED,▼ At risk: near WATCHLIST_EXTERNAL boundary,─,False,False,1–2% (vol↓),TOPPING,CAUTION,OTHER,0.0,0.035,0.0064,nan,11.0,-3.0,PAPER_PROFIT,3.0,1.0,5.0,1.0,,,1.0,Fresh,₹85 – ₹88,₹82 (−4.9%),8–20% (12m),✅ 2.5:1,56.3,53,True,2026-06-05 12:45:20,4.0,0.0,0,4.0,4.0,5.0,4.0,6.0,0.0,0.0,0.0,2.0,2.0,0.0,0.0,0.0,0.0,0.0,0.0,0.0,0.0,0.0,2.0,2.0,0.0,0.0,0.0,0.0,0.0,4.0,0.0,0.0,False,
INE07O001026,EASEMYTRIP,EASY TRIP PLANN.,Leisure Services,False,,,17,5,13.0,4,13,55,WATCHLIST_CONFIRMED,,─,False,False,1–2% (vol↓),LATE_CYCLE,CAUTION,OTHER,0.0,0.083,0.0,PREMIUMISATION,10.0,0.0,,5.0,2.0,4.0,1.0,,,1.0,Fresh,₹7 – ₹7,₹6 (−6.8%),8–20% (12m),⚠ 1.8:1,56.3,56,True,2026-06-05 12:45:20,4.0,2.0,0,4.0,4.0,5.0,4.0,0.0,2.0,0.0,0.0,0.0,0.0,0.0,0.0,0.0,0.0,0.0,0.0,0.0,0.0,0.0,2.0,0.0,0.0,0.0,0.0,0.0,9.0,4.0,0.0,0.0,False,58.0
INE0LRU01027,AARTIPHARM,AARTI PHARMA,Pharmaceuticals & Biotechnology,False,,,14,12,13.0,6,13,55,WATCHLIST_CONFIRMED,▲ Approaching STRONG,↑11,False,False,2–4% (vol↓),LATE_CYCLE,CAUTION,OTHER,0.0,0.3683,0.016,"HEALTHCARE,PLI",14.0,-2.0,EARN_QUALITY,3.0,1.0,6.0,1.0,,,1.0,Fresh,₹609 – ₹635,₹584 (−6.1%),8–20% (12m),⚠ 2.0:1,56.3,66,True,2026-06-05 12:45:23,4.0,2.0,0,4.0,4.0,5.0,4.0,6.0,2.0,0.0,4.0,0.0,2.0,0.0,0.0,0.0,0.0,0.0,0.0,0.0,1.0,0.0,2.0,0.0,0.0,0.0,0.0,0.0,9.0,4.0,0.0,0.0,False,10.0
INE769A01020,AARTIIND,AARTI INDUSTRIES,Chemicals & Petrochemicals,False,,,4,12,13.0,18,13,55,WATCHLIST_CONFIRMED,,─,False,False,2–3%,LATE_CYCLE,CAUTION,OTHER,0.0,0.3154,0.23,PLI,13.0,0.0,,1.0,0.0,10.0,3.0,,,1.0,Fresh,₹457 – ₹470,₹444 (−4.3%),8–20% (12m),✅ 2.8:1,56.3,57,True,2026-06-05 12:45:23,0.0,0.0,0,0.0,0.0,5.0,0.0,0.0,2.0,4.0,4.0,2.0,2.0,2.0,0.0,0.0,0.0,0.0,1.0,0.0,0.0,0.0,2.0,2.0,0.0,0.0,0.0,2.0,9.0,4.0,0.0,0.0,False,31.0
INE132H01018,AURIONPRO,AURIONPRO SOL.,IT - Software,False,,,17,13,10.0,2,14,55,WATCHLIST_CONFIRMED,▲ Approaching STRONG,↑11,False,False,2–4% (vol↓),BASING,CAUTION,OTHER,0.0,0.7124,0.0036,DIGITAL,13.0,0.0,,5.0,2.0,8.0,2.0,,,1.0,Fresh,₹793 – ₹826,₹760 (−6.1%),8–20% (12m),⚠ 2.0:1,56.3,67,True,2026-06-05 12:45:24,4.0,2.0,0,4.0,4.0,5.0,4.0,6.0,2.0,0.0,4.0,2.0,0.0,0.0,0.0,0.0,0.0,0.0,0.0,0.0,1.0,0.0,0.0,0.0,0.0,0.0,0.0,0.0,10.0,4.0,0.0,0.0,True,24.0
INE729D01010,KILITCH,KILITCH DRUGS,Pharmaceuticals & Biotechnology,False,,,16,8,13.0,12,13,55,WATCHLIST_CONFIRMED,▲ Approaching STRONG,↑11,False,False,2–4% (vol↓),LATE_CYCLE,CAUTION,OTHER,0.0,0.0226,0.0,"HEALTHCARE,PLI",13.0,0.0,,4.0,1.0,3.0,0.0,,,1.0,Fresh,₹168 – ₹177,₹159 (−7.8%),8–20% (12m),⚠ 1.5:1,56.3,66,True,2026-06-05 12:45:26,4.0,2.0,0,4.0,4.0,5.0,4.0,6.0,2.0,0.0,0.0,0.0,0.0,2.0,0.0,0.0,0.0,0.0,0.0,0.0,0.0,0.0,2.0,2.0,0.0,0.0,0.0,0.0,9.0,4.0,0.0,0.0,False,
INE816B01035,FILATEX,FILATEX INDIA,Textiles & Apparels,False,,,12,6,10.0,12,13,55,WATCHLIST_CONFIRMED,▼ At risk: near WATCHLIST_EXTERNAL boundary,↓3,False,False,1–2% (vol↓),LATE_CYCLE,CAUTION,OTHER,0.0,0.1749,0.0235,PLI,10.0,0.0,,5.0,2.0,8.0,2.0,,,1.0,Fresh,₹47 – ₹49,₹46 (−5.6%),8–20% (12m),✅ 2.1:1,56.3,52,True,2026-06-05 12:45:28,0.0,0.0,0,4.0,4.0,5.0,0.0,0.0,2.0,0.0,4.0,0.0,0.0,0.0,0.0,0.0,0.0,1.0,0.0,0.0,0.0,0.0,0.0,0.0,2.0,3.0,0.0,0.0,9.0,4.0,0.0,0.0,False,34.0
INE593W01028,FOCUS,FOCUS LIGHTING,Consumer Durables,False,,,16,8,10.0,10,13,55,WATCHLIST_CONFIRMED,,↑6,False,False,2–4% (vol↓),LATE_CYCLE,CAUTION,CONSUMPTION,0.0,0.0226,0.0,PREMIUMISATION,11.0,0.0,,5.0,2.0,3.0,0.0,,,1.0,Fresh,₹91 – ₹95,₹86 (−6.7%),8–20% (12m),⚠ 1.8:1,56.3,61,True,2026-06-05 12:45:29,4.0,0.0,0,4.0,4.0,5.0,4.0,6.0,2.0,0.0,0.0,0.0,0.0,2.0,0.0,0.0,0.0,0.0,0.0,0.0,0.0,0.0,0.0,0.0,0.0,3.0,0.0,0.0,9.0,4.0,0.0,0.0,False,
INE652V01016,GANESHCP,GANESH CONSUMER,Food Products,False,,,20,5,10.0,6,4,55,WATCHLIST_EXTERNAL,▲ Approaching WATCHLIST_CONFIRMED,↓5,False,False,1–2% (vol↓),CORRECTION,CAUTION,OTHER,0.0,0.1166,0.0,"AGRI,PLI",11.0,0.0,,7.0,2.0,2.0,0.0,,,1.0,Fresh,₹206 – ₹216,₹196 (−7.3%),2–8% (12m),❌ 1.0:1,56.3,50,True,2026-06-05 12:45:29,8.0,2.0,0,4.0,4.0,5.0,4.0,0.0,2.0,0.0,0.0,0.0,2.0,0.0,0.0,0.0,0.0,0.0,0.0,0.0,1.0,0.0,0.0,0.0,0.0,0.0,2.0,0.0,0.0,4.0,0.0,0.0,False,1.0
INE066F01020,HAL,HIND.AERONAUTICS,Aerospace & Defense,False,,,19,13,10.0,4,4,55,WATCHLIST_CONFIRMED,,─,False,False,2–3%,TOPPING,CAUTION,CAPEX_CYCLE,0.0,0.4148,0.1162,"CAPEX_SUPERCYCLE,DEFENCE",12.0,0.0,,6.0,2.0,10.0,3.0,,,1.0,Fresh,"₹4,220 – ₹4,308","₹4,131 (−3.1%)",8–20% (12m),✅ 3.8:1,56.3,58,True,2026-06-05 12:45:30,4.0,4.0,0,4.0,4.0,5.0,0.0,6.0,2.0,0.0,4.0,2.0,2.0,0.0,0.0,0.0,0.0,0.0,0.0,0.0,0.0,0.0,0.0,0.0,2.0,0.0,0.0,0.0,0.0,4.0,0.0,0.0,True,32.0
INE050001010,PPL,PRAKASH PIPES,Industrial Products,False,,,20,5,10.0,6,4,54,WATCHLIST_CONFIRMED,▼ At risk: near WATCHLIST_EXTERNAL boundary,─,False,False,1–2% (vol↓),TOPPING,CAUTION,OTHER,0.0,0.0554,0.0002,nan,9.0,0.0,,6.0,2.0,1.0,0.0,,,1.0,Fresh,₹194 – ₹203,₹186 (−6.4%),8–20% (12m),⚠ 1.9:1,54.3,52,True,2026-06-05 12:45:02,8.0,4.0,0,4.0,4.0,5.0,0.0,6.0,2.0,0.0,0.0,0.0,0.0,0.0,0.0,0.0,0.0,0.0,0.0,0.0,0.0,0.0,0.0,0.0,0.0,3.0,0.0,0.0,0.0,4.0,0.0,0.0,False,36.0
INE560K01014,PFS,PTC INDIA FIN,Finance,False,,,3,5,10.0,0,13,54,MONITOR,▲ Approaching WATCHLIST_EXTERNAL,↓19,False,False,0%,LATE_CYCLE,CAUTION,FINANCIALS,0.0,0.1094,0.0728,FIN_INCLUSION,5.0,-1.0,EARN_REV_DIVERGE,3.0,1.0,2.0,0.0,,,1.0,Fresh,₹30 – ₹31,₹30 (−3.1%),,,54.3,35,True,2026-06-05 12:45:04,0.0,0.0,0,4.0,0.0,0.0,0.0,6.0,2.0,0.0,0.0,0.0,0.0,0.0,0.0,0.0,0.0,0.0,0.0,0.0,0.0,0.0,0.0,0.0,0.0,0.0,0.0,0.0,9.0,4.0,0.0,0.0,False,59.0
INE613C01026,MCLOUD,MAGELLANIC CLOUD,IT - Software,False,,,20,8,10.0,2,14,54,WATCHLIST_CONFIRMED,▲ Approaching STRONG,↑13,False,False,2–4% (vol↓),BASING,CAUTION,OTHER,0.0,0.1892,0.0,DIGITAL,11.0,0.0,,7.0,2.0,2.0,0.0,,,1.0,Fresh,₹25 – ₹26,₹24 (−5.8%),8–20% (12m),✅ 2.1:1,54.3,66,True,2026-06-05 12:45:04,8.0,4.0,0,4.0,4.0,5.0,4.0,6.0,2.0,0.0,0.0,0.0,0.0,0.0,0.0,0.0,0.0,1.0,0.0,0.0,0.0,0.0,0.0,0.0,0.0,0.0,0.0,0.0,10.0,4.0,0.0,0.0,False,
INE474Q01031,MEDANTA,GLOBAL HEALTH,Healthcare Services,False,,,16,13,8.0,4,13,54,WATCHLIST_CONFIRMED,,↑9,False,False,4–6%,LATE_CYCLE,CAUTION,OTHER,1.0,0.7636,0.2779,HEALTHCARE,13.0,0.0,,4.0,1.0,8.0,2.0,,,1.0,Fresh,"₹1,185 – ₹1,217","₹1,153 (−4.0%)",8–20% (12m),✅ 3.0:1,54.3,63,True,2026-06-05 12:45:04,4.0,2.0,0,4.0,4.0,5.0,4.0,6.0,2.0,0.0,4.0,2.0,0.0,0.0,0.0,0.0,0.0,0.0,0.0,0.0,0.0,0.0,0.0,0.0,2.0,0.0,0.0,0.0,9.0,4.0,0.0,0.0,False,
INE0J1Y01017,LICI,LIFE INSURANCE,Insurance,False,,,4,5,13.0,10,4,54,MONITOR,▲ Approaching WATCHLIST_EXTERNAL,↓19,False,False,0%,TOPPING,CAUTION,FINANCIALS,0.0,0.0138,0.0226,FIN_INCLUSION,8.0,-3.0,EARN_QUALITY|EARN_REV_DIVERGE,4.0,1.0,1.0,0.0,,,1.0,Fresh,₹398 – ₹408,₹388 (−3.7%),,,54.3,36,True,2026-06-05 12:45:05,0.0,4.0,0,4.0,0.0,0.0,0.0,6.0,0.0,0.0,0.0,0.0,2.0,0.0,0.0,0.0,0.0,0.0,0.0,0.0,1.0,0.0,2.0,2.0,0.0,0.0,0.0,0.0,0.0,4.0,0.0,0.0,False,4.0
INE0KNT01012,MVGJL,MANOJ VAIBHAV,Consumer Durables,False,,,17,5,13.0,8,13,54,WATCHLIST_CONFIRMED,,↑7,False,False,2–4% (vol↓),LATE_CYCLE,CAUTION,CONSUMPTION,0.0,0.0344,0.0,PREMIUMISATION,11.0,-3.0,PAPER_PROFIT,5.0,2.0,2.0,0.0,,,1.0,Fresh,₹151 – ₹158,₹144 (−6.7%),8–20% (12m),⚠ 1.8:1,54.3,60,True,2026-06-05 12:45:05,8.0,2.0,0,4.0,4.0,5.0,0.0,6.0,0.0,0.0,0.0,0.0,2.0,0.0,0.0,0.0,0.0,0.0,0.0,0.0,0.0,0.0,2.0,2.0,0.0,0.0,0.0,0.0,9.0,4.0,0.0,0.0,False,
INE864I01014,MTARTECH,MTAR TECHNOLOGIE,Aerospace & Defense,False,,,11,10,11.0,28,4,54,WATCHLIST_CONFIRMED,,─,False,False,1–2% (vol↓),TOPPING,CAUTION,CAPEX_CYCLE,1.0,0.7266,0.4698,"CAPEX_SUPERCYCLE,DEFENCE",16.0,0.0,,3.0,1.0,8.0,2.0,,,1.0,Fresh,"₹7,232 – ₹7,704","₹6,761 (−9.5%)",8–20% (12m),❌ 1.3:1,54.3,57,True,2026-06-05 12:45:06,0.0,0.0,0,4.0,4.0,5.0,4.0,0.0,2.0,0.0,4.0,0.0,2.0,2.0,1.0,3.0,0.0,0.0,1.0,0.0,0.0,1.0,2.0,2.0,0.0,0.0,0.0,2.0,0.0,4.0,0.0,0.0,False,
INE760L01018,TBZ,T B Z,Consumer Durables,False,,,4,14,13.0,14,13,54,WATCHLIST_CONFIRMED,,↑6,False,False,2–4% (vol↓),LATE_CYCLE,CAUTION,CONSUMPTION,0.0,0.0494,0.0,PREMIUMISATION,12.0,-3.0,PAPER_PROFIT,4.0,1.0,10.0,3.0,,,1.0,Fresh,₹173 – ₹182,₹164 (−7.4%),8–20% (12m),⚠ 1.6:1,54.3,60,True,2026-06-05 12:45:08,8.0,0.0,0,0.0,0.0,0.0,0.0,6.0,0.0,4.0,4.0,2.0,2.0,2.0,0.0,0.0,0.0,1.0,0.0,0.0,0.0,0.0,2.0,2.0,0.0,0.0,0.0,0.0,9.0,4.0,0.0,0.0,False,
INE312C01025,SYNCOMF,SYNCOM FORMUL.,Pharmaceuticals & Biotechnology,False,,,20,9,10.0,2,13,54,WATCHLIST_CONFIRMED,▲ Approaching STRONG,↑11,False,False,2–4% (vol↓),LATE_CYCLE,CAUTION,OTHER,0.0,0.0446,0.0,"HEALTHCARE,PLI",12.0,0.0,,6.0,2.0,1.0,0.0,,,1.0,Fresh,₹14 – ₹15,₹14 (−6.4%),8–20% (12m),⚠ 1.9:1,54.3,65,True,2026-06-05 12:45:09,8.0,2.0,0,4.0,4.0,5.0,4.0,6.0,2.0,0.0,0.0,0.0,2.0,0.0,0.0,0.0,0.0,1.0,0.0,0.0,0.0,0.0,0.0,0.0,0.0,0.0,0.0,0.0,9.0,4.0,0.0,0.0,False,63.0
INE0SOY01013,TAC,TAC INFOSEC,IT - Software,False,,,19,11,10.0,0,14,54,WATCHLIST_CONFIRMED,▲ Approaching STRONG,↑12,False,False,2–4% (vol↓),BASING,CAUTION,OTHER,0.0,0.0395,0.0,DIGITAL,10.0,0.0,,8.0,3.0,6.0,1.0,,,1.0,Fresh,₹367 – ₹389,₹345 (−8.7%),8–20% (12m),❌ 1.4:1,54.3,66,True,2026-06-05 12:45:09,8.0,4.0,0,4.0,4.0,0.0,4.0,6.0,2.0,0.0,4.0,0.0,0.0,0.0,0.0,0.0,0.0,0.0,0.0,0.0,0.0,0.0,0.0,0.0,0.0,0.0,0.0,0.0,10.0,4.0,0.0,0.0,True,
INE075A01022,WIPRO,WIPRO,IT - Software,False,,,20,7,13.0,8,14,54,WATCHLIST_CONFIRMED,▲ Approaching STRONG,↑12,False,False,4–6%,BASING,CAUTION,OTHER,0.0,0.4042,0.0859,DIGITAL,13.0,0.0,,6.0,2.0,8.0,2.0,,,1.0,Fresh,₹201 – ₹207,₹195 (−4.4%),8–20% (12m),✅ 2.7:1,54.3,66,True,2026-06-05 12:45:10,8.0,2.0,0,4.0,4.0,5.0,0.0,0.0,2.0,0.0,4.0,2.0,0.0,0.0,0.0,0.0,0.0,0.0,0.0,1.0,1.0,0.0,2.0,0.0,0.0,0.0,0.0,0.0,10.0,4.0,0.0,0.0,False,13.0
INE226A01021,VOLTAS,VOLTAS,Consumer Durables,False,,,13,11,11.0,6,13,54,WATCHLIST_CONFIRMED,,↑7,False,False,4–6%,LATE_CYCLE,CAUTION,CONSUMPTION,1.0,0.7506,0.294,PREMIUMISATION,12.0,-3.0,PAPER_PROFIT,4.0,1.0,8.0,2.0,,,1.0,Fresh,"₹1,217 – ₹1,253","₹1,182 (−4.3%)",8–20% (12m),✅ 2.8:1,54.3,60,True,2026-06-05 12:45:10,4.0,2.0,0,4.0,4.0,5.0,4.0,6.0,0.0,0.0,4.0,0.0,0.0,0.0,0.0,0.0,0.0,0.0,0.0,0.0,0.0,1.0,2.0,0.0,0.0,0.0,0.0,0.0,9.0,4.0,0.0,0.0,False,
INE884A01027,VAIBHAVGBL,VAIBHAV GLOBAL,Consumer Durables,False,,,16,7,10.0,12,13,54,WATCHLIST_CONFIRMED,,↑7,False,False,2–4% (vol↓),LATE_CYCLE,CAUTION,CONSUMPTION,0.0,0.5443,0.0021,PREMIUMISATION,13.0,0.0,,6.0,2.0,5.0,1.0,,,1.0,Fresh,₹225 – ₹236,₹214 (−7.2%),8–20% (12m),⚠ 1.7:1,54.3,60,True,2026-06-05 12:45:10,4.0,0.0,0,4.0,4.0,5.0,0.0,0.0,2.0,4.0,0.0,2.0,2.0,2.0,0.0,0.0,0.0,0.0,0.0,0.0,1.0,0.0,0.0,0.0,0.0,3.0,0.0,0.0,9.0,4.0,0.0,0.0,False,14.0
INE480C01038,SDBL,SOM DISTILLERIES,Beverages,False,,,16,5,13.0,14,4,54,WATCHLIST_CONFIRMED,▼ At risk: near WATCHLIST_EXTERNAL boundary,─,False,False,1–2% (vol↓),CORRECTION,CAUTION,CONSUMPTION,0.0,0.0766,0.0,PREMIUMISATION,12.0,0.0,,4.0,1.0,3.0,0.0,,,1.0,Fresh,₹74 – ₹77,₹71 (−5.7%),8–20% (12m),✅ 2.1:1,54.3,52,True,2026-06-05 12:45:12,4.0,2.0,0,4.0,4.0,5.0,4.0,0.0,2.0,0.0,0.0,2.0,0.0,0.0,0.0,0.0,0.0,0.0,0.0,0.0,0.0,0.0,2.0,2.0,0.0,3.0,0.0,0.0,0.0,4.0,0.0,0.0,False,
INE743M01012,RHIM,RHI MAGNESITA,Industrial Products,False,,,12,13,10.0,6,4,54,WATCHLIST_CONFIRMED,▼ At risk: near WATCHLIST_EXTERNAL boundary,─,False,False,1–2% (vol↓),TOPPING,CAUTION,OTHER,0.0,0.1904,0.2656,nan,12.0,0.0,,5.0,2.0,8.0,2.0,,,1.0,Fresh,₹367 – ₹388,₹346 (−8.4%),8–20% (12m),❌ 1.4:1,54.3,52,True,2026-06-05 12:45:12,0.0,0.0,0,4.0,4.0,5.0,4.0,0.0,2.0,4.0,4.0,2.0,2.0,0.0,0.0,0.0,0.0,1.0,0.0,0.0,0.0,0.0,0.0,0.0,2.0,0.0,0.0,0.0,0.0,4.0,0.0,0.0,False,
INE535D01037,ROTO,ROTO PUMPS,Industrial Products,False,,,20,5,13.0,6,4,54,WATCHLIST_CONFIRMED,▼ At risk: near WATCHLIST_EXTERNAL boundary,─,False,False,1–2% (vol↓),TOPPING,CAUTION,OTHER,0.0,0.0278,0.003,nan,10.0,0.0,,6.0,2.0,4.0,1.0,,,1.0,Fresh,₹57 – ₹59,₹55 (−5.2%),8–20% (12m),✅ 2.3:1,54.3,52,True,2026-06-05 12:45:14,8.0,2.0,0,4.0,4.0,5.0,4.0,0.0,2.0,0.0,0.0,0.0,0.0,0.0,0.0,0.0,0.0,0.0,0.0,0.0,1.0,0.0,2.0,0.0,0.0,0.0,0.0,0.0,0.0,4.0,0.0,0.0,False,8.0
INE385F01024,SGMART,SG MART,Metals & Minerals Trading,False,,,12,6,13.0,24,4,54,WATCHLIST_CONFIRMED,▼ At risk: near WATCHLIST_EXTERNAL boundary,─,False,False,1–2% (vol↓),TOPPING,CAUTION,OTHER,0.0,0.1622,0.0,nan,14.0,-3.0,PAPER_PROFIT,4.0,1.0,1.0,0.0,,,1.0,Fresh,₹560 – ₹581,₹540 (−5.4%),8–20% (12m),✅ 2.2:1,54.3,54,False,2026-06-05 12:45:15,4.0,0.0,0,4.0,4.0,5.0,4.0,6.0,0.0,0.0,0.0,0.0,0.0,2.0,1.0,3.0,1.0,0.0,0.0,0.0,0.0,1.0,2.0,2.0,0.0,0.0,0.0,0.0,0.0,4.0,0.0,0.0,False,32.0
INE016Q01014,CEINSYS,CEINSYS TECH,IT - Software,False,,,16,8,13.0,10,14,54,WATCHLIST_CONFIRMED,▲ Approaching STRONG,↑12,False,False,2–4% (vol↓),BASING,CAUTION,OTHER,0.0,0.238,0.0,DIGITAL,12.0,0.0,,4.0,1.0,1.0,0.0,,,1.0,Fresh,₹925 – ₹968,₹882 (−6.8%),8–20% (12m),⚠ 1.8:1,54.3,66,True,2026-06-05 12:45:17,8.0,2.0,0,4.0,0.0,5.0,4.0,6.0,2.0,0.0,0.0,0.0,0.0,0.0,0.0,0.0,0.0,0.0,0.0,0.0,0.0,1.0,2.0,2.0,0.0,0.0,0.0,0.0,10.0,4.0,0.0,0.0,False,
INE295F01017,BUTTERFLY,BUTTERFLY GAN AP,Consumer Durables,False,,,15,7,13.0,6,13,54,WATCHLIST_CONFIRMED,,↑7,False,False,4–6%,LATE_CYCLE,CAUTION,CONSUMPTION,0.0,0.0146,0.0086,PREMIUMISATION,11.0,-1.0,EARN_REV_DIVERGE,6.0,2.0,4.0,1.0,,,1.0,Fresh,₹642 – ₹659,₹624 (−4.1%),8–20% (12m),✅ 2.9:1,54.3,60,True,2026-06-05 12:45:17,4.0,0.0,0,4.0,4.0,5.0,0.0,6.0,2.0,0.0,0.0,2.0,0.0,0.0,0.0,0.0,0.0,0.0,0.0,0.0,1.0,0.0,2.0,0.0,0.0,0.0,0.0,0.0,9.0,4.0,0.0,0.0,False,24.0
INE732I01021,ANGELONE,ANGEL ONE,Capital Markets,False,,,11,15,13.0,8,4,54,WATCHLIST_CONFIRMED,,─,False,False,1–2% (vol↓),TOPPING,CAUTION,FINANCIALS,0.0,0.5236,0.3312,FIN_INCLUSION,13.0,-3.0,PAPER_PROFIT,4.0,1.0,9.0,2.0,,,1.0,Fresh,₹329 – ₹340,₹318 (−5.0%),8–20% (12m),✅ 2.4:1,54.3,59,True,2026-06-05 12:45:20,8.0,4.0,0,4.0,0.0,0.0,4.0,6.0,0.0,4.0,4.0,2.0,2.0,2.0,0.0,0.0,1.0,0.0,1.0,0.0,0.0,0.0,0.0,0.0,0.0,0.0,0.0,0.0,0.0,4.0,0.0,0.0,False,
INE01BK01022,AWHCL,ANTONY WASTE HAN,Other Utilities,False,,,12,7,13.0,4,4,54,WATCHLIST_EXTERNAL,,↓12,False,False,1–2% (vol↓),TOPPING,CAUTION,OTHER,0.0,0.637,0.045,"POWER,WATER",9.0,0.0,,2.0,0.0,8.0,2.0,,,1.0,Fresh,₹446 – ₹462,₹430 (−5.3%),2–8% (12m),❌ 1.3:1,54.3,44,True,2026-06-05 12:45:24,4.0,2.0,0,4.0,0.0,5.0,0.0,0.0,2.0,0.0,4.0,2.0,0.0,0.0,0.0,0.0,0.0,0.0,0.0,0.0,0.0,0.0,2.0,0.0,0.0,0.0,0.0,0.0,0.0,4.0,0.0,0.0,False,
INE489L01022,IIFLCAPS,IIFL CAPITAL,Capital Markets,False,,,16,15,8.0,6,4,54,WATCHLIST_CONFIRMED,,─,False,False,2–3% (stable↑),TOPPING,CAUTION,FINANCIALS,1.0,1.1821,0.0231,FIN_INCLUSION,13.0,-3.0,PAPER_PROFIT,6.0,2.0,8.0,2.0,,,1.0,Fresh,₹336 – ₹341,₹331 (−2.1%),8–20% (12m),✅ 5.7:1,54.3,59,True,2026-06-05 12:45:24,8.0,4.0,0,4.0,0.0,5.0,4.0,6.0,2.0,4.0,4.0,0.0,2.0,2.0,0.0,0.0,0.0,0.0,1.0,0.0,0.0,0.0,0.0,0.0,0.0,0.0,0.0,0.0,0.0,4.0,0.0,0.0,True,31.0
INE030A01027,HINDUNILVR,HIND. UNILEVER,Diversified FMCG,False,,,20,8,10.0,2,4,54,WATCHLIST_CONFIRMED,▼ At risk: near WATCHLIST_EXTERNAL boundary,─,False,False,2–3%,CORRECTION,CAUTION,OTHER,0.0,0.4188,0.1324,nan,11.0,0.0,,7.0,2.0,7.0,2.0,,,1.0,Fresh,"₹2,069 – ₹2,112","₹2,027 (−3.0%)",8–20% (12m),✅ 3.9:1,54.3,54,False,2026-06-05 12:45:25,8.0,4.0,0,4.0,4.0,5.0,0.0,0.0,2.0,0.0,4.0,2.0,2.0,0.0,0.0,0.0,0.0,1.0,0.0,0.0,0.0,0.0,0.0,0.0,0.0,0.0,0.0,0.0,0.0,4.0,0.0,0.0,False,36.0
INE967C01018,KAMATHOTEL,KAMAT HOTELS,Leisure Services,False,,,14,6,13.0,6,13,54,WATCHLIST_CONFIRMED,▼ At risk: near WATCHLIST_EXTERNAL boundary,─,False,False,1–2% (vol↓),LATE_CYCLE,CAUTION,OTHER,0.0,0.0342,0.0,PREMIUMISATION,10.0,0.0,,5.0,2.0,4.0,1.0,,,1.0,Fresh,₹179 – ₹186,₹173 (−5.3%),8–20% (12m),✅ 2.3:1,54.3,55,True,2026-06-05 12:45:26,8.0,2.0,0,0.0,0.0,5.0,4.0,0.0,2.0,0.0,0.0,0.0,2.0,0.0,0.0,0.0,0.0,0.0,0.0,0.0,1.0,0.0,2.0,0.0,0.0,0.0,0.0,0.0,9.0,4.0,0.0,0.0,False,24.0
INE0TQE01026,GLOTTIS,GLOTTIS,Transport Services,False,,,18,1,10.0,4,4,54,MONITOR,▼ At risk: near MONITOR boundary,↓15,False,False,0%,TOPPING,CAUTION,OTHER,0.0,0.0414,0.0,INFRA,7.0,0.0,,6.0,2.0,2.0,0.0,,,1.0,Fresh,₹63 – ₹67,₹60 (−7.7%),,,54.3,40,True,2026-06-05 12:45:28,8.0,4.0,0,4.0,4.0,0.0,0.0,0.0,2.0,0.0,0.0,0.0,0.0,2.0,0.0,0.0,0.0,0.0,0.0,0.0,0.0,0.0,0.0,0.0,0.0,0.0,0.0,0.0,0.0,4.0,0.0,0.0,False,
INE536A01023,GRINDWELL,GRINDWELL NORTON,Industrial Products,False,,,20,6,10.0,10,4,54,WATCHLIST_CONFIRMED,▼ At risk: near WATCHLIST_EXTERNAL boundary,─,False,False,1–2% (vol↓),TOPPING,CAUTION,OTHER,0.0,0.2398,0.3548,nan,12.0,0.0,,7.0,2.0,8.0,2.0,,,1.0,Fresh,"₹1,836 – ₹1,898","₹1,773 (−5.1%)",8–20% (12m),✅ 2.4:1,54.3,52,True,2026-06-05 12:45:28,8.0,2.0,0,4.0,4.0,5.0,0.0,0.0,2.0,0.0,4.0,0.0,0.0,2.0,0.0,0.0,1.0,0.0,1.0,0.0,1.0,0.0,0.0,0.0,0.0,0.0,0.0,0.0,0.0,4.0,0.0,0.0,False,27.0
INE461C01038,GREENPLY,GREENPLY INDUSTR,Consumer Durables,False,,,16,8,10.0,10,13,54,WATCHLIST_CONFIRMED,,↑7,False,False,2–4% (vol↓),LATE_CYCLE,CAUTION,CONSUMPTION,0.0,0.1793,0.6107,PREMIUMISATION,11.0,0.0,,5.0,2.0,7.0,2.0,,,1.0,Fresh,₹259 – ₹269,₹250 (−5.5%),8–20% (12m),✅ 2.2:1,54.3,60,True,2026-06-05 12:45:28,4.0,0.0,0,4.0,4.0,5.0,4.0,0.0,2.0,0.0,4.0,0.0,0.0,2.0,0.0,0.0,0.0,0.0,0.0,0.0,0.0,0.0,0.0,0.0,0.0,3.0,0.0,0.0,9.0,4.0,0.0,0.0,False,36.0
INE901X01013,FELIX,FELIX INDUSTRIES,Other Utilities,False,,,7,8,10.0,14,4,54,WATCHLIST_EXTERNAL,,↑44,False,False,1–2% (vol↓),TOPPING,CAUTION,OTHER,0.0,0.1086,0.0,"POWER,WATER",11.0,-3.0,PAPER_PROFIT,2.0,0.0,3.0,0.0,,,1.0,Fresh,₹184 – ₹194,₹173 (−8.6%),2–8% (12m),❌ 0.8:1,54.3,44,True,2026-06-05 12:45:28,4.0,0.0,0,4.0,4.0,0.0,4.0,6.0,2.0,0.0,0.0,0.0,0.0,2.0,1.0,3.0,0.0,0.0,0.0,0.0,0.0,1.0,0.0,0.0,0.0,0.0,0.0,0.0,0.0,4.0,0.0,0.0,False,
INE139R01012,FUSION,FUSION FINANCE,Finance,False,,,0,8,10.0,0,13,54,MONITOR,▲ Approaching WATCHLIST_EXTERNAL,↓19,False,False,0%,LATE_CYCLE,CAUTION,FINANCIALS,0.0,0.2031,0.1824,FIN_INCLUSION,6.0,-4.0,PAPER_PROFIT|DE_ROCE_STRESS,2.0,0.0,7.0,2.0,,,1.0,Fresh,₹169 – ₹176,₹163 (−5.6%),,,54.3,35,True,2026-06-05 12:45:29,0.0,0.0,0,4.0,0.0,0.0,4.0,0.0,2.0,0.0,4.0,0.0,0.0,0.0,0.0,0.0,0.0,0.0,0.0,0.0,0.0,0.0,0.0,0.0,0.0,0.0,0.0,0.0,9.0,4.0,0.0,0.0,False,
INE844O01030,GUJGASLTD,GUJARAT GAS,Gas,False,,,13,5,13.0,10,13,54,WATCHLIST_CONFIRMED,▼ At risk: near WATCHLIST_EXTERNAL boundary,─,False,False,1–2% (vol↓),LATE_CYCLE,CAUTION,OTHER,0.0,0.1628,0.1572,POWER,11.0,0.0,,6.0,2.0,6.0,1.0,,,1.0,Fresh,₹390 – ₹405,₹375 (−5.7%),8–20% (12m),✅ 2.1:1,54.3,54,False,2026-06-05 12:45:30,4.0,2.0,0,4.0,4.0,0.0,0.0,0.0,2.0,0.0,4.0,0.0,0.0,0.0,0.0,0.0,0.0,0.0,0.0,1.0,0.0,0.0,2.0,2.0,0.0,0.0,0.0,0.0,9.0,4.0,0.0,0.0,False,
INE00EV01017,HARIOMPIPE,HARIOM PIPE,Industrial Products,False,,,8,11,13.0,10,4,54,WATCHLIST_CONFIRMED,▼ At risk: near WATCHLIST_EXTERNAL boundary,─,False,False,1–2% (vol↓),TOPPING,CAUTION,OTHER,0.0,0.4234,0.0,nan,10.0,-3.0,PAPER_PROFIT,3.0,1.0,6.0,1.0,,,1.0,Fresh,₹398 – ₹422,₹374 (−8.8%),8–20% (12m),❌ 1.4:1,54.3,52,True,2026-06-05 12:45:30,8.0,0.0,0,0.0,0.0,5.0,4.0,6.0,2.0,0.0,4.0,0.0,0.0,2.0,0.0,0.0,0.0,1.0,0.0,0.0,0.0,0.0,2.0,0.0,0.0,0.0,0.0,0.0,0.0,4.0,0.0,0.0,False,
INE0CZ201020,ANTHEM,ANTHEM BIOSCIENC,Pharmaceuticals & Biotechnology,False,,,20,6,10.0,12,13,53,WATCHLIST_CONFIRMED,,↑11,True,False,3–4% (ins.sell⚠),LATE_CYCLE,CAUTION,OTHER,0.0,0.1058,0.2011,"HEALTHCARE,PLI",13.0,0.0,,6.0,2.0,7.0,2.0,,,1.0,Fresh,₹739 – ₹762,₹717 (−4.5%),8–20% (12m),✅ 2.7:1,52.0,64,True,2026-06-05 12:45:00,8.0,4.0,0,4.0,4.0,5.0,0.0,0.0,2.0,0.0,4.0,0.0,0.0,2.0,0.0,0.0,0.0,1.0,0.0,0.0,1.0,0.0,0.0,0.0,2.0,0.0,0.0,0.0,9.0,4.0,0.0,0.0,False,16.0
INE0OMO01025,CELLECOR,CELLECOR GADGETS,Consumer Durables,False,,,15,10,10.0,4,13,53,WATCHLIST_CONFIRMED,,↑7,False,False,1–2% (vol↓),LATE_CYCLE,CAUTION,CONSUMPTION,0.0,0.3666,0.0,PREMIUMISATION,10.0,-3.0,PAPER_PROFIT,5.0,2.0,5.0,1.0,,,1.0,Fresh,₹36 – ₹37,₹34 (−8.0%),8–20% (12m),⚠ 1.5:1,52.0,59,True,2026-06-05 12:45:00,8.0,4.0,0,4.0,4.0,0.0,4.0,6.0,0.0,0.0,4.0,0.0,0.0,2.0,0.0,0.0,0.0,0.0,0.0,0.0,0.0,0.0,0.0,0.0,0.0,0.0,0.0,0.0,9.0,4.0,0.0,0.0,False,
INE02IJ01035,AZAD,AZAD ENGINEERING,Electrical Equipment,False,,,11,10,10.0,26,4,53,WATCHLIST_CONFIRMED,,↑5,False,False,1–2% (vol↓),TOPPING,CAUTION,OTHER,0.0,0.6082,0.2038,"CAPEX_SUPERCYCLE,POWER",16.0,0.0,,3.0,1.0,4.0,1.0,,,1.0,Fresh,"₹2,049 – ₹2,133","₹1,964 (−6.1%)",8–20% (12m),⚠ 2.0:1,52.0,56,True,2026-06-05 12:45:00,0.0,0.0,0,4.0,4.0,5.0,4.0,6.0,2.0,0.0,0.0,2.0,0.0,2.0,1.0,3.0,1.0,0.0,1.0,0.0,1.0,0.0,0.0,0.0,2.0,0.0,0.0,2.0,0.0,4.0,0.0,0.0,False,27.0
INE090B01011,OMAXAUTO,OMAX AUTOS,Auto Components,False,,,9,9,13.0,30,14,53,WATCHLIST_CONFIRMED,▲ Approaching STRONG,↑13,False,False,2–4% (vol↓),BASING,CAUTION,OTHER,0.0,0.03,0.0,PLI,16.0,0.0,,5.0,2.0,6.0,1.0,,,1.0,Fresh,₹232 – ₹243,₹221 (−6.8%),8–20% (12m),⚠ 1.8:1,52.0,66,True,2026-06-05 12:45:01,4.0,0.0,0,0.0,0.0,5.0,4.0,0.0,2.0,0.0,4.0,0.0,2.0,2.0,1.0,3.0,1.0,0.0,0.0,0.0,0.0,1.0,2.0,2.0,0.0,3.0,0.0,0.0,10.0,4.0,0.0,0.0,False,32.0
INE063E01053,POCL,PONDY OXIDES,Diversified Metals,False,,,12,10,10.0,18,4,53,WATCHLIST_CONFIRMED,▼ At risk: near WATCHLIST_EXTERNAL boundary,─,False,False,1–2% (vol↓),CORRECTION,CAUTION,OTHER,0.0,0.1638,0.0346,nan,15.0,-3.0,PAPER_PROFIT,4.0,1.0,8.0,2.0,,,1.0,Fresh,"₹1,279 – ₹1,353","₹1,205 (−8.4%)",8–20% (12m),❌ 1.4:1,52.0,53,False,2026-06-05 12:45:02,4.0,0.0,0,4.0,4.0,5.0,0.0,0.0,0.0,4.0,4.0,2.0,2.0,2.0,1.0,3.0,0.0,0.0,1.0,0.0,1.0,1.0,0.0,0.0,0.0,0.0,0.0,0.0,0.0,4.0,0.0,0.0,False,9.0
INE457L01029,PGEL,PG ELECTROPLAST,Consumer Durables,False,,,12,12,10.0,6,13,53,WATCHLIST_CONFIRMED,,↑7,False,False,1–2% (vol↓),LATE_CYCLE,CAUTION,CONSUMPTION,0.0,0.4129,0.385,PREMIUMISATION,12.0,-3.0,PAPER_PROFIT,3.0,1.0,8.0,2.0,,,1.0,Fresh,₹463 – ₹480,₹447 (−5.2%),8–20% (12m),✅ 2.3:1,52.0,59,True,2026-06-05 12:45:04,4.0,0.0,0,4.0,4.0,5.0,4.0,6.0,0.0,0.0,4.0,0.0,2.0,0.0,0.0,0.0,0.0,0.0,0.0,0.0,1.0,0.0,0.0,0.0,2.0,0.0,0.0,0.0,9.0,4.0,0.0,0.0,False,8.0
INE0WO601020,LAXMIDENTL,LAXMI DENTAL,Healthcare Equipment & Supplies,False,,,17,10,8.0,8,4,53,WATCHLIST_CONFIRMED,▼ At risk: near WATCHLIST_EXTERNAL boundary,─,False,False,1–2% (vol↓),TOPPING,CAUTION,OTHER,1.0,0.8838,0.2058,HEALTHCARE,12.0,0.0,,6.0,2.0,7.0,2.0,,,1.0,Fresh,₹227 – ₹242,₹212 (−9.5%),8–20% (12m),❌ 1.3:1,52.0,53,False,2026-06-05 12:45:05,4.0,2.0,0,4.0,4.0,5.0,4.0,0.0,2.0,0.0,4.0,2.0,0.0,0.0,0.0,0.0,0.0,0.0,0.0,0.0,1.0,0.0,0.0,0.0,0.0,3.0,0.0,0.0,0.0,4.0,0.0,0.0,True,14.0
INE842C01021,MINDACORP,MINDA CORP,Auto Components,False,,,16,10,10.0,18,14,53,WATCHLIST_CONFIRMED,▲ Approaching STRONG,↑13,False,False,2–4% (vol↓),BASING,CAUTION,OTHER,0.0,0.3527,0.2983,PLI,16.0,0.0,,5.0,2.0,9.0,2.0,,,1.0,Fresh,₹614 – ₹639,₹589 (−6.0%),8–20% (12m),✅ 2.0:1,52.0,66,True,2026-06-05 12:45:07,4.0,0.0,0,4.0,4.0,5.0,4.0,0.0,2.0,0.0,4.0,2.0,0.0,2.0,1.0,3.0,1.0,1.0,0.0,0.0,1.0,0.0,0.0,0.0,0.0,0.0,0.0,0.0,10.0,4.0,0.0,0.0,True,11.0
INE1TAE01010,TMCV,TATA MOTORS,"Agricultural, Commercial & Construction Vehicles",False,,,14,6,13.0,22,4,53,WATCHLIST_CONFIRMED,▼ At risk: near WATCHLIST_EXTERNAL boundary,─,False,False,1–2% (vol↓),CORRECTION,CAUTION,OTHER,0.0,0.778,0.2118,AGRI,12.0,0.0,,4.0,1.0,8.0,2.0,,,1.0,Fresh,₹368 – ₹380,₹356 (−4.8%),8–20% (12m),✅ 2.5:1,52.0,53,False,2026-06-05 12:45:07,8.0,4.0,0,4.0,0.0,0.0,0.0,0.0,2.0,0.0,4.0,0.0,0.0,0.0,1.0,3.0,0.0,0.0,0.0,0.0,0.0,1.0,2.0,2.0,2.0,0.0,0.0,0.0,0.0,4.0,0.0,0.0,False,
INE225D01027,SYMPHONY,SYMPHONY,Consumer Durables,False,,,20,5,10.0,0,13,53,WATCHLIST_CONFIRMED,,↑7,False,False,2–3%,LATE_CYCLE,CAUTION,CONSUMPTION,0.0,0.1394,0.1714,PREMIUMISATION,9.0,0.0,,8.0,3.0,3.0,0.0,,,1.0,Fresh,₹683 – ₹698,₹667 (−3.3%),8–20% (12m),✅ 3.6:1,52.0,59,True,2026-06-05 12:45:09,8.0,4.0,0,4.0,4.0,5.0,0.0,6.0,2.0,0.0,0.0,0.0,0.0,0.0,0.0,0.0,0.0,0.0,0.0,0.0,0.0,0.0,0.0,0.0,0.0,0.0,0.0,0.0,9.0,4.0,0.0,0.0,False,
INE732S01012,SAKAR,SAKAR HEALTHCARE,Pharmaceuticals & Biotechnology,False,,,11,11,10.0,18,13,53,WATCHLIST_CONFIRMED,,↑11,False,False,2–4% (vol↓),LATE_CYCLE,CAUTION,OTHER,0.0,0.5296,0.0,"HEALTHCARE,PLI",16.0,0.0,,4.0,1.0,8.0,2.0,,,1.0,Fresh,₹788 – ₹838,₹739 (−9.1%),8–20% (12m),❌ 1.3:1,52.0,64,True,2026-06-05 12:45:11,0.0,0.0,0,4.0,4.0,5.0,0.0,0.0,2.0,4.0,4.0,2.0,2.0,2.0,1.0,3.0,1.0,0.0,1.0,0.0,0.0,1.0,0.0,0.0,0.0,0.0,0.0,0.0,9.0,4.0,0.0,0.0,False,
INE0PB301013,SCILAL,SHIPPING LAND,Finance,False,,,2,4,10.0,2,13,53,MONITOR,,↓19,False,False,0%,LATE_CYCLE,CAUTION,FINANCIALS,0.0,0.0646,0.0,FIN_INCLUSION,7.0,-5.0,PAPER_PROFIT|EARN_QUALITY,3.0,1.0,3.0,0.0,,,1.0,Fresh,₹43 – ₹45,₹42 (−4.3%),,,52.0,34,True,2026-06-05 12:45:12,0.0,0.0,0,4.0,4.0,0.0,4.0,0.0,0.0,0.0,0.0,0.0,2.0,0.0,0.0,0.0,0.0,0.0,0.0,0.0,1.0,0.0,0.0,0.0,0.0,0.0,0.0,0.0,9.0,4.0,0.0,0.0,False,30.0
INE712K01011,SHREEPUSHK,SH.PUSHKAR CHEM.,Chemicals & Petrochemicals,False,,,15,7,10.0,10,13,53,WATCHLIST_CONFIRMED,,↑3,False,False,1–2% (vol↓),LATE_CYCLE,CAUTION,OTHER,0.0,0.0418,0.0,PLI,12.0,0.0,,3.0,1.0,7.0,2.0,,,1.0,Fresh,₹356 – ₹373,₹340 (−6.8%),8–20% (12m),⚠ 1.8:1,52.0,56,True,2026-06-05 12:45:14,4.0,0.0,0,4.0,4.0,5.0,0.0,0.0,2.0,0.0,4.0,2.0,0.0,0.0,1.0,3.0,0.0,0.0,0.0,0.0,0.0,1.0,0.0,0.0,0.0,0.0,0.0,0.0,9.0,4.0,0.0,0.0,False,
INE782X01033,SERVOTECH,SERVOTECH RENEW,Electrical Equipment,False,,,16,11,10.0,6,4,53,WATCHLIST_CONFIRMED,,↑4,False,False,1–2% (vol↓),TOPPING,CAUTION,OTHER,0.0,0.0314,0.0,"CAPEX_SUPERCYCLE,POWER",12.0,-3.0,PAPER_PROFIT,4.0,1.0,6.0,1.0,,,1.0,Fresh,₹109 – ₹115,₹103 (−7.9%),8–20% (12m),⚠ 1.5:1,52.0,56,True,2026-06-05 12:45:15,8.0,2.0,0,4.0,4.0,5.0,4.0,6.0,0.0,0.0,4.0,0.0,2.0,2.0,0.0,0.0,0.0,1.0,0.0,0.0,0.0,0.0,0.0,0.0,0.0,0.0,0.0,0.0,0.0,4.0,0.0,0.0,True,
INE03YM01018,CHEMCON,CHEMCON SPECIAL.,Chemicals & Petrochemicals,False,,,8,6,13.0,22,13,53,WATCHLIST_CONFIRMED,,↑56,False,False,1–2% (vol↓),LATE_CYCLE,CAUTION,OTHER,0.0,0.028,0.0,PLI,14.0,0.0,,5.0,2.0,4.0,1.0,,,1.0,Fresh,₹180 – ₹189,₹171 (−7.4%),8–20% (12m),⚠ 1.6:1,52.0,56,True,2026-06-05 12:45:17,0.0,0.0,0,4.0,4.0,0.0,0.0,0.0,2.0,4.0,0.0,2.0,0.0,0.0,1.0,3.0,0.0,1.0,0.0,0.0,1.0,1.0,2.0,2.0,0.0,0.0,0.0,0.0,9.0,4.0,0.0,0.0,False,14.0
INE0G5901015,EPACK,EPACK DURABLE,Consumer Durables,False,,,7,15,10.0,2,13,53,WATCHLIST_CONFIRMED,,↑7,False,False,1–2% (vol↓),LATE_CYCLE,CAUTION,CONSUMPTION,0.0,0.1487,0.0944,PREMIUMISATION,12.0,0.0,,1.0,0.0,8.0,2.0,,,1.0,Fresh,₹221 – ₹232,₹210 (−7.1%),8–20% (12m),⚠ 1.7:1,52.0,59,True,2026-06-05 12:45:18,4.0,0.0,0,0.0,0.0,5.0,4.0,6.0,2.0,4.0,4.0,2.0,2.0,0.0,0.0,0.0,0.0,0.0,0.0,0.0,1.0,0.0,0.0,0.0,0.0,0.0,0.0,0.0,9.0,4.0,0.0,0.0,False,15.0
INE1C6T01020,EMMVEE,EMMVEE PHOTOVOL.,Electrical Equipment,False,,,18,6,10.0,24,4,53,WATCHLIST_CONFIRMED,,↑4,False,False,1–2% (vol↓),TOPPING,CAUTION,OTHER,0.0,0.1002,0.1518,"CAPEX_SUPERCYCLE,POWER",15.0,0.0,,5.0,2.0,7.0,2.0,,,1.0,Fresh,₹320 – ₹335,₹305 (−6.9%),8–20% (12m),⚠ 1.7:1,52.0,56,True,2026-06-05 12:45:18,8.0,4.0,0,4.0,4.0,0.0,0.0,0.0,2.0,0.0,4.0,0.0,0.0,2.0,1.0,3.0,1.0,1.0,0.0,1.0,0.0,1.0,0.0,0.0,2.0,0.0,0.0,0.0,0.0,4.0,0.0,0.0,False,
INE086A01029,ELECTCAST,ELECTROST.CAST.,Industrial Products,False,,,13,10,10.0,12,4,53,WATCHLIST_EXTERNAL,▲ Approaching WATCHLIST_CONFIRMED,─,False,False,1–2% (vol↓),TOPPING,CAUTION,OTHER,0.0,0.6518,0.0032,nan,11.0,0.0,,4.0,1.0,7.0,2.0,,,1.0,Fresh,₹74 – ₹77,₹71 (−6.5%),2–8% (12m),❌ 1.1:1,52.0,51,True,2026-06-05 12:45:18,4.0,2.0,0,4.0,0.0,5.0,0.0,6.0,2.0,0.0,4.0,0.0,0.0,0.0,0.0,0.0,0.0,0.0,0.0,0.0,1.0,0.0,0.0,0.0,0.0,3.0,2.0,0.0,0.0,4.0,0.0,0.0,False,17.0
INE205B01031,ELECON,ELECON ENGG.CO,Electrical Equipment,False,,,20,8,10.0,10,4,53,WATCHLIST_CONFIRMED,,↑4,False,False,1–2% (vol↓),TOPPING,CAUTION,OTHER,0.0,0.3068,0.0694,"CAPEX_SUPERCYCLE,POWER",12.0,-2.0,EARN_QUALITY,7.0,2.0,1.0,0.0,,,1.0,Fresh,₹496 – ₹515,₹477 (−5.7%),8–20% (12m),✅ 2.1:1,52.0,56,True,2026-06-05 12:45:18,8.0,4.0,0,4.0,4.0,5.0,4.0,6.0,2.0,0.0,0.0,0.0,0.0,2.0,0.0,0.0,0.0,0.0,0.0,0.0,1.0,0.0,0.0,0.0,2.0,0.0,0.0,0.0,0.0,4.0,0.0,0.0,False,15.0
INE0KCE01017,EUREKAFORB,EUREKA FORBES,Consumer Durables,False,,,12,12,10.0,6,13,53,WATCHLIST_CONFIRMED,,↑7,False,False,1–2% (vol↓),LATE_CYCLE,CAUTION,CONSUMPTION,0.0,0.5378,0.09,PREMIUMISATION,10.0,0.0,,5.0,2.0,8.0,2.0,,,1.0,Fresh,₹435 – ₹451,₹419 (−5.3%),8–20% (12m),✅ 2.2:1,52.0,59,True,2026-06-05 12:45:19,0.0,0.0,0,4.0,4.0,5.0,4.0,6.0,2.0,0.0,4.0,0.0,0.0,0.0,0.0,0.0,0.0,0.0,0.0,0.0,0.0,0.0,0.0,0.0,0.0,3.0,0.0,0.0,9.0,4.0,0.0,0.0,False,
INE124G01033,DELTACORP,DELTA CORP,Leisure Services,False,,,14,5,13.0,6,13,53,WATCHLIST_CONFIRMED,▼ At risk: near WATCHLIST_EXTERNAL boundary,─,False,False,1–2% (vol↓),LATE_CYCLE,CAUTION,OTHER,0.0,0.0994,0.0048,PREMIUMISATION,10.0,-1.0,EARN_REV_DIVERGE,4.0,1.0,2.0,0.0,,,1.0,Fresh,₹67 – ₹72,₹62 (−10.8%),8–20% (12m),❌ 1.1:1,52.0,54,True,2026-06-05 12:45:19,4.0,0.0,0,4.0,4.0,5.0,0.0,6.0,2.0,0.0,0.0,0.0,0.0,0.0,0.0,0.0,0.0,1.0,0.0,0.0,0.0,0.0,2.0,0.0,0.0,0.0,0.0,0.0,9.0,4.0,0.0,0.0,False,
INE950I01011,DBCORP,D B CORP,Media,False,,,19,6,10.0,8,4,53,WATCHLIST_CONFIRMED,▼ At risk: near WATCHLIST_EXTERNAL boundary,─,False,False,2–3%,TOPPING,CAUTION,OTHER,0.0,0.4955,0.075,nan,11.0,-1.0,EARN_REV_DIVERGE,7.0,2.0,3.0,0.0,,,1.0,Fresh,₹203 – ₹207,₹199 (−3.0%),8–20% (12m),✅ 4.1:1,52.0,53,False,2026-06-05 12:45:20,8.0,2.0,0,4.0,4.0,5.0,0.0,6.0,2.0,0.0,0.0,2.0,0.0,0.0,0.0,0.0,0.0,0.0,0.0,0.0,1.0,0.0,0.0,0.0,0.0,3.0,0.0,0.0,0.0,4.0,0.0,0.0,False,25.0
INE503A01015,DCBBANK,DCB BANK,Banks,False,,,0,12,11.0,26,13,53,WATCHLIST_CONFIRMED,▼ At risk: near WATCHLIST_EXTERNAL boundary,─,False,False,2–3%,LATE_CYCLE,CAUTION,FINANCIALS,1.0,0.5407,0.4806,FIN_INCLUSION,13.0,-3.0,PAPER_PROFIT,2.0,0.0,7.0,2.0,,,1.0,Fresh,₹172 – ₹177,₹167 (−4.2%),8–20% (12m),✅ 2.8:1,52.0,52,True,2026-06-05 12:45:20,0.0,0.0,0,0.0,0.0,0.0,4.0,6.0,0.0,0.0,4.0,2.0,0.0,2.0,1.0,3.0,0.0,0.0,0.0,0.0,0.0,1.0,2.0,2.0,2.0,0.0,0.0,0.0,9.0,4.0,0.0,0.0,False,59.0
INE549H01021,ARSSBL,ANAND RATHI SHAR,Capital Markets,False,,,16,11,10.0,14,4,53,WATCHLIST_CONFIRMED,,↑3,False,False,1–2% (vol↓),TOPPING,CAUTION,FINANCIALS,0.0,0.0438,0.0474,FIN_INCLUSION,11.0,0.0,,6.0,2.0,5.0,1.0,,,1.0,Fresh,₹525 – ₹541,₹509 (−4.6%),8–20% (12m),✅ 2.6:1,52.0,58,True,2026-06-05 12:45:21,8.0,4.0,0,0.0,0.0,5.0,4.0,6.0,2.0,0.0,4.0,0.0,0.0,0.0,1.0,3.0,0.0,0.0,0.0,0.0,0.0,0.0,0.0,0.0,0.0,3.0,0.0,0.0,0.0,4.0,0.0,0.0,True,51.0
INE106T01025,HITECH,HI-TECH PIPES,Industrial Products,False,,,8,15,10.0,6,4,53,WATCHLIST_EXTERNAL,▲ Approaching WATCHLIST_CONFIRMED,─,False,False,1–2% (vol↓),TOPPING,CAUTION,OTHER,0.0,0.0522,0.2404,nan,10.0,0.0,,3.0,1.0,8.0,2.0,,,1.0,Fresh,₹86 – ₹90,₹82 (−6.4%),2–8% (12m),❌ 1.1:1,52.0,51,True,2026-06-05 12:45:25,0.0,0.0,0,0.0,4.0,5.0,4.0,6.0,2.0,4.0,4.0,2.0,0.0,0.0,0.0,0.0,0.0,0.0,0.0,0.0,0.0,0.0,0.0,0.0,0.0,3.0,0.0,0.0,0.0,4.0,0.0,0.0,False,
INE531A01024,KANSAINER,KANSAI NEROLAC,Consumer Durables,False,,,19,6,10.0,4,13,53,WATCHLIST_CONFIRMED,,↑7,False,False,2–3%,LATE_CYCLE,CAUTION,CONSUMPTION,0.0,0.1528,0.0724,PREMIUMISATION,11.0,-1.0,EARN_REV_DIVERGE,6.0,2.0,3.0,0.0,,,1.0,Fresh,₹212 – ₹217,₹207 (−3.5%),8–20% (12m),✅ 3.5:1,52.0,59,True,2026-06-05 12:45:26,8.0,2.0,0,4.0,4.0,5.0,0.0,6.0,2.0,0.0,0.0,2.0,0.0,0.0,0.0,0.0,0.0,0.0,0.0,0.0,0.0,0.0,0.0,0.0,2.0,0.0,0.0,0.0,9.0,4.0,0.0,0.0,False,39.0
INE0J5601015,KRISHNADEF,KRISHNA DEFENCE,Aerospace & Defense,False,,,13,6,13.0,20,4,53,WATCHLIST_CONFIRMED,,↑3,False,False,1–2% (vol↓),TOPPING,CAUTION,CAPEX_CYCLE,0.0,0.0648,0.0,"CAPEX_SUPERCYCLE,DEFENCE",13.0,-3.0,PAPER_PROFIT,3.0,1.0,3.0,0.0,,,1.0,Fresh,"₹1,098 – ₹1,171","₹1,026 (−9.6%)",8–20% (12m),❌ 1.3:1,52.0,56,True,2026-06-05 12:45:26,8.0,2.0,0,4.0,0.0,5.0,4.0,6.0,0.0,0.0,0.0,0.0,0.0,2.0,1.0,3.0,1.0,0.0,1.0,0.0,0.0,0.0,2.0,0.0,0.0,0.0,0.0,0.0,0.0,4.0,0.0,0.0,False,
INE220B01022,KPIL,KALPATARU PROJ.,Construction,False,,,8,7,8.0,28,4,53,WATCHLIST_EXTERNAL,,↓7,False,False,1–2% (vol↓),TOPPING,CAUTION,OTHER,1.0,0.4518,0.8082,INFRA,14.0,0.0,,4.0,1.0,8.0,2.0,,,1.0,Fresh,"₹1,268 – ₹1,307","₹1,229 (−4.6%)",2–8% (12m),⚠ 1.5:1,52.0,46,True,2026-06-05 12:45:26,4.0,0.0,0,0.0,0.0,5.0,0.0,0.0,2.0,0.0,4.0,2.0,0.0,2.0,1.0,3.0,1.0,0.0,0.0,0.0,1.0,1.0,0.0,0.0,2.0,3.0,0.0,0.0,0.0,4.0,0.0,0.0,False,4.0
INE0S7E01015,GPECO,GP ECO SOLUTIONS,Electrical Equipment,False,,,18,8,10.0,10,4,53,WATCHLIST_CONFIRMED,,↑3,False,False,1–2% (vol↓),TOPPING,CAUTION,OTHER,0.0,0.0463,0.0,"CAPEX_SUPERCYCLE,POWER",12.0,-2.0,EARN_QUALITY,5.0,2.0,0.0,0.0,,,1.0,Fresh,₹426 – ₹454,₹399 (−9.5%),8–20% (12m),❌ 1.3:1,52.0,56,True,2026-06-05 12:45:28,8.0,2.0,0,4.0,4.0,5.0,4.0,6.0,2.0,0.0,0.0,0.0,0.0,0.0,1.0,3.0,0.0,1.0,0.0,0.0,0.0,0.0,0.0,0.0,0.0,0.0,0.0,0.0,0.0,4.0,0.0,0.0,False,
INE371A01025,GRAPHITE,GRAPHITE INDIA,Industrial Products,False,,,8,7,13.0,28,4,53,WATCHLIST_EXTERNAL,▲ Approaching WATCHLIST_CONFIRMED,↓3,False,False,1–2% (vol↓),TOPPING,CAUTION,OTHER,0.0,0.2836,0.1722,nan,14.0,0.0,,5.0,2.0,8.0,2.0,,,1.0,Fresh,₹718 – ₹742,₹694 (−5.0%),2–8% (12m),❌ 1.4:1,52.0,51,True,2026-06-05 12:45:28,0.0,0.0,0,4.0,4.0,0.0,0.0,0.0,2.0,0.0,4.0,2.0,0.0,2.0,1.0,3.0,0.0,0.0,1.0,0.0,0.0,1.0,2.0,0.0,2.0,0.0,0.0,2.0,0.0,4.0,0.0,0.0,False,
INE845D01014,GANECOS,GANESHA ECOSPHE.,Textiles & Apparels,False,,,11,6,13.0,4,13,53,MONITOR,▲ Approaching WATCHLIST_CONFIRMED,↓3,False,False,0%,LATE_CYCLE,CAUTION,OTHER,0.0,0.3758,0.3828,PLI,8.0,0.0,,3.0,1.0,4.0,1.0,,,1.0,Fresh,₹906 – ₹958,₹855 (−8.3%),,,52.0,51,True,2026-06-05 12:45:29,0.0,0.0,0,4.0,4.0,5.0,0.0,6.0,2.0,0.0,0.0,0.0,0.0,0.0,0.0,0.0,0.0,0.0,0.0,0.0,0.0,0.0,2.0,0.0,0.0,0.0,0.0,0.0,9.0,4.0,0.0,0.0,False,
INE0PA801013,GHCLTEXTIL,GHCL TEXTILES,Textiles & Apparels,False,,,4,2,13.0,32,13,52,WATCHLIST_EXTERNAL,▲ Approaching WATCHLIST_CONFIRMED,─,False,False,1–2% (vol↓),LATE_CYCLE,CAUTION,OTHER,0.0,0.573,0.0846,PLI,14.0,0.0,,3.0,1.0,4.0,1.0,,,1.0,Fresh,₹94 – ₹98,₹90 (−6.7%),2–8% (12m),❌ 1.0:1,49.8,50,True,2026-06-05 12:45:00,0.0,0.0,0,4.0,0.0,0.0,0.0,0.0,2.0,0.0,0.0,0.0,0.0,2.0,1.0,3.0,1.0,1.0,1.0,0.0,1.0,1.0,2.0,0.0,0.0,3.0,0.0,0.0,9.0,4.0,0.0,0.0,False,11.0
INE953O01021,SANSERA,SANSERA ENGINEE.,Auto Components,False,,,10,13,8.0,20,14,52,WATCHLIST_CONFIRMED,▲ Approaching STRONG,↑12,False,False,2–4% (vol↓),BASING,CAUTION,OTHER,1.0,0.7751,0.5246,PLI,17.0,0.0,,2.0,0.0,8.0,2.0,,,1.0,Fresh,"₹2,855 – ₹2,974","₹2,737 (−6.1%)",8–20% (12m),⚠ 2.0:1,49.8,65,True,2026-06-05 12:45:00,0.0,0.0,0,4.0,4.0,5.0,0.0,6.0,2.0,4.0,4.0,2.0,0.0,2.0,1.0,3.0,1.0,0.0,1.0,0.0,1.0,1.0,0.0,0.0,0.0,0.0,0.0,0.0,10.0,4.0,0.0,0.0,False,15.0
INE200A01026,GVT&D,GE VERNOVA T&D,Electrical Equipment,False,,,20,1,11.0,20,4,52,WATCHLIST_CONFIRMED,▼ At risk: near WATCHLIST_EXTERNAL boundary,↑4,False,False,1–2% (vol↓),TOPPING,CAUTION,OTHER,1.0,0.8228,0.3606,"CAPEX_SUPERCYCLE,POWER",14.0,0.0,,8.0,3.0,1.0,0.0,,,1.0,Fresh,"₹4,848 – ₹5,081","₹4,615 (−7.0%)",8–20% (12m),⚠ 1.7:1,49.8,55,True,2026-06-05 12:45:00,8.0,4.0,0,4.0,4.0,5.0,0.0,0.0,2.0,0.0,0.0,0.0,0.0,2.0,1.0,3.0,1.0,0.0,1.0,0.0,1.0,1.0,0.0,0.0,0.0,0.0,0.0,0.0,0.0,4.0,0.0,0.0,False,17.0
INE251B01027,ZENTEC,ZEN TECHNOLOGIES,Aerospace & Defense,False,,,13,11,13.0,10,4,52,WATCHLIST_CONFIRMED,▼ At risk: near WATCHLIST_EXTERNAL boundary,↑4,False,False,1–2% (vol↓),TOPPING,CAUTION,CAPEX_CYCLE,0.0,0.2736,0.1344,"CAPEX_SUPERCYCLE,DEFENCE",11.0,-3.0,PAPER_PROFIT,5.0,2.0,8.0,2.0,,,1.0,Fresh,"₹1,658 – ₹1,718","₹1,599 (−5.3%)",8–20% (12m),✅ 2.3:1,49.8,55,True,2026-06-05 12:45:00,8.0,2.0,0,4.0,4.0,0.0,4.0,6.0,0.0,0.0,4.0,0.0,0.0,2.0,0.0,0.0,0.0,1.0,0.0,0.0,0.0,0.0,2.0,0.0,0.0,0.0,0.0,0.0,0.0,4.0,0.0,0.0,False,34.0
INE149O01018,NIBE,NIBE,Aerospace & Defense,False,,,15,8,13.0,14,4,52,WATCHLIST_CONFIRMED,▼ At risk: near WATCHLIST_EXTERNAL boundary,↑3,False,False,1–2% (vol↓),TOPPING,CAUTION,CAPEX_CYCLE,0.0,0.4144,0.0,"CAPEX_SUPERCYCLE,DEFENCE",12.0,0.0,,3.0,1.0,1.0,0.0,,,1.0,Fresh,"₹1,451 – ₹1,553","₹1,349 (−10.2%)",8–20% (12m),❌ 1.2:1,49.8,55,True,2026-06-05 12:45:01,4.0,0.0,0,4.0,4.0,5.0,4.0,6.0,2.0,0.0,0.0,0.0,0.0,2.0,0.0,0.0,0.0,1.0,0.0,0.0,0.0,0.0,2.0,2.0,0.0,0.0,0.0,0.0,0.0,4.0,0.0,0.0,False,
INE619A01035,PATANJALI,PATANJALI FOODS,Agricultural Food & other Products,False,,,15,11,10.0,0,4,52,WATCHLIST_EXTERNAL,▲ Approaching WATCHLIST_CONFIRMED,↓3,False,False,1–2% (vol↓),CORRECTION,CAUTION,OTHER,0.0,0.3684,0.0448,AGRI,10.0,0.0,,4.0,1.0,5.0,1.0,,,1.0,Fresh,₹435 – ₹448,₹421 (−4.7%),2–8% (12m),⚠ 1.5:1,49.8,49,True,2026-06-05 12:45:04,4.0,0.0,0,4.0,4.0,5.0,0.0,6.0,2.0,4.0,0.0,2.0,2.0,0.0,0.0,0.0,0.0,0.0,0.0,0.0,0.0,0.0,0.0,0.0,0.0,0.0,0.0,0.0,0.0,4.0,0.0,0.0,False,53.0
INE367G01038,PFOCUS,PRIME FOCUS,Entertainment,False,,,0,10,13.0,18,13,52,WATCHLIST_EXTERNAL,,↓4,False,False,1–2% (vol↓),LATE_CYCLE,CAUTION,OTHER,0.0,0.6755,0.0016,nan,11.0,-1.0,DE_ROCE_STRESS,1.0,0.0,8.0,2.0,,,1.0,Fresh,₹217 – ₹232,₹202 (−9.8%),2–8% (12m),❌ 0.7:1,49.8,48,True,2026-06-05 12:45:04,0.0,0.0,0,0.0,0.0,0.0,0.0,0.0,2.0,4.0,4.0,0.0,2.0,0.0,1.0,3.0,0.0,0.0,0.0,0.0,0.0,1.0,2.0,0.0,2.0,0.0,0.0,0.0,9.0,4.0,0.0,0.0,False,67.0
INE136S01016,NEOGEN,NEOGEN CHEMICALS,Chemicals & Petrochemicals,False,,,4,12,10.0,18,13,52,WATCHLIST_CONFIRMED,▼ At risk: near WATCHLIST_EXTERNAL boundary,↑3,False,False,1–2% (vol↓),LATE_CYCLE,CAUTION,OTHER,0.0,0.1924,0.3844,PLI,14.0,0.0,,3.0,1.0,8.0,2.0,,,1.0,Fresh,"₹1,853 – ₹1,950","₹1,755 (−7.7%)",8–20% (12m),⚠ 1.6:1,49.8,55,True,2026-06-05 12:45:06,0.0,0.0,0,0.0,4.0,0.0,4.0,0.0,2.0,4.0,4.0,2.0,0.0,2.0,1.0,3.0,1.0,0.0,0.0,0.0,1.0,1.0,0.0,0.0,0.0,0.0,0.0,0.0,9.0,4.0,0.0,0.0,False,19.0
INE244O01017,UNIPARTS,UNIPARTS INDIA,Auto Components,False,,,12,3,13.0,38,14,52,WATCHLIST_CONFIRMED,▲ Approaching STRONG,↑13,False,False,2–4% (vol↓),BASING,CAUTION,OTHER,0.0,0.1532,0.0289,PLI,18.0,0.0,,5.0,2.0,4.0,1.0,,,1.0,Fresh,₹613 – ₹638,₹588 (−6.1%),8–20% (12m),⚠ 2.0:1,49.8,65,True,2026-06-05 12:45:07,4.0,0.0,0,4.0,4.0,0.0,0.0,0.0,2.0,0.0,0.0,2.0,0.0,2.0,1.0,3.0,1.0,0.0,1.0,0.0,1.0,1.0,2.0,2.0,0.0,3.0,0.0,2.0,10.0,4.0,0.0,0.0,False,10.0
INE467B01029,TCS,TCS,IT - Software,False,,,20,8,10.0,2,14,52,WATCHLIST_CONFIRMED,▲ Approaching STRONG,↑12,False,False,2–4% (vol↓),BASING,CAUTION,OTHER,0.0,0.3912,0.1154,DIGITAL,12.0,0.0,,8.0,3.0,8.0,2.0,,,1.0,Fresh,"₹2,207 – ₹2,276","₹2,138 (−4.6%)",8–20% (12m),✅ 2.6:1,49.8,65,True,2026-06-05 12:45:08,8.0,4.0,0,4.0,4.0,5.0,0.0,0.0,2.0,0.0,4.0,2.0,2.0,0.0,0.0,0.0,0.0,0.0,0.0,0.0,1.0,0.0,0.0,0.0,0.0,0.0,0.0,0.0,10.0,4.0,0.0,0.0,False,1.0
INE976A01021,WSTCSTPAPR,WEST COAST PAPER,"Paper, Forest & Jute Products",False,,,11,7,10.0,28,4,52,WATCHLIST_CONFIRMED,▼ At risk: near WATCHLIST_EXTERNAL boundary,─,False,False,1–2% (vol↓),CORRECTION,CAUTION,OTHER,0.0,0.1434,0.2322,nan,15.0,0.0,,3.0,1.0,8.0,2.0,,,1.0,Fresh,₹511 – ₹530,₹491 (−5.7%),8–20% (12m),✅ 2.1:1,49.8,52,False,2026-06-05 12:45:09,0.0,0.0,0,4.0,4.0,5.0,0.0,0.0,2.0,0.0,4.0,2.0,0.0,2.0,1.0,3.0,1.0,0.0,0.0,0.0,1.0,1.0,0.0,0.0,2.0,3.0,0.0,0.0,0.0,4.0,0.0,0.0,False,8.0
INE423Y01016,SBFC,SBFC FINANCE,Finance,False,,,0,8,10.0,0,13,52,MONITOR,,↓19,False,False,0%,LATE_CYCLE,CAUTION,FINANCIALS,0.0,0.3786,0.311,FIN_INCLUSION,6.0,-6.0,PAPER_PROFIT|DE_ROCE_STRESS|EARN_QUALITY,0.0,0.0,2.0,0.0,,,1.0,Fresh,₹92 – ₹94,₹89 (−3.9%),,,49.8,33,True,2026-06-05 12:45:12,0.0,0.0,0,4.0,0.0,0.0,4.0,6.0,0.0,0.0,0.0,2.0,0.0,0.0,0.0,0.0,0.0,0.0,0.0,0.0,0.0,0.0,0.0,0.0,0.0,0.0,0.0,0.0,9.0,4.0,0.0,0.0,False,41.0
INE874I01013,RAMKY,RAMKY INFRA,Construction,False,,,12,6,13.0,8,4,52,WATCHLIST_EXTERNAL,,↓6,False,False,1–2% (vol↓),TOPPING,CAUTION,OTHER,0.0,0.0816,0.0,INFRA,9.0,0.0,,5.0,2.0,4.0,1.0,,,1.0,Fresh,₹427 – ₹443,₹411 (−5.5%),2–8% (12m),❌ 1.3:1,49.8,45,True,2026-06-05 12:45:13,4.0,0.0,0,4.0,0.0,5.0,0.0,6.0,2.0,0.0,0.0,0.0,0.0,0.0,0.0,0.0,0.0,0.0,0.0,0.0,1.0,1.0,2.0,0.0,0.0,0.0,0.0,0.0,0.0,4.0,0.0,0.0,False,8.0
INE219Y01026,RMDRIP,R M DRIP & SPRIN,Industrial Products,False,,,15,8,13.0,0,4,52,WATCHLIST_EXTERNAL,▲ Approaching WATCHLIST_CONFIRMED,─,False,False,1–2% (vol↓),TOPPING,CAUTION,OTHER,0.0,0.159,0.0,nan,8.0,-3.0,PAPER_PROFIT,6.0,2.0,7.0,2.0,,,1.0,Fresh,₹15 – ₹16,₹14 (−8.6%),2–8% (12m),❌ 0.8:1,49.8,50,True,2026-06-05 12:45:13,8.0,4.0,0,4.0,4.0,0.0,4.0,0.0,0.0,0.0,4.0,0.0,2.0,0.0,0.0,0.0,0.0,0.0,0.0,0.0,0.0,0.0,0.0,0.0,0.0,0.0,0.0,0.0,0.0,4.0,0.0,0.0,False,53.0
INE810G01011,SHYAMMETL,SHYAM METALICS,Industrial Products,False,,,11,7,10.0,24,4,52,WATCHLIST_EXTERNAL,▲ Approaching WATCHLIST_CONFIRMED,─,False,False,2–3%,TOPPING,CAUTION,OTHER,0.0,0.1268,0.0326,nan,15.0,0.0,,3.0,1.0,7.0,2.0,,,1.0,Fresh,₹968 – ₹992,₹945 (−3.6%),2–8% (12m),⚠ 2.0:1,49.8,50,True,2026-06-05 12:45:14,0.0,0.0,0,4.0,4.0,5.0,0.0,0.0,2.0,0.0,4.0,2.0,0.0,2.0,1.0,3.0,1.0,1.0,0.0,0.0,1.0,1.0,0.0,0.0,2.0,0.0,0.0,0.0,0.0,4.0,0.0,0.0,False,24.0
INE894V01022,BELRISE,BELRISE INDUSTRI,Auto Components,False,,,13,10,10.0,22,14,52,WATCHLIST_CONFIRMED,▲ Approaching STRONG,↑13,False,False,4–6%,BASING,CAUTION,OTHER,0.0,0.3598,0.1772,PLI,18.0,0.0,,4.0,1.0,8.0,2.0,,,1.0,Fresh,₹216 – ₹223,₹210 (−4.5%),8–20% (12m),✅ 2.7:1,49.8,65,True,2026-06-05 12:45:16,4.0,2.0,0,0.0,4.0,5.0,4.0,0.0,2.0,0.0,4.0,2.0,0.0,2.0,1.0,3.0,1.0,0.0,1.0,1.0,1.0,1.0,0.0,0.0,0.0,0.0,0.0,0.0,10.0,4.0,0.0,0.0,False,11.0
INE536H01010,CIEINDIA,CIE AUTOMOTIVE,Auto Components,False,,,16,7,13.0,18,14,52,WATCHLIST_CONFIRMED,▲ Approaching STRONG,↑13,False,False,4–6%,BASING,CAUTION,OTHER,0.0,0.2018,0.4066,PLI,14.0,0.0,,6.0,2.0,7.0,2.0,,,1.0,Fresh,₹446 – ₹458,₹433 (−4.2%),8–20% (12m),✅ 2.9:1,49.8,65,True,2026-06-05 12:45:17,4.0,0.0,0,4.0,4.0,5.0,0.0,0.0,2.0,0.0,4.0,2.0,0.0,2.0,0.0,0.0,0.0,0.0,1.0,0.0,0.0,0.0,2.0,2.0,0.0,0.0,0.0,2.0,10.0,4.0,0.0,0.0,False,41.0
INE393P01035,DIAMONDYD,PRATAAP SNACKS,Food Products,False,,,7,11,10.0,16,4,52,WATCHLIST_EXTERNAL,,↓5,False,False,1–2% (vol↓),CORRECTION,CAUTION,OTHER,0.0,0.2006,0.0,"AGRI,PLI",13.0,0.0,,3.0,1.0,8.0,2.0,,,1.0,Fresh,"₹1,162 – ₹1,212","₹1,111 (−6.3%)",2–8% (12m),❌ 1.1:1,49.8,47,True,2026-06-05 12:45:19,0.0,0.0,0,4.0,4.0,0.0,0.0,0.0,2.0,4.0,4.0,2.0,2.0,2.0,0.0,0.0,1.0,1.0,1.0,0.0,0.0,0.0,0.0,0.0,0.0,3.0,0.0,0.0,0.0,4.0,0.0,0.0,False,
INE509F01029,CUPID,CUPID,Personal Products,False,,,6,7,10.0,24,14,52,WATCHLIST_CONFIRMED,▼ At risk: near WATCHLIST_EXTERNAL boundary,↑3,False,False,1–2% (vol↓),BASING,CAUTION,OTHER,0.0,0.0601,0.003,PREMIUMISATION,15.0,-5.0,PAPER_PROFIT|EARN_QUALITY,4.0,1.0,4.0,1.0,,,1.0,Fresh,₹128 – ₹132,₹124 (−4.7%),8–20% (12m),✅ 2.6:1,49.8,55,True,2026-06-05 12:45:20,4.0,0.0,0,4.0,4.0,0.0,0.0,6.0,0.0,0.0,0.0,2.0,2.0,2.0,1.0,3.0,1.0,0.0,1.0,0.0,0.0,1.0,0.0,0.0,0.0,3.0,0.0,0.0,10.0,4.0,0.0,0.0,False,
INE499A01024,DCMSHRIRAM,DCM SHRIRAM,Diversified,False,,,11,8,10.0,6,13,52,WATCHLIST_CONFIRMED,▼ At risk: near WATCHLIST_EXTERNAL boundary,─,False,False,2–3%,LATE_CYCLE,CAUTION,OTHER,0.0,0.1642,0.0224,nan,11.0,0.0,,4.0,1.0,9.0,2.0,,,1.0,Fresh,"₹1,017 – ₹1,045",₹989 (−4.1%),8–20% (12m),✅ 3.0:1,49.8,52,False,2026-06-05 12:45:20,0.0,0.0,0,4.0,4.0,5.0,0.0,0.0,2.0,0.0,4.0,2.0,2.0,0.0,0.0,0.0,0.0,0.0,0.0,0.0,1.0,0.0,0.0,0.0,2.0,0.0,0.0,0.0,9.0,4.0,0.0,0.0,False,30.0
INE505A01010,DMCC,DMCC SPECIALITY,Chemicals & Petrochemicals,False,,,16,5,13.0,4,13,52,WATCHLIST_CONFIRMED,▼ At risk: near WATCHLIST_EXTERNAL boundary,↑3,False,False,1–2% (vol↓),LATE_CYCLE,CAUTION,OTHER,0.0,0.0542,0.0002,PLI,10.0,0.0,,6.0,2.0,3.0,0.0,,,1.0,Fresh,₹256 – ₹269,₹244 (−7.3%),8–20% (12m),⚠ 1.6:1,49.8,55,True,2026-06-05 12:45:20,4.0,0.0,0,4.0,4.0,5.0,0.0,0.0,2.0,4.0,0.0,2.0,0.0,0.0,0.0,0.0,0.0,0.0,0.0,0.0,0.0,0.0,2.0,0.0,0.0,0.0,0.0,0.0,9.0,4.0,0.0,0.0,False,
INE271C01023,DLF,DLF,Realty,False,,,12,11,10.0,4,4,52,WATCHLIST_EXTERNAL,,↓7,False,False,2–3%,CORRECTION,CAUTION,OTHER,0.0,0.5454,0.103,INFRA,9.0,0.0,,5.0,2.0,7.0,2.0,,,1.0,Fresh,₹575 – ₹588,₹561 (−3.5%),2–8% (12m),⚠ 2.0:1,49.8,47,True,2026-06-05 12:45:20,0.0,0.0,0,4.0,4.0,5.0,0.0,6.0,2.0,0.0,4.0,0.0,2.0,0.0,0.0,0.0,0.0,0.0,0.0,0.0,0.0,0.0,0.0,0.0,2.0,0.0,0.0,0.0,0.0,4.0,0.0,0.0,False,
INE442H01029,ASHOKA,ASHOKA BUILDCON,Construction,False,,,16,6,10.0,2,4,52,WATCHLIST_EXTERNAL,,↓7,False,False,2–3%,TOPPING,CAUTION,OTHER,0.0,0.2584,0.2874,INFRA,8.0,0.0,,6.0,2.0,2.0,0.0,,,1.0,Fresh,₹122 – ₹126,₹119 (−4.0%),2–8% (12m),⚠ 1.8:1,49.8,45,True,2026-06-05 12:45:21,8.0,4.0,0,0.0,0.0,5.0,0.0,6.0,2.0,0.0,0.0,0.0,2.0,0.0,0.0,0.0,0.0,0.0,0.0,0.0,1.0,0.0,0.0,0.0,0.0,0.0,0.0,0.0,0.0,4.0,0.0,0.0,False,14.0
INE943P01029,AGARWALEYE,DR AGARWAL'S HEA,Healthcare Services,False,,,8,15,8.0,10,13,52,WATCHLIST_CONFIRMED,,↑8,False,False,2–4% (vol↓),LATE_CYCLE,CAUTION,OTHER,1.0,1.4493,0.117,HEALTHCARE,14.0,0.0,,3.0,1.0,8.0,2.0,,,1.0,Fresh,₹456 – ₹472,₹441 (−5.0%),8–20% (12m),✅ 2.4:1,49.8,62,True,2026-06-05 12:45:22,0.0,0.0,0,0.0,4.0,5.0,4.0,6.0,2.0,4.0,4.0,2.0,2.0,0.0,1.0,3.0,0.0,0.0,0.0,0.0,1.0,0.0,0.0,0.0,0.0,0.0,0.0,0.0,9.0,4.0,0.0,0.0,False,4.0
INE676A01027,BBOX,BLACK BOX,IT - Services,False,,,7,10,10.0,28,14,52,WATCHLIST_CONFIRMED,,↑9,False,False,2–4% (vol↓),BASING,CAUTION,OTHER,0.0,0.1348,0.059,DIGITAL,17.0,-4.0,PAPER_PROFIT|EARN_REV_DIVERGE,3.0,1.0,9.0,2.0,,,1.0,Fresh,"₹1,035 – ₹1,078",₹991 (−6.2%),8–20% (12m),⚠ 1.9:1,49.8,61,True,2026-06-05 12:45:24,4.0,4.0,0,0.0,4.0,0.0,0.0,6.0,0.0,0.0,4.0,2.0,0.0,2.0,1.0,3.0,1.0,0.0,1.0,1.0,0.0,1.0,0.0,0.0,2.0,0.0,0.0,2.0,10.0,4.0,0.0,0.0,False,46.0
INE914M01019,ASTERDM,ASTER DM HEALTH.,Healthcare Services,False,,,14,11,8.0,16,13,52,WATCHLIST_CONFIRMED,,↑10,False,False,4–6%,LATE_CYCLE,CAUTION,OTHER,1.0,0.7218,0.529,HEALTHCARE,15.0,-1.0,EARN_REV_DIVERGE,4.0,1.0,8.0,2.0,,,1.0,Fresh,₹721 – ₹740,₹701 (−4.0%),8–20% (12m),✅ 3.0:1,49.8,62,True,2026-06-05 12:45:24,0.0,4.0,0,4.0,4.0,5.0,0.0,6.0,2.0,0.0,4.0,2.0,0.0,2.0,1.0,3.0,1.0,0.0,1.0,0.0,0.0,0.0,0.0,0.0,0.0,0.0,0.0,0.0,9.0,4.0,0.0,0.0,False,34.0
INE0R9401019,AVPINFRA,AVP INFRACON,Construction,False,,,11,10,10.0,0,4,52,WATCHLIST_EXTERNAL,,↓7,False,False,1–2% (vol↓),TOPPING,CAUTION,OTHER,0.0,0.0306,0.0,INFRA,7.0,-3.0,PAPER_PROFIT,4.0,1.0,5.0,1.0,,,1.0,Fresh,₹70 – ₹74,₹67 (−7.6%),2–8% (12m),❌ 0.9:1,49.8,45,True,2026-06-05 12:45:24,8.0,4.0,0,4.0,0.0,0.0,4.0,6.0,0.0,0.0,4.0,0.0,0.0,0.0,0.0,0.0,0.0,0.0,0.0,0.0,0.0,0.0,0.0,0.0,0.0,0.0,0.0,0.0,0.0,4.0,0.0,0.0,False,
INE548A01028,HFCL,HFCL,Telecom - Services,False,,,4,12,10.0,18,14,52,WATCHLIST_CONFIRMED,▼ At risk: near WATCHLIST_EXTERNAL boundary,─,False,False,1–2% (vol↓),BASING,CAUTION,OTHER,0.0,0.3006,0.1384,DIGITAL,14.0,0.0,,3.0,1.0,10.0,3.0,,,1.0,Fresh,₹194 – ₹205,₹183 (−8.4%),8–20% (12m),❌ 1.4:1,49.8,55,True,2026-06-05 12:45:25,0.0,0.0,0,0.0,4.0,0.0,0.0,0.0,2.0,4.0,4.0,2.0,2.0,2.0,1.0,3.0,0.0,0.0,1.0,0.0,1.0,1.0,0.0,0.0,0.0,0.0,0.0,0.0,10.0,4.0,0.0,0.0,False,9.0
INE209L01016,JWL,JUPITER WAGONS,Industrial Manufacturing,False,,,17,10,10.0,0,4,52,WATCHLIST_EXTERNAL,▲ Approaching WATCHLIST_CONFIRMED,─,False,False,1–2% (vol↓),TOPPING,CAUTION,OTHER,0.0,0.3708,0.0152,PLI,10.0,-2.0,EARN_QUALITY,4.0,1.0,4.0,1.0,,,1.0,Fresh,₹275 – ₹286,₹264 (−6.0%),2–8% (12m),❌ 1.2:1,49.8,51,True,2026-06-05 12:45:26,8.0,2.0,0,4.0,4.0,5.0,4.0,6.0,2.0,0.0,0.0,0.0,2.0,0.0,0.0,0.0,0.0,0.0,0.0,0.0,0.0,0.0,0.0,0.0,0.0,0.0,0.0,0.0,0.0,4.0,0.0,0.0,False,
INE391J01032,JTLIND,JTL INDUSTRIES,Industrial Products,False,,,8,11,13.0,10,4,52,WATCHLIST_EXTERNAL,▲ Approaching WATCHLIST_CONFIRMED,─,False,False,1–2% (vol↓),TOPPING,CAUTION,OTHER,0.0,0.171,0.0,nan,11.0,-3.0,PAPER_PROFIT,3.0,1.0,7.0,2.0,,,1.0,Fresh,₹65 – ₹67,₹62 (−5.8%),2–8% (12m),❌ 1.2:1,49.8,50,True,2026-06-05 12:45:26,0.0,0.0,0,4.0,4.0,5.0,0.0,6.0,0.0,0.0,4.0,2.0,2.0,0.0,0.0,0.0,0.0,0.0,0.0,0.0,1.0,0.0,2.0,2.0,0.0,0.0,0.0,0.0,0.0,4.0,0.0,0.0,False,24.0
INE351F01018,JPPOWER,JP POWER VEN.,Power,False,,,7,5,13.0,28,4,52,WATCHLIST_EXTERNAL,,↓4,False,False,1–2% (vol↓),TOPPING,CAUTION,OTHER,0.0,0.285,0.0082,"CAPEX_SUPERCYCLE,POWER",13.0,-1.0,EARN_REV_DIVERGE,3.0,1.0,2.0,0.0,,,1.0,Fresh,₹19 – ₹20,₹17 (−9.8%),2–8% (12m),❌ 0.7:1,49.8,48,True,2026-06-05 12:45:26,0.0,0.0,0,4.0,0.0,5.0,0.0,6.0,2.0,0.0,0.0,0.0,0.0,2.0,1.0,3.0,0.0,0.0,0.0,1.0,0.0,1.0,2.0,2.0,2.0,0.0,0.0,0.0,0.0,4.0,0.0,0.0,False,
INE915B01019,INDSWFTLAB,IND-SWIFT LABS.,Pharmaceuticals & Biotechnology,False,,,15,6,10.0,26,13,51,WATCHLIST_CONFIRMED,,↑12,False,False,2–4% (vol↓),LATE_CYCLE,CAUTION,OTHER,0.0,0.5984,0.0,"HEALTHCARE,PLI",16.0,-3.0,PAPER_PROFIT,5.0,2.0,7.0,2.0,,,1.0,Fresh,₹153 – ₹161,₹145 (−7.7%),8–20% (12m),⚠ 1.6:1,47.7,63,True,2026-06-05 12:44:59,8.0,4.0,0,4.0,4.0,0.0,0.0,0.0,0.0,0.0,4.0,2.0,0.0,2.0,1.0,3.0,1.0,1.0,1.0,0.0,0.0,1.0,0.0,0.0,0.0,3.0,0.0,0.0,9.0,4.0,0.0,0.0,False,
INE428Q01011,SURYODAY,SURYODAY SMALL,Banks,False,,,2,4,13.0,38,13,51,WATCHLIST_EXTERNAL,▲ Approaching WATCHLIST_CONFIRMED,─,False,False,1–2% (vol↓),LATE_CYCLE,CAUTION,FINANCIALS,0.0,0.5764,0.0312,FIN_INCLUSION,14.0,-2.0,EARN_QUALITY,5.0,2.0,1.0,0.0,,,1.0,Fresh,₹167 – ₹173,₹161 (−5.4%),2–8% (12m),❌ 1.3:1,47.7,51,True,2026-06-05 12:45:00,0.0,0.0,0,0.0,0.0,0.0,4.0,0.0,2.0,0.0,0.0,0.0,0.0,2.0,1.0,3.0,1.0,0.0,1.0,0.0,0.0,0.0,2.0,2.0,2.0,3.0,0.0,2.0,9.0,4.0,0.0,0.0,False,
INE0BYP01024,OSWALPUMPS,OSWAL PUMPS,Industrial Products,False,,,18,7,10.0,6,4,51,WATCHLIST_EXTERNAL,▲ Approaching WATCHLIST_CONFIRMED,─,False,False,1–2% (vol↓),TOPPING,CAUTION,OTHER,0.0,0.0432,0.0898,nan,9.0,0.0,,6.0,2.0,7.0,2.0,,,1.0,Fresh,₹372 – ₹386,₹358 (−5.5%),2–8% (12m),❌ 1.3:1,47.7,49,True,2026-06-05 12:45:01,8.0,4.0,0,4.0,4.0,0.0,0.0,0.0,2.0,0.0,4.0,2.0,0.0,0.0,0.0,0.0,0.0,0.0,0.0,0.0,0.0,0.0,0.0,0.0,0.0,3.0,0.0,0.0,0.0,4.0,0.0,0.0,False,
INE0OUT01019,ORIANA,ORIANA POWER LTD,Electrical Equipment,False,,,20,8,10.0,0,4,51,WATCHLIST_CONFIRMED,▼ At risk: near WATCHLIST_EXTERNAL boundary,↑4,False,False,1–2% (vol↓),TOPPING,CAUTION,OTHER,0.0,0.0816,0.0,"CAPEX_SUPERCYCLE,POWER",9.0,0.0,,7.0,2.0,2.0,0.0,,,1.0,Fresh,"₹1,638 – ₹1,724","₹1,552 (−7.7%)",8–20% (12m),⚠ 1.6:1,47.7,54,True,2026-06-05 12:45:01,8.0,4.0,0,4.0,4.0,5.0,4.0,6.0,2.0,0.0,0.0,0.0,0.0,0.0,0.0,0.0,0.0,0.0,0.0,0.0,0.0,0.0,0.0,0.0,0.0,0.0,0.0,0.0,0.0,4.0,0.0,0.0,False,
INE932A01024,PENIND,PENNAR INDUSTRIE,Industrial Manufacturing,False,,,12,11,10.0,8,4,51,WATCHLIST_EXTERNAL,▲ Approaching WATCHLIST_CONFIRMED,─,False,False,1–2% (vol↓),TOPPING,CAUTION,OTHER,0.0,0.2066,0.09,PLI,10.0,0.0,,5.0,2.0,8.0,2.0,,,1.0,Fresh,₹155 – ₹163,₹148 (−7.1%),2–8% (12m),❌ 1.0:1,47.7,50,True,2026-06-05 12:45:03,8.0,0.0,0,0.0,0.0,5.0,0.0,6.0,2.0,0.0,4.0,2.0,0.0,0.0,0.0,0.0,0.0,1.0,0.0,0.0,1.0,0.0,0.0,0.0,2.0,0.0,0.0,0.0,0.0,4.0,0.0,0.0,False,9.0
INE949H01023,MANINFRA,MAN INFRA,Construction,False,,,20,1,10.0,6,4,51,MONITOR,,↓7,False,False,0%,TOPPING,CAUTION,OTHER,0.0,0.1658,0.0386,INFRA,8.0,0.0,,7.0,2.0,3.0,0.0,,,1.0,Fresh,₹113 – ₹117,₹108 (−6.3%),,,47.7,44,True,2026-06-05 12:45:04,8.0,2.0,0,4.0,4.0,5.0,0.0,0.0,2.0,0.0,0.0,0.0,0.0,0.0,0.0,0.0,0.0,0.0,0.0,0.0,0.0,0.0,0.0,0.0,0.0,3.0,0.0,0.0,0.0,4.0,0.0,0.0,False,58.0
INE387A01021,SUNDRMFAST,SUNDRAM FASTEN.,Auto Components,False,,,20,7,13.0,4,14,51,WATCHLIST_CONFIRMED,,↑13,False,False,4–6%,BASING,CAUTION,OTHER,0.0,0.4714,0.406,PLI,11.0,0.0,,5.0,2.0,7.0,2.0,,,1.0,Fresh,₹823 – ₹845,₹800 (−4.1%),8–20% (12m),✅ 2.9:1,47.7,64,True,2026-06-05 12:45:09,8.0,2.0,0,4.0,4.0,5.0,0.0,0.0,2.0,0.0,4.0,2.0,0.0,0.0,0.0,0.0,0.0,0.0,0.0,0.0,0.0,0.0,2.0,0.0,0.0,0.0,0.0,0.0,10.0,4.0,0.0,0.0,False,34.0
INE195A01028,SUPREMEIND,SUPREME INDS.,Industrial Products,False,,,20,6,10.0,4,4,51,WATCHLIST_EXTERNAL,▲ Approaching WATCHLIST_CONFIRMED,─,False,False,2–3%,TOPPING,CAUTION,OTHER,0.0,0.6978,0.216,nan,9.0,0.0,,6.0,2.0,7.0,2.0,,,1.0,Fresh,"₹3,528 – ₹3,618","₹3,439 (−3.8%)",2–8% (12m),⚠ 1.9:1,47.7,49,True,2026-06-05 12:45:09,8.0,2.0,0,4.0,4.0,5.0,0.0,0.0,2.0,0.0,4.0,0.0,0.0,0.0,0.0,0.0,0.0,0.0,0.0,0.0,0.0,0.0,0.0,0.0,2.0,0.0,0.0,0.0,0.0,4.0,0.0,0.0,False,50.0
INE0LS001014,USHAFIN,USHA FINANCIAL,Finance,False,,,1,3,10.0,6,13,51,MONITOR,,↓19,False,False,0%,LATE_CYCLE,CAUTION,FINANCIALS,0.0,0.1134,0.0,FIN_INCLUSION,4.0,0.0,,4.0,1.0,6.0,1.0,,,1.0,Fresh,,,,,47.7,32,True,2026-06-05 12:45:10,0.0,0.0,0,0.0,0.0,0.0,0.0,0.0,0.0,0.0,4.0,0.0,0.0,0.0,0.0,0.0,0.0,0.0,0.0,0.0,0.0,0.0,0.0,0.0,0.0,3.0,0.0,0.0,9.0,4.0,0.0,0.0,False,
INE474C01023,REMSONSIND,REMSONS IND,Auto Components,False,,,15,11,10.0,4,14,51,WATCHLIST_CONFIRMED,,↑13,False,False,2–4% (vol↓),BASING,CAUTION,OTHER,0.0,0.1314,0.0,PLI,14.0,-1.0,EARN_REV_DIVERGE,3.0,1.0,5.0,1.0,,,1.0,Fresh,₹83 – ₹89,₹78 (−10.0%),8–20% (12m),❌ 1.2:1,47.7,64,True,2026-06-05 12:45:12,4.0,2.0,0,4.0,4.0,5.0,0.0,6.0,2.0,4.0,0.0,2.0,2.0,0.0,0.0,0.0,0.0,1.0,0.0,0.0,1.0,0.0,0.0,0.0,0.0,0.0,0.0,0.0,10.0,4.0,0.0,0.0,True,9.0
INE411H01032,RSYSTEMS,R SYSTEMS INTL.,IT - Services,False,,,17,7,13.0,4,14,51,WATCHLIST_CONFIRMED,,↑9,False,False,2–4% (vol↓),BASING,CAUTION,OTHER,0.0,0.5813,0.077,DIGITAL,11.0,0.0,,6.0,2.0,7.0,2.0,,,1.0,Fresh,₹255 – ₹264,₹246 (−5.1%),8–20% (12m),✅ 2.4:1,47.7,60,True,2026-06-05 12:45:13,4.0,2.0,0,4.0,4.0,5.0,0.0,0.0,2.0,0.0,4.0,2.0,0.0,0.0,0.0,0.0,0.0,0.0,0.0,0.0,0.0,0.0,2.0,0.0,0.0,0.0,0.0,0.0,10.0,4.0,0.0,0.0,False,
INE932X01026,SHAREINDIA,SHARE INDIA SEC.,Capital Markets,False,,,13,10,13.0,14,4,51,WATCHLIST_CONFIRMED,,↑5,False,False,1–2% (vol↓),TOPPING,CAUTION,FINANCIALS,0.0,0.0695,0.002,FIN_INCLUSION,13.0,-3.0,PAPER_PROFIT,4.0,1.0,5.0,1.0,,,1.0,Fresh,₹134 – ₹139,₹129 (−5.5%),8–20% (12m),✅ 2.2:1,47.7,57,True,2026-06-05 12:45:14,4.0,2.0,0,4.0,4.0,5.0,4.0,6.0,2.0,0.0,0.0,2.0,0.0,0.0,0.0,0.0,0.0,0.0,0.0,0.0,0.0,0.0,2.0,2.0,0.0,3.0,0.0,0.0,0.0,4.0,0.0,0.0,False,
INE355A01028,SOMANYCERA,SOMANY CERAMICS,Consumer Durables,False,,,8,7,13.0,24,13,51,WATCHLIST_CONFIRMED,,↑7,False,False,1–2% (vol↓),LATE_CYCLE,CAUTION,CONSUMPTION,0.0,0.0681,0.4091,PREMIUMISATION,13.0,0.0,,3.0,1.0,8.0,2.0,,,1.0,Fresh,₹502 – ₹534,₹469 (−9.4%),8–20% (12m),❌ 1.3:1,47.7,58,True,2026-06-05 12:45:15,4.0,0.0,0,0.0,0.0,5.0,0.0,0.0,2.0,0.0,4.0,0.0,2.0,2.0,1.0,3.0,0.0,0.0,0.0,0.0,0.0,1.0,2.0,0.0,0.0,3.0,0.0,0.0,9.0,4.0,0.0,0.0,False,32.0
INE335K01011,COFFEEDAY,COFFEE DAY ENTER,Leisure Services,False,,,1,10,13.0,24,13,51,WATCHLIST_CONFIRMED,▼ At risk: near WATCHLIST_EXTERNAL boundary,─,False,False,1–2% (vol↓),LATE_CYCLE,CAUTION,OTHER,0.0,0.1908,0.0,PREMIUMISATION,13.0,0.0,,3.0,1.0,7.0,2.0,,,1.0,Fresh,₹38 – ₹41,₹36 (−9.5%),8–20% (12m),❌ 1.3:1,47.7,53,True,2026-06-05 12:45:16,0.0,0.0,0,0.0,0.0,0.0,4.0,0.0,2.0,0.0,4.0,0.0,2.0,2.0,1.0,3.0,0.0,1.0,0.0,0.0,0.0,1.0,2.0,2.0,0.0,0.0,0.0,0.0,9.0,4.0,0.0,0.0,False,59.0
INE0UIZ01018,BLACKBUCK,BLACKBUCK,Transport Services,False,,,4,6,9.0,18,4,51,MONITOR,▲ Approaching WATCHLIST_EXTERNAL,↓14,False,False,0%,TOPPING,CAUTION,OTHER,1.0,1.6538,0.17,INFRA,11.0,-3.0,PAPER_PROFIT,3.0,1.0,4.0,1.0,,,1.0,Fresh,₹500 – ₹520,₹480 (−5.8%),,,47.7,37,True,2026-06-05 12:45:16,0.0,0.0,0,4.0,4.0,0.0,4.0,0.0,2.0,0.0,0.0,2.0,0.0,0.0,1.0,3.0,0.0,0.0,0.0,0.0,0.0,1.0,2.0,2.0,0.0,0.0,0.0,0.0,0.0,4.0,0.0,0.0,False,
INE476A01022,CANBK,CANARA BANK,Banks,False,,,4,12,10.0,10,13,51,WATCHLIST_EXTERNAL,▲ Approaching WATCHLIST_CONFIRMED,─,False,False,2–3%,LATE_CYCLE,CAUTION,FINANCIALS,0.0,0.5752,0.1002,FIN_INCLUSION,11.0,0.0,,4.0,1.0,7.0,2.0,,,1.0,Fresh,₹130 – ₹133,₹127 (−3.7%),2–8% (12m),⚠ 1.9:1,47.7,51,True,2026-06-05 12:45:17,0.0,4.0,0,0.0,0.0,0.0,0.0,6.0,2.0,0.0,4.0,2.0,2.0,0.0,1.0,3.0,0.0,0.0,0.0,0.0,1.0,0.0,0.0,0.0,0.0,0.0,0.0,0.0,9.0,4.0,0.0,0.0,False,24.0
INE055S01018,CYIENTDLM,CYIENT DLM,Industrial Manufacturing,False,,,8,11,13.0,10,4,51,WATCHLIST_EXTERNAL,▲ Approaching WATCHLIST_CONFIRMED,─,False,False,1–2% (vol↓),TOPPING,CAUTION,OTHER,0.0,0.05,0.5209,PLI,10.0,-3.0,PAPER_PROFIT,3.0,1.0,8.0,2.0,,,1.0,Fresh,₹441 – ₹457,₹426 (−5.3%),2–8% (12m),❌ 1.3:1,47.7,50,True,2026-06-05 12:45:19,0.0,0.0,0,4.0,4.0,5.0,4.0,6.0,0.0,0.0,4.0,0.0,0.0,2.0,0.0,0.0,1.0,0.0,0.0,0.0,0.0,0.0,2.0,0.0,0.0,0.0,0.0,0.0,0.0,4.0,0.0,0.0,False,44.0
INE298G01035,AJMERA,AJMERA REALTY,Realty,False,,,11,8,13.0,4,4,51,WATCHLIST_EXTERNAL,,↓6,False,False,1–2% (vol↓),CORRECTION,CAUTION,OTHER,0.0,0.066,0.0,INFRA,9.0,0.0,,4.0,1.0,2.0,0.0,,,1.0,Fresh,₹108 – ₹116,₹101 (−10.2%),2–8% (12m),❌ 0.7:1,47.7,46,True,2026-06-05 12:45:23,4.0,0.0,0,0.0,4.0,5.0,4.0,6.0,2.0,0.0,0.0,0.0,0.0,0.0,0.0,0.0,0.0,1.0,0.0,0.0,1.0,0.0,0.0,0.0,0.0,0.0,0.0,0.0,0.0,4.0,0.0,0.0,False,11.0
INE092T01019,IDFCFIRSTB,IDFC FIRST BANK,Banks,False,,,2,15,8.0,4,13,51,WATCHLIST_EXTERNAL,▲ Approaching WATCHLIST_CONFIRMED,─,False,False,2–3%,LATE_CYCLE,CAUTION,FINANCIALS,1.0,1.1901,0.221,FIN_INCLUSION,10.0,0.0,,5.0,2.0,7.0,2.0,,,1.0,Fresh,₹71 – ₹73,₹70 (−3.1%),2–8% (12m),✅ 2.3:1,47.7,51,True,2026-06-05 12:45:25,0.0,0.0,0,0.0,0.0,0.0,4.0,6.0,2.0,4.0,4.0,2.0,2.0,0.0,0.0,0.0,0.0,0.0,0.0,0.0,0.0,0.0,0.0,0.0,2.0,0.0,0.0,0.0,9.0,4.0,0.0,0.0,False,41.0
INE346A01027,ICICIAMC,ICICI AMC,Capital Markets,False,,,19,5,10.0,26,4,51,WATCHLIST_CONFIRMED,,↑5,False,False,1–2% (vol↓),TOPPING,CAUTION,FINANCIALS,0.0,0.1118,0.1026,FIN_INCLUSION,15.0,0.0,,8.0,3.0,6.0,1.0,,,1.0,Fresh,"₹3,283 – ₹3,403","₹3,164 (−5.4%)",8–20% (12m),✅ 2.2:1,47.7,57,True,2026-06-05 12:45:25,8.0,4.0,0,4.0,4.0,0.0,0.0,0.0,2.0,0.0,4.0,0.0,0.0,2.0,1.0,3.0,1.0,0.0,0.0,0.0,1.0,1.0,0.0,0.0,2.0,0.0,2.0,0.0,0.0,4.0,0.0,0.0,False,14.0
INE275B01026,HUHTAMAKI,HUHTAMAKI INDIA,Industrial Products,False,,,15,5,13.0,12,4,51,WATCHLIST_EXTERNAL,▲ Approaching WATCHLIST_CONFIRMED,─,False,False,1–2% (vol↓),TOPPING,CAUTION,OTHER,0.0,0.077,0.0142,nan,10.0,-1.0,EARN_REV_DIVERGE,5.0,2.0,3.0,0.0,,,1.0,Fresh,₹163 – ₹168,₹157 (−5.1%),2–8% (12m),❌ 1.4:1,47.7,49,True,2026-06-05 12:45:25,4.0,0.0,0,4.0,4.0,5.0,0.0,6.0,2.0,0.0,0.0,0.0,0.0,0.0,0.0,0.0,0.0,0.0,0.0,0.0,0.0,0.0,2.0,2.0,2.0,0.0,0.0,0.0,0.0,4.0,0.0,0.0,False,55.0
INE094A01015,HINDPETRO,H P C L,Petroleum Products,False,,,9,10,11.0,8,13,51,WATCHLIST_CONFIRMED,▼ At risk: near WATCHLIST_EXTERNAL boundary,↑6,False,False,2–3%,LATE_CYCLE,CAUTION,OTHER,1.0,0.6972,0.3042,nan,11.0,0.0,,3.0,1.0,7.0,2.0,,,1.0,Fresh,₹379 – ₹389,₹368 (−4.1%),8–20% (12m),✅ 2.9:1,47.7,53,True,2026-06-05 12:45:25,4.0,2.0,0,4.0,0.0,0.0,0.0,0.0,2.0,4.0,4.0,2.0,0.0,0.0,0.0,0.0,0.0,0.0,0.0,0.0,0.0,0.0,2.0,2.0,0.0,0.0,0.0,0.0,9.0,4.0,0.0,0.0,False,45.0
INE001B01026,KRBL,KRBL,Agricultural Food & other Products,False,,,16,5,13.0,10,4,51,WATCHLIST_EXTERNAL,,─,False,False,1–2% (vol↓),CORRECTION,CAUTION,OTHER,0.0,0.3434,0.0034,AGRI,10.0,0.0,,5.0,2.0,6.0,1.0,,,1.0,Fresh,₹345 – ₹356,₹333 (−4.8%),2–8% (12m),❌ 1.4:1,47.7,48,True,2026-06-05 12:45:26,4.0,0.0,0,4.0,4.0,5.0,0.0,0.0,2.0,0.0,4.0,0.0,0.0,0.0,0.0,0.0,0.0,0.0,0.0,0.0,0.0,1.0,2.0,2.0,0.0,0.0,0.0,0.0,0.0,4.0,0.0,0.0,False,
INE539A01019,GHCL,GHCL,Chemicals & Petrochemicals,False,,,20,2,8.0,8,13,51,WATCHLIST_CONFIRMED,▼ At risk: near WATCHLIST_EXTERNAL boundary,↑3,False,False,2–3%,LATE_CYCLE,CAUTION,OTHER,1.0,1.0196,0.1791,PLI,11.0,0.0,,7.0,2.0,3.0,0.0,,,1.0,Fresh,₹440 – ₹453,₹428 (−4.3%),8–20% (12m),✅ 2.8:1,47.7,54,True,2026-06-05 12:45:28,8.0,2.0,0,4.0,4.0,5.0,0.0,0.0,2.0,0.0,0.0,2.0,0.0,0.0,0.0,0.0,0.0,0.0,0.0,0.0,1.0,0.0,0.0,0.0,0.0,3.0,0.0,0.0,9.0,4.0,0.0,0.0,False,30.0
INE068V01023,GLAND,GLAND PHARMA,Pharmaceuticals & Biotechnology,False,,,8,11,10.0,28,13,51,WATCHLIST_CONFIRMED,,↑10,False,False,2–4% (vol↓),LATE_CYCLE,CAUTION,OTHER,0.0,0.2951,0.634,"HEALTHCARE,PLI",17.0,0.0,,5.0,2.0,9.0,2.0,,,1.0,Fresh,"₹2,191 – ₹2,274","₹2,107 (−5.6%)",8–20% (12m),✅ 2.1:1,47.7,63,True,2026-06-05 12:45:28,0.0,0.0,0,4.0,4.0,0.0,0.0,0.0,2.0,4.0,4.0,2.0,2.0,2.0,1.0,3.0,1.0,0.0,0.0,1.0,0.0,1.0,0.0,0.0,2.0,3.0,0.0,0.0,9.0,4.0,0.0,0.0,False,44.0
INE419U01012,HAPPSTMNDS,HAPPIEST MINDS,IT - Software,False,,,16,10,13.0,8,14,51,WATCHLIST_CONFIRMED,,↑12,False,False,2–4% (vol↓),BASING,CAUTION,OTHER,0.0,0.2836,0.14,DIGITAL,12.0,0.0,,6.0,2.0,8.0,2.0,,,1.0,Fresh,₹364 – ₹376,₹352 (−4.8%),8–20% (12m),✅ 2.5:1,47.7,64,True,2026-06-05 12:45:30,4.0,0.0,0,4.0,4.0,5.0,4.0,0.0,2.0,0.0,4.0,2.0,0.0,0.0,0.0,0.0,0.0,0.0,0.0,0.0,0.0,0.0,2.0,2.0,0.0,0.0,0.0,0.0,10.0,4.0,0.0,0.0,True,
INE127D01025,HDFCAMC,HDFC AMC,Capital Markets,False,,,18,12,11.0,4,4,51,WATCHLIST_CONFIRMED,,↑5,False,False,2–3%,TOPPING,CAUTION,FINANCIALS,1.0,0.9788,0.1677,FIN_INCLUSION,10.0,0.0,,7.0,2.0,7.0,2.0,,,1.0,Fresh,"₹2,475 – ₹2,545","₹2,404 (−4.2%)",8–20% (12m),✅ 2.8:1,47.7,57,True,2026-06-05 12:45:30,8.0,4.0,0,4.0,4.0,0.0,4.0,6.0,2.0,0.0,4.0,0.0,0.0,0.0,0.0,0.0,0.0,0.0,0.0,0.0,0.0,0.0,2.0,0.0,0.0,0.0,0.0,0.0,0.0,4.0,0.0,0.0,True,60.0
INE142Z01019,ORIENTELEC,ORIENT ELECTRIC,Consumer Durables,False,,,16,7,10.0,10,13,50,WATCHLIST_CONFIRMED,,↑7,False,False,2–3%,LATE_CYCLE,CAUTION,CONSUMPTION,0.0,0.1776,0.6297,PREMIUMISATION,11.0,0.0,,5.0,2.0,8.0,2.0,,,1.0,Fresh,₹179 – ₹184,₹174 (−4.2%),8–20% (12m),✅ 2.9:1,45.7,57,True,2026-06-05 12:45:01,4.0,0.0,0,4.0,4.0,5.0,0.0,0.0,2.0,0.0,4.0,0.0,2.0,0.0,0.0,0.0,0.0,0.0,0.0,0.0,0.0,0.0,0.0,0.0,2.0,3.0,0.0,0.0,9.0,4.0,0.0,0.0,False,
INE096B01018,NUCLEUS,NUCLEUS SOFT.,IT - Software,False,,,20,8,10.0,0,14,50,WATCHLIST_CONFIRMED,,↑11,False,False,2–4% (vol↓),BASING,CAUTION,OTHER,0.0,0.2012,0.0214,DIGITAL,10.0,-2.0,EARN_QUALITY,7.0,2.0,1.0,0.0,,,1.0,Fresh,₹711 – ₹743,₹678 (−6.7%),8–20% (12m),⚠ 1.8:1,45.7,63,True,2026-06-05 12:45:01,8.0,4.0,0,4.0,4.0,5.0,4.0,6.0,2.0,0.0,0.0,0.0,0.0,0.0,0.0,0.0,0.0,0.0,0.0,0.0,0.0,0.0,0.0,0.0,0.0,0.0,0.0,0.0,10.0,4.0,0.0,0.0,False,
INE074A01025,PRAJIND,PRAJ INDUSTRIES,Industrial Manufacturing,False,,,20,3,13.0,4,4,50,MONITOR,▲ Approaching WATCHLIST_CONFIRMED,─,False,False,0%,TOPPING,CAUTION,OTHER,0.0,0.7417,0.2447,PLI,9.0,0.0,,5.0,2.0,5.0,1.0,,,1.0,Fresh,₹338 – ₹351,₹324 (−5.9%),,,45.7,49,True,2026-06-05 12:45:02,8.0,2.0,0,4.0,4.0,5.0,0.0,0.0,2.0,0.0,0.0,2.0,0.0,0.0,0.0,0.0,0.0,0.0,0.0,0.0,0.0,0.0,2.0,0.0,0.0,0.0,0.0,0.0,0.0,4.0,0.0,0.0,False,
INE488V01015,PSPPROJECT,PSP PROJECTS,Construction,False,,,5,9,10.0,18,4,50,WATCHLIST_EXTERNAL,,↓6,False,False,1–2% (vol↓),TOPPING,CAUTION,OTHER,0.0,0.0944,0.0376,INFRA,13.0,-3.0,PAPER_PROFIT,3.0,1.0,10.0,3.0,,,1.0,Fresh,₹801 – ₹839,₹763 (−6.9%),2–8% (12m),❌ 1.0:1,45.7,43,True,2026-06-05 12:45:03,0.0,0.0,0,0.0,4.0,5.0,0.0,0.0,2.0,0.0,4.0,2.0,2.0,2.0,1.0,3.0,0.0,1.0,1.0,0.0,0.0,1.0,0.0,0.0,0.0,0.0,0.0,0.0,0.0,4.0,0.0,0.0,False,36.0
INE0BX301013,PROSTARM,PROSTARM INFO,Electrical Equipment,False,,,15,6,13.0,18,4,50,WATCHLIST_CONFIRMED,▼ At risk: near WATCHLIST_EXTERNAL boundary,↑3,False,False,1–2% (vol↓),TOPPING,CAUTION,OTHER,0.0,0.0439,0.0,"CAPEX_SUPERCYCLE,POWER",11.0,-3.0,PAPER_PROFIT,6.0,2.0,8.0,2.0,,,1.0,Fresh,₹134 – ₹142,₹126 (−8.9%),8–20% (12m),❌ 1.4:1,45.7,53,True,2026-06-05 12:45:03,8.0,4.0,0,4.0,4.0,0.0,0.0,0.0,0.0,0.0,4.0,0.0,2.0,0.0,1.0,3.0,0.0,0.0,0.0,0.0,0.0,0.0,2.0,0.0,0.0,3.0,0.0,0.0,0.0,4.0,0.0,0.0,False,
INE124Y01028,PASHUPATI,PASHUPATI COTSP.,Textiles & Apparels,False,,,12,1,10.0,16,13,50,WATCHLIST_EXTERNAL,,─,False,False,1–2% (vol↓),LATE_CYCLE,CAUTION,OTHER,0.0,0.531,0.0,PLI,11.0,0.0,,6.0,2.0,3.0,0.0,,,1.0,Fresh,₹91 – ₹96,₹86 (−8.0%),2–8% (12m),❌ 0.9:1,45.7,48,True,2026-06-05 12:45:04,4.0,0.0,0,0.0,4.0,5.0,0.0,0.0,2.0,0.0,0.0,0.0,0.0,2.0,1.0,3.0,0.0,0.0,1.0,0.0,0.0,1.0,0.0,0.0,0.0,0.0,0.0,0.0,9.0,4.0,0.0,0.0,False,
INE634S01028,MANKIND,MANKIND PHARMA,Pharmaceuticals & Biotechnology,False,,,17,10,10.0,8,13,50,WATCHLIST_CONFIRMED,,↑12,False,False,2–4% (vol↓),LATE_CYCLE,CAUTION,OTHER,0.0,0.4104,0.207,"HEALTHCARE,PLI",13.0,0.0,,5.0,2.0,7.0,2.0,,,1.0,Fresh,"₹2,331 – ₹2,408","₹2,254 (−4.9%)",8–20% (12m),✅ 2.5:1,45.7,62,True,2026-06-05 12:45:04,4.0,2.0,0,4.0,4.0,5.0,4.0,0.0,2.0,0.0,4.0,2.0,0.0,2.0,0.0,0.0,0.0,0.0,0.0,0.0,0.0,0.0,0.0,0.0,2.0,0.0,0.0,0.0,9.0,4.0,0.0,0.0,False,
INE0I7C01011,LATENTVIEW,LATENT VIEW,IT - Software,False,,,16,12,10.0,4,14,50,WATCHLIST_CONFIRMED,,↑13,False,False,2–4% (vol↓),BASING,CAUTION,OTHER,0.0,0.1616,0.0732,DIGITAL,12.0,0.0,,6.0,2.0,8.0,2.0,,,1.0,Fresh,₹307 – ₹321,₹293 (−6.6%),8–20% (12m),⚠ 1.8:1,45.7,63,True,2026-06-05 12:45:05,4.0,0.0,0,4.0,4.0,5.0,4.0,0.0,2.0,4.0,4.0,2.0,0.0,0.0,0.0,0.0,0.0,0.0,0.0,0.0,0.0,0.0,0.0,0.0,2.0,0.0,0.0,0.0,10.0,4.0,0.0,0.0,True,46.0
INE155A01022,TMPV,TATA MOTORS PVEH,Automobiles,False,,,18,8,10.0,0,14,50,WATCHLIST_CONFIRMED,,↑7,False,False,2–3%,BASING,CAUTION,OTHER,0.0,0.71,0.1989,PREMIUMISATION,9.0,0.0,,4.0,1.0,7.0,2.0,,,1.0,Fresh,₹392 – ₹404,₹381 (−4.3%),8–20% (12m),✅ 2.8:1,45.7,58,True,2026-06-05 12:45:07,8.0,4.0,0,4.0,0.0,5.0,4.0,0.0,2.0,0.0,4.0,0.0,0.0,0.0,0.0,0.0,0.0,0.0,0.0,0.0,0.0,0.0,0.0,0.0,0.0,0.0,0.0,0.0,10.0,4.0,0.0,0.0,False,
INE0U3I01011,UNIMECH,UNIMECH AERO.,Aerospace & Defense,False,,,14,8,13.0,12,4,50,WATCHLIST_CONFIRMED,▼ At risk: near WATCHLIST_EXTERNAL boundary,↑3,False,False,1–2% (vol↓),TOPPING,CAUTION,CAPEX_CYCLE,0.0,0.0796,0.0032,"CAPEX_SUPERCYCLE,DEFENCE",12.0,-2.0,EARN_QUALITY,4.0,1.0,0.0,0.0,,,1.0,Fresh,"₹1,024 – ₹1,062",₹985 (−5.6%),8–20% (12m),✅ 2.2:1,45.7,53,True,2026-06-05 12:45:07,4.0,2.0,0,4.0,4.0,5.0,4.0,6.0,2.0,0.0,0.0,0.0,0.0,2.0,0.0,0.0,0.0,0.0,0.0,0.0,0.0,0.0,2.0,2.0,0.0,0.0,0.0,0.0,0.0,4.0,0.0,0.0,False,39.0
INE686F01025,UBL,UNITED BREWERIES,Beverages,False,,,15,10,10.0,6,4,50,WATCHLIST_EXTERNAL,▲ Approaching WATCHLIST_CONFIRMED,─,False,False,2–3%,CORRECTION,CAUTION,CONSUMPTION,0.0,0.2006,0.3388,PREMIUMISATION,11.0,0.0,,4.0,1.0,7.0,2.0,,,1.0,Fresh,"₹1,324 – ₹1,356","₹1,293 (−3.5%)",2–8% (12m),✅ 2.0:1,45.7,49,True,2026-06-05 12:45:07,4.0,0.0,0,4.0,4.0,5.0,4.0,0.0,2.0,0.0,4.0,2.0,0.0,0.0,0.0,0.0,0.0,0.0,0.0,0.0,1.0,0.0,0.0,0.0,2.0,0.0,0.0,0.0,0.0,4.0,0.0,0.0,False,30.0
INE672A01026,TATAINVEST,TATA INV.CORPN.,Finance,False,,,1,2,13.0,2,13,50,MONITOR,,↓19,False,False,0%,LATE_CYCLE,CAUTION,FINANCIALS,0.0,0.1242,0.0026,FIN_INCLUSION,4.0,0.0,,4.0,1.0,4.0,1.0,,,1.0,Fresh,₹657 – ₹673,₹641 (−3.6%),,,45.7,31,True,2026-06-05 12:45:08,0.0,0.0,0,0.0,0.0,0.0,0.0,0.0,2.0,0.0,0.0,0.0,0.0,0.0,0.0,0.0,0.0,0.0,0.0,0.0,1.0,0.0,0.0,0.0,0.0,0.0,0.0,0.0,9.0,4.0,0.0,0.0,False,27.0
INE669C01036,TECHM,TECH MAHINDRA,IT - Software,False,,,20,7,11.0,6,14,50,WATCHLIST_CONFIRMED,,↑13,False,False,2–4% (vol↓),BASING,CAUTION,OTHER,1.0,0.7617,0.3805,DIGITAL,12.0,0.0,,5.0,2.0,8.0,2.0,,,1.0,Fresh,"₹1,450 – ₹1,495","₹1,406 (−4.5%)",8–20% (12m),✅ 2.6:1,45.7,63,True,2026-06-05 12:45:08,8.0,2.0,0,4.0,4.0,5.0,0.0,0.0,2.0,0.0,4.0,2.0,0.0,0.0,0.0,0.0,0.0,0.0,0.0,0.0,0.0,1.0,2.0,0.0,0.0,0.0,0.0,0.0,10.0,4.0,0.0,0.0,False,
INE710A01016,VSTIND,VST INDUSTRIES,Cigarettes & Tobacco Products,False,,,12,7,13.0,14,4,50,WATCHLIST_EXTERNAL,▲ Approaching WATCHLIST_CONFIRMED,─,False,False,2–3%,CORRECTION,CAUTION,OTHER,0.0,0.0786,0.1008,PREMIUMISATION,12.0,0.0,,6.0,2.0,5.0,1.0,,,1.0,Fresh,₹251 – ₹256,₹247 (−2.4%),2–8% (12m),✅ 2.9:1,45.7,50,False,2026-06-05 12:45:10,4.0,4.0,0,0.0,4.0,0.0,0.0,0.0,2.0,4.0,0.0,2.0,2.0,2.0,0.0,0.0,0.0,0.0,0.0,0.0,0.0,1.0,2.0,0.0,2.0,0.0,0.0,0.0,0.0,4.0,0.0,0.0,False,48.0
INE0PZA01015,SAIFL,SAMEERA AGRO,Agricultural Food & other Products,False,,,4,15,13.0,0,4,50,WATCHLIST_EXTERNAL,,↓3,False,False,1–2% (vol↓),CORRECTION,CAUTION,OTHER,0.0,0.0122,0.0,AGRI,9.0,-3.0,PAPER_PROFIT,3.0,1.0,9.0,2.0,,,1.0,Fresh,₹5 – ₹5,₹5 (−9.7%),2–8% (12m),❌ 0.7:1,45.7,47,True,2026-06-05 12:45:11,4.0,0.0,0,0.0,4.0,0.0,4.0,6.0,0.0,4.0,4.0,2.0,2.0,0.0,0.0,0.0,0.0,0.0,0.0,0.0,0.0,0.0,0.0,0.0,0.0,0.0,0.0,0.0,0.0,4.0,0.0,0.0,False,
INE02ID01020,RAYMONDLSL,RAYMOND LIFESTYL,Textiles & Apparels,False,,,4,11,10.0,6,13,50,WATCHLIST_EXTERNAL,,↓3,False,False,1–2% (vol↓),LATE_CYCLE,CAUTION,OTHER,0.0,0.3653,0.0587,PLI,9.0,0.0,,2.0,0.0,5.0,1.0,,,1.0,Fresh,₹726 – ₹752,₹700 (−5.3%),2–8% (12m),❌ 1.3:1,45.7,48,True,2026-06-05 12:45:13,0.0,0.0,0,0.0,0.0,5.0,4.0,6.0,2.0,0.0,0.0,2.0,2.0,0.0,0.0,0.0,0.0,0.0,0.0,0.0,0.0,0.0,0.0,0.0,0.0,3.0,0.0,0.0,9.0,4.0,0.0,0.0,False,
INE734N01019,SNOWMAN,SNOWMAN LOGISTIC,Transport Services,False,,,4,11,10.0,0,4,50,MONITOR,▲ Approaching WATCHLIST_EXTERNAL,↓13,False,False,0%,TOPPING,CAUTION,OTHER,0.0,0.1658,0.0,INFRA,6.0,0.0,,1.0,0.0,6.0,1.0,,,1.0,Fresh,₹37 – ₹38,₹36 (−4.5%),,,45.7,36,True,2026-06-05 12:45:15,0.0,0.0,0,0.0,0.0,5.0,4.0,6.0,2.0,0.0,4.0,0.0,0.0,0.0,0.0,0.0,0.0,0.0,0.0,0.0,0.0,0.0,0.0,0.0,0.0,0.0,0.0,0.0,0.0,4.0,0.0,0.0,False,
INE02ZQ01018,CORONA,CORONA REMEDIES,Pharmaceuticals & Biotechnology,False,,,15,5,13.0,22,13,50,WATCHLIST_CONFIRMED,,↑12,False,False,2–4% (vol↓),LATE_CYCLE,CAUTION,OTHER,0.0,0.4854,0.127,"HEALTHCARE,PLI",13.0,0.0,,7.0,2.0,6.0,1.0,,,1.0,Fresh,"₹1,676 – ₹1,730","₹1,623 (−4.7%)",8–20% (12m),✅ 2.6:1,45.7,62,True,2026-06-05 12:45:16,8.0,4.0,0,4.0,0.0,0.0,0.0,0.0,2.0,0.0,4.0,0.0,0.0,2.0,1.0,3.0,0.0,0.0,0.0,0.0,1.0,0.0,2.0,2.0,0.0,0.0,0.0,0.0,9.0,4.0,0.0,0.0,False,24.0
INE032A01023,BOMDYEING,BOMBAY DYEING,Textiles & Apparels,False,,,15,0,13.0,6,13,50,WATCHLIST_EXTERNAL,,─,False,False,1–2% (vol↓),LATE_CYCLE,CAUTION,OTHER,0.0,0.059,0.0,PLI,8.0,-3.0,PAPER_PROFIT,5.0,2.0,1.0,0.0,,,1.0,Fresh,₹121 – ₹125,₹117 (−5.2%),2–8% (12m),❌ 1.3:1,45.7,48,True,2026-06-05 12:45:17,8.0,4.0,0,4.0,4.0,0.0,0.0,0.0,0.0,0.0,0.0,0.0,0.0,0.0,0.0,0.0,0.0,0.0,0.0,0.0,1.0,0.0,2.0,0.0,0.0,0.0,0.0,0.0,9.0,4.0,0.0,0.0,False,27.0
INE296H01011,EMKAY,EMK.GLOBAL FIN.,Capital Markets,False,,,7,10,13.0,26,4,50,WATCHLIST_CONFIRMED,,↑5,False,False,1–2% (vol↓),TOPPING,CAUTION,FINANCIALS,0.0,0.0404,0.0,FIN_INCLUSION,15.0,-3.0,PAPER_PROFIT,2.0,0.0,4.0,1.0,,,1.0,Fresh,₹288 – ₹306,₹269 (−9.4%),8–20% (12m),❌ 1.3:1,45.7,56,True,2026-06-05 12:45:18,4.0,4.0,0,4.0,0.0,0.0,0.0,6.0,0.0,4.0,0.0,2.0,2.0,2.0,1.0,3.0,0.0,1.0,0.0,0.0,0.0,1.0,2.0,0.0,0.0,3.0,0.0,0.0,0.0,4.0,0.0,0.0,False,
INE198501012,EUROPRATIK,EURO PRATIK SALE,Consumer Durables,False,,,19,4,10.0,8,13,50,WATCHLIST_CONFIRMED,,↑6,False,False,1–2% (vol↓),LATE_CYCLE,CAUTION,CONSUMPTION,0.0,0.0226,0.0224,PREMIUMISATION,10.0,-3.0,PAPER_PROFIT,6.0,2.0,3.0,0.0,,,1.0,Fresh,₹250 – ₹262,₹238 (−7.0%),8–20% (12m),⚠ 1.7:1,45.7,57,True,2026-06-05 12:45:19,8.0,4.0,0,4.0,4.0,5.0,0.0,6.0,0.0,0.0,0.0,0.0,0.0,0.0,0.0,0.0,0.0,0.0,0.0,0.0,0.0,1.0,0.0,0.0,0.0,3.0,0.0,0.0,9.0,4.0,0.0,0.0,False,36.0
INE495A01022,DALMIASUG,DALMIA BHARAT,Agricultural Food & other Products,False,,,12,7,13.0,10,4,50,WATCHLIST_EXTERNAL,,↓3,False,False,2–3%,CORRECTION,CAUTION,OTHER,0.0,0.0378,0.0,AGRI,10.0,0.0,,5.0,2.0,7.0,2.0,,,1.0,Fresh,₹326 – ₹336,₹317 (−4.3%),2–8% (12m),⚠ 1.6:1,45.7,47,True,2026-06-05 12:45:19,0.0,0.0,0,4.0,4.0,5.0,0.0,0.0,2.0,0.0,4.0,0.0,2.0,2.0,0.0,0.0,0.0,0.0,0.0,0.0,1.0,0.0,2.0,0.0,0.0,0.0,0.0,0.0,0.0,4.0,0.0,0.0,False,30.0
INE04Q901010,DCCL,DAR CREDIT & CAP,Finance,False,,,1,0,13.0,8,13,50,MONITOR,,↓19,False,False,0%,LATE_CYCLE,CAUTION,FINANCIALS,0.0,0.004,0.0,FIN_INCLUSION,4.0,0.0,,4.0,1.0,3.0,0.0,,,1.0,Fresh,,,,,45.7,31,True,2026-06-05 12:45:20,0.0,0.0,0,0.0,0.0,0.0,0.0,0.0,0.0,0.0,0.0,0.0,0.0,0.0,0.0,0.0,0.0,0.0,0.0,0.0,0.0,0.0,2.0,2.0,0.0,0.0,0.0,0.0,9.0,4.0,0.0,0.0,False,
INE089A01031,DRREDDY,DR REDDY'S LABS,Pharmaceuticals & Biotechnology,False,,,20,10,8.0,4,13,50,WATCHLIST_CONFIRMED,,↑11,False,False,4–6%,LATE_CYCLE,CAUTION,OTHER,1.0,1.1022,0.2632,"HEALTHCARE,PLI",12.0,0.0,,6.0,2.0,7.0,2.0,,,1.0,Fresh,"₹1,252 – ₹1,275","₹1,228 (−2.8%)",8–20% (12m),✅ 4.3:1,45.7,62,True,2026-06-05 12:45:20,8.0,2.0,0,4.0,4.0,5.0,0.0,6.0,2.0,0.0,4.0,0.0,0.0,0.0,0.0,0.0,1.0,0.0,0.0,1.0,0.0,0.0,0.0,0.0,0.0,0.0,0.0,0.0,9.0,4.0,0.0,0.0,False,
INE079A01024,AMBUJACEM,AMBUJA CEMENTS,Cement & Cement Products,False,,,11,10,13.0,10,4,50,WATCHLIST_EXTERNAL,▲ Approaching WATCHLIST_CONFIRMED,─,False,False,2–3%,TOPPING,CAUTION,OTHER,0.0,0.2438,0.1784,INFRA,11.0,0.0,,3.0,1.0,7.0,2.0,,,1.0,Fresh,₹422 – ₹432,₹411 (−3.8%),2–8% (12m),⚠ 1.9:1,45.7,50,False,2026-06-05 12:45:21,0.0,0.0,0,4.0,4.0,5.0,0.0,0.0,2.0,4.0,4.0,2.0,0.0,0.0,0.0,0.0,0.0,0.0,0.0,1.0,0.0,0.0,2.0,0.0,2.0,0.0,0.0,0.0,0.0,4.0,0.0,0.0,False,31.0
INE501X01029,AYE,AYE FINANCE,Finance,False,,,0,2,8.0,18,13,50,MONITOR,,↓20,False,False,0%,LATE_CYCLE,CAUTION,FINANCIALS,1.0,1.7577,0.0968,FIN_INCLUSION,8.0,-3.0,PAPER_PROFIT,1.0,0.0,1.0,0.0,,,1.0,Fresh,₹153 – ₹164,₹143 (−9.9%),,,45.7,31,True,2026-06-05 12:45:24,0.0,0.0,0,0.0,0.0,0.0,4.0,0.0,0.0,0.0,0.0,0.0,0.0,2.0,1.0,3.0,0.0,0.0,0.0,0.0,0.0,1.0,0.0,0.0,0.0,0.0,2.0,0.0,9.0,4.0,0.0,0.0,False,45.0
INE172N01012,IMAGICAA,IMAGICA. ENTER.,Leisure Services,False,,,3,12,13.0,8,13,50,WATCHLIST_CONFIRMED,▼ At risk: near WATCHLIST_EXTERNAL boundary,─,False,False,1–2% (vol↓),LATE_CYCLE,CAUTION,OTHER,0.0,0.0324,0.0,PREMIUMISATION,10.0,0.0,,2.0,0.0,8.0,2.0,,,1.0,Fresh,₹44 – ₹45,₹42 (−4.5%),8–20% (12m),✅ 2.6:1,45.7,52,True,2026-06-05 12:45:25,0.0,0.0,0,4.0,0.0,0.0,4.0,0.0,2.0,4.0,4.0,2.0,0.0,0.0,0.0,0.0,0.0,0.0,0.0,0.0,0.0,0.0,2.0,2.0,0.0,0.0,0.0,0.0,9.0,4.0,0.0,0.0,False,
INE019A01038,JSWSTEEL,JSW STEEL,Ferrous Metals,False,,,1,8,10.0,28,4,50,WATCHLIST_EXTERNAL,▼ At risk: near MONITOR boundary,↓10,False,False,0–1%,CORRECTION,CAUTION,OTHER,0.0,0.7434,0.1066,nan,14.0,-1.0,DE_ROCE_STRESS,3.0,1.0,8.0,2.0,,,1.0,Fresh,"₹1,302 – ₹1,324","₹1,280 (−2.5%)",2–8% (12m),✅ 2.8:1,45.7,40,True,2026-06-05 12:45:26,0.0,0.0,0,0.0,0.0,0.0,0.0,0.0,2.0,0.0,4.0,2.0,2.0,2.0,1.0,3.0,1.0,0.0,1.0,1.0,0.0,1.0,0.0,0.0,2.0,0.0,0.0,2.0,0.0,4.0,0.0,0.0,False,67.0
INE255D01024,GULPOLY,GULSHAN POLYOLS,Agricultural Food & other Products,False,,,8,10,13.0,10,4,50,WATCHLIST_EXTERNAL,,↑47,False,False,1–2% (vol↓),CORRECTION,CAUTION,OTHER,0.0,0.0338,0.0,AGRI,12.0,0.0,,3.0,1.0,4.0,1.0,,,1.0,Fresh,₹179 – ₹188,₹170 (−7.4%),2–8% (12m),❌ 0.9:1,45.7,47,True,2026-06-05 12:45:30,0.0,0.0,0,0.0,4.0,5.0,4.0,0.0,2.0,4.0,0.0,2.0,2.0,2.0,0.0,0.0,1.0,0.0,1.0,0.0,0.0,1.0,0.0,0.0,0.0,0.0,0.0,0.0,0.0,4.0,0.0,0.0,False,
INE942C01045,GUJTHEM,GUJ. THEMIS BIO.,Pharmaceuticals & Biotechnology,False,,,20,3,10.0,14,13,50,WATCHLIST_CONFIRMED,,↑11,False,False,2–4% (vol↓),LATE_CYCLE,CAUTION,OTHER,0.0,0.0972,0.0232,"HEALTHCARE,PLI",13.0,0.0,,5.0,2.0,5.0,1.0,,,1.0,Fresh,₹390 – ₹413,₹367 (−8.7%),8–20% (12m),❌ 1.4:1,45.7,62,True,2026-06-05 12:45:30,8.0,4.0,0,4.0,4.0,5.0,0.0,0.0,2.0,0.0,0.0,2.0,0.0,2.0,1.0,3.0,0.0,1.0,0.0,0.0,0.0,0.0,0.0,0.0,0.0,0.0,0.0,0.0,9.0,4.0,0.0,0.0,False,
INE803D01021,INDOBORAX,INDO BORAX & CH.,Chemicals & Petrochemicals,False,,,9,2,13.0,22,13,49,WATCHLIST_CONFIRMED,▼ At risk: near WATCHLIST_EXTERNAL boundary,─,False,False,1–2% (vol↓),LATE_CYCLE,CAUTION,OTHER,0.0,0.0484,0.0074,PLI,14.0,-3.0,PAPER_PROFIT,3.0,1.0,4.0,1.0,,,1.0,Fresh,₹338 – ₹354,₹322 (−7.1%),8–20% (12m),⚠ 1.7:1,43.9,52,True,2026-06-05 12:44:59,4.0,2.0,0,4.0,4.0,0.0,0.0,0.0,0.0,0.0,0.0,2.0,0.0,2.0,1.0,3.0,1.0,0.0,1.0,0.0,0.0,1.0,2.0,0.0,0.0,0.0,0.0,0.0,9.0,4.0,0.0,0.0,False,32.0
INE0FHS01024,DEEPINDS,DEEP INDUSTRIES,Oil,False,,,4,10,13.0,24,13,49,WATCHLIST_CONFIRMED,,↑10,False,False,1–2% (vol↓),LATE_CYCLE,CAUTION,OTHER,0.0,0.091,0.0018,nan,14.0,0.0,,3.0,1.0,8.0,2.0,,,1.0,Fresh,₹501 – ₹524,₹477 (−6.9%),8–20% (12m),⚠ 1.7:1,43.9,57,True,2026-06-05 12:45:00,0.0,0.0,0,0.0,4.0,0.0,4.0,0.0,2.0,0.0,4.0,2.0,0.0,2.0,1.0,3.0,1.0,0.0,0.0,0.0,0.0,1.0,2.0,0.0,2.0,0.0,0.0,0.0,9.0,4.0,0.0,0.0,False,
INE922A01025,BEPL,BHANSALI ENGG.,Chemicals & Petrochemicals,False,,,16,1,13.0,8,13,49,WATCHLIST_CONFIRMED,▼ At risk: near WATCHLIST_EXTERNAL boundary,↑3,False,False,2–3%,LATE_CYCLE,CAUTION,OTHER,0.0,0.0736,0.0,PLI,9.0,0.0,,7.0,2.0,3.0,0.0,,,1.0,Fresh,₹93 – ₹96,₹91 (−3.7%),8–20% (12m),✅ 3.3:1,43.9,52,True,2026-06-05 12:45:00,8.0,2.0,0,4.0,4.0,0.0,0.0,0.0,2.0,0.0,0.0,0.0,0.0,2.0,0.0,0.0,0.0,0.0,0.0,0.0,0.0,0.0,2.0,0.0,0.0,0.0,0.0,0.0,9.0,4.0,0.0,0.0,False,36.0
INE213A01029,ONGC,O N G C,Oil,False,,,7,6,13.0,28,13,49,WATCHLIST_CONFIRMED,,↑8,False,False,2–3%,LATE_CYCLE,CAUTION,OTHER,0.0,0.3216,0.1538,nan,14.0,0.0,,2.0,0.0,7.0,2.0,,,1.0,Fresh,₹265 – ₹271,₹258 (−3.6%),8–20% (12m),✅ 3.3:1,43.9,57,True,2026-06-05 12:45:01,0.0,0.0,0,4.0,0.0,5.0,0.0,0.0,2.0,0.0,4.0,0.0,0.0,2.0,1.0,3.0,0.0,0.0,1.0,0.0,1.0,0.0,2.0,2.0,0.0,0.0,0.0,2.0,9.0,4.0,0.0,0.0,False,9.0
INE970X01018,LEMONTREE,LEMON TREE HOTEL,Leisure Services,False,,,7,10,9.0,14,13,49,WATCHLIST_EXTERNAL,▲ Approaching WATCHLIST_CONFIRMED,─,False,False,2–3%,LATE_CYCLE,CAUTION,OTHER,1.0,1.1932,0.2982,PREMIUMISATION,11.0,0.0,,5.0,2.0,8.0,2.0,,,1.0,Fresh,₹109 – ₹112,₹106 (−4.2%),2–8% (12m),⚠ 1.7:1,43.9,51,True,2026-06-05 12:45:05,4.0,2.0,0,0.0,0.0,0.0,4.0,0.0,2.0,0.0,4.0,0.0,2.0,0.0,0.0,0.0,0.0,0.0,0.0,0.0,0.0,0.0,2.0,2.0,0.0,3.0,0.0,0.0,9.0,4.0,0.0,0.0,False,
INE332A01027,THOMASCOOK,THOMAS COOK (I),Leisure Services,False,,,10,5,13.0,8,13,49,WATCHLIST_EXTERNAL,▲ Approaching WATCHLIST_CONFIRMED,─,False,False,1–2% (vol↓),LATE_CYCLE,CAUTION,OTHER,0.0,0.3268,0.1242,PREMIUMISATION,10.0,0.0,,2.0,0.0,3.0,0.0,,,1.0,Fresh,₹90 – ₹93,₹87 (−5.1%),2–8% (12m),❌ 1.4:1,43.9,51,True,2026-06-05 12:45:09,4.0,0.0,0,4.0,0.0,5.0,4.0,0.0,2.0,0.0,0.0,2.0,0.0,0.0,0.0,0.0,0.0,0.0,0.0,0.0,0.0,0.0,2.0,2.0,0.0,0.0,0.0,0.0,9.0,4.0,0.0,0.0,False,
INE12NJ01018,SAMBHV,SAMBHV STEEL,Industrial Products,False,,,18,3,10.0,10,4,49,WATCHLIST_EXTERNAL,,↓3,False,False,1–2% (vol↓),TOPPING,CAUTION,OTHER,0.0,0.0764,0.0282,nan,10.0,0.0,,5.0,2.0,5.0,1.0,,,1.0,Fresh,₹104 – ₹107,₹101 (−4.7%),2–8% (12m),❌ 1.5:1,43.9,46,True,2026-06-05 12:45:11,8.0,4.0,0,4.0,4.0,0.0,0.0,0.0,2.0,0.0,0.0,2.0,0.0,0.0,1.0,3.0,0.0,0.0,0.0,0.0,1.0,0.0,0.0,0.0,0.0,0.0,0.0,0.0,0.0,4.0,0.0,0.0,False,25.0
INE02A801020,ROSSARI,ROSSARI BIOTECH,Chemicals & Petrochemicals,False,,,15,6,10.0,6,13,49,WATCHLIST_CONFIRMED,▼ At risk: near WATCHLIST_EXTERNAL boundary,↑3,False,False,1–2% (vol↓),LATE_CYCLE,CAUTION,OTHER,0.0,0.096,0.2652,PLI,9.0,0.0,,4.0,1.0,7.0,2.0,,,1.0,Fresh,₹519 – ₹537,₹501 (−5.2%),8–20% (12m),✅ 2.3:1,43.9,52,True,2026-06-05 12:45:14,4.0,0.0,0,4.0,4.0,5.0,0.0,0.0,2.0,0.0,4.0,0.0,0.0,0.0,0.0,0.0,0.0,0.0,0.0,0.0,0.0,0.0,0.0,0.0,0.0,3.0,0.0,0.0,9.0,4.0,0.0,0.0,False,
INE377E01024,COASTCORP,COASTAL CORPORAT,Food Products,False,,,0,10,13.0,34,4,49,WATCHLIST_EXTERNAL,,─,False,False,1–2% (vol↓),CORRECTION,CAUTION,OTHER,0.0,0.083,0.0,"AGRI,PLI",14.0,-4.0,PAPER_PROFIT|DE_ROCE_STRESS,1.0,0.0,8.0,2.0,,,1.0,Fresh,₹46 – ₹49,₹43 (−10.5%),2–8% (12m),❌ 0.7:1,43.9,44,True,2026-06-05 12:45:16,0.0,0.0,0,0.0,0.0,0.0,0.0,0.0,2.0,4.0,4.0,0.0,2.0,2.0,1.0,3.0,0.0,0.0,1.0,0.0,0.0,1.0,2.0,2.0,0.0,3.0,0.0,2.0,0.0,4.0,0.0,0.0,False,
INE059A01026,CIPLA,CIPLA,Pharmaceuticals & Biotechnology,False,,,19,11,8.0,0,13,49,WATCHLIST_CONFIRMED,,↑13,False,False,4–6%,LATE_CYCLE,CAUTION,OTHER,1.0,0.925,0.3731,"HEALTHCARE,PLI",11.0,-1.0,EARN_REV_DIVERGE,7.0,2.0,7.0,2.0,,,1.0,Fresh,"₹1,364 – ₹1,387","₹1,341 (−2.5%)",8–20% (12m),✅ 4.8:1,43.9,61,True,2026-06-05 12:45:16,8.0,2.0,0,4.0,4.0,5.0,0.0,6.0,2.0,0.0,4.0,2.0,0.0,0.0,0.0,0.0,0.0,0.0,0.0,0.0,0.0,0.0,0.0,0.0,0.0,0.0,0.0,0.0,9.0,4.0,0.0,0.0,False,
INE666D01022,BORORENEW,BOROSIL RENEW.,Industrial Products,False,,,4,10,13.0,20,4,49,WATCHLIST_EXTERNAL,,↓3,False,False,1–2% (vol↓),TOPPING,CAUTION,OTHER,0.0,0.1872,0.0023,nan,11.0,0.0,,3.0,1.0,9.0,2.0,,,1.0,Fresh,₹534 – ₹555,₹513 (−5.8%),2–8% (12m),❌ 1.2:1,43.9,46,True,2026-06-05 12:45:17,0.0,0.0,0,0.0,4.0,0.0,4.0,0.0,2.0,0.0,4.0,2.0,0.0,2.0,0.0,0.0,0.0,1.0,0.0,0.0,0.0,0.0,2.0,0.0,0.0,3.0,2.0,0.0,0.0,4.0,0.0,0.0,False,
INE758T01015,ETERNAL,ETERNAL,Retailing,False,,,11,12,8.0,6,4,49,WATCHLIST_EXTERNAL,,↓3,False,False,2–3%,TOPPING,CAUTION,OTHER,1.0,1.278,0.5782,PREMIUMISATION,11.0,0.0,,3.0,1.0,10.0,3.0,,,1.0,Fresh,₹244 – ₹250,₹237 (−4.2%),2–8% (12m),⚠ 1.7:1,43.9,46,True,2026-06-05 12:45:19,0.0,0.0,0,4.0,4.0,5.0,4.0,0.0,2.0,0.0,4.0,2.0,2.0,0.0,0.0,0.0,0.0,0.0,0.0,0.0,0.0,1.0,0.0,0.0,2.0,0.0,0.0,0.0,0.0,4.0,0.0,0.0,False,
INE028A01039,BANKBARODA,BANK OF BARODA,Banks,False,,,4,12,10.0,10,13,49,WATCHLIST_EXTERNAL,▲ Approaching WATCHLIST_CONFIRMED,─,False,False,2–3%,LATE_CYCLE,CAUTION,FINANCIALS,0.0,0.3956,0.2092,FIN_INCLUSION,11.0,0.0,,5.0,2.0,8.0,2.0,,,1.0,Fresh,₹266 – ₹272,₹261 (−3.1%),2–8% (12m),✅ 2.3:1,43.9,50,True,2026-06-05 12:45:24,0.0,2.0,0,0.0,0.0,0.0,0.0,6.0,2.0,0.0,4.0,2.0,2.0,0.0,1.0,3.0,0.0,0.0,0.0,0.0,1.0,0.0,0.0,0.0,0.0,0.0,0.0,0.0,9.0,4.0,0.0,0.0,False,27.0
INE545U01014,BANDHANBNK,BANDHAN BANK,Banks,False,,,1,11,8.0,26,13,49,WATCHLIST_EXTERNAL,▲ Approaching WATCHLIST_CONFIRMED,─,False,False,2–3%,LATE_CYCLE,CAUTION,FINANCIALS,1.0,0.8397,0.3075,FIN_INCLUSION,14.0,-1.0,EARN_REV_DIVERGE,4.0,1.0,7.0,2.0,,,1.0,Fresh,₹205 – ₹210,₹200 (−3.9%),2–8% (12m),⚠ 1.8:1,43.9,50,True,2026-06-05 12:45:24,0.0,0.0,0,0.0,0.0,0.0,0.0,6.0,2.0,0.0,4.0,2.0,0.0,2.0,1.0,3.0,1.0,0.0,1.0,1.0,0.0,0.0,0.0,0.0,2.0,0.0,0.0,2.0,9.0,4.0,0.0,0.0,False,31.0
INE951D01028,ATULAUTO,ATUL AUTO,"Agricultural, Commercial & Construction Vehicles",False,,,12,7,13.0,8,4,49,WATCHLIST_EXTERNAL,▲ Approaching WATCHLIST_CONFIRMED,─,False,False,2–3%,CORRECTION,CAUTION,OTHER,0.0,0.0984,0.0,AGRI,10.0,0.0,,5.0,2.0,6.0,1.0,,,1.0,Fresh,₹463 – ₹475,₹451 (−3.8%),2–8% (12m),⚠ 1.8:1,43.9,49,False,2026-06-05 12:45:24,0.0,0.0,0,4.0,4.0,5.0,4.0,0.0,2.0,0.0,0.0,2.0,2.0,2.0,0.0,0.0,0.0,0.0,0.0,0.0,0.0,0.0,2.0,0.0,0.0,0.0,0.0,0.0,0.0,4.0,0.0,0.0,False,
INE602G01020,KITEX,KITEX GARMENTS,Textiles & Apparels,False,,,9,6,13.0,4,13,49,WATCHLIST_EXTERNAL,,─,False,False,1–2% (vol↓),LATE_CYCLE,CAUTION,OTHER,0.0,0.0808,0.0026,PLI,8.0,0.0,,2.0,0.0,7.0,2.0,,,1.0,Fresh,₹160 – ₹165,₹155 (−4.6%),2–8% (12m),⚠ 1.5:1,43.9,47,True,2026-06-05 12:45:26,0.0,2.0,0,4.0,0.0,5.0,0.0,0.0,2.0,0.0,4.0,0.0,0.0,0.0,0.0,0.0,0.0,0.0,0.0,0.0,0.0,0.0,2.0,0.0,0.0,0.0,0.0,0.0,9.0,4.0,0.0,0.0,False,
INE481Y01014,GICRE,GENERAL INSURANC,Insurance,False,,,2,5,10.0,16,4,49,MONITOR,,↓16,False,False,0%,TOPPING,CAUTION,FINANCIALS,0.0,0.0834,0.0298,FIN_INCLUSION,9.0,-3.0,EARN_QUALITY|EARN_REV_DIVERGE,5.0,2.0,0.0,0.0,,,1.0,Fresh,₹378 – ₹387,₹369 (−3.6%),,,43.9,33,True,2026-06-05 12:45:28,0.0,0.0,0,4.0,0.0,0.0,0.0,6.0,2.0,0.0,0.0,0.0,0.0,2.0,0.0,0.0,1.0,0.0,1.0,0.0,0.0,0.0,0.0,0.0,2.0,0.0,0.0,2.0,0.0,4.0,0.0,0.0,False,
INE887G01027,GOKEX,GOKALDAS EXPORTS,Textiles & Apparels,False,,,10,8,8.0,2,13,49,WATCHLIST_EXTERNAL,,─,False,False,1–2% (vol↓),LATE_CYCLE,CAUTION,OTHER,1.0,0.7999,0.6328,PLI,9.0,0.0,,2.0,0.0,7.0,2.0,,,1.0,Fresh,₹693 – ₹716,₹670 (−5.0%),2–8% (12m),❌ 1.4:1,43.9,47,True,2026-06-05 12:45:28,0.0,0.0,0,4.0,4.0,5.0,4.0,0.0,2.0,0.0,4.0,0.0,0.0,0.0,0.0,0.0,0.0,0.0,0.0,0.0,1.0,0.0,0.0,0.0,0.0,0.0,0.0,0.0,9.0,4.0,0.0,0.0,False,13.0
INE768C01028,ZYDUSWELL,ZYDUS WELLNESS,Food Products,False,,,12,6,10.0,14,4,49,WATCHLIST_EXTERNAL,,↓6,False,False,1–2% (vol↓),CORRECTION,CAUTION,OTHER,0.0,0.1388,0.3686,"AGRI,PLI",10.0,0.0,,5.0,2.0,8.0,2.0,,,1.0,Fresh,₹494 – ₹511,₹477 (−5.0%),2–8% (12m),❌ 1.4:1,43.9,44,True,2026-06-05 12:45:30,0.0,0.0,0,4.0,4.0,5.0,0.0,0.0,2.0,0.0,4.0,0.0,0.0,2.0,1.0,3.0,0.0,0.0,0.0,0.0,0.0,1.0,0.0,0.0,0.0,0.0,0.0,0.0,0.0,4.0,0.0,0.0,False,
INE1NPP01017,ENRIN,SIEMENS ENER.IND,Electrical Equipment,False,,,15,2,13.0,26,4,48,WATCHLIST_EXTERNAL,▲ Approaching WATCHLIST_CONFIRMED,↑3,False,False,1–2% (vol↓),TOPPING,CAUTION,OTHER,0.0,0.3172,0.0808,"CAPEX_SUPERCYCLE,POWER",13.0,0.0,,7.0,2.0,4.0,1.0,,,1.0,Fresh,"₹3,598 – ₹3,775","₹3,421 (−7.2%)",2–8% (12m),❌ 1.0:1,42.7,51,True,2026-06-05 12:45:00,8.0,4.0,0,4.0,0.0,0.0,0.0,0.0,2.0,0.0,0.0,0.0,0.0,2.0,1.0,3.0,1.0,1.0,0.0,0.0,0.0,1.0,2.0,2.0,0.0,0.0,0.0,0.0,0.0,4.0,0.0,0.0,False,
INE201A01024,MANALIPETC,MANALI PETROCHEM,Chemicals & Petrochemicals,False,,,4,7,13.0,18,13,48,WATCHLIST_EXTERNAL,▲ Approaching WATCHLIST_CONFIRMED,─,False,False,1–2% (vol↓),LATE_CYCLE,CAUTION,OTHER,0.0,0.0542,0.0002,PLI,12.0,-3.0,PAPER_PROFIT,3.0,1.0,8.0,2.0,,,1.0,Fresh,₹63 – ₹66,₹59 (−7.3%),2–8% (12m),❌ 1.0:1,42.7,51,True,2026-06-05 12:45:05,0.0,0.0,0,4.0,4.0,0.0,0.0,0.0,0.0,0.0,4.0,2.0,2.0,2.0,1.0,3.0,0.0,0.0,0.0,0.0,0.0,1.0,2.0,0.0,0.0,0.0,0.0,0.0,9.0,4.0,0.0,0.0,False,
INE112L01020,METROPOLIS,METROPOLIS HEALT,Healthcare Services,False,,,15,7,8.0,20,13,48,WATCHLIST_CONFIRMED,,↑14,False,False,1–2% (vol↓),LATE_CYCLE,CAUTION,OTHER,1.0,0.4216,0.663,HEALTHCARE,15.0,0.0,,4.0,1.0,7.0,2.0,,,1.0,Fresh,₹528 – ₹545,₹511 (−4.8%),8–20% (12m),✅ 2.5:1,42.7,59,True,2026-06-05 12:45:05,4.0,0.0,0,4.0,4.0,5.0,0.0,0.0,2.0,0.0,4.0,2.0,0.0,2.0,1.0,3.0,1.0,0.0,0.0,0.0,0.0,1.0,0.0,0.0,2.0,0.0,0.0,0.0,9.0,4.0,0.0,0.0,False,
INE356A01018,MPHASIS,MPHASIS,IT - Software,False,,,20,7,8.0,6,14,48,WATCHLIST_CONFIRMED,,↑13,False,False,2–4% (vol↓),BASING,CAUTION,OTHER,1.0,0.7913,0.6159,DIGITAL,12.0,0.0,,6.0,2.0,8.0,2.0,,,1.0,Fresh,"₹2,253 – ₹2,324","₹2,183 (−4.6%)",8–20% (12m),✅ 2.6:1,42.7,62,True,2026-06-05 12:45:06,8.0,4.0,0,4.0,4.0,5.0,0.0,0.0,2.0,0.0,4.0,2.0,0.0,0.0,0.0,0.0,0.0,0.0,0.0,0.0,0.0,1.0,0.0,0.0,2.0,0.0,0.0,0.0,10.0,4.0,0.0,0.0,False,36.0
INE081A01020,TATASTEEL,TATA STEEL,Ferrous Metals,False,,,0,6,11.0,32,4,48,WATCHLIST_EXTERNAL,▼ At risk: near MONITOR boundary,↓9,False,False,0–1%,CORRECTION,CAUTION,OTHER,1.0,0.7674,0.2894,nan,13.0,0.0,,2.0,0.0,8.0,2.0,,,1.0,Fresh,₹210 – ₹214,₹205 (−3.1%),2–8% (12m),✅ 2.3:1,42.7,39,True,2026-06-05 12:45:08,0.0,0.0,0,0.0,0.0,0.0,0.0,0.0,2.0,0.0,4.0,0.0,0.0,2.0,1.0,3.0,1.0,0.0,1.0,0.0,1.0,1.0,2.0,2.0,0.0,0.0,0.0,2.0,0.0,4.0,0.0,0.0,False,1.0
INE399G01023,RKFORGE,RAMKRISHNA FORG.,Auto Components,False,,,6,13,13.0,14,14,48,WATCHLIST_CONFIRMED,,↑14,False,False,4–6%,BASING,CAUTION,OTHER,0.0,0.8716,0.0263,PLI,13.0,0.0,,2.0,0.0,4.0,1.0,,,1.0,Fresh,₹547 – ₹563,₹530 (−4.5%),8–20% (12m),✅ 2.7:1,42.7,62,True,2026-06-05 12:45:13,0.0,2.0,0,0.0,0.0,5.0,4.0,6.0,2.0,4.0,0.0,2.0,2.0,2.0,0.0,0.0,0.0,0.0,0.0,0.0,0.0,0.0,2.0,0.0,0.0,3.0,0.0,0.0,10.0,4.0,0.0,0.0,False,32.0
INE003A01024,SIEMENS,SIEMENS,Electrical Equipment,False,,,16,7,10.0,16,4,48,WATCHLIST_EXTERNAL,▲ Approaching WATCHLIST_CONFIRMED,↑3,False,False,1–2% (vol↓),TOPPING,CAUTION,OTHER,0.0,0.2844,0.075,"CAPEX_SUPERCYCLE,POWER",13.0,0.0,,5.0,2.0,8.0,2.0,,,1.0,Fresh,"₹3,642 – ₹3,777","₹3,506 (−5.5%)",2–8% (12m),❌ 1.3:1,42.7,51,True,2026-06-05 12:45:14,4.0,0.0,0,4.0,4.0,5.0,0.0,0.0,2.0,0.0,4.0,2.0,0.0,2.0,1.0,3.0,1.0,0.0,1.0,0.0,0.0,0.0,0.0,0.0,0.0,0.0,0.0,0.0,0.0,4.0,0.0,0.0,False,
INE482J01021,SHAH,SHAH METACORP,Industrial Products,False,,,14,2,10.0,18,4,48,WATCHLIST_EXTERNAL,,↓3,False,False,1–2% (vol↓),TOPPING,CAUTION,OTHER,0.0,0.338,0.0,nan,12.0,-3.0,PAPER_PROFIT,4.0,1.0,3.0,0.0,,,1.0,Fresh,₹5 – ₹5,₹5 (−10.9%),2–8% (12m),❌ 0.6:1,42.7,45,True,2026-06-05 12:45:15,8.0,4.0,0,4.0,4.0,0.0,4.0,0.0,0.0,0.0,0.0,0.0,0.0,2.0,1.0,3.0,0.0,1.0,1.0,0.0,0.0,1.0,0.0,0.0,0.0,0.0,0.0,0.0,0.0,4.0,0.0,0.0,False,
INE836A01035,BSOFT,BIRLASOFT LTD,IT - Software,False,,,20,7,11.0,4,14,48,WATCHLIST_CONFIRMED,,↑13,False,False,2–4% (vol↓),BASING,CAUTION,OTHER,1.0,0.5715,0.4316,DIGITAL,11.0,0.0,,5.0,2.0,8.0,2.0,,,1.0,Fresh,₹321 – ₹334,₹309 (−5.8%),8–20% (12m),✅ 2.1:1,42.7,62,True,2026-06-05 12:45:17,8.0,2.0,0,4.0,4.0,5.0,0.0,0.0,2.0,0.0,4.0,2.0,0.0,0.0,0.0,0.0,0.0,0.0,0.0,0.0,0.0,0.0,2.0,0.0,0.0,0.0,0.0,0.0,10.0,4.0,0.0,0.0,False,
INE886D01026,EFCIL,EFC (I),Commercial Services & Supplies,False,,,8,5,10.0,6,13,48,WATCHLIST_EXTERNAL,,↓3,False,False,1–2% (vol↓),LATE_CYCLE,CAUTION,OTHER,0.0,0.08,0.037,nan,9.0,-2.0,EARN_QUALITY,2.0,0.0,1.0,0.0,,,1.0,Fresh,₹174 – ₹181,₹166 (−6.3%),2–8% (12m),❌ 1.1:1,42.7,44,True,2026-06-05 12:45:18,4.0,4.0,0,4.0,0.0,0.0,0.0,6.0,2.0,0.0,0.0,0.0,0.0,0.0,0.0,0.0,0.0,0.0,0.0,0.0,1.0,0.0,0.0,0.0,2.0,0.0,0.0,0.0,9.0,4.0,0.0,0.0,False,30.0
INE136B01020,CYIENT,CYIENT,IT - Services,False,,,16,10,8.0,4,14,48,WATCHLIST_CONFIRMED,,↑9,False,False,2–3%,BASING,CAUTION,OTHER,1.0,0.6998,0.6641,DIGITAL,11.0,0.0,,5.0,2.0,8.0,2.0,,,1.0,Fresh,₹895 – ₹918,₹872 (−3.8%),8–20% (12m),✅ 3.1:1,42.7,57,True,2026-06-05 12:45:19,4.0,0.0,0,4.0,4.0,5.0,4.0,0.0,2.0,0.0,4.0,2.0,0.0,0.0,0.0,0.0,0.0,0.0,0.0,0.0,0.0,0.0,0.0,0.0,2.0,0.0,0.0,0.0,10.0,4.0,0.0,0.0,True,36.0
INE119A01028,BALRAMCHIN,BALRAMPUR CHINI,Agricultural Food & other Products,False,,,15,8,10.0,4,4,48,WATCHLIST_EXTERNAL,,↓3,False,False,1–2% (vol↓),CORRECTION,CAUTION,OTHER,0.0,0.4312,0.5063,AGRI,10.0,0.0,,3.0,1.0,7.0,2.0,,,1.0,Fresh,₹522 – ₹538,₹505 (−4.8%),2–8% (12m),❌ 1.5:1,42.7,46,True,2026-06-05 12:45:24,4.0,0.0,0,4.0,4.0,5.0,0.0,0.0,2.0,0.0,4.0,2.0,2.0,2.0,0.0,0.0,0.0,0.0,0.0,0.0,0.0,0.0,0.0,0.0,0.0,0.0,0.0,0.0,0.0,4.0,0.0,0.0,False,
INE559A01017,IFBIND,IFB INDUSTRIES,Consumer Durables,False,,,17,7,10.0,2,13,48,WATCHLIST_CONFIRMED,▼ At risk: near WATCHLIST_EXTERNAL boundary,↑7,False,False,1–2% (vol↓),LATE_CYCLE,CAUTION,CONSUMPTION,0.0,0.0422,0.11,PREMIUMISATION,11.0,0.0,,5.0,2.0,8.0,2.0,,,1.0,Fresh,"₹1,245 – ₹1,314","₹1,177 (−8.1%)",8–20% (12m),❌ 1.5:1,42.7,55,True,2026-06-05 12:45:25,4.0,2.0,0,4.0,4.0,5.0,0.0,0.0,2.0,0.0,4.0,2.0,0.0,0.0,0.0,0.0,0.0,1.0,0.0,0.0,0.0,0.0,0.0,0.0,0.0,0.0,0.0,0.0,9.0,4.0,0.0,0.0,False,
INE682M01012,JLHL,JUPITER LIFE LIN,Healthcare Services,False,,,16,10,10.0,2,13,48,WATCHLIST_CONFIRMED,,↑11,False,False,2–3%,LATE_CYCLE,CAUTION,OTHER,0.0,0.3504,0.2194,HEALTHCARE,12.0,0.0,,4.0,1.0,4.0,1.0,,,1.0,Fresh,"₹1,299 – ₹1,339","₹1,260 (−4.5%)",8–20% (12m),✅ 2.7:1,42.7,59,True,2026-06-05 12:45:27,4.0,2.0,0,4.0,4.0,5.0,4.0,6.0,2.0,0.0,0.0,2.0,0.0,0.0,0.0,0.0,0.0,0.0,0.0,0.0,1.0,0.0,0.0,0.0,0.0,0.0,0.0,0.0,9.0,4.0,0.0,0.0,False,19.0
INE529A01010,FMGOETZE,FEDERAL-MOGUL GO,Auto Components,False,,,16,11,10.0,2,14,48,WATCHLIST_CONFIRMED,,↑14,False,False,2–4% (vol↓),BASING,CAUTION,OTHER,0.0,0.0254,0.0,PLI,12.0,-1.0,EARN_REV_DIVERGE,6.0,2.0,8.0,2.0,,,1.0,Fresh,₹415 – ₹430,₹400 (−5.4%),8–20% (12m),✅ 2.2:1,42.7,62,True,2026-06-05 12:45:29,4.0,2.0,0,4.0,4.0,5.0,0.0,6.0,2.0,0.0,4.0,2.0,0.0,0.0,0.0,0.0,0.0,0.0,0.0,0.0,1.0,0.0,0.0,0.0,0.0,0.0,0.0,0.0,10.0,4.0,0.0,0.0,True,10.0
INE614B01018,KTKBANK,KARNATAKA BANK,Banks,False,,,1,5,13.0,32,13,47,WATCHLIST_EXTERNAL,▲ Approaching WATCHLIST_CONFIRMED,─,False,False,1–2% (vol↓),LATE_CYCLE,CAUTION,FINANCIALS,0.0,0.5226,0.1652,FIN_INCLUSION,14.0,-2.0,EARN_QUALITY,4.0,1.0,0.0,0.0,,,1.0,Fresh,₹262 – ₹273,₹252 (−5.9%),2–8% (12m),❌ 1.2:1,41.3,49,True,2026-06-05 12:44:59,0.0,0.0,0,0.0,0.0,0.0,0.0,6.0,2.0,0.0,0.0,0.0,0.0,2.0,1.0,3.0,1.0,0.0,1.0,0.0,1.0,1.0,2.0,0.0,2.0,0.0,0.0,2.0,9.0,4.0,0.0,0.0,False,16.0
INE680A01011,DHANBANK,DHANLAXMI BANK,Banks,False,,,1,10,13.0,20,13,47,WATCHLIST_EXTERNAL,▲ Approaching WATCHLIST_CONFIRMED,↓7,False,False,1–2% (vol↓),LATE_CYCLE,CAUTION,FINANCIALS,0.0,0.971,0.0,FIN_INCLUSION,12.0,-3.0,PAPER_PROFIT,3.0,1.0,4.0,1.0,,,1.0,Fresh,₹33 – ₹35,₹32 (−6.7%),2–8% (12m),❌ 1.0:1,41.3,49,True,2026-06-05 12:45:00,0.0,0.0,0,0.0,0.0,0.0,0.0,6.0,0.0,4.0,0.0,2.0,2.0,2.0,0.0,0.0,1.0,0.0,1.0,0.0,0.0,0.0,2.0,2.0,0.0,0.0,0.0,2.0,9.0,4.0,0.0,0.0,False,
INE750A01020,ORIENTHOT,ORIENTAL HOTELS,Leisure Services,False,,,7,10,10.0,6,13,47,WATCHLIST_EXTERNAL,▲ Approaching WATCHLIST_CONFIRMED,─,False,False,1–2% (vol↓),LATE_CYCLE,CAUTION,OTHER,0.0,0.0518,0.0228,PREMIUMISATION,10.0,0.0,,4.0,1.0,5.0,1.0,,,1.0,Fresh,₹99 – ₹103,₹96 (−4.9%),2–8% (12m),❌ 1.4:1,41.3,50,True,2026-06-05 12:45:01,0.0,0.0,0,4.0,4.0,0.0,4.0,0.0,2.0,4.0,0.0,2.0,2.0,0.0,0.0,0.0,0.0,0.0,0.0,0.0,0.0,0.0,0.0,0.0,0.0,3.0,0.0,0.0,9.0,4.0,0.0,0.0,False,
INE0PPK01015,ORIENTTECH,ORIENT TECH.,IT - Services,False,,,16,2,13.0,8,14,47,WATCHLIST_CONFIRMED,,↑10,False,False,1–2% (vol↓),BASING,CAUTION,OTHER,0.0,0.064,0.0,DIGITAL,10.0,-3.0,PAPER_PROFIT,4.0,1.0,3.0,0.0,,,1.0,Fresh,₹260 – ₹270,₹251 (−5.5%),8–20% (12m),✅ 2.2:1,41.3,56,True,2026-06-05 12:45:01,8.0,2.0,0,4.0,4.0,5.0,4.0,0.0,0.0,0.0,0.0,0.0,0.0,0.0,0.0,0.0,0.0,0.0,0.0,0.0,0.0,0.0,2.0,2.0,0.0,0.0,0.0,0.0,10.0,4.0,0.0,0.0,False,
INE470Y01017,NIACL,NEW INDIA ASSURA,Insurance,False,,,1,5,13.0,10,4,47,MONITOR,,↓15,False,False,0%,TOPPING,CAUTION,FINANCIALS,0.0,0.0414,0.002,FIN_INCLUSION,7.0,-3.0,EARN_QUALITY|EARN_REV_DIVERGE,4.0,1.0,1.0,0.0,,,1.0,Fresh,₹145 – ₹150,₹140 (−5.1%),,,41.3,32,True,2026-06-05 12:45:01,0.0,0.0,0,4.0,0.0,0.0,0.0,6.0,0.0,0.0,0.0,0.0,2.0,0.0,0.0,0.0,0.0,0.0,0.0,0.0,1.0,0.0,2.0,0.0,2.0,0.0,0.0,0.0,0.0,4.0,0.0,0.0,False,24.0
INE417T01026,POLICYBZR,PB FINTECH.,Financial Technology (Fintech),False,,,4,12,8.0,4,13,47,WATCHLIST_EXTERNAL,,─,False,False,1–2% (vol↓),LATE_CYCLE,CAUTION,FINANCIALS,1.0,1.4399,0.5124,"DIGITAL,FIN_INCLUSION",10.0,-3.0,PAPER_PROFIT,3.0,1.0,9.0,2.0,,,1.0,Fresh,"₹1,550 – ₹1,607","₹1,492 (−5.5%)",2–8% (12m),❌ 1.3:1,41.3,47,False,2026-06-05 12:45:02,0.0,0.0,0,4.0,4.0,0.0,4.0,0.0,0.0,4.0,4.0,2.0,2.0,0.0,0.0,0.0,0.0,0.0,0.0,0.0,0.0,0.0,0.0,0.0,2.0,0.0,0.0,0.0,9.0,4.0,0.0,0.0,False,
INE759A01021,MASTEK,MASTEK,IT - Software,False,,,17,10,10.0,4,14,47,WATCHLIST_CONFIRMED,,↑13,False,False,2–4% (vol↓),BASING,CAUTION,OTHER,0.0,0.4603,0.2976,DIGITAL,12.0,0.0,,6.0,2.0,7.0,2.0,,,1.0,Fresh,"₹1,650 – ₹1,714","₹1,586 (−5.7%)",8–20% (12m),✅ 2.1:1,41.3,61,True,2026-06-05 12:45:04,4.0,2.0,0,4.0,4.0,5.0,4.0,0.0,2.0,0.0,4.0,2.0,0.0,0.0,0.0,0.0,0.0,0.0,0.0,0.0,0.0,0.0,0.0,0.0,2.0,0.0,0.0,0.0,10.0,4.0,0.0,0.0,True,48.0
INE947Q01028,LAURUSLABS,LAURUS LABS,Pharmaceuticals & Biotechnology,False,,,7,11,8.0,28,13,47,WATCHLIST_CONFIRMED,,↑13,False,False,4–6%,LATE_CYCLE,CAUTION,OTHER,1.0,1.0593,0.2241,"HEALTHCARE,PLI",18.0,0.0,,2.0,0.0,8.0,2.0,,,1.0,Fresh,"₹1,381 – ₹1,407","₹1,355 (−2.8%)",8–20% (12m),✅ 4.3:1,41.3,60,True,2026-06-05 12:45:05,0.0,0.0,0,0.0,4.0,5.0,0.0,0.0,2.0,4.0,4.0,2.0,2.0,2.0,1.0,3.0,1.0,0.0,1.0,1.0,0.0,1.0,0.0,0.0,2.0,0.0,0.0,2.0,9.0,4.0,0.0,0.0,False,55.0
INE059D01020,LAOPALA,LA OPALA RG,Consumer Durables,False,,,16,6,10.0,8,13,47,WATCHLIST_CONFIRMED,▼ At risk: near WATCHLIST_EXTERNAL boundary,↑7,False,False,1–2% (vol↓),LATE_CYCLE,CAUTION,CONSUMPTION,0.0,0.0518,0.393,PREMIUMISATION,10.0,0.0,,6.0,2.0,7.0,2.0,,,1.0,Fresh,₹174 – ₹180,₹169 (−4.9%),8–20% (12m),✅ 2.4:1,41.3,54,True,2026-06-05 12:45:05,4.0,0.0,0,4.0,4.0,5.0,0.0,0.0,2.0,0.0,4.0,0.0,0.0,0.0,0.0,0.0,0.0,0.0,0.0,0.0,1.0,0.0,0.0,0.0,0.0,3.0,0.0,0.0,9.0,4.0,0.0,0.0,False,2.0
INE338I01027,MOTILALOFS,MOTIL.OSWAL.FIN.,Capital Markets,False,,,12,10,13.0,14,4,47,WATCHLIST_CONFIRMED,▼ At risk: near WATCHLIST_EXTERNAL boundary,↑5,False,False,2–3%,TOPPING,CAUTION,FINANCIALS,0.0,0.2903,0.0975,FIN_INCLUSION,11.0,-3.0,PAPER_PROFIT,7.0,2.0,4.0,1.0,,,1.0,Fresh,₹843 – ₹868,₹819 (−4.2%),8–20% (12m),✅ 2.8:1,41.3,54,True,2026-06-05 12:45:06,8.0,4.0,0,4.0,0.0,0.0,4.0,6.0,2.0,0.0,0.0,2.0,0.0,2.0,0.0,0.0,0.0,0.0,0.0,0.0,0.0,0.0,2.0,0.0,0.0,3.0,0.0,0.0,0.0,4.0,0.0,0.0,False,36.0
INE0GK401011,TATVA,TATVA CHINTAN,Chemicals & Petrochemicals,False,,,7,8,10.0,12,13,47,WATCHLIST_EXTERNAL,▲ Approaching WATCHLIST_CONFIRMED,↑3,False,False,1–2% (vol↓),LATE_CYCLE,CAUTION,OTHER,0.0,0.1698,0.0574,PLI,12.0,0.0,,3.0,1.0,8.0,2.0,,,1.0,Fresh,"₹1,199 – ₹1,246","₹1,151 (−5.8%)",2–8% (12m),❌ 1.2:1,41.3,50,True,2026-06-05 12:45:08,0.0,0.0,0,4.0,4.0,0.0,0.0,0.0,2.0,0.0,4.0,2.0,2.0,0.0,1.0,3.0,0.0,0.0,0.0,0.0,1.0,1.0,0.0,0.0,0.0,0.0,0.0,0.0,9.0,4.0,0.0,0.0,False,19.0
INE843S01025,SURAJEST,SURAJ ESTATE,Realty,False,,,1,11,13.0,14,4,47,WATCHLIST_EXTERNAL,,↓5,False,False,1–2% (vol↓),CORRECTION,CAUTION,OTHER,0.0,0.0977,0.0,INFRA,9.0,-3.0,PAPER_PROFIT,3.0,1.0,4.0,1.0,,,1.0,Fresh,₹186 – ₹194,₹177 (−6.7%),2–8% (12m),❌ 1.0:1,41.3,43,True,2026-06-05 12:45:09,4.0,0.0,0,0.0,0.0,0.0,4.0,6.0,0.0,4.0,0.0,2.0,0.0,0.0,0.0,0.0,0.0,0.0,0.0,0.0,0.0,0.0,2.0,2.0,0.0,3.0,0.0,0.0,0.0,4.0,0.0,0.0,False,
INE01R501028,VIKRAN,VIKRAN ENGG.,Construction,False,,,10,6,10.0,10,4,47,WATCHLIST_EXTERNAL,▼ At risk: near MONITOR boundary,↓6,False,False,0% (vol↓),TOPPING,CAUTION,OTHER,0.0,0.0642,0.0,INFRA,9.0,-3.0,PAPER_PROFIT,5.0,2.0,8.0,2.0,,,1.0,Fresh,₹69 – ₹73,₹65 (−8.2%),2–8% (12m),❌ 0.9:1,41.3,40,True,2026-06-05 12:45:11,8.0,2.0,0,4.0,0.0,0.0,0.0,0.0,0.0,0.0,4.0,0.0,2.0,0.0,0.0,0.0,0.0,1.0,0.0,0.0,1.0,0.0,0.0,0.0,0.0,3.0,0.0,0.0,0.0,4.0,0.0,0.0,False,0.0
INE078V01014,VIKRAMSOLR,VIKRAM SOLAR,Electrical Equipment,False,,,16,8,13.0,4,4,47,WATCHLIST_EXTERNAL,▲ Approaching WATCHLIST_CONFIRMED,─,False,False,1–2% (vol↓),TOPPING,CAUTION,OTHER,0.0,0.1394,0.0762,"CAPEX_SUPERCYCLE,POWER",8.0,0.0,,6.0,2.0,7.0,2.0,,,1.0,Fresh,₹202 – ₹208,₹196 (−4.6%),2–8% (12m),⚠ 1.5:1,41.3,50,True,2026-06-05 12:45:11,8.0,0.0,0,0.0,4.0,5.0,4.0,0.0,2.0,0.0,4.0,0.0,0.0,0.0,0.0,0.0,0.0,0.0,0.0,0.0,0.0,0.0,2.0,0.0,0.0,0.0,0.0,0.0,0.0,4.0,0.0,0.0,False,31.0
INE385C01021,SARDAEN,SARDA ENERGY,Ferrous Metals,False,,,11,5,10.0,8,4,47,WATCHLIST_EXTERNAL,▼ At risk: near MONITOR boundary,↓9,False,False,0% (vol↓),CORRECTION,CAUTION,OTHER,0.0,0.1514,0.0092,nan,8.0,0.0,,4.0,1.0,6.0,1.0,,,1.0,Fresh,₹512 – ₹529,₹495 (−5.0%),2–8% (12m),❌ 1.4:1,41.3,38,True,2026-06-05 12:45:11,4.0,0.0,0,4.0,4.0,0.0,0.0,0.0,2.0,0.0,4.0,0.0,0.0,0.0,1.0,3.0,0.0,0.0,0.0,0.0,0.0,0.0,0.0,0.0,0.0,0.0,0.0,0.0,0.0,4.0,0.0,0.0,False,
INE457F01013,SALZERELEC,SALZER ELECTRON.,Electrical Equipment,False,,,12,8,13.0,8,4,47,WATCHLIST_EXTERNAL,▲ Approaching WATCHLIST_CONFIRMED,↑3,False,False,1–2% (vol↓),TOPPING,CAUTION,OTHER,0.0,0.2504,0.0002,"CAPEX_SUPERCYCLE,POWER",10.0,-3.0,PAPER_PROFIT,4.0,1.0,3.0,0.0,,,1.0,Fresh,₹615 – ₹643,₹588 (−6.6%),2–8% (12m),❌ 1.1:1,41.3,50,True,2026-06-05 12:45:12,4.0,0.0,0,4.0,4.0,5.0,4.0,6.0,0.0,0.0,0.0,2.0,0.0,0.0,0.0,0.0,0.0,0.0,0.0,0.0,0.0,0.0,2.0,2.0,0.0,0.0,0.0,0.0,0.0,4.0,0.0,0.0,False,
INE976G01028,RBLBANK,RBL BANK,Banks,False,,,1,11,8.0,28,13,47,WATCHLIST_EXTERNAL,▲ Approaching WATCHLIST_CONFIRMED,─,False,False,2–3%,LATE_CYCLE,CAUTION,FINANCIALS,1.0,0.8834,0.718,FIN_INCLUSION,15.0,-3.0,PAPER_PROFIT,3.0,1.0,7.0,2.0,,,1.0,Fresh,₹344 – ₹353,₹335 (−3.9%),2–8% (12m),⚠ 1.8:1,41.3,49,True,2026-06-05 12:45:13,0.0,0.0,0,0.0,0.0,0.0,4.0,0.0,0.0,4.0,4.0,2.0,0.0,2.0,1.0,3.0,1.0,0.0,1.0,0.0,1.0,1.0,0.0,0.0,2.0,0.0,0.0,2.0,9.0,4.0,0.0,0.0,False,1.0
INE880Y01017,SOLEX,SOLEX ENERGY,Electrical Equipment,False,,,15,10,10.0,0,4,47,WATCHLIST_EXTERNAL,▲ Approaching WATCHLIST_CONFIRMED,↑3,False,False,1–2% (vol↓),TOPPING,CAUTION,OTHER,0.0,0.014,0.0,"CAPEX_SUPERCYCLE,POWER",8.0,-3.0,PAPER_PROFIT,6.0,2.0,6.0,1.0,,,1.0,Fresh,"₹1,115 – ₹1,185","₹1,044 (−9.2%)",2–8% (12m),❌ 0.8:1,41.3,50,True,2026-06-05 12:45:15,8.0,4.0,0,4.0,4.0,0.0,4.0,6.0,0.0,0.0,4.0,0.0,0.0,0.0,0.0,0.0,0.0,0.0,0.0,0.0,0.0,0.0,0.0,0.0,0.0,0.0,0.0,0.0,0.0,4.0,0.0,0.0,False,
INE05XR01022,BHARATCOAL,BHARAT COKING,Consumable Fuels,False,,,11,1,10.0,8,15,47,MONITOR,,─,False,False,0%,MID_CYCLE,CAUTION,OTHER,0.0,0.0088,0.026,POWER,9.0,0.0,,3.0,1.0,1.0,0.0,,,1.0,Fresh,₹38 – ₹40,₹36 (−7.1%),,,41.3,47,False,2026-06-05 12:45:16,4.0,4.0,0,4.0,0.0,0.0,0.0,0.0,2.0,0.0,0.0,0.0,0.0,2.0,0.0,0.0,1.0,1.0,0.0,0.0,0.0,0.0,0.0,0.0,0.0,0.0,0.0,0.0,14.0,4.0,0.0,0.0,False,
INE150B01039,ALKYLAMINE,ALKYL AMINES,Chemicals & Petrochemicals,False,,,13,5,10.0,8,13,47,WATCHLIST_EXTERNAL,▲ Approaching WATCHLIST_CONFIRMED,↑3,False,False,1–2% (vol↓),LATE_CYCLE,CAUTION,OTHER,0.0,0.169,0.0256,PLI,11.0,0.0,,6.0,2.0,6.0,1.0,,,1.0,Fresh,"₹1,794 – ₹1,879","₹1,710 (−6.9%)",2–8% (12m),❌ 1.0:1,41.3,50,True,2026-06-05 12:45:23,4.0,2.0,0,4.0,4.0,0.0,0.0,0.0,2.0,0.0,4.0,0.0,0.0,2.0,0.0,0.0,0.0,1.0,0.0,0.0,1.0,0.0,0.0,0.0,0.0,0.0,0.0,0.0,9.0,4.0,0.0,0.0,False,31.0
INE0Y8W01025,AHCL,ANLON HEALTHCARE,Pharmaceuticals & Biotechnology,False,,,15,2,13.0,22,13,47,WATCHLIST_CONFIRMED,,↑13,False,False,2–4% (vol↓),LATE_CYCLE,CAUTION,OTHER,0.0,0.0196,0.0,"HEALTHCARE,PLI",13.0,-3.0,PAPER_PROFIT,5.0,2.0,3.0,0.0,,,1.0,Fresh,₹13 – ₹14,₹13 (−7.1%),8–20% (12m),⚠ 1.7:1,41.3,60,True,2026-06-05 12:45:23,8.0,4.0,0,4.0,4.0,0.0,4.0,0.0,0.0,0.0,0.0,0.0,0.0,2.0,1.0,3.0,0.0,0.0,0.0,0.0,0.0,1.0,2.0,2.0,0.0,0.0,0.0,0.0,9.0,4.0,0.0,0.0,False,39.0
INE412G01024,BCLIND,BCL INDUSTRIES,Beverages,False,,,11,7,13.0,10,4,47,WATCHLIST_EXTERNAL,,─,False,False,1–2% (vol↓),CORRECTION,CAUTION,CONSUMPTION,0.0,0.0366,0.0,PREMIUMISATION,9.0,0.0,,3.0,1.0,7.0,2.0,,,1.0,Fresh,₹32 – ₹33,₹30 (−6.7%),2–8% (12m),❌ 1.0:1,41.3,46,True,2026-06-05 12:45:24,4.0,0.0,0,4.0,0.0,5.0,0.0,0.0,2.0,0.0,4.0,2.0,0.0,0.0,0.0,0.0,0.0,0.0,0.0,0.0,0.0,0.0,2.0,0.0,0.0,3.0,0.0,0.0,0.0,4.0,0.0,0.0,False,
INE896L01010,INDOSTAR,INDOSTAR CAPITAL,Finance,False,,,0,0,13.0,12,13,47,MONITOR,,↓19,False,False,0%,LATE_CYCLE,CAUTION,FINANCIALS,0.0,0.1161,0.0,FIN_INCLUSION,5.0,-4.0,PAPER_PROFIT|DE_ROCE_STRESS,1.0,0.0,3.0,0.0,,,1.0,Fresh,₹221 – ₹233,₹209 (−7.9%),,,41.3,28,True,2026-06-05 12:45:25,0.0,0.0,0,0.0,0.0,0.0,0.0,0.0,0.0,0.0,0.0,0.0,0.0,0.0,0.0,0.0,0.0,1.0,0.0,0.0,0.0,0.0,2.0,0.0,0.0,3.0,0.0,0.0,9.0,4.0,0.0,0.0,False,
INE918Z01012,KAYNES,KAYNES TECH,Industrial Manufacturing,False,,,12,11,10.0,2,4,47,WATCHLIST_EXTERNAL,,─,False,False,1–2% (vol↓),TOPPING,CAUTION,OTHER,0.0,0.3438,0.2586,PLI,9.0,-3.0,PAPER_PROFIT,4.0,1.0,8.0,2.0,,,1.0,Fresh,"₹3,159 – ₹3,270","₹3,048 (−5.2%)",2–8% (12m),❌ 1.4:1,41.3,46,True,2026-06-05 12:45:26,4.0,0.0,0,4.0,4.0,5.0,4.0,6.0,0.0,0.0,4.0,0.0,0.0,0.0,0.0,0.0,0.0,0.0,0.0,1.0,0.0,0.0,0.0,0.0,0.0,0.0,0.0,0.0,0.0,4.0,0.0,0.0,False,
INE980O01024,JYOTICNC,JYOTI CNC AUTO.,Industrial Manufacturing,False,,,15,8,10.0,2,4,47,WATCHLIST_EXTERNAL,,─,False,False,1–2% (vol↓),TOPPING,CAUTION,OTHER,0.0,0.3742,0.2368,PLI,9.0,-3.0,PAPER_PROFIT,5.0,2.0,9.0,2.0,,,1.0,Fresh,₹580 – ₹605,₹555 (−6.4%),2–8% (12m),❌ 1.1:1,41.3,46,True,2026-06-05 12:45:26,8.0,4.0,0,4.0,4.0,0.0,4.0,0.0,0.0,0.0,4.0,2.0,0.0,0.0,0.0,0.0,0.0,1.0,0.0,0.0,0.0,0.0,0.0,0.0,0.0,0.0,0.0,0.0,0.0,4.0,0.0,0.0,False,
INE993A01026,MANINDS,MAN INDUSTRIES,Industrial Products,False,,,7,7,10.0,18,4,46,WATCHLIST_EXTERNAL,,↓3,False,False,1–2% (vol↓),TOPPING,CAUTION,OTHER,0.0,0.1572,0.0,nan,13.0,0.0,,2.0,0.0,4.0,1.0,,,1.0,Fresh,₹479 – ₹514,₹444 (−10.6%),2–8% (12m),❌ 0.7:1,39.3,43,True,2026-06-05 12:44:59,4.0,0.0,0,0.0,0.0,5.0,4.0,0.0,2.0,0.0,0.0,2.0,2.0,2.0,1.0,3.0,0.0,0.0,1.0,0.0,1.0,1.0,0.0,0.0,0.0,0.0,0.0,0.0,0.0,4.0,0.0,0.0,False,3.0
INE364U01010,ADANIGREEN,ADANI GREEN,Power,False,,,0,11,10.0,28,4,46,WATCHLIST_EXTERNAL,,─,False,False,1–2% (vol↓),TOPPING,CAUTION,OTHER,0.0,0.515,0.0644,"CAPEX_SUPERCYCLE,POWER",14.0,-1.0,DE_ROCE_STRESS,1.0,0.0,6.0,1.0,,,1.0,Fresh,"₹1,404 – ₹1,451","₹1,358 (−4.9%)",2–8% (12m),❌ 1.4:1,39.3,44,True,2026-06-05 12:45:00,0.0,0.0,0,0.0,0.0,0.0,4.0,6.0,2.0,0.0,4.0,0.0,0.0,2.0,1.0,3.0,1.0,0.0,1.0,1.0,0.0,1.0,0.0,0.0,2.0,0.0,0.0,2.0,0.0,4.0,0.0,0.0,False,41.0
INE875B01015,NIMBSPROJ,NAN,nan,False,,,1,0,10.0,8,4,46,MONITOR,,↓28,False,False,0%,,CAUTION,OTHER,0.0,0.0014,0.0,nan,4.0,0.0,,4.0,1.0,0.0,0.0,,,1.0,Fresh,₹209 – ₹219,₹199 (−6.9%),,,39.3,19,True,2026-06-05 12:45:02,0.0,0.0,0,0.0,0.0,0.0,0.0,0.0,0.0,0.0,0.0,0.0,0.0,2.0,0.0,0.0,1.0,0.0,0.0,0.0,1.0,0.0,0.0,0.0,0.0,0.0,0.0,0.0,0.0,4.0,0.0,0.0,False,8.0
INE982J01020,PAYTM,ONE 97,Financial Technology (Fintech),False,,,4,10,8.0,10,13,46,WATCHLIST_EXTERNAL,,─,False,False,1–2% (vol↓),LATE_CYCLE,CAUTION,FINANCIALS,1.0,1.4791,0.329,"DIGITAL,FIN_INCLUSION",11.0,-3.0,PAPER_PROFIT,3.0,1.0,8.0,2.0,,,1.0,Fresh,"₹1,046 – ₹1,080","₹1,012 (−4.8%)",2–8% (12m),❌ 1.5:1,39.3,46,False,2026-06-05 12:45:03,0.0,0.0,0,4.0,4.0,0.0,0.0,0.0,0.0,4.0,4.0,2.0,2.0,0.0,1.0,3.0,0.0,0.0,0.0,0.0,0.0,1.0,0.0,0.0,0.0,0.0,0.0,0.0,9.0,4.0,0.0,0.0,False,
INE0R8B01010,PATELRMART,PATEL RETAIL,Retailing,False,,,16,7,10.0,0,4,46,WATCHLIST_EXTERNAL,,↓3,False,False,1–2% (vol↓),TOPPING,CAUTION,OTHER,0.0,0.0664,0.0,PREMIUMISATION,7.0,0.0,,8.0,3.0,8.0,2.0,,,1.0,Fresh,₹182 – ₹190,₹174 (−6.2%),2–8% (12m),❌ 1.1:1,39.3,43,True,2026-06-05 12:45:04,8.0,4.0,0,0.0,4.0,0.0,0.0,0.0,2.0,0.0,4.0,0.0,2.0,0.0,0.0,0.0,0.0,0.0,0.0,0.0,0.0,0.0,0.0,0.0,0.0,0.0,0.0,0.0,0.0,4.0,0.0,0.0,False,
INE119201023,PARKHOSPS,PARK MEDI WORLD,Healthcare Services,False,,,18,1,10.0,22,13,46,WATCHLIST_CONFIRMED,,↑11,False,False,1–2% (vol↓),LATE_CYCLE,CAUTION,OTHER,0.0,0.0356,0.1124,HEALTHCARE,14.0,0.0,,6.0,2.0,1.0,0.0,,,1.0,Fresh,₹282 – ₹293,₹271 (−5.7%),8–20% (12m),✅ 2.1:1,39.3,58,True,2026-06-05 12:45:04,8.0,4.0,0,4.0,4.0,0.0,0.0,0.0,2.0,0.0,0.0,0.0,0.0,2.0,1.0,3.0,1.0,0.0,0.0,0.0,1.0,1.0,0.0,0.0,2.0,0.0,0.0,0.0,9.0,4.0,0.0,0.0,False,11.0
INE083A01026,MOREPENLAB,MOREPEN LABS.,Pharmaceuticals & Biotechnology,False,,,15,6,13.0,14,13,46,WATCHLIST_CONFIRMED,,↑13,False,False,1–2% (vol↓),LATE_CYCLE,CAUTION,OTHER,0.0,0.2288,0.0,"HEALTHCARE,PLI",12.0,0.0,,3.0,1.0,7.0,2.0,,,1.0,Fresh,₹44 – ₹46,₹42 (−7.0%),8–20% (12m),⚠ 1.7:1,39.3,59,True,2026-06-05 12:45:06,4.0,0.0,0,4.0,4.0,5.0,0.0,0.0,2.0,0.0,4.0,0.0,0.0,2.0,0.0,0.0,0.0,1.0,0.0,0.0,0.0,0.0,2.0,2.0,0.0,0.0,0.0,0.0,9.0,4.0,0.0,0.0,False,
INE0HLU01028,MOBIKWIK,ONE MOBIKWIK,Financial Technology (Fintech),False,,,0,11,13.0,6,13,46,WATCHLIST_EXTERNAL,,─,False,False,1–2% (vol↓),LATE_CYCLE,CAUTION,FINANCIALS,0.0,0.4206,0.0132,"DIGITAL,FIN_INCLUSION",9.0,-3.0,PAPER_PROFIT,0.0,0.0,8.0,2.0,,,1.0,Fresh,₹190 – ₹198,₹183 (−6.0%),2–8% (12m),❌ 1.2:1,39.3,46,False,2026-06-05 12:45:07,0.0,0.0,0,4.0,0.0,0.0,4.0,0.0,0.0,4.0,4.0,2.0,0.0,0.0,0.0,0.0,0.0,0.0,0.0,0.0,1.0,0.0,2.0,0.0,0.0,0.0,0.0,0.0,9.0,4.0,0.0,0.0,False,10.0
INE939A01011,STAR,STRIDES PHARMA,Pharmaceuticals & Biotechnology,False,,,16,5,8.0,24,13,46,WATCHLIST_CONFIRMED,,↑13,False,False,1–2% (vol↓),LATE_CYCLE,CAUTION,OTHER,1.0,1.1901,0.1712,"HEALTHCARE,PLI",15.0,0.0,,6.0,2.0,5.0,1.0,,,1.0,Fresh,"₹1,055 – ₹1,107","₹1,003 (−7.2%)",8–20% (12m),⚠ 1.7:1,39.3,59,True,2026-06-05 12:45:07,8.0,4.0,0,0.0,0.0,5.0,0.0,0.0,2.0,0.0,0.0,2.0,2.0,2.0,1.0,3.0,0.0,0.0,1.0,0.0,1.0,1.0,0.0,0.0,0.0,3.0,0.0,0.0,9.0,4.0,0.0,0.0,False,17.0
INE802C01033,SSWL,STEEL STR. WHEEL,Auto Components,False,,,14,10,10.0,10,14,46,WATCHLIST_CONFIRMED,,↑14,False,False,2–4% (vol↓),BASING,CAUTION,OTHER,0.0,0.2415,0.0303,PLI,12.0,0.0,,5.0,2.0,8.0,2.0,,,1.0,Fresh,₹213 – ₹222,₹204 (−6.0%),8–20% (12m),⚠ 2.0:1,39.3,61,True,2026-06-05 12:45:07,8.0,2.0,0,0.0,0.0,5.0,0.0,0.0,2.0,4.0,4.0,2.0,0.0,2.0,0.0,0.0,0.0,1.0,0.0,0.0,0.0,0.0,0.0,0.0,2.0,0.0,0.0,0.0,10.0,4.0,0.0,0.0,False,57.0
INE334A01023,STERTOOLS,STERLING TOOLS,Auto Components,False,,,15,8,13.0,4,14,46,WATCHLIST_CONFIRMED,,↑14,False,False,2–4% (vol↓),BASING,CAUTION,OTHER,0.0,0.1258,0.0,PLI,10.0,0.0,,4.0,1.0,3.0,0.0,,,1.0,Fresh,₹221 – ₹229,₹214 (−4.9%),8–20% (12m),✅ 2.4:1,39.3,61,True,2026-06-05 12:45:08,4.0,0.0,0,4.0,4.0,5.0,4.0,6.0,2.0,0.0,0.0,0.0,0.0,0.0,0.0,0.0,0.0,0.0,0.0,0.0,0.0,0.0,2.0,0.0,0.0,0.0,0.0,0.0,10.0,4.0,0.0,0.0,False,
INE707A01012,VINDHYATEL,VINDHYA TELELINK,Telecom - Services,False,,,4,7,10.0,18,14,46,WATCHLIST_EXTERNAL,▲ Approaching WATCHLIST_CONFIRMED,─,False,False,1–2% (vol↓),BASING,CAUTION,OTHER,0.0,0.0776,0.1646,DIGITAL,12.0,-3.0,PAPER_PROFIT,1.0,0.0,7.0,2.0,,,1.0,Fresh,"₹2,121 – ₹2,279","₹1,963 (−10.8%)",2–8% (12m),❌ 0.6:1,39.3,49,True,2026-06-05 12:45:09,0.0,0.0,0,4.0,0.0,5.0,4.0,0.0,0.0,0.0,4.0,0.0,0.0,2.0,1.0,3.0,0.0,1.0,0.0,0.0,1.0,1.0,0.0,0.0,0.0,0.0,0.0,0.0,10.0,4.0,0.0,0.0,False,11.0
INE602W01027,SENCO,SENCO GOLD,Consumer Durables,False,,,4,12,10.0,12,13,46,WATCHLIST_CONFIRMED,▼ At risk: near WATCHLIST_EXTERNAL boundary,↑7,False,False,1–2% (vol↓),LATE_CYCLE,CAUTION,CONSUMPTION,0.0,0.3147,0.1316,PREMIUMISATION,12.0,-3.0,PAPER_PROFIT,4.0,1.0,8.0,2.0,,,1.0,Fresh,₹338 – ₹349,₹327 (−4.9%),8–20% (12m),✅ 2.4:1,39.3,53,True,2026-06-05 12:45:15,4.0,0.0,0,0.0,4.0,0.0,4.0,0.0,0.0,4.0,4.0,2.0,2.0,2.0,0.0,0.0,0.0,0.0,0.0,0.0,1.0,0.0,0.0,0.0,0.0,3.0,0.0,0.0,9.0,4.0,0.0,0.0,False,9.0
INE591G01025,COFORGE,COFORGE,IT - Software,False,,,17,10,8.0,6,14,46,WATCHLIST_CONFIRMED,,↑14,False,False,2–4% (vol↓),BASING,CAUTION,OTHER,1.0,1.2439,0.8014,DIGITAL,13.0,0.0,,6.0,2.0,8.0,2.0,,,1.0,Fresh,"₹1,393 – ₹1,449","₹1,338 (−5.9%)",8–20% (12m),✅ 2.0:1,39.3,60,True,2026-06-05 12:45:16,4.0,2.0,0,4.0,4.0,5.0,4.0,0.0,2.0,0.0,4.0,2.0,0.0,0.0,0.0,0.0,0.0,0.0,0.0,0.0,1.0,0.0,0.0,0.0,2.0,0.0,0.0,0.0,10.0,4.0,0.0,0.0,True,1.0
INE00LO01017,CRAFTSMAN,CRAFTSMAN AUTO,Auto Components,False,,,8,11,8.0,26,14,46,WATCHLIST_CONFIRMED,,↑14,False,False,2–4% (vol↓),BASING,CAUTION,OTHER,1.0,0.6192,0.4094,PLI,17.0,0.0,,3.0,1.0,9.0,2.0,,,1.0,Fresh,"₹8,753 – ₹9,044","₹8,461 (−4.9%)",8–20% (12m),✅ 2.4:1,39.3,61,True,2026-06-05 12:45:16,0.0,0.0,0,0.0,4.0,5.0,4.0,0.0,2.0,0.0,4.0,2.0,2.0,2.0,1.0,3.0,1.0,0.0,1.0,0.0,0.0,1.0,0.0,0.0,2.0,0.0,0.0,2.0,10.0,4.0,0.0,0.0,False,
INE397D01024,BHARTIARTL,BHARTI AIRTEL,Telecom - Services,False,,,7,11,8.0,4,14,46,WATCHLIST_EXTERNAL,▲ Approaching WATCHLIST_CONFIRMED,↑3,False,False,2–3%,BASING,CAUTION,OTHER,1.0,1.115,0.2406,DIGITAL,9.0,0.0,,4.0,1.0,8.0,2.0,,,1.0,Fresh,"₹1,809 – ₹1,839","₹1,779 (−2.5%)",2–8% (12m),✅ 2.8:1,39.3,49,True,2026-06-05 12:45:16,4.0,4.0,0,0.0,0.0,0.0,0.0,6.0,2.0,0.0,4.0,2.0,0.0,0.0,0.0,0.0,0.0,0.0,0.0,0.0,0.0,0.0,0.0,0.0,2.0,0.0,0.0,0.0,10.0,4.0,0.0,0.0,False,34.0
INE290S01011,CARTRADE,CARTRADE TECH,Retailing,False,,,8,10,8.0,14,4,46,WATCHLIST_EXTERNAL,,↓3,False,False,1–2% (vol↓),TOPPING,CAUTION,OTHER,1.0,2.1913,0.1913,PREMIUMISATION,11.0,0.0,,5.0,2.0,9.0,2.0,,,1.0,Fresh,"₹1,921 – ₹2,003","₹1,839 (−6.3%)",2–8% (12m),❌ 1.1:1,39.3,43,True,2026-06-05 12:45:17,0.0,0.0,0,4.0,4.0,0.0,4.0,0.0,2.0,0.0,4.0,2.0,0.0,0.0,1.0,3.0,0.0,0.0,0.0,0.0,0.0,1.0,0.0,0.0,2.0,0.0,0.0,0.0,0.0,4.0,0.0,0.0,False,
INE501A01019,DEEPAKFERT,DEEPAK FERTILIS.,Chemicals & Petrochemicals,False,,,13,6,10.0,4,13,46,WATCHLIST_EXTERNAL,▲ Approaching WATCHLIST_CONFIRMED,─,False,False,1–2% (vol↓),LATE_CYCLE,CAUTION,OTHER,0.0,0.4548,0.1916,PLI,9.0,0.0,,4.0,1.0,7.0,2.0,,,1.0,Fresh,"₹1,380 – ₹1,433","₹1,327 (−5.7%)",2–8% (12m),❌ 1.2:1,39.3,49,True,2026-06-05 12:45:19,4.0,2.0,0,4.0,0.0,5.0,0.0,0.0,2.0,0.0,4.0,0.0,0.0,2.0,0.0,0.0,0.0,0.0,0.0,0.0,0.0,0.0,0.0,0.0,0.0,0.0,0.0,0.0,9.0,4.0,0.0,0.0,False,
INE0H9P01028,ARIS,ARISINFRA SOLU.,Other Construction Materials,False,,,4,11,10.0,0,14,46,WATCHLIST_EXTERNAL,,─,False,False,1–2% (vol↓),BASING,CAUTION,OTHER,0.0,0.1869,0.0,INFRA,7.0,-3.0,PAPER_PROFIT,3.0,1.0,9.0,2.0,,,1.0,Fresh,₹112 – ₹117,₹107 (−6.5%),2–8% (12m),❌ 1.1:1,39.3,46,False,2026-06-05 12:45:21,8.0,0.0,0,0.0,0.0,0.0,4.0,0.0,0.0,4.0,4.0,0.0,2.0,0.0,0.0,0.0,0.0,0.0,0.0,0.0,0.0,0.0,0.0,0.0,0.0,0.0,0.0,0.0,10.0,4.0,0.0,0.0,False,53.0
INE438A01022,APOLLOTYRE,APOLLO TYRES,Auto Components,False,,,12,14,8.0,4,14,46,WATCHLIST_CONFIRMED,,↑13,False,False,4–6%,BASING,CAUTION,OTHER,1.0,0.6934,0.3566,PLI,12.0,0.0,,5.0,2.0,9.0,2.0,,,1.0,Fresh,₹386 – ₹396,₹376 (−3.9%),8–20% (12m),✅ 3.1:1,39.3,61,True,2026-06-05 12:45:22,0.0,0.0,0,4.0,4.0,5.0,0.0,6.0,2.0,4.0,4.0,2.0,2.0,0.0,0.0,0.0,0.0,0.0,0.0,0.0,0.0,0.0,0.0,0.0,2.0,0.0,0.0,0.0,10.0,4.0,0.0,0.0,False,
INE437A01024,APOLLOHOSP,APOLLO HOSPITALS,Healthcare Services,False,,,16,7,8.0,14,13,46,WATCHLIST_CONFIRMED,,↑11,False,False,2–3%,LATE_CYCLE,CAUTION,OTHER,1.0,1.7183,0.3326,HEALTHCARE,14.0,0.0,,4.0,1.0,8.0,2.0,,,1.0,Fresh,"₹8,203 – ₹8,378","₹8,029 (−3.1%)",8–20% (12m),✅ 3.8:1,39.3,58,True,2026-06-05 12:45:22,4.0,2.0,0,4.0,4.0,5.0,0.0,0.0,2.0,0.0,4.0,2.0,0.0,2.0,1.0,3.0,1.0,0.0,0.0,0.0,0.0,0.0,0.0,0.0,0.0,0.0,0.0,0.0,9.0,4.0,0.0,0.0,False,
INE188B01013,IGARASHI,IGARASHI MOTORS,Auto Components,False,,,11,11,13.0,4,14,46,WATCHLIST_CONFIRMED,,↑14,False,False,2–4% (vol↓),BASING,CAUTION,OTHER,0.0,0.015,0.0148,PLI,10.0,0.0,,4.0,1.0,7.0,2.0,,,1.0,Fresh,₹366 – ₹380,₹352 (−5.6%),8–20% (12m),✅ 2.1:1,39.3,61,True,2026-06-05 12:45:25,0.0,0.0,0,4.0,4.0,5.0,0.0,6.0,2.0,0.0,4.0,2.0,0.0,0.0,0.0,0.0,0.0,0.0,0.0,0.0,0.0,0.0,2.0,0.0,0.0,0.0,0.0,0.0,10.0,4.0,0.0,0.0,False,
INE622H01018,INDOFARM,INDO FARM EQUIP.,"Agricultural, Commercial & Construction Vehicles",False,,,8,9,13.0,12,4,46,WATCHLIST_EXTERNAL,,─,False,False,1–2% (vol↓),CORRECTION,CAUTION,OTHER,0.0,0.0202,0.0,AGRI,9.0,0.0,,4.0,1.0,6.0,1.0,,,1.0,Fresh,₹124 – ₹129,₹119 (−6.0%),2–8% (12m),❌ 1.2:1,39.3,46,False,2026-06-05 12:45:25,0.0,0.0,0,0.0,4.0,5.0,0.0,6.0,2.0,0.0,4.0,0.0,0.0,0.0,0.0,0.0,0.0,1.0,0.0,0.0,0.0,0.0,2.0,0.0,0.0,3.0,0.0,0.0,0.0,4.0,0.0,0.0,False,
INE0ECP01024,HMAAGRO,HMA AGRO INDS.,Food Products,False,,,16,5,10.0,2,4,46,WATCHLIST_EXTERNAL,,↓5,False,False,1–2% (vol↓),CORRECTION,CAUTION,OTHER,0.0,0.1994,0.0,"AGRI,PLI",9.0,0.0,,6.0,2.0,3.0,0.0,,,1.0,Fresh,₹23 – ₹24,₹22 (−5.2%),2–8% (12m),❌ 1.3:1,39.3,42,True,2026-06-05 12:45:25,4.0,0.0,0,4.0,4.0,5.0,4.0,0.0,2.0,0.0,0.0,0.0,2.0,0.0,0.0,0.0,0.0,0.0,0.0,0.0,1.0,0.0,0.0,0.0,0.0,0.0,0.0,0.0,0.0,4.0,0.0,0.0,False,30.0
INE643A01035,JTEKTINDIA,JTEKT INDIA,Auto Components,False,,,11,11,13.0,4,14,46,WATCHLIST_CONFIRMED,,↑14,False,False,2–4% (vol↓),BASING,CAUTION,OTHER,0.0,0.0266,0.2216,PLI,11.0,0.0,,3.0,1.0,5.0,1.0,,,1.0,Fresh,₹122 – ₹126,₹118 (−4.8%),8–20% (12m),✅ 2.5:1,39.3,61,True,2026-06-05 12:45:26,0.0,0.0,0,4.0,4.0,5.0,0.0,6.0,2.0,4.0,0.0,2.0,2.0,0.0,0.0,0.0,0.0,0.0,0.0,0.0,0.0,0.0,2.0,0.0,0.0,0.0,0.0,0.0,10.0,4.0,0.0,0.0,False,
INE08LI01020,KRSNAA,KRSNAA DIAGNOST.,Healthcare Services,False,,,15,10,10.0,2,13,46,WATCHLIST_CONFIRMED,,↑11,False,False,1–2% (vol↓),LATE_CYCLE,CAUTION,OTHER,0.0,0.1858,0.2004,HEALTHCARE,11.0,0.0,,3.0,1.0,7.0,2.0,,,1.0,Fresh,₹532 – ₹550,₹513 (−5.1%),8–20% (12m),✅ 2.4:1,39.3,58,True,2026-06-05 12:45:26,4.0,0.0,0,4.0,4.0,5.0,4.0,0.0,2.0,0.0,4.0,2.0,0.0,0.0,0.0,0.0,0.0,0.0,0.0,0.0,1.0,0.0,0.0,0.0,0.0,0.0,0.0,0.0,9.0,4.0,0.0,0.0,False,10.0
INE455I01029,KSCL,KAVERI SEED CO.,Agricultural Food & other Products,False,,,18,6,10.0,0,4,46,WATCHLIST_EXTERNAL,,─,False,False,2–3%,CORRECTION,CAUTION,OTHER,0.0,0.7642,0.0306,AGRI,7.0,0.0,,6.0,2.0,7.0,2.0,,,1.0,Fresh,₹846 – ₹870,₹822 (−4.2%),2–8% (12m),⚠ 1.7:1,39.3,44,True,2026-06-05 12:45:26,8.0,4.0,0,4.0,4.0,0.0,0.0,0.0,2.0,0.0,4.0,0.0,0.0,0.0,0.0,0.0,0.0,0.0,0.0,0.0,0.0,0.0,0.0,0.0,0.0,0.0,0.0,0.0,0.0,4.0,0.0,0.0,False,
INE009A01021,INFY,INFOSYS,IT - Software,False,,,20,7,8.0,2,14,46,WATCHLIST_CONFIRMED,,↑14,False,False,4–6%,BASING,CAUTION,OTHER,1.0,1.1603,0.4689,DIGITAL,11.0,0.0,,7.0,2.0,8.0,2.0,,,1.0,Fresh,"₹1,206 – ₹1,239","₹1,172 (−4.1%)",8–20% (12m),✅ 2.9:1,39.3,60,True,2026-06-05 12:45:27,8.0,4.0,0,4.0,4.0,5.0,0.0,0.0,2.0,0.0,4.0,2.0,0.0,0.0,0.0,0.0,0.0,0.0,0.0,1.0,0.0,0.0,0.0,0.0,0.0,0.0,0.0,0.0,10.0,4.0,0.0,0.0,False,
INE935A01035,GLENMARK,GLENMARK PHARMA.,Pharmaceuticals & Biotechnology,False,,,12,7,11.0,20,13,46,WATCHLIST_CONFIRMED,,↑13,False,False,1–2% (vol↓),LATE_CYCLE,CAUTION,OTHER,1.0,0.8302,0.3359,"HEALTHCARE,PLI",15.0,-3.0,PAPER_PROFIT,4.0,1.0,8.0,2.0,,,1.0,Fresh,"₹2,134 – ₹2,214","₹2,054 (−5.5%)",8–20% (12m),✅ 2.2:1,39.3,59,True,2026-06-05 12:45:28,4.0,0.0,0,4.0,4.0,5.0,0.0,0.0,0.0,0.0,4.0,2.0,2.0,2.0,1.0,3.0,0.0,0.0,1.0,0.0,0.0,1.0,2.0,0.0,0.0,0.0,0.0,0.0,9.0,4.0,0.0,0.0,False,
INE417D01020,FEDDERSHOL,NAN,nan,False,,,1,0,10.0,8,4,46,MONITOR,,↓28,False,False,0%,,CAUTION,OTHER,0.0,0.0,0.0,nan,4.0,0.0,,4.0,1.0,0.0,0.0,,,1.0,Fresh,₹34 – ₹36,₹33 (−6.9%),,,39.3,19,True,2026-06-05 12:45:28,0.0,0.0,0,0.0,0.0,0.0,0.0,0.0,0.0,0.0,0.0,0.0,0.0,2.0,0.0,0.0,1.0,1.0,0.0,0.0,0.0,0.0,0.0,0.0,0.0,0.0,0.0,0.0,0.0,4.0,0.0,0.0,False,
INE036B01030,GAEL,GUJ. AMBUJA EXP,Agricultural Food & other Products,False,,,7,5,13.0,22,4,46,WATCHLIST_EXTERNAL,,─,False,False,2–3%,CORRECTION,CAUTION,OTHER,0.0,0.1202,0.0044,AGRI,13.0,0.0,,4.0,1.0,4.0,1.0,,,1.0,Fresh,₹151 – ₹155,₹146 (−4.4%),2–8% (12m),⚠ 1.6:1,39.3,44,True,2026-06-05 12:45:29,0.0,0.0,0,4.0,4.0,0.0,0.0,0.0,2.0,0.0,0.0,2.0,2.0,2.0,1.0,3.0,0.0,0.0,1.0,0.0,1.0,1.0,2.0,0.0,0.0,0.0,0.0,0.0,0.0,4.0,0.0,0.0,False,26.0
INE0MM001019,SHERA,SHERA ENERGY,Industrial Products,False,,,8,6,10.0,12,4,45,WATCHLIST_EXTERNAL,,─,False,False,1–2% (vol↓),TOPPING,CAUTION,OTHER,0.0,0.0126,0.0,nan,8.0,-3.0,PAPER_PROFIT,4.0,1.0,3.0,0.0,,,1.0,Fresh,₹160 – ₹166,₹153 (−5.9%),2–8% (12m),❌ 1.2:1,37.3,42,True,2026-06-05 12:45:00,8.0,0.0,0,0.0,4.0,0.0,4.0,6.0,0.0,0.0,0.0,0.0,0.0,2.0,1.0,3.0,0.0,0.0,0.0,0.0,0.0,0.0,0.0,0.0,0.0,0.0,0.0,0.0,0.0,4.0,0.0,0.0,False,
INE350C01017,OPTIEMUS,OPTIEMUS INFRA.,Telecom -  Equipment & Accessories,False,,,8,2,13.0,10,13,45,WATCHLIST_EXTERNAL,,─,False,False,1–2% (vol↓),LATE_CYCLE,CAUTION,OTHER,0.0,0.1296,0.0269,PLI,9.0,-3.0,PAPER_PROFIT,3.0,1.0,2.0,0.0,,,1.0,Fresh,₹405 – ₹423,₹386 (−6.6%),2–8% (12m),❌ 1.1:1,37.3,45,False,2026-06-05 12:45:01,4.0,0.0,0,4.0,4.0,0.0,4.0,0.0,0.0,0.0,0.0,0.0,0.0,0.0,0.0,0.0,0.0,1.0,0.0,0.0,0.0,0.0,2.0,2.0,0.0,0.0,0.0,0.0,9.0,4.0,0.0,0.0,False,
INE0MIS01010,PYRAMID,PYRAMID TECHNOPL,Industrial Products,False,,,15,1,13.0,10,4,45,WATCHLIST_EXTERNAL,,↓3,False,False,1–2% (vol↓),TOPPING,CAUTION,OTHER,0.0,0.0514,0.0,nan,9.0,0.0,,3.0,1.0,2.0,0.0,,,1.0,Fresh,₹161 – ₹169,₹153 (−7.1%),2–8% (12m),❌ 1.0:1,37.3,42,True,2026-06-05 12:45:03,4.0,0.0,0,4.0,4.0,5.0,0.0,0.0,2.0,0.0,0.0,0.0,0.0,2.0,0.0,0.0,0.0,0.0,0.0,0.0,1.0,0.0,2.0,0.0,0.0,0.0,0.0,0.0,0.0,4.0,0.0,0.0,False,25.0
INE576O01020,LXCHEM,LAXMI ORGANIC,Chemicals & Petrochemicals,False,,,7,8,10.0,8,13,45,WATCHLIST_EXTERNAL,,↑4,False,False,1–2% (vol↓),LATE_CYCLE,CAUTION,OTHER,0.0,0.0614,0.0664,PLI,11.0,0.0,,3.0,1.0,8.0,2.0,,,1.0,Fresh,₹161 – ₹168,₹153 (−6.9%),2–8% (12m),❌ 1.0:1,37.3,48,True,2026-06-05 12:45:04,0.0,0.0,0,4.0,4.0,0.0,0.0,0.0,2.0,0.0,4.0,2.0,2.0,0.0,0.0,0.0,0.0,1.0,0.0,0.0,1.0,0.0,0.0,0.0,2.0,0.0,0.0,0.0,9.0,4.0,0.0,0.0,False,14.0
INE03EI01018,MAXESTATES,MAX ESTATES,Realty,False,,,4,8,13.0,16,4,45,WATCHLIST_EXTERNAL,,↓4,False,False,1–2% (vol↓),CORRECTION,CAUTION,OTHER,0.0,0.6837,0.1495,INFRA,9.0,0.0,,1.0,0.0,2.0,0.0,,,1.0,Fresh,₹441 – ₹459,₹424 (−5.9%),2–8% (12m),❌ 1.2:1,37.3,42,True,2026-06-05 12:45:04,0.0,0.0,0,0.0,0.0,5.0,4.0,6.0,2.0,0.0,0.0,0.0,0.0,2.0,0.0,0.0,0.0,0.0,0.0,0.0,1.0,0.0,2.0,0.0,0.0,3.0,0.0,0.0,0.0,4.0,0.0,0.0,False,13.0
INE0QPI01025,SUDEEPPHRM,SUDEEP PHARMA,Pharmaceuticals & Biotechnology,False,,,18,5,10.0,12,13,45,WATCHLIST_CONFIRMED,,↑14,False,False,1–2% (vol↓),LATE_CYCLE,CAUTION,OTHER,0.0,0.0746,0.1238,"HEALTHCARE,PLI",12.0,0.0,,6.0,2.0,5.0,1.0,,,1.0,Fresh,₹745 – ₹784,₹706 (−7.7%),8–20% (12m),⚠ 1.6:1,37.3,58,True,2026-06-05 12:45:08,8.0,4.0,0,4.0,4.0,0.0,0.0,0.0,2.0,0.0,4.0,0.0,0.0,2.0,0.0,0.0,1.0,1.0,0.0,0.0,0.0,0.0,0.0,0.0,2.0,0.0,0.0,0.0,9.0,4.0,0.0,0.0,False,
INE621L01012,TEXRAIL,TEXMACO RAIL,Industrial Manufacturing,False,,,10,6,13.0,8,4,45,WATCHLIST_EXTERNAL,,─,False,False,1–2% (vol↓),TOPPING,CAUTION,OTHER,0.0,0.3356,0.095,PLI,9.0,-5.0,PAPER_PROFIT|EARN_QUALITY,4.0,1.0,2.0,0.0,,,1.0,Fresh,₹101 – ₹105,₹98 (−5.0%),2–8% (12m),❌ 1.4:1,37.3,45,True,2026-06-05 12:45:09,4.0,0.0,0,4.0,4.0,5.0,4.0,6.0,0.0,0.0,0.0,0.0,0.0,0.0,0.0,0.0,0.0,0.0,0.0,0.0,0.0,0.0,2.0,2.0,0.0,0.0,0.0,0.0,0.0,4.0,0.0,0.0,False,
INE974X01010,TIINDIA,TUBE INVESTMENTS,Auto Components,False,,,16,9,8.0,10,14,45,WATCHLIST_CONFIRMED,,↑16,False,False,2–4% (vol↓),BASING,CAUTION,OTHER,1.0,0.872,0.2931,PLI,14.0,0.0,,4.0,1.0,4.0,1.0,,,1.0,Fresh,"₹3,022 – ₹3,118","₹2,926 (−4.7%)",8–20% (12m),✅ 2.5:1,37.3,60,True,2026-06-05 12:45:09,4.0,2.0,0,4.0,4.0,5.0,4.0,0.0,2.0,4.0,0.0,2.0,0.0,2.0,0.0,0.0,1.0,0.0,0.0,0.0,0.0,0.0,0.0,0.0,2.0,0.0,0.0,0.0,10.0,4.0,0.0,0.0,False,
INE066O01014,WONDERLA,WONDERLA HOLIDAY,Leisure Services,False,,,7,10,10.0,4,13,45,WATCHLIST_EXTERNAL,,─,False,False,2–3%,LATE_CYCLE,CAUTION,OTHER,0.0,0.2482,0.2078,PREMIUMISATION,9.0,0.0,,3.0,1.0,8.0,2.0,,,1.0,Fresh,₹469 – ₹479,₹460 (−3.0%),2–8% (12m),✅ 2.3:1,37.3,48,True,2026-06-05 12:45:10,0.0,0.0,0,4.0,4.0,0.0,4.0,0.0,2.0,0.0,4.0,2.0,0.0,0.0,0.0,0.0,0.0,0.0,0.0,0.0,0.0,0.0,0.0,0.0,0.0,0.0,2.0,0.0,9.0,4.0,0.0,0.0,False,39.0
INE625G01013,WELENT,WELSPUN ENTERP,Construction,False,,,7,6,10.0,8,4,45,WATCHLIST_EXTERNAL,▼ At risk: near MONITOR boundary,↓6,False,False,0% (vol↓),TOPPING,CAUTION,OTHER,0.0,0.1474,0.0928,INFRA,10.0,-5.0,PAPER_PROFIT|EARN_QUALITY,2.0,0.0,1.0,0.0,,,1.0,Fresh,₹511 – ₹526,₹495 (−4.5%),2–8% (12m),⚠ 1.5:1,37.3,38,True,2026-06-05 12:45:10,4.0,2.0,0,4.0,0.0,5.0,4.0,6.0,0.0,0.0,0.0,0.0,0.0,2.0,0.0,0.0,1.0,0.0,0.0,0.0,0.0,1.0,0.0,0.0,0.0,0.0,0.0,0.0,0.0,4.0,0.0,0.0,False,
INE0PUC01020,SARTELE,SAR TELEVENTURE,Telecom - Services,False,,,4,10,10.0,6,14,45,WATCHLIST_EXTERNAL,,↑3,False,False,1–2% (vol↓),BASING,CAUTION,OTHER,0.0,0.0922,0.0,DIGITAL,8.0,-3.0,PAPER_PROFIT,3.0,1.0,6.0,1.0,,,1.0,Fresh,₹126 – ₹132,₹120 (−6.7%),2–8% (12m),❌ 1.1:1,37.3,48,True,2026-06-05 12:45:11,0.0,0.0,0,4.0,4.0,0.0,4.0,6.0,0.0,0.0,4.0,0.0,0.0,0.0,0.0,0.0,0.0,0.0,0.0,0.0,0.0,0.0,0.0,0.0,0.0,3.0,0.0,0.0,10.0,4.0,0.0,0.0,False,
INE415G01027,RVNL,RAIL VIKAS,Construction,False,,,15,2,10.0,2,4,45,WATCHLIST_EXTERNAL,▼ At risk: near MONITOR boundary,↓7,False,False,0% (vol↓),TOPPING,CAUTION,OTHER,0.0,0.2022,0.0036,INFRA,9.0,-2.0,EARN_QUALITY,6.0,2.0,2.0,0.0,,,1.0,Fresh,₹235 – ₹243,₹228 (−4.5%),2–8% (12m),⚠ 1.5:1,37.3,38,True,2026-06-05 12:45:13,4.0,2.0,0,4.0,4.0,5.0,0.0,0.0,2.0,0.0,0.0,0.0,2.0,0.0,0.0,0.0,0.0,0.0,0.0,1.0,0.0,0.0,0.0,0.0,0.0,0.0,0.0,0.0,0.0,4.0,0.0,0.0,False,
INE0M4D01010,SETL,STANDARD ENGINEERING TECHNOLOGY,Industrial Manufacturing,False,,,12,10,10.0,0,4,45,MONITOR,,─,False,False,0%,TOPPING,CAUTION,OTHER,0.0,0.3412,0.0058,PLI,9.0,-3.0,PAPER_PROFIT,4.0,1.0,4.0,1.0,,,1.0,Fresh,₹135 – ₹141,₹129 (−6.9%),,,37.3,45,True,2026-06-05 12:45:15,4.0,0.0,0,4.0,4.0,5.0,4.0,6.0,2.0,0.0,0.0,2.0,0.0,0.0,0.0,0.0,0.0,0.0,0.0,0.0,0.0,0.0,0.0,0.0,0.0,0.0,0.0,0.0,0.0,4.0,0.0,0.0,False,
INE0R4L01018,DENTA,DENTA WATER,Other Utilities,False,,,9,3,13.0,4,4,45,MONITOR,▲ Approaching WATCHLIST_EXTERNAL,↓11,False,False,0%,TOPPING,CAUTION,OTHER,0.0,0.0128,0.0,"POWER,WATER",7.0,-3.0,PAPER_PROFIT,4.0,1.0,4.0,1.0,,,1.0,Fresh,₹238 – ₹249,₹228 (−6.5%),,,37.3,36,True,2026-06-05 12:45:19,4.0,2.0,0,4.0,4.0,0.0,4.0,0.0,0.0,0.0,0.0,0.0,0.0,0.0,0.0,0.0,0.0,0.0,0.0,0.0,0.0,0.0,2.0,0.0,0.0,0.0,0.0,0.0,0.0,4.0,0.0,0.0,False,
INE843D01027,DCMSRIND,DCM SHRIRAM INDS,Agricultural Food & other Products,False,,,11,9,10.0,0,4,45,WATCHLIST_EXTERNAL,,─,False,False,1–2% (vol↓),CORRECTION,CAUTION,OTHER,0.0,0.0682,0.0,AGRI,8.0,0.0,,4.0,1.0,4.0,1.0,,,1.0,Fresh,₹37 – ₹39,₹35 (−7.8%),2–8% (12m),❌ 0.9:1,37.3,43,True,2026-06-05 12:45:19,4.0,0.0,0,4.0,0.0,5.0,0.0,6.0,2.0,0.0,0.0,2.0,2.0,0.0,0.0,0.0,0.0,0.0,0.0,0.0,0.0,0.0,0.0,0.0,0.0,0.0,0.0,0.0,0.0,4.0,0.0,0.0,False,59.0
INE439A01020,ASAHIINDIA,ASAHI INDIA GLAS,Auto Components,False,,,16,6,10.0,12,14,45,WATCHLIST_CONFIRMED,,↑15,False,False,2–4% (vol↓),BASING,CAUTION,OTHER,0.0,0.2152,0.1052,PLI,14.0,0.0,,3.0,1.0,3.0,0.0,,,1.0,Fresh,₹888 – ₹919,₹856 (−5.2%),8–20% (12m),✅ 2.3:1,37.3,60,True,2026-06-05 12:45:21,4.0,2.0,0,4.0,4.0,5.0,0.0,0.0,2.0,4.0,0.0,2.0,2.0,0.0,1.0,3.0,0.0,0.0,0.0,0.0,0.0,0.0,0.0,0.0,2.0,0.0,0.0,0.0,10.0,4.0,0.0,0.0,False,
INE931S01010,ADANIENSOL,ADANI ENERGY SOL,Power,False,,,0,10,10.0,32,4,45,WATCHLIST_EXTERNAL,,─,False,False,1–2% (vol↓),TOPPING,CAUTION,OTHER,0.0,0.5172,0.1318,"CAPEX_SUPERCYCLE,POWER",14.0,-1.0,DE_ROCE_STRESS,2.0,0.0,7.0,2.0,,,1.0,Fresh,"₹1,465 – ₹1,521","₹1,409 (−5.7%)",2–8% (12m),❌ 1.2:1,37.3,43,True,2026-06-05 12:45:22,0.0,0.0,0,0.0,0.0,0.0,4.0,0.0,2.0,0.0,4.0,2.0,0.0,2.0,1.0,3.0,1.0,0.0,1.0,0.0,0.0,1.0,0.0,0.0,2.0,3.0,0.0,2.0,0.0,4.0,0.0,0.0,False,63.0
INE0B9K01025,BANSALWIRE,BANSAL WIRE INDS,Industrial Products,False,,,12,6,10.0,4,4,45,MONITOR,,↓3,False,False,0%,TOPPING,CAUTION,OTHER,0.0,0.0366,0.2642,nan,8.0,-3.0,PAPER_PROFIT,4.0,1.0,3.0,0.0,,,1.0,Fresh,₹305 – ₹315,₹295 (−4.9%),,,37.3,42,True,2026-06-05 12:45:24,4.0,0.0,0,4.0,4.0,5.0,4.0,6.0,0.0,0.0,0.0,0.0,0.0,2.0,0.0,0.0,0.0,0.0,0.0,0.0,0.0,0.0,0.0,0.0,0.0,0.0,0.0,0.0,0.0,4.0,0.0,0.0,False,59.0
INE681B01017,INDRAMEDCO,INDRAPR.MEDICAL,Healthcare Services,False,,,20,5,10.0,0,13,45,WATCHLIST_CONFIRMED,,↑12,False,False,1–2% (vol↓),LATE_CYCLE,CAUTION,OTHER,0.0,0.1524,0.0002,HEALTHCARE,9.0,-2.0,EARN_QUALITY,8.0,3.0,1.0,0.0,,,1.0,Fresh,₹394 – ₹409,₹378 (−5.8%),8–20% (12m),✅ 2.1:1,37.3,57,True,2026-06-05 12:45:25,8.0,4.0,0,4.0,4.0,5.0,0.0,6.0,2.0,0.0,0.0,0.0,0.0,0.0,0.0,0.0,0.0,0.0,0.0,0.0,0.0,0.0,0.0,0.0,0.0,0.0,0.0,0.0,9.0,4.0,0.0,0.0,False,
INE641C01019,KAVDEFENCE,KAVVERI DEFENCE,Telecom -  Equipment & Accessories,False,,,4,4,13.0,14,13,45,WATCHLIST_EXTERNAL,,─,False,False,1–2% (vol↓),LATE_CYCLE,CAUTION,OTHER,0.0,0.3022,0.0,PLI,10.0,-3.0,PAPER_PROFIT,4.0,1.0,1.0,0.0,,,1.0,Fresh,₹59 – ₹62,₹56 (−7.4%),2–8% (12m),❌ 1.0:1,37.3,45,False,2026-06-05 12:45:25,0.0,0.0,0,4.0,4.0,0.0,4.0,0.0,2.0,0.0,0.0,0.0,0.0,0.0,1.0,3.0,0.0,0.0,0.0,0.0,0.0,1.0,2.0,0.0,0.0,0.0,0.0,0.0,9.0,4.0,0.0,0.0,False,
INE0R8C01018,GGBL,GANESH GREEN,Electrical Equipment,False,,,12,10,10.0,2,4,45,WATCHLIST_EXTERNAL,,↑3,False,False,1–2% (vol↓),TOPPING,CAUTION,OTHER,0.0,0.0742,0.0,"CAPEX_SUPERCYCLE,POWER",9.0,-3.0,PAPER_PROFIT,4.0,1.0,6.0,1.0,,,1.0,Fresh,₹314 – ₹336,₹293 (−9.8%),2–8% (12m),❌ 0.7:1,37.3,48,True,2026-06-05 12:45:28,8.0,2.0,0,4.0,4.0,0.0,4.0,6.0,0.0,0.0,4.0,0.0,0.0,0.0,0.0,0.0,0.0,1.0,0.0,0.0,0.0,0.0,0.0,0.0,0.0,0.0,0.0,0.0,0.0,4.0,0.0,0.0,False,
INE183A01024,FINPIPE,FINOLEX INDS.,Industrial Products,False,,,13,6,10.0,8,4,45,WATCHLIST_EXTERNAL,,↓3,False,False,1–2% (vol↓),TOPPING,CAUTION,OTHER,0.0,0.2486,0.2272,nan,10.0,0.0,,6.0,2.0,7.0,2.0,,,1.0,Fresh,₹172 – ₹179,₹165 (−6.3%),2–8% (12m),❌ 1.1:1,37.3,42,True,2026-06-05 12:45:29,4.0,2.0,0,4.0,4.0,0.0,0.0,0.0,2.0,0.0,4.0,0.0,0.0,0.0,0.0,0.0,0.0,1.0,0.0,0.0,1.0,0.0,0.0,0.0,2.0,0.0,0.0,0.0,0.0,4.0,0.0,0.0,False,9.0
INE878A01011,GVPIL,GE POWER,Electrical Equipment,False,,,4,7,13.0,30,4,45,WATCHLIST_EXTERNAL,,↑3,False,False,1–2% (vol↓),TOPPING,CAUTION,OTHER,0.0,0.0716,0.003,"CAPEX_SUPERCYCLE,POWER",15.0,0.0,,3.0,1.0,4.0,1.0,,,1.0,Fresh,₹847 – ₹890,₹805 (−7.4%),2–8% (12m),❌ 1.0:1,37.3,48,True,2026-06-05 12:45:29,0.0,4.0,0,0.0,0.0,0.0,0.0,0.0,2.0,4.0,0.0,2.0,2.0,2.0,1.0,3.0,1.0,0.0,1.0,0.0,0.0,1.0,2.0,2.0,0.0,0.0,0.0,2.0,0.0,4.0,0.0,0.0,False,
INE345A01011,HINDOILEXP,HIND.OIL EXPLOR.,Oil,False,,,8,12,10.0,6,13,44,WATCHLIST_CONFIRMED,▼ At risk: near WATCHLIST_EXTERNAL boundary,↑10,False,False,1–2% (vol↓),LATE_CYCLE,CAUTION,OTHER,0.0,0.1186,0.0,nan,10.0,0.0,,3.0,1.0,7.0,2.0,,,1.0,Fresh,₹167 – ₹173,₹161 (−5.3%),8–20% (12m),✅ 2.2:1,35.9,54,True,2026-06-05 12:45:00,0.0,0.0,0,4.0,0.0,5.0,4.0,6.0,2.0,0.0,4.0,0.0,0.0,2.0,0.0,0.0,1.0,0.0,0.0,0.0,0.0,0.0,0.0,0.0,0.0,0.0,0.0,0.0,9.0,4.0,0.0,0.0,False,
INE1RDG01013,PNGSREVA,PNGS REVA DIAMO.,Consumer Durables,False,,,19,1,10.0,6,13,44,WATCHLIST_EXTERNAL,▲ Approaching WATCHLIST_CONFIRMED,↑7,False,False,1–2% (vol↓),LATE_CYCLE,CAUTION,CONSUMPTION,0.0,0.2116,0.0906,PREMIUMISATION,9.0,0.0,,8.0,3.0,1.0,0.0,,,1.0,Fresh,₹367 – ₹384,₹350 (−6.8%),2–8% (12m),❌ 1.0:1,35.9,51,True,2026-06-05 12:45:02,8.0,4.0,0,4.0,4.0,0.0,0.0,0.0,2.0,0.0,0.0,0.0,0.0,0.0,0.0,0.0,0.0,0.0,0.0,0.0,1.0,0.0,0.0,0.0,0.0,0.0,2.0,0.0,9.0,4.0,0.0,0.0,False,24.0
INE883N01014,PARAGMILK,PARAG MILK FOODS,Food Products,False,,,12,5,10.0,8,4,44,WATCHLIST_EXTERNAL,▼ At risk: near MONITOR boundary,↓5,False,False,0% (vol↓),CORRECTION,CAUTION,OTHER,0.0,0.4558,0.0,"AGRI,PLI",8.0,0.0,,5.0,2.0,4.0,1.0,,,1.0,Fresh,₹240 – ₹248,₹233 (−4.7%),2–8% (12m),⚠ 1.5:1,35.9,40,True,2026-06-05 12:45:03,4.0,0.0,0,0.0,4.0,5.0,4.0,0.0,2.0,0.0,0.0,0.0,0.0,0.0,1.0,3.0,0.0,0.0,0.0,0.0,0.0,0.0,0.0,0.0,0.0,0.0,0.0,0.0,0.0,4.0,0.0,0.0,False,
INE677D01037,MASTERTR,MASTER TRUST,Capital Markets,False,,,11,10,13.0,8,4,44,WATCHLIST_CONFIRMED,▼ At risk: near WATCHLIST_EXTERNAL boundary,↑6,False,False,1–2% (vol↓),TOPPING,CAUTION,FINANCIALS,0.0,0.01,0.0,FIN_INCLUSION,9.0,-3.0,PAPER_PROFIT,4.0,1.0,6.0,1.0,,,1.0,Fresh,₹79 – ₹83,₹76 (−6.1%),8–20% (12m),⚠ 2.0:1,35.9,52,True,2026-06-05 12:45:04,8.0,4.0,0,4.0,0.0,0.0,4.0,6.0,0.0,0.0,4.0,0.0,0.0,0.0,0.0,0.0,0.0,0.0,0.0,0.0,0.0,0.0,2.0,2.0,0.0,0.0,0.0,0.0,0.0,4.0,0.0,0.0,False,
INE559R01029,LANDMARK,LANDMARK CARS,Automobiles,False,,,4,11,10.0,12,14,44,WATCHLIST_EXTERNAL,▲ Approaching WATCHLIST_CONFIRMED,↑7,False,False,1–2% (vol↓),BASING,CAUTION,OTHER,0.0,0.2145,0.2786,PREMIUMISATION,11.0,0.0,,4.0,1.0,9.0,2.0,,,1.0,Fresh,₹383 – ₹400,₹366 (−6.5%),2–8% (12m),❌ 1.1:1,35.9,51,True,2026-06-05 12:45:05,0.0,0.0,0,0.0,4.0,0.0,0.0,0.0,2.0,4.0,4.0,2.0,2.0,0.0,0.0,0.0,0.0,1.0,0.0,0.0,0.0,0.0,0.0,0.0,2.0,3.0,0.0,0.0,10.0,4.0,0.0,0.0,False,
INE236G01019,TVSELECT,TVS ELEC.,IT - Hardware,False,,,4,6,10.0,16,13,44,WATCHLIST_EXTERNAL,,─,False,False,1–2% (vol↓),LATE_CYCLE,CAUTION,TECHNOLOGY,0.0,0.0198,0.0002,PLI,10.0,0.0,,3.0,1.0,8.0,2.0,,,1.0,Fresh,₹475 – ₹501,₹449 (−8.1%),2–8% (12m),❌ 0.9:1,35.9,44,False,2026-06-05 12:45:07,0.0,0.0,0,0.0,4.0,0.0,0.0,0.0,2.0,0.0,4.0,0.0,0.0,2.0,1.0,3.0,0.0,1.0,0.0,0.0,0.0,1.0,0.0,0.0,0.0,0.0,0.0,0.0,9.0,4.0,0.0,0.0,False,
INE665A01038,SWANCORP,SWAN CORP,Chemicals & Petrochemicals,False,,,4,6,13.0,12,13,44,WATCHLIST_EXTERNAL,,↑4,False,False,1–2% (vol↓),LATE_CYCLE,CAUTION,OTHER,0.0,0.3944,0.0992,PLI,9.0,-3.0,PAPER_PROFIT,3.0,1.0,6.0,1.0,,,1.0,Fresh,₹319 – ₹331,₹308 (−5.3%),2–8% (12m),❌ 1.3:1,35.9,47,True,2026-06-05 12:45:09,4.0,0.0,0,4.0,0.0,0.0,4.0,0.0,0.0,0.0,4.0,0.0,0.0,0.0,0.0,0.0,0.0,0.0,0.0,0.0,0.0,0.0,2.0,2.0,2.0,0.0,0.0,0.0,9.0,4.0,0.0,0.0,False,
INE170E01023,SATIA,SATIA INDUSTRIES,"Paper, Forest & Jute Products",False,,,12,6,13.0,6,4,44,WATCHLIST_EXTERNAL,,─,False,False,1–2% (vol↓),CORRECTION,CAUTION,OTHER,0.0,0.0522,0.0,nan,9.0,0.0,,5.0,2.0,4.0,1.0,,,1.0,Fresh,₹55 – ₹57,₹53 (−6.1%),2–8% (12m),❌ 1.1:1,35.9,44,False,2026-06-05 12:45:12,0.0,0.0,0,4.0,4.0,5.0,4.0,0.0,2.0,0.0,0.0,0.0,2.0,0.0,0.0,0.0,0.0,0.0,0.0,0.0,1.0,0.0,2.0,0.0,0.0,0.0,0.0,0.0,0.0,4.0,0.0,0.0,False,11.0
INE645S01024,ROLEXRINGS,ROLEX RINGS,Auto Components,False,,,20,2,13.0,6,14,44,WATCHLIST_CONFIRMED,,↑15,False,False,2–3%,BASING,CAUTION,OTHER,0.0,0.2496,0.5752,PLI,11.0,0.0,,6.0,2.0,3.0,0.0,,,1.0,Fresh,₹136 – ₹140,₹132 (−4.1%),8–20% (12m),✅ 2.9:1,35.9,59,True,2026-06-05 12:45:14,8.0,2.0,0,4.0,4.0,5.0,0.0,0.0,2.0,0.0,0.0,2.0,0.0,2.0,0.0,0.0,0.0,0.0,0.0,0.0,1.0,0.0,0.0,0.0,0.0,0.0,0.0,0.0,10.0,4.0,0.0,0.0,False,1.0
INE00XB01019,SEDEMAC,SEDEMAC MECHATRO,Auto Components,False,,,18,1,13.0,16,14,44,WATCHLIST_CONFIRMED,,↑15,False,False,1–2% (vol↓),BASING,CAUTION,OTHER,0.0,0.3646,0.2714,PLI,12.0,0.0,,5.0,2.0,0.0,0.0,,,1.0,Fresh,"₹2,332 – ₹2,441","₹2,223 (−6.9%)",8–20% (12m),⚠ 1.7:1,35.9,59,True,2026-06-05 12:45:15,8.0,4.0,0,4.0,4.0,0.0,0.0,0.0,2.0,0.0,0.0,0.0,0.0,2.0,1.0,3.0,1.0,0.0,0.0,0.0,0.0,1.0,0.0,0.0,0.0,0.0,0.0,0.0,10.0,4.0,0.0,0.0,False,
INE704P01025,COCHINSHIP,COCHIN SHIPYARD,Industrial Manufacturing,False,,,12,6,13.0,6,4,44,WATCHLIST_EXTERNAL,,─,False,False,2–3%,TOPPING,CAUTION,OTHER,0.0,0.1412,0.0414,PLI,9.0,-3.0,PAPER_PROFIT,4.0,1.0,9.0,2.0,,,1.0,Fresh,"₹1,435 – ₹1,477","₹1,393 (−4.3%)",2–8% (12m),⚠ 1.6:1,35.9,44,True,2026-06-05 12:45:16,8.0,2.0,0,4.0,4.0,0.0,0.0,0.0,0.0,0.0,4.0,2.0,0.0,0.0,0.0,0.0,0.0,0.0,0.0,0.0,1.0,0.0,2.0,0.0,0.0,0.0,0.0,0.0,0.0,4.0,0.0,0.0,False,19.0
INE552Z01027,ABDL,ALLIED BLENDERS,Beverages,False,,,12,4,10.0,16,4,44,WATCHLIST_EXTERNAL,,─,False,False,1–2% (vol↓),CORRECTION,CAUTION,CONSUMPTION,0.0,0.1367,0.0738,PREMIUMISATION,11.0,-4.0,PAPER_PROFIT|EARN_REV_DIVERGE,4.0,1.0,3.0,0.0,,,1.0,Fresh,₹563 – ₹582,₹544 (−4.9%),2–8% (12m),❌ 1.4:1,35.9,44,True,2026-06-05 12:45:22,8.0,2.0,0,0.0,4.0,5.0,0.0,6.0,0.0,0.0,0.0,0.0,0.0,2.0,1.0,3.0,0.0,0.0,0.0,1.0,0.0,1.0,0.0,0.0,0.0,0.0,0.0,0.0,0.0,4.0,0.0,0.0,False,
INE0RUV01018,AIMTRON,AIMTRON,Industrial Manufacturing,False,,,9,6,10.0,18,4,44,WATCHLIST_EXTERNAL,,─,False,False,1–2% (vol↓),TOPPING,CAUTION,OTHER,0.0,0.0369,0.0,PLI,12.0,-3.0,PAPER_PROFIT,3.0,1.0,6.0,1.0,,,1.0,Fresh,"₹1,278 – ₹1,335","₹1,220 (−6.6%)",2–8% (12m),❌ 1.1:1,35.9,44,True,2026-06-05 12:45:23,8.0,2.0,0,4.0,0.0,0.0,4.0,0.0,0.0,0.0,4.0,0.0,0.0,2.0,1.0,3.0,1.0,0.0,1.0,0.0,0.0,1.0,0.0,0.0,0.0,0.0,0.0,0.0,0.0,4.0,0.0,0.0,False,
INE022Q01020,IEX,INDIAN ENERGY EX,Capital Markets,False,,,20,5,11.0,4,4,44,WATCHLIST_CONFIRMED,▼ At risk: near WATCHLIST_EXTERNAL boundary,↑6,False,False,2–3%,TOPPING,CAUTION,FINANCIALS,1.0,0.6118,0.4418,FIN_INCLUSION,9.0,0.0,,8.0,3.0,6.0,1.0,,,1.0,Fresh,₹122 – ₹125,₹119 (−3.1%),8–20% (12m),✅ 3.9:1,35.9,52,True,2026-06-05 12:45:25,8.0,4.0,0,4.0,4.0,5.0,0.0,0.0,2.0,0.0,4.0,0.0,0.0,0.0,0.0,0.0,0.0,0.0,0.0,0.0,0.0,0.0,2.0,0.0,0.0,0.0,0.0,0.0,0.0,4.0,0.0,0.0,False,41.0
INE461D01028,HLEGLAS,HLE GLASCOAT,Industrial Manufacturing,False,,,9,8,13.0,8,4,44,WATCHLIST_EXTERNAL,,─,False,False,1–2% (vol↓),TOPPING,CAUTION,OTHER,0.0,0.1018,0.0692,PLI,9.0,0.0,,5.0,2.0,8.0,2.0,,,1.0,Fresh,₹381 – ₹402,₹361 (−7.8%),2–8% (12m),❌ 0.9:1,35.9,44,True,2026-06-05 12:45:25,4.0,0.0,0,0.0,0.0,5.0,4.0,0.0,2.0,0.0,4.0,0.0,0.0,0.0,0.0,0.0,0.0,1.0,0.0,0.0,1.0,0.0,2.0,0.0,0.0,0.0,0.0,0.0,0.0,4.0,0.0,0.0,False,17.0
INE164B01030,KELLTONTEC,KELLTON TECH,IT - Services,False,,,19,3,10.0,2,14,44,WATCHLIST_CONFIRMED,▼ At risk: near WATCHLIST_EXTERNAL boundary,↑10,False,False,1–2% (vol↓),BASING,CAUTION,OTHER,0.0,0.0812,0.0,DIGITAL,10.0,0.0,,4.0,1.0,4.0,1.0,,,1.0,Fresh,₹16 – ₹17,₹15 (−8.1%),8–20% (12m),❌ 1.5:1,35.9,54,True,2026-06-05 12:45:26,8.0,2.0,0,4.0,4.0,5.0,0.0,0.0,2.0,0.0,0.0,2.0,0.0,0.0,0.0,0.0,0.0,1.0,0.0,0.0,0.0,0.0,0.0,0.0,0.0,0.0,0.0,0.0,10.0,4.0,0.0,0.0,False,67.0
INE438K01021,KALAMANDIR,SAI SILKS,Retailing,False,,,16,6,10.0,0,4,44,MONITOR,,─,False,False,0%,TOPPING,CAUTION,OTHER,0.0,0.0356,0.1376,PREMIUMISATION,7.0,0.0,,5.0,2.0,4.0,1.0,,,1.0,Fresh,₹104 – ₹108,₹100 (−5.5%),,,35.9,42,True,2026-06-05 12:45:26,4.0,0.0,0,4.0,4.0,5.0,0.0,6.0,2.0,0.0,0.0,0.0,0.0,0.0,0.0,0.0,0.0,0.0,0.0,0.0,0.0,0.0,0.0,0.0,0.0,0.0,0.0,0.0,0.0,4.0,0.0,0.0,False,
INE168A01041,J&KBANK,J & K BANK,Banks,False,,,4,5,13.0,18,13,43,WATCHLIST_EXTERNAL,,↑4,False,False,2–3%,LATE_CYCLE,CAUTION,FINANCIALS,0.0,0.3728,0.0778,FIN_INCLUSION,11.0,0.0,,5.0,2.0,1.0,0.0,,,1.0,Fresh,₹146 – ₹151,₹142 (−4.5%),2–8% (12m),⚠ 1.6:1,34.7,47,True,2026-06-05 12:45:00,0.0,2.0,0,0.0,0.0,0.0,0.0,6.0,2.0,0.0,0.0,0.0,0.0,2.0,1.0,3.0,1.0,0.0,1.0,0.0,0.0,1.0,0.0,0.0,0.0,0.0,0.0,0.0,9.0,4.0,0.0,0.0,False,
INE790G01031,SHILPAMED,SHILPA MEDICARE,Pharmaceuticals & Biotechnology,False,,,8,6,13.0,24,13,43,WATCHLIST_CONFIRMED,,↑14,False,False,1–2% (vol↓),LATE_CYCLE,CAUTION,OTHER,0.0,0.495,0.103,"HEALTHCARE,PLI",14.0,0.0,,3.0,1.0,4.0,1.0,,,1.0,Fresh,₹504 – ₹527,₹482 (−6.5%),8–20% (12m),⚠ 1.8:1,34.7,57,True,2026-06-05 12:45:00,0.0,0.0,0,0.0,4.0,5.0,0.0,0.0,2.0,4.0,0.0,2.0,0.0,2.0,1.0,3.0,1.0,1.0,0.0,0.0,0.0,0.0,2.0,2.0,0.0,0.0,0.0,0.0,9.0,4.0,0.0,0.0,False,
INE257A01026,BHEL,B H E L,Electrical Equipment,False,,,1,7,13.0,34,4,43,WATCHLIST_EXTERNAL,,↑3,False,False,1–2% (vol↓),TOPPING,CAUTION,OTHER,0.0,0.2984,0.2576,"CAPEX_SUPERCYCLE,POWER",15.0,-3.0,PAPER_PROFIT,2.0,0.0,9.0,2.0,,,1.0,Fresh,₹400 – ₹413,₹388 (−4.6%),2–8% (12m),⚠ 1.5:1,34.7,46,True,2026-06-05 12:45:00,0.0,0.0,0,0.0,0.0,5.0,0.0,0.0,2.0,0.0,4.0,2.0,0.0,2.0,1.0,3.0,1.0,0.0,1.0,0.0,0.0,1.0,2.0,2.0,2.0,0.0,0.0,2.0,0.0,4.0,0.0,0.0,False,
INE239D01028,OMINFRAL,OM INFRA,Construction,False,,,5,6,13.0,8,4,43,MONITOR,▲ Approaching WATCHLIST_EXTERNAL,↓7,False,False,0%,TOPPING,CAUTION,OTHER,0.0,0.0264,0.0812,INFRA,7.0,0.0,,4.0,1.0,4.0,1.0,,,1.0,Fresh,₹84 – ₹87,₹82 (−4.5%),,,34.7,36,True,2026-06-05 12:45:01,0.0,0.0,0,0.0,0.0,5.0,4.0,0.0,2.0,0.0,0.0,0.0,2.0,0.0,0.0,0.0,0.0,0.0,0.0,0.0,0.0,0.0,2.0,2.0,0.0,0.0,0.0,0.0,0.0,4.0,0.0,0.0,False,
INE0RVQ01016,MYMUDRA,MY MUDRA FIN.,Finance,False,,,1,0,10.0,0,13,43,MONITOR,,↓19,False,False,0%,LATE_CYCLE,CAUTION,FINANCIALS,0.0,0.019,0.0,FIN_INCLUSION,2.0,0.0,,3.0,1.0,2.0,0.0,,,1.0,Fresh,,,,,34.7,24,True,2026-06-05 12:45:05,0.0,0.0,0,0.0,0.0,0.0,0.0,0.0,0.0,0.0,0.0,0.0,0.0,0.0,0.0,0.0,0.0,0.0,0.0,0.0,0.0,0.0,0.0,0.0,0.0,0.0,0.0,0.0,9.0,4.0,0.0,0.0,False,
INE0W2G01015,SAGILITY,SAGILITY,IT - Services,False,,,8,11,10.0,6,14,43,WATCHLIST_CONFIRMED,▼ At risk: near WATCHLIST_EXTERNAL boundary,↑10,False,False,2–3%,BASING,CAUTION,OTHER,0.0,0.4158,0.2908,DIGITAL,11.0,0.0,,5.0,2.0,9.0,2.0,,,1.0,Fresh,₹40 – ₹41,₹38 (−4.4%),8–20% (12m),✅ 2.7:1,34.7,53,True,2026-06-05 12:45:13,0.0,0.0,0,4.0,4.0,0.0,0.0,0.0,2.0,4.0,4.0,2.0,2.0,0.0,0.0,0.0,0.0,0.0,0.0,0.0,0.0,1.0,0.0,0.0,2.0,0.0,0.0,0.0,10.0,4.0,0.0,0.0,False,
INE812G01025,SMSPHARMA,SMS PHARMA.,Pharmaceuticals & Biotechnology,False,,,15,2,13.0,20,13,43,WATCHLIST_CONFIRMED,,↑14,False,False,1–2% (vol↓),LATE_CYCLE,CAUTION,OTHER,0.0,0.0726,0.0592,"HEALTHCARE,PLI",13.0,0.0,,3.0,1.0,4.0,1.0,,,1.0,Fresh,₹348 – ₹365,₹331 (−7.2%),8–20% (12m),⚠ 1.7:1,34.7,57,True,2026-06-05 12:45:15,4.0,0.0,0,4.0,4.0,5.0,0.0,0.0,2.0,0.0,0.0,0.0,0.0,2.0,1.0,3.0,0.0,0.0,1.0,0.0,0.0,1.0,2.0,0.0,0.0,0.0,0.0,0.0,9.0,4.0,0.0,0.0,False,
INE299U01018,CROMPTON,CROMPTON GR. CON,Consumer Durables,False,,,20,1,8.0,4,13,43,MONITOR,▲ Approaching WATCHLIST_CONFIRMED,↑7,False,False,0%,LATE_CYCLE,CAUTION,CONSUMPTION,1.0,0.8261,1.0818,PREMIUMISATION,9.0,0.0,,6.0,2.0,2.0,0.0,,,1.0,Fresh,₹269 – ₹276,₹262 (−4.1%),,,34.7,50,True,2026-06-05 12:45:16,8.0,2.0,0,4.0,4.0,5.0,0.0,0.0,2.0,0.0,0.0,0.0,0.0,2.0,0.0,0.0,0.0,0.0,0.0,0.0,0.0,0.0,0.0,0.0,0.0,0.0,0.0,0.0,9.0,4.0,0.0,0.0,False,
INE416D01022,BLISSGVS,BLISS GVS PHARMA,Pharmaceuticals & Biotechnology,False,,,10,6,10.0,20,13,43,WATCHLIST_CONFIRMED,,↑14,False,False,1–2% (vol↓),LATE_CYCLE,CAUTION,OTHER,0.0,0.4377,0.0,"HEALTHCARE,PLI",15.0,-1.0,EARN_REV_DIVERGE,3.0,1.0,3.0,0.0,,,1.0,Fresh,₹427 – ₹452,₹403 (−8.4%),8–20% (12m),❌ 1.4:1,34.7,57,True,2026-06-05 12:45:16,0.0,0.0,0,4.0,4.0,5.0,0.0,6.0,2.0,0.0,0.0,2.0,0.0,2.0,1.0,3.0,1.0,1.0,1.0,0.0,0.0,1.0,0.0,0.0,0.0,0.0,0.0,0.0,9.0,4.0,0.0,0.0,False,
INE00OQ01016,DHARMAJ,DHARMAJ CROP,Fertilizers & Agrochemicals,False,,,15,4,10.0,6,4,43,WATCHLIST_EXTERNAL,▼ At risk: near MONITOR boundary,─,False,False,0% (vol↓),TOPPING,CAUTION,OTHER,0.0,0.1508,0.0,AGRI,9.0,0.0,,4.0,1.0,3.0,0.0,,,1.0,Fresh,₹278 – ₹291,₹265 (−6.8%),2–8% (12m),❌ 1.0:1,34.7,41,True,2026-06-05 12:45:19,4.0,0.0,0,4.0,4.0,5.0,4.0,0.0,2.0,0.0,0.0,0.0,0.0,2.0,0.0,0.0,0.0,0.0,0.0,0.0,0.0,1.0,0.0,0.0,0.0,0.0,0.0,0.0,0.0,4.0,0.0,0.0,False,
INE622W01025,ACMESOLAR,ACME SOLAR HOLD.,Power,False,,,0,11,10.0,28,4,43,WATCHLIST_EXTERNAL,,─,False,False,1–2% (vol↓),TOPPING,CAUTION,OTHER,0.0,0.146,0.1065,"CAPEX_SUPERCYCLE,POWER",13.0,-2.0,DE_ROCE_STRESS|EARN_REV_DIVERGE,1.0,0.0,8.0,2.0,,,1.0,Fresh,₹322 – ₹336,₹309 (−6.0%),2–8% (12m),❌ 1.2:1,34.7,42,True,2026-06-05 12:45:22,0.0,0.0,0,0.0,0.0,0.0,0.0,6.0,2.0,0.0,4.0,2.0,0.0,2.0,1.0,3.0,1.0,1.0,0.0,0.0,0.0,1.0,0.0,0.0,2.0,3.0,0.0,0.0,0.0,4.0,0.0,0.0,False,39.0
INE05DH01017,ATMASTCO,ATMASTCO LTD,Construction,False,,,7,6,10.0,0,4,43,MONITOR,▲ Approaching WATCHLIST_EXTERNAL,↓8,False,False,0%,TOPPING,CAUTION,OTHER,0.0,0.0102,0.0,INFRA,7.0,-5.0,PAPER_PROFIT|EARN_QUALITY,3.0,1.0,0.0,0.0,,,1.0,Fresh,₹167 – ₹175,₹159 (−7.1%),,,34.7,36,True,2026-06-05 12:45:24,4.0,2.0,0,4.0,4.0,0.0,4.0,6.0,0.0,0.0,0.0,0.0,0.0,0.0,0.0,0.0,0.0,0.0,0.0,0.0,0.0,0.0,0.0,0.0,0.0,0.0,0.0,0.0,0.0,4.0,0.0,0.0,False,
INE090A01021,ICICIBANK,ICICI BANK,Banks,False,,,4,13,8.0,4,13,43,WATCHLIST_EXTERNAL,,↑4,False,False,2–3%,LATE_CYCLE,CAUTION,FINANCIALS,1.0,1.3732,0.5507,FIN_INCLUSION,10.0,0.0,,5.0,2.0,8.0,2.0,,,1.0,Fresh,"₹1,230 – ₹1,254","₹1,207 (−2.8%)",2–8% (12m),✅ 2.5:1,34.7,47,True,2026-06-05 12:45:25,0.0,2.0,0,0.0,0.0,0.0,4.0,6.0,2.0,0.0,4.0,2.0,0.0,0.0,0.0,0.0,0.0,0.0,0.0,1.0,1.0,0.0,0.0,0.0,0.0,0.0,0.0,0.0,9.0,4.0,0.0,0.0,False,0.0
INE926X01010,HGINFRA,H.G. INFRA ENGG.,Construction,False,,,5,10,10.0,0,4,43,MONITOR,▲ Approaching WATCHLIST_EXTERNAL,↓7,False,False,0%,TOPPING,CAUTION,OTHER,0.0,0.072,0.1828,INFRA,8.0,-3.0,PAPER_PROFIT,2.0,0.0,8.0,2.0,,,1.0,Fresh,₹551 – ₹568,₹534 (−4.6%),,,34.7,36,True,2026-06-05 12:45:25,4.0,2.0,0,4.0,0.0,0.0,0.0,0.0,0.0,4.0,4.0,2.0,2.0,0.0,0.0,0.0,0.0,0.0,0.0,0.0,0.0,0.0,0.0,0.0,0.0,0.0,0.0,0.0,0.0,4.0,0.0,0.0,False,63.0
INE066P01011,INOXWIND,INOX WIND,Electrical Equipment,False,,,4,11,13.0,14,4,43,WATCHLIST_EXTERNAL,,↑4,False,False,1–2% (vol↓),TOPPING,CAUTION,OTHER,0.0,0.5994,0.2039,"CAPEX_SUPERCYCLE,POWER",12.0,-3.0,PAPER_PROFIT,3.0,1.0,9.0,2.0,,,1.0,Fresh,₹81 – ₹85,₹78 (−6.2%),2–8% (12m),❌ 1.1:1,34.7,46,True,2026-06-05 12:45:27,0.0,0.0,0,4.0,4.0,0.0,4.0,0.0,2.0,0.0,4.0,2.0,2.0,0.0,0.0,0.0,0.0,0.0,0.0,1.0,0.0,0.0,2.0,2.0,2.0,0.0,0.0,0.0,0.0,4.0,0.0,0.0,False,
INE040A01034,HDFCBANK,HDFC BANK,Banks,False,,,4,13,8.0,4,13,43,WATCHLIST_EXTERNAL,,↑4,False,False,2–3%,LATE_CYCLE,CAUTION,FINANCIALS,1.0,1.7506,0.5848,FIN_INCLUSION,9.0,0.0,,5.0,2.0,7.0,2.0,,,1.0,Fresh,₹747 – ₹761,₹733 (−2.8%),2–8% (12m),✅ 2.5:1,34.7,47,True,2026-06-05 12:45:29,0.0,2.0,0,0.0,0.0,0.0,4.0,6.0,2.0,0.0,4.0,2.0,0.0,0.0,0.0,0.0,0.0,0.0,0.0,0.0,0.0,0.0,0.0,0.0,2.0,0.0,0.0,0.0,9.0,4.0,0.0,0.0,False,47.0
INE742B01025,GUFICBIO,GUFIC BIOSCIENCE,Pharmaceuticals & Biotechnology,False,,,16,7,10.0,10,13,43,WATCHLIST_CONFIRMED,,↑14,False,False,1–2% (vol↓),LATE_CYCLE,CAUTION,OTHER,0.0,0.0248,0.0726,"HEALTHCARE,PLI",12.0,0.0,,5.0,2.0,7.0,2.0,,,1.0,Fresh,₹354 – ₹370,₹338 (−6.7%),8–20% (12m),⚠ 1.8:1,34.7,57,True,2026-06-05 12:45:30,4.0,0.0,0,4.0,4.0,5.0,0.0,0.0,2.0,0.0,4.0,2.0,0.0,2.0,0.0,0.0,0.0,1.0,0.0,0.0,0.0,0.0,0.0,0.0,2.0,0.0,0.0,0.0,9.0,4.0,0.0,0.0,False,
INE589A01014,NLCINDIA,NLC INDIA,Power,False,,,2,6,13.0,22,4,42,WATCHLIST_EXTERNAL,▼ At risk: near MONITOR boundary,─,False,False,0% (vol↓),TOPPING,CAUTION,OTHER,0.0,0.1486,0.1898,"CAPEX_SUPERCYCLE,POWER",13.0,-3.0,EARN_QUALITY|EARN_REV_DIVERGE,2.0,0.0,2.0,0.0,,,1.0,Fresh,₹339 – ₹353,₹325 (−6.0%),2–8% (12m),❌ 1.2:1,33.2,41,True,2026-06-05 12:45:00,0.0,2.0,0,4.0,0.0,0.0,0.0,6.0,2.0,0.0,0.0,2.0,0.0,2.0,1.0,3.0,0.0,0.0,1.0,1.0,0.0,1.0,2.0,0.0,0.0,0.0,0.0,0.0,0.0,4.0,0.0,0.0,False,
INE349A01021,NRBBEARING,NRB BEARINGS,Auto Components,False,,,15,1,13.0,22,14,42,WATCHLIST_CONFIRMED,,↑15,False,False,1–2% (vol↓),BASING,CAUTION,OTHER,0.0,0.6252,0.1806,PLI,14.0,0.0,,4.0,1.0,3.0,0.0,,,1.0,Fresh,₹351 – ₹364,₹338 (−5.4%),8–20% (12m),✅ 2.2:1,33.2,58,True,2026-06-05 12:45:00,4.0,0.0,0,4.0,4.0,5.0,0.0,0.0,2.0,0.0,0.0,0.0,0.0,2.0,1.0,3.0,1.0,0.0,1.0,0.0,0.0,1.0,2.0,0.0,0.0,0.0,0.0,0.0,10.0,4.0,0.0,0.0,False,
INE603A01013,PRAKASH,PRAKASH INDUSTRI,Ferrous Metals,False,,,6,7,10.0,4,4,42,MONITOR,▲ Approaching WATCHLIST_EXTERNAL,↓7,False,False,0%,CORRECTION,CAUTION,OTHER,0.0,0.1782,0.0002,nan,7.0,-1.0,EARN_REV_DIVERGE,2.0,0.0,4.0,1.0,,,1.0,Fresh,₹143 – ₹148,₹138 (−5.5%),,,33.2,35,True,2026-06-05 12:45:02,0.0,0.0,0,4.0,0.0,5.0,0.0,6.0,2.0,0.0,0.0,2.0,0.0,2.0,0.0,0.0,0.0,0.0,0.0,0.0,0.0,0.0,0.0,0.0,0.0,0.0,0.0,0.0,0.0,4.0,0.0,0.0,False,36.0
INE752E01010,POWERGRID,POWER GRID CORPN,Power,False,,,5,11,9.0,12,4,42,WATCHLIST_EXTERNAL,▼ At risk: near MONITOR boundary,─,False,False,0–1%,TOPPING,CAUTION,OTHER,1.0,1.0034,0.2712,"CAPEX_SUPERCYCLE,POWER",12.0,0.0,,2.0,0.0,8.0,2.0,,,1.0,Fresh,₹282 – ₹288,₹275 (−3.4%),2–8% (12m),✅ 2.1:1,33.2,41,True,2026-06-05 12:45:02,4.0,2.0,0,0.0,0.0,0.0,0.0,0.0,2.0,4.0,4.0,2.0,2.0,2.0,0.0,0.0,0.0,0.0,1.0,0.0,1.0,0.0,2.0,0.0,0.0,0.0,0.0,0.0,0.0,4.0,0.0,0.0,False,19.0
INE557Z01018,PIGL,POWER & INSTRUM.,Electrical Equipment,False,,,12,6,10.0,8,4,42,MONITOR,,↑3,False,False,0%,TOPPING,CAUTION,OTHER,0.0,0.0098,0.0,"CAPEX_SUPERCYCLE,POWER",9.0,-3.0,PAPER_PROFIT,4.0,1.0,3.0,0.0,,,1.0,Fresh,₹104 – ₹111,₹96 (−10.3%),,,33.2,45,True,2026-06-05 12:45:03,4.0,0.0,0,4.0,4.0,5.0,4.0,6.0,0.0,0.0,0.0,0.0,0.0,0.0,0.0,0.0,0.0,1.0,0.0,0.0,0.0,0.0,0.0,0.0,0.0,3.0,0.0,0.0,0.0,4.0,0.0,0.0,False,
INE602A01031,PCBL,PCBL CHEMICAL,Chemicals & Petrochemicals,False,,,7,10,10.0,0,13,42,WATCHLIST_EXTERNAL,,↑4,False,False,1–2% (vol↓),LATE_CYCLE,CAUTION,OTHER,0.0,0.245,0.1104,PLI,8.0,0.0,,2.0,0.0,7.0,2.0,,,1.0,Fresh,₹286 – ₹296,₹276 (−5.3%),2–8% (12m),❌ 1.3:1,33.2,46,True,2026-06-05 12:45:03,4.0,0.0,0,0.0,0.0,5.0,4.0,0.0,2.0,0.0,4.0,2.0,0.0,0.0,0.0,0.0,0.0,0.0,0.0,0.0,0.0,0.0,0.0,0.0,0.0,0.0,0.0,0.0,9.0,4.0,0.0,0.0,False,36.0
INE0TNW01017,QUESTLAB,QUEST LABORATO.,Pharmaceuticals & Biotechnology,False,,,13,6,10.0,8,13,42,WATCHLIST_CONFIRMED,,↑14,False,False,1–2% (vol↓),LATE_CYCLE,CAUTION,OTHER,0.0,0.0356,0.0,"HEALTHCARE,PLI",10.0,-3.0,PAPER_PROFIT,5.0,2.0,3.0,0.0,,,1.0,Fresh,₹98 – ₹104,₹93 (−7.9%),8–20% (12m),⚠ 1.5:1,33.2,56,True,2026-06-05 12:45:04,8.0,2.0,0,4.0,4.0,0.0,4.0,6.0,0.0,0.0,0.0,0.0,0.0,0.0,1.0,3.0,0.0,0.0,0.0,0.0,0.0,0.0,0.0,0.0,0.0,0.0,0.0,0.0,9.0,4.0,0.0,0.0,False,
INE027H01010,MAXHEALTH,MAX HEALTHCARE,Healthcare Services,False,,,11,13,8.0,0,13,42,WATCHLIST_CONFIRMED,▼ At risk: near WATCHLIST_EXTERNAL boundary,↑13,False,False,1–2% (vol↓),LATE_CYCLE,CAUTION,OTHER,1.0,1.8126,0.3247,HEALTHCARE,10.0,0.0,,3.0,1.0,7.0,2.0,,,1.0,Fresh,₹951 – ₹980,₹921 (−4.6%),8–20% (12m),✅ 2.6:1,33.2,55,True,2026-06-05 12:45:04,0.0,0.0,0,4.0,4.0,5.0,4.0,6.0,2.0,0.0,4.0,2.0,0.0,0.0,0.0,0.0,0.0,0.0,0.0,0.0,0.0,0.0,0.0,0.0,0.0,0.0,0.0,0.0,9.0,4.0,0.0,0.0,False,58.0
INE287C01037,MICEL,MIC ELECTRONICS,Industrial Products,False,,,3,9,13.0,8,4,42,WATCHLIST_EXTERNAL,▼ At risk: near MONITOR boundary,↓3,False,False,0% (vol↓),TOPPING,CAUTION,OTHER,0.0,0.095,0.0,nan,8.0,-3.0,PAPER_PROFIT,2.0,0.0,5.0,1.0,,,1.0,Fresh,₹42 – ₹44,₹41 (−5.7%),2–8% (12m),❌ 1.2:1,33.2,39,True,2026-06-05 12:45:05,0.0,0.0,0,4.0,4.0,0.0,4.0,6.0,0.0,0.0,0.0,2.0,0.0,0.0,0.0,0.0,0.0,0.0,0.0,0.0,0.0,0.0,2.0,2.0,0.0,0.0,0.0,0.0,0.0,4.0,0.0,0.0,False,41.0
INE274F01020,WESTLIFE,WESTLIFE FOOD,Leisure Services,False,,,3,10,10.0,10,13,42,WATCHLIST_EXTERNAL,,↑3,False,False,1–2% (vol↓),LATE_CYCLE,CAUTION,OTHER,0.0,0.3136,0.4652,PREMIUMISATION,9.0,-1.0,DE_ROCE_STRESS,4.0,1.0,7.0,2.0,,,1.0,Fresh,₹422 – ₹437,₹407 (−5.2%),2–8% (12m),❌ 1.3:1,33.2,46,True,2026-06-05 12:45:10,0.0,0.0,0,0.0,4.0,0.0,4.0,0.0,2.0,0.0,4.0,2.0,0.0,0.0,0.0,0.0,0.0,0.0,0.0,0.0,0.0,0.0,0.0,0.0,2.0,3.0,0.0,0.0,9.0,4.0,0.0,0.0,False,
INE090501011,SCODATUBES,SCODA TUBES,Industrial Products,False,,,12,2,13.0,8,4,42,WATCHLIST_EXTERNAL,▼ At risk: near MONITOR boundary,↓3,False,False,0% (vol↓),TOPPING,CAUTION,OTHER,0.0,0.3326,0.0,nan,7.0,-3.0,PAPER_PROFIT,6.0,2.0,4.0,1.0,,,1.0,Fresh,₹121 – ₹127,₹114 (−7.6%),2–8% (12m),❌ 0.9:1,33.2,39,True,2026-06-05 12:45:12,8.0,4.0,0,0.0,4.0,0.0,0.0,0.0,2.0,0.0,0.0,0.0,0.0,0.0,0.0,0.0,0.0,0.0,0.0,0.0,0.0,0.0,2.0,2.0,0.0,0.0,0.0,0.0,0.0,4.0,0.0,0.0,False,
INE529I01021,KUANTUM,KUANTUM PAPERS,"Paper, Forest & Jute Products",False,,,7,7,13.0,10,4,42,WATCHLIST_EXTERNAL,,─,False,False,1–2% (vol↓),CORRECTION,CAUTION,OTHER,0.0,0.008,0.0,nan,9.0,0.0,,2.0,0.0,4.0,1.0,,,1.0,Fresh,₹75 – ₹78,₹72 (−5.7%),2–8% (12m),❌ 1.2:1,33.2,42,False,2026-06-05 12:45:12,0.0,0.0,0,4.0,0.0,5.0,0.0,6.0,2.0,0.0,0.0,2.0,0.0,0.0,0.0,0.0,0.0,0.0,0.0,0.0,1.0,0.0,2.0,2.0,0.0,0.0,0.0,0.0,0.0,4.0,0.0,0.0,False,9.0
INE0D0K01022,SIGACHI,SIGACHI INDUST.,Pharmaceuticals & Biotechnology,False,,,15,9,10.0,0,13,42,WATCHLIST_CONFIRMED,,↑14,False,False,1–2% (vol↓),LATE_CYCLE,CAUTION,OTHER,0.0,0.095,0.0,"HEALTHCARE,PLI",9.0,0.0,,3.0,1.0,4.0,1.0,,,1.0,Fresh,₹21 – ₹22,₹21 (−5.1%),8–20% (12m),✅ 2.3:1,33.2,56,True,2026-06-05 12:45:14,4.0,0.0,0,4.0,4.0,5.0,4.0,6.0,2.0,0.0,0.0,0.0,0.0,0.0,0.0,0.0,0.0,0.0,0.0,0.0,0.0,0.0,0.0,0.0,0.0,0.0,0.0,0.0,9.0,4.0,0.0,0.0,False,
INE879A01019,SHREERAMA,SH. RAMA MULTI.,Industrial Products,False,,,18,1,10.0,2,4,42,WATCHLIST_EXTERNAL,▼ At risk: near MONITOR boundary,↓3,False,False,0% (vol↓),TOPPING,CAUTION,OTHER,0.0,0.0262,0.0,nan,8.0,0.0,,3.0,1.0,2.0,0.0,,,1.0,Fresh,₹43 – ₹45,₹41 (−7.9%),2–8% (12m),❌ 0.9:1,33.2,39,True,2026-06-05 12:45:14,4.0,4.0,0,4.0,4.0,5.0,0.0,0.0,2.0,0.0,0.0,0.0,0.0,0.0,0.0,0.0,0.0,0.0,0.0,0.0,1.0,0.0,0.0,0.0,0.0,0.0,0.0,0.0,0.0,4.0,0.0,0.0,False,27.0
INE178A01016,CHENNPETRO,C P C L,Petroleum Products,False,,,8,3,10.0,18,13,42,WATCHLIST_EXTERNAL,,↑9,False,False,1–2% (vol↓),LATE_CYCLE,CAUTION,OTHER,0.0,0.5254,0.0316,nan,12.0,0.0,,4.0,1.0,4.0,1.0,,,1.0,Fresh,"₹1,170 – ₹1,209","₹1,132 (−4.9%)",2–8% (12m),❌ 1.4:1,33.2,47,True,2026-06-05 12:45:17,0.0,0.0,0,0.0,4.0,5.0,0.0,0.0,2.0,0.0,0.0,0.0,2.0,2.0,1.0,3.0,1.0,0.0,1.0,0.0,0.0,1.0,0.0,0.0,0.0,0.0,0.0,0.0,9.0,4.0,0.0,0.0,False,41.0
INE879I01012,DBREALTY,VALOR ESTATE,Leisure Services,False,,,0,12,13.0,4,13,42,WATCHLIST_EXTERNAL,,↑3,False,False,1–2% (vol↓),LATE_CYCLE,CAUTION,OTHER,0.0,0.214,0.0028,PREMIUMISATION,8.0,0.0,,2.0,0.0,8.0,2.0,,,1.0,Fresh,₹109 – ₹114,₹104 (−6.3%),2–8% (12m),❌ 1.1:1,33.2,46,True,2026-06-05 12:45:20,0.0,0.0,0,0.0,0.0,0.0,4.0,0.0,2.0,4.0,4.0,0.0,2.0,0.0,0.0,0.0,0.0,0.0,0.0,0.0,0.0,0.0,2.0,0.0,0.0,0.0,0.0,0.0,9.0,4.0,0.0,0.0,False,
INE901L01018,APLLTD,ALEMBIC PHARMA,Pharmaceuticals & Biotechnology,False,,,15,6,13.0,8,13,42,WATCHLIST_CONFIRMED,,↑14,False,False,2–3%,LATE_CYCLE,CAUTION,OTHER,0.0,0.1796,0.1636,"HEALTHCARE,PLI",10.0,0.0,,4.0,1.0,8.0,2.0,,,1.0,Fresh,₹713 – ₹734,₹692 (−4.3%),8–20% (12m),✅ 2.8:1,33.2,56,True,2026-06-05 12:45:22,4.0,0.0,0,4.0,4.0,5.0,0.0,0.0,2.0,0.0,4.0,0.0,0.0,0.0,0.0,0.0,0.0,0.0,0.0,0.0,0.0,0.0,2.0,2.0,0.0,0.0,0.0,0.0,9.0,4.0,0.0,0.0,False,50.0
INE012A01025,ACC,ACC,Cement & Cement Products,False,,,16,6,10.0,0,4,42,WATCHLIST_EXTERNAL,,─,False,False,2–3%,TOPPING,CAUTION,OTHER,0.0,0.253,0.1602,INFRA,8.0,0.0,,4.0,1.0,7.0,2.0,,,1.0,Fresh,"₹1,337 – ₹1,365","₹1,308 (−3.1%)",2–8% (12m),✅ 2.2:1,33.2,42,False,2026-06-05 12:45:22,4.0,2.0,0,4.0,4.0,5.0,0.0,0.0,2.0,0.0,4.0,0.0,0.0,0.0,0.0,0.0,0.0,0.0,0.0,0.0,0.0,0.0,0.0,0.0,0.0,0.0,0.0,0.0,0.0,4.0,0.0,0.0,False,34.0
INE837H01020,ADVENZYMES,ADVANCED ENZYME,Pharmaceuticals & Biotechnology,False,,,16,2,10.0,20,13,42,WATCHLIST_CONFIRMED,,↑13,False,False,1–2% (vol↓),LATE_CYCLE,CAUTION,OTHER,0.0,0.8429,0.0385,"HEALTHCARE,PLI",13.0,0.0,,5.0,2.0,3.0,0.0,,,1.0,Fresh,₹373 – ₹388,₹357 (−6.0%),8–20% (12m),✅ 2.0:1,33.2,56,True,2026-06-05 12:45:22,4.0,0.0,0,4.0,4.0,5.0,0.0,0.0,2.0,0.0,0.0,2.0,0.0,2.0,1.0,3.0,0.0,0.0,0.0,0.0,1.0,0.0,0.0,0.0,0.0,3.0,0.0,0.0,9.0,4.0,0.0,0.0,False,27.0
INE485C01029,IOLCP,IOL CHEMICALS,Pharmaceuticals & Biotechnology,False,,,7,7,10.0,28,13,42,WATCHLIST_CONFIRMED,,↑14,False,False,1–2% (vol↓),LATE_CYCLE,CAUTION,OTHER,0.0,0.1016,0.0004,"HEALTHCARE,PLI",15.0,0.0,,3.0,1.0,8.0,2.0,,,1.0,Fresh,₹127 – ₹135,₹119 (−9.4%),8–20% (12m),❌ 1.3:1,33.2,56,True,2026-06-05 12:45:27,0.0,0.0,0,4.0,4.0,0.0,0.0,0.0,2.0,0.0,4.0,2.0,0.0,2.0,1.0,3.0,1.0,1.0,0.0,0.0,0.0,1.0,0.0,0.0,0.0,3.0,2.0,0.0,9.0,4.0,0.0,0.0,False,
INE242A01010,IOC,I O C L,Petroleum Products,False,,,4,7,13.0,12,13,42,WATCHLIST_EXTERNAL,,↑9,False,False,2–3%,LATE_CYCLE,CAUTION,OTHER,0.0,0.3978,0.0504,nan,10.0,0.0,,2.0,0.0,8.0,2.0,,,1.0,Fresh,₹136 – ₹139,₹132 (−3.6%),2–8% (12m),⚠ 1.9:1,33.2,47,True,2026-06-05 12:45:27,0.0,0.0,0,0.0,0.0,5.0,0.0,0.0,2.0,0.0,4.0,0.0,2.0,0.0,0.0,0.0,0.0,0.0,0.0,0.0,1.0,1.0,2.0,2.0,0.0,0.0,0.0,0.0,9.0,4.0,0.0,0.0,False,17.0
INE962Y01021,IRCON,IRCON INTL.,Construction,False,,,4,6,13.0,8,4,42,MONITOR,▲ Approaching WATCHLIST_EXTERNAL,↓7,False,False,0%,TOPPING,CAUTION,OTHER,0.0,0.2048,0.0058,INFRA,7.0,-3.0,PAPER_PROFIT,1.0,0.0,8.0,2.0,,,1.0,Fresh,₹134 – ₹137,₹130 (−3.6%),,,33.2,35,True,2026-06-05 12:45:27,0.0,0.0,0,4.0,0.0,5.0,0.0,0.0,0.0,0.0,4.0,2.0,0.0,0.0,0.0,0.0,0.0,0.0,0.0,0.0,0.0,0.0,2.0,0.0,2.0,0.0,0.0,0.0,0.0,4.0,0.0,0.0,False,
INE823G01014,JKCEMENT,J K CEMENTS,Cement & Cement Products,False,,,16,6,8.0,4,4,42,WATCHLIST_EXTERNAL,,─,False,False,1–2% (vol↓),TOPPING,CAUTION,OTHER,1.0,0.676,0.4322,INFRA,9.0,0.0,,4.0,1.0,7.0,2.0,,,1.0,Fresh,"₹4,803 – ₹4,951","₹4,654 (−4.6%)",2–8% (12m),⚠ 1.5:1,33.2,42,False,2026-06-05 12:45:27,4.0,2.0,0,4.0,4.0,5.0,0.0,0.0,2.0,0.0,4.0,0.0,0.0,0.0,0.0,0.0,0.0,0.0,0.0,0.0,0.0,0.0,0.0,0.0,2.0,0.0,0.0,0.0,0.0,4.0,0.0,0.0,False,
INE070D01027,JAICORPLTD,JAI CORP,Industrial Products,False,,,8,7,13.0,4,4,42,WATCHLIST_EXTERNAL,▼ At risk: near MONITOR boundary,↓3,False,False,0–1%,TOPPING,CAUTION,OTHER,0.0,0.0392,0.0008,nan,7.0,0.0,,5.0,2.0,8.0,2.0,,,1.0,Fresh,₹112 – ₹116,₹109 (−4.4%),2–8% (12m),⚠ 1.6:1,33.2,39,True,2026-06-05 12:45:28,0.0,0.0,0,4.0,4.0,0.0,0.0,0.0,2.0,0.0,4.0,2.0,0.0,0.0,0.0,0.0,0.0,0.0,0.0,0.0,0.0,0.0,2.0,0.0,0.0,0.0,0.0,0.0,0.0,4.0,0.0,0.0,False,
INE546C01010,PICCADIL,PICCADILY AGRO,Beverages,False,,,12,7,10.0,0,4,41,WATCHLIST_EXTERNAL,▼ At risk: near MONITOR boundary,─,False,False,0–1%,CORRECTION,CAUTION,CONSUMPTION,0.0,0.0462,0.0016,PREMIUMISATION,8.0,-3.0,PAPER_PROFIT,3.0,1.0,5.0,1.0,,,1.0,Fresh,₹570 – ₹587,₹553 (−4.4%),2–8% (12m),⚠ 1.6:1,31.9,41,True,2026-06-05 12:45:03,8.0,2.0,0,4.0,4.0,0.0,0.0,6.0,0.0,0.0,0.0,2.0,2.0,0.0,0.0,0.0,0.0,0.0,0.0,0.0,0.0,0.0,0.0,0.0,0.0,0.0,0.0,0.0,0.0,4.0,0.0,0.0,False,
INE0L0L01012,MODIS,MODI'S NAVNIRMAN,Realty,False,,,8,6,10.0,6,4,41,MONITOR,▼ At risk: near MONITOR boundary,↓3,False,False,0%,CORRECTION,CAUTION,OTHER,0.0,0.3548,0.0,INFRA,8.0,-3.0,PAPER_PROFIT,4.0,1.0,1.0,0.0,,,1.0,Fresh,₹339 – ₹351,₹328 (−5.0%),,,31.9,39,True,2026-06-05 12:45:07,4.0,0.0,0,4.0,4.0,0.0,4.0,6.0,0.0,0.0,0.0,0.0,0.0,2.0,0.0,0.0,0.0,1.0,0.0,0.0,0.0,0.0,0.0,0.0,0.0,0.0,0.0,0.0,0.0,4.0,0.0,0.0,False,
INE19RI01016,TENNIND,TENNECO CLEAN,Auto Components,False,,,15,1,13.0,20,14,41,WATCHLIST_CONFIRMED,,↑16,False,False,1–2% (vol↓),BASING,CAUTION,OTHER,0.0,0.368,0.1528,PLI,11.0,0.0,,7.0,2.0,2.0,0.0,,,1.0,Fresh,₹559 – ₹582,₹535 (−6.2%),8–20% (12m),⚠ 1.9:1,31.9,57,True,2026-06-05 12:45:08,8.0,4.0,0,4.0,0.0,0.0,0.0,0.0,2.0,0.0,0.0,0.0,0.0,2.0,1.0,3.0,0.0,0.0,0.0,0.0,0.0,0.0,2.0,2.0,0.0,0.0,0.0,0.0,10.0,4.0,0.0,0.0,False,
INE17WC01013,TEJASCARGO,TEJAS CARGO,Transport Services,False,,,1,3,13.0,10,4,41,MONITOR,,↓13,False,False,0%,TOPPING,CAUTION,OTHER,0.0,0.4852,0.0,INFRA,4.0,0.0,,4.0,1.0,6.0,1.0,,,1.0,Fresh,,,,,31.9,28,True,2026-06-05 12:45:08,0.0,0.0,0,0.0,0.0,0.0,0.0,0.0,0.0,0.0,4.0,0.0,0.0,0.0,0.0,0.0,0.0,0.0,0.0,0.0,0.0,0.0,2.0,0.0,0.0,3.0,0.0,0.0,0.0,4.0,0.0,0.0,False,
INE398R01022,SYNGENE,SYNGENE INTL.,Healthcare Services,False,,,15,7,8.0,10,13,41,WATCHLIST_CONFIRMED,▼ At risk: near WATCHLIST_EXTERNAL boundary,↑13,False,False,2–3%,LATE_CYCLE,CAUTION,OTHER,1.0,0.5614,0.4824,HEALTHCARE,11.0,0.0,,4.0,1.0,8.0,2.0,,,1.0,Fresh,₹432 – ₹444,₹420 (−4.0%),8–20% (12m),✅ 3.0:1,31.9,54,True,2026-06-05 12:45:09,4.0,0.0,0,4.0,4.0,5.0,0.0,0.0,2.0,0.0,4.0,2.0,0.0,0.0,0.0,0.0,0.0,0.0,0.0,0.0,0.0,0.0,0.0,0.0,2.0,3.0,0.0,0.0,9.0,4.0,0.0,0.0,False,36.0
INE0KKN01029,RHETAN,RHETAN TMT LTD,Industrial Products,False,,,2,5,13.0,24,4,41,WATCHLIST_EXTERNAL,▼ At risk: near MONITOR boundary,↓3,False,False,0% (vol↓),TOPPING,CAUTION,OTHER,0.0,0.036,0.0,nan,11.0,-4.0,PAPER_PROFIT|EARN_REV_DIVERGE,5.0,2.0,6.0,1.0,,,1.0,Fresh,₹30 – ₹31,₹29 (−4.9%),2–8% (12m),❌ 1.4:1,31.9,38,True,2026-06-05 12:45:12,0.0,0.0,0,0.0,4.0,0.0,0.0,0.0,2.0,0.0,4.0,0.0,0.0,2.0,1.0,3.0,1.0,0.0,0.0,0.0,0.0,1.0,2.0,2.0,0.0,0.0,0.0,0.0,0.0,4.0,0.0,0.0,False,32.0
INE0ZOL01023,EMAPARTNER,EMA PARTNERS,Commercial Services & Supplies,False,,,1,3,13.0,10,13,41,MONITOR,▲ Approaching WATCHLIST_EXTERNAL,↓4,False,False,0%,LATE_CYCLE,CAUTION,OTHER,0.0,0.0098,0.0516,nan,5.0,0.0,,4.0,1.0,5.0,1.0,,,1.0,Fresh,,,,,31.9,37,True,2026-06-05 12:45:18,0.0,0.0,0,0.0,0.0,0.0,0.0,0.0,0.0,0.0,4.0,0.0,0.0,0.0,0.0,0.0,0.0,0.0,0.0,0.0,0.0,0.0,2.0,0.0,0.0,3.0,0.0,0.0,9.0,4.0,0.0,0.0,False,
INE126A01031,EIDPARRY,EID PARRY,Food Products,False,,,15,3,10.0,0,4,41,MONITOR,▲ Approaching WATCHLIST_EXTERNAL,↓5,False,False,0%,CORRECTION,CAUTION,OTHER,0.0,0.5127,0.3209,"AGRI,PLI",6.0,0.0,,4.0,1.0,4.0,1.0,,,1.0,Fresh,₹746 – ₹768,₹723 (−4.4%),,,31.9,37,True,2026-06-05 12:45:18,8.0,0.0,0,4.0,0.0,5.0,0.0,0.0,2.0,0.0,0.0,2.0,0.0,0.0,0.0,0.0,0.0,0.0,0.0,0.0,0.0,0.0,0.0,0.0,0.0,0.0,0.0,0.0,0.0,4.0,0.0,0.0,False,
INE365B01017,DATAMATICS,DATAMATICS GLOB.,IT - Services,False,,,15,1,10.0,12,14,41,WATCHLIST_EXTERNAL,▲ Approaching WATCHLIST_CONFIRMED,↑10,False,False,1–2% (vol↓),BASING,CAUTION,OTHER,0.0,0.0491,0.002,DIGITAL,12.0,-2.0,EARN_QUALITY,6.0,2.0,2.0,0.0,,,1.0,Fresh,₹777 – ₹815,₹738 (−7.3%),2–8% (12m),❌ 1.0:1,31.9,51,True,2026-06-05 12:45:20,4.0,2.0,0,4.0,4.0,5.0,0.0,0.0,2.0,0.0,0.0,0.0,0.0,0.0,1.0,3.0,0.0,0.0,0.0,0.0,1.0,1.0,0.0,0.0,0.0,0.0,0.0,0.0,10.0,4.0,0.0,0.0,False,14.0
INE108V01019,AWFIS,AWFIS SPACE,Commercial Services & Supplies,False,,,2,7,8.0,6,13,41,MONITOR,▲ Approaching WATCHLIST_EXTERNAL,↓4,False,False,0%,LATE_CYCLE,CAUTION,OTHER,1.0,0.8216,0.7046,nan,8.0,0.0,,2.0,0.0,5.0,1.0,,,1.0,Fresh,₹302 – ₹321,₹282 (−9.5%),,,31.9,37,True,2026-06-05 12:45:24,0.0,2.0,0,0.0,0.0,0.0,4.0,0.0,2.0,0.0,0.0,2.0,2.0,0.0,0.0,0.0,0.0,0.0,0.0,0.0,0.0,0.0,0.0,0.0,0.0,3.0,0.0,0.0,9.0,4.0,0.0,0.0,False,
INE0ADB01012,INNOVISION,NAN,nan,False,,,1,0,13.0,0,4,41,MONITOR,,↑18,False,False,0%,,CAUTION,OTHER,0.0,0.09,0.0,nan,1.0,0.0,,4.0,1.0,1.0,0.0,,,1.0,Fresh,₹285 – ₹293,₹277 (−4.1%),,,31.9,18,True,2026-06-05 12:45:27,0.0,0.0,0,0.0,0.0,0.0,0.0,0.0,0.0,0.0,0.0,0.0,0.0,0.0,0.0,0.0,0.0,0.0,0.0,0.0,0.0,0.0,0.0,0.0,0.0,0.0,0.0,0.0,0.0,4.0,0.0,0.0,False,
INE573A01042,JKTYRE,JK TYRE & INDUST,Auto Components,False,,,7,10,13.0,12,14,41,WATCHLIST_CONFIRMED,,↑16,False,False,1–2% (vol↓),BASING,CAUTION,OTHER,0.0,0.6656,0.14,PLI,11.0,-1.0,EARN_REV_DIVERGE,4.0,1.0,4.0,1.0,,,1.0,Fresh,₹379 – ₹393,₹366 (−5.2%),8–20% (12m),✅ 2.3:1,31.9,57,True,2026-06-05 12:45:27,4.0,0.0,0,0.0,0.0,5.0,0.0,6.0,2.0,4.0,0.0,2.0,0.0,0.0,0.0,0.0,0.0,0.0,0.0,0.0,0.0,0.0,2.0,2.0,2.0,0.0,0.0,0.0,10.0,4.0,0.0,0.0,False,
INE052A01021,WINDMACHIN,WINDSOR MACHINES,Industrial Manufacturing,False,,,2,8,13.0,14,4,40,WATCHLIST_EXTERNAL,▼ At risk: near MONITOR boundary,─,False,False,0% (vol↓),TOPPING,CAUTION,OTHER,0.0,0.0658,0.0002,PLI,9.0,-4.0,PAPER_PROFIT|EARN_REV_DIVERGE,2.0,0.0,8.0,2.0,,,1.0,Fresh,₹274 – ₹286,₹261 (−6.6%),2–8% (12m),❌ 1.1:1,31.0,40,True,2026-06-05 12:45:00,0.0,0.0,0,4.0,4.0,0.0,0.0,6.0,0.0,0.0,4.0,0.0,0.0,2.0,0.0,0.0,0.0,0.0,0.0,0.0,1.0,0.0,2.0,2.0,0.0,0.0,0.0,0.0,0.0,4.0,0.0,0.0,False,25.0
INE451D01029,RAJRATAN,RAJRATAN GLOBAL,Auto Components,False,,,15,2,13.0,16,14,40,WATCHLIST_CONFIRMED,,↑17,False,False,2–3%,BASING,CAUTION,OTHER,0.0,0.037,0.1542,PLI,11.0,0.0,,4.0,1.0,4.0,1.0,,,1.0,Fresh,₹407 – ₹419,₹395 (−4.3%),8–20% (12m),✅ 2.8:1,31.0,56,True,2026-06-05 12:45:01,4.0,0.0,0,4.0,4.0,5.0,0.0,0.0,2.0,0.0,0.0,0.0,0.0,2.0,0.0,0.0,0.0,0.0,1.0,0.0,0.0,0.0,2.0,0.0,0.0,3.0,0.0,0.0,10.0,4.0,0.0,0.0,False,44.0
INE244B01030,PATELENG,PATEL ENGINEERIN,Construction,False,,,5,5,13.0,4,4,40,MONITOR,,↓7,False,False,0%,TOPPING,CAUTION,OTHER,0.0,0.1426,0.0044,INFRA,5.0,0.0,,3.0,1.0,2.0,0.0,,,1.0,Fresh,₹26 – ₹27,₹25 (−4.5%),,,31.0,33,True,2026-06-05 12:45:04,0.0,0.0,0,0.0,0.0,5.0,0.0,6.0,2.0,0.0,0.0,0.0,0.0,0.0,0.0,0.0,0.0,0.0,0.0,0.0,0.0,0.0,2.0,0.0,0.0,0.0,0.0,0.0,0.0,4.0,0.0,0.0,False,
INE830Q01018,MANAKCOAT,MANAKSIA COATED,Industrial Products,False,,,12,5,10.0,0,4,40,MONITOR,▲ Approaching WATCHLIST_EXTERNAL,↓3,False,False,0%,TOPPING,CAUTION,OTHER,0.0,0.2748,0.0,nan,6.0,0.0,,5.0,2.0,3.0,0.0,,,1.0,Fresh,₹103 – ₹107,₹99 (−5.4%),,,31.0,37,True,2026-06-05 12:45:05,4.0,0.0,0,0.0,4.0,5.0,0.0,6.0,2.0,0.0,0.0,0.0,0.0,0.0,0.0,0.0,0.0,0.0,0.0,0.0,0.0,0.0,0.0,0.0,0.0,0.0,0.0,0.0,0.0,4.0,0.0,0.0,False,
INE752G01015,MSPL,MSP STEEL & POW.,Industrial Products,False,,,7,2,10.0,22,4,40,MONITOR,▲ Approaching WATCHLIST_EXTERNAL,↓3,False,False,0%,TOPPING,CAUTION,OTHER,0.0,0.0103,0.0,nan,10.0,-2.0,EARN_QUALITY,5.0,2.0,4.0,1.0,,,1.0,Fresh,₹40 – ₹42,₹38 (−6.5%),,,31.0,37,True,2026-06-05 12:45:06,0.0,0.0,0,0.0,4.0,5.0,0.0,0.0,2.0,0.0,0.0,0.0,0.0,2.0,1.0,3.0,1.0,0.0,0.0,0.0,0.0,1.0,0.0,0.0,0.0,3.0,0.0,0.0,0.0,4.0,0.0,0.0,False,
INE245A01021,TATAPOWER,TATA POWER CO.,Power,False,,,0,11,13.0,12,4,40,WATCHLIST_EXTERNAL,▼ At risk: near MONITOR boundary,─,False,False,0–1%,TOPPING,CAUTION,OTHER,0.0,0.4267,0.1826,"CAPEX_SUPERCYCLE,POWER",9.0,0.0,,1.0,0.0,6.0,1.0,,,1.0,Fresh,₹408 – ₹416,₹399 (−3.0%),2–8% (12m),✅ 2.3:1,31.0,40,True,2026-06-05 12:45:08,0.0,0.0,0,0.0,0.0,0.0,4.0,6.0,2.0,0.0,4.0,0.0,0.0,2.0,0.0,0.0,0.0,0.0,1.0,0.0,1.0,0.0,2.0,0.0,0.0,0.0,0.0,0.0,0.0,4.0,0.0,0.0,False,10.0
INE192A01025,TATACONSUM,TATA CONSUMER,Agricultural Food & other Products,False,,,11,7,8.0,6,4,40,WATCHLIST_EXTERNAL,▼ At risk: near MONITOR boundary,─,False,False,0–1%,CORRECTION,CAUTION,OTHER,1.0,0.8669,0.1799,AGRI,9.0,0.0,,4.0,1.0,8.0,2.0,,,1.0,Fresh,"₹1,131 – ₹1,157","₹1,106 (−3.4%)",2–8% (12m),✅ 2.1:1,31.0,39,True,2026-06-05 12:45:08,0.0,0.0,0,4.0,4.0,5.0,0.0,0.0,2.0,0.0,4.0,2.0,0.0,2.0,0.0,0.0,0.0,0.0,0.0,0.0,0.0,1.0,0.0,0.0,0.0,0.0,0.0,0.0,0.0,4.0,0.0,0.0,False,
INE0AZY01017,VILAS,VILAS TRANSCORE,Industrial Products,False,,,8,7,10.0,0,4,40,MONITOR,▲ Approaching WATCHLIST_EXTERNAL,↓3,False,False,0%,TOPPING,CAUTION,OTHER,0.0,0.0978,0.0,nan,6.0,-3.0,PAPER_PROFIT,3.0,1.0,6.0,1.0,,,1.0,Fresh,₹347 – ₹367,₹327 (−8.5%),,,31.0,37,True,2026-06-05 12:45:11,4.0,0.0,0,4.0,4.0,0.0,0.0,6.0,0.0,0.0,4.0,0.0,0.0,0.0,0.0,0.0,0.0,0.0,0.0,0.0,0.0,0.0,0.0,0.0,0.0,0.0,0.0,0.0,0.0,4.0,0.0,0.0,False,
INE12UN01015,SHADOWFAX,SHADOWFAX TECHNOLOGIES,Transport Services,False,,,4,1,8.0,16,4,40,MONITOR,,↓13,False,False,0%,TOPPING,CAUTION,OTHER,1.0,1.045,0.2466,INFRA,8.0,0.0,,3.0,1.0,2.0,0.0,,,1.0,Fresh,₹191 – ₹200,₹181 (−7.1%),,,31.0,27,True,2026-06-05 12:45:15,0.0,0.0,0,0.0,4.0,0.0,0.0,0.0,2.0,0.0,0.0,0.0,0.0,2.0,1.0,3.0,1.0,0.0,0.0,0.0,0.0,1.0,0.0,0.0,0.0,0.0,0.0,0.0,0.0,4.0,0.0,0.0,False,
INE08PH01015,ABCOTS,AB COTSPIN,Textiles & Apparels,False,,,8,2,10.0,0,13,40,WATCHLIST_EXTERNAL,▼ At risk: near MONITOR boundary,─,False,False,0% (vol↓),LATE_CYCLE,CAUTION,OTHER,0.0,0.0056,0.0,PLI,6.0,-3.0,PAPER_PROFIT,3.0,1.0,2.0,0.0,,,1.0,Fresh,₹201 – ₹210,₹191 (−6.7%),2–8% (12m),❌ 1.0:1,31.0,38,True,2026-06-05 12:45:23,4.0,0.0,0,0.0,4.0,5.0,4.0,0.0,0.0,0.0,0.0,0.0,0.0,0.0,0.0,0.0,0.0,0.0,0.0,0.0,0.0,0.0,0.0,0.0,0.0,0.0,0.0,0.0,9.0,4.0,0.0,0.0,False,
INE898S01029,AURUM,AURUM PROPTECH,IT - Services,False,,,0,13,13.0,14,14,40,WATCHLIST_EXTERNAL,▲ Approaching WATCHLIST_CONFIRMED,↑10,False,False,2–3%,BASING,CAUTION,OTHER,0.0,0.1492,0.0,DIGITAL,10.0,-3.0,PAPER_PROFIT,2.0,0.0,10.0,3.0,,,1.0,Fresh,₹178 – ₹183,₹172 (−4.4%),2–8% (12m),⚠ 1.6:1,31.0,50,True,2026-06-05 12:45:24,0.0,0.0,0,0.0,0.0,0.0,4.0,0.0,2.0,4.0,4.0,2.0,0.0,2.0,0.0,0.0,0.0,0.0,0.0,0.0,0.0,0.0,2.0,0.0,0.0,3.0,0.0,0.0,10.0,4.0,0.0,0.0,False,
INE344S01016,INFOBEAN,INFOBEANS TECH.,IT - Software,False,,,16,3,10.0,16,14,40,WATCHLIST_CONFIRMED,,↑15,False,False,1–2% (vol↓),BASING,CAUTION,OTHER,0.0,0.086,0.0,DIGITAL,13.0,0.0,,5.0,2.0,5.0,1.0,,,1.0,Fresh,₹166 – ₹175,₹156 (−8.4%),8–20% (12m),❌ 1.4:1,31.0,56,True,2026-06-05 12:45:25,4.0,0.0,0,4.0,4.0,5.0,0.0,0.0,2.0,0.0,0.0,2.0,0.0,2.0,1.0,3.0,0.0,1.0,0.0,0.0,0.0,1.0,0.0,0.0,0.0,0.0,0.0,0.0,10.0,4.0,0.0,0.0,False,
INE224A01026,GREAVESCOT,GREAVES COTTON,Industrial Products,False,,,3,11,10.0,4,4,40,MONITOR,▲ Approaching WATCHLIST_EXTERNAL,↓3,False,False,0%,TOPPING,CAUTION,OTHER,0.0,0.1101,0.006,nan,8.0,-3.0,PAPER_PROFIT,2.0,0.0,8.0,2.0,,,1.0,Fresh,₹181 – ₹187,₹174 (−5.2%),,,31.0,37,True,2026-06-05 12:45:28,0.0,0.0,0,4.0,4.0,0.0,4.0,0.0,0.0,4.0,4.0,2.0,0.0,2.0,0.0,0.0,0.0,0.0,0.0,0.0,0.0,0.0,0.0,0.0,0.0,0.0,0.0,0.0,0.0,4.0,0.0,0.0,False,39.0
INE0AQ201015,THELEELA,LEELA PALACES HOTELS,Leisure Services,False,,,1,12,10.0,6,13,39,WATCHLIST_EXTERNAL,,↑4,False,False,2–3%,LATE_CYCLE,CAUTION,OTHER,0.0,0.3476,0.133,PREMIUMISATION,9.0,0.0,,3.0,1.0,10.0,3.0,,,1.0,Fresh,₹419 – ₹430,₹408 (−3.8%),2–8% (12m),⚠ 1.9:1,30.4,44,True,2026-06-05 12:45:09,0.0,0.0,0,0.0,0.0,0.0,4.0,0.0,2.0,0.0,4.0,2.0,2.0,2.0,0.0,0.0,0.0,0.0,0.0,0.0,0.0,1.0,0.0,0.0,0.0,0.0,0.0,0.0,9.0,4.0,0.0,0.0,False,
INE807F01027,VIYASH,VIYASH SCIENTIFIC,Pharmaceuticals & Biotechnology,False,,,8,7,10.0,20,13,39,WATCHLIST_CONFIRMED,▼ At risk: near WATCHLIST_EXTERNAL boundary,↑16,False,False,1–2% (vol↓),LATE_CYCLE,CAUTION,OTHER,0.0,0.1436,0.1247,"HEALTHCARE,PLI",15.0,0.0,,4.0,1.0,4.0,1.0,,,1.0,Fresh,₹241 – ₹255,₹226 (−8.8%),8–20% (12m),❌ 1.4:1,30.4,54,True,2026-06-05 12:45:10,0.0,0.0,0,0.0,4.0,5.0,0.0,0.0,2.0,4.0,0.0,2.0,2.0,2.0,1.0,3.0,1.0,1.0,1.0,0.0,0.0,1.0,0.0,0.0,0.0,0.0,0.0,0.0,9.0,4.0,0.0,0.0,False,
INE628A01036,UPL,UPL,Fertilizers & Agrochemicals,False,,,5,8,9.0,12,4,39,MONITOR,▲ Approaching WATCHLIST_EXTERNAL,─,False,False,0%,TOPPING,CAUTION,OTHER,1.0,1.712,0.1446,AGRI,10.0,0.0,,3.0,1.0,9.0,2.0,,,1.0,Fresh,₹640 – ₹652,₹628 (−2.8%),,,30.4,37,True,2026-06-05 12:45:10,0.0,0.0,0,0.0,0.0,5.0,0.0,0.0,2.0,0.0,4.0,2.0,2.0,0.0,0.0,0.0,0.0,0.0,0.0,0.0,1.0,1.0,2.0,2.0,0.0,0.0,0.0,0.0,0.0,4.0,0.0,0.0,False,24.0
INE573K01025,RUSHIL,RUSHIL DECOR,Consumer Durables,False,,,7,6,13.0,4,13,39,MONITOR,,↑8,False,False,0%,LATE_CYCLE,CAUTION,CONSUMPTION,0.0,0.0846,0.0,PREMIUMISATION,7.0,0.0,,1.0,0.0,4.0,1.0,,,1.0,Fresh,₹15 – ₹16,₹14 (−7.5%),,,30.4,46,True,2026-06-05 12:45:13,0.0,0.0,0,4.0,0.0,5.0,0.0,6.0,2.0,0.0,0.0,0.0,0.0,0.0,0.0,0.0,0.0,0.0,0.0,0.0,0.0,0.0,2.0,0.0,0.0,0.0,0.0,0.0,9.0,4.0,0.0,0.0,False,
INE427F01016,CHALET,CHALET HOTELS,Leisure Services,False,,,6,7,10.0,4,13,39,WATCHLIST_EXTERNAL,,↑4,False,False,2–3%,LATE_CYCLE,CAUTION,OTHER,0.0,0.1893,0.4536,PREMIUMISATION,8.0,0.0,,1.0,0.0,6.0,1.0,,,1.0,Fresh,₹763 – ₹783,₹742 (−4.0%),2–8% (12m),⚠ 1.8:1,30.4,44,True,2026-06-05 12:45:16,4.0,0.0,0,4.0,0.0,0.0,4.0,0.0,2.0,0.0,4.0,0.0,0.0,0.0,0.0,0.0,0.0,0.0,0.0,0.0,0.0,0.0,0.0,0.0,2.0,0.0,0.0,0.0,9.0,4.0,0.0,0.0,False,
INE727B01026,GENESYS,GENESYS INTL.,IT - Services,False,,,8,9,10.0,0,14,39,MONITOR,▲ Approaching WATCHLIST_CONFIRMED,↑9,False,False,0%,BASING,CAUTION,OTHER,0.0,0.149,0.0,DIGITAL,8.0,-3.0,PAPER_PROFIT,3.0,1.0,5.0,1.0,,,1.0,Fresh,₹257 – ₹277,₹238 (−11.2%),,,30.4,49,True,2026-06-05 12:45:29,4.0,0.0,0,4.0,4.0,0.0,4.0,6.0,0.0,0.0,0.0,2.0,0.0,0.0,0.0,0.0,0.0,0.0,0.0,0.0,0.0,0.0,0.0,0.0,0.0,0.0,0.0,0.0,10.0,4.0,0.0,0.0,False,
INE0OJW01016,ROSSTECH,ROSSELL TECHSYS,Aerospace & Defense,False,,,8,2,13.0,26,4,38,WATCHLIST_EXTERNAL,,↑5,False,False,1–2% (vol↓),TOPPING,CAUTION,CAPEX_CYCLE,0.0,0.0714,0.0474,"CAPEX_SUPERCYCLE,DEFENCE",13.0,-3.0,PAPER_PROFIT,4.0,1.0,4.0,1.0,,,1.0,Fresh,"₹1,041 – ₹1,106",₹976 (−9.1%),2–8% (12m),❌ 0.8:1,29.7,43,True,2026-06-05 12:45:00,8.0,0.0,0,0.0,4.0,0.0,0.0,0.0,0.0,0.0,0.0,0.0,2.0,2.0,1.0,3.0,1.0,1.0,1.0,0.0,1.0,1.0,2.0,0.0,0.0,0.0,0.0,0.0,0.0,4.0,0.0,0.0,False,24.0
INE423A01024,ADANIENT,ADANI ENTERP.,Metals & Minerals Trading,False,,,2,7,10.0,22,4,38,WATCHLIST_EXTERNAL,▼ At risk: near MONITOR boundary,─,False,False,0–1%,TOPPING,CAUTION,OTHER,0.0,0.4978,0.0542,nan,11.0,0.0,,2.0,0.0,4.0,1.0,,,1.0,Fresh,"₹2,886 – ₹2,966","₹2,806 (−4.1%)",2–8% (12m),⚠ 1.7:1,29.7,38,False,2026-06-05 12:45:00,0.0,2.0,0,0.0,0.0,0.0,0.0,6.0,2.0,0.0,0.0,0.0,2.0,2.0,1.0,3.0,1.0,0.0,0.0,0.0,0.0,1.0,0.0,0.0,0.0,3.0,0.0,0.0,0.0,4.0,0.0,0.0,False,34.0
INE101A01026,M&M,M & M,Automobiles,False,,,7,8,8.0,0,14,38,MONITOR,,↑5,False,False,0%,BASING,CAUTION,OTHER,1.0,1.462,0.345,PREMIUMISATION,8.0,-3.0,PAPER_PROFIT,3.0,1.0,1.0,0.0,,,1.0,Fresh,"₹2,973 – ₹3,049","₹2,898 (−3.8%)",,,29.7,43,True,2026-06-05 12:45:04,4.0,2.0,0,0.0,0.0,5.0,4.0,6.0,2.0,0.0,0.0,0.0,0.0,0.0,0.0,0.0,0.0,0.0,0.0,0.0,0.0,0.0,0.0,0.0,0.0,0.0,0.0,0.0,10.0,4.0,0.0,0.0,False,
INE189I01024,NELCAST,NELCAST,Industrial Products,False,,,3,6,10.0,14,4,38,MONITOR,▲ Approaching WATCHLIST_EXTERNAL,─,False,False,0%,TOPPING,CAUTION,OTHER,0.0,0.046,0.0,nan,9.0,-2.0,EARN_QUALITY,3.0,1.0,1.0,0.0,,,1.0,Fresh,₹134 – ₹140,₹129 (−6.2%),,,29.7,35,True,2026-06-05 12:45:06,0.0,0.0,0,0.0,0.0,5.0,0.0,6.0,2.0,0.0,0.0,0.0,2.0,2.0,1.0,3.0,0.0,0.0,0.0,0.0,1.0,0.0,0.0,0.0,0.0,0.0,0.0,0.0,0.0,4.0,0.0,0.0,False,17.0
INE325D01025,SINDHUTRAD,SINDHU TRADE,Transport Services,False,,,1,2,10.0,14,4,38,MONITOR,,↓13,False,False,0%,TOPPING,CAUTION,OTHER,0.0,0.1488,0.0,INFRA,7.0,-5.0,PAPER_PROFIT|EARN_QUALITY,3.0,1.0,1.0,0.0,,,1.0,Fresh,₹25 – ₹27,₹24 (−7.3%),,,29.7,25,True,2026-06-05 12:45:15,0.0,0.0,0,0.0,4.0,0.0,4.0,0.0,0.0,0.0,0.0,0.0,0.0,2.0,1.0,3.0,0.0,0.0,0.0,0.0,0.0,1.0,0.0,0.0,0.0,0.0,0.0,0.0,0.0,4.0,0.0,0.0,False,
INE482A01020,CEATLTD,CEAT,Auto Components,False,,,8,13,8.0,6,14,38,WATCHLIST_CONFIRMED,▼ At risk: near WATCHLIST_EXTERNAL boundary,↑16,False,False,2–3%,BASING,CAUTION,OTHER,1.0,0.6786,0.353,PLI,10.0,0.0,,4.0,1.0,8.0,2.0,,,1.0,Fresh,"₹3,148 – ₹3,221","₹3,076 (−3.4%)",8–20% (12m),✅ 3.5:1,29.7,55,True,2026-06-05 12:45:17,4.0,0.0,0,0.0,0.0,5.0,0.0,6.0,2.0,4.0,4.0,2.0,0.0,0.0,0.0,0.0,0.0,0.0,0.0,0.0,0.0,0.0,0.0,0.0,0.0,3.0,0.0,0.0,10.0,4.0,0.0,0.0,False,36.0
INE0QJ901011,DIGIKORE,DIGIKORE STUDIOS,Entertainment,False,,,1,0,13.0,10,13,38,MONITOR,,↓5,False,False,0%,LATE_CYCLE,CAUTION,OTHER,0.0,0.056,0.0,nan,5.0,-3.0,PAPER_PROFIT,3.0,1.0,2.0,0.0,,,1.0,Fresh,₹50 – ₹56,₹44 (−17.5%),,,29.7,33,True,2026-06-05 12:45:19,0.0,0.0,0,0.0,4.0,0.0,0.0,0.0,0.0,0.0,0.0,0.0,0.0,0.0,0.0,0.0,0.0,0.0,0.0,0.0,0.0,0.0,2.0,0.0,0.0,3.0,0.0,0.0,9.0,4.0,0.0,0.0,False,
INE753U01022,DIVGIITTS,DIVGI TORQ,Auto Components,False,,,7,5,13.0,24,14,38,WATCHLIST_CONFIRMED,▼ At risk: near WATCHLIST_EXTERNAL boundary,↑16,False,False,1–2% (vol↓),BASING,CAUTION,OTHER,0.0,0.0856,0.2472,PLI,15.0,0.0,,4.0,1.0,5.0,1.0,,,1.0,Fresh,₹782 – ₹823,₹740 (−7.8%),8–20% (12m),⚠ 1.5:1,29.7,55,True,2026-06-05 12:45:20,0.0,0.0,0,4.0,4.0,0.0,0.0,0.0,2.0,0.0,0.0,2.0,2.0,2.0,1.0,3.0,1.0,0.0,1.0,0.0,1.0,1.0,2.0,0.0,0.0,0.0,0.0,0.0,10.0,4.0,0.0,0.0,False,10.0
INE0MGM01017,ANNAPURNA,ANNAPURNA SWADI.,Food Products,False,,,3,10,10.0,0,4,38,MONITOR,,↑34,False,False,0%,CORRECTION,CAUTION,OTHER,0.0,0.3166,0.0,"AGRI,PLI",6.0,-3.0,PAPER_PROFIT,2.0,0.0,6.0,1.0,,,1.0,Fresh,₹133 – ₹141,₹126 (−8.1%),,,29.7,34,True,2026-06-05 12:45:21,0.0,0.0,0,4.0,4.0,0.0,4.0,6.0,0.0,0.0,4.0,0.0,0.0,0.0,0.0,0.0,0.0,0.0,0.0,0.0,0.0,0.0,0.0,0.0,0.0,0.0,0.0,0.0,0.0,4.0,0.0,0.0,False,
INE885A01032,ARE&M,AMARA RAJA ENER.,Auto Components,False,,,17,5,10.0,4,14,38,WATCHLIST_CONFIRMED,▼ At risk: near WATCHLIST_EXTERNAL boundary,↑16,False,False,1–2% (vol↓),BASING,CAUTION,OTHER,0.0,0.7488,0.1434,PLI,11.0,0.0,,5.0,2.0,1.0,0.0,,,1.0,Fresh,₹845 – ₹873,₹817 (−4.9%),8–20% (12m),✅ 2.5:1,29.7,55,True,2026-06-05 12:45:21,4.0,2.0,0,4.0,4.0,5.0,0.0,6.0,2.0,0.0,0.0,0.0,0.0,0.0,0.0,0.0,0.0,1.0,0.0,0.0,1.0,0.0,0.0,0.0,0.0,0.0,0.0,0.0,10.0,4.0,0.0,0.0,False,10.0
INE0OAF01028,JNKINDIA,JNK,Industrial Manufacturing,False,,,4,6,10.0,18,4,38,WATCHLIST_EXTERNAL,▼ At risk: near MONITOR boundary,─,False,False,0% (vol↓),TOPPING,CAUTION,OTHER,0.0,0.0566,0.2504,PLI,12.0,-3.0,PAPER_PROFIT,3.0,1.0,6.0,1.0,,,1.0,Fresh,₹372 – ₹394,₹350 (−8.7%),2–8% (12m),❌ 0.8:1,29.7,38,True,2026-06-05 12:45:27,0.0,0.0,0,4.0,4.0,0.0,4.0,0.0,0.0,0.0,0.0,2.0,2.0,2.0,1.0,3.0,1.0,0.0,0.0,0.0,1.0,1.0,0.0,0.0,0.0,0.0,0.0,0.0,0.0,4.0,0.0,0.0,False,15.0
INE947T01022,GICL,GLOBE INTL. CAR.,Transport Services,False,,,1,4,13.0,0,4,38,MONITOR,,↓12,False,False,0%,TOPPING,CAUTION,OTHER,0.0,0.02,0.0,INFRA,3.0,-3.0,PAPER_PROFIT,3.0,1.0,3.0,0.0,,,1.0,Fresh,₹31 – ₹34,₹27 (−15.4%),,,29.7,25,True,2026-06-05 12:45:28,0.0,0.0,0,0.0,4.0,0.0,0.0,6.0,0.0,0.0,0.0,0.0,0.0,0.0,0.0,0.0,0.0,0.0,0.0,0.0,0.0,0.0,0.0,0.0,0.0,0.0,0.0,0.0,0.0,4.0,0.0,0.0,False,
INE061F01013,FORTIS,FORTIS HEALTH.,Healthcare Services,False,,,11,7,8.0,14,13,38,WATCHLIST_CONFIRMED,▼ At risk: near WATCHLIST_EXTERNAL boundary,↑14,False,False,2–3%,LATE_CYCLE,CAUTION,OTHER,1.0,1.0458,0.5144,HEALTHCARE,12.0,0.0,,4.0,1.0,7.0,2.0,,,1.0,Fresh,₹919 – ₹942,₹896 (−3.7%),8–20% (12m),✅ 3.3:1,29.7,52,True,2026-06-05 12:45:28,0.0,0.0,0,4.0,4.0,5.0,0.0,0.0,2.0,0.0,4.0,2.0,0.0,2.0,1.0,3.0,0.0,0.0,0.0,0.0,1.0,0.0,0.0,0.0,0.0,0.0,0.0,0.0,9.0,4.0,0.0,0.0,False,13.0
INE458B01036,BHAGYANGR,BHAGYANAGAR IND,Non - Ferrous Metals,False,,,0,1,13.0,28,7,37,MONITOR,▲ Approaching WATCHLIST_EXTERNAL,─,False,False,0%,TOPPING,CAUTION,OTHER,0.0,0.0274,0.0,nan,12.0,-3.0,PAPER_PROFIT,2.0,0.0,3.0,0.0,,,1.0,Fresh,₹329 – ₹349,₹309 (−8.8%),,,28.9,37,False,2026-06-05 12:45:00,0.0,0.0,0,0.0,4.0,0.0,0.0,0.0,0.0,0.0,0.0,0.0,2.0,2.0,1.0,3.0,0.0,0.0,1.0,0.0,0.0,1.0,2.0,2.0,0.0,0.0,0.0,2.0,0.0,4.0,3.0,0.0,False,36.0
INE0JM501013,NRL,NUPUR RECYCLERS,Metals & Minerals Trading,False,,,9,3,10.0,12,4,37,MONITOR,▲ Approaching WATCHLIST_EXTERNAL,─,False,False,0%,TOPPING,CAUTION,OTHER,0.0,0.0066,0.0,nan,9.0,-3.0,PAPER_PROFIT,4.0,1.0,6.0,1.0,,,1.0,Fresh,₹70 – ₹73,₹66 (−7.2%),,,28.9,37,False,2026-06-05 12:45:01,4.0,2.0,0,4.0,4.0,0.0,0.0,0.0,0.0,0.0,4.0,0.0,0.0,2.0,0.0,0.0,0.0,1.0,0.0,0.0,0.0,0.0,0.0,0.0,0.0,3.0,0.0,0.0,0.0,4.0,0.0,0.0,False,
INE227C01017,MMFL,M M FORGINGS,Auto Components,False,,,12,6,13.0,6,14,37,WATCHLIST_CONFIRMED,▼ At risk: near WATCHLIST_EXTERNAL boundary,↑17,False,False,2–3%,BASING,CAUTION,OTHER,0.0,0.1112,0.144,PLI,11.0,0.0,,2.0,0.0,4.0,1.0,,,1.0,Fresh,₹434 – ₹445,₹423 (−3.8%),8–20% (12m),✅ 3.2:1,28.9,54,True,2026-06-05 12:45:06,4.0,2.0,0,4.0,0.0,5.0,0.0,0.0,2.0,4.0,0.0,2.0,0.0,0.0,0.0,0.0,0.0,0.0,0.0,0.0,1.0,0.0,2.0,0.0,0.0,0.0,0.0,0.0,10.0,4.0,0.0,0.0,False,8.0
INE490G01020,MOIL,MOIL,Minerals & Mining,False,,,10,1,10.0,0,13,37,MONITOR,▲ Approaching WATCHLIST_EXTERNAL,─,False,False,0%,LATE_CYCLE,CAUTION,OTHER,0.0,0.1824,0.0488,nan,6.0,0.0,,5.0,2.0,3.0,0.0,,,1.0,Fresh,₹292 – ₹300,₹284 (−4.0%),,,28.9,37,False,2026-06-05 12:45:07,4.0,2.0,0,0.0,4.0,0.0,0.0,0.0,2.0,0.0,0.0,0.0,0.0,0.0,0.0,0.0,0.0,0.0,0.0,0.0,0.0,0.0,0.0,0.0,0.0,0.0,0.0,0.0,9.0,4.0,0.0,0.0,False,36.0
INE279A01012,UNIVCABLES,UNIVERSAL CABLES,Industrial Products,False,,,5,2,10.0,22,4,37,MONITOR,,↓3,False,False,0%,TOPPING,CAUTION,OTHER,0.0,0.05,0.0558,nan,11.0,0.0,,3.0,1.0,4.0,1.0,,,1.0,Fresh,"₹1,148 – ₹1,232","₹1,063 (−10.6%)",,,28.9,34,True,2026-06-05 12:45:11,0.0,0.0,0,0.0,0.0,5.0,0.0,0.0,2.0,0.0,0.0,0.0,0.0,2.0,1.0,3.0,1.0,1.0,1.0,0.0,1.0,1.0,0.0,0.0,0.0,0.0,0.0,0.0,0.0,4.0,0.0,0.0,False,11.0
INE665L01035,VARROC,VARROC ENGINEER,Auto Components,False,,,12,3,13.0,14,14,37,WATCHLIST_CONFIRMED,▼ At risk: near WATCHLIST_EXTERNAL boundary,↑11,False,False,1–2% (vol↓),BASING,CAUTION,OTHER,0.0,0.187,0.1996,PLI,11.0,0.0,,6.0,2.0,4.0,1.0,,,1.0,Fresh,₹584 – ₹604,₹564 (−5.0%),8–20% (12m),✅ 2.4:1,28.9,54,True,2026-06-05 12:45:11,4.0,0.0,0,0.0,4.0,5.0,0.0,0.0,2.0,0.0,0.0,2.0,0.0,2.0,0.0,0.0,0.0,0.0,0.0,0.0,1.0,0.0,2.0,2.0,0.0,0.0,0.0,0.0,10.0,4.0,0.0,0.0,False,8.0
INE01II01013,SILGO,SILGO RETAIL,Consumer Durables,False,,,4,4,10.0,18,13,37,WATCHLIST_EXTERNAL,,↑8,False,False,1–2% (vol↓),LATE_CYCLE,CAUTION,CONSUMPTION,0.0,0.0035,0.0,PREMIUMISATION,11.0,-3.0,PAPER_PROFIT,3.0,1.0,2.0,0.0,,,1.0,Fresh,₹78 – ₹83,₹74 (−8.9%),2–8% (12m),❌ 0.8:1,28.9,44,True,2026-06-05 12:45:14,0.0,0.0,0,4.0,4.0,0.0,0.0,6.0,0.0,0.0,0.0,0.0,0.0,2.0,1.0,3.0,1.0,0.0,1.0,0.0,0.0,1.0,0.0,0.0,0.0,0.0,0.0,0.0,9.0,4.0,0.0,0.0,False,
INE010601016,ENTERO,ENTERO HEALTHCAR,Retailing,False,,,4,11,10.0,0,4,37,MONITOR,▲ Approaching WATCHLIST_EXTERNAL,↓3,False,False,0%,TOPPING,CAUTION,OTHER,0.0,0.1886,0.1897,PREMIUMISATION,7.0,-3.0,PAPER_PROFIT,3.0,1.0,9.0,2.0,,,1.0,Fresh,"₹1,095 – ₹1,160","₹1,030 (−8.6%)",,,28.9,36,True,2026-06-05 12:45:18,0.0,0.0,0,4.0,4.0,0.0,4.0,0.0,0.0,4.0,4.0,2.0,0.0,0.0,0.0,0.0,0.0,0.0,0.0,0.0,0.0,0.0,0.0,0.0,0.0,0.0,0.0,0.0,0.0,4.0,0.0,0.0,False,
INE930P01018,ANURAS,ANUPAM RASAYAN,Chemicals & Petrochemicals,False,,,1,4,10.0,20,13,37,WATCHLIST_EXTERNAL,▼ At risk: near MONITOR boundary,↑4,False,False,0–1%,LATE_CYCLE,CAUTION,OTHER,0.0,0.2792,0.003,PLI,11.0,-3.0,PAPER_PROFIT,3.0,1.0,8.0,2.0,,,1.0,Fresh,"₹1,308 – ₹1,346","₹1,270 (−4.3%)",2–8% (12m),⚠ 1.6:1,28.9,41,True,2026-06-05 12:45:21,0.0,0.0,0,0.0,4.0,0.0,0.0,0.0,0.0,0.0,4.0,0.0,0.0,2.0,1.0,3.0,1.0,0.0,1.0,0.0,1.0,1.0,0.0,0.0,0.0,0.0,0.0,0.0,9.0,4.0,0.0,0.0,False,11.0
INE696F01016,JUNIPER,JUNIPER HOTELS,Leisure Services,False,,,1,11,10.0,4,13,37,WATCHLIST_EXTERNAL,,↑5,False,False,1–2% (vol↓),LATE_CYCLE,CAUTION,OTHER,0.0,0.1832,0.1524,PREMIUMISATION,8.0,0.0,,4.0,1.0,9.0,2.0,,,1.0,Fresh,₹191 – ₹197,₹185 (−4.6%),2–8% (12m),⚠ 1.5:1,28.9,42,True,2026-06-05 12:45:26,0.0,0.0,0,0.0,0.0,0.0,4.0,0.0,2.0,0.0,4.0,2.0,2.0,0.0,0.0,0.0,0.0,0.0,0.0,0.0,0.0,0.0,0.0,0.0,2.0,0.0,0.0,0.0,9.0,4.0,0.0,0.0,False,
INE0UH301010,OMNI,OMNITECH ENGG.,Industrial Manufacturing,False,,,12,0,10.0,16,4,36,MONITOR,▲ Approaching WATCHLIST_EXTERNAL,─,False,False,0%,TOPPING,CAUTION,OTHER,0.0,0.1716,0.2196,PLI,9.0,-3.0,PAPER_PROFIT,5.0,2.0,1.0,0.0,,,1.0,Fresh,₹490 – ₹524,₹456 (−10.1%),,,28.0,37,True,2026-06-05 12:45:01,8.0,4.0,0,0.0,4.0,0.0,0.0,0.0,0.0,0.0,0.0,0.0,0.0,2.0,1.0,3.0,1.0,0.0,0.0,0.0,0.0,1.0,0.0,0.0,0.0,0.0,0.0,0.0,0.0,4.0,0.0,0.0,False,50.0
INE25E901019,OMPOWER,NAN,nan,False,,,1,0,10.0,4,4,36,MONITOR,,↓14,False,False,0%,,CAUTION,OTHER,0.0,0.0,0.0,nan,3.0,0.0,,4.0,1.0,0.0,0.0,,,1.0,Fresh,₹164 – ₹172,₹157 (−7.1%),,,28.0,17,True,2026-06-05 12:45:01,0.0,0.0,0,0.0,0.0,0.0,0.0,0.0,0.0,0.0,0.0,0.0,0.0,0.0,0.0,0.0,1.0,0.0,0.0,0.0,1.0,0.0,0.0,0.0,0.0,0.0,0.0,0.0,0.0,4.0,0.0,0.0,False,16.0
INE840M01016,ZUARI,ZUARI AGRO CHEM.,Fertilizers & Agrochemicals,False,,,8,3,13.0,6,4,36,MONITOR,▲ Approaching WATCHLIST_EXTERNAL,─,False,False,0%,TOPPING,CAUTION,OTHER,0.0,0.1278,0.0,AGRI,7.0,0.0,,4.0,1.0,4.0,1.0,,,1.0,Fresh,₹216 – ₹222,₹209 (−4.5%),,,28.0,35,True,2026-06-05 12:45:10,4.0,0.0,0,0.0,0.0,5.0,0.0,0.0,2.0,0.0,0.0,2.0,0.0,0.0,0.0,0.0,0.0,0.0,0.0,0.0,0.0,1.0,2.0,0.0,0.0,0.0,0.0,0.0,0.0,4.0,0.0,0.0,False,
INE0AE001013,VPRPL,VISHNU PRAKASH R,Construction,False,,,4,2,13.0,4,4,36,MONITOR,,↓7,False,False,0%,TOPPING,CAUTION,OTHER,0.0,0.027,0.0816,INFRA,5.0,-3.0,PAPER_PROFIT,1.0,0.0,2.0,0.0,,,1.0,Fresh,₹33 – ₹35,₹32 (−7.3%),,,28.0,29,True,2026-06-05 12:45:10,4.0,0.0,0,0.0,0.0,5.0,4.0,0.0,0.0,0.0,0.0,0.0,0.0,0.0,0.0,0.0,0.0,0.0,0.0,0.0,0.0,0.0,2.0,0.0,0.0,0.0,0.0,0.0,0.0,4.0,0.0,0.0,False,34.0
INE0MHO01029,REGAAL,REGAAL RESOURCES,Agricultural Food & other Products,False,,,4,7,10.0,10,4,36,MONITOR,▲ Approaching WATCHLIST_EXTERNAL,─,False,False,0%,CORRECTION,CAUTION,OTHER,0.0,0.0168,0.0253,AGRI,7.0,-3.0,PAPER_PROFIT,3.0,1.0,4.0,1.0,,,1.0,Fresh,₹83 – ₹88,₹79 (−7.4%),,,28.0,36,True,2026-06-05 12:45:12,4.0,4.0,0,0.0,0.0,0.0,4.0,6.0,0.0,0.0,0.0,0.0,0.0,2.0,0.0,0.0,0.0,0.0,0.0,0.0,0.0,0.0,0.0,0.0,0.0,3.0,0.0,0.0,0.0,4.0,0.0,0.0,False,
INE611A01016,RSWM,RSWM LTD,Textiles & Apparels,False,,,1,1,10.0,20,13,36,MONITOR,▲ Approaching WATCHLIST_EXTERNAL,↑4,False,False,0%,LATE_CYCLE,CAUTION,OTHER,0.0,0.0806,0.0,PLI,10.0,-1.0,DE_ROCE_STRESS,3.0,1.0,2.0,0.0,,,1.0,Fresh,₹169 – ₹178,₹160 (−7.9%),,,28.0,35,True,2026-06-05 12:45:13,0.0,0.0,0,0.0,0.0,0.0,0.0,0.0,2.0,0.0,0.0,0.0,0.0,2.0,1.0,3.0,1.0,1.0,1.0,0.0,0.0,1.0,0.0,0.0,0.0,0.0,0.0,0.0,9.0,4.0,0.0,0.0,False,
INE220Z01013,SHINDL,NAN,nan,False,,,1,0,10.0,4,4,36,MONITOR,,↓19,False,False,0%,,CAUTION,OTHER,0.0,0.0,0.0,nan,2.0,0.0,,4.0,1.0,0.0,0.0,,,1.0,Fresh,₹153 – ₹160,₹146 (−6.4%),,,28.0,17,True,2026-06-05 12:45:14,0.0,0.0,0,0.0,0.0,0.0,0.0,0.0,0.0,0.0,0.0,0.0,0.0,2.0,0.0,0.0,0.0,0.0,0.0,0.0,0.0,0.0,0.0,0.0,0.0,0.0,0.0,0.0,0.0,4.0,0.0,0.0,False,
INE525F01025,BLIL,NAN,nan,False,,,1,0,10.0,4,4,36,MONITOR,,↓19,False,False,0%,,CAUTION,OTHER,0.0,0.0,0.0,nan,3.0,0.0,,4.0,1.0,0.0,0.0,,,1.0,Fresh,₹71 – ₹73,₹70 (−2.7%),,,28.0,17,True,2026-06-05 12:45:16,0.0,0.0,0,0.0,0.0,0.0,0.0,0.0,0.0,0.0,0.0,0.0,0.0,0.0,0.0,0.0,1.0,0.0,0.0,0.0,1.0,0.0,0.0,0.0,0.0,0.0,0.0,0.0,0.0,4.0,0.0,0.0,False,14.0
INE822G01016,ELECTHERM,ELECTROTHERM(I),Industrial Products,False,,,12,1,10.0,6,4,36,MONITOR,,↓3,False,False,0%,TOPPING,CAUTION,OTHER,0.0,0.5826,0.0016,nan,6.0,0.0,,7.0,2.0,2.0,0.0,,,1.0,Fresh,"₹956 – ₹1,042",₹870 (−12.9%),,,28.0,33,True,2026-06-05 12:45:18,8.0,0.0,0,4.0,0.0,0.0,0.0,0.0,2.0,0.0,0.0,0.0,0.0,2.0,0.0,0.0,0.0,1.0,0.0,0.0,0.0,0.0,0.0,0.0,0.0,0.0,0.0,0.0,0.0,4.0,0.0,0.0,False,
INE784R01023,ARFIN,ARFIN INDIA,Non - Ferrous Metals,False,,,4,3,10.0,16,7,36,MONITOR,▲ Approaching WATCHLIST_EXTERNAL,─,False,False,0%,TOPPING,CAUTION,OTHER,0.0,0.0924,0.0,nan,11.0,-3.0,PAPER_PROFIT,4.0,1.0,6.0,1.0,,,1.0,Fresh,₹88 – ₹92,₹84 (−6.7%),,,28.0,36,False,2026-06-05 12:45:21,4.0,0.0,0,0.0,4.0,0.0,0.0,0.0,0.0,0.0,0.0,2.0,2.0,2.0,1.0,3.0,0.0,0.0,0.0,0.0,1.0,1.0,0.0,0.0,0.0,0.0,0.0,0.0,0.0,4.0,3.0,0.0,False,24.0
INE05J901018,IGCL,INDOGULF CROPSCI,Fertilizers & Agrochemicals,False,,,10,2,13.0,4,4,36,MONITOR,▲ Approaching WATCHLIST_EXTERNAL,─,False,False,0%,TOPPING,CAUTION,OTHER,0.0,0.014,0.0,AGRI,6.0,-3.0,PAPER_PROFIT,5.0,2.0,4.0,1.0,,,1.0,Fresh,₹56 – ₹59,₹54 (−5.5%),,,28.0,35,True,2026-06-05 12:45:25,8.0,2.0,0,4.0,0.0,0.0,0.0,0.0,2.0,0.0,0.0,0.0,0.0,0.0,0.0,0.0,0.0,0.0,0.0,0.0,0.0,0.0,2.0,0.0,0.0,0.0,0.0,0.0,0.0,4.0,0.0,0.0,False,
INE383A01012,INDIACEM,INDIA CEMENTS,Cement & Cement Products,False,,,1,4,13.0,22,4,36,MONITOR,▲ Approaching WATCHLIST_EXTERNAL,─,False,False,0%,TOPPING,CAUTION,OTHER,0.0,0.1454,0.1948,INFRA,9.0,-3.0,PAPER_PROFIT,3.0,1.0,8.0,2.0,,,1.0,Fresh,₹378 – ₹388,₹369 (−3.7%),,,28.0,36,False,2026-06-05 12:45:25,0.0,0.0,0,0.0,4.0,0.0,0.0,0.0,0.0,0.0,4.0,0.0,0.0,0.0,1.0,3.0,0.0,0.0,0.0,0.0,0.0,1.0,2.0,2.0,2.0,0.0,0.0,0.0,0.0,4.0,0.0,0.0,False,41.0
INE095A01012,INDUSINDBK,INDUSIND BANK,Banks,False,,,2,7,8.0,28,13,36,WATCHLIST_EXTERNAL,,↑7,False,False,2–3%,LATE_CYCLE,CAUTION,FINANCIALS,1.0,1.1748,0.6022,FIN_INCLUSION,14.0,-3.0,PAPER_PROFIT,5.0,2.0,7.0,2.0,,,1.0,Fresh,₹890 – ₹910,₹871 (−3.2%),2–8% (12m),✅ 2.2:1,28.0,44,True,2026-06-05 12:45:25,0.0,0.0,0,0.0,0.0,0.0,0.0,0.0,2.0,0.0,4.0,0.0,2.0,2.0,1.0,3.0,1.0,0.0,1.0,1.0,1.0,0.0,0.0,0.0,2.0,0.0,0.0,2.0,9.0,4.0,0.0,0.0,False,2.0
INE565A01014,IOB,I O B,Banks,False,,,2,9,13.0,8,13,36,WATCHLIST_EXTERNAL,,↑7,False,False,2–3%,LATE_CYCLE,CAUTION,FINANCIALS,0.0,0.0184,0.0044,FIN_INCLUSION,9.0,-3.0,PAPER_PROFIT,5.0,2.0,4.0,1.0,,,1.0,Fresh,₹33 – ₹33,₹32 (−2.5%),2–8% (12m),✅ 2.8:1,28.0,44,True,2026-06-05 12:45:27,0.0,2.0,0,0.0,0.0,0.0,0.0,6.0,2.0,0.0,0.0,2.0,2.0,0.0,0.0,0.0,0.0,0.0,0.0,0.0,0.0,0.0,2.0,0.0,2.0,0.0,0.0,0.0,9.0,4.0,0.0,0.0,False,
INE201P01022,GRINFRA,G R INFRAPROJECT,Construction,False,,,3,6,10.0,4,4,36,MONITOR,,↓7,False,False,0%,TOPPING,CAUTION,OTHER,0.0,0.0937,0.3902,INFRA,6.0,-3.0,PAPER_PROFIT,2.0,0.0,8.0,2.0,,,1.0,Fresh,₹869 – ₹892,₹846 (−3.9%),,,28.0,29,True,2026-06-05 12:45:28,4.0,0.0,0,4.0,0.0,0.0,0.0,0.0,0.0,0.0,4.0,0.0,2.0,0.0,0.0,0.0,0.0,0.0,0.0,0.0,0.0,0.0,0.0,0.0,2.0,0.0,0.0,0.0,0.0,4.0,0.0,0.0,False,
INE121E01018,JSWENERGY,JSW ENERGY,Power,False,,,0,5,13.0,26,4,35,MONITOR,▲ Approaching WATCHLIST_EXTERNAL,─,False,False,0%,TOPPING,CAUTION,OTHER,0.0,0.3886,0.1048,"CAPEX_SUPERCYCLE,POWER",10.0,-1.0,DE_ROCE_STRESS,1.0,0.0,6.0,1.0,,,1.0,Fresh,₹572 – ₹589,₹554 (−4.4%),,,27.0,36,True,2026-06-05 12:45:00,0.0,0.0,0,0.0,0.0,0.0,0.0,0.0,2.0,0.0,4.0,0.0,0.0,2.0,1.0,3.0,1.0,0.0,0.0,0.0,1.0,0.0,2.0,0.0,0.0,3.0,0.0,0.0,0.0,4.0,0.0,0.0,False,24.0
INE09XN01023,AKUMS,AKUMS DRUGS,Pharmaceuticals & Biotechnology,False,,,11,3,13.0,12,13,35,WATCHLIST_EXTERNAL,▲ Approaching WATCHLIST_CONFIRMED,↑17,False,False,1–2% (vol↓),LATE_CYCLE,CAUTION,OTHER,0.0,0.0584,0.219,"HEALTHCARE,PLI",11.0,0.0,,4.0,1.0,4.0,1.0,,,1.0,Fresh,₹532 – ₹549,₹516 (−4.6%),2–8% (12m),⚠ 1.5:1,27.0,51,True,2026-06-05 12:45:00,0.0,0.0,0,4.0,4.0,5.0,0.0,0.0,2.0,0.0,0.0,0.0,2.0,2.0,0.0,0.0,1.0,0.0,1.0,0.0,0.0,0.0,2.0,0.0,0.0,0.0,0.0,0.0,9.0,4.0,0.0,0.0,False,
INE730A01022,ORICONENT,ORICON ENTERPRIS,Industrial Products,False,,,1,6,10.0,16,4,35,MONITOR,,↓3,False,False,0%,TOPPING,CAUTION,OTHER,0.0,0.0094,0.0,nan,9.0,-4.0,PAPER_PROFIT|EARN_REV_DIVERGE,3.0,1.0,6.0,1.0,,,1.0,Fresh,₹59 – ₹62,₹56 (−6.6%),,,27.0,32,True,2026-06-05 12:45:01,0.0,0.0,0,0.0,4.0,0.0,0.0,0.0,0.0,4.0,4.0,0.0,0.0,2.0,1.0,3.0,0.0,1.0,0.0,0.0,0.0,1.0,0.0,0.0,0.0,0.0,0.0,0.0,0.0,4.0,0.0,0.0,False,
INE195J01029,PNCINFRA,PNC INFRATECH,Construction,False,,,2,4,13.0,4,4,35,MONITOR,,↓7,False,False,0%,TOPPING,CAUTION,OTHER,0.0,0.2964,0.48,INFRA,5.0,-3.0,PAPER_PROFIT,1.0,0.0,7.0,2.0,,,1.0,Fresh,₹209 – ₹216,₹201 (−5.0%),,,27.0,28,True,2026-06-05 12:45:02,4.0,2.0,0,0.0,0.0,0.0,0.0,0.0,0.0,0.0,4.0,0.0,0.0,0.0,0.0,0.0,0.0,0.0,0.0,0.0,0.0,0.0,2.0,0.0,0.0,0.0,0.0,0.0,0.0,4.0,0.0,0.0,False,
INE0LP301011,PWL,PHYSICSWALLAH,Other Consumer Services,False,,,5,1,10.0,8,13,35,MONITOR,▲ Approaching WATCHLIST_EXTERNAL,─,False,False,0%,LATE_CYCLE,CAUTION,OTHER,0.0,0.2898,0.1105,nan,6.0,0.0,,5.0,2.0,3.0,0.0,,,1.0,Fresh,₹89 – ₹95,₹84 (−8.8%),,,27.0,35,False,2026-06-05 12:45:03,0.0,0.0,0,0.0,4.0,0.0,0.0,0.0,2.0,0.0,0.0,0.0,0.0,0.0,0.0,0.0,0.0,1.0,0.0,0.0,0.0,0.0,0.0,0.0,0.0,3.0,0.0,0.0,9.0,4.0,0.0,0.0,False,
INE956O01016,LENSKART,LENSKART SOLUT.,Retailing,False,,,1,4,9.0,28,4,35,MONITOR,,─,False,False,0%,TOPPING,CAUTION,OTHER,1.0,1.2966,0.1281,PREMIUMISATION,10.0,0.0,,3.0,1.0,8.0,2.0,,,1.0,Fresh,₹508 – ₹524,₹493 (−4.5%),,,27.0,34,True,2026-06-05 12:45:05,0.0,0.0,0,0.0,0.0,0.0,0.0,0.0,0.0,0.0,4.0,0.0,0.0,2.0,1.0,3.0,1.0,0.0,0.0,0.0,0.0,1.0,2.0,2.0,2.0,0.0,0.0,0.0,0.0,4.0,0.0,0.0,False,
INE615H01020,TITAGARH,TITAGARH RAIL,Industrial Manufacturing,False,,,8,6,10.0,6,4,35,MONITOR,▲ Approaching WATCHLIST_EXTERNAL,─,False,False,0%,TOPPING,CAUTION,OTHER,0.0,0.446,0.1852,PLI,9.0,-3.0,PAPER_PROFIT,4.0,1.0,5.0,1.0,,,1.0,Fresh,₹837 – ₹870,₹805 (−5.7%),,,27.0,36,True,2026-06-05 12:45:07,4.0,0.0,0,4.0,4.0,0.0,4.0,0.0,0.0,0.0,0.0,2.0,2.0,2.0,0.0,0.0,0.0,1.0,0.0,0.0,0.0,0.0,0.0,0.0,0.0,0.0,0.0,0.0,0.0,4.0,0.0,0.0,False,
INE1VXE01018,STLNETWORK,STL NETWORKS,Telecom - Services,False,,,1,4,10.0,14,14,35,WATCHLIST_EXTERNAL,▼ At risk: near MONITOR boundary,↑3,False,False,0% (vol↓),BASING,CAUTION,OTHER,0.0,0.0544,0.0785,DIGITAL,7.0,0.0,,3.0,1.0,8.0,2.0,,,1.0,Fresh,₹29 – ₹31,₹27 (−7.6%),2–8% (12m),❌ 0.9:1,27.0,38,True,2026-06-05 12:45:08,0.0,0.0,0,0.0,0.0,0.0,0.0,0.0,0.0,0.0,4.0,0.0,0.0,2.0,1.0,3.0,0.0,0.0,0.0,0.0,0.0,1.0,0.0,0.0,0.0,0.0,0.0,0.0,10.0,4.0,0.0,0.0,False,
INE142Q01026,SULA,SULA VINEYARDS,Beverages,False,,,11,3,10.0,6,4,35,MONITOR,▲ Approaching WATCHLIST_EXTERNAL,─,False,False,0%,CORRECTION,CAUTION,CONSUMPTION,0.0,0.1612,0.3452,PREMIUMISATION,7.0,0.0,,3.0,1.0,4.0,1.0,,,1.0,Fresh,₹154 – ₹158,₹151 (−3.2%),,,27.0,36,True,2026-06-05 12:45:08,4.0,0.0,0,4.0,0.0,5.0,0.0,0.0,2.0,0.0,0.0,0.0,2.0,0.0,0.0,0.0,0.0,0.0,0.0,0.0,0.0,0.0,0.0,0.0,0.0,3.0,0.0,0.0,0.0,4.0,0.0,0.0,False,
INE976I01016,TATACAP,TATA CAPITAL,Finance,False,,,1,4,13.0,8,13,35,MONITOR,,↓19,False,False,0%,LATE_CYCLE,CAUTION,FINANCIALS,0.0,0.1806,0.037,FIN_INCLUSION,5.0,0.0,,4.0,1.0,7.0,2.0,,,1.0,Fresh,₹306 – ₹313,₹299 (−3.4%),,,27.0,16,True,2026-06-05 12:45:09,0.0,0.0,GATE,0.0,0.0,0.0,0.0,0.0,0.0,0.0,4.0,0.0,0.0,0.0,0.0,0.0,0.0,0.0,0.0,0.0,0.0,0.0,2.0,2.0,0.0,0.0,0.0,0.0,9.0,4.0,0.0,0.0,False,
INE301A01014,RAYMOND,RAYMOND,Realty,False,,,2,11,10.0,4,4,35,MONITOR,▲ Approaching WATCHLIST_EXTERNAL,─,False,False,0%,CORRECTION,CAUTION,OTHER,0.0,0.4207,0.0371,INFRA,7.0,-1.0,EARN_REV_DIVERGE,2.0,0.0,8.0,2.0,,,1.0,Fresh,₹503 – ₹527,₹479 (−7.0%),,,27.0,35,True,2026-06-05 12:45:13,0.0,4.0,0,0.0,0.0,0.0,0.0,6.0,2.0,0.0,4.0,2.0,0.0,2.0,0.0,0.0,0.0,0.0,0.0,0.0,0.0,0.0,0.0,0.0,0.0,0.0,0.0,0.0,0.0,4.0,0.0,0.0,False,
INE046A01015,RIIL,REL. INDL. INFRA,Transport Services,False,,,1,0,13.0,8,4,35,MONITOR,,↓12,False,False,0%,TOPPING,CAUTION,OTHER,0.0,0.0554,0.0,INFRA,4.0,-4.0,PAPER_PROFIT|EARN_REV_DIVERGE,4.0,1.0,3.0,0.0,,,1.0,Fresh,₹744 – ₹761,₹726 (−3.5%),,,27.0,22,True,2026-06-05 12:45:13,0.0,0.0,0,0.0,4.0,0.0,0.0,0.0,0.0,0.0,0.0,0.0,0.0,0.0,0.0,0.0,0.0,0.0,0.0,0.0,0.0,0.0,2.0,2.0,0.0,0.0,0.0,0.0,0.0,4.0,0.0,0.0,False,50.0
INE966A01022,DOLATALGO,DOLAT ALGOTECH,Capital Markets,False,,,15,7,10.0,0,4,35,WATCHLIST_EXTERNAL,,↑8,False,False,1–2% (vol↓),TOPPING,CAUTION,FINANCIALS,0.0,0.019,0.0,FIN_INCLUSION,8.0,-3.0,PAPER_PROFIT,6.0,2.0,6.0,1.0,,,1.0,Fresh,₹73 – ₹76,₹70 (−5.8%),2–8% (12m),❌ 1.2:1,27.0,46,True,2026-06-05 12:45:20,8.0,4.0,0,4.0,4.0,0.0,4.0,0.0,0.0,0.0,4.0,0.0,2.0,0.0,0.0,0.0,0.0,0.0,0.0,0.0,0.0,0.0,0.0,0.0,0.0,0.0,0.0,0.0,0.0,4.0,0.0,0.0,False,
INE571B01036,JAYBARMARU,JAY BHARAT MARU.,Auto Components,False,,,3,6,13.0,24,14,34,WATCHLIST_CONFIRMED,▼ At risk: near WATCHLIST_EXTERNAL boundary,↑17,False,False,1–2% (vol↓),BASING,CAUTION,OTHER,0.0,0.0764,0.0004,PLI,14.0,-1.0,DE_ROCE_STRESS,2.0,0.0,4.0,1.0,,,1.0,Fresh,₹124 – ₹132,₹115 (−9.8%),8–20% (12m),❌ 1.2:1,25.7,52,True,2026-06-05 12:45:00,0.0,0.0,0,0.0,0.0,5.0,0.0,0.0,2.0,4.0,0.0,2.0,0.0,2.0,1.0,3.0,1.0,1.0,0.0,0.0,1.0,1.0,2.0,0.0,0.0,0.0,0.0,0.0,10.0,4.0,0.0,0.0,False,16.0
INE06IR01021,OSIAHYPER,OSIA HYPER RETA.,Retailing,False,,,1,6,13.0,8,4,34,MONITOR,,─,False,False,0%,TOPPING,CAUTION,OTHER,0.0,0.0274,0.0,PREMIUMISATION,6.0,-3.0,PAPER_PROFIT,1.0,0.0,3.0,0.0,,,1.0,Fresh,₹3 – ₹4,₹3 (−10.2%),,,25.7,33,True,2026-06-05 12:45:01,0.0,0.0,0,0.0,0.0,5.0,4.0,6.0,0.0,0.0,0.0,0.0,0.0,0.0,0.0,0.0,0.0,0.0,0.0,0.0,0.0,0.0,2.0,2.0,0.0,0.0,0.0,0.0,0.0,4.0,0.0,0.0,False,
INE785M01021,PCJEWELLER,PC JEWELLER,Consumer Durables,False,,,3,6,13.0,6,13,34,WATCHLIST_EXTERNAL,,↑8,False,False,1–2% (vol↓),LATE_CYCLE,CAUTION,CONSUMPTION,0.0,0.4843,0.0026,PREMIUMISATION,8.0,-3.0,PAPER_PROFIT,2.0,0.0,9.0,2.0,,,1.0,Fresh,₹9 – ₹9,₹9 (−6.4%),2–8% (12m),❌ 1.1:1,25.7,42,True,2026-06-05 12:45:03,0.0,0.0,0,4.0,4.0,0.0,0.0,0.0,0.0,0.0,4.0,2.0,0.0,0.0,0.0,0.0,0.0,1.0,0.0,0.0,0.0,0.0,2.0,0.0,0.0,0.0,0.0,0.0,9.0,4.0,0.0,0.0,False,
INE180A01020,MFSL,MAX FINANCIAL,Insurance,False,,,3,1,9.0,10,4,34,MONITOR,,↓11,False,False,0%,TOPPING,CAUTION,FINANCIALS,1.0,1.4848,0.7398,FIN_INCLUSION,6.0,-2.0,EARN_QUALITY,5.0,2.0,2.0,0.0,,,1.0,Fresh,"₹1,538 – ₹1,581","₹1,495 (−4.2%)",,,25.7,24,True,2026-06-05 12:45:05,0.0,0.0,0,4.0,0.0,0.0,0.0,0.0,2.0,0.0,0.0,0.0,0.0,0.0,0.0,0.0,0.0,0.0,0.0,0.0,0.0,1.0,2.0,2.0,0.0,0.0,0.0,0.0,0.0,4.0,0.0,0.0,False,57.0
INE17VO01028,STUDIOLSD,STUDIO LSD,Entertainment,False,,,1,0,13.0,4,13,34,MONITOR,,↓5,False,False,0%,LATE_CYCLE,CAUTION,OTHER,0.0,0.005,0.0,nan,3.0,0.0,,4.0,1.0,1.0,0.0,,,1.0,Fresh,,,,,25.7,29,True,2026-06-05 12:45:08,0.0,0.0,0,0.0,0.0,0.0,0.0,0.0,0.0,0.0,0.0,0.0,0.0,0.0,0.0,0.0,0.0,0.0,0.0,0.0,0.0,0.0,2.0,0.0,0.0,0.0,0.0,0.0,9.0,4.0,0.0,0.0,False,
INE0TLP01015,WHITEFORCE,HAPPY SQUARE,Commercial Services & Supplies,False,,,1,0,13.0,4,13,34,MONITOR,,↓5,False,False,0%,LATE_CYCLE,CAUTION,OTHER,0.0,0.14,0.0,nan,3.0,0.0,,4.0,1.0,1.0,0.0,,,1.0,Fresh,,,,,25.7,29,True,2026-06-05 12:45:10,0.0,0.0,0,0.0,0.0,0.0,0.0,0.0,0.0,0.0,0.0,0.0,0.0,0.0,0.0,0.0,0.0,0.0,0.0,0.0,0.0,0.0,2.0,0.0,0.0,0.0,0.0,0.0,9.0,4.0,0.0,0.0,False,
INE0TR001017,VIESL,VISION INFRA,Commercial Services & Supplies,False,,,1,3,10.0,0,13,34,MONITOR,,↓5,False,False,0%,LATE_CYCLE,CAUTION,OTHER,0.0,0.0344,0.0,nan,3.0,0.0,,3.0,1.0,6.0,1.0,,,1.0,Fresh,,,,,25.7,29,True,2026-06-05 12:45:11,0.0,0.0,0,0.0,0.0,0.0,0.0,0.0,0.0,0.0,4.0,0.0,0.0,0.0,0.0,0.0,0.0,0.0,0.0,0.0,0.0,0.0,0.0,0.0,0.0,0.0,0.0,0.0,9.0,4.0,0.0,0.0,False,
INE123W01016,SBILIFE,SBI LIFE INSURAN,Insurance,False,,,4,4,8.0,2,4,34,MONITOR,,↓9,False,False,0%,TOPPING,CAUTION,FINANCIALS,1.0,0.8919,0.305,FIN_INCLUSION,5.0,-2.0,EARN_QUALITY,3.0,1.0,2.0,0.0,,,1.0,Fresh,"₹1,768 – ₹1,800","₹1,736 (−2.7%)",,,25.7,24,True,2026-06-05 12:45:12,0.0,2.0,0,4.0,0.0,0.0,0.0,6.0,0.0,0.0,0.0,0.0,0.0,0.0,0.0,0.0,0.0,0.0,0.0,0.0,0.0,1.0,0.0,0.0,0.0,0.0,0.0,0.0,0.0,4.0,0.0,0.0,False,
INE002A01018,RELIANCE,RELIANCE INDUSTRIES,Petroleum Products,False,,,7,6,10.0,2,13,34,WATCHLIST_EXTERNAL,▼ At risk: near MONITOR boundary,↑11,False,False,0–1%,LATE_CYCLE,CAUTION,OTHER,0.0,0.7555,0.1956,nan,7.0,0.0,,2.0,0.0,7.0,2.0,,,1.0,Fresh,"₹1,302 – ₹1,325","₹1,279 (−2.6%)",2–8% (12m),✅ 2.7:1,25.7,41,True,2026-06-05 12:45:12,0.0,0.0,0,4.0,0.0,5.0,0.0,0.0,2.0,0.0,4.0,0.0,0.0,0.0,0.0,0.0,0.0,0.0,0.0,0.0,1.0,0.0,0.0,0.0,0.0,0.0,0.0,0.0,9.0,4.0,0.0,0.0,False,8.0
INE301D01026,RUBYMILLS,RUBY MILLS,Textiles & Apparels,False,,,0,0,10.0,18,13,34,MONITOR,,─,False,False,0%,LATE_CYCLE,CAUTION,OTHER,0.0,0.0132,0.0,PLI,9.0,-3.0,PAPER_PROFIT,1.0,0.0,3.0,0.0,,,1.0,Fresh,₹275 – ₹293,₹258 (−9.1%),,,25.7,33,True,2026-06-05 12:45:13,0.0,0.0,0,4.0,0.0,0.0,0.0,0.0,0.0,0.0,0.0,0.0,0.0,2.0,1.0,3.0,1.0,1.0,0.0,0.0,0.0,1.0,0.0,0.0,0.0,0.0,0.0,0.0,9.0,4.0,0.0,0.0,False,
INE0U6N01014,SFML,SUPREME FACILITY,Commercial Services & Supplies,False,,,1,3,10.0,0,13,34,MONITOR,,↓5,False,False,0%,LATE_CYCLE,CAUTION,OTHER,0.0,0.0058,0.0,nan,3.0,0.0,,3.0,1.0,6.0,1.0,,,1.0,Fresh,,,,,25.7,29,True,2026-06-05 12:45:15,0.0,0.0,0,0.0,0.0,0.0,0.0,0.0,0.0,0.0,4.0,0.0,0.0,0.0,0.0,0.0,0.0,0.0,0.0,0.0,0.0,0.0,0.0,0.0,0.0,0.0,0.0,0.0,9.0,4.0,0.0,0.0,False,
INE03QK01018,COHANCE,COHANCE LIFE,Pharmaceuticals & Biotechnology,False,,,12,7,10.0,4,13,34,WATCHLIST_EXTERNAL,▲ Approaching WATCHLIST_CONFIRMED,↑16,False,False,1–2% (vol↓),LATE_CYCLE,CAUTION,OTHER,0.0,0.232,0.3667,"HEALTHCARE,PLI",10.0,0.0,,3.0,1.0,8.0,2.0,,,1.0,Fresh,₹418 – ₹432,₹404 (−5.0%),2–8% (12m),❌ 1.4:1,25.7,50,True,2026-06-05 12:45:16,4.0,2.0,0,4.0,4.0,0.0,0.0,0.0,2.0,0.0,4.0,2.0,0.0,0.0,0.0,0.0,0.0,0.0,0.0,0.0,0.0,0.0,0.0,0.0,2.0,0.0,0.0,0.0,9.0,4.0,0.0,0.0,False,
INE320B01020,CENTUM,CENTUM ELECTRON,Industrial Manufacturing,False,,,0,8,10.0,16,4,34,MONITOR,▲ Approaching WATCHLIST_EXTERNAL,─,False,False,0%,TOPPING,CAUTION,OTHER,0.0,0.1043,0.203,PLI,10.0,-3.0,PAPER_PROFIT,2.0,0.0,9.0,2.0,,,1.0,Fresh,"₹3,504 – ₹3,676","₹3,333 (−7.2%)",,,25.7,35,True,2026-06-05 12:45:16,0.0,0.0,0,0.0,4.0,0.0,4.0,0.0,0.0,0.0,4.0,2.0,0.0,2.0,1.0,3.0,1.0,0.0,0.0,0.0,0.0,1.0,0.0,0.0,0.0,0.0,0.0,0.0,0.0,4.0,0.0,0.0,False,
INE818W01011,ESAFSFB,ESAF SMALL FIN,Banks,False,,,1,8,13.0,8,13,34,WATCHLIST_EXTERNAL,,↑9,False,False,2–3%,LATE_CYCLE,CAUTION,FINANCIALS,0.0,0.1765,0.0,FIN_INCLUSION,7.0,0.0,,4.0,1.0,7.0,2.0,,,1.0,Fresh,₹27 – ₹28,₹27 (−4.5%),2–8% (12m),⚠ 1.6:1,25.7,43,True,2026-06-05 12:45:19,0.0,0.0,0,0.0,0.0,0.0,4.0,0.0,2.0,0.0,4.0,0.0,0.0,2.0,0.0,0.0,0.0,0.0,0.0,0.0,0.0,0.0,2.0,0.0,0.0,0.0,0.0,0.0,9.0,4.0,0.0,0.0,False,34.0
INE506A01018,DREDGECORP,DREDGING CORPN.,Engineering Services,False,,,0,6,10.0,24,4,34,MONITOR,,─,False,False,0%,TOPPING,CAUTION,OTHER,0.0,0.0276,0.0908,nan,10.0,0.0,,1.0,0.0,8.0,2.0,,,1.0,Fresh,"₹1,187 – ₹1,278","₹1,096 (−11.1%)",,,25.7,34,False,2026-06-05 12:45:20,0.0,0.0,0,0.0,0.0,0.0,0.0,0.0,2.0,0.0,4.0,0.0,0.0,2.0,1.0,3.0,1.0,0.0,1.0,0.0,0.0,0.0,0.0,0.0,2.0,0.0,0.0,2.0,0.0,4.0,0.0,0.0,False,
INE0TZX01019,ARMOUR,ARMOUR SECURITY,Commercial Services & Supplies,False,,,1,0,15.0,0,13,34,MONITOR,,↓5,False,False,0%,LATE_CYCLE,CAUTION,OTHER,0.0,0.0112,0.0,nan,2.0,0.0,,4.0,1.0,0.0,0.0,,,1.0,Fresh,,,,,25.7,29,True,2026-06-05 12:45:21,0.0,0.0,0,0.0,0.0,0.0,0.0,0.0,0.0,0.0,0.0,0.0,0.0,0.0,0.0,0.0,0.0,0.0,0.0,0.0,0.0,0.0,0.0,0.0,0.0,0.0,0.0,0.0,9.0,4.0,0.0,0.0,False,
INE084K01015,AMANTA,AMANTA HEALTHCAR,Pharmaceuticals & Biotechnology,False,,,9,6,10.0,14,13,34,WATCHLIST_EXTERNAL,▲ Approaching WATCHLIST_CONFIRMED,↑16,False,False,1–2% (vol↓),LATE_CYCLE,CAUTION,OTHER,0.0,0.0716,0.1018,"HEALTHCARE,PLI",10.0,0.0,,5.0,2.0,6.0,1.0,,,1.0,Fresh,₹119 – ₹126,₹112 (−8.6%),2–8% (12m),❌ 0.8:1,25.7,50,True,2026-06-05 12:45:23,4.0,0.0,0,0.0,0.0,5.0,0.0,0.0,2.0,0.0,4.0,0.0,2.0,2.0,0.0,0.0,0.0,0.0,0.0,0.0,0.0,0.0,0.0,0.0,2.0,3.0,0.0,0.0,9.0,4.0,0.0,0.0,False,
INE426A01027,ALEMBICLTD,ALEMBIC,Realty,False,,,11,4,10.0,0,4,34,MONITOR,,─,False,False,0%,CORRECTION,CAUTION,OTHER,0.0,0.0682,0.0,INFRA,7.0,-2.0,EARN_QUALITY,4.0,1.0,2.0,0.0,,,1.0,Fresh,₹85 – ₹87,₹83 (−3.8%),,,25.7,34,True,2026-06-05 12:45:23,0.0,2.0,0,4.0,4.0,5.0,4.0,0.0,2.0,0.0,0.0,0.0,0.0,0.0,0.0,0.0,0.0,0.0,0.0,0.0,0.0,0.0,0.0,0.0,0.0,0.0,0.0,0.0,0.0,4.0,0.0,0.0,False,
INE726G01019,ICICIPRULI,ICICI PRU LIFE,Insurance,False,,,1,5,10.0,4,4,34,MONITOR,,↓11,False,False,0%,TOPPING,CAUTION,FINANCIALS,0.0,0.4756,0.1873,FIN_INCLUSION,5.0,-5.0,PAPER_PROFIT|EARN_QUALITY,3.0,1.0,2.0,0.0,,,1.0,Fresh,₹471 – ₹483,₹458 (−3.9%),,,25.7,24,True,2026-06-05 12:45:25,0.0,0.0,0,4.0,0.0,0.0,0.0,6.0,0.0,0.0,0.0,0.0,2.0,0.0,0.0,0.0,0.0,0.0,0.0,0.0,0.0,0.0,0.0,0.0,2.0,0.0,0.0,0.0,0.0,4.0,0.0,0.0,False,51.0
INE700A01033,JUBLPHARMA,JUBILANT PHARMO,Pharmaceuticals & Biotechnology,False,,,8,10,10.0,4,13,34,WATCHLIST_EXTERNAL,▲ Approaching WATCHLIST_CONFIRMED,↑16,False,False,2–3%,LATE_CYCLE,CAUTION,OTHER,0.0,0.6608,0.1606,"HEALTHCARE,PLI",10.0,-1.0,EARN_REV_DIVERGE,2.0,0.0,4.0,1.0,,,1.0,Fresh,₹966 – ₹991,₹941 (−3.8%),2–8% (12m),⚠ 1.8:1,25.7,50,True,2026-06-05 12:45:26,0.0,2.0,0,4.0,0.0,5.0,0.0,6.0,2.0,4.0,0.0,2.0,0.0,0.0,0.0,0.0,0.0,0.0,0.0,0.0,0.0,0.0,0.0,0.0,2.0,0.0,0.0,0.0,9.0,4.0,0.0,0.0,False,
INE379A01028,ITCHOTELS,ITC HOTELS,Leisure Services,False,,,8,5,10.0,0,13,34,WATCHLIST_EXTERNAL,▼ At risk: near MONITOR boundary,↑5,False,False,0–1%,LATE_CYCLE,CAUTION,OTHER,0.0,0.4735,0.0933,PREMIUMISATION,7.0,0.0,,5.0,2.0,5.0,1.0,,,1.0,Fresh,₹151 – ₹154,₹148 (−3.1%),2–8% (12m),✅ 2.3:1,25.7,40,True,2026-06-05 12:45:28,0.0,0.0,0,4.0,4.0,0.0,0.0,0.0,2.0,0.0,0.0,2.0,2.0,0.0,0.0,0.0,0.0,0.0,0.0,0.0,0.0,0.0,0.0,0.0,0.0,0.0,0.0,0.0,9.0,4.0,0.0,0.0,False,
INE03JT01014,GODIGIT,GO DIGIT GENERAL,Insurance,False,,,2,2,10.0,6,4,34,MONITOR,,↓9,False,False,0%,TOPPING,CAUTION,FINANCIALS,0.0,0.3437,0.1645,FIN_INCLUSION,5.0,-2.0,EARN_QUALITY,3.0,1.0,2.0,0.0,,,1.0,Fresh,₹298 – ₹307,₹290 (−4.2%),,,25.7,24,True,2026-06-05 12:45:28,0.0,0.0,0,4.0,0.0,0.0,4.0,0.0,0.0,0.0,0.0,0.0,0.0,0.0,0.0,0.0,0.0,1.0,0.0,0.0,0.0,0.0,0.0,0.0,2.0,0.0,0.0,0.0,0.0,4.0,0.0,0.0,False,
INE258B01022,FDC,FDC,Pharmaceuticals & Biotechnology,False,,,16,1,13.0,6,13,34,MONITOR,▲ Approaching WATCHLIST_CONFIRMED,↑16,False,False,0%,LATE_CYCLE,CAUTION,OTHER,0.0,0.1328,0.1246,"HEALTHCARE,PLI",9.0,0.0,,6.0,2.0,2.0,0.0,,,1.0,Fresh,₹388 – ₹409,₹367 (−8.0%),,,25.7,50,True,2026-06-05 12:45:28,4.0,0.0,0,4.0,4.0,5.0,0.0,0.0,2.0,0.0,0.0,0.0,0.0,0.0,0.0,0.0,0.0,1.0,0.0,0.0,0.0,0.0,2.0,0.0,0.0,0.0,0.0,0.0,9.0,4.0,0.0,0.0,False,
INE532F01054,EDELWEISS,EDELWEISS.FIN.,Finance,False,,,1,6,13.0,18,13,33,MONITOR,,↓19,False,False,0%,LATE_CYCLE,CAUTION,FINANCIALS,0.0,0.8367,0.0202,FIN_INCLUSION,10.0,0.0,,4.0,1.0,3.0,0.0,,,1.0,Fresh,₹110 – ₹114,₹107 (−4.3%),,,24.5,14,True,2026-06-05 12:45:00,0.0,0.0,GATE,0.0,0.0,0.0,0.0,6.0,2.0,0.0,0.0,0.0,2.0,2.0,0.0,0.0,0.0,0.0,1.0,0.0,0.0,0.0,2.0,0.0,2.0,0.0,0.0,2.0,9.0,4.0,0.0,0.0,False,36.0
INE415B01044,MARSONS,MARSONS,Electrical Equipment,False,,,11,2,13.0,0,4,33,MONITOR,▲ Approaching WATCHLIST_EXTERNAL,↑3,False,False,0%,TOPPING,CAUTION,OTHER,0.0,0.006,0.0,"CAPEX_SUPERCYCLE,POWER",5.0,-3.0,PAPER_PROFIT,4.0,1.0,0.0,0.0,,,1.0,Fresh,₹127 – ₹135,₹119 (−9.4%),,,24.5,35,True,2026-06-05 12:45:04,8.0,4.0,0,4.0,0.0,0.0,4.0,0.0,0.0,0.0,0.0,0.0,0.0,0.0,0.0,0.0,0.0,0.0,0.0,0.0,0.0,0.0,0.0,0.0,0.0,0.0,0.0,0.0,0.0,4.0,0.0,0.0,False,36.0
INE414G01012,MUTHOOTFIN,MUTHOOT FINANCE,Finance,False,,,1,11,13.0,18,13,33,MONITOR,,↓19,False,False,0%,LATE_CYCLE,CAUTION,FINANCIALS,0.0,0.4968,0.1754,FIN_INCLUSION,12.0,-3.0,PAPER_PROFIT,3.0,1.0,10.0,3.0,,,1.0,Fresh,"₹3,179 – ₹3,258","₹3,100 (−3.7%)",,,24.5,14,True,2026-06-05 12:45:05,0.0,4.0,GATE,0.0,0.0,0.0,4.0,0.0,0.0,0.0,4.0,2.0,2.0,0.0,1.0,3.0,0.0,0.0,0.0,0.0,0.0,1.0,2.0,2.0,0.0,0.0,0.0,0.0,9.0,4.0,0.0,0.0,False,55.0
INE01TY01017,CANHLIFE,CANARA HSBC,Insurance,False,,,1,0,13.0,14,4,33,MONITOR,,↓10,False,False,0%,TOPPING,CAUTION,FINANCIALS,0.0,0.2284,0.3268,FIN_INCLUSION,5.0,-2.0,EARN_QUALITY,4.0,1.0,1.0,0.0,,,1.0,Fresh,₹133 – ₹137,₹130 (−4.0%),,,24.5,23,True,2026-06-05 12:45:17,0.0,0.0,0,0.0,0.0,0.0,0.0,0.0,0.0,0.0,0.0,0.0,0.0,0.0,1.0,3.0,0.0,0.0,0.0,0.0,0.0,1.0,2.0,0.0,0.0,0.0,0.0,0.0,0.0,4.0,0.0,0.0,False,
INE477A01020,CANFINHOME,CAN FIN HOMES,Finance,False,,,2,13,13.0,12,13,33,MONITOR,,↓19,False,False,0%,LATE_CYCLE,CAUTION,FINANCIALS,0.0,0.5522,0.3253,FIN_INCLUSION,11.0,-3.0,PAPER_PROFIT,5.0,2.0,8.0,2.0,,,1.0,Fresh,₹810 – ₹826,₹793 (−3.0%),,,24.5,14,True,2026-06-05 12:45:17,0.0,2.0,GATE,0.0,0.0,0.0,4.0,6.0,2.0,0.0,4.0,2.0,0.0,0.0,0.0,0.0,0.0,0.0,0.0,0.0,0.0,0.0,2.0,2.0,2.0,0.0,0.0,0.0,9.0,4.0,0.0,0.0,False,41.0
INE179G01029,DAVANGERE,DAVANGERE SUGAR,Diversified FMCG,False,,,0,9,13.0,12,4,33,MONITOR,,─,False,False,0%,CORRECTION,CAUTION,OTHER,0.0,0.3834,0.0,nan,8.0,-3.0,PAPER_PROFIT,1.0,0.0,4.0,1.0,,,1.0,Fresh,₹4 – ₹4,₹3 (−8.0%),,,24.5,33,False,2026-06-05 12:45:20,0.0,0.0,0,0.0,0.0,0.0,4.0,6.0,0.0,0.0,0.0,0.0,2.0,0.0,0.0,0.0,0.0,1.0,0.0,0.0,0.0,1.0,2.0,2.0,0.0,0.0,0.0,0.0,0.0,4.0,0.0,0.0,False,
INE171Z01026,BDL,BHARAT DYNAMICS,Aerospace & Defense,False,,,13,6,10.0,2,4,33,WATCHLIST_EXTERNAL,▼ At risk: near MONITOR boundary,↑6,False,False,0% (vol↓),TOPPING,CAUTION,CAPEX_CYCLE,0.0,0.0906,0.1114,"CAPEX_SUPERCYCLE,DEFENCE",8.0,0.0,,3.0,1.0,8.0,2.0,,,1.0,Fresh,"₹1,208 – ₹1,246","₹1,170 (−4.6%)",2–8% (12m),⚠ 1.5:1,24.5,39,True,2026-06-05 12:45:20,0.0,2.0,0,4.0,4.0,5.0,0.0,0.0,2.0,0.0,4.0,0.0,0.0,0.0,0.0,0.0,0.0,0.0,0.0,1.0,0.0,0.0,0.0,0.0,0.0,0.0,0.0,0.0,0.0,4.0,0.0,0.0,False,44.0
INE781A01025,INTENTECH,INTENSE TECH.,IT - Services,False,,,11,5,10.0,0,14,33,MONITOR,,↑11,False,False,0%,BASING,CAUTION,OTHER,0.0,0.2811,0.0,DIGITAL,7.0,0.0,,3.0,1.0,4.0,1.0,,,1.0,Fresh,₹93 – ₹97,₹88 (−7.2%),,,24.5,44,True,2026-06-05 12:45:27,4.0,0.0,0,4.0,4.0,0.0,4.0,0.0,2.0,0.0,0.0,0.0,0.0,0.0,0.0,0.0,0.0,0.0,0.0,0.0,0.0,0.0,0.0,0.0,0.0,0.0,0.0,0.0,10.0,4.0,0.0,0.0,False,
INE0V0W01025,GKSL,GUJARAT KIDNEY,Healthcare Services,False,,,15,1,10.0,12,13,33,WATCHLIST_EXTERNAL,▲ Approaching WATCHLIST_CONFIRMED,↑15,False,False,1–2% (vol↓),LATE_CYCLE,CAUTION,OTHER,0.0,0.1994,0.0,HEALTHCARE,9.0,0.0,,5.0,2.0,1.0,0.0,,,1.0,Fresh,₹130 – ₹135,₹125 (−5.5%),2–8% (12m),❌ 1.3:1,24.5,49,True,2026-06-05 12:45:28,8.0,4.0,0,4.0,0.0,0.0,0.0,0.0,2.0,0.0,0.0,0.0,0.0,2.0,1.0,3.0,0.0,0.0,0.0,0.0,0.0,0.0,0.0,0.0,0.0,0.0,0.0,0.0,9.0,4.0,0.0,0.0,False,
INE388A01029,GANESHBE,GANESH BENZOPL.,Oil,False,,,11,5,10.0,8,13,33,WATCHLIST_EXTERNAL,,↑17,False,False,1–2% (vol↓),LATE_CYCLE,CAUTION,OTHER,0.0,0.1714,0.0,nan,10.0,0.0,,4.0,1.0,4.0,1.0,,,1.0,Fresh,₹92 – ₹96,₹88 (−6.7%),2–8% (12m),❌ 1.0:1,24.5,48,True,2026-06-05 12:45:29,0.0,0.0,0,4.0,4.0,5.0,0.0,0.0,2.0,4.0,0.0,0.0,0.0,2.0,0.0,0.0,1.0,1.0,0.0,0.0,0.0,0.0,0.0,0.0,0.0,0.0,0.0,0.0,9.0,4.0,0.0,0.0,False,
INE733E01010,NTPC,NTPC,Power,False,,,2,6,11.0,18,4,32,MONITOR,,─,False,False,0%,TOPPING,CAUTION,OTHER,1.0,0.6644,0.3566,"CAPEX_SUPERCYCLE,POWER",9.0,0.0,,2.0,0.0,7.0,2.0,,,1.0,Fresh,₹363 – ₹371,₹354 (−3.4%),,,23.6,34,True,2026-06-05 12:45:01,0.0,2.0,0,0.0,0.0,0.0,0.0,0.0,2.0,0.0,4.0,0.0,0.0,2.0,1.0,3.0,0.0,0.0,1.0,0.0,0.0,0.0,2.0,0.0,0.0,0.0,0.0,0.0,0.0,4.0,0.0,0.0,False,
INE234A01025,NOVARTIND,NOVARTIS INDIA,Pharmaceuticals & Biotechnology,False,,,13,1,10.0,16,13,32,WATCHLIST_EXTERNAL,▲ Approaching WATCHLIST_CONFIRMED,↑17,False,False,1–2% (vol↓),LATE_CYCLE,CAUTION,OTHER,0.0,0.0,0.0,"HEALTHCARE,PLI",12.0,0.0,,6.0,2.0,1.0,0.0,,,1.0,Fresh,"₹1,281 – ₹1,365","₹1,197 (−9.5%)",2–8% (12m),❌ 0.7:1,23.6,49,True,2026-06-05 12:45:02,4.0,2.0,0,4.0,4.0,0.0,0.0,0.0,2.0,0.0,0.0,0.0,0.0,2.0,1.0,3.0,0.0,0.0,0.0,0.0,1.0,1.0,0.0,0.0,0.0,0.0,0.0,0.0,9.0,4.0,0.0,0.0,False,2.0
INE0S3H01017,POSITRON,POSITRON ENERGY,Commercial Services & Supplies,False,,,1,0,10.0,6,13,32,MONITOR,,↓5,False,False,0%,LATE_CYCLE,CAUTION,OTHER,0.0,0.0662,0.0,nan,3.0,0.0,,4.0,1.0,1.0,0.0,,,1.0,Fresh,,,,,23.6,27,True,2026-06-05 12:45:02,0.0,0.0,0,0.0,0.0,0.0,0.0,0.0,0.0,0.0,0.0,0.0,0.0,0.0,0.0,0.0,0.0,0.0,0.0,0.0,0.0,0.0,0.0,0.0,0.0,3.0,0.0,0.0,9.0,4.0,0.0,0.0,False,
INE0FPO01018,PHOGLOBAL,PHOENIX OVERSEAS,Commercial Services & Supplies,False,,,1,0,10.0,6,13,32,MONITOR,,↓5,False,False,0%,LATE_CYCLE,CAUTION,OTHER,0.0,0.0038,0.0,nan,3.0,0.0,,4.0,1.0,1.0,0.0,,,1.0,Fresh,,,,,23.6,27,True,2026-06-05 12:45:03,0.0,0.0,0,0.0,0.0,0.0,0.0,0.0,0.0,0.0,0.0,0.0,0.0,0.0,0.0,0.0,0.0,0.0,0.0,0.0,0.0,0.0,0.0,0.0,0.0,3.0,0.0,0.0,9.0,4.0,0.0,0.0,False,
INE134E01011,PFC,POWER FIN.CORPN.,Finance,False,,,1,10,13.0,20,13,32,MONITOR,,↓19,False,False,0%,LATE_CYCLE,CAUTION,FINANCIALS,0.0,0.7924,0.1858,FIN_INCLUSION,12.0,-3.0,PAPER_PROFIT,3.0,1.0,8.0,2.0,,,1.0,Fresh,₹412 – ₹421,₹402 (−3.5%),,,23.6,13,True,2026-06-05 12:45:04,0.0,4.0,GATE,0.0,0.0,0.0,0.0,6.0,0.0,0.0,4.0,2.0,0.0,2.0,1.0,3.0,0.0,0.0,1.0,0.0,1.0,0.0,2.0,0.0,0.0,0.0,0.0,0.0,9.0,4.0,0.0,0.0,False,19.0
INE110B01017,MINDTECK,MINDTECK (INDIA),IT - Software,False,,,16,1,10.0,10,14,32,WATCHLIST_EXTERNAL,▲ Approaching WATCHLIST_CONFIRMED,↑18,False,False,1–2% (vol↓),BASING,CAUTION,OTHER,0.0,0.2174,0.0,DIGITAL,10.0,0.0,,6.0,2.0,1.0,0.0,,,1.0,Fresh,₹207 – ₹218,₹196 (−7.6%),2–8% (12m),❌ 0.9:1,23.6,50,True,2026-06-05 12:45:06,4.0,0.0,0,4.0,4.0,5.0,0.0,0.0,2.0,0.0,0.0,0.0,0.0,0.0,0.0,0.0,0.0,1.0,0.0,0.0,0.0,1.0,0.0,0.0,0.0,3.0,0.0,0.0,10.0,4.0,0.0,0.0,False,
INE0CAZ01013,URBANCO,URBAN COMPANY,Retailing,False,,,10,4,8.0,0,4,32,MONITOR,,─,False,False,0%,TOPPING,CAUTION,OTHER,1.0,1.1597,0.1785,PREMIUMISATION,7.0,-3.0,PAPER_PROFIT,4.0,1.0,3.0,0.0,,,1.0,Fresh,₹122 – ₹126,₹118 (−4.8%),,,23.6,31,True,2026-06-05 12:45:10,0.0,2.0,0,4.0,4.0,5.0,4.0,0.0,2.0,0.0,0.0,0.0,0.0,0.0,0.0,0.0,0.0,0.0,0.0,0.0,0.0,0.0,0.0,0.0,0.0,0.0,0.0,0.0,0.0,4.0,0.0,0.0,False,
INE0EAS01014,CONNPLEX,CONNPLEX CINEMAS,Entertainment,False,,,1,0,10.0,6,13,32,MONITOR,,↓5,False,False,0%,LATE_CYCLE,CAUTION,OTHER,0.0,0.0544,0.0,nan,3.0,0.0,,4.0,1.0,1.0,0.0,,,1.0,Fresh,,,,,23.6,27,True,2026-06-05 12:45:15,0.0,0.0,0,0.0,0.0,0.0,0.0,0.0,0.0,0.0,0.0,0.0,0.0,0.0,0.0,0.0,0.0,0.0,0.0,0.0,0.0,0.0,0.0,0.0,0.0,3.0,0.0,0.0,9.0,4.0,0.0,0.0,False,
INE1EF801010,CSSL,CLEAR SECURED,Commercial Services & Supplies,False,,,1,0,13.0,0,13,32,MONITOR,,↓5,False,False,0%,LATE_CYCLE,CAUTION,OTHER,0.0,0.1854,0.0,nan,2.0,0.0,,4.0,1.0,1.0,0.0,,,1.0,Fresh,,,,,23.6,27,True,2026-06-05 12:45:16,0.0,0.0,0,0.0,0.0,0.0,0.0,0.0,0.0,0.0,0.0,0.0,0.0,0.0,0.0,0.0,0.0,0.0,0.0,0.0,0.0,0.0,0.0,0.0,0.0,0.0,0.0,0.0,9.0,4.0,0.0,0.0,False,
INE11HG01018,CHAMUNDA,CHAMUNDA ELE.,Commercial Services & Supplies,False,,,1,0,10.0,6,13,32,MONITOR,,↓5,False,False,0%,LATE_CYCLE,CAUTION,OTHER,0.0,0.0272,0.0,nan,3.0,0.0,,4.0,1.0,2.0,0.0,,,1.0,Fresh,,,,,23.6,27,True,2026-06-05 12:45:17,0.0,0.0,0,0.0,0.0,0.0,0.0,0.0,0.0,0.0,0.0,0.0,0.0,0.0,0.0,0.0,0.0,0.0,0.0,0.0,0.0,0.0,0.0,0.0,0.0,3.0,0.0,0.0,9.0,4.0,0.0,0.0,False,
INE606N01019,EXCELSOFT,EXCELSOFT TECH.,IT - Services,False,,,12,1,10.0,6,14,32,WATCHLIST_EXTERNAL,,↑10,False,False,1–2% (vol↓),BASING,CAUTION,OTHER,0.0,0.065,0.0144,DIGITAL,8.0,0.0,,6.0,2.0,2.0,0.0,,,1.0,Fresh,₹85 – ₹90,₹81 (−7.6%),2–8% (12m),❌ 0.9:1,23.6,43,True,2026-06-05 12:45:18,4.0,0.0,0,4.0,4.0,0.0,0.0,0.0,2.0,0.0,0.0,0.0,0.0,2.0,0.0,0.0,0.0,0.0,0.0,0.0,1.0,0.0,0.0,0.0,0.0,0.0,0.0,0.0,10.0,4.0,0.0,0.0,False,13.0
INE767A01016,AARTIDRUGS,AARTI DRUGS,Pharmaceuticals & Biotechnology,False,,,13,6,10.0,4,13,32,WATCHLIST_EXTERNAL,▲ Approaching WATCHLIST_CONFIRMED,↑17,False,False,1–2% (vol↓),LATE_CYCLE,CAUTION,OTHER,0.0,0.0806,0.2028,"HEALTHCARE,PLI",9.0,0.0,,5.0,2.0,7.0,2.0,,,1.0,Fresh,₹373 – ₹384,₹361 (−4.5%),2–8% (12m),⚠ 1.5:1,23.6,49,True,2026-06-05 12:45:23,4.0,2.0,0,4.0,4.0,0.0,0.0,0.0,2.0,0.0,4.0,0.0,0.0,0.0,0.0,0.0,0.0,0.0,0.0,0.0,0.0,0.0,0.0,0.0,2.0,0.0,0.0,0.0,9.0,4.0,0.0,0.0,False,
INE411U01027,BAJAJHCARE,BAJAJ HEALTHCARE,Pharmaceuticals & Biotechnology,False,,,7,6,13.0,10,13,32,WATCHLIST_EXTERNAL,▲ Approaching WATCHLIST_CONFIRMED,↑17,False,False,1–2% (vol↓),LATE_CYCLE,CAUTION,OTHER,0.0,0.1058,0.0338,"HEALTHCARE,PLI",10.0,0.0,,3.0,1.0,5.0,1.0,,,1.0,Fresh,₹293 – ₹304,₹282 (−5.5%),2–8% (12m),❌ 1.3:1,23.6,49,True,2026-06-05 12:45:24,4.0,0.0,0,0.0,4.0,0.0,0.0,0.0,2.0,0.0,4.0,0.0,2.0,0.0,0.0,0.0,0.0,0.0,0.0,0.0,1.0,0.0,2.0,0.0,0.0,0.0,2.0,0.0,9.0,4.0,0.0,0.0,False,27.0
INE008A01015,IDBI,IDBI BANK,Banks,False,,,4,5,13.0,8,13,32,WATCHLIST_EXTERNAL,,↑10,False,False,2–3%,LATE_CYCLE,CAUTION,FINANCIALS,0.0,0.0248,0.001,FIN_INCLUSION,7.0,0.0,,5.0,2.0,3.0,0.0,,,1.0,Fresh,₹72 – ₹74,₹70 (−4.1%),2–8% (12m),⚠ 1.7:1,23.6,42,True,2026-06-05 12:45:25,0.0,2.0,0,0.0,0.0,0.0,0.0,6.0,2.0,0.0,0.0,0.0,0.0,0.0,0.0,0.0,0.0,0.0,0.0,0.0,0.0,0.0,2.0,2.0,0.0,0.0,0.0,0.0,9.0,4.0,0.0,0.0,False,36.0
INE237A01036,KOTAKBANK,KOTAK MAH. BANK,Banks,False,,,3,12,8.0,0,13,32,WATCHLIST_EXTERNAL,,↑10,False,False,2–3%,LATE_CYCLE,CAUTION,FINANCIALS,1.0,1.0719,0.471,FIN_INCLUSION,7.0,0.0,,4.0,1.0,8.0,2.0,,,1.0,Fresh,₹377 – ₹385,₹369 (−3.1%),2–8% (12m),✅ 2.3:1,23.6,42,True,2026-06-05 12:45:26,0.0,2.0,0,0.0,0.0,0.0,4.0,6.0,2.0,0.0,4.0,0.0,0.0,0.0,0.0,0.0,0.0,0.0,0.0,0.0,0.0,0.0,0.0,0.0,0.0,0.0,0.0,0.0,9.0,4.0,0.0,0.0,False,34.0
INE933B01012,SIGMAADV,SIGMA ADVANCED SYSTEM,Aerospace & Defense,False,,,5,2,13.0,22,4,31,MONITOR,▲ Approaching WATCHLIST_EXTERNAL,↑5,False,False,0%,TOPPING,CAUTION,CAPEX_CYCLE,0.0,0.0408,0.0,"CAPEX_SUPERCYCLE,DEFENCE",10.0,0.0,,5.0,2.0,4.0,1.0,,,1.0,Fresh,₹426 – ₹448,₹403 (−7.7%),,,22.3,37,True,2026-06-05 12:45:00,0.0,0.0,0,0.0,4.0,0.0,0.0,0.0,2.0,0.0,0.0,0.0,0.0,2.0,1.0,3.0,1.0,0.0,1.0,0.0,0.0,1.0,2.0,0.0,0.0,0.0,0.0,0.0,0.0,4.0,0.0,0.0,False,
INE0VJG01014,PRANIK,PRANIK LOGISTICS,Transport Services,False,,,1,0,10.0,6,4,31,MONITOR,,↓12,False,False,0%,TOPPING,CAUTION,OTHER,0.0,0.0364,0.0,INFRA,2.0,0.0,,4.0,1.0,3.0,0.0,,,1.0,Fresh,,,,,22.3,18,True,2026-06-05 12:45:02,0.0,0.0,0,0.0,0.0,0.0,0.0,0.0,0.0,0.0,0.0,0.0,0.0,0.0,0.0,0.0,0.0,0.0,0.0,0.0,0.0,0.0,0.0,0.0,0.0,3.0,0.0,0.0,0.0,4.0,0.0,0.0,False,
INE551D01018,PAKKA,PAKKA,"Paper, Forest & Jute Products",False,,,7,6,10.0,0,4,31,MONITOR,,─,False,False,0%,CORRECTION,CAUTION,OTHER,0.0,0.0262,0.1432,nan,5.0,0.0,,1.0,0.0,8.0,2.0,,,1.0,Fresh,₹81 – ₹85,₹77 (−7.2%),,,22.3,31,False,2026-06-05 12:45:04,0.0,0.0,0,4.0,0.0,5.0,0.0,0.0,2.0,0.0,4.0,0.0,0.0,0.0,0.0,0.0,0.0,0.0,0.0,0.0,0.0,0.0,0.0,0.0,0.0,0.0,0.0,0.0,0.0,4.0,0.0,0.0,False,51.0
INE498L01015,LTF,L&T FINANCE LTD,Finance,False,,,0,12,13.0,18,13,31,MONITOR,,↓19,False,False,0%,LATE_CYCLE,CAUTION,FINANCIALS,0.0,0.3128,0.2304,FIN_INCLUSION,11.0,-3.0,PAPER_PROFIT,2.0,0.0,8.0,2.0,,,1.0,Fresh,₹264 – ₹272,₹256 (−4.4%),,,22.3,12,True,2026-06-05 12:45:04,0.0,0.0,GATE,0.0,0.0,0.0,4.0,6.0,0.0,0.0,4.0,2.0,0.0,0.0,1.0,3.0,0.0,0.0,0.0,0.0,0.0,1.0,2.0,2.0,0.0,0.0,0.0,0.0,9.0,4.0,0.0,0.0,False,34.0
INE692G01013,XCHANGING,XCHANGING SOL.,IT - Software,False,,,13,1,13.0,8,14,31,WATCHLIST_EXTERNAL,▲ Approaching WATCHLIST_CONFIRMED,↑17,False,False,1–2% (vol↓),BASING,CAUTION,OTHER,0.0,0.0154,0.0,DIGITAL,9.0,0.0,,6.0,2.0,2.0,0.0,,,1.0,Fresh,₹64 – ₹66,₹62 (−5.0%),2–8% (12m),❌ 1.4:1,22.3,49,True,2026-06-05 12:45:09,4.0,2.0,0,4.0,4.0,0.0,0.0,0.0,2.0,0.0,0.0,0.0,0.0,0.0,0.0,0.0,0.0,0.0,0.0,0.0,0.0,0.0,2.0,2.0,0.0,0.0,0.0,0.0,10.0,4.0,0.0,0.0,False,
INE094J01016,UTIAMC,UTI AMC,Capital Markets,False,,,20,2,8.0,4,4,31,WATCHLIST_EXTERNAL,,↑9,False,False,2–3%,TOPPING,CAUTION,FINANCIALS,1.0,0.7433,0.2847,FIN_INCLUSION,9.0,0.0,,6.0,2.0,3.0,0.0,,,1.0,Fresh,₹917 – ₹933,₹900 (−2.7%),2–8% (12m),✅ 2.6:1,22.3,43,True,2026-06-05 12:45:10,8.0,2.0,0,4.0,4.0,5.0,0.0,0.0,2.0,0.0,0.0,2.0,0.0,0.0,0.0,0.0,0.0,0.0,0.0,0.0,0.0,0.0,0.0,0.0,2.0,0.0,0.0,0.0,0.0,4.0,0.0,0.0,False,41.0
INE051B01021,VAKRANGEE,VAKRANGEE,IT - Services,False,,,7,5,10.0,0,14,31,MONITOR,,↑11,False,False,0%,BASING,CAUTION,OTHER,0.0,0.034,0.0,DIGITAL,7.0,-4.0,PAPER_PROFIT|EARN_REV_DIVERGE,3.0,1.0,3.0,0.0,,,1.0,Fresh,₹6 – ₹7,₹6 (−4.2%),,,22.3,42,True,2026-06-05 12:45:11,0.0,0.0,0,4.0,4.0,5.0,0.0,6.0,0.0,0.0,0.0,2.0,0.0,0.0,0.0,0.0,0.0,0.0,0.0,0.0,0.0,0.0,0.0,0.0,0.0,0.0,0.0,0.0,10.0,4.0,0.0,0.0,False,
INE209B01025,RICOAUTO,RICO AUTO INDS,Auto Components,False,,,5,3,13.0,24,14,31,WATCHLIST_EXTERNAL,▲ Approaching WATCHLIST_CONFIRMED,↑50,False,False,1–2% (vol↓),BASING,CAUTION,OTHER,0.0,0.1168,0.0,PLI,13.0,0.0,,3.0,1.0,4.0,1.0,,,1.0,Fresh,₹113 – ₹119,₹108 (−7.6%),2–8% (12m),❌ 0.9:1,22.3,50,True,2026-06-05 12:45:12,0.0,0.0,0,0.0,0.0,5.0,0.0,0.0,2.0,0.0,0.0,2.0,0.0,2.0,1.0,3.0,1.0,1.0,1.0,0.0,0.0,1.0,2.0,0.0,0.0,0.0,0.0,0.0,10.0,4.0,0.0,0.0,False,
INE406M01024,ERIS,ERIS LIFESCIENCE,Pharmaceuticals & Biotechnology,False,,,9,10,10.0,0,13,31,WATCHLIST_EXTERNAL,,↑17,False,False,1–2% (vol↓),LATE_CYCLE,CAUTION,OTHER,0.0,0.4311,0.3639,"HEALTHCARE,PLI",9.0,0.0,,4.0,1.0,8.0,2.0,,,1.0,Fresh,"₹1,369 – ₹1,425","₹1,314 (−6.0%)",2–8% (12m),❌ 1.2:1,22.3,48,True,2026-06-05 12:45:19,4.0,2.0,0,0.0,4.0,0.0,4.0,0.0,2.0,0.0,4.0,2.0,0.0,0.0,0.0,0.0,0.0,0.0,0.0,0.0,0.0,0.0,0.0,0.0,0.0,0.0,0.0,0.0,9.0,4.0,0.0,0.0,False,
INE0P4T01013,ARVINDPORT,ARVIND PORT &,Transport Services,False,,,1,0,10.0,6,4,31,MONITOR,,↓12,False,False,0%,TOPPING,CAUTION,OTHER,0.0,0.0522,0.0,INFRA,2.0,0.0,,4.0,1.0,1.0,0.0,,,1.0,Fresh,,,,,22.3,18,True,2026-06-05 12:45:21,0.0,0.0,0,0.0,0.0,0.0,0.0,0.0,0.0,0.0,0.0,0.0,0.0,0.0,0.0,0.0,0.0,0.0,0.0,0.0,0.0,0.0,0.0,0.0,0.0,3.0,0.0,0.0,0.0,4.0,0.0,0.0,False,
INE094B01013,ASHIKA,NAN,nan,False,,,1,0,10.0,2,4,31,MONITOR,,↓15,False,False,0%,,CAUTION,OTHER,0.0,0.0,0.0,nan,2.0,0.0,,4.0,1.0,0.0,0.0,,,1.0,Fresh,₹353 – ₹365,₹340 (−5.3%),,,22.3,16,True,2026-06-05 12:45:21,0.0,0.0,0,0.0,0.0,0.0,0.0,0.0,0.0,0.0,0.0,0.0,0.0,0.0,0.0,0.0,0.0,0.0,0.0,0.0,1.0,0.0,0.0,0.0,0.0,0.0,0.0,0.0,0.0,4.0,0.0,0.0,False,18.0
INE28GN01010,ADVENTHTL,ADVENT HOTELS,Leisure Services,False,,,1,6,13.0,6,13,31,WATCHLIST_EXTERNAL,▼ At risk: near MONITOR boundary,↑6,False,False,0% (vol↓),LATE_CYCLE,CAUTION,OTHER,0.0,0.1426,0.0,PREMIUMISATION,6.0,0.0,,3.0,1.0,7.0,2.0,,,1.0,Fresh,₹132 – ₹139,₹124 (−8.7%),2–8% (12m),❌ 0.8:1,22.3,38,True,2026-06-05 12:45:22,0.0,0.0,0,0.0,0.0,0.0,0.0,0.0,2.0,0.0,4.0,0.0,0.0,0.0,0.0,0.0,0.0,0.0,0.0,0.0,1.0,0.0,2.0,0.0,0.0,0.0,0.0,0.0,9.0,4.0,0.0,0.0,False,16.0
INE674K01013,ABCAPITAL,ADITYA BIRLA CAP,Finance,False,,,0,12,13.0,32,13,31,MONITOR,,↓19,False,False,0%,LATE_CYCLE,CAUTION,FINANCIALS,0.0,0.3015,0.1304,FIN_INCLUSION,16.0,-3.0,PAPER_PROFIT,2.0,0.0,8.0,2.0,,,1.0,Fresh,₹344 – ₹353,₹335 (−4.0%),,,22.3,12,True,2026-06-05 12:45:23,0.0,0.0,GATE,0.0,0.0,0.0,4.0,6.0,0.0,0.0,4.0,2.0,0.0,2.0,1.0,3.0,1.0,0.0,1.0,1.0,0.0,1.0,2.0,2.0,0.0,0.0,0.0,2.0,9.0,4.0,0.0,0.0,False,32.0
INE466L01038,360ONE,360 ONE,Capital Markets,False,,,6,14,8.0,2,4,31,WATCHLIST_EXTERNAL,,↑9,False,False,2–3%,TOPPING,CAUTION,FINANCIALS,1.0,1.9428,0.1917,FIN_INCLUSION,9.0,-3.0,PAPER_PROFIT,3.0,1.0,9.0,2.0,,,1.0,Fresh,"₹1,058 – ₹1,087","₹1,030 (−3.9%)",2–8% (12m),⚠ 1.8:1,22.3,43,True,2026-06-05 12:45:23,8.0,2.0,0,0.0,0.0,0.0,4.0,6.0,0.0,4.0,4.0,2.0,0.0,0.0,0.0,0.0,0.0,0.0,0.0,1.0,0.0,0.0,0.0,0.0,0.0,0.0,0.0,0.0,0.0,4.0,0.0,0.0,False,44.0
INE227J01012,KALPATARU,KALPAT.,Realty,False,,,7,1,13.0,8,4,31,MONITOR,,─,False,False,0%,CORRECTION,CAUTION,OTHER,0.0,0.323,0.1054,INFRA,5.0,0.0,,4.0,1.0,3.0,0.0,,,1.0,Fresh,₹310 – ₹319,₹301 (−4.3%),,,22.3,32,True,2026-06-05 12:45:26,8.0,0.0,0,0.0,0.0,0.0,0.0,0.0,2.0,0.0,0.0,0.0,0.0,0.0,0.0,0.0,0.0,0.0,0.0,0.0,0.0,0.0,2.0,2.0,0.0,0.0,0.0,0.0,0.0,4.0,0.0,0.0,False,
INE338F01015,KLBRENG-B,NAN,nan,False,,,1,0,10.0,2,4,31,MONITOR,,↓15,False,False,0%,,CAUTION,OTHER,0.0,0.0,0.0,nan,2.0,0.0,,4.0,1.0,0.0,0.0,,,1.0,Fresh,₹484 – ₹504,₹465 (−5.9%),,,22.3,16,True,2026-06-05 12:45:26,0.0,0.0,0,0.0,0.0,0.0,0.0,0.0,0.0,0.0,0.0,0.0,0.0,0.0,0.0,0.0,1.0,0.0,0.0,0.0,0.0,0.0,0.0,0.0,0.0,0.0,0.0,0.0,0.0,4.0,0.0,0.0,False,
INE484J01027,GODREJPROP,GODREJ PROPERT.,Realty,False,,,0,11,8.0,6,4,31,MONITOR,,─,False,False,0%,CORRECTION,CAUTION,OTHER,1.0,1.0587,0.109,INFRA,6.0,-3.0,PAPER_PROFIT,1.0,0.0,7.0,2.0,,,1.0,Fresh,"₹1,679 – ₹1,730","₹1,629 (−4.5%)",,,22.3,32,True,2026-06-05 12:45:28,0.0,0.0,0,4.0,0.0,0.0,4.0,6.0,0.0,0.0,4.0,0.0,0.0,0.0,0.0,0.0,0.0,0.0,0.0,0.0,0.0,0.0,0.0,0.0,0.0,3.0,0.0,0.0,0.0,4.0,0.0,0.0,False,32.0
INE207H01018,GNRL,NAN,nan,False,,,1,0,10.0,2,4,31,MONITOR,,↓15,False,False,0%,,CAUTION,OTHER,0.0,0.0,0.0,nan,2.0,0.0,,4.0,1.0,0.0,0.0,,,1.0,Fresh,₹94 – ₹97,₹92 (−4.0%),,,22.3,16,True,2026-06-05 12:45:28,0.0,0.0,0,0.0,0.0,0.0,0.0,0.0,0.0,0.0,0.0,0.0,0.0,0.0,0.0,0.0,1.0,0.0,0.0,0.0,0.0,0.0,0.0,0.0,0.0,0.0,0.0,0.0,0.0,4.0,0.0,0.0,False,
INE0HF201011,FABTECH,FABTECH TECH.,Healthcare Services,False,,,15,0,13.0,4,13,31,MONITOR,,↑16,False,False,0%,LATE_CYCLE,CAUTION,OTHER,0.0,0.017,0.0,HEALTHCARE,7.0,-3.0,PAPER_PROFIT,6.0,2.0,3.0,0.0,,,1.0,Fresh,₹149 – ₹155,₹144 (−5.5%),,,22.3,47,True,2026-06-05 12:45:28,8.0,4.0,0,4.0,4.0,0.0,0.0,0.0,0.0,0.0,0.0,0.0,0.0,0.0,0.0,0.0,0.0,0.0,0.0,0.0,0.0,0.0,2.0,0.0,0.0,0.0,0.0,0.0,9.0,4.0,0.0,0.0,False,
INE212S01015,FRACTAL,FRACTAL ANALYT.,IT - Software,False,,,13,1,8.0,18,14,31,WATCHLIST_EXTERNAL,▲ Approaching WATCHLIST_CONFIRMED,↑17,False,False,1–2% (vol↓),BASING,CAUTION,OTHER,1.0,0.8833,0.1485,DIGITAL,13.0,0.0,,5.0,2.0,2.0,0.0,,,1.0,Fresh,"₹986 – ₹1,030",₹942 (−6.5%),2–8% (12m),❌ 1.1:1,22.3,49,True,2026-06-05 12:45:29,4.0,2.0,0,4.0,4.0,0.0,0.0,0.0,2.0,0.0,0.0,0.0,0.0,2.0,1.0,3.0,1.0,0.0,0.0,0.0,1.0,1.0,0.0,0.0,0.0,0.0,0.0,0.0,10.0,4.0,0.0,0.0,False,24.0
INE771F01041,FISCHER,FISCHER MEDICAL,Healthcare Equipment & Supplies,False,,,4,6,13.0,0,4,31,MONITOR,,─,False,False,0%,TOPPING,CAUTION,OTHER,0.0,0.2068,0.0,HEALTHCARE,5.0,-3.0,PAPER_PROFIT,3.0,1.0,8.0,2.0,,,1.0,Fresh,₹32 – ₹34,₹30 (−7.5%),,,22.3,31,False,2026-06-05 12:45:29,0.0,0.0,0,4.0,4.0,0.0,0.0,0.0,0.0,0.0,4.0,0.0,2.0,0.0,0.0,0.0,0.0,0.0,0.0,0.0,0.0,0.0,0.0,0.0,0.0,0.0,0.0,0.0,0.0,4.0,0.0,0.0,False,
INE836B01017,SATIN,SATIN CREDITCARE,Finance,False,,,0,13,13.0,24,13,30,MONITOR,,↓20,False,False,0%,LATE_CYCLE,CAUTION,FINANCIALS,0.0,0.1642,0.028,FIN_INCLUSION,16.0,-4.0,PAPER_PROFIT|DE_ROCE_STRESS,1.0,0.0,8.0,2.0,,,1.0,Fresh,₹230 – ₹241,₹219 (−6.7%),,,20.5,11,True,2026-06-05 12:44:59,0.0,0.0,GATE,4.0,0.0,0.0,4.0,6.0,0.0,0.0,4.0,2.0,2.0,2.0,1.0,3.0,1.0,0.0,1.0,0.0,1.0,1.0,2.0,0.0,0.0,0.0,0.0,0.0,9.0,4.0,0.0,0.0,False,24.0
INE0TP801012,NMSTEEL,NEWMALAYALAM ST.,Industrial Products,False,,,1,4,13.0,4,4,30,MONITOR,,↓4,False,False,0%,TOPPING,CAUTION,OTHER,0.0,0.0092,0.0,nan,3.0,0.0,,3.0,1.0,7.0,2.0,,,1.0,Fresh,,,,,20.5,26,True,2026-06-05 12:45:02,0.0,0.0,0,0.0,0.0,0.0,0.0,0.0,0.0,0.0,4.0,0.0,0.0,0.0,0.0,0.0,0.0,0.0,0.0,0.0,0.0,0.0,2.0,0.0,0.0,0.0,0.0,0.0,0.0,4.0,0.0,0.0,False,
INE859A01011,PNBGILTS,PNB GILTS,Finance,False,,,6,7,10.0,6,13,30,MONITOR,,↓20,False,False,0%,LATE_CYCLE,CAUTION,FINANCIALS,0.0,0.0212,0.0,FIN_INCLUSION,8.0,-3.0,PAPER_PROFIT,4.0,1.0,7.0,2.0,,,1.0,Fresh,₹84 – ₹89,₹79 (−8.7%),,,20.5,10,True,2026-06-05 12:45:02,8.0,2.0,GATE,0.0,0.0,0.0,4.0,0.0,0.0,0.0,4.0,0.0,0.0,2.0,0.0,0.0,0.0,1.0,0.0,0.0,0.0,0.0,0.0,0.0,0.0,0.0,0.0,0.0,9.0,4.0,0.0,0.0,False,55.0
INE774D01024,M&MFIN,M & M FIN. SERV.,Finance,False,,,1,4,13.0,12,13,30,MONITOR,,↓20,False,False,0%,LATE_CYCLE,CAUTION,FINANCIALS,0.0,0.38,0.3401,FIN_INCLUSION,7.0,-3.0,PAPER_PROFIT,3.0,1.0,1.0,0.0,,,1.0,Fresh,₹286 – ₹295,₹277 (−4.5%),,,20.5,11,True,2026-06-05 12:45:04,0.0,0.0,GATE,0.0,0.0,0.0,0.0,6.0,0.0,0.0,0.0,0.0,0.0,0.0,1.0,3.0,0.0,0.0,0.0,0.0,1.0,1.0,0.0,0.0,0.0,0.0,0.0,0.0,9.0,4.0,0.0,0.0,False,24.0
INE348L01012,MASFIN,MAS FINANC SER,Finance,False,,,0,9,13.0,22,13,30,MONITOR,,↓20,False,False,0%,LATE_CYCLE,CAUTION,FINANCIALS,0.0,0.1496,0.29,FIN_INCLUSION,11.0,-4.0,PAPER_PROFIT|DE_ROCE_STRESS,1.0,0.0,4.0,1.0,,,1.0,Fresh,₹303 – ₹311,₹294 (−4.2%),,,20.5,10,True,2026-06-05 12:45:04,0.0,0.0,GATE,4.0,0.0,0.0,4.0,6.0,0.0,0.0,0.0,2.0,0.0,0.0,1.0,3.0,0.0,0.0,0.0,0.0,0.0,0.0,2.0,0.0,2.0,3.0,0.0,0.0,9.0,4.0,0.0,0.0,False,36.0
INE0ZTO01018,MAYASHEEL,MAYASHEEL VENT.,Construction,False,,,1,0,13.0,10,4,30,MONITOR,,↓7,False,False,0%,TOPPING,CAUTION,OTHER,0.0,0.1582,0.0,INFRA,3.0,0.0,,4.0,1.0,1.0,0.0,,,1.0,Fresh,,,,,20.5,23,True,2026-06-05 12:45:04,0.0,0.0,0,0.0,0.0,0.0,0.0,0.0,0.0,0.0,0.0,0.0,0.0,0.0,0.0,0.0,0.0,0.0,0.0,0.0,0.0,0.0,2.0,0.0,0.0,3.0,0.0,0.0,0.0,4.0,0.0,0.0,False,
INE115A01026,LICHSGFIN,LIC HOUSING FIN.,Finance,False,,,1,8,11.0,8,13,30,MONITOR,,↓20,False,False,0%,LATE_CYCLE,CAUTION,FINANCIALS,1.0,0.8656,0.3544,FIN_INCLUSION,7.0,-3.0,PAPER_PROFIT,3.0,1.0,7.0,2.0,,,1.0,Fresh,₹535 – ₹547,₹523 (−3.4%),,,20.5,11,True,2026-06-05 12:45:05,0.0,2.0,GATE,0.0,0.0,0.0,0.0,6.0,0.0,0.0,4.0,0.0,0.0,0.0,0.0,0.0,0.0,0.0,0.0,0.0,0.0,0.0,2.0,2.0,0.0,0.0,0.0,0.0,9.0,4.0,0.0,0.0,False,
INE0XM301010,MMEL,MOVING MEDIA,Commercial Services & Supplies,False,,,1,0,10.0,0,13,30,MONITOR,,↓5,False,False,0%,LATE_CYCLE,CAUTION,OTHER,0.0,0.1706,0.0,nan,2.0,0.0,,4.0,1.0,1.0,0.0,,,1.0,Fresh,,,,,20.5,24,True,2026-06-05 12:45:06,0.0,0.0,0,0.0,0.0,0.0,0.0,0.0,0.0,0.0,0.0,0.0,0.0,0.0,0.0,0.0,0.0,0.0,0.0,0.0,0.0,0.0,0.0,0.0,0.0,0.0,0.0,0.0,9.0,4.0,0.0,0.0,False,
INE660A01013,SUNDARMFIN,SUNDARAM FINANCE,Finance,False,,,1,12,10.0,6,13,30,MONITOR,,↓20,False,False,0%,LATE_CYCLE,CAUTION,FINANCIALS,0.0,0.8342,0.1028,FIN_INCLUSION,9.0,-3.0,PAPER_PROFIT,3.0,1.0,8.0,2.0,,,1.0,Fresh,"₹4,103 – ₹4,236","₹3,970 (−4.8%)",,,20.5,10,True,2026-06-05 12:45:09,0.0,2.0,GATE,0.0,0.0,0.0,0.0,6.0,0.0,4.0,4.0,2.0,0.0,0.0,0.0,0.0,0.0,0.0,0.0,0.0,1.0,0.0,0.0,0.0,2.0,0.0,0.0,0.0,9.0,4.0,0.0,0.0,False,10.0
INE0RBQ01018,SAHASRA,SAHASRA ELECTRO.,Industrial Products,False,,,1,4,13.0,4,4,30,MONITOR,,↓4,False,False,0%,TOPPING,CAUTION,OTHER,0.0,0.0218,0.0,nan,3.0,0.0,,4.0,1.0,7.0,2.0,,,1.0,Fresh,,,,,20.5,26,True,2026-06-05 12:45:11,0.0,0.0,0,0.0,0.0,0.0,0.0,0.0,0.0,0.0,4.0,0.0,0.0,0.0,0.0,0.0,0.0,0.0,0.0,0.0,0.0,0.0,2.0,0.0,0.0,0.0,0.0,0.0,0.0,4.0,0.0,0.0,False,
INE018E01016,SBICARD,SBI CARDS,Finance,False,,,1,8,10.0,10,13,30,MONITOR,,↓20,False,False,0%,LATE_CYCLE,CAUTION,FINANCIALS,0.0,0.3844,0.213,FIN_INCLUSION,8.0,-3.0,PAPER_PROFIT,3.0,1.0,8.0,2.0,,,1.0,Fresh,₹591 – ₹603,₹578 (−3.0%),,,20.5,10,True,2026-06-05 12:45:12,0.0,2.0,GATE,0.0,0.0,0.0,4.0,0.0,0.0,0.0,4.0,2.0,0.0,0.0,0.0,0.0,0.0,0.0,0.0,0.0,0.0,0.0,0.0,0.0,2.0,3.0,0.0,0.0,9.0,4.0,0.0,0.0,False,
INE020B01018,RECLTD,REC LTD,Finance,False,,,1,8,10.0,0,13,30,MONITOR,,↓20,False,False,0%,LATE_CYCLE,CAUTION,FINANCIALS,0.0,0.6458,0.1804,FIN_INCLUSION,5.0,-3.0,PAPER_PROFIT,3.0,1.0,7.0,2.0,,,1.0,Fresh,₹322 – ₹329,₹316 (−3.1%),,,20.5,10,True,2026-06-05 12:45:12,0.0,4.0,GATE,0.0,0.0,0.0,0.0,6.0,0.0,0.0,4.0,0.0,0.0,0.0,0.0,0.0,0.0,0.0,0.0,0.0,0.0,0.0,0.0,0.0,0.0,0.0,0.0,0.0,9.0,4.0,0.0,0.0,False,36.0
INE0SN801015,SILKY,SILKY OVERSEAS,Textiles & Apparels,False,,,1,0,13.0,4,13,30,MONITOR,,─,False,False,0%,LATE_CYCLE,CAUTION,OTHER,0.0,0.1682,0.0,PLI,3.0,0.0,,4.0,1.0,3.0,0.0,,,1.0,Fresh,,,,,20.5,29,True,2026-06-05 12:45:14,0.0,0.0,0,0.0,0.0,0.0,0.0,0.0,0.0,0.0,0.0,0.0,0.0,0.0,0.0,0.0,0.0,0.0,0.0,0.0,0.0,0.0,2.0,0.0,0.0,0.0,0.0,0.0,9.0,4.0,0.0,0.0,False,
INE0YJV01017,SHEEL,SHEEL BIO.,Commercial Services & Supplies,False,,,1,0,10.0,0,13,30,MONITOR,,↓5,False,False,0%,LATE_CYCLE,CAUTION,OTHER,0.0,0.0024,0.0,nan,2.0,0.0,,4.0,1.0,1.0,0.0,,,1.0,Fresh,,,,,20.5,24,True,2026-06-05 12:45:14,0.0,0.0,0,0.0,0.0,0.0,0.0,0.0,0.0,0.0,0.0,0.0,0.0,0.0,0.0,0.0,0.0,0.0,0.0,0.0,0.0,0.0,0.0,0.0,0.0,0.0,0.0,0.0,9.0,4.0,0.0,0.0,False,
INE433T01015,ENCOMPAS,ENCOMPASS DESIGN,Commercial Services & Supplies,False,,,1,0,10.0,0,13,30,MONITOR,,↓5,False,False,0%,LATE_CYCLE,CAUTION,OTHER,0.0,0.2854,0.0,nan,2.0,0.0,,4.0,1.0,0.0,0.0,,,1.0,Fresh,,,,,20.5,24,True,2026-06-05 12:45:18,0.0,0.0,0,0.0,0.0,0.0,0.0,0.0,0.0,0.0,0.0,0.0,0.0,0.0,0.0,0.0,0.0,0.0,0.0,0.0,0.0,0.0,0.0,0.0,0.0,0.0,0.0,0.0,9.0,4.0,0.0,0.0,False,
INE236E01022,ELLEN,ELLEN.INDL.GAS,Chemicals & Petrochemicals,False,,,1,4,13.0,4,13,30,MONITOR,▲ Approaching WATCHLIST_EXTERNAL,↑5,False,False,0%,LATE_CYCLE,CAUTION,OTHER,0.0,0.063,0.2118,PLI,4.0,0.0,,3.0,1.0,8.0,2.0,,,1.0,Fresh,₹245 – ₹258,₹233 (−7.4%),,,20.5,35,True,2026-06-05 12:45:18,0.0,0.0,0,0.0,0.0,0.0,0.0,0.0,0.0,0.0,4.0,0.0,0.0,0.0,0.0,0.0,0.0,0.0,0.0,0.0,0.0,0.0,2.0,0.0,0.0,0.0,0.0,0.0,9.0,4.0,0.0,0.0,False,
INE0R9101015,ELGNZ,ELEGANZ INTERIOR,Commercial Services & Supplies,False,,,1,0,10.0,0,13,30,MONITOR,,↓5,False,False,0%,LATE_CYCLE,CAUTION,OTHER,0.0,0.06,0.0,nan,2.0,0.0,,3.0,1.0,1.0,0.0,,,1.0,Fresh,,,,,20.5,24,True,2026-06-05 12:45:18,0.0,0.0,0,0.0,0.0,0.0,0.0,0.0,0.0,0.0,0.0,0.0,0.0,0.0,0.0,0.0,0.0,0.0,0.0,0.0,0.0,0.0,0.0,0.0,0.0,0.0,0.0,0.0,9.0,4.0,0.0,0.0,False,
INE0XRN01019,DELTIC,DELTA AUTO.,Automobiles,False,,,1,0,13.0,10,14,30,MONITOR,,↑3,False,False,0%,BASING,CAUTION,OTHER,0.0,0.052,0.0,PREMIUMISATION,4.0,0.0,,4.0,1.0,1.0,0.0,,,1.0,Fresh,,,,,20.5,33,True,2026-06-05 12:45:19,0.0,0.0,0,0.0,0.0,0.0,0.0,0.0,0.0,0.0,0.0,0.0,0.0,0.0,0.0,0.0,0.0,0.0,0.0,0.0,0.0,0.0,2.0,0.0,0.0,3.0,0.0,0.0,10.0,4.0,0.0,0.0,False,
INE2HJL01019,DHARARAIL,DHARA RAIL PRO.,Commercial Services & Supplies,False,,,1,0,10.0,0,13,30,MONITOR,,↓5,False,False,0%,LATE_CYCLE,CAUTION,OTHER,0.0,0.0466,0.0,nan,2.0,0.0,,4.0,1.0,0.0,0.0,,,1.0,Fresh,,,,,20.5,24,True,2026-06-05 12:45:19,0.0,0.0,0,0.0,0.0,0.0,0.0,0.0,0.0,0.0,0.0,0.0,0.0,0.0,0.0,0.0,0.0,0.0,0.0,0.0,0.0,0.0,0.0,0.0,0.0,0.0,0.0,0.0,9.0,4.0,0.0,0.0,False,
INE955V01021,ARVINDFASN,ARVIND FASHIONS.,Retailing,False,,,7,2,10.0,8,4,30,MONITOR,,─,False,False,0%,TOPPING,CAUTION,OTHER,0.0,0.4824,0.3663,PREMIUMISATION,6.0,0.0,,4.0,1.0,4.0,1.0,,,1.0,Fresh,₹470 – ₹484,₹456 (−4.5%),,,20.5,30,True,2026-06-05 12:45:21,8.0,0.0,0,0.0,0.0,0.0,0.0,0.0,2.0,0.0,0.0,0.0,0.0,0.0,0.0,0.0,0.0,0.0,0.0,0.0,1.0,1.0,0.0,0.0,2.0,0.0,0.0,0.0,0.0,4.0,0.0,0.0,False,30.0
INE420B01036,ARIHANTCAP,ARIHANT CAPITAL,Capital Markets,False,,,16,1,13.0,6,4,30,WATCHLIST_EXTERNAL,,↑9,False,False,1–2% (vol↓),TOPPING,CAUTION,FINANCIALS,0.0,0.0058,0.0,FIN_INCLUSION,8.0,0.0,,4.0,1.0,3.0,0.0,,,1.0,Fresh,₹66 – ₹68,₹63 (−5.8%),2–8% (12m),❌ 1.2:1,20.5,42,True,2026-06-05 12:45:21,8.0,2.0,0,4.0,0.0,5.0,0.0,0.0,2.0,0.0,0.0,0.0,0.0,0.0,0.0,0.0,0.0,0.0,0.0,0.0,1.0,0.0,2.0,0.0,0.0,0.0,0.0,0.0,0.0,4.0,0.0,0.0,False,14.0
INE14LE01019,ABLBL,A B LIFESTYLE,Retailing,False,,,1,7,10.0,10,4,30,MONITOR,,─,False,False,0%,TOPPING,CAUTION,OTHER,0.0,0.5178,0.2775,PREMIUMISATION,6.0,0.0,,4.0,1.0,9.0,2.0,,,1.0,Fresh,₹97 – ₹100,₹94 (−4.1%),,,20.5,30,True,2026-06-05 12:45:22,0.0,0.0,0,0.0,0.0,0.0,0.0,0.0,0.0,0.0,4.0,2.0,2.0,0.0,0.0,0.0,0.0,0.0,0.0,0.0,0.0,0.0,0.0,0.0,2.0,3.0,0.0,0.0,0.0,4.0,0.0,0.0,False,
INE296A01032,BAJFINANCE,BAJAJ FINANCE,Finance,False,,,1,12,10.0,8,13,30,MONITOR,,↓20,False,False,0%,LATE_CYCLE,CAUTION,FINANCIALS,0.0,0.8183,0.1745,FIN_INCLUSION,9.0,-3.0,PAPER_PROFIT,3.0,1.0,8.0,2.0,,,1.0,Fresh,₹866 – ₹887,₹845 (−3.7%),,,20.5,10,True,2026-06-05 12:45:24,0.0,2.0,GATE,0.0,0.0,0.0,4.0,6.0,0.0,0.0,4.0,2.0,0.0,0.0,0.0,0.0,0.0,0.0,0.0,0.0,1.0,0.0,0.0,0.0,0.0,3.0,0.0,0.0,9.0,4.0,0.0,0.0,False,24.0
INE377Y01014,BAJAJHFL,BAJAJ HOUSING,Finance,False,,,0,12,13.0,8,13,30,MONITOR,,↓20,False,False,0%,LATE_CYCLE,CAUTION,FINANCIALS,0.0,0.0436,0.007,FIN_INCLUSION,9.0,-4.0,PAPER_PROFIT|DE_ROCE_STRESS,1.0,0.0,8.0,2.0,,,1.0,Fresh,₹83 – ₹84,₹82 (−2.5%),,,20.5,11,True,2026-06-05 12:45:24,0.0,0.0,GATE,4.0,0.0,0.0,4.0,6.0,0.0,0.0,4.0,2.0,0.0,0.0,0.0,0.0,0.0,0.0,0.0,0.0,0.0,0.0,2.0,2.0,0.0,0.0,0.0,0.0,9.0,4.0,0.0,0.0,False,39.0
INE560A01023,INDIAGLYCO,INDIA GLYCOLS,Beverages,False,,,4,7,10.0,6,4,30,MONITOR,,─,False,False,0%,CORRECTION,CAUTION,CONSUMPTION,0.0,0.109,0.004,PREMIUMISATION,7.0,0.0,,2.0,0.0,7.0,2.0,,,1.0,Fresh,₹974 – ₹999,₹948 (−3.9%),,,20.5,32,True,2026-06-05 12:45:25,0.0,0.0,0,0.0,0.0,5.0,0.0,0.0,2.0,0.0,4.0,2.0,0.0,2.0,0.0,0.0,0.0,0.0,1.0,0.0,0.0,0.0,0.0,0.0,0.0,0.0,0.0,0.0,0.0,4.0,0.0,0.0,False,
INE0VA601019,HPTL,HP TELECOM,Commercial Services & Supplies,False,,,1,0,10.0,0,13,30,MONITOR,,↓5,False,False,0%,LATE_CYCLE,CAUTION,OTHER,0.0,0.0024,0.0,nan,2.0,0.0,,4.0,1.0,0.0,0.0,,,1.0,Fresh,,,,,20.5,24,True,2026-06-05 12:45:25,0.0,0.0,0,0.0,0.0,0.0,0.0,0.0,0.0,0.0,0.0,0.0,0.0,0.0,0.0,0.0,0.0,0.0,0.0,0.0,0.0,0.0,0.0,0.0,0.0,0.0,0.0,0.0,9.0,4.0,0.0,0.0,False,
INE202E01016,IREDA,INDIAN RENEWABLE,Finance,False,,,0,13,13.0,8,13,30,MONITOR,,↓20,False,False,0%,LATE_CYCLE,CAUTION,FINANCIALS,0.0,0.0948,0.0028,FIN_INCLUSION,10.0,-4.0,PAPER_PROFIT|DE_ROCE_STRESS,1.0,0.0,7.0,2.0,,,1.0,Fresh,₹121 – ₹124,₹118 (−3.7%),,,20.5,11,True,2026-06-05 12:45:27,0.0,2.0,GATE,0.0,0.0,0.0,4.0,6.0,0.0,0.0,4.0,2.0,2.0,0.0,0.0,0.0,0.0,0.0,0.0,0.0,0.0,0.0,2.0,2.0,0.0,0.0,0.0,0.0,9.0,4.0,0.0,0.0,False,
INE0EDU01014,FINBUD,FINBUD FINANCIAL,Financial Technology (Fintech),False,,,1,0,15.0,2,13,30,MONITOR,,─,False,False,0%,LATE_CYCLE,CAUTION,FINANCIALS,0.0,0.1394,0.049,"DIGITAL,FIN_INCLUSION",3.0,0.0,,4.0,1.0,1.0,0.0,,,1.0,Fresh,,,,,20.5,30,False,2026-06-05 12:45:28,0.0,0.0,0,0.0,0.0,0.0,0.0,0.0,0.0,0.0,0.0,0.0,0.0,0.0,0.0,0.0,0.0,0.0,0.0,0.0,0.0,1.0,0.0,0.0,0.0,0.0,0.0,0.0,9.0,4.0,0.0,0.0,False,
INE007B01023,GEOJITFSL,GEOJIT FIN. SER.,Capital Markets,False,,,17,1,10.0,10,4,30,MONITOR,,↑9,False,False,0%,TOPPING,CAUTION,FINANCIALS,0.0,0.1613,0.0,FIN_INCLUSION,8.0,0.0,,5.0,2.0,3.0,0.0,,,1.0,Fresh,₹71 – ₹74,₹69 (−4.8%),,,20.5,42,True,2026-06-05 12:45:29,8.0,2.0,0,4.0,0.0,5.0,0.0,0.0,2.0,0.0,0.0,0.0,0.0,2.0,0.0,0.0,0.0,0.0,0.0,0.0,0.0,0.0,0.0,0.0,0.0,3.0,0.0,0.0,0.0,4.0,0.0,0.0,False,
INE0YAL01017,PPSL,PICTUREPOST STU.,Entertainment,False,,,1,0,10.0,0,13,29,MONITOR,,↓5,False,False,0%,LATE_CYCLE,CAUTION,OTHER,0.0,0.0088,0.0,nan,2.0,0.0,,3.0,1.0,1.0,0.0,,,1.0,Fresh,,,,,18.8,24,True,2026-06-05 12:45:02,0.0,0.0,0,0.0,0.0,0.0,0.0,0.0,0.0,0.0,0.0,0.0,0.0,0.0,0.0,0.0,0.0,0.0,0.0,0.0,0.0,0.0,0.0,0.0,0.0,0.0,0.0,0.0,9.0,4.0,0.0,0.0,False,
INE0O7A01017,PRAMARA,PRAMARA PROMOTIO,Media,False,,,2,6,10.0,2,4,29,MONITOR,,─,False,False,0%,TOPPING,CAUTION,OTHER,0.0,0.0183,0.0,nan,6.0,-5.0,PAPER_PROFIT|EARN_QUALITY,3.0,1.0,0.0,0.0,,,1.0,Fresh,₹127 – ₹146,₹107 (−21.5%),,,18.8,29,False,2026-06-05 12:45:02,4.0,0.0,0,0.0,4.0,0.0,4.0,6.0,0.0,0.0,0.0,0.0,0.0,0.0,0.0,0.0,0.0,1.0,0.0,0.0,0.0,0.0,0.0,0.0,0.0,0.0,0.0,0.0,0.0,4.0,0.0,0.0,False,
INE511C01022,POONAWALLA,POONAWALLA FIN,Finance,False,,,0,13,10.0,6,13,29,MONITOR,,↓20,False,False,0%,LATE_CYCLE,CAUTION,FINANCIALS,0.0,0.4148,0.1387,FIN_INCLUSION,10.0,-4.0,PAPER_PROFIT|DE_ROCE_STRESS,0.0,0.0,10.0,3.0,,,1.0,Fresh,₹394 – ₹405,₹382 (−4.3%),,,18.8,9,True,2026-06-05 12:45:02,0.0,0.0,GATE,4.0,0.0,0.0,4.0,0.0,0.0,4.0,4.0,2.0,2.0,0.0,0.0,0.0,0.0,0.0,0.0,0.0,1.0,0.0,0.0,0.0,2.0,0.0,0.0,0.0,9.0,4.0,0.0,0.0,False,30.0
INE2KCE01013,KWIL,KWALITY WALL'S,Food Products,False,,,1,0,10.0,20,4,29,MONITOR,,─,False,False,0%,CORRECTION,CAUTION,OTHER,0.0,0.2264,0.0958,"AGRI,PLI",8.0,0.0,,4.0,1.0,1.0,0.0,,,1.0,Fresh,₹30 – ₹31,₹29 (−6.7%),,,18.8,25,True,2026-06-05 12:45:05,0.0,0.0,0,0.0,0.0,0.0,0.0,0.0,0.0,0.0,0.0,0.0,0.0,2.0,1.0,3.0,1.0,1.0,0.0,0.0,1.0,1.0,0.0,0.0,0.0,0.0,0.0,0.0,0.0,4.0,0.0,0.0,False,19.0
INE046W01019,MUTHOOTMF,MUTHOOT MICROFIN,Finance,False,,,1,11,10.0,16,13,29,MONITOR,,↓20,False,False,0%,LATE_CYCLE,CAUTION,FINANCIALS,0.0,0.9256,0.0008,FIN_INCLUSION,13.0,-4.0,PAPER_PROFIT|DE_ROCE_STRESS,3.0,1.0,8.0,2.0,,,1.0,Fresh,₹177 – ₹183,₹171 (−5.2%),,,18.8,9,True,2026-06-05 12:45:05,0.0,0.0,GATE,4.0,0.0,0.0,4.0,0.0,2.0,0.0,4.0,2.0,2.0,2.0,1.0,3.0,0.0,0.0,1.0,0.0,0.0,1.0,0.0,0.0,0.0,0.0,0.0,0.0,9.0,4.0,0.0,0.0,False,
INE0R3101011,MIEL,MANGLAM INFRA,Commercial Services & Supplies,False,,,1,1,10.0,0,13,29,MONITOR,,↓5,False,False,0%,LATE_CYCLE,CAUTION,OTHER,0.0,0.0588,0.0,nan,2.0,-2.0,EARN_QUALITY,4.0,1.0,4.0,1.0,,,1.0,Fresh,,,,,18.8,23,True,2026-06-05 12:45:07,0.0,0.0,0,0.0,0.0,0.0,0.0,0.0,0.0,0.0,0.0,0.0,0.0,0.0,0.0,0.0,0.0,0.0,0.0,0.0,0.0,0.0,0.0,0.0,0.0,0.0,0.0,0.0,9.0,4.0,0.0,0.0,False,
INE0Z7N01017,TANKUP,TANKUP ENGI.,Industrial Products,False,,,1,3,13.0,4,4,29,MONITOR,,↓4,False,False,0%,TOPPING,CAUTION,OTHER,0.0,0.0286,0.0,nan,3.0,0.0,,4.0,1.0,6.0,1.0,,,1.0,Fresh,,,,,18.8,25,True,2026-06-05 12:45:09,0.0,0.0,0,0.0,0.0,0.0,0.0,0.0,0.0,0.0,4.0,0.0,0.0,0.0,0.0,0.0,0.0,0.0,0.0,0.0,0.0,0.0,2.0,0.0,0.0,0.0,0.0,0.0,0.0,4.0,0.0,0.0,False,
INE0JR601024,YATRA,YATRA ONLINE,Leisure Services,False,,,0,7,10.0,4,13,29,MONITOR,▲ Approaching WATCHLIST_EXTERNAL,↑7,False,False,0%,LATE_CYCLE,CAUTION,OTHER,0.0,0.182,0.2088,PREMIUMISATION,7.0,-3.0,PAPER_PROFIT,0.0,0.0,7.0,2.0,,,1.0,Fresh,₹94 – ₹98,₹90 (−6.5%),,,18.8,36,True,2026-06-05 12:45:09,0.0,0.0,0,4.0,0.0,0.0,4.0,0.0,0.0,0.0,4.0,0.0,0.0,0.0,0.0,0.0,0.0,0.0,0.0,0.0,1.0,1.0,0.0,0.0,0.0,0.0,0.0,0.0,9.0,4.0,0.0,0.0,False,13.0
INE786F01031,UTTAMSUGAR,UTTAM SUG.MILLS,Agricultural Food & other Products,False,,,2,2,13.0,12,4,29,MONITOR,,─,False,False,0%,CORRECTION,CAUTION,OTHER,0.0,0.0208,0.0,AGRI,7.0,-2.0,EARN_QUALITY,4.0,1.0,1.0,0.0,,,1.0,Fresh,₹227 – ₹235,₹219 (−5.1%),,,18.8,30,True,2026-06-05 12:45:10,4.0,0.0,0,0.0,0.0,0.0,0.0,0.0,2.0,0.0,0.0,0.0,2.0,0.0,0.0,0.0,0.0,0.0,0.0,0.0,1.0,0.0,2.0,0.0,0.0,3.0,0.0,0.0,0.0,4.0,0.0,0.0,False,19.0
INE781S01027,VENTIVE,VENTIVE HOSPITAL,Leisure Services,False,,,1,8,10.0,0,13,29,MONITOR,▲ Approaching WATCHLIST_EXTERNAL,↑7,False,False,0%,LATE_CYCLE,CAUTION,OTHER,0.0,0.0574,0.1032,PREMIUMISATION,6.0,0.0,,4.0,1.0,9.0,2.0,,,1.0,Fresh,₹633 – ₹650,₹617 (−3.8%),,,18.8,36,True,2026-06-05 12:45:11,0.0,0.0,0,0.0,0.0,0.0,0.0,0.0,2.0,0.0,4.0,2.0,2.0,0.0,0.0,0.0,0.0,0.0,0.0,0.0,0.0,0.0,0.0,0.0,0.0,0.0,0.0,0.0,9.0,4.0,0.0,0.0,False,
INE612J01015,REPCOHOME,REPCO HOME FIN,Finance,False,,,1,12,11.0,14,13,29,MONITOR,,↓20,False,False,0%,LATE_CYCLE,CAUTION,FINANCIALS,1.0,0.5646,0.4688,FIN_INCLUSION,12.0,-4.0,PAPER_PROFIT|DE_ROCE_STRESS,1.0,0.0,8.0,2.0,,,1.0,Fresh,₹364 – ₹374,₹353 (−4.3%),,,18.8,9,True,2026-06-05 12:45:13,0.0,2.0,GATE,4.0,0.0,0.0,4.0,6.0,0.0,0.0,4.0,2.0,0.0,0.0,0.0,0.0,0.0,0.0,0.0,0.0,1.0,0.0,2.0,2.0,2.0,0.0,0.0,0.0,9.0,4.0,0.0,0.0,False,14.0
INE101I01011,AFCONS,AFCONS INFRASTR.,Construction,False,,,4,0,10.0,4,4,29,MONITOR,,↓7,False,False,0%,TOPPING,CAUTION,OTHER,0.0,0.6302,0.3669,INFRA,4.0,-3.0,PAPER_PROFIT,0.0,0.0,2.0,0.0,,,1.0,Fresh,₹317 – ₹330,₹305 (−5.8%),,,18.8,22,True,2026-06-05 12:45:22,4.0,0.0,0,0.0,0.0,5.0,0.0,0.0,0.0,0.0,0.0,0.0,0.0,0.0,0.0,0.0,0.0,0.0,0.0,0.0,0.0,0.0,0.0,0.0,2.0,0.0,0.0,0.0,0.0,4.0,0.0,0.0,False,
INE17CQ01015,BAGDIGITAL,B.A.G. CONVERGE.,Entertainment,False,,,1,0,10.0,0,13,29,MONITOR,,↓5,False,False,0%,LATE_CYCLE,CAUTION,OTHER,0.0,0.0016,0.0,nan,2.0,0.0,,4.0,1.0,1.0,0.0,,,1.0,Fresh,,,,,18.8,24,True,2026-06-05 12:45:24,0.0,0.0,0,0.0,0.0,0.0,0.0,0.0,0.0,0.0,0.0,0.0,0.0,0.0,0.0,0.0,0.0,0.0,0.0,0.0,0.0,0.0,0.0,0.0,0.0,0.0,0.0,0.0,9.0,4.0,0.0,0.0,False,
INE530B01024,IIFL,IIFL FINANCE,Finance,False,,,1,7,9.0,20,13,29,MONITOR,,↓20,False,False,0%,LATE_CYCLE,CAUTION,FINANCIALS,1.0,1.5426,0.0841,FIN_INCLUSION,11.0,-3.0,PAPER_PROFIT,3.0,1.0,9.0,2.0,,,1.0,Fresh,₹490 – ₹507,₹474 (−5.0%),,,18.8,9,True,2026-06-05 12:45:25,0.0,0.0,GATE,0.0,0.0,0.0,0.0,0.0,0.0,0.0,4.0,2.0,2.0,0.0,1.0,3.0,0.0,0.0,0.0,1.0,0.0,1.0,2.0,2.0,0.0,0.0,0.0,0.0,9.0,4.0,0.0,0.0,False,
INE0TD101011,IDENTICAL,IDENTICAL BRAINS,Entertainment,False,,,1,0,10.0,0,13,29,MONITOR,,↓5,False,False,0%,LATE_CYCLE,CAUTION,OTHER,0.0,0.034,0.0,nan,2.0,0.0,,3.0,1.0,1.0,0.0,,,1.0,Fresh,,,,,18.8,24,True,2026-06-05 12:45:25,0.0,0.0,0,0.0,0.0,0.0,0.0,0.0,0.0,0.0,0.0,0.0,0.0,0.0,0.0,0.0,0.0,0.0,0.0,0.0,0.0,0.0,0.0,0.0,0.0,0.0,0.0,0.0,9.0,4.0,0.0,0.0,False,
INE031A01017,HUDCO,H U D C O,Finance,False,,,1,5,13.0,8,13,29,MONITOR,,↓20,False,False,0%,LATE_CYCLE,CAUTION,FINANCIALS,0.0,0.0956,0.0502,FIN_INCLUSION,7.0,-5.0,PAPER_PROFIT|EARN_QUALITY,3.0,1.0,3.0,0.0,,,1.0,Fresh,₹200 – ₹205,₹196 (−3.4%),,,18.8,9,True,2026-06-05 12:45:25,0.0,2.0,GATE,0.0,0.0,0.0,0.0,6.0,0.0,0.0,0.0,2.0,0.0,0.0,0.0,0.0,0.0,0.0,0.0,0.0,0.0,0.0,2.0,2.0,0.0,0.0,0.0,0.0,9.0,4.0,0.0,0.0,False,68.0
INE0QTE01018,GAJANAND,GAJANAND INTER.,Textiles & Apparels,False,,,1,1,13.0,4,13,29,MONITOR,,─,False,False,0%,LATE_CYCLE,CAUTION,OTHER,0.0,0.0214,0.0,PLI,3.0,-2.0,EARN_QUALITY,4.0,1.0,4.0,1.0,,,1.0,Fresh,,,,,18.8,28,True,2026-06-05 12:45:29,0.0,0.0,0,0.0,0.0,0.0,0.0,0.0,0.0,0.0,0.0,0.0,0.0,0.0,0.0,0.0,0.0,0.0,0.0,0.0,0.0,0.0,2.0,0.0,0.0,0.0,0.0,0.0,9.0,4.0,0.0,0.0,False,
INE756I01012,HDBFS,HDB FINANC SER,Finance,False,,,0,7,10.0,4,13,29,MONITOR,,↓20,False,False,0%,LATE_CYCLE,CAUTION,FINANCIALS,0.0,0.1258,0.2186,FIN_INCLUSION,7.0,-3.0,PAPER_PROFIT,0.0,0.0,8.0,2.0,,,1.0,Fresh,₹642 – ₹655,₹629 (−3.0%),,,18.8,9,True,2026-06-05 12:45:29,0.0,2.0,GATE,0.0,0.0,0.0,0.0,0.0,0.0,0.0,4.0,2.0,2.0,0.0,0.0,0.0,0.0,0.0,0.0,0.0,0.0,0.0,0.0,0.0,2.0,0.0,0.0,0.0,9.0,4.0,0.0,0.0,False,50.0
INE953L01027,JSFB,JANA SMALL FINAN,Banks,False,,,1,9,10.0,4,13,28,MONITOR,▼ At risk: near MONITOR boundary,↑12,False,False,0%,LATE_CYCLE,CAUTION,FINANCIALS,0.0,0.5422,0.038,FIN_INCLUSION,8.0,-2.0,EARN_QUALITY,4.0,1.0,2.0,0.0,,,1.0,Fresh,₹476 – ₹491,₹461 (−4.8%),,,17.8,40,True,2026-06-05 12:45:00,0.0,2.0,0,0.0,0.0,0.0,4.0,6.0,2.0,0.0,0.0,2.0,0.0,2.0,0.0,0.0,0.0,0.0,0.0,0.0,0.0,0.0,0.0,0.0,0.0,0.0,0.0,0.0,9.0,4.0,0.0,0.0,False,
INE939X01013,MANBA,MANBA FINANCE,Finance,False,,,0,15,10.0,2,13,28,MONITOR,,↓20,False,False,0%,LATE_CYCLE,CAUTION,FINANCIALS,0.0,0.039,0.0,FIN_INCLUSION,10.0,-4.0,PAPER_PROFIT|DE_ROCE_STRESS,1.0,0.0,9.0,2.0,,,1.0,Fresh,₹111 – ₹115,₹107 (−5.2%),,,17.8,8,True,2026-06-05 12:45:05,0.0,0.0,GATE,4.0,0.0,0.0,4.0,6.0,0.0,4.0,4.0,2.0,2.0,0.0,0.0,0.0,0.0,0.0,0.0,0.0,1.0,0.0,0.0,0.0,0.0,0.0,0.0,0.0,9.0,4.0,0.0,0.0,False,17.0
INE19QH01010,SPUNWEB,SPUNWEB NONWOVEN,Textiles & Apparels,False,,,1,0,10.0,6,13,28,MONITOR,,─,False,False,0%,LATE_CYCLE,CAUTION,OTHER,0.0,0.0088,0.0,PLI,3.0,0.0,,4.0,1.0,1.0,0.0,,,1.0,Fresh,,,,,17.8,27,True,2026-06-05 12:45:08,0.0,0.0,0,0.0,0.0,0.0,0.0,0.0,0.0,0.0,0.0,0.0,0.0,0.0,0.0,0.0,0.0,0.0,0.0,0.0,0.0,0.0,0.0,0.0,0.0,3.0,0.0,0.0,9.0,4.0,0.0,0.0,False,
INE00M201021,SWSOLAR,STERLING & WILS.,Construction,False,,,1,3,10.0,0,4,28,MONITOR,,↓7,False,False,0%,TOPPING,CAUTION,OTHER,0.0,0.3044,0.0101,INFRA,4.0,-3.0,PAPER_PROFIT,3.0,1.0,5.0,1.0,,,1.0,Fresh,₹191 – ₹198,₹184 (−5.6%),,,17.8,21,True,2026-06-05 12:45:09,4.0,0.0,0,0.0,0.0,0.0,0.0,0.0,2.0,0.0,0.0,2.0,0.0,0.0,0.0,0.0,0.0,0.0,0.0,0.0,0.0,0.0,0.0,0.0,0.0,0.0,0.0,0.0,0.0,4.0,0.0,0.0,False,46.0
INE616Z01012,YASHO,YASHO INDUSTRIES,Chemicals & Petrochemicals,False,,,0,2,10.0,18,13,28,MONITOR,,↑33,False,False,0%,LATE_CYCLE,CAUTION,OTHER,0.0,0.2398,0.01,PLI,9.0,-3.0,PAPER_PROFIT,1.0,0.0,3.0,0.0,,,1.0,Fresh,"₹2,167 – ₹2,316","₹2,018 (−10.0%)",,,17.8,33,True,2026-06-05 12:45:09,0.0,0.0,0,0.0,0.0,0.0,0.0,0.0,0.0,4.0,0.0,0.0,0.0,2.0,1.0,3.0,1.0,0.0,0.0,0.0,1.0,1.0,0.0,0.0,0.0,0.0,0.0,0.0,9.0,4.0,0.0,0.0,False,25.0
INE0SQH01013,BIKEWO,BIKEWO GREEN,Automobiles,False,,,1,3,10.0,0,14,28,MONITOR,,↑3,False,False,0%,BASING,CAUTION,OTHER,0.0,0.0098,0.0,PREMIUMISATION,3.0,0.0,,3.0,1.0,6.0,1.0,,,1.0,Fresh,,,,,17.8,30,True,2026-06-05 12:45:16,0.0,0.0,0,0.0,0.0,0.0,0.0,0.0,0.0,0.0,4.0,0.0,0.0,0.0,0.0,0.0,0.0,0.0,0.0,0.0,0.0,0.0,0.0,0.0,0.0,0.0,0.0,0.0,10.0,4.0,0.0,0.0,False,
INE0U4701011,DIGITIDE,DIGITIDE SOLUTIO,IT - Services,False,,,1,2,13.0,16,14,28,WATCHLIST_EXTERNAL,▼ At risk: near MONITOR boundary,↑11,False,False,0% (vol↓),BASING,CAUTION,OTHER,0.0,0.3343,0.2187,DIGITAL,7.0,0.0,,4.0,1.0,5.0,1.0,,,1.0,Fresh,₹86 – ₹89,₹82 (−6.5%),2–8% (12m),❌ 1.1:1,17.8,39,True,2026-06-05 12:45:19,0.0,0.0,0,0.0,0.0,0.0,0.0,0.0,0.0,0.0,0.0,2.0,0.0,0.0,0.0,0.0,0.0,0.0,0.0,0.0,1.0,0.0,2.0,0.0,0.0,3.0,2.0,0.0,10.0,4.0,0.0,0.0,False,17.0
INE13ZD01013,KAYTEX,KAYTEX FABRICS,Textiles & Apparels,False,,,1,0,10.0,6,13,28,MONITOR,,─,False,False,0%,LATE_CYCLE,CAUTION,OTHER,0.0,0.114,0.0,PLI,3.0,0.0,,4.0,1.0,1.0,0.0,,,1.0,Fresh,,,,,17.8,27,True,2026-06-05 12:45:26,0.0,0.0,0,0.0,0.0,0.0,0.0,0.0,0.0,0.0,0.0,0.0,0.0,0.0,0.0,0.0,0.0,0.0,0.0,0.0,0.0,0.0,0.0,0.0,0.0,3.0,0.0,0.0,9.0,4.0,0.0,0.0,False,
INE007N01010,FEDFINA,FEDBANK FINANCI.,Finance,False,,,0,12,10.0,20,13,28,MONITOR,,↓20,False,False,0%,LATE_CYCLE,CAUTION,FINANCIALS,0.0,0.0452,0.0535,FIN_INCLUSION,13.0,-4.0,PAPER_PROFIT|DE_ROCE_STRESS,0.0,0.0,8.0,2.0,,,1.0,Fresh,₹154 – ₹160,₹149 (−5.2%),,,17.8,8,True,2026-06-05 12:45:28,0.0,0.0,GATE,4.0,0.0,0.0,4.0,6.0,0.0,0.0,4.0,2.0,0.0,2.0,1.0,3.0,1.0,0.0,0.0,0.0,0.0,1.0,0.0,0.0,2.0,0.0,0.0,0.0,9.0,4.0,0.0,0.0,False,45.0
INE0XUS01012,PSRAJ,P S RAJ STEELS,Industrial Products,False,,,1,3,10.0,6,4,27,MONITOR,,↓4,False,False,0%,TOPPING,CAUTION,OTHER,0.0,0.0006,0.0,nan,3.0,0.0,,4.0,1.0,5.0,1.0,,,1.0,Fresh,,,,,16.6,23,True,2026-06-05 12:45:03,0.0,0.0,0,0.0,0.0,0.0,0.0,0.0,0.0,0.0,4.0,0.0,0.0,0.0,0.0,0.0,0.0,0.0,0.0,0.0,0.0,0.0,0.0,0.0,0.0,3.0,0.0,0.0,0.0,4.0,0.0,0.0,False,
INE0R0J01010,MACOBSTECH,MACOBS TECHNOLO.,Personal Products,False,,,1,3,10.0,0,14,27,MONITOR,,↑3,False,False,0%,BASING,CAUTION,OTHER,0.0,0.0108,0.0,PREMIUMISATION,3.0,0.0,,3.0,1.0,6.0,1.0,,,1.0,Fresh,,,,,16.6,30,True,2026-06-05 12:45:04,0.0,0.0,0,0.0,0.0,0.0,0.0,0.0,0.0,0.0,4.0,0.0,0.0,0.0,0.0,0.0,0.0,0.0,0.0,0.0,0.0,0.0,0.0,0.0,0.0,0.0,0.0,0.0,10.0,4.0,0.0,0.0,False,
INE0X7G01013,MARUSHIKA,MARUSHIKA TECH.,IT - Hardware,False,,,1,0,13.0,0,13,27,MONITOR,,─,False,False,0%,LATE_CYCLE,CAUTION,TECHNOLOGY,0.0,0.2474,0.0,PLI,2.0,0.0,,4.0,1.0,0.0,0.0,,,1.0,Fresh,,,,,16.6,27,False,2026-06-05 12:45:04,0.0,0.0,0,0.0,0.0,0.0,0.0,0.0,0.0,0.0,0.0,0.0,0.0,0.0,0.0,0.0,0.0,0.0,0.0,0.0,0.0,0.0,0.0,0.0,0.0,0.0,0.0,0.0,9.0,4.0,0.0,0.0,False,
INE522D01027,MANAPPURAM,MANAPPURAM FIN.,Finance,False,,,0,10,8.0,28,13,27,MONITOR,,↓20,False,False,0%,LATE_CYCLE,CAUTION,FINANCIALS,1.0,0.9534,0.2194,FIN_INCLUSION,15.0,-3.0,PAPER_PROFIT,2.0,0.0,8.0,2.0,,,1.0,Fresh,₹308 – ₹316,₹299 (−4.1%),,,16.6,7,True,2026-06-05 12:45:05,0.0,0.0,GATE,0.0,0.0,0.0,4.0,0.0,0.0,0.0,4.0,2.0,2.0,2.0,1.0,3.0,1.0,0.0,1.0,1.0,0.0,1.0,0.0,0.0,2.0,0.0,0.0,2.0,9.0,4.0,0.0,0.0,False,31.0
INE0UOY01019,MEDISTEP,MEDISTEP HEALTH.,Personal Products,False,,,1,0,13.0,4,14,27,MONITOR,,↑3,False,False,0%,BASING,CAUTION,OTHER,0.0,0.0072,0.0,PREMIUMISATION,3.0,0.0,,4.0,1.0,1.0,0.0,,,1.0,Fresh,,,,,16.6,30,True,2026-06-05 12:45:05,0.0,0.0,0,0.0,0.0,0.0,0.0,0.0,0.0,0.0,0.0,0.0,0.0,0.0,0.0,0.0,0.0,0.0,0.0,0.0,0.0,0.0,2.0,0.0,0.0,0.0,0.0,0.0,10.0,4.0,0.0,0.0,False,
INE632Q01018,MRIL,MAHENDRA REALTOR,Construction,False,,,1,0,13.0,4,4,27,MONITOR,,↓7,False,False,0%,TOPPING,CAUTION,OTHER,0.0,0.0108,0.0,INFRA,2.0,0.0,,4.0,1.0,1.0,0.0,,,1.0,Fresh,,,,,16.6,20,True,2026-06-05 12:45:06,0.0,0.0,0,0.0,0.0,0.0,0.0,0.0,0.0,0.0,0.0,0.0,0.0,0.0,0.0,0.0,0.0,0.0,0.0,0.0,0.0,0.0,2.0,0.0,0.0,0.0,0.0,0.0,0.0,4.0,0.0,0.0,False,
INE01A001028,STANLEY,STANLEY LIFESTY.,Consumer Durables,False,,,8,1,10.0,0,13,27,MONITOR,▲ Approaching WATCHLIST_EXTERNAL,↑8,False,False,0%,LATE_CYCLE,CAUTION,CONSUMPTION,0.0,0.1523,0.2985,PREMIUMISATION,5.0,0.0,,4.0,1.0,1.0,0.0,,,1.0,Fresh,₹140 – ₹147,₹132 (−7.8%),,,16.6,35,True,2026-06-05 12:45:07,0.0,0.0,0,0.0,4.0,5.0,0.0,0.0,2.0,0.0,0.0,0.0,0.0,0.0,0.0,0.0,0.0,0.0,0.0,0.0,0.0,0.0,0.0,0.0,0.0,0.0,0.0,0.0,9.0,4.0,0.0,0.0,False,67.0
INE01FR01028,STYLEBAAZA,BAAZAR STYLE,Retailing,False,,,0,5,10.0,14,4,27,MONITOR,,─,False,False,0%,TOPPING,CAUTION,OTHER,0.0,0.078,0.0958,PREMIUMISATION,7.0,-1.0,DE_ROCE_STRESS,1.0,0.0,5.0,1.0,,,1.0,Fresh,₹321 – ₹336,₹306 (−7.0%),,,16.6,27,True,2026-06-05 12:45:08,0.0,0.0,0,0.0,0.0,0.0,4.0,0.0,2.0,0.0,0.0,0.0,0.0,2.0,1.0,3.0,0.0,0.0,0.0,0.0,0.0,1.0,0.0,0.0,0.0,0.0,0.0,0.0,0.0,4.0,0.0,0.0,False,
INE241X01014,VOLERCAR,VOLER CAR,Transport Services,False,,,1,0,10.0,0,4,27,MONITOR,,↓11,False,False,0%,TOPPING,CAUTION,OTHER,0.0,0.0002,0.0,INFRA,1.0,0.0,,4.0,1.0,3.0,0.0,,,1.0,Fresh,,,,,16.6,15,True,2026-06-05 12:45:10,0.0,0.0,0,0.0,0.0,0.0,0.0,0.0,0.0,0.0,0.0,0.0,0.0,0.0,0.0,0.0,0.0,0.0,0.0,0.0,0.0,0.0,0.0,0.0,0.0,0.0,0.0,0.0,0.0,4.0,0.0,0.0,False,
INE0J1P01015,RICHA,RICHA INFO,IT - Hardware,False,,,1,0,10.0,6,13,27,MONITOR,,─,False,False,0%,LATE_CYCLE,CAUTION,TECHNOLOGY,0.0,0.003,0.0,PLI,3.0,0.0,,4.0,1.0,0.0,0.0,,,1.0,Fresh,,,,,16.6,27,False,2026-06-05 12:45:12,0.0,0.0,0,0.0,0.0,0.0,0.0,0.0,0.0,0.0,0.0,0.0,0.0,0.0,0.0,0.0,0.0,0.0,0.0,0.0,0.0,0.0,0.0,0.0,0.0,3.0,0.0,0.0,9.0,4.0,0.0,0.0,False,
INE0VZX01015,RNPL,RENOL POLYCHEM,Chemicals & Petrochemicals,False,,,1,0,13.0,10,13,27,MONITOR,,↑5,False,False,0%,LATE_CYCLE,CAUTION,OTHER,0.0,0.0136,0.0,PLI,4.0,0.0,,4.0,1.0,1.0,0.0,,,1.0,Fresh,,,,,16.6,32,True,2026-06-05 12:45:13,0.0,0.0,0,0.0,0.0,0.0,0.0,0.0,0.0,0.0,0.0,0.0,0.0,0.0,0.0,0.0,0.0,0.0,0.0,0.0,0.0,0.0,2.0,0.0,0.0,3.0,0.0,0.0,9.0,4.0,0.0,0.0,False,
INE121A01024,CHOLAFIN,CHOLAMAN.INV.&FN,Finance,False,,,0,14,8.0,0,13,27,MONITOR,,↓20,False,False,0%,LATE_CYCLE,CAUTION,FINANCIALS,1.0,1.0023,0.2986,FIN_INCLUSION,8.0,-3.0,PAPER_PROFIT,2.0,0.0,8.0,2.0,,,1.0,Fresh,"₹1,448 – ₹1,493","₹1,404 (−4.6%)",,,16.6,7,True,2026-06-05 12:45:17,0.0,4.0,GATE,0.0,0.0,0.0,4.0,6.0,0.0,4.0,4.0,2.0,0.0,0.0,0.0,0.0,0.0,0.0,0.0,0.0,0.0,0.0,0.0,0.0,0.0,0.0,0.0,0.0,9.0,4.0,0.0,0.0,False,36.0
INE0X3M01010,BLUEWATER,BLUE WATER,Transport Services,False,,,1,0,10.0,0,4,27,MONITOR,,↓11,False,False,0%,TOPPING,CAUTION,OTHER,0.0,0.013,0.0,INFRA,1.0,0.0,,4.0,1.0,1.0,0.0,,,1.0,Fresh,,,,,16.6,15,True,2026-06-05 12:45:17,0.0,0.0,0,0.0,0.0,0.0,0.0,0.0,0.0,0.0,0.0,0.0,0.0,0.0,0.0,0.0,0.0,0.0,0.0,0.0,0.0,0.0,0.0,0.0,0.0,0.0,0.0,0.0,0.0,4.0,0.0,0.0,False,
INE0R4Z01018,BRACEPORT,BRACE PORT,Transport Services,False,,,1,0,10.0,0,4,27,MONITOR,,↓11,False,False,0%,TOPPING,CAUTION,OTHER,0.0,0.0156,0.0,INFRA,1.0,0.0,,3.0,1.0,1.0,0.0,,,1.0,Fresh,,,,,16.6,15,True,2026-06-05 12:45:18,0.0,0.0,0,0.0,0.0,0.0,0.0,0.0,0.0,0.0,0.0,0.0,0.0,0.0,0.0,0.0,0.0,0.0,0.0,0.0,0.0,0.0,0.0,0.0,0.0,0.0,0.0,0.0,0.0,4.0,0.0,0.0,False,
INE1KEC01023,EPWINDIA,EPW INDIA,IT - Hardware,False,,,1,0,13.0,0,13,27,MONITOR,,─,False,False,0%,LATE_CYCLE,CAUTION,TECHNOLOGY,0.0,0.1626,0.0,PLI,2.0,0.0,,4.0,1.0,0.0,0.0,,,1.0,Fresh,,,,,16.6,27,False,2026-06-05 12:45:19,0.0,0.0,0,0.0,0.0,0.0,0.0,0.0,0.0,0.0,0.0,0.0,0.0,0.0,0.0,0.0,0.0,0.0,0.0,0.0,0.0,0.0,0.0,0.0,0.0,0.0,0.0,0.0,9.0,4.0,0.0,0.0,False,
INE1A6Q01010,ASHWINI,ASHWINI CONTAIN.,Transport Services,False,,,1,0,10.0,0,4,27,MONITOR,,↓11,False,False,0%,TOPPING,CAUTION,OTHER,0.0,0.105,0.0,INFRA,1.0,0.0,,4.0,1.0,0.0,0.0,,,1.0,Fresh,,,,,16.6,15,True,2026-06-05 12:45:21,0.0,0.0,0,0.0,0.0,0.0,0.0,0.0,0.0,0.0,0.0,0.0,0.0,0.0,0.0,0.0,0.0,0.0,0.0,0.0,0.0,0.0,0.0,0.0,0.0,0.0,0.0,0.0,0.0,4.0,0.0,0.0,False,
INE0LAA01017,ASHALOG,ASHAPURA LOGI.,Transport Services,False,,,1,0,10.0,0,4,27,MONITOR,,↓11,False,False,0%,TOPPING,CAUTION,OTHER,0.0,0.0768,0.0,INFRA,1.0,0.0,,3.0,1.0,2.0,0.0,,,1.0,Fresh,,,,,16.6,15,True,2026-06-05 12:45:21,0.0,0.0,0,0.0,0.0,0.0,0.0,0.0,0.0,0.0,0.0,0.0,0.0,0.0,0.0,0.0,0.0,0.0,0.0,0.0,0.0,0.0,0.0,0.0,0.0,0.0,0.0,0.0,0.0,4.0,0.0,0.0,False,
INE0P8X01016,AGARWALTUF,AGARWAL TOUGHENE,Industrial Products,False,,,1,3,10.0,6,4,27,MONITOR,,↓4,False,False,0%,TOPPING,CAUTION,OTHER,0.0,0.057,0.0,nan,3.0,0.0,,4.0,1.0,6.0,1.0,,,1.0,Fresh,,,,,16.6,23,True,2026-06-05 12:45:23,0.0,0.0,0,0.0,0.0,0.0,0.0,0.0,0.0,0.0,4.0,0.0,0.0,0.0,0.0,0.0,0.0,0.0,0.0,0.0,0.0,0.0,0.0,0.0,0.0,3.0,0.0,0.0,0.0,4.0,0.0,0.0,False,
INE703H01016,HUBTOWN,HUBTOWN,Realty,False,,,0,8,10.0,12,4,27,MONITOR,,─,False,False,0%,CORRECTION,CAUTION,OTHER,0.0,0.1136,0.0,INFRA,8.0,-3.0,PAPER_PROFIT,0.0,0.0,7.0,2.0,,,1.0,Fresh,₹203 – ₹208,₹197 (−4.2%),,,16.6,29,True,2026-06-05 12:45:25,0.0,0.0,0,0.0,0.0,0.0,4.0,0.0,0.0,0.0,4.0,2.0,0.0,0.0,1.0,3.0,0.0,0.0,0.0,0.0,1.0,1.0,0.0,0.0,0.0,0.0,0.0,0.0,0.0,4.0,0.0,0.0,False,17.0
INE718I01012,JSWCEMENT,JSW CEMENT,Cement & Cement Products,False,,,0,6,10.0,10,4,27,MONITOR,,─,False,False,0%,TOPPING,CAUTION,OTHER,0.0,0.2562,0.1608,INFRA,6.0,0.0,,0.0,0.0,9.0,2.0,,,1.0,Fresh,₹126 – ₹131,₹121 (−6.2%),,,16.6,27,False,2026-06-05 12:45:26,0.0,0.0,0,0.0,0.0,0.0,0.0,0.0,2.0,0.0,4.0,0.0,0.0,2.0,0.0,0.0,0.0,0.0,0.0,1.0,0.0,0.0,0.0,0.0,2.0,0.0,0.0,0.0,0.0,4.0,0.0,0.0,False,
INE053F01010,IRFC,I R F C,Finance,False,,,0,1,13.0,8,13,27,MONITOR,,↓20,False,False,0%,LATE_CYCLE,CAUTION,FINANCIALS,0.0,0.0508,0.0054,FIN_INCLUSION,6.0,-6.0,PAPER_PROFIT|DE_ROCE_STRESS|EARN_QUALITY,2.0,0.0,1.0,0.0,,,1.0,Fresh,₹95 – ₹97,₹93 (−2.7%),,,16.6,7,True,2026-06-05 12:45:27,0.0,2.0,GATE,0.0,0.0,0.0,0.0,0.0,2.0,0.0,0.0,0.0,0.0,0.0,0.0,0.0,0.0,0.0,0.0,0.0,0.0,0.0,2.0,2.0,0.0,0.0,0.0,0.0,9.0,4.0,0.0,0.0,False,
INE306R01017,INTELLECT,INTELLECT DESIGN,IT - Software,False,,,16,1,8.0,6,14,27,WATCHLIST_EXTERNAL,,↑18,False,False,1–2% (vol↓),BASING,CAUTION,OTHER,1.0,1.0573,0.1292,DIGITAL,9.0,0.0,,5.0,2.0,3.0,0.0,,,1.0,Fresh,₹733 – ₹756,₹710 (−4.7%),2–8% (12m),⚠ 1.5:1,16.6,46,True,2026-06-05 12:45:27,4.0,0.0,0,4.0,4.0,5.0,0.0,0.0,2.0,0.0,0.0,0.0,0.0,0.0,0.0,0.0,0.0,0.0,0.0,0.0,1.0,0.0,0.0,0.0,2.0,0.0,0.0,0.0,10.0,4.0,0.0,0.0,False,27.0
INE1AE401014,JAYESH,JAYESH LOGISTICS,Transport Services,False,,,1,0,10.0,0,4,27,MONITOR,,↓11,False,False,0%,TOPPING,CAUTION,OTHER,0.0,0.0956,0.0,INFRA,1.0,0.0,,4.0,1.0,1.0,0.0,,,1.0,Fresh,,,,,16.6,15,True,2026-06-05 12:45:27,0.0,0.0,0,0.0,0.0,0.0,0.0,0.0,0.0,0.0,0.0,0.0,0.0,0.0,0.0,0.0,0.0,0.0,0.0,0.0,0.0,0.0,0.0,0.0,0.0,0.0,0.0,0.0,0.0,4.0,0.0,0.0,False,
INE1AII01014,IWARE,IWARE SUPPLYCH.,Transport Services,False,,,1,0,10.0,0,4,27,MONITOR,,↓11,False,False,0%,TOPPING,CAUTION,OTHER,0.0,0.0,0.0,INFRA,1.0,0.0,,4.0,1.0,1.0,0.0,,,1.0,Fresh,,,,,16.6,15,True,2026-06-05 12:45:28,0.0,0.0,0,0.0,0.0,0.0,0.0,0.0,0.0,0.0,0.0,0.0,0.0,0.0,0.0,0.0,0.0,0.0,0.0,0.0,0.0,0.0,0.0,0.0,0.0,0.0,0.0,0.0,0.0,4.0,0.0,0.0,False,
INE0VCK01011,FLYSBS,FLYSBS AVIATION,Transport Services,False,,,1,0,10.0,0,4,27,MONITOR,,↓11,False,False,0%,TOPPING,CAUTION,OTHER,0.0,0.3146,0.0,INFRA,1.0,0.0,,4.0,1.0,1.0,0.0,,,1.0,Fresh,,,,,16.6,15,True,2026-06-05 12:45:29,0.0,0.0,0,0.0,0.0,0.0,0.0,0.0,0.0,0.0,0.0,0.0,0.0,0.0,0.0,0.0,0.0,0.0,0.0,0.0,0.0,0.0,0.0,0.0,0.0,0.0,0.0,0.0,0.0,4.0,0.0,0.0,False,
INE586G01017,GULFPETRO,GP PETROLEUMS,Petroleum Products,False,,,3,0,13.0,10,13,27,MONITOR,▲ Approaching WATCHLIST_EXTERNAL,↑36,False,False,0%,LATE_CYCLE,CAUTION,OTHER,0.0,0.375,0.0,nan,7.0,-3.0,PAPER_PROFIT,2.0,0.0,3.0,0.0,,,1.0,Fresh,₹41 – ₹43,₹39 (−6.9%),,,16.6,36,True,2026-06-05 12:45:30,0.0,0.0,0,4.0,4.0,0.0,0.0,0.0,0.0,0.0,0.0,0.0,0.0,2.0,0.0,0.0,0.0,1.0,0.0,0.0,0.0,0.0,2.0,0.0,0.0,0.0,0.0,0.0,9.0,4.0,0.0,0.0,False,
INE0I0M01023,PRABHA,PRABHA ENERGY,Oil,False,,,4,7,13.0,4,13,26,WATCHLIST_EXTERNAL,,↑16,False,False,1–2% (vol↓),LATE_CYCLE,CAUTION,OTHER,0.0,0.0328,0.0002,nan,7.0,-3.0,PAPER_PROFIT,3.0,1.0,8.0,2.0,,,1.0,Fresh,₹159 – ₹165,₹154 (−5.3%),2–8% (12m),❌ 1.3:1,15.1,44,True,2026-06-05 12:45:02,0.0,0.0,0,4.0,4.0,0.0,0.0,0.0,0.0,4.0,4.0,0.0,0.0,0.0,0.0,0.0,0.0,0.0,0.0,0.0,0.0,0.0,2.0,0.0,0.0,0.0,0.0,0.0,9.0,4.0,0.0,0.0,False,31.0
INE722B01019,PRAVEG,NAN,nan,False,,,1,0,10.0,0,4,26,MONITOR,,↓11,False,False,0%,,CAUTION,OTHER,0.0,0.0,0.0,nan,1.0,0.0,,4.0,1.0,0.0,0.0,,,1.0,Fresh,₹224 – ₹239,₹209 (−9.8%),,,15.1,15,True,2026-06-05 12:45:02,0.0,0.0,0,0.0,0.0,0.0,0.0,0.0,0.0,0.0,0.0,0.0,0.0,0.0,0.0,0.0,0.0,0.0,0.0,0.0,0.0,0.0,0.0,0.0,0.0,0.0,0.0,0.0,0.0,4.0,0.0,0.0,False,
INE154801018,PUSHPA,PUSHPA JEWELLERS,Consumer Durables,False,,,1,0,13.0,14,13,26,MONITOR,,↑8,False,False,0%,LATE_CYCLE,CAUTION,CONSUMPTION,0.0,0.0632,0.0,PREMIUMISATION,5.0,0.0,,4.0,1.0,1.0,0.0,,,1.0,Fresh,,,,,15.1,34,True,2026-06-05 12:45:03,0.0,0.0,0,0.0,0.0,0.0,0.0,0.0,0.0,0.0,0.0,0.0,0.0,0.0,0.0,0.0,0.0,0.0,0.0,0.0,0.0,0.0,2.0,0.0,0.0,3.0,2.0,0.0,9.0,4.0,0.0,0.0,False,
INE0VDM01015,MEESHO,MEESHO,Retailing,False,,,4,1,8.0,12,4,26,MONITOR,,─,False,False,0%,TOPPING,CAUTION,OTHER,1.0,1.5177,0.0963,PREMIUMISATION,8.0,-3.0,PAPER_PROFIT,4.0,1.0,2.0,0.0,,,1.0,Fresh,₹172 – ₹179,₹164 (−6.6%),,,15.1,26,True,2026-06-05 12:45:05,0.0,0.0,0,4.0,4.0,0.0,0.0,0.0,2.0,0.0,0.0,0.0,0.0,2.0,0.0,0.0,0.0,0.0,0.0,1.0,0.0,1.0,0.0,0.0,2.0,0.0,0.0,0.0,0.0,4.0,0.0,0.0,False,40.0
INE672B01032,MUNJALAU,MUNJAL AUTO INDS,Auto Components,False,,,7,3,10.0,16,14,26,WATCHLIST_EXTERNAL,,↑21,False,False,1–2% (vol↓),BASING,CAUTION,OTHER,0.0,0.0166,0.0004,PLI,11.0,0.0,,2.0,0.0,4.0,1.0,,,1.0,Fresh,₹85 – ₹89,₹82 (−6.1%),2–8% (12m),❌ 1.1:1,15.1,46,True,2026-06-05 12:45:05,0.0,0.0,0,0.0,4.0,5.0,0.0,0.0,2.0,0.0,0.0,2.0,0.0,2.0,1.0,3.0,0.0,1.0,0.0,0.0,1.0,0.0,0.0,0.0,0.0,0.0,0.0,0.0,10.0,4.0,0.0,0.0,False,8.0
INE16VK01010,TSC,TSC INDIA,Leisure Services,False,,,1,3,13.0,4,13,26,MONITOR,,↑8,False,False,0%,LATE_CYCLE,CAUTION,OTHER,0.0,0.0058,0.0,PREMIUMISATION,4.0,0.0,,4.0,1.0,6.0,1.0,,,1.0,Fresh,,,,,15.1,34,True,2026-06-05 12:45:07,0.0,0.0,0,0.0,0.0,0.0,0.0,0.0,0.0,0.0,4.0,0.0,0.0,0.0,0.0,0.0,0.0,0.0,0.0,0.0,0.0,0.0,2.0,0.0,0.0,0.0,0.0,0.0,9.0,4.0,0.0,0.0,False,
INE765D01022,WPIL,NAN,nan,False,,,1,0,10.0,0,4,26,MONITOR,,↓16,False,False,0%,,CAUTION,OTHER,0.0,0.0,0.0,nan,1.0,0.0,,4.0,1.0,1.0,0.0,,,1.0,Fresh,₹419 – ₹442,₹397 (−7.8%),,,15.1,15,True,2026-06-05 12:45:09,0.0,0.0,0,0.0,0.0,0.0,0.0,0.0,0.0,0.0,0.0,0.0,0.0,0.0,0.0,0.0,0.0,0.0,0.0,0.0,0.0,0.0,0.0,0.0,0.0,0.0,0.0,0.0,0.0,4.0,0.0,0.0,False,50.0
INE0F8901022,VICTORYEV,VICTORY ELE.,Automobiles,False,,,1,0,13.0,0,14,26,MONITOR,,↑3,False,False,0%,BASING,CAUTION,OTHER,0.0,0.0068,0.0,PREMIUMISATION,2.0,0.0,,4.0,1.0,0.0,0.0,,,1.0,Fresh,,,,,15.1,28,True,2026-06-05 12:45:11,0.0,0.0,0,0.0,0.0,0.0,0.0,0.0,0.0,0.0,0.0,0.0,0.0,0.0,0.0,0.0,0.0,0.0,0.0,0.0,0.0,0.0,0.0,0.0,0.0,0.0,0.0,0.0,10.0,4.0,0.0,0.0,False,
INE1SY401010,RAYMONDREL,RAYMOND REALTY,Realty,False,,,1,5,10.0,12,4,26,MONITOR,,─,False,False,0%,CORRECTION,CAUTION,OTHER,0.0,0.3408,0.021,INFRA,6.0,0.0,,4.0,1.0,6.0,1.0,,,1.0,Fresh,₹580 – ₹608,₹552 (−7.2%),,,15.1,28,True,2026-06-05 12:45:13,0.0,0.0,0,0.0,0.0,0.0,0.0,0.0,0.0,0.0,4.0,0.0,2.0,2.0,0.0,0.0,0.0,0.0,0.0,0.0,1.0,0.0,0.0,0.0,0.0,3.0,0.0,0.0,0.0,4.0,0.0,0.0,False,30.0
INE440T01028,SEIL,NAN,nan,False,,,1,0,10.0,0,4,26,MONITOR,,↓11,False,False,0%,,CAUTION,OTHER,0.0,0.0,0.0,nan,1.0,0.0,,4.0,1.0,0.0,0.0,,,1.0,Fresh,₹181 – ₹189,₹172 (−6.9%),,,15.1,15,True,2026-06-05 12:45:15,0.0,0.0,0,0.0,0.0,0.0,0.0,0.0,0.0,0.0,0.0,0.0,0.0,0.0,0.0,0.0,0.0,0.0,0.0,0.0,0.0,0.0,0.0,0.0,0.0,0.0,0.0,0.0,0.0,4.0,0.0,0.0,False,
INE819A01049,COMFINTE,NAN,nan,False,,,1,0,10.0,0,4,26,MONITOR,,↓11,False,False,0%,,CAUTION,OTHER,0.0,0.0,0.0,nan,1.0,0.0,,4.0,1.0,0.0,0.0,,,1.0,Fresh,₹6 – ₹6,₹5 (−10.5%),,,15.1,15,True,2026-06-05 12:45:15,0.0,0.0,0,0.0,0.0,0.0,0.0,0.0,0.0,0.0,0.0,0.0,0.0,0.0,0.0,0.0,0.0,0.0,0.0,0.0,0.0,0.0,0.0,0.0,0.0,0.0,0.0,0.0,0.0,4.0,0.0,0.0,False,
INE491A01021,CUB,CITY UNION BANK,Banks,False,,,2,7,8.0,12,13,26,WATCHLIST_EXTERNAL,▼ At risk: near MONITOR boundary,↑11,False,False,0–1%,LATE_CYCLE,CAUTION,FINANCIALS,1.0,0.9562,0.6364,FIN_INCLUSION,8.0,0.0,,5.0,2.0,8.0,2.0,,,1.0,Fresh,₹246 – ₹252,₹241 (−3.4%),2–8% (12m),✅ 2.1:1,15.1,39,True,2026-06-05 12:45:16,0.0,0.0,0,0.0,0.0,0.0,0.0,0.0,2.0,0.0,4.0,2.0,0.0,0.0,1.0,3.0,0.0,0.0,0.0,0.0,0.0,0.0,0.0,0.0,2.0,0.0,0.0,0.0,9.0,4.0,0.0,0.0,False,39.0
INE0U1T01012,CHETANA,CHETANA EDUCA.,Printing & Publication,False,,,1,3,13.0,6,4,26,MONITOR,,─,False,False,0%,TOPPING,CAUTION,OTHER,0.0,0.0456,0.0,nan,4.0,0.0,,4.0,1.0,6.0,1.0,,,1.0,Fresh,,,,,15.1,26,False,2026-06-05 12:45:17,0.0,0.0,0,0.0,0.0,0.0,0.0,0.0,0.0,0.0,4.0,0.0,0.0,0.0,0.0,0.0,0.0,0.0,0.0,0.0,0.0,1.0,2.0,0.0,0.0,0.0,0.0,0.0,0.0,4.0,0.0,0.0,False,
INE304W01038,BLUESTONE,BLUESTONE JEWEL,Consumer Durables,False,,,0,8,10.0,6,13,26,MONITOR,,↑9,False,False,0%,LATE_CYCLE,CAUTION,CONSUMPTION,0.0,0.7954,0.1198,PREMIUMISATION,7.0,-4.0,PAPER_PROFIT|DE_ROCE_STRESS,0.0,0.0,9.0,2.0,,,1.0,Fresh,₹500 – ₹516,₹484 (−4.8%),,,15.1,34,True,2026-06-05 12:45:17,0.0,0.0,0,0.0,0.0,0.0,4.0,0.0,0.0,0.0,4.0,2.0,0.0,0.0,0.0,0.0,0.0,0.0,0.0,0.0,0.0,1.0,0.0,0.0,2.0,0.0,0.0,0.0,9.0,4.0,0.0,0.0,False,41.0
INE669R01026,ELITECON,NAN,nan,False,,,1,0,10.0,0,4,26,MONITOR,,↓11,False,False,0%,,CAUTION,OTHER,0.0,0.0,0.0,nan,1.0,0.0,,4.0,1.0,0.0,0.0,,,1.0,Fresh,₹30 – ₹32,₹28 (−8.8%),,,15.1,15,True,2026-06-05 12:45:18,0.0,0.0,0,0.0,0.0,0.0,0.0,0.0,0.0,0.0,0.0,0.0,0.0,0.0,0.0,0.0,0.0,0.0,0.0,0.0,0.0,0.0,0.0,0.0,0.0,0.0,0.0,0.0,0.0,4.0,0.0,0.0,False,50.0
INE05TO01019,AMIRCHAND,NAN,nan,False,,,1,0,10.0,0,4,26,MONITOR,,↓11,False,False,0%,,CAUTION,OTHER,0.0,0.1402,0.0,nan,1.0,0.0,,4.0,1.0,1.0,0.0,,,1.0,Fresh,₹121 – ₹125,₹118 (−4.0%),,,15.1,15,True,2026-06-05 12:45:21,0.0,0.0,0,0.0,0.0,0.0,0.0,0.0,0.0,0.0,0.0,0.0,0.0,0.0,0.0,0.0,0.0,0.0,0.0,0.0,0.0,0.0,0.0,0.0,0.0,0.0,0.0,0.0,0.0,4.0,0.0,0.0,False,50.0
INE216P01012,AAVAS,AAVAS FINANCIERS,Finance,False,,,1,12,8.0,4,13,26,MONITOR,,↓20,False,False,0%,LATE_CYCLE,CAUTION,FINANCIALS,1.0,0.6681,0.3385,FIN_INCLUSION,9.0,-4.0,PAPER_PROFIT|DE_ROCE_STRESS,0.0,0.0,8.0,2.0,,,1.0,Fresh,"₹1,293 – ₹1,331","₹1,256 (−4.3%)",,,15.1,6,True,2026-06-05 12:45:23,0.0,2.0,GATE,4.0,0.0,0.0,4.0,6.0,0.0,0.0,4.0,2.0,0.0,0.0,0.0,0.0,0.0,0.0,0.0,0.0,0.0,0.0,0.0,0.0,2.0,0.0,0.0,0.0,9.0,4.0,0.0,0.0,False,39.0
INE0PT501018,PLATIND,PLATINUM INDUSTR,Chemicals & Petrochemicals,False,,,1,3,10.0,2,13,25,MONITOR,,↑5,False,False,0%,LATE_CYCLE,CAUTION,OTHER,0.0,0.0796,0.0,PLI,4.0,0.0,,4.0,1.0,6.0,1.0,,,1.0,Fresh,₹216 – ₹222,₹209 (−4.6%),,,13.9,30,True,2026-06-05 12:45:02,0.0,0.0,0,0.0,0.0,0.0,0.0,0.0,0.0,0.0,4.0,0.0,0.0,0.0,0.0,0.0,0.0,0.0,0.0,0.0,1.0,0.0,0.0,0.0,0.0,0.0,0.0,0.0,9.0,4.0,0.0,0.0,False,30.0
INE15B701018,PINELABS,PINE LABS,Financial Technology (Fintech),False,,,0,2,8.0,8,13,25,MONITOR,,─,False,False,0%,LATE_CYCLE,CAUTION,FINANCIALS,1.0,1.614,0.1733,"DIGITAL,FIN_INCLUSION",6.0,-3.0,PAPER_PROFIT,1.0,0.0,4.0,1.0,,,1.0,Fresh,₹139 – ₹147,₹132 (−7.8%),,,13.9,25,False,2026-06-05 12:45:03,0.0,0.0,0,0.0,0.0,0.0,0.0,0.0,2.0,0.0,0.0,0.0,0.0,0.0,0.0,0.0,0.0,1.0,0.0,1.0,0.0,0.0,0.0,0.0,2.0,0.0,0.0,0.0,9.0,4.0,0.0,0.0,False,
INE08NZ01012,NAMOEWASTE,NAMO EWASTE,Other Utilities,False,,,1,3,10.0,0,4,25,MONITOR,,↓10,False,False,0%,TOPPING,CAUTION,OTHER,0.0,0.031,0.0,"POWER,WATER",2.0,-2.0,EARN_QUALITY,3.0,1.0,5.0,1.0,,,1.0,Fresh,,,,,13.9,18,True,2026-06-05 12:45:06,0.0,0.0,0,0.0,0.0,0.0,0.0,0.0,0.0,0.0,4.0,0.0,0.0,0.0,0.0,0.0,0.0,0.0,0.0,0.0,0.0,0.0,0.0,0.0,0.0,0.0,0.0,0.0,0.0,4.0,0.0,0.0,False,
INE0RFP01011,SSEGL,SATHLOKHAR SYS.,Construction,False,,,1,0,10.0,6,4,25,MONITOR,,↓7,False,False,0%,TOPPING,CAUTION,OTHER,0.0,0.0247,0.0012,INFRA,2.0,0.0,,4.0,1.0,1.0,0.0,,,1.0,Fresh,,,,,13.9,18,True,2026-06-05 12:45:08,0.0,0.0,0,0.0,0.0,0.0,0.0,0.0,0.0,0.0,0.0,0.0,0.0,0.0,0.0,0.0,0.0,0.0,0.0,0.0,0.0,0.0,0.0,0.0,0.0,3.0,0.0,0.0,0.0,4.0,0.0,0.0,False,
INE0QXL01015,VLINFRA,V.L.INFRAPROJECT,Construction,False,,,1,0,10.0,6,4,25,MONITOR,,↓7,False,False,0%,TOPPING,CAUTION,OTHER,0.0,0.044,0.0,INFRA,2.0,0.0,,4.0,1.0,0.0,0.0,,,1.0,Fresh,,,,,13.9,18,True,2026-06-05 12:45:10,0.0,0.0,0,0.0,0.0,0.0,0.0,0.0,0.0,0.0,0.0,0.0,0.0,0.0,0.0,0.0,0.0,0.0,0.0,0.0,0.0,0.0,0.0,0.0,0.0,3.0,0.0,0.0,0.0,4.0,0.0,0.0,False,
INE0E7301029,WAKEFIT,WAKEFIT INNOVATI,Consumer Durables,False,,,4,1,10.0,6,13,25,MONITOR,,↑8,False,False,0%,LATE_CYCLE,CAUTION,CONSUMPTION,0.0,0.6759,0.266,PREMIUMISATION,6.0,0.0,,3.0,1.0,1.0,0.0,,,1.0,Fresh,₹113 – ₹120,₹106 (−9.0%),,,13.9,33,True,2026-06-05 12:45:10,0.0,0.0,0,0.0,4.0,0.0,0.0,0.0,2.0,0.0,0.0,0.0,0.0,0.0,0.0,0.0,0.0,0.0,0.0,0.0,1.0,0.0,0.0,0.0,2.0,0.0,0.0,0.0,9.0,4.0,0.0,0.0,False,14.0
INE0QX901013,RAPIDFLEET,RAPID FLEET,Transport Services,False,,,1,0,10.0,0,4,25,MONITOR,,↓11,False,False,0%,TOPPING,CAUTION,OTHER,0.0,0.0004,0.0,INFRA,1.0,-2.0,EARN_QUALITY,4.0,1.0,0.0,0.0,,,1.0,Fresh,,,,,13.9,13,True,2026-06-05 12:45:13,0.0,0.0,0,0.0,0.0,0.0,0.0,0.0,0.0,0.0,0.0,0.0,0.0,0.0,0.0,0.0,0.0,0.0,0.0,0.0,0.0,0.0,0.0,0.0,0.0,0.0,0.0,0.0,0.0,4.0,0.0,0.0,False,
INE149A01033,CHOLAHLDNG,CHOLA FINANCIAL,Finance,False,,,1,9,8.0,6,13,25,MONITOR,,↓20,False,False,0%,LATE_CYCLE,CAUTION,FINANCIALS,1.0,0.568,0.4724,FIN_INCLUSION,9.0,-4.0,PAPER_PROFIT|DE_ROCE_STRESS,1.0,0.0,4.0,1.0,,,1.0,Fresh,"₹1,431 – ₹1,482","₹1,380 (−5.2%)",,,13.9,5,True,2026-06-05 12:45:17,0.0,2.0,GATE,4.0,0.0,0.0,4.0,6.0,0.0,0.0,0.0,2.0,0.0,0.0,0.0,0.0,0.0,0.0,0.0,0.0,1.0,0.0,0.0,0.0,2.0,0.0,0.0,0.0,9.0,4.0,0.0,0.0,False,27.0
INE0S7C01019,DECCANTRAN,DECCAN TRANSCON,Transport Services,False,,,1,0,10.0,0,4,25,MONITOR,,↓11,False,False,0%,TOPPING,CAUTION,OTHER,0.0,0.0964,0.0,INFRA,1.0,-2.0,EARN_QUALITY,3.0,1.0,0.0,0.0,,,1.0,Fresh,,,,,13.9,13,True,2026-06-05 12:45:19,0.0,0.0,0,0.0,0.0,0.0,0.0,0.0,0.0,0.0,0.0,0.0,0.0,0.0,0.0,0.0,0.0,0.0,0.0,0.0,0.0,0.0,0.0,0.0,0.0,0.0,0.0,0.0,0.0,4.0,0.0,0.0,False,
INE1CRQ01014,CURRENT,CURRENT INFRA.,Construction,False,,,1,0,10.0,6,4,25,MONITOR,,↓7,False,False,0%,TOPPING,CAUTION,OTHER,0.0,0.1594,0.0,INFRA,2.0,0.0,,4.0,1.0,1.0,0.0,,,1.0,Fresh,,,,,13.9,18,True,2026-06-05 12:45:20,0.0,0.0,0,0.0,0.0,0.0,0.0,0.0,0.0,0.0,0.0,0.0,0.0,0.0,0.0,0.0,0.0,0.0,0.0,0.0,0.0,0.0,0.0,0.0,0.0,3.0,0.0,0.0,0.0,4.0,0.0,0.0,False,
INE1GYP01013,AAKAAR,AAKAAR MEDICAL,Personal Products,False,,,1,0,10.0,6,14,25,MONITOR,,↑3,False,False,0%,BASING,CAUTION,OTHER,0.0,0.0156,0.0,PREMIUMISATION,3.0,0.0,,4.0,1.0,1.0,0.0,,,1.0,Fresh,,,,,13.9,28,True,2026-06-05 12:45:23,0.0,0.0,0,0.0,0.0,0.0,0.0,0.0,0.0,0.0,0.0,0.0,0.0,0.0,0.0,0.0,0.0,0.0,0.0,0.0,0.0,0.0,0.0,0.0,0.0,3.0,0.0,0.0,10.0,4.0,0.0,0.0,False,
INE0PQ601019,BALAJIPHOS,BALAJI PHOS.,Fertilizers & Agrochemicals,False,,,1,3,13.0,4,4,25,MONITOR,,─,False,False,0%,TOPPING,CAUTION,OTHER,0.0,0.1436,0.0,AGRI,3.0,0.0,,4.0,1.0,6.0,1.0,,,1.0,Fresh,,,,,13.9,25,True,2026-06-05 12:45:24,0.0,0.0,0,0.0,0.0,0.0,0.0,0.0,0.0,0.0,4.0,0.0,0.0,0.0,0.0,0.0,0.0,0.0,0.0,0.0,0.0,0.0,2.0,0.0,0.0,0.0,0.0,0.0,0.0,4.0,0.0,0.0,False,
INE0KQN01018,BAJEL,BAJEL PROJECTS,Electrical Equipment,False,,,1,1,13.0,14,4,25,MONITOR,,↑3,False,False,0%,TOPPING,CAUTION,OTHER,0.0,0.0415,0.1876,"CAPEX_SUPERCYCLE,POWER",6.0,0.0,,3.0,1.0,2.0,0.0,,,1.0,Fresh,₹196 – ₹204,₹188 (−6.0%),,,13.9,27,True,2026-06-05 12:45:24,0.0,0.0,0,0.0,0.0,0.0,0.0,0.0,2.0,0.0,0.0,0.0,0.0,2.0,0.0,0.0,0.0,0.0,0.0,0.0,1.0,0.0,2.0,0.0,2.0,0.0,0.0,0.0,0.0,4.0,0.0,0.0,False,8.0
INE337M01021,INDOTHAI,INDO THAI SEC.,Capital Markets,False,,,3,11,10.0,10,4,25,WATCHLIST_EXTERNAL,▼ At risk: near MONITOR boundary,↑10,False,False,0% (vol↓),TOPPING,CAUTION,FINANCIALS,0.0,0.0524,0.0,FIN_INCLUSION,10.0,-3.0,PAPER_PROFIT,2.0,0.0,10.0,3.0,,,1.0,Fresh,₹220 – ₹234,₹205 (−9.7%),2–8% (12m),❌ 0.7:1,13.9,39,True,2026-06-05 12:45:25,0.0,0.0,0,4.0,4.0,0.0,4.0,0.0,0.0,0.0,4.0,2.0,2.0,0.0,1.0,3.0,0.0,0.0,0.0,0.0,0.0,1.0,0.0,0.0,0.0,0.0,0.0,0.0,0.0,4.0,0.0,0.0,False,
INE0YSH01017,INTEGRITY,INTEGRITY INFRA.,Construction,False,,,1,3,10.0,0,4,25,MONITOR,,↓7,False,False,0%,TOPPING,CAUTION,OTHER,0.0,0.0,0.0,INFRA,2.0,-2.0,EARN_QUALITY,3.0,1.0,5.0,1.0,,,1.0,Fresh,,,,,13.9,18,True,2026-06-05 12:45:27,0.0,0.0,0,0.0,0.0,0.0,0.0,0.0,0.0,0.0,4.0,0.0,0.0,0.0,0.0,0.0,0.0,0.0,0.0,0.0,0.0,0.0,0.0,0.0,0.0,0.0,0.0,0.0,0.0,4.0,0.0,0.0,False,
INE0VHU01019,RAJPUTANA,RAJPUTANA BIO.,Chemicals & Petrochemicals,False,,,1,3,10.0,0,13,24,MONITOR,,↑6,False,False,0%,LATE_CYCLE,CAUTION,OTHER,0.0,0.0038,0.0,PLI,3.0,0.0,,4.0,1.0,6.0,1.0,,,1.0,Fresh,,,,,12.3,29,True,2026-06-05 12:45:01,0.0,0.0,0,0.0,0.0,0.0,0.0,0.0,0.0,0.0,4.0,0.0,0.0,0.0,0.0,0.0,0.0,0.0,0.0,0.0,0.0,0.0,0.0,0.0,0.0,0.0,0.0,0.0,9.0,4.0,0.0,0.0,False,
INE104101014,NRVANDANA,N R VANDANA,Textiles & Apparels,False,,,1,0,10.0,0,13,24,MONITOR,,─,False,False,0%,LATE_CYCLE,CAUTION,OTHER,0.0,0.0002,0.0,PLI,2.0,0.0,,4.0,1.0,1.0,0.0,,,1.0,Fresh,,,,,12.3,24,True,2026-06-05 12:45:01,0.0,0.0,0,0.0,0.0,0.0,0.0,0.0,0.0,0.0,0.0,0.0,0.0,0.0,0.0,0.0,0.0,0.0,0.0,0.0,0.0,0.0,0.0,0.0,0.0,0.0,0.0,0.0,9.0,4.0,0.0,0.0,False,
INE0ONG01011,NTPCGREEN,NTPC GREEN ENE.,Power,False,,,0,7,10.0,10,4,24,MONITOR,,↑4,False,False,0%,TOPPING,CAUTION,OTHER,0.0,0.0662,0.0762,"CAPEX_SUPERCYCLE,POWER",7.0,-1.0,DE_ROCE_STRESS,2.0,0.0,7.0,2.0,,,1.0,Fresh,₹100 – ₹102,₹97 (−3.9%),,,12.3,28,True,2026-06-05 12:45:01,0.0,0.0,0,0.0,0.0,0.0,0.0,0.0,2.0,0.0,4.0,2.0,0.0,2.0,0.0,0.0,0.0,0.0,0.0,0.0,1.0,0.0,0.0,0.0,2.0,0.0,0.0,0.0,0.0,4.0,0.0,0.0,False,17.0
INE531F01023,NUVAMA,NUVAMA WEALTH,Capital Markets,False,,,6,0,13.0,26,4,24,WATCHLIST_EXTERNAL,▼ At risk: near MONITOR boundary,↑10,False,False,0–1%,TOPPING,CAUTION,FINANCIALS,0.0,0.6864,0.1301,FIN_INCLUSION,11.0,-5.0,PAPER_PROFIT|EARN_QUALITY,3.0,1.0,1.0,0.0,,,1.0,Fresh,"₹1,538 – ₹1,579","₹1,496 (−4.0%)",2–8% (12m),⚠ 1.8:1,12.3,38,True,2026-06-05 12:45:01,8.0,4.0,0,0.0,0.0,0.0,0.0,0.0,0.0,0.0,0.0,0.0,0.0,2.0,1.0,3.0,1.0,0.0,1.0,0.0,1.0,0.0,0.0,2.0,0.0,0.0,0.0,2.0,0.0,4.0,0.0,0.0,False,24.0
INE0P5R01014,PURPLEUTED,PURPLE UNITED,Textiles & Apparels,False,,,1,0,10.0,0,13,24,MONITOR,,─,False,False,0%,LATE_CYCLE,CAUTION,OTHER,0.0,0.016,0.0,PLI,2.0,0.0,,3.0,1.0,1.0,0.0,,,1.0,Fresh,,,,,12.3,24,True,2026-06-05 12:45:03,0.0,0.0,0,0.0,0.0,0.0,0.0,0.0,0.0,0.0,0.0,0.0,0.0,0.0,0.0,0.0,0.0,0.0,0.0,0.0,0.0,0.0,0.0,0.0,0.0,0.0,0.0,0.0,9.0,4.0,0.0,0.0,False,
INE0TG801013,PARAMOUNT,PARAMOUNT DYE,Textiles & Apparels,False,,,1,0,10.0,0,13,24,MONITOR,,─,False,False,0%,LATE_CYCLE,CAUTION,OTHER,0.0,0.0412,0.0,PLI,2.0,0.0,,3.0,1.0,1.0,0.0,,,1.0,Fresh,,,,,12.3,24,True,2026-06-05 12:45:03,0.0,0.0,0,0.0,0.0,0.0,0.0,0.0,0.0,0.0,0.0,0.0,0.0,0.0,0.0,0.0,0.0,0.0,0.0,0.0,0.0,0.0,0.0,0.0,0.0,0.0,0.0,0.0,9.0,4.0,0.0,0.0,False,
INE156901014,NEPTUNE,NEPTUNE PET.,Chemicals & Petrochemicals,False,,,1,0,13.0,4,13,24,MONITOR,,↑6,False,False,0%,LATE_CYCLE,CAUTION,OTHER,0.0,0.4946,0.0,PLI,3.0,0.0,,4.0,1.0,0.0,0.0,,,1.0,Fresh,,,,,12.3,29,True,2026-06-05 12:45:06,0.0,0.0,0,0.0,0.0,0.0,0.0,0.0,0.0,0.0,0.0,0.0,0.0,0.0,0.0,0.0,0.0,0.0,0.0,0.0,0.0,0.0,2.0,0.0,0.0,0.0,0.0,0.0,9.0,4.0,0.0,0.0,False,
INE0N1401016,NEELAM,NEELAM LINENS,Textiles & Apparels,False,,,1,0,10.0,0,13,24,MONITOR,,─,False,False,0%,LATE_CYCLE,CAUTION,OTHER,0.0,0.0664,0.0,PLI,2.0,0.0,,3.0,1.0,1.0,0.0,,,1.0,Fresh,,,,,12.3,24,True,2026-06-05 12:45:06,0.0,0.0,0,0.0,0.0,0.0,0.0,0.0,0.0,0.0,0.0,0.0,0.0,0.0,0.0,0.0,0.0,0.0,0.0,0.0,0.0,0.0,0.0,0.0,0.0,0.0,0.0,0.0,9.0,4.0,0.0,0.0,False,
INE0SHE01019,THESL,THINKING HATS,Other Consumer Services,False,,,1,0,10.0,0,13,24,MONITOR,,─,False,False,0%,LATE_CYCLE,CAUTION,OTHER,0.0,0.0048,0.0,nan,2.0,0.0,,4.0,1.0,1.0,0.0,,,1.0,Fresh,,,,,12.3,24,False,2026-06-05 12:45:09,0.0,0.0,0,0.0,0.0,0.0,0.0,0.0,0.0,0.0,0.0,0.0,0.0,0.0,0.0,0.0,0.0,0.0,0.0,0.0,0.0,0.0,0.0,0.0,0.0,0.0,0.0,0.0,9.0,4.0,0.0,0.0,False,
INE0U2N01013,SUNLITE,SUNLITE RECYCLI.,Industrial Products,False,,,1,3,10.0,0,4,24,MONITOR,,↓4,False,False,0%,TOPPING,CAUTION,OTHER,0.0,0.0042,0.0,nan,2.0,0.0,,4.0,1.0,6.0,1.0,,,1.0,Fresh,,,,,12.3,20,True,2026-06-05 12:45:09,0.0,0.0,0,0.0,0.0,0.0,0.0,0.0,0.0,0.0,4.0,0.0,0.0,0.0,0.0,0.0,0.0,0.0,0.0,0.0,0.0,0.0,0.0,0.0,0.0,0.0,0.0,0.0,0.0,4.0,0.0,0.0,False,
INE0OO201011,WOL3D,WOL 3D INDIA,Industrial Products,False,,,1,3,10.0,0,4,24,MONITOR,,↓4,False,False,0%,TOPPING,CAUTION,OTHER,0.0,0.0396,0.0,nan,2.0,0.0,,3.0,1.0,6.0,1.0,,,1.0,Fresh,,,,,12.3,20,True,2026-06-05 12:45:10,0.0,0.0,0,0.0,0.0,0.0,0.0,0.0,0.0,0.0,4.0,0.0,0.0,0.0,0.0,0.0,0.0,0.0,0.0,0.0,0.0,0.0,0.0,0.0,0.0,0.0,0.0,0.0,0.0,4.0,0.0,0.0,False,
INE0X6F01017,SDREAMS,S D RETAIL,Textiles & Apparels,False,,,1,0,10.0,0,13,24,MONITOR,,─,False,False,0%,LATE_CYCLE,CAUTION,OTHER,0.0,0.09,0.0,PLI,2.0,0.0,,3.0,1.0,1.0,0.0,,,1.0,Fresh,,,,,12.3,24,True,2026-06-05 12:45:12,0.0,0.0,0,0.0,0.0,0.0,0.0,0.0,0.0,0.0,0.0,0.0,0.0,0.0,0.0,0.0,0.0,0.0,0.0,0.0,0.0,0.0,0.0,0.0,0.0,0.0,0.0,0.0,9.0,4.0,0.0,0.0,False,
INE0EO401019,ROYALARC,ROYAL ARC ELE.,Industrial Products,False,,,1,0,13.0,4,4,24,MONITOR,,↓4,False,False,0%,TOPPING,CAUTION,OTHER,0.0,0.2376,0.0,nan,2.0,0.0,,4.0,1.0,1.0,0.0,,,1.0,Fresh,,,,,12.3,20,True,2026-06-05 12:45:13,0.0,0.0,0,0.0,0.0,0.0,0.0,0.0,0.0,0.0,0.0,0.0,0.0,0.0,0.0,0.0,0.0,0.0,0.0,0.0,0.0,0.0,2.0,0.0,0.0,0.0,0.0,0.0,0.0,4.0,0.0,0.0,False,
INE0SVO01019,SIDDHICOTS,SIDDHI COTSPIN,Textiles & Apparels,False,,,1,0,10.0,0,13,24,MONITOR,,─,False,False,0%,LATE_CYCLE,CAUTION,OTHER,0.0,0.134,0.0,PLI,2.0,0.0,,4.0,1.0,1.0,0.0,,,1.0,Fresh,,,,,12.3,24,True,2026-06-05 12:45:14,0.0,0.0,0,0.0,0.0,0.0,0.0,0.0,0.0,0.0,0.0,0.0,0.0,0.0,0.0,0.0,0.0,0.0,0.0,0.0,0.0,0.0,0.0,0.0,0.0,0.0,0.0,0.0,9.0,4.0,0.0,0.0,False,
INE1OIC01018,SNEHAA,SNEHAA ORGANICS,Chemicals & Petrochemicals,False,,,1,0,13.0,4,13,24,MONITOR,,↑6,False,False,0%,LATE_CYCLE,CAUTION,OTHER,0.0,0.0116,0.0,PLI,3.0,0.0,,4.0,1.0,1.0,0.0,,,1.0,Fresh,,,,,12.3,29,True,2026-06-05 12:45:15,0.0,0.0,0,0.0,0.0,0.0,0.0,0.0,0.0,0.0,0.0,0.0,0.0,0.0,0.0,0.0,0.0,0.0,0.0,0.0,0.0,0.0,2.0,0.0,0.0,0.0,0.0,0.0,9.0,4.0,0.0,0.0,False,
INE0UQ601012,CLASSICEIL,CLASSIC ELECTROD,Industrial Products,False,,,1,3,10.0,0,4,24,MONITOR,,↓4,False,False,0%,TOPPING,CAUTION,OTHER,0.0,0.2288,0.0,nan,2.0,0.0,,3.0,1.0,6.0,1.0,,,1.0,Fresh,,,,,12.3,20,True,2026-06-05 12:45:16,0.0,0.0,0,0.0,0.0,0.0,0.0,0.0,0.0,0.0,4.0,0.0,0.0,0.0,0.0,0.0,0.0,0.0,0.0,0.0,0.0,0.0,0.0,0.0,0.0,0.0,0.0,0.0,0.0,4.0,0.0,0.0,False,
INE486A01021,CESC,CESC,Power,False,,,0,5,10.0,14,4,24,MONITOR,,↑4,False,False,0%,TOPPING,CAUTION,OTHER,0.0,0.476,0.362,"CAPEX_SUPERCYCLE,POWER",7.0,0.0,,2.0,0.0,6.0,1.0,,,1.0,Fresh,₹178 – ₹183,₹173 (−4.3%),,,12.3,28,True,2026-06-05 12:45:16,0.0,0.0,0,0.0,0.0,0.0,0.0,0.0,2.0,0.0,4.0,0.0,0.0,2.0,1.0,3.0,0.0,0.0,1.0,0.0,0.0,0.0,0.0,0.0,0.0,0.0,0.0,0.0,0.0,4.0,0.0,0.0,False,
INE11J101017,CEDAAR,CEDAAR TEXTILE,Textiles & Apparels,False,,,1,0,10.0,0,13,24,MONITOR,,─,False,False,0%,LATE_CYCLE,CAUTION,OTHER,0.0,0.007,0.0,PLI,2.0,0.0,,4.0,1.0,1.0,0.0,,,1.0,Fresh,,,,,12.3,24,True,2026-06-05 12:45:17,0.0,0.0,0,0.0,0.0,0.0,0.0,0.0,0.0,0.0,0.0,0.0,0.0,0.0,0.0,0.0,0.0,0.0,0.0,0.0,0.0,0.0,0.0,0.0,0.0,0.0,0.0,0.0,9.0,4.0,0.0,0.0,False,
INE0QYI01019,DIVYADHAN,DIVYADHAN RECY.,Textiles & Apparels,False,,,1,0,10.0,0,13,24,MONITOR,,─,False,False,0%,LATE_CYCLE,CAUTION,OTHER,0.0,0.123,0.0,PLI,2.0,0.0,,3.0,1.0,2.0,0.0,,,1.0,Fresh,,,,,12.3,24,True,2026-06-05 12:45:20,0.0,0.0,0,0.0,0.0,0.0,0.0,0.0,0.0,0.0,0.0,0.0,0.0,0.0,0.0,0.0,0.0,0.0,0.0,0.0,0.0,0.0,0.0,0.0,0.0,0.0,0.0,0.0,9.0,4.0,0.0,0.0,False,
INE0TTG01017,ARUNAYA,ARUNAYA ORGANICS,Chemicals & Petrochemicals,False,,,1,0,13.0,4,13,24,MONITOR,,↑6,False,False,0%,LATE_CYCLE,CAUTION,OTHER,0.0,0.0076,0.0,PLI,3.0,0.0,,4.0,1.0,1.0,0.0,,,1.0,Fresh,,,,,12.3,29,True,2026-06-05 12:45:21,0.0,0.0,0,0.0,0.0,0.0,0.0,0.0,0.0,0.0,0.0,0.0,0.0,0.0,0.0,0.0,0.0,0.0,0.0,0.0,0.0,0.0,2.0,0.0,0.0,0.0,0.0,0.0,9.0,4.0,0.0,0.0,False,
INE0WL801011,AERON,AERON COMPOSITES,Industrial Products,False,,,1,3,10.0,0,4,24,MONITOR,,↓4,False,False,0%,TOPPING,CAUTION,OTHER,0.0,0.0438,0.0,nan,2.0,0.0,,3.0,1.0,5.0,1.0,,,1.0,Fresh,,,,,12.3,20,True,2026-06-05 12:45:22,0.0,0.0,0,0.0,0.0,0.0,0.0,0.0,0.0,0.0,4.0,0.0,0.0,0.0,0.0,0.0,0.0,0.0,0.0,0.0,0.0,0.0,0.0,0.0,0.0,0.0,0.0,0.0,0.0,4.0,0.0,0.0,False,
INE0RDH01021,ADDICTIVE,ADDICTIVE LEARN,Other Consumer Services,False,,,1,0,10.0,0,13,24,MONITOR,,─,False,False,0%,LATE_CYCLE,CAUTION,OTHER,0.0,0.0514,0.0,nan,2.0,0.0,,3.0,1.0,2.0,0.0,,,1.0,Fresh,,,,,12.3,24,False,2026-06-05 12:45:22,0.0,0.0,0,0.0,0.0,0.0,0.0,0.0,0.0,0.0,0.0,0.0,0.0,0.0,0.0,0.0,0.0,0.0,0.0,0.0,0.0,0.0,0.0,0.0,0.0,0.0,0.0,0.0,9.0,4.0,0.0,0.0,False,
INE0TFB01017,AVIANSH,AVI ANSH,Textiles & Apparels,False,,,1,0,10.0,0,13,24,MONITOR,,─,False,False,0%,LATE_CYCLE,CAUTION,OTHER,0.0,0.0012,0.0,PLI,2.0,0.0,,3.0,1.0,1.0,0.0,,,1.0,Fresh,,,,,12.3,24,True,2026-06-05 12:45:24,0.0,0.0,0,0.0,0.0,0.0,0.0,0.0,0.0,0.0,0.0,0.0,0.0,0.0,0.0,0.0,0.0,0.0,0.0,0.0,0.0,0.0,0.0,0.0,0.0,0.0,0.0,0.0,9.0,4.0,0.0,0.0,False,
INE15DO01012,KEN,KEN ENTER.,Textiles & Apparels,False,,,1,0,10.0,0,13,24,MONITOR,,─,False,False,0%,LATE_CYCLE,CAUTION,OTHER,0.0,0.3262,0.0,PLI,2.0,0.0,,3.0,1.0,2.0,0.0,,,1.0,Fresh,,,,,12.3,24,True,2026-06-05 12:45:26,0.0,0.0,0,0.0,0.0,0.0,0.0,0.0,0.0,0.0,0.0,0.0,0.0,0.0,0.0,0.0,0.0,0.0,0.0,0.0,0.0,0.0,0.0,0.0,0.0,0.0,0.0,0.0,9.0,4.0,0.0,0.0,False,
INE0DHF01018,IPHL,INDIAN PHOSPHATE,Chemicals & Petrochemicals,False,,,1,3,10.0,0,13,24,MONITOR,,↑6,False,False,0%,LATE_CYCLE,CAUTION,OTHER,0.0,0.1608,0.0,PLI,3.0,0.0,,3.0,1.0,5.0,1.0,,,1.0,Fresh,,,,,12.3,29,True,2026-06-05 12:45:27,0.0,0.0,0,0.0,0.0,0.0,0.0,0.0,0.0,0.0,4.0,0.0,0.0,0.0,0.0,0.0,0.0,0.0,0.0,0.0,0.0,0.0,0.0,0.0,0.0,0.0,0.0,0.0,9.0,4.0,0.0,0.0,False,
INE0SMY01017,JAYBEE,JAY BEE LAMINATI,Industrial Products,False,,,1,0,13.0,4,4,24,MONITOR,,↓4,False,False,0%,TOPPING,CAUTION,OTHER,0.0,0.0494,0.0,nan,2.0,0.0,,4.0,1.0,2.0,0.0,,,1.0,Fresh,,,,,12.3,20,True,2026-06-05 12:45:27,0.0,0.0,0,0.0,0.0,0.0,0.0,0.0,0.0,0.0,0.0,0.0,0.0,0.0,0.0,0.0,0.0,0.0,0.0,0.0,0.0,0.0,2.0,0.0,0.0,0.0,0.0,0.0,0.0,4.0,0.0,0.0,False,
INE09A801015,GML,GALAXY MEDICARE,Healthcare Equipment & Supplies,False,,,1,0,13.0,12,4,24,MONITOR,,─,False,False,0%,TOPPING,CAUTION,OTHER,0.0,0.0092,0.0,HEALTHCARE,4.0,0.0,,4.0,1.0,1.0,0.0,,,1.0,Fresh,,,,,12.3,24,False,2026-06-05 12:45:28,0.0,0.0,0,0.0,0.0,0.0,0.0,0.0,0.0,0.0,0.0,0.0,0.0,0.0,0.0,0.0,0.0,0.0,0.0,0.0,0.0,1.0,2.0,0.0,0.0,3.0,0.0,0.0,0.0,4.0,0.0,0.0,False,
INE0U2501017,FORCAS,FORCAS STUDIO,Textiles & Apparels,False,,,1,0,10.0,0,13,24,MONITOR,,─,False,False,0%,LATE_CYCLE,CAUTION,OTHER,0.0,0.0076,0.0,PLI,2.0,0.0,,3.0,1.0,0.0,0.0,,,1.0,Fresh,,,,,12.3,24,True,2026-06-05 12:45:29,0.0,0.0,0,0.0,0.0,0.0,0.0,0.0,0.0,0.0,0.0,0.0,0.0,0.0,0.0,0.0,0.0,0.0,0.0,0.0,0.0,0.0,0.0,0.0,0.0,0.0,0.0,0.0,9.0,4.0,0.0,0.0,False,
INE0SQZ01015,FWSTC,FLYWINGS SIMULA.,Other Consumer Services,False,,,1,0,10.0,0,13,24,MONITOR,,─,False,False,0%,LATE_CYCLE,CAUTION,OTHER,0.0,0.177,0.0,nan,2.0,0.0,,4.0,1.0,1.0,0.0,,,1.0,Fresh,,,,,12.3,24,False,2026-06-05 12:45:29,0.0,0.0,0,0.0,0.0,0.0,0.0,0.0,0.0,0.0,0.0,0.0,0.0,0.0,0.0,0.0,0.0,0.0,0.0,0.0,0.0,0.0,0.0,0.0,0.0,0.0,0.0,0.0,9.0,4.0,0.0,0.0,False,
INE795G01014,HDFCLIFE,HDFC LIFE INSUR.,Insurance,False,,,2,0,8.0,6,4,24,MONITOR,,↓7,False,False,0%,TOPPING,CAUTION,FINANCIALS,1.0,0.9043,0.29,FIN_INCLUSION,4.0,-2.0,EARN_QUALITY,4.0,1.0,1.0,0.0,,,1.0,Fresh,₹569 – ₹580,₹558 (−2.9%),,,12.3,18,True,2026-06-05 12:45:29,0.0,0.0,0,4.0,0.0,0.0,0.0,0.0,0.0,0.0,0.0,0.0,0.0,0.0,0.0,0.0,0.0,0.0,0.0,1.0,0.0,0.0,0.0,0.0,2.0,0.0,0.0,0.0,0.0,4.0,0.0,0.0,False,
INE324D01010,LGEINDIA,LG ELECTRONICS,Consumer Durables,False,,,1,3,10.0,4,13,23,MONITOR,,↑9,False,False,0%,LATE_CYCLE,CAUTION,CONSUMPTION,0.0,0.111,0.1202,PREMIUMISATION,4.0,0.0,,4.0,1.0,6.0,1.0,,,1.0,Fresh,"₹1,501 – ₹1,535","₹1,467 (−3.4%)",,,10.9,31,True,2026-06-05 12:45:05,0.0,0.0,0,0.0,0.0,0.0,0.0,0.0,0.0,0.0,4.0,0.0,0.0,0.0,0.0,0.0,0.0,0.0,0.0,0.0,0.0,0.0,0.0,0.0,2.0,0.0,0.0,0.0,9.0,4.0,0.0,0.0,False,
INE06IJ01010,UTSSAV,UTSSAV CZ GOLD,Consumer Durables,False,,,1,3,10.0,4,13,23,MONITOR,,↑9,False,False,0%,LATE_CYCLE,CAUTION,CONSUMPTION,0.0,0.0361,0.0,PREMIUMISATION,4.0,0.0,,3.0,1.0,6.0,1.0,,,1.0,Fresh,,,,,10.9,31,True,2026-06-05 12:45:10,0.0,0.0,0,0.0,0.0,0.0,0.0,0.0,0.0,0.0,4.0,0.0,0.0,0.0,0.0,0.0,0.0,0.0,0.0,0.0,0.0,0.0,0.0,0.0,0.0,0.0,2.0,0.0,9.0,4.0,0.0,0.0,False,
INE550C01020,URJA,URJA GLOBAL,Electrical Equipment,False,,,3,4,10.0,0,4,23,MONITOR,,↑3,False,False,0%,TOPPING,CAUTION,OTHER,0.0,0.0388,0.0,"CAPEX_SUPERCYCLE,POWER",4.0,-4.0,PAPER_PROFIT|EARN_REV_DIVERGE,3.0,1.0,2.0,0.0,,,1.0,Fresh,₹11 – ₹11,₹10 (−4.6%),,,10.9,25,True,2026-06-05 12:45:10,0.0,0.0,0,4.0,4.0,0.0,0.0,6.0,0.0,0.0,0.0,0.0,0.0,0.0,0.0,0.0,0.0,0.0,0.0,0.0,0.0,0.0,0.0,0.0,0.0,0.0,0.0,0.0,0.0,4.0,0.0,0.0,False,
INE0DM401012,SHRIAHIMSA,SHRI AHIMSA,Food Products,False,,,1,3,10.0,0,4,23,MONITOR,,↓4,False,False,0%,CORRECTION,CAUTION,OTHER,0.0,0.0205,0.0,"AGRI,PLI",2.0,0.0,,3.0,1.0,6.0,1.0,,,1.0,Fresh,,,,,10.9,20,True,2026-06-05 12:45:14,0.0,0.0,0,0.0,0.0,0.0,0.0,0.0,0.0,0.0,4.0,0.0,0.0,0.0,0.0,0.0,0.0,0.0,0.0,0.0,0.0,0.0,0.0,0.0,0.0,0.0,0.0,0.0,0.0,4.0,0.0,0.0,False,
INE24OJ01011,BUILDPRO,SHANKARA BUILDPRO,Retailing,False,,,1,0,10.0,18,4,23,MONITOR,,─,False,False,0%,TOPPING,CAUTION,OTHER,0.0,0.467,0.0932,PREMIUMISATION,7.0,0.0,,4.0,1.0,1.0,0.0,,,1.0,Fresh,"₹1,131 – ₹1,186","₹1,076 (−7.1%)",,,10.9,24,True,2026-06-05 12:45:17,0.0,0.0,0,0.0,0.0,0.0,0.0,0.0,0.0,0.0,0.0,0.0,0.0,2.0,1.0,3.0,1.0,0.0,0.0,0.0,1.0,1.0,0.0,0.0,0.0,0.0,0.0,0.0,0.0,4.0,0.0,0.0,False,16.0
INE0U0201016,BALCO,SOLVE PLASTIC,Industrial Products,False,,,1,4,10.0,0,4,23,MONITOR,,↓4,False,False,0%,TOPPING,CAUTION,OTHER,0.0,0.051,0.0,nan,2.0,-2.0,EARN_QUALITY,3.0,1.0,7.0,2.0,,,1.0,Fresh,,,,,10.9,19,True,2026-06-05 12:45:23,0.0,0.0,0,0.0,0.0,0.0,0.0,0.0,0.0,0.0,4.0,0.0,0.0,0.0,0.0,0.0,0.0,0.0,0.0,0.0,0.0,0.0,0.0,0.0,0.0,0.0,0.0,0.0,0.0,4.0,0.0,0.0,False,
INE0XIL01012,JAINIK,JAINIK POWER,Non - Ferrous Metals,False,,,1,0,13.0,4,7,23,MONITOR,,─,False,False,0%,TOPPING,CAUTION,OTHER,0.0,0.0144,0.0,nan,3.0,0.0,,4.0,1.0,1.0,0.0,,,1.0,Fresh,,,,,10.9,23,False,2026-06-05 12:45:27,0.0,0.0,0,0.0,0.0,0.0,0.0,0.0,0.0,0.0,0.0,0.0,0.0,0.0,0.0,0.0,0.0,0.0,0.0,0.0,0.0,0.0,2.0,0.0,0.0,0.0,0.0,0.0,0.0,4.0,3.0,0.0,False,
INE0SFW01015,FRESHARA,FRESHARA AGRO,Food Products,False,,,1,0,13.0,4,4,23,MONITOR,,↓4,False,False,0%,CORRECTION,CAUTION,OTHER,0.0,0.1116,0.0,"AGRI,PLI",2.0,0.0,,3.0,1.0,1.0,0.0,,,1.0,Fresh,,,,,10.9,20,True,2026-06-05 12:45:29,0.0,0.0,0,0.0,0.0,0.0,0.0,0.0,0.0,0.0,0.0,0.0,0.0,0.0,0.0,0.0,0.0,0.0,0.0,0.0,0.0,0.0,2.0,0.0,0.0,0.0,0.0,0.0,0.0,4.0,0.0,0.0,False,
INE0CQA01020,PRIMECAB,PRIME CABLE IND.,Industrial Products,False,,,1,0,10.0,6,4,22,MONITOR,,↓4,False,False,0%,TOPPING,CAUTION,OTHER,0.0,0.0458,0.0,nan,2.0,0.0,,4.0,1.0,1.0,0.0,,,1.0,Fresh,,,,,9.7,18,True,2026-06-05 12:45:02,0.0,0.0,0,0.0,0.0,0.0,0.0,0.0,0.0,0.0,0.0,0.0,0.0,0.0,0.0,0.0,0.0,0.0,0.0,0.0,0.0,0.0,0.0,0.0,0.0,3.0,0.0,0.0,0.0,4.0,0.0,0.0,False,
INE0VZS01015,LAKSHYA,LAKSHYA POWERTEC,Construction,False,,,1,0,10.0,0,4,22,MONITOR,,↓7,False,False,0%,TOPPING,CAUTION,OTHER,0.0,0.0352,0.0,INFRA,1.0,0.0,,4.0,1.0,1.0,0.0,,,1.0,Fresh,,,,,9.7,15,True,2026-06-05 12:45:05,0.0,0.0,0,0.0,0.0,0.0,0.0,0.0,0.0,0.0,0.0,0.0,0.0,0.0,0.0,0.0,0.0,0.0,0.0,0.0,0.0,0.0,0.0,0.0,0.0,0.0,0.0,0.0,0.0,4.0,0.0,0.0,False,
INE1DV401010,MONOLITH,MONOLITHISCH IND,Industrial Products,False,,,1,0,10.0,6,4,22,MONITOR,,↓4,False,False,0%,TOPPING,CAUTION,OTHER,0.0,0.0582,0.0,nan,2.0,0.0,,4.0,1.0,1.0,0.0,,,1.0,Fresh,,,,,9.7,18,True,2026-06-05 12:45:06,0.0,0.0,0,0.0,0.0,0.0,0.0,0.0,0.0,0.0,0.0,0.0,0.0,0.0,0.0,0.0,0.0,0.0,0.0,0.0,0.0,0.0,0.0,0.0,0.0,3.0,0.0,0.0,0.0,4.0,0.0,0.0,False,
INE0SMR01011,UHTL,UNITED HEAT,Industrial Products,False,,,1,0,10.0,6,4,22,MONITOR,,↓4,False,False,0%,TOPPING,CAUTION,OTHER,0.0,0.0328,0.0,nan,2.0,0.0,,4.0,1.0,1.0,0.0,,,1.0,Fresh,,,,,9.7,18,True,2026-06-05 12:45:07,0.0,0.0,0,0.0,0.0,0.0,0.0,0.0,0.0,0.0,0.0,0.0,0.0,0.0,0.0,0.0,0.0,0.0,0.0,0.0,0.0,0.0,0.0,0.0,0.0,3.0,0.0,0.0,0.0,4.0,0.0,0.0,False,
INE583D01011,UGROCAP,UGRO CAPITAL,Finance,False,,,0,9,8.0,6,13,22,MONITOR,,↓20,False,False,0%,LATE_CYCLE,CAUTION,FINANCIALS,1.0,1.325,0.0,FIN_INCLUSION,8.0,-6.0,PAPER_PROFIT|DE_ROCE_STRESS|EARN_QUALITY,1.0,0.0,2.0,0.0,,,1.0,Fresh,₹92 – ₹94,₹89 (−4.7%),,,9.7,2,True,2026-06-05 12:45:07,0.0,0.0,GATE,4.0,0.0,0.0,4.0,6.0,0.0,0.0,0.0,2.0,2.0,0.0,0.0,0.0,0.0,0.0,0.0,0.0,0.0,0.0,0.0,0.0,0.0,3.0,0.0,0.0,9.0,4.0,0.0,0.0,False,39.0
INE0SGZ01016,SUNTECH,SUNTECH INFRA.,Construction,False,,,1,0,10.0,0,4,22,MONITOR,,↓7,False,False,0%,TOPPING,CAUTION,OTHER,0.0,0.0478,0.0,INFRA,1.0,0.0,,4.0,1.0,1.0,0.0,,,1.0,Fresh,,,,,9.7,15,True,2026-06-05 12:45:09,0.0,0.0,0,0.0,0.0,0.0,0.0,0.0,0.0,0.0,0.0,0.0,0.0,0.0,0.0,0.0,0.0,0.0,0.0,0.0,0.0,0.0,0.0,0.0,0.0,0.0,0.0,0.0,0.0,4.0,0.0,0.0,False,
INE124101010,SAMAY,SAMAY PROJECT,Construction,False,,,1,0,10.0,0,4,22,MONITOR,,↓7,False,False,0%,TOPPING,CAUTION,OTHER,0.0,0.0722,0.0,INFRA,1.0,0.0,,4.0,1.0,1.0,0.0,,,1.0,Fresh,,,,,9.7,15,True,2026-06-05 12:45:12,0.0,0.0,0,0.0,0.0,0.0,0.0,0.0,0.0,0.0,0.0,0.0,0.0,0.0,0.0,0.0,0.0,0.0,0.0,0.0,0.0,0.0,0.0,0.0,0.0,0.0,0.0,0.0,0.0,4.0,0.0,0.0,False,
INE0UCN01017,SAVY,SAVY INFRA,Construction,False,,,1,0,10.0,0,4,22,MONITOR,,↓7,False,False,0%,TOPPING,CAUTION,OTHER,0.0,0.03,0.0,INFRA,1.0,0.0,,4.0,1.0,1.0,0.0,,,1.0,Fresh,,,,,9.7,15,True,2026-06-05 12:45:12,0.0,0.0,0,0.0,0.0,0.0,0.0,0.0,0.0,0.0,0.0,0.0,0.0,0.0,0.0,0.0,0.0,0.0,0.0,0.0,0.0,0.0,0.0,0.0,0.0,0.0,0.0,0.0,0.0,4.0,0.0,0.0,False,
INE14DW01018,SATTVAENGG,SATTVA ENG.,Other Utilities,False,,,1,0,10.0,0,4,22,MONITOR,,↓10,False,False,0%,TOPPING,CAUTION,OTHER,0.0,0.0516,0.0,"POWER,WATER",1.0,0.0,,4.0,1.0,1.0,0.0,,,1.0,Fresh,,,,,9.7,15,True,2026-06-05 12:45:12,0.0,0.0,0,0.0,0.0,0.0,0.0,0.0,0.0,0.0,0.0,0.0,0.0,0.0,0.0,0.0,0.0,0.0,0.0,0.0,0.0,0.0,0.0,0.0,0.0,0.0,0.0,0.0,0.0,4.0,0.0,0.0,False,
INE10QL01011,READYMIX,READYMIX CONS.,Construction,False,,,1,0,10.0,0,4,22,MONITOR,,↓7,False,False,0%,TOPPING,CAUTION,OTHER,0.0,0.036,0.0,INFRA,1.0,0.0,,4.0,1.0,1.0,0.0,,,1.0,Fresh,,,,,9.7,15,True,2026-06-05 12:45:12,0.0,0.0,0,0.0,0.0,0.0,0.0,0.0,0.0,0.0,0.0,0.0,0.0,0.0,0.0,0.0,0.0,0.0,0.0,0.0,0.0,0.0,0.0,0.0,0.0,0.0,0.0,0.0,0.0,4.0,0.0,0.0,False,
INE506V01022,RUBICON,RUBICON RESEARCH,Pharmaceuticals & Biotechnology,False,,,1,4,10.0,22,13,22,WATCHLIST_EXTERNAL,▼ At risk: near MONITOR boundary,↑19,False,False,0% (vol↓),LATE_CYCLE,CAUTION,OTHER,0.0,0.4127,0.1419,"HEALTHCARE,PLI",10.0,0.0,,3.0,1.0,8.0,2.0,,,1.0,Fresh,"₹1,242 – ₹1,302","₹1,181 (−7.1%)",2–8% (12m),❌ 1.0:1,9.7,41,True,2026-06-05 12:45:13,0.0,0.0,0,0.0,0.0,0.0,0.0,0.0,0.0,0.0,4.0,0.0,0.0,2.0,1.0,3.0,1.0,1.0,0.0,0.0,0.0,1.0,0.0,0.0,2.0,0.0,0.0,0.0,9.0,4.0,0.0,0.0,False,
INE14W901010,RTL,RAMA TELECOM,Telecom - Services,False,,,1,0,10.0,0,14,22,MONITOR,,↑3,False,False,0%,BASING,CAUTION,OTHER,0.0,0.0022,0.0,DIGITAL,2.0,0.0,,4.0,1.0,1.0,0.0,,,1.0,Fresh,,,,,9.7,25,True,2026-06-05 12:45:13,0.0,0.0,0,0.0,0.0,0.0,0.0,0.0,0.0,0.0,0.0,0.0,0.0,0.0,0.0,0.0,0.0,0.0,0.0,0.0,0.0,0.0,0.0,0.0,0.0,0.0,0.0,0.0,10.0,4.0,0.0,0.0,False,
INE1V4601019,SHRIKANHA,SHRI KANHA STAIN,Industrial Products,False,,,1,0,13.0,0,4,22,MONITOR,,↓4,False,False,0%,TOPPING,CAUTION,OTHER,0.0,0.0112,0.0,nan,1.0,0.0,,4.0,1.0,0.0,0.0,,,1.0,Fresh,,,,,9.7,18,True,2026-06-05 12:45:14,0.0,0.0,0,0.0,0.0,0.0,0.0,0.0,0.0,0.0,0.0,0.0,0.0,0.0,0.0,0.0,0.0,0.0,0.0,0.0,0.0,0.0,0.0,0.0,0.0,0.0,0.0,0.0,0.0,4.0,0.0,0.0,False,
INE0XW001014,BIOPOL,BIOPOL CHEMICALS,Chemicals & Petrochemicals,False,,,1,0,13.0,0,13,22,MONITOR,,↑6,False,False,0%,LATE_CYCLE,CAUTION,OTHER,0.0,0.3738,0.0,PLI,2.0,0.0,,4.0,1.0,1.0,0.0,,,1.0,Fresh,,,,,9.7,27,True,2026-06-05 12:45:16,0.0,0.0,0,0.0,0.0,0.0,0.0,0.0,0.0,0.0,0.0,0.0,0.0,0.0,0.0,0.0,0.0,0.0,0.0,0.0,0.0,0.0,0.0,0.0,0.0,0.0,0.0,0.0,9.0,4.0,0.0,0.0,False,
INE0ZRC01017,BHADORA,BHADORA INDUST.,Industrial Products,False,,,1,0,10.0,6,4,22,MONITOR,,↓4,False,False,0%,TOPPING,CAUTION,OTHER,0.0,0.09,0.0,nan,2.0,0.0,,4.0,1.0,1.0,0.0,,,1.0,Fresh,,,,,9.7,18,True,2026-06-05 12:45:16,0.0,0.0,0,0.0,0.0,0.0,0.0,0.0,0.0,0.0,0.0,0.0,0.0,0.0,0.0,0.0,0.0,0.0,0.0,0.0,0.0,0.0,0.0,0.0,0.0,3.0,0.0,0.0,0.0,4.0,0.0,0.0,False,
INE19I001020,EXIMROUTES,EXIM ROUTES,"Paper, Forest & Jute Products",False,,,1,0,13.0,8,4,22,MONITOR,,─,False,False,0%,CORRECTION,CAUTION,OTHER,0.0,0.3552,0.0,nan,3.0,0.0,,3.0,1.0,1.0,0.0,,,1.0,Fresh,,,,,9.7,22,False,2026-06-05 12:45:18,0.0,0.0,0,0.0,0.0,0.0,0.0,0.0,0.0,0.0,0.0,0.0,0.0,0.0,0.0,0.0,0.0,0.0,0.0,0.0,0.0,0.0,2.0,0.0,0.0,0.0,2.0,0.0,0.0,4.0,0.0,0.0,False,
INE0YRN01025,DHARIWAL,DHARIWALCORP,Chemicals & Petrochemicals,False,,,1,3,10.0,0,13,22,MONITOR,,↑6,False,False,0%,LATE_CYCLE,CAUTION,OTHER,0.0,0.0008,0.0,PLI,3.0,-2.0,EARN_QUALITY,4.0,1.0,5.0,1.0,,,1.0,Fresh,,,,,9.7,27,True,2026-06-05 12:45:19,0.0,0.0,0,0.0,0.0,0.0,0.0,0.0,0.0,0.0,4.0,0.0,0.0,0.0,0.0,0.0,0.0,0.0,0.0,0.0,0.0,0.0,0.0,0.0,0.0,0.0,0.0,0.0,9.0,4.0,0.0,0.0,False,
INE1CEJ01017,E2ERAIL,E TO E TRANSPORTATION,Construction,False,,,1,0,10.0,0,4,22,MONITOR,,↓7,False,False,0%,TOPPING,CAUTION,OTHER,0.0,0.0654,0.0,INFRA,1.0,0.0,,4.0,1.0,0.0,0.0,,,1.0,Fresh,,,,,9.7,15,True,2026-06-05 12:45:20,0.0,0.0,0,0.0,0.0,0.0,0.0,0.0,0.0,0.0,0.0,0.0,0.0,0.0,0.0,0.0,0.0,0.0,0.0,0.0,0.0,0.0,0.0,0.0,0.0,0.0,0.0,0.0,0.0,4.0,0.0,0.0,False,
INE0VTV01012,ANONDITA,ANONDITA MEDI.,Personal Products,False,,,1,0,10.0,0,14,22,MONITOR,,↑3,False,False,0%,BASING,CAUTION,OTHER,0.0,0.1806,0.0,PREMIUMISATION,2.0,0.0,,4.0,1.0,1.0,0.0,,,1.0,Fresh,,,,,9.7,25,True,2026-06-05 12:45:21,0.0,0.0,0,0.0,0.0,0.0,0.0,0.0,0.0,0.0,0.0,0.0,0.0,0.0,0.0,0.0,0.0,0.0,0.0,0.0,0.0,0.0,0.0,0.0,0.0,0.0,0.0,0.0,10.0,4.0,0.0,0.0,False,
INE0T4V01015,APEXECO,APEX ECOTECH,Other Utilities,False,,,1,0,10.0,0,4,22,MONITOR,,↓10,False,False,0%,TOPPING,CAUTION,OTHER,0.0,0.0106,0.0,"POWER,WATER",1.0,0.0,,4.0,1.0,1.0,0.0,,,1.0,Fresh,,,,,9.7,15,True,2026-06-05 12:45:22,0.0,0.0,0,0.0,0.0,0.0,0.0,0.0,0.0,0.0,0.0,0.0,0.0,0.0,0.0,0.0,0.0,0.0,0.0,0.0,0.0,0.0,0.0,0.0,0.0,0.0,0.0,0.0,0.0,4.0,0.0,0.0,False,
INE0TSF01011,AESTHETIK,AESTHETIK ENGI.,Construction,False,,,1,0,10.0,0,4,22,MONITOR,,↓7,False,False,0%,TOPPING,CAUTION,OTHER,0.0,0.0074,0.0,INFRA,1.0,0.0,,3.0,1.0,1.0,0.0,,,1.0,Fresh,,,,,9.7,15,True,2026-06-05 12:45:22,0.0,0.0,0,0.0,0.0,0.0,0.0,0.0,0.0,0.0,0.0,0.0,0.0,0.0,0.0,0.0,0.0,0.0,0.0,0.0,0.0,0.0,0.0,0.0,0.0,0.0,0.0,0.0,0.0,4.0,0.0,0.0,False,
INE121R01077,AMAGI,AMAGI MEDIA LABS,IT - Services,False,,,1,1,8.0,16,14,22,MONITOR,,↑12,False,False,0%,BASING,CAUTION,OTHER,1.0,0.9208,0.288,DIGITAL,9.0,-3.0,PAPER_PROFIT,4.0,1.0,1.0,0.0,,,1.0,Fresh,₹421 – ₹441,₹401 (−7.0%),,,9.7,34,True,2026-06-05 12:45:23,0.0,0.0,0,4.0,0.0,0.0,0.0,0.0,2.0,0.0,0.0,0.0,0.0,2.0,1.0,3.0,1.0,0.0,0.0,0.0,0.0,1.0,0.0,0.0,0.0,0.0,0.0,0.0,10.0,4.0,0.0,0.0,False,
INE0TO501019,HVAX,HVAX TECHNOLOG.,Construction,False,,,1,0,10.0,0,4,22,MONITOR,,↓7,False,False,0%,TOPPING,CAUTION,OTHER,0.0,0.505,0.0,INFRA,1.0,0.0,,4.0,1.0,1.0,0.0,,,1.0,Fresh,,,,,9.7,15,True,2026-06-05 12:45:25,0.0,0.0,0,0.0,0.0,0.0,0.0,0.0,0.0,0.0,0.0,0.0,0.0,0.0,0.0,0.0,0.0,0.0,0.0,0.0,0.0,0.0,0.0,0.0,0.0,0.0,0.0,0.0,0.0,4.0,0.0,0.0,False,
INE0S1D01010,INNOMET,INNOMET ADVANCED,Diversified Metals,False,,,1,3,10.0,4,4,22,MONITOR,,─,False,False,0%,CORRECTION,CAUTION,OTHER,0.0,0.2376,0.0,nan,3.0,0.0,,3.0,1.0,6.0,1.0,,,1.0,Fresh,,,,,9.7,22,False,2026-06-05 12:45:27,0.0,0.0,0,0.0,0.0,0.0,0.0,0.0,0.0,0.0,4.0,0.0,0.0,0.0,0.0,0.0,0.0,0.0,0.0,0.0,0.0,0.0,0.0,0.0,0.0,0.0,2.0,0.0,0.0,4.0,0.0,0.0,False,
INE0PLX01017,GREENLEAF,GREENLEAF ENVI.,Other Utilities,False,,,1,0,10.0,0,4,22,MONITOR,,↓10,False,False,0%,TOPPING,CAUTION,OTHER,0.0,0.022,0.0,"POWER,WATER",1.0,0.0,,4.0,1.0,1.0,0.0,,,1.0,Fresh,,,,,9.7,15,True,2026-06-05 12:45:28,0.0,0.0,0,0.0,0.0,0.0,0.0,0.0,0.0,0.0,0.0,0.0,0.0,0.0,0.0,0.0,0.0,0.0,0.0,0.0,0.0,0.0,0.0,0.0,0.0,0.0,0.0,0.0,0.0,4.0,0.0,0.0,False,
INE0TVT01024,GANESHIN,GANESH INFRA.,Construction,False,,,1,0,10.0,0,4,22,MONITOR,,↓7,False,False,0%,TOPPING,CAUTION,OTHER,0.0,0.04,0.0,INFRA,1.0,0.0,,4.0,1.0,3.0,0.0,,,1.0,Fresh,,,,,9.7,15,True,2026-06-05 12:45:29,0.0,0.0,0,0.0,0.0,0.0,0.0,0.0,0.0,0.0,0.0,0.0,0.0,0.0,0.0,0.0,0.0,0.0,0.0,0.0,0.0,0.0,0.0,0.0,0.0,0.0,0.0,0.0,0.0,4.0,0.0,0.0,False,
INE0RMF01018,OSELDEVICE,OSEL DEVICES,Healthcare Equipment & Supplies,False,,,1,3,10.0,2,4,21,MONITOR,,─,False,False,0%,TOPPING,CAUTION,OTHER,0.0,0.0675,0.0,HEALTHCARE,3.0,0.0,,3.0,1.0,6.0,1.0,,,1.0,Fresh,,,,,8.5,21,False,2026-06-05 12:45:01,0.0,0.0,0,0.0,0.0,0.0,0.0,0.0,0.0,0.0,4.0,0.0,0.0,0.0,0.0,0.0,0.0,0.0,0.0,0.0,0.0,1.0,0.0,0.0,0.0,0.0,0.0,0.0,0.0,4.0,0.0,0.0,False,
INE484I01029,PRECAM,PRECISION CAMSHF,Auto Components,False,,,12,1,10.0,2,14,21,WATCHLIST_EXTERNAL,,↑19,False,False,1–2% (vol↓),BASING,CAUTION,OTHER,0.0,0.0244,0.0,PLI,7.0,0.0,,5.0,2.0,2.0,0.0,,,1.0,Fresh,₹145 – ₹153,₹137 (−7.9%),2–8% (12m),❌ 0.9:1,8.5,42,True,2026-06-05 12:45:02,0.0,0.0,0,4.0,4.0,5.0,0.0,0.0,2.0,0.0,0.0,0.0,0.0,0.0,0.0,0.0,0.0,0.0,0.0,0.0,1.0,0.0,0.0,0.0,0.0,0.0,0.0,0.0,10.0,4.0,0.0,0.0,False,10.0
INE0VBS01016,ECOLINE,ECOLINE EXIM,Industrial Products,False,,,1,0,10.0,4,4,21,MONITOR,,↓4,False,False,0%,TOPPING,CAUTION,OTHER,0.0,0.0542,0.0,nan,2.0,0.0,,4.0,1.0,1.0,0.0,,,1.0,Fresh,,,,,8.5,17,True,2026-06-05 12:45:18,0.0,0.0,0,0.0,0.0,0.0,0.0,0.0,0.0,0.0,0.0,0.0,0.0,0.0,0.0,0.0,0.0,0.0,0.0,0.0,0.0,0.0,0.0,0.0,0.0,0.0,2.0,0.0,0.0,4.0,0.0,0.0,False,
INE0NA501011,DIVINEHIRA,DIVINE HIRA JEW.,Consumer Durables,False,,,1,3,10.0,0,13,21,MONITOR,,↑9,False,False,0%,LATE_CYCLE,CAUTION,CONSUMPTION,0.0,0.0,0.0,PREMIUMISATION,3.0,0.0,,4.0,1.0,5.0,1.0,,,1.0,Fresh,,,,,8.5,29,True,2026-06-05 12:45:20,0.0,0.0,0,0.0,0.0,0.0,0.0,0.0,0.0,0.0,4.0,0.0,0.0,0.0,0.0,0.0,0.0,0.0,0.0,0.0,0.0,0.0,0.0,0.0,0.0,0.0,0.0,0.0,9.0,4.0,0.0,0.0,False,
INE0L2Y01011,ARHAM,ARHAM TECH,Consumer Durables,False,,,1,3,10.0,0,13,21,MONITOR,,↑9,False,False,0%,LATE_CYCLE,CAUTION,CONSUMPTION,0.0,0.0238,0.0,PREMIUMISATION,3.0,0.0,,3.0,1.0,6.0,1.0,,,1.0,Fresh,,,,,8.5,29,True,2026-06-05 12:45:21,0.0,0.0,0,0.0,0.0,0.0,0.0,0.0,0.0,0.0,4.0,0.0,0.0,0.0,0.0,0.0,0.0,0.0,0.0,0.0,0.0,0.0,0.0,0.0,0.0,0.0,0.0,0.0,9.0,4.0,0.0,0.0,False,
INE1TY801010,GJL,GROVER JEWELLS,Consumer Durables,False,,,1,0,15.0,0,13,21,MONITOR,,↑9,False,False,0%,LATE_CYCLE,CAUTION,CONSUMPTION,0.0,0.1752,0.0,PREMIUMISATION,2.0,0.0,,4.0,1.0,0.0,0.0,,,1.0,Fresh,,,,,8.5,29,True,2026-06-05 12:45:28,0.0,0.0,0,0.0,0.0,0.0,0.0,0.0,0.0,0.0,0.0,0.0,0.0,0.0,0.0,0.0,0.0,0.0,0.0,0.0,0.0,0.0,0.0,0.0,0.0,0.0,0.0,0.0,9.0,4.0,0.0,0.0,False,
INE0ZI101018,GANGABATH,GANGA BATH FITT.,Consumer Durables,False,,,1,0,13.0,4,13,21,MONITOR,,↑9,False,False,0%,LATE_CYCLE,CAUTION,CONSUMPTION,0.0,0.0036,0.0,PREMIUMISATION,3.0,0.0,,4.0,1.0,2.0,0.0,,,1.0,Fresh,,,,,8.5,29,True,2026-06-05 12:45:29,0.0,0.0,0,0.0,0.0,0.0,0.0,0.0,0.0,0.0,0.0,0.0,0.0,0.0,0.0,0.0,0.0,0.0,0.0,0.0,0.0,0.0,2.0,0.0,0.0,0.0,0.0,0.0,9.0,4.0,0.0,0.0,False,
INE16NZ01023,ORKLAINDIA,ORKLA INDIA,Food Products,False,,,1,0,10.0,8,4,20,MONITOR,,↓4,False,False,0%,CORRECTION,CAUTION,OTHER,0.0,0.0998,0.1686,"AGRI,PLI",3.0,-2.0,EARN_QUALITY,4.0,1.0,0.0,0.0,,,1.0,Fresh,₹611 – ₹627,₹595 (−3.9%),,,8.1,17,True,2026-06-05 12:45:01,0.0,0.0,0,0.0,0.0,0.0,0.0,0.0,0.0,0.0,0.0,0.0,0.0,2.0,0.0,0.0,0.0,0.0,0.0,0.0,0.0,0.0,0.0,0.0,2.0,0.0,0.0,0.0,0.0,4.0,0.0,0.0,False,
INE450G01024,VIPCLOTHNG,VIP CLOTHING,Textiles & Apparels,False,,,0,0,10.0,0,13,20,MONITOR,,─,False,False,0%,LATE_CYCLE,CAUTION,OTHER,0.0,0.0179,0.0,PLI,2.0,-3.0,PAPER_PROFIT,1.0,0.0,3.0,0.0,,,1.0,Fresh,₹25 – ₹26,₹24 (−6.5%),,,8.1,20,True,2026-06-05 12:45:09,0.0,0.0,0,0.0,0.0,0.0,0.0,0.0,0.0,0.0,0.0,0.0,0.0,0.0,0.0,0.0,0.0,0.0,0.0,0.0,0.0,0.0,0.0,0.0,0.0,0.0,0.0,0.0,9.0,4.0,0.0,0.0,False,
INE947N01017,AEQUS,AEQUS,Aerospace & Defense,False,,,3,1,10.0,16,4,20,MONITOR,,↑8,False,False,0%,TOPPING,CAUTION,CAPEX_CYCLE,0.0,0.512,0.1126,"CAPEX_SUPERCYCLE,DEFENCE",7.0,-1.0,DE_ROCE_STRESS,3.0,1.0,1.0,0.0,,,1.0,Fresh,₹177 – ₹190,₹165 (−9.9%),,,8.1,28,True,2026-06-05 12:45:22,0.0,0.0,0,0.0,4.0,0.0,0.0,0.0,2.0,0.0,0.0,0.0,0.0,2.0,1.0,3.0,0.0,0.0,0.0,0.0,0.0,0.0,0.0,0.0,2.0,0.0,0.0,0.0,0.0,4.0,0.0,0.0,False,46.0
INE1CCX01012,GURUNANAK,GURUNANAK AGRI.,"Agricultural, Commercial & Construction Vehicles",False,,,1,0,13.0,4,4,20,MONITOR,,─,False,False,0%,CORRECTION,CAUTION,OTHER,0.0,0.0066,0.0,AGRI,2.0,0.0,,4.0,1.0,1.0,0.0,,,1.0,Fresh,,,,,8.1,20,False,2026-06-05 12:45:30,0.0,0.0,0,0.0,0.0,0.0,0.0,0.0,0.0,0.0,0.0,0.0,0.0,0.0,0.0,0.0,0.0,0.0,0.0,0.0,0.0,0.0,2.0,0.0,0.0,0.0,0.0,0.0,0.0,4.0,0.0,0.0,False,
INE870D01012,NFL,NATL.FERTILIZER,Fertilizers & Agrochemicals,False,,,1,3,10.0,0,4,19,MONITOR,,─,False,False,0%,TOPPING,CAUTION,OTHER,0.0,0.0378,0.0016,AGRI,3.0,0.0,,3.0,1.0,5.0,1.0,,,1.0,Fresh,₹74 – ₹76,₹72 (−4.0%),,,7.1,20,True,2026-06-05 12:45:01,0.0,0.0,0,0.0,0.0,0.0,0.0,0.0,2.0,0.0,0.0,2.0,0.0,0.0,0.0,0.0,0.0,0.0,0.0,0.0,0.0,0.0,0.0,0.0,0.0,0.0,0.0,0.0,0.0,4.0,0.0,0.0,False,
INE0PCU01012,RAJINDLTD,RAJPUTANA INDU.,Industrial Products,False,,,1,0,10.0,0,4,19,MONITOR,,↓4,False,False,0%,TOPPING,CAUTION,OTHER,0.0,0.03,0.0,nan,1.0,0.0,,3.0,1.0,3.0,0.0,,,1.0,Fresh,,,,,7.1,15,True,2026-06-05 12:45:02,0.0,0.0,0,0.0,0.0,0.0,0.0,0.0,0.0,0.0,0.0,0.0,0.0,0.0,0.0,0.0,0.0,0.0,0.0,0.0,0.0,0.0,0.0,0.0,0.0,0.0,0.0,0.0,0.0,4.0,0.0,0.0,False,
INE0Q6001012,PSFL,PARAMOUNT SPECIA,Industrial Products,False,,,1,0,10.0,0,4,19,MONITOR,,↓4,False,False,0%,TOPPING,CAUTION,OTHER,0.0,0.0158,0.0,nan,1.0,0.0,,3.0,1.0,1.0,0.0,,,1.0,Fresh,,,,,7.1,15,True,2026-06-05 12:45:03,0.0,0.0,0,0.0,0.0,0.0,0.0,0.0,0.0,0.0,0.0,0.0,0.0,0.0,0.0,0.0,0.0,0.0,0.0,0.0,0.0,0.0,0.0,0.0,0.0,0.0,0.0,0.0,0.0,4.0,0.0,0.0,False,
INE749Y01014,PARAMPARA,PARAMPARA DAIRY,Industrial Products,False,,,1,0,10.0,0,4,19,MONITOR,,↓4,False,False,0%,TOPPING,CAUTION,OTHER,0.0,0.0046,0.0,nan,1.0,0.0,,3.0,1.0,1.0,0.0,,,1.0,Fresh,,,,,7.1,15,True,2026-06-05 12:45:03,0.0,0.0,0,0.0,0.0,0.0,0.0,0.0,0.0,0.0,0.0,0.0,0.0,0.0,0.0,0.0,0.0,0.0,0.0,0.0,0.0,0.0,0.0,0.0,0.0,0.0,0.0,0.0,0.0,4.0,0.0,0.0,False,
INE1K8Y01018,MUNISH,MUNISH FORGE,Industrial Products,False,,,1,0,10.0,0,4,19,MONITOR,,↓4,False,False,0%,TOPPING,CAUTION,OTHER,0.0,0.1114,0.0,nan,1.0,0.0,,4.0,1.0,1.0,0.0,,,1.0,Fresh,,,,,7.1,15,True,2026-06-05 12:45:05,0.0,0.0,0,0.0,0.0,0.0,0.0,0.0,0.0,0.0,0.0,0.0,0.0,0.0,0.0,0.0,0.0,0.0,0.0,0.0,0.0,0.0,0.0,0.0,0.0,0.0,0.0,0.0,0.0,4.0,0.0,0.0,False,
INE0U4H01011,MPEL,MANAS POLYMERS,Industrial Products,False,,,1,0,10.0,0,4,19,MONITOR,,↓4,False,False,0%,TOPPING,CAUTION,OTHER,0.0,0.0012,0.0,nan,1.0,0.0,,4.0,1.0,1.0,0.0,,,1.0,Fresh,,,,,7.1,15,True,2026-06-05 12:45:06,0.0,0.0,0,0.0,0.0,0.0,0.0,0.0,0.0,0.0,0.0,0.0,0.0,0.0,0.0,0.0,0.0,0.0,0.0,0.0,0.0,0.0,0.0,0.0,0.0,0.0,0.0,0.0,0.0,4.0,0.0,0.0,False,
INE691A01018,UCOBANK,UCO BANK,Banks,False,,,2,6,10.0,4,13,19,MONITOR,▲ Approaching WATCHLIST_EXTERNAL,↑17,False,False,0%,LATE_CYCLE,CAUTION,FINANCIALS,0.0,0.0046,0.0056,FIN_INCLUSION,6.0,-1.0,EARN_REV_DIVERGE,5.0,2.0,3.0,0.0,,,1.0,Fresh,₹25 – ₹25,₹24 (−2.8%),,,7.1,36,True,2026-06-05 12:45:07,0.0,0.0,0,0.0,0.0,0.0,0.0,6.0,2.0,0.0,0.0,0.0,2.0,0.0,0.0,0.0,0.0,0.0,0.0,0.0,0.0,0.0,0.0,0.0,2.0,0.0,0.0,0.0,9.0,4.0,0.0,0.0,False,40.0
INE0QR801013,SPPPOLY,SPP POLYMER,Industrial Products,False,,,1,0,10.0,0,4,19,MONITOR,,↓4,False,False,0%,TOPPING,CAUTION,OTHER,0.0,0.0076,0.0,nan,1.0,0.0,,3.0,1.0,2.0,0.0,,,1.0,Fresh,,,,,7.1,15,True,2026-06-05 12:45:08,0.0,0.0,0,0.0,0.0,0.0,0.0,0.0,0.0,0.0,0.0,0.0,0.0,0.0,0.0,0.0,0.0,0.0,0.0,0.0,0.0,0.0,0.0,0.0,0.0,0.0,0.0,0.0,0.0,4.0,0.0,0.0,False,
INE1DM601016,VIGOR,VIGOR PLAST,Industrial Products,False,,,1,0,10.0,0,4,19,MONITOR,,↓4,False,False,0%,TOPPING,CAUTION,OTHER,0.0,0.1302,0.0,nan,1.0,0.0,,4.0,1.0,2.0,0.0,,,1.0,Fresh,,,,,7.1,15,True,2026-06-05 12:45:11,0.0,0.0,0,0.0,0.0,0.0,0.0,0.0,0.0,0.0,0.0,0.0,0.0,0.0,0.0,0.0,0.0,0.0,0.0,0.0,0.0,0.0,0.0,0.0,0.0,0.0,0.0,0.0,0.0,4.0,0.0,0.0,False,
INE0MVO01012,RAPPID,RAPPID VALVES,Industrial Products,False,,,1,0,10.0,0,4,19,MONITOR,,↓4,False,False,0%,TOPPING,CAUTION,OTHER,0.0,0.0164,0.0,nan,1.0,0.0,,3.0,1.0,1.0,0.0,,,1.0,Fresh,,,,,7.1,15,True,2026-06-05 12:45:13,0.0,0.0,0,0.0,0.0,0.0,0.0,0.0,0.0,0.0,0.0,0.0,0.0,0.0,0.0,0.0,0.0,0.0,0.0,0.0,0.0,0.0,0.0,0.0,0.0,0.0,0.0,0.0,0.0,4.0,0.0,0.0,False,
INE0UL701015,SHUBHSHREE,SHUBHSHREE BIO.,Industrial Products,False,,,1,0,10.0,0,4,19,MONITOR,,↓4,False,False,0%,TOPPING,CAUTION,OTHER,0.0,0.0152,0.0,nan,1.0,0.0,,4.0,1.0,1.0,0.0,,,1.0,Fresh,,,,,7.1,15,True,2026-06-05 12:45:14,0.0,0.0,0,0.0,0.0,0.0,0.0,0.0,0.0,0.0,0.0,0.0,0.0,0.0,0.0,0.0,0.0,0.0,0.0,0.0,0.0,0.0,0.0,0.0,0.0,0.0,0.0,0.0,0.0,4.0,0.0,0.0,False,
INE0SZ301012,BULKCORP,BULKCORP INTER.,Industrial Products,False,,,1,0,10.0,0,4,19,MONITOR,,↓4,False,False,0%,TOPPING,CAUTION,OTHER,0.0,0.0068,0.0,nan,1.0,0.0,,3.0,1.0,1.0,0.0,,,1.0,Fresh,,,,,7.1,15,True,2026-06-05 12:45:17,0.0,0.0,0,0.0,0.0,0.0,0.0,0.0,0.0,0.0,0.0,0.0,0.0,0.0,0.0,0.0,0.0,0.0,0.0,0.0,0.0,0.0,0.0,0.0,0.0,0.0,0.0,0.0,0.0,4.0,0.0,0.0,False,
INE0SUH01015,ENVIRO,ENVIROTECH SYS.,Industrial Products,False,,,1,0,10.0,0,4,19,MONITOR,,↓4,False,False,0%,TOPPING,CAUTION,OTHER,0.0,0.0884,0.0,nan,1.0,0.0,,3.0,1.0,1.0,0.0,,,1.0,Fresh,,,,,7.1,15,True,2026-06-05 12:45:18,0.0,0.0,0,0.0,0.0,0.0,0.0,0.0,0.0,0.0,0.0,0.0,0.0,0.0,0.0,0.0,0.0,0.0,0.0,0.0,0.0,0.0,0.0,0.0,0.0,0.0,0.0,0.0,0.0,4.0,0.0,0.0,False,
INE0VG001016,AMCL,ANB METAL,Industrial Products,False,,,1,0,10.0,0,4,19,MONITOR,,↓4,False,False,0%,TOPPING,CAUTION,OTHER,0.0,0.1848,0.0,nan,1.0,0.0,,4.0,1.0,1.0,0.0,,,1.0,Fresh,,,,,7.1,15,True,2026-06-05 12:45:21,0.0,0.0,0,0.0,0.0,0.0,0.0,0.0,0.0,0.0,0.0,0.0,0.0,0.0,0.0,0.0,0.0,0.0,0.0,0.0,0.0,0.0,0.0,0.0,0.0,0.0,0.0,0.0,0.0,4.0,0.0,0.0,False,
INE0YDV01010,ARCIIL,ARC INSULATION,Industrial Products,False,,,1,0,10.0,0,4,19,MONITOR,,↓4,False,False,0%,TOPPING,CAUTION,OTHER,0.0,0.0736,0.0,nan,1.0,0.0,,4.0,1.0,1.0,0.0,,,1.0,Fresh,,,,,7.1,15,True,2026-06-05 12:45:22,0.0,0.0,0,0.0,0.0,0.0,0.0,0.0,0.0,0.0,0.0,0.0,0.0,0.0,0.0,0.0,0.0,0.0,0.0,0.0,0.0,0.0,0.0,0.0,0.0,0.0,0.0,0.0,0.0,4.0,0.0,0.0,False,
INE0UYG01015,ABHAPOWER,ABHA POWER,Industrial Products,False,,,1,0,10.0,0,4,19,MONITOR,,↓4,False,False,0%,TOPPING,CAUTION,OTHER,0.0,0.0176,0.0,nan,1.0,0.0,,4.0,1.0,1.0,0.0,,,1.0,Fresh,,,,,7.1,15,True,2026-06-05 12:45:22,0.0,0.0,0,0.0,0.0,0.0,0.0,0.0,0.0,0.0,0.0,0.0,0.0,0.0,0.0,0.0,0.0,0.0,0.0,0.0,0.0,0.0,0.0,0.0,0.0,0.0,0.0,0.0,0.0,4.0,0.0,0.0,False,
INE0INX01018,AEGISVOPAK,AEGIS VOPAK TERM,Oil,False,,,4,7,10.0,2,13,19,WATCHLIST_EXTERNAL,▼ At risk: near MONITOR boundary,↑21,False,False,0% (vol↓),LATE_CYCLE,CAUTION,OTHER,0.0,0.2378,0.0318,nan,8.0,0.0,,3.0,1.0,4.0,1.0,,,1.0,Fresh,₹189 – ₹197,₹182 (−5.5%),2–8% (12m),❌ 1.3:1,7.1,40,True,2026-06-05 12:45:22,0.0,0.0,0,0.0,4.0,0.0,0.0,0.0,2.0,4.0,0.0,2.0,2.0,0.0,0.0,0.0,0.0,0.0,0.0,0.0,1.0,0.0,0.0,0.0,0.0,0.0,0.0,0.0,9.0,4.0,0.0,0.0,False,13.0
INE0QX401014,BARFLEX,BARFLEX POLYFILM,Industrial Products,False,,,1,0,10.0,0,4,19,MONITOR,,↓4,False,False,0%,TOPPING,CAUTION,OTHER,0.0,0.0108,0.0,nan,1.0,0.0,,4.0,1.0,1.0,0.0,,,1.0,Fresh,,,,,7.1,15,True,2026-06-05 12:45:24,0.0,0.0,0,0.0,0.0,0.0,0.0,0.0,0.0,0.0,0.0,0.0,0.0,0.0,0.0,0.0,0.0,0.0,0.0,0.0,0.0,0.0,0.0,0.0,0.0,0.0,0.0,0.0,0.0,4.0,0.0,0.0,False,
INE01YQ01013,AUSL,ADITYA ULTRA,Industrial Products,False,,,1,0,10.0,0,4,19,MONITOR,,↓4,False,False,0%,TOPPING,CAUTION,OTHER,0.0,0.0086,0.0,nan,1.0,0.0,,3.0,1.0,1.0,0.0,,,1.0,Fresh,,,,,7.1,15,True,2026-06-05 12:45:24,0.0,0.0,0,0.0,0.0,0.0,0.0,0.0,0.0,0.0,0.0,0.0,0.0,0.0,0.0,0.0,0.0,0.0,0.0,0.0,0.0,0.0,0.0,0.0,0.0,0.0,0.0,0.0,0.0,4.0,0.0,0.0,False,
INE0T9I01011,IDEALTECHO,IDEAL TECHNOPL.,Industrial Products,False,,,1,0,10.0,0,4,19,MONITOR,,↓4,False,False,0%,TOPPING,CAUTION,OTHER,0.0,0.0016,0.0,nan,1.0,0.0,,4.0,1.0,2.0,0.0,,,1.0,Fresh,,,,,7.1,15,True,2026-06-05 12:45:25,0.0,0.0,0,0.0,0.0,0.0,0.0,0.0,0.0,0.0,0.0,0.0,0.0,0.0,0.0,0.0,0.0,0.0,0.0,0.0,0.0,0.0,0.0,0.0,0.0,0.0,0.0,0.0,0.0,4.0,0.0,0.0,False,
INE0T0L01014,KALANA,KALANA ISPAT,Industrial Products,False,,,1,0,10.0,0,4,19,MONITOR,,↓4,False,False,0%,TOPPING,CAUTION,OTHER,0.0,0.005,0.0,nan,1.0,0.0,,3.0,1.0,1.0,0.0,,,1.0,Fresh,,,,,7.1,15,True,2026-06-05 12:45:26,0.0,0.0,0,0.0,0.0,0.0,0.0,0.0,0.0,0.0,0.0,0.0,0.0,0.0,0.0,0.0,0.0,0.0,0.0,0.0,0.0,0.0,0.0,0.0,0.0,0.0,0.0,0.0,0.0,4.0,0.0,0.0,False,
INE1M3T01017,JYOTIGLOBL,JYOTI GLOBAL,Industrial Products,False,,,1,0,10.0,0,4,19,MONITOR,,↓4,False,False,0%,TOPPING,CAUTION,OTHER,0.0,0.2578,0.0,nan,1.0,0.0,,4.0,1.0,1.0,0.0,,,1.0,Fresh,,,,,7.1,15,True,2026-06-05 12:45:26,0.0,0.0,0,0.0,0.0,0.0,0.0,0.0,0.0,0.0,0.0,0.0,0.0,0.0,0.0,0.0,0.0,0.0,0.0,0.0,0.0,0.0,0.0,0.0,0.0,0.0,0.0,0.0,0.0,4.0,0.0,0.0,False,
INE12E301017,GCHOTELS,GRAND CONTINENT,Leisure Services,False,,,1,0,13.0,4,13,19,MONITOR,,↑10,False,False,0%,LATE_CYCLE,CAUTION,OTHER,0.0,0.055,0.0,PREMIUMISATION,3.0,0.0,,4.0,1.0,2.0,0.0,,,1.0,Fresh,,,,,7.1,29,True,2026-06-05 12:45:29,0.0,0.0,0,0.0,0.0,0.0,0.0,0.0,0.0,0.0,0.0,0.0,0.0,0.0,0.0,0.0,0.0,0.0,0.0,0.0,0.0,0.0,2.0,0.0,0.0,0.0,0.0,0.0,9.0,4.0,0.0,0.0,False,
INE02NC01014,FINOPB,FINO PAYMENTS,Banks,False,,,1,8,10.0,0,13,19,MONITOR,▲ Approaching WATCHLIST_EXTERNAL,↑17,False,False,0%,LATE_CYCLE,CAUTION,FINANCIALS,0.0,0.0679,0.0,FIN_INCLUSION,6.0,-2.0,EARN_QUALITY,3.0,1.0,0.0,0.0,,,1.0,Fresh,₹125 – ₹132,₹119 (−7.8%),,,7.1,36,True,2026-06-05 12:45:29,0.0,2.0,0,0.0,0.0,0.0,4.0,6.0,2.0,0.0,0.0,0.0,0.0,0.0,0.0,0.0,0.0,0.0,0.0,0.0,0.0,0.0,0.0,0.0,0.0,0.0,0.0,0.0,9.0,4.0,0.0,0.0,False,36.0
INE1ERK01013,MANILAM,MANILAM INDUSTRIES,Consumer Durables,False,,,1,0,13.0,0,13,18,MONITOR,,↑9,False,False,0%,LATE_CYCLE,CAUTION,CONSUMPTION,0.0,0.4132,0.0,PREMIUMISATION,2.0,0.0,,4.0,1.0,0.0,0.0,,,1.0,Fresh,,,,,5.8,27,True,2026-06-05 12:45:05,0.0,0.0,0,0.0,0.0,0.0,0.0,0.0,0.0,0.0,0.0,0.0,0.0,0.0,0.0,0.0,0.0,0.0,0.0,0.0,0.0,0.0,0.0,0.0,0.0,0.0,0.0,0.0,9.0,4.0,0.0,0.0,False,
INE21UM01018,NEOCHEM,NEOCHEM BIO,Chemicals & Petrochemicals,False,,,1,0,10.0,0,13,18,MONITOR,,↑6,False,False,0%,LATE_CYCLE,CAUTION,OTHER,0.0,0.0294,0.0,PLI,2.0,0.0,,4.0,1.0,0.0,0.0,,,1.0,Fresh,,,,,5.8,24,True,2026-06-05 12:45:06,0.0,0.0,0,0.0,0.0,0.0,0.0,0.0,0.0,0.0,0.0,0.0,0.0,0.0,0.0,0.0,0.0,0.0,0.0,0.0,0.0,0.0,0.0,0.0,0.0,0.0,0.0,0.0,9.0,4.0,0.0,0.0,False,
INE0B2801011,UNILEX,UNILEX COLOUR &C,Chemicals & Petrochemicals,False,,,1,0,10.0,0,13,18,MONITOR,,↑6,False,False,0%,LATE_CYCLE,CAUTION,OTHER,0.0,0.0028,0.0,PLI,2.0,0.0,,3.0,1.0,1.0,0.0,,,1.0,Fresh,,,,,5.8,24,True,2026-06-05 12:45:07,0.0,0.0,0,0.0,0.0,0.0,0.0,0.0,0.0,0.0,0.0,0.0,0.0,0.0,0.0,0.0,0.0,0.0,0.0,0.0,0.0,0.0,0.0,0.0,0.0,0.0,0.0,0.0,9.0,4.0,0.0,0.0,False,
INE0U0J01015,YAAP,YAAP DIGITAL,Media,False,,,1,0,13.0,0,4,18,MONITOR,,─,False,False,0%,TOPPING,CAUTION,OTHER,0.0,0.3814,0.0,nan,1.0,0.0,,4.0,1.0,0.0,0.0,,,1.0,Fresh,,,,,5.8,18,False,2026-06-05 12:45:09,0.0,0.0,0,0.0,0.0,0.0,0.0,0.0,0.0,0.0,0.0,0.0,0.0,0.0,0.0,0.0,0.0,0.0,0.0,0.0,0.0,0.0,0.0,0.0,0.0,0.0,0.0,0.0,0.0,4.0,0.0,0.0,False,
INE1CW901027,SPEB,SPEB ADHESIVES,Chemicals & Petrochemicals,False,,,1,0,10.0,0,13,18,MONITOR,,↑6,False,False,0%,LATE_CYCLE,CAUTION,OTHER,0.0,0.0182,0.0,PLI,2.0,0.0,,4.0,1.0,0.0,0.0,,,1.0,Fresh,,,,,5.8,24,True,2026-06-05 12:45:11,0.0,0.0,0,0.0,0.0,0.0,0.0,0.0,0.0,0.0,0.0,0.0,0.0,0.0,0.0,0.0,0.0,0.0,0.0,0.0,0.0,0.0,0.0,0.0,0.0,0.0,0.0,0.0,9.0,4.0,0.0,0.0,False,
INE1ARD01016,SACHEEROME,SACHEEROME,Chemicals & Petrochemicals,False,,,1,0,10.0,0,13,18,MONITOR,,↑6,False,False,0%,LATE_CYCLE,CAUTION,OTHER,0.0,0.0128,0.0,PLI,2.0,0.0,,4.0,1.0,1.0,0.0,,,1.0,Fresh,,,,,5.8,24,True,2026-06-05 12:45:13,0.0,0.0,0,0.0,0.0,0.0,0.0,0.0,0.0,0.0,0.0,0.0,0.0,0.0,0.0,0.0,0.0,0.0,0.0,0.0,0.0,0.0,0.0,0.0,0.0,0.0,0.0,0.0,9.0,4.0,0.0,0.0,False,
INE1CRP01016,SHYAMDHANI,SHYAM DHANI IND.,Food Products,False,,,1,0,10.0,0,4,18,MONITOR,,↓3,False,False,0%,CORRECTION,CAUTION,OTHER,0.0,0.1632,0.0,"AGRI,PLI",1.0,0.0,,4.0,1.0,0.0,0.0,,,1.0,Fresh,,,,,5.8,15,True,2026-06-05 12:45:14,0.0,0.0,0,0.0,0.0,0.0,0.0,0.0,0.0,0.0,0.0,0.0,0.0,0.0,0.0,0.0,0.0,0.0,0.0,0.0,0.0,0.0,0.0,0.0,0.0,0.0,0.0,0.0,0.0,4.0,0.0,0.0,False,
INE1DLF01018,SHIVASHRIT,SHIVASHRIT FOODS,Food Products,False,,,1,0,10.0,0,4,18,MONITOR,,↓3,False,False,0%,CORRECTION,CAUTION,OTHER,0.0,0.1616,0.0,"AGRI,PLI",1.0,0.0,,4.0,1.0,1.0,0.0,,,1.0,Fresh,,,,,5.8,15,True,2026-06-05 12:45:15,0.0,0.0,0,0.0,0.0,0.0,0.0,0.0,0.0,0.0,0.0,0.0,0.0,0.0,0.0,0.0,0.0,0.0,0.0,0.0,0.0,0.0,0.0,0.0,0.0,0.0,0.0,0.0,0.0,4.0,0.0,0.0,False,
INE14GK01016,SMARTEN,SMARTEN POWER,Electrical Equipment,False,,,1,0,13.0,4,4,18,MONITOR,,↑3,False,False,0%,TOPPING,CAUTION,OTHER,0.0,0.0196,0.0,"CAPEX_SUPERCYCLE,POWER",2.0,0.0,,4.0,1.0,1.0,0.0,,,1.0,Fresh,,,,,5.8,20,True,2026-06-05 12:45:15,0.0,0.0,0,0.0,0.0,0.0,0.0,0.0,0.0,0.0,0.0,0.0,0.0,0.0,0.0,0.0,0.0,0.0,0.0,0.0,0.0,0.0,2.0,0.0,0.0,0.0,0.0,0.0,0.0,4.0,0.0,0.0,False,
INE0LQG01010,APRAMEYA,APRAMEYA ENGINEE,Healthcare Equipment & Supplies,False,,,1,0,10.0,6,4,18,MONITOR,,─,False,False,0%,TOPPING,CAUTION,OTHER,0.0,0.68,0.0,HEALTHCARE,3.0,0.0,,4.0,1.0,1.0,0.0,,,1.0,Fresh,,,,,5.8,18,False,2026-06-05 12:45:22,0.0,0.0,0,0.0,0.0,0.0,0.0,0.0,0.0,0.0,0.0,0.0,0.0,0.0,0.0,0.0,0.0,0.0,0.0,0.0,0.0,1.0,0.0,0.0,0.0,0.0,2.0,0.0,0.0,4.0,0.0,0.0,False,
INE00C501018,AMBANIORGO,AMBANI ORGOCHEM,Chemicals & Petrochemicals,False,,,1,0,10.0,0,13,18,MONITOR,,↑6,False,False,0%,LATE_CYCLE,CAUTION,OTHER,0.0,0.0008,0.0,PLI,2.0,0.0,,4.0,1.0,1.0,0.0,,,1.0,Fresh,,,,,5.8,24,True,2026-06-05 12:45:23,0.0,0.0,0,0.0,0.0,0.0,0.0,0.0,0.0,0.0,0.0,0.0,0.0,0.0,0.0,0.0,0.0,0.0,0.0,0.0,0.0,0.0,0.0,0.0,0.0,0.0,0.0,0.0,9.0,4.0,0.0,0.0,False,
INE0RXB01022,JEYYAM,JEYYAM GLOBAL,Food Products,False,,,1,0,10.0,0,4,18,MONITOR,,↓3,False,False,0%,CORRECTION,CAUTION,OTHER,0.0,0.0068,0.0,"AGRI,PLI",1.0,0.0,,3.0,1.0,1.0,0.0,,,1.0,Fresh,,,,,5.8,15,True,2026-06-05 12:45:27,0.0,0.0,0,0.0,0.0,0.0,0.0,0.0,0.0,0.0,0.0,0.0,0.0,0.0,0.0,0.0,0.0,0.0,0.0,0.0,0.0,0.0,0.0,0.0,0.0,0.0,0.0,0.0,0.0,4.0,0.0,0.0,False,
INE483A01010,CENTRALBK,CENTRAL BANK,Banks,False,,,1,6,10.0,4,13,17,MONITOR,▲ Approaching WATCHLIST_EXTERNAL,↑16,False,False,0%,LATE_CYCLE,CAUTION,FINANCIALS,0.0,0.0322,0.0068,FIN_INCLUSION,6.0,-3.0,PAPER_PROFIT,3.0,1.0,3.0,0.0,,,1.0,Fresh,₹30 – ₹31,₹29 (−3.8%),,,5.3,35,True,2026-06-05 12:45:16,0.0,2.0,0,0.0,0.0,0.0,4.0,6.0,0.0,0.0,0.0,0.0,0.0,0.0,0.0,0.0,0.0,0.0,0.0,0.0,0.0,0.0,0.0,0.0,2.0,0.0,0.0,0.0,9.0,4.0,0.0,0.0,False,31.0
INE510W01014,INOXGREEN,INOX GREEN,Power,False,,,5,2,10.0,0,4,17,MONITOR,,↑6,False,False,0%,TOPPING,CAUTION,OTHER,0.0,0.3986,0.0275,"CAPEX_SUPERCYCLE,POWER",3.0,0.0,,5.0,2.0,4.0,1.0,,,1.0,Fresh,₹166 – ₹173,₹160 (−5.5%),,,5.3,23,True,2026-06-05 12:45:27,0.0,0.0,0,0.0,4.0,0.0,0.0,0.0,2.0,0.0,0.0,0.0,0.0,0.0,0.0,0.0,0.0,0.0,0.0,0.0,0.0,0.0,0.0,0.0,0.0,0.0,0.0,0.0,0.0,4.0,0.0,0.0,False,
INE071E01023,UGARSUGAR,UGAR SUGAR WORKS,Agricultural Food & other Products,False,,,0,2,13.0,4,4,16,MONITOR,,↑3,False,False,0%,CORRECTION,CAUTION,OTHER,0.0,0.0272,0.0,AGRI,3.0,-3.0,DE_ROCE_STRESS|EARN_QUALITY,0.0,0.0,5.0,1.0,,,1.0,Fresh,₹40 – ₹41,₹38 (−5.1%),,,5.2,19,True,2026-06-05 12:45:07,0.0,0.0,0,0.0,0.0,0.0,0.0,0.0,2.0,0.0,0.0,0.0,0.0,0.0,0.0,0.0,0.0,0.0,0.0,0.0,0.0,0.0,2.0,0.0,0.0,0.0,0.0,0.0,0.0,4.0,0.0,0.0,False,
INE11HF01010,EEPL,EPPELTONE ENE.,Electrical Equipment,False,,,1,0,10.0,6,4,16,MONITOR,,↑3,False,False,0%,TOPPING,CAUTION,OTHER,0.0,0.02,0.0,"CAPEX_SUPERCYCLE,POWER",2.0,0.0,,4.0,1.0,1.0,0.0,,,1.0,Fresh,,,,,5.2,18,True,2026-06-05 12:45:18,0.0,0.0,0,0.0,0.0,0.0,0.0,0.0,0.0,0.0,0.0,0.0,0.0,0.0,0.0,0.0,0.0,0.0,0.0,0.0,0.0,0.0,0.0,0.0,0.0,3.0,0.0,0.0,0.0,4.0,0.0,0.0,False,
INE0YU901016,DANISH,DANISH POWER,Electrical Equipment,False,,,1,0,10.0,6,4,16,MONITOR,,↑3,False,False,0%,TOPPING,CAUTION,OTHER,0.0,0.026,0.0034,"CAPEX_SUPERCYCLE,POWER",2.0,0.0,,4.0,1.0,1.0,0.0,,,1.0,Fresh,,,,,5.2,18,True,2026-06-05 12:45:20,0.0,0.0,0,0.0,0.0,0.0,0.0,0.0,0.0,0.0,0.0,0.0,0.0,0.0,0.0,0.0,0.0,0.0,0.0,0.0,0.0,0.0,0.0,0.0,0.0,3.0,0.0,0.0,0.0,4.0,0.0,0.0,False,
INE013P01021,ONESOURCE,ONESOURCE SPECI.,Pharmaceuticals & Biotechnology,False,,,1,4,8.0,14,13,15,MONITOR,▲ Approaching WATCHLIST_EXTERNAL,↑21,False,False,0%,LATE_CYCLE,CAUTION,OTHER,1.0,0.8739,0.2025,"HEALTHCARE,PLI",7.0,-3.0,PAPER_PROFIT,3.0,1.0,8.0,2.0,,,1.0,Fresh,"₹1,780 – ₹1,841","₹1,718 (−5.1%)",,,4.5,36,True,2026-06-05 12:45:01,0.0,0.0,0,0.0,4.0,0.0,0.0,0.0,0.0,0.0,4.0,0.0,0.0,2.0,0.0,0.0,0.0,0.0,0.0,0.0,0.0,0.0,0.0,0.0,2.0,3.0,0.0,0.0,9.0,4.0,0.0,0.0,False,45.0
INE0FLF01015,NIKITA,NIKITA GREENTECH RECYCLING,"Paper, Forest & Jute Products",False,,,1,0,10.0,0,4,15,MONITOR,,─,False,False,0%,CORRECTION,CAUTION,OTHER,0.0,0.1834,0.0,nan,1.0,0.0,,4.0,1.0,1.0,0.0,,,1.0,Fresh,,,,,4.5,15,False,2026-06-05 12:45:02,0.0,0.0,0,0.0,0.0,0.0,0.0,0.0,0.0,0.0,0.0,0.0,0.0,0.0,0.0,0.0,0.0,0.0,0.0,0.0,0.0,0.0,0.0,0.0,0.0,0.0,0.0,0.0,0.0,4.0,0.0,0.0,False,
INE0VJT01017,PROFX,PRO FX,Consumer Durables,False,,,1,0,10.0,0,13,15,MONITOR,,↑9,False,False,0%,LATE_CYCLE,CAUTION,CONSUMPTION,0.0,0.0016,0.0,PREMIUMISATION,2.0,0.0,,4.0,1.0,1.0,0.0,,,1.0,Fresh,,,,,4.5,24,True,2026-06-05 12:45:03,0.0,0.0,0,0.0,0.0,0.0,0.0,0.0,0.0,0.0,0.0,0.0,0.0,0.0,0.0,0.0,0.0,0.0,0.0,0.0,0.0,0.0,0.0,0.0,0.0,0.0,0.0,0.0,9.0,4.0,0.0,0.0,False,
INE0VG601013,PELATRO,PELATRO,Media,False,,,1,0,10.0,0,4,15,MONITOR,,─,False,False,0%,TOPPING,CAUTION,OTHER,0.0,0.1046,0.0,nan,1.0,0.0,,3.0,1.0,3.0,0.0,,,1.0,Fresh,,,,,4.5,15,False,2026-06-05 12:45:03,0.0,0.0,0,0.0,0.0,0.0,0.0,0.0,0.0,0.0,0.0,0.0,0.0,0.0,0.0,0.0,0.0,0.0,0.0,0.0,0.0,0.0,0.0,0.0,0.0,0.0,0.0,0.0,0.0,4.0,0.0,0.0,False,
INE1XWN01017,STRIDERS,STRIDERS IMPEX,Consumer Durables,False,,,1,0,10.0,0,13,15,MONITOR,,↑9,False,False,0%,LATE_CYCLE,CAUTION,CONSUMPTION,0.0,0.282,0.0,PREMIUMISATION,2.0,0.0,,4.0,1.0,0.0,0.0,,,1.0,Fresh,,,,,4.5,24,True,2026-06-05 12:45:08,0.0,0.0,0,0.0,0.0,0.0,0.0,0.0,0.0,0.0,0.0,0.0,0.0,0.0,0.0,0.0,0.0,0.0,0.0,0.0,0.0,0.0,0.0,0.0,0.0,0.0,0.0,0.0,9.0,4.0,0.0,0.0,False,
INE00MT01022,SAJHOTELS,SAJ HOTELS,Leisure Services,False,,,1,1,10.0,0,13,15,MONITOR,,↑12,False,False,0%,LATE_CYCLE,CAUTION,OTHER,0.0,0.0302,0.0,PREMIUMISATION,3.0,0.0,,4.0,1.0,3.0,0.0,,,1.0,Fresh,,,,,4.5,26,True,2026-06-05 12:45:11,0.0,0.0,0,0.0,0.0,0.0,0.0,0.0,0.0,0.0,0.0,0.0,2.0,0.0,0.0,0.0,0.0,0.0,0.0,0.0,0.0,0.0,0.0,0.0,0.0,0.0,0.0,0.0,9.0,4.0,0.0,0.0,False,
INE113601012,REXPRO,REXPRO ENTER.,Consumer Durables,False,,,1,0,10.0,0,13,15,MONITOR,,↑9,False,False,0%,LATE_CYCLE,CAUTION,CONSUMPTION,0.0,0.1768,0.0,PREMIUMISATION,2.0,0.0,,4.0,1.0,1.0,0.0,,,1.0,Fresh,,,,,4.5,24,True,2026-06-05 12:45:12,0.0,0.0,0,0.0,0.0,0.0,0.0,0.0,0.0,0.0,0.0,0.0,0.0,0.0,0.0,0.0,0.0,0.0,0.0,0.0,0.0,0.0,0.0,0.0,0.0,0.0,0.0,0.0,9.0,4.0,0.0,0.0,False,
INE17D601016,SAFEENTP,SAFE ENTERPRISES,Consumer Durables,False,,,1,0,10.0,0,13,15,MONITOR,,↑9,False,False,0%,LATE_CYCLE,CAUTION,CONSUMPTION,0.0,0.0408,0.0,PREMIUMISATION,2.0,0.0,,4.0,1.0,1.0,0.0,,,1.0,Fresh,,,,,4.5,24,True,2026-06-05 12:45:13,0.0,0.0,0,0.0,0.0,0.0,0.0,0.0,0.0,0.0,0.0,0.0,0.0,0.0,0.0,0.0,0.0,0.0,0.0,0.0,0.0,0.0,0.0,0.0,0.0,0.0,0.0,0.0,9.0,4.0,0.0,0.0,False,
INE1FL101016,SHETHJI,SHREEJI GLOBAL,Agricultural Food & other Products,False,,,1,0,13.0,0,4,15,MONITOR,,↑3,False,False,0%,CORRECTION,CAUTION,OTHER,0.0,0.2712,0.0,AGRI,1.0,0.0,,4.0,1.0,1.0,0.0,,,1.0,Fresh,,,,,4.5,18,True,2026-06-05 12:45:14,0.0,0.0,0,0.0,0.0,0.0,0.0,0.0,0.0,0.0,0.0,0.0,0.0,0.0,0.0,0.0,0.0,0.0,0.0,0.0,0.0,0.0,0.0,0.0,0.0,0.0,0.0,0.0,0.0,4.0,0.0,0.0,False,
INE0XUD01014,BRANDMAN,BRANDMAN RETAIL,Consumer Durables,False,,,1,0,10.0,0,13,15,MONITOR,,↑9,False,False,0%,LATE_CYCLE,CAUTION,CONSUMPTION,0.0,0.0714,0.0,PREMIUMISATION,2.0,0.0,,4.0,1.0,0.0,0.0,,,1.0,Fresh,,,,,4.5,24,True,2026-06-05 12:45:17,0.0,0.0,0,0.0,0.0,0.0,0.0,0.0,0.0,0.0,0.0,0.0,0.0,0.0,0.0,0.0,0.0,0.0,0.0,0.0,0.0,0.0,0.0,0.0,0.0,0.0,0.0,0.0,9.0,4.0,0.0,0.0,False,
INE0PXC01024,ETL,EMKAY TOOLS,Industrial Manufacturing,False,,,1,0,13.0,0,4,15,MONITOR,,↑3,False,False,0%,TOPPING,CAUTION,OTHER,0.0,0.0046,0.0,PLI,1.0,0.0,,4.0,1.0,1.0,0.0,,,1.0,Fresh,,,,,4.5,18,True,2026-06-05 12:45:19,0.0,0.0,0,0.0,0.0,0.0,0.0,0.0,0.0,0.0,0.0,0.0,0.0,0.0,0.0,0.0,0.0,0.0,0.0,0.0,0.0,0.0,0.0,0.0,0.0,0.0,0.0,0.0,0.0,4.0,0.0,0.0,False,
INE0SBP01018,ESPRIT,ESPRIT STONES,Consumer Durables,False,,,1,0,10.0,0,13,15,MONITOR,,↑9,False,False,0%,LATE_CYCLE,CAUTION,CONSUMPTION,0.0,0.022,0.0,PREMIUMISATION,2.0,0.0,,4.0,1.0,1.0,0.0,,,1.0,Fresh,,,,,4.5,24,True,2026-06-05 12:45:19,0.0,0.0,0,0.0,0.0,0.0,0.0,0.0,0.0,0.0,0.0,0.0,0.0,0.0,0.0,0.0,0.0,0.0,0.0,0.0,0.0,0.0,0.0,0.0,0.0,0.0,0.0,0.0,9.0,4.0,0.0,0.0,False,
INE0WL201014,CUDML,CASH UR DRIVE,Media,False,,,1,0,10.0,0,4,15,MONITOR,,─,False,False,0%,TOPPING,CAUTION,OTHER,0.0,0.297,0.0,nan,1.0,0.0,,4.0,1.0,1.0,0.0,,,1.0,Fresh,,,,,4.5,15,False,2026-06-05 12:45:20,0.0,0.0,0,0.0,0.0,0.0,0.0,0.0,0.0,0.0,0.0,0.0,0.0,0.0,0.0,0.0,0.0,0.0,0.0,0.0,0.0,0.0,0.0,0.0,0.0,0.0,0.0,0.0,0.0,4.0,0.0,0.0,False,
INE124401014,AARADHYA,AARADHYA DIS.,"Paper, Forest & Jute Products",False,,,1,0,10.0,0,4,15,MONITOR,,─,False,False,0%,CORRECTION,CAUTION,OTHER,0.0,0.0064,0.0,nan,1.0,0.0,,4.0,1.0,1.0,0.0,,,1.0,Fresh,,,,,4.5,15,False,2026-06-05 12:45:23,0.0,0.0,0,0.0,0.0,0.0,0.0,0.0,0.0,0.0,0.0,0.0,0.0,0.0,0.0,0.0,0.0,0.0,0.0,0.0,0.0,0.0,0.0,0.0,0.0,0.0,0.0,0.0,0.0,4.0,0.0,0.0,False,
INE0XOW01017,KKJEWELS,KABRA JEWELS,Consumer Durables,False,,,1,0,10.0,0,13,15,MONITOR,,↑9,False,False,0%,LATE_CYCLE,CAUTION,CONSUMPTION,0.0,0.0064,0.0,PREMIUMISATION,2.0,0.0,,4.0,1.0,1.0,0.0,,,1.0,Fresh,,,,,4.5,24,True,2026-06-05 12:45:26,0.0,0.0,0,0.0,0.0,0.0,0.0,0.0,0.0,0.0,0.0,0.0,0.0,0.0,0.0,0.0,0.0,0.0,0.0,0.0,0.0,0.0,0.0,0.0,0.0,0.0,0.0,0.0,9.0,4.0,0.0,0.0,False,
INE1H7V01011,PARTH,PARTH ELECTRICAL,Electrical Equipment,False,,,1,0,10.0,0,4,14,MONITOR,,↑3,False,False,0%,TOPPING,CAUTION,OTHER,0.0,0.2132,0.0,"CAPEX_SUPERCYCLE,POWER",1.0,0.0,,4.0,1.0,1.0,0.0,,,1.0,Fresh,,,,,3.7,15,True,2026-06-05 12:45:04,0.0,0.0,0,0.0,0.0,0.0,0.0,0.0,0.0,0.0,0.0,0.0,0.0,0.0,0.0,0.0,0.0,0.0,0.0,0.0,0.0,0.0,0.0,0.0,0.0,0.0,0.0,0.0,0.0,4.0,0.0,0.0,False,
INE0R0201012,LAMOSAIC,LAMOSAIC INDIA,Consumer Durables,False,,,1,1,10.0,0,13,14,MONITOR,,↑9,True,False,0%,LATE_CYCLE,CAUTION,CONSUMPTION,0.0,0.0064,0.0,PREMIUMISATION,2.0,-2.0,EARN_QUALITY,3.0,1.0,4.0,1.0,,,1.0,Fresh,,,,,3.7,23,True,2026-06-05 12:45:05,0.0,0.0,0,0.0,0.0,0.0,0.0,0.0,0.0,0.0,0.0,0.0,0.0,0.0,0.0,0.0,0.0,0.0,0.0,0.0,0.0,0.0,0.0,0.0,0.0,0.0,0.0,0.0,9.0,4.0,0.0,0.0,False,
INE0U2M01015,VDEAL,VDEAL SYSTEM,Electrical Equipment,False,,,1,0,10.0,0,4,14,MONITOR,,↑3,False,False,0%,TOPPING,CAUTION,OTHER,0.0,0.0408,0.0,"CAPEX_SUPERCYCLE,POWER",1.0,0.0,,3.0,1.0,1.0,0.0,,,1.0,Fresh,,,,,3.7,15,True,2026-06-05 12:45:10,0.0,0.0,0,0.0,0.0,0.0,0.0,0.0,0.0,0.0,0.0,0.0,0.0,0.0,0.0,0.0,0.0,0.0,0.0,0.0,0.0,0.0,0.0,0.0,0.0,0.0,0.0,0.0,0.0,4.0,0.0,0.0,False,
INE0WL901019,VIJAYPD,VIJAYPD CEUTICAL,Electrical Equipment,False,,,1,0,10.0,0,4,14,MONITOR,,↑3,False,False,0%,TOPPING,CAUTION,OTHER,0.0,0.0,0.0,"CAPEX_SUPERCYCLE,POWER",1.0,0.0,,4.0,1.0,1.0,0.0,,,1.0,Fresh,,,,,3.7,15,True,2026-06-05 12:45:11,0.0,0.0,0,0.0,0.0,0.0,0.0,0.0,0.0,0.0,0.0,0.0,0.0,0.0,0.0,0.0,0.0,0.0,0.0,0.0,0.0,0.0,0.0,0.0,0.0,0.0,0.0,0.0,0.0,4.0,0.0,0.0,False,
INE0PCY01014,AKANKSHA,AKANKSHA POWER,Electrical Equipment,False,,,1,0,10.0,0,4,14,MONITOR,,↑3,False,False,0%,TOPPING,CAUTION,OTHER,0.0,0.012,0.0,"CAPEX_SUPERCYCLE,POWER",1.0,0.0,,3.0,1.0,1.0,0.0,,,1.0,Fresh,,,,,3.7,15,True,2026-06-05 12:45:23,0.0,0.0,0,0.0,0.0,0.0,0.0,0.0,0.0,0.0,0.0,0.0,0.0,0.0,0.0,0.0,0.0,0.0,0.0,0.0,0.0,0.0,0.0,0.0,0.0,0.0,0.0,0.0,0.0,4.0,0.0,0.0,False,
INE0V0Q01019,ATCENERGY,ATC ENERGIES,Electrical Equipment,False,,,1,0,10.0,0,4,14,MONITOR,,↑3,False,False,0%,TOPPING,CAUTION,OTHER,0.0,0.0062,0.0,"CAPEX_SUPERCYCLE,POWER",1.0,0.0,,3.0,1.0,1.0,0.0,,,1.0,Fresh,,,,,3.7,15,True,2026-06-05 12:45:24,0.0,0.0,0,0.0,0.0,0.0,0.0,0.0,0.0,0.0,0.0,0.0,0.0,0.0,0.0,0.0,0.0,0.0,0.0,0.0,0.0,0.0,0.0,0.0,0.0,0.0,0.0,0.0,0.0,4.0,0.0,0.0,False,
INE1KU201016,AVANA,AVANA ELECTROSYSTEMS,Electrical Equipment,False,,,1,0,10.0,0,4,14,MONITOR,,↑3,False,False,0%,TOPPING,CAUTION,OTHER,0.0,0.0486,0.0,"CAPEX_SUPERCYCLE,POWER",1.0,0.0,,4.0,1.0,0.0,0.0,,,1.0,Fresh,,,,,3.7,15,True,2026-06-05 12:45:24,0.0,0.0,0,0.0,0.0,0.0,0.0,0.0,0.0,0.0,0.0,0.0,0.0,0.0,0.0,0.0,0.0,0.0,0.0,0.0,0.0,0.0,0.0,0.0,0.0,0.0,0.0,0.0,0.0,4.0,0.0,0.0,False,
INE0HOQ01053,GROWW,BILLIONBRAINS,Capital Markets,False,,,1,4,9.0,22,4,14,MONITOR,,↑12,False,False,0%,TOPPING,CAUTION,FINANCIALS,1.0,1.261,0.1047,FIN_INCLUSION,8.0,0.0,,3.0,1.0,8.0,2.0,,,1.0,Fresh,₹186 – ₹191,₹182 (−3.9%),,,3.7,31,True,2026-06-05 12:45:28,0.0,0.0,0,0.0,0.0,0.0,0.0,0.0,0.0,0.0,4.0,0.0,0.0,2.0,1.0,3.0,0.0,0.0,0.0,0.0,0.0,1.0,2.0,0.0,2.0,0.0,0.0,0.0,0.0,4.0,0.0,0.0,False,45.0
INE0SI601032,ANYA,ANYA POLYTECH &,Fertilizers & Agrochemicals,False,,,1,0,10.0,0,4,13,MONITOR,,─,False,False,0%,TOPPING,CAUTION,OTHER,0.0,0.1832,0.0,AGRI,1.0,0.0,,4.0,1.0,2.0,0.0,,,1.0,Fresh,,,,,3.3,15,True,2026-06-05 12:45:21,0.0,0.0,0,0.0,0.0,0.0,0.0,0.0,0.0,0.0,0.0,0.0,0.0,0.0,0.0,0.0,0.0,0.0,0.0,0.0,0.0,0.0,0.0,0.0,0.0,0.0,0.0,0.0,0.0,4.0,0.0,0.0,False,
INE1J6M01010,ACETEC,ACETECH E-COMMERCE,Retailing,False,,,1,0,10.0,0,4,13,MONITOR,,─,False,False,0%,TOPPING,CAUTION,OTHER,0.0,0.249,0.0,PREMIUMISATION,1.0,0.0,,4.0,1.0,0.0,0.0,,,1.0,Fresh,,,,,3.3,15,True,2026-06-05 12:45:22,0.0,0.0,0,0.0,0.0,0.0,0.0,0.0,0.0,0.0,0.0,0.0,0.0,0.0,0.0,0.0,0.0,0.0,0.0,0.0,0.0,0.0,0.0,0.0,0.0,0.0,0.0,0.0,0.0,4.0,0.0,0.0,False,
INE15B101011,OPTIVALUE,OPTIVALUE TEK,IT - Services,False,,,1,0,10.0,0,14,12,MONITOR,,↑12,False,False,0%,BASING,CAUTION,OTHER,0.0,0.1372,0.0,DIGITAL,2.0,0.0,,4.0,1.0,1.0,0.0,,,1.0,Fresh,,,,,2.9,25,True,2026-06-05 12:45:01,0.0,0.0,0,0.0,0.0,0.0,0.0,0.0,0.0,0.0,0.0,0.0,0.0,0.0,0.0,0.0,0.0,0.0,0.0,0.0,0.0,0.0,0.0,0.0,0.0,0.0,0.0,0.0,10.0,4.0,0.0,0.0,False,
INE17GV01016,PATILAUTOM,PATIL AUTOMATION,Industrial Manufacturing,False,,,1,0,10.0,0,4,12,MONITOR,,↑3,False,False,0%,TOPPING,CAUTION,OTHER,0.0,0.099,0.0,PLI,1.0,0.0,,4.0,1.0,1.0,0.0,,,1.0,Fresh,,,,,2.9,15,True,2026-06-05 12:45:04,0.0,0.0,0,0.0,0.0,0.0,0.0,0.0,0.0,0.0,0.0,0.0,0.0,0.0,0.0,0.0,0.0,0.0,0.0,0.0,0.0,0.0,0.0,0.0,0.0,0.0,0.0,0.0,0.0,4.0,0.0,0.0,False,
INE132901013,MGSL,MATRIX GEO SOL.,IT - Services,False,,,1,0,10.0,0,14,12,MONITOR,,↑12,False,False,0%,BASING,CAUTION,OTHER,0.0,0.0232,0.0,DIGITAL,2.0,0.0,,4.0,1.0,1.0,0.0,,,1.0,Fresh,,,,,2.9,25,True,2026-06-05 12:45:05,0.0,0.0,0,0.0,0.0,0.0,0.0,0.0,0.0,0.0,0.0,0.0,0.0,0.0,0.0,0.0,0.0,0.0,0.0,0.0,0.0,0.0,0.0,0.0,0.0,0.0,0.0,0.0,10.0,4.0,0.0,0.0,False,
INE0SYV01018,TROM,TROM INDUSTRIES,Electrical Equipment,False,,,1,0,10.0,0,4,12,MONITOR,,↑3,False,False,0%,TOPPING,CAUTION,OTHER,0.0,0.0166,0.0,"CAPEX_SUPERCYCLE,POWER",1.0,-2.0,EARN_QUALITY,3.0,1.0,0.0,0.0,,,1.0,Fresh,,,,,2.9,13,True,2026-06-05 12:45:07,0.0,0.0,0,0.0,0.0,0.0,0.0,0.0,0.0,0.0,0.0,0.0,0.0,0.0,0.0,0.0,0.0,0.0,0.0,0.0,0.0,0.0,0.0,0.0,0.0,0.0,0.0,0.0,0.0,4.0,0.0,0.0,False,
INE0RYR01018,SUBAHOTELS,SUBA HOTELS,Leisure Services,False,,,1,0,10.0,0,13,12,MONITOR,,↑12,False,False,0%,LATE_CYCLE,CAUTION,OTHER,0.0,0.0696,0.0,PREMIUMISATION,2.0,0.0,,4.0,1.0,1.0,0.0,,,1.0,Fresh,,,,,2.9,24,True,2026-06-05 12:45:08,0.0,0.0,0,0.0,0.0,0.0,0.0,0.0,0.0,0.0,0.0,0.0,0.0,0.0,0.0,0.0,0.0,0.0,0.0,0.0,0.0,0.0,0.0,0.0,0.0,0.0,0.0,0.0,9.0,4.0,0.0,0.0,False,
INE0XWS01018,TAURIAN,TAURIAN MPS,Industrial Manufacturing,False,,,1,0,10.0,0,4,12,MONITOR,,↑3,False,False,0%,TOPPING,CAUTION,OTHER,0.0,0.014,0.0,PLI,1.0,0.0,,4.0,1.0,1.0,0.0,,,1.0,Fresh,,,,,2.9,15,True,2026-06-05 12:45:08,0.0,0.0,0,0.0,0.0,0.0,0.0,0.0,0.0,0.0,0.0,0.0,0.0,0.0,0.0,0.0,0.0,0.0,0.0,0.0,0.0,0.0,0.0,0.0,0.0,0.0,0.0,0.0,0.0,4.0,0.0,0.0,False,
INE0Y5H01014,TECHD,TECHD CYBERSEC.,IT - Services,False,,,1,0,10.0,0,14,12,MONITOR,,↑12,False,False,0%,BASING,CAUTION,OTHER,0.0,0.014,0.0,DIGITAL,2.0,0.0,,4.0,1.0,1.0,0.0,,,1.0,Fresh,,,,,2.9,25,True,2026-06-05 12:45:09,0.0,0.0,0,0.0,0.0,0.0,0.0,0.0,0.0,0.0,0.0,0.0,0.0,0.0,0.0,0.0,0.0,0.0,0.0,0.0,0.0,0.0,0.0,0.0,0.0,0.0,0.0,0.0,10.0,4.0,0.0,0.0,False,
INE0QNI01012,BOSS,BOSS PACKAGING,Industrial Manufacturing,False,,,1,0,10.0,0,4,12,MONITOR,,↑3,False,False,0%,TOPPING,CAUTION,OTHER,0.0,0.0044,0.0,PLI,1.0,0.0,,4.0,1.0,2.0,0.0,,,1.0,Fresh,,,,,2.9,15,True,2026-06-05 12:45:18,0.0,0.0,0,0.0,0.0,0.0,0.0,0.0,0.0,0.0,0.0,0.0,0.0,0.0,0.0,0.0,0.0,0.0,0.0,0.0,0.0,0.0,0.0,0.0,0.0,0.0,0.0,0.0,0.0,4.0,0.0,0.0,False,
INE0KLO01025,ACTIVEINFR,ACTIVE INFRA.,Realty,False,,,1,0,10.0,6,4,12,MONITOR,,↑6,False,False,0%,CORRECTION,CAUTION,OTHER,0.0,0.1094,0.0,INFRA,2.0,0.0,,4.0,1.0,1.0,0.0,,,1.0,Fresh,,,,,2.9,18,True,2026-06-05 12:45:23,0.0,0.0,0,0.0,0.0,0.0,0.0,0.0,0.0,0.0,0.0,0.0,0.0,0.0,0.0,0.0,0.0,0.0,0.0,0.0,0.0,0.0,0.0,0.0,0.0,3.0,0.0,0.0,0.0,4.0,0.0,0.0,False,
INE0SVY01018,KATARIA,KATARIA INDUST.,Industrial Manufacturing,False,,,1,0,10.0,0,4,12,MONITOR,,↑3,False,False,0%,TOPPING,CAUTION,OTHER,0.0,0.0072,0.0,PLI,1.0,0.0,,3.0,1.0,1.0,0.0,,,1.0,Fresh,,,,,2.9,15,True,2026-06-05 12:45:26,0.0,0.0,0,0.0,0.0,0.0,0.0,0.0,0.0,0.0,0.0,0.0,0.0,0.0,0.0,0.0,0.0,0.0,0.0,0.0,0.0,0.0,0.0,0.0,0.0,0.0,0.0,0.0,0.0,4.0,0.0,0.0,False,
INE0KZF01015,QVCEL,QVC EXPORTS,Ferrous Metals,False,,,1,0,10.0,0,4,11,MONITOR,,↑4,False,False,0%,CORRECTION,CAUTION,OTHER,0.0,0.0246,0.0,nan,1.0,0.0,,3.0,1.0,2.0,0.0,,,1.0,Fresh,,,,,2.3,15,True,2026-06-05 12:45:01,0.0,0.0,0,0.0,0.0,0.0,0.0,0.0,0.0,0.0,0.0,0.0,0.0,0.0,0.0,0.0,0.0,0.0,0.0,0.0,0.0,0.0,0.0,0.0,0.0,0.0,0.0,0.0,0.0,4.0,0.0,0.0,False,
INE494B01023,TVSMOTOR,TVS MOTOR CO.,Automobiles,False,,,16,14,8.0,10,14,11,MONITOR,,─,False,False,0%,BASING,CAUTION,OTHER,1.0,0.9098,0.289,PREMIUMISATION,15.0,-3.0,PAPER_PROFIT,6.0,2.0,9.0,2.0,,,1.0,Fresh,"₹3,276 – ₹3,358","₹3,194 (−3.7%)",,,2.3,9,True,2026-06-05 12:45:07,8.0,4.0,GATE,0.0,4.0,5.0,4.0,6.0,2.0,0.0,4.0,2.0,2.0,0.0,1.0,3.0,0.0,0.0,0.0,0.0,0.0,1.0,0.0,0.0,0.0,0.0,0.0,0.0,10.0,4.0,0.0,0.0,False,68.0
INE945H01021,V2RETAIL,V2 RETAIL,Retailing,False,,,12,10,10.0,28,4,11,MONITOR,,─,False,False,0%,TOPPING,CAUTION,OTHER,0.0,0.1258,0.1658,PREMIUMISATION,18.0,0.0,,5.0,2.0,5.0,1.0,,,1.0,Fresh,₹240 – ₹251,₹230 (−6.5%),,,2.3,13,True,2026-06-05 12:45:10,4.0,4.0,GATE,0.0,4.0,0.0,4.0,0.0,2.0,4.0,0.0,2.0,2.0,2.0,1.0,3.0,1.0,1.0,1.0,0.0,0.0,1.0,0.0,0.0,2.0,0.0,0.0,2.0,0.0,4.0,0.0,0.0,False,
INE10VS01016,SAWALIYA,SAWALIYA FOOD,Agricultural Food & other Products,False,,,1,0,10.0,0,4,11,MONITOR,,↑4,False,False,0%,CORRECTION,CAUTION,OTHER,0.0,0.2148,0.0,AGRI,1.0,0.0,,4.0,1.0,1.0,0.0,,,1.0,Fresh,,,,,2.3,15,True,2026-06-05 12:45:12,0.0,0.0,0,0.0,0.0,0.0,0.0,0.0,0.0,0.0,0.0,0.0,0.0,0.0,0.0,0.0,0.0,0.0,0.0,0.0,0.0,0.0,0.0,0.0,0.0,0.0,0.0,0.0,0.0,4.0,0.0,0.0,False,
INE0NON01025,SHKSIL,SHRI HARE-KRISH.,Ferrous Metals,False,,,1,0,10.0,0,4,11,MONITOR,,↑4,False,False,0%,CORRECTION,CAUTION,OTHER,0.0,0.0032,0.0,nan,1.0,0.0,,4.0,1.0,1.0,0.0,,,1.0,Fresh,,,,,2.3,15,True,2026-06-05 12:45:15,0.0,0.0,0,0.0,0.0,0.0,0.0,0.0,0.0,0.0,0.0,0.0,0.0,0.0,0.0,0.0,0.0,0.0,0.0,0.0,0.0,0.0,0.0,0.0,0.0,0.0,0.0,0.0,0.0,4.0,0.0,0.0,False,
INE0SMX01019,CKKRETAIL,C K K RETAIL,Agricultural Food & other Products,False,,,1,0,10.0,0,4,11,MONITOR,,↑4,False,False,0%,CORRECTION,CAUTION,OTHER,0.0,0.0,0.0,AGRI,1.0,0.0,,4.0,1.0,0.0,0.0,,,1.0,Fresh,,,,,2.3,15,True,2026-06-05 12:45:16,0.0,0.0,0,0.0,0.0,0.0,0.0,0.0,0.0,0.0,0.0,0.0,0.0,0.0,0.0,0.0,0.0,0.0,0.0,0.0,0.0,0.0,0.0,0.0,0.0,0.0,0.0,0.0,0.0,4.0,0.0,0.0,False,
INE208A01029,ASHOKLEY,ASHOK LEYLAND,"Agricultural, Commercial & Construction Vehicles",False,,,4,11,11.0,18,4,11,MONITOR,,─,False,False,0%,CORRECTION,CAUTION,OTHER,1.0,0.9916,0.1584,AGRI,13.0,-3.0,PAPER_PROFIT,3.0,1.0,8.0,2.0,,,1.0,Fresh,₹143 – ₹148,₹138 (−5.2%),,,2.3,11,False,2026-06-05 12:45:21,4.0,4.0,GATE,0.0,0.0,0.0,4.0,0.0,2.0,0.0,4.0,2.0,2.0,0.0,1.0,3.0,0.0,0.0,0.0,0.0,0.0,1.0,2.0,2.0,0.0,0.0,0.0,0.0,0.0,4.0,0.0,0.0,False,
INE151A01013,TATACOMM,TATA COMM,Telecom - Services,False,,,18,11,10.0,26,14,10,MONITOR,,↑3,False,False,0%,BASING,CAUTION,OTHER,0.0,0.5799,0.3336,DIGITAL,19.0,0.0,,3.0,1.0,8.0,2.0,,,1.0,Fresh,"₹1,889 – ₹1,978","₹1,801 (−6.9%)",,,1.9,13,True,2026-06-05 12:45:08,8.0,4.0,GATE,4.0,0.0,5.0,0.0,0.0,2.0,4.0,4.0,2.0,2.0,2.0,1.0,3.0,1.0,1.0,0.0,0.0,1.0,1.0,0.0,0.0,0.0,3.0,0.0,0.0,10.0,4.0,0.0,0.0,False,9.0
INE0JQS01019,TECHERA,TECHERA ENGINEE.,Aerospace & Defense,False,,,1,0,13.0,4,4,10,MONITOR,,↑9,False,False,0%,TOPPING,CAUTION,CAPEX_CYCLE,0.0,0.0332,0.0,"CAPEX_SUPERCYCLE,DEFENCE",2.0,0.0,,3.0,1.0,1.0,0.0,,,1.0,Fresh,,,,,1.9,20,True,2026-06-05 12:45:08,0.0,0.0,0,0.0,0.0,0.0,0.0,0.0,0.0,0.0,0.0,0.0,0.0,0.0,0.0,0.0,0.0,0.0,0.0,0.0,0.0,0.0,2.0,0.0,0.0,0.0,0.0,0.0,0.0,4.0,0.0,0.0,False,
INE0CTB01014,SOCL,SUNDREX OIL,Petroleum Products,False,,,1,0,10.0,0,13,10,MONITOR,,↑20,False,False,0%,LATE_CYCLE,CAUTION,OTHER,0.0,0.0034,0.0,nan,2.0,0.0,,4.0,1.0,1.0,0.0,,,1.0,Fresh,,,,,1.9,24,True,2026-06-05 12:45:15,0.0,0.0,0,0.0,0.0,0.0,0.0,0.0,0.0,0.0,0.0,0.0,0.0,0.0,0.0,0.0,0.0,0.0,0.0,0.0,0.0,0.0,0.0,0.0,0.0,0.0,0.0,0.0,9.0,4.0,0.0,0.0,False,
INE643K01018,ARIHANTSUP,ARIHANT SUPER.,Realty,False,,,0,2,10.0,0,4,9,MONITOR,,↑7,False,False,0%,CORRECTION,CAUTION,OTHER,0.0,0.0076,0.0,INFRA,3.0,-3.0,PAPER_PROFIT,1.0,0.0,4.0,1.0,,,1.0,Fresh,₹259 – ₹270,₹247 (−6.5%),,,1.8,16,True,2026-06-05 12:45:21,0.0,2.0,0,0.0,0.0,0.0,0.0,0.0,0.0,0.0,0.0,2.0,0.0,0.0,0.0,0.0,0.0,0.0,0.0,0.0,0.0,0.0,0.0,0.0,0.0,0.0,0.0,0.0,0.0,4.0,0.0,0.0,False,
INE0U7V01015,C2C,C2C ADVANCED,Aerospace & Defense,False,,,1,0,13.0,4,4,8,MONITOR,,↑10,False,False,0%,TOPPING,CAUTION,CAPEX_CYCLE,0.0,0.155,0.0,"CAPEX_SUPERCYCLE,DEFENCE",2.0,-2.0,EARN_QUALITY,3.0,1.0,0.0,0.0,,,1.0,Fresh,,,,,1.6,18,True,2026-06-05 12:45:17,0.0,0.0,0,0.0,0.0,0.0,0.0,0.0,0.0,0.0,0.0,0.0,0.0,0.0,0.0,0.0,0.0,0.0,0.0,0.0,0.0,0.0,2.0,0.0,0.0,0.0,0.0,0.0,0.0,4.0,0.0,0.0,False,
INE025R01021,ARTEMISMED,ARTEMIS MEDICARE,Healthcare Services,False,,,1,1,10.0,10,13,8,MONITOR,,↑23,False,False,0%,LATE_CYCLE,CAUTION,OTHER,0.0,0.4994,0.0338,HEALTHCARE,7.0,0.0,,4.0,1.0,3.0,0.0,,,1.0,Fresh,₹262 – ₹274,₹251 (−6.6%),,,1.6,31,True,2026-06-05 12:45:21,0.0,0.0,0,0.0,0.0,0.0,0.0,0.0,0.0,0.0,0.0,2.0,0.0,2.0,0.0,0.0,1.0,0.0,1.0,0.0,1.0,0.0,0.0,0.0,0.0,0.0,0.0,0.0,9.0,4.0,0.0,0.0,False,27.0
INE448V01019,ALCODIS,ALCOKRAFT DIST.,Beverages,False,,,1,0,10.0,0,4,8,MONITOR,,↑5,False,False,0%,CORRECTION,CAUTION,CONSUMPTION,0.0,0.0332,0.0,PREMIUMISATION,1.0,-2.0,EARN_QUALITY,3.0,1.0,0.0,0.0,,,1.0,Fresh,,,,,1.6,13,True,2026-06-05 12:45:23,0.0,0.0,0,0.0,0.0,0.0,0.0,0.0,0.0,0.0,0.0,0.0,0.0,0.0,0.0,0.0,0.0,0.0,0.0,0.0,0.0,0.0,0.0,0.0,0.0,0.0,0.0,0.0,0.0,4.0,0.0,0.0,False,
INE218I01013,CRAMC,CANARA ROBECO,Capital Markets,False,,,1,3,13.0,6,4,7,MONITOR,,↑13,False,False,0%,TOPPING,CAUTION,FINANCIALS,0.0,0.0757,0.1873,FIN_INCLUSION,4.0,0.0,,3.0,1.0,6.0,1.0,,,1.0,Fresh,₹245 – ₹252,₹238 (−4.2%),,,1.5,26,True,2026-06-05 12:45:16,0.0,0.0,0,0.0,0.0,0.0,0.0,0.0,0.0,0.0,4.0,0.0,0.0,0.0,0.0,0.0,0.0,0.0,0.0,0.0,1.0,0.0,2.0,0.0,0.0,0.0,0.0,0.0,0.0,4.0,0.0,0.0,False,16.0
INE704V01015,DIRL,DHANUKA INFRA REALTY,Realty,False,,,1,0,10.0,0,4,7,MONITOR,,↑7,False,False,0%,CORRECTION,CAUTION,OTHER,0.0,0.0,0.0,INFRA,1.0,0.0,,4.0,1.0,1.0,0.0,,,1.0,Fresh,,,,,1.5,15,True,2026-06-05 12:45:20,0.0,0.0,0,0.0,0.0,0.0,0.0,0.0,0.0,0.0,0.0,0.0,0.0,0.0,0.0,0.0,0.0,0.0,0.0,0.0,0.0,0.0,0.0,0.0,0.0,0.0,0.0,0.0,0.0,4.0,0.0,0.0,False,
INE0S2W01018,PARAMATRIX,PARAMATRIX TECH.,IT - Software,False,,,1,0,13.0,4,14,5,MONITOR,,↑23,False,False,0%,BASING,CAUTION,OTHER,0.0,0.0892,0.0,DIGITAL,3.0,0.0,,4.0,1.0,2.0,0.0,,,1.0,Fresh,,,,,1.3,30,True,2026-06-05 12:45:03,0.0,0.0,0,0.0,0.0,0.0,0.0,0.0,0.0,0.0,0.0,0.0,0.0,0.0,0.0,0.0,0.0,0.0,0.0,0.0,0.0,0.0,2.0,0.0,0.0,0.0,0.0,0.0,10.0,4.0,0.0,0.0,False,
INE0T8T01010,ACCPL,ACCRETION PHA.,Pharmaceuticals & Biotechnology,False,,,1,3,10.0,0,13,5,MONITOR,,↑23,False,False,0%,LATE_CYCLE,CAUTION,OTHER,0.0,0.0306,0.0,"HEALTHCARE,PLI",3.0,0.0,,4.0,1.0,5.0,1.0,,,1.0,Fresh,,,,,1.3,29,True,2026-06-05 12:45:22,0.0,0.0,0,0.0,0.0,0.0,0.0,0.0,0.0,0.0,4.0,0.0,0.0,0.0,0.0,0.0,0.0,0.0,0.0,0.0,0.0,0.0,0.0,0.0,0.0,0.0,0.0,0.0,9.0,4.0,0.0,0.0,False,
INE1MTV01019,KRMAYURVED,KRM AYURVEDA,Pharmaceuticals & Biotechnology,False,,,1,0,15.0,0,13,5,MONITOR,,↑23,False,False,0%,LATE_CYCLE,CAUTION,OTHER,0.0,0.17,0.0,"HEALTHCARE,PLI",2.0,0.0,,4.0,1.0,1.0,0.0,,,1.0,Fresh,,,,,1.3,29,True,2026-06-05 12:45:26,0.0,0.0,0,0.0,0.0,0.0,0.0,0.0,0.0,0.0,0.0,0.0,0.0,0.0,0.0,0.0,0.0,0.0,0.0,0.0,0.0,0.0,0.0,0.0,0.0,0.0,0.0,0.0,9.0,4.0,0.0,0.0,False,
INE0M1F01011,PREMIUM,PREMIUM PLAST,Auto Components,False,,,1,3,10.0,0,14,4,MONITOR,,↑24,False,False,0%,BASING,CAUTION,OTHER,0.0,0.0752,0.0,PLI,3.0,0.0,,4.0,1.0,5.0,1.0,,,1.0,Fresh,,,,,1.0,30,True,2026-06-05 12:45:02,0.0,0.0,0,0.0,0.0,0.0,0.0,0.0,0.0,0.0,4.0,0.0,0.0,0.0,0.0,0.0,0.0,0.0,0.0,0.0,0.0,0.0,0.0,0.0,0.0,0.0,0.0,0.0,10.0,4.0,0.0,0.0,False,
INE10A501018,MAXVOLT,MAXVOLT ENERGY,Auto Components,False,,,1,3,10.0,0,14,4,MONITOR,,↑24,False,False,0%,BASING,CAUTION,OTHER,0.0,0.0414,0.0,PLI,3.0,0.0,,4.0,1.0,6.0,1.0,,,1.0,Fresh,,,,,1.0,30,True,2026-06-05 12:45:04,0.0,0.0,0,0.0,0.0,0.0,0.0,0.0,0.0,0.0,4.0,0.0,0.0,0.0,0.0,0.0,0.0,0.0,0.0,0.0,0.0,0.0,0.0,0.0,0.0,0.0,0.0,0.0,10.0,4.0,0.0,0.0,False,
INE0RHD01013,ETML,EMERALD TYRE,Auto Components,False,,,1,3,10.0,0,14,4,MONITOR,,↑24,False,False,0%,BASING,CAUTION,OTHER,0.0,0.187,0.0,PLI,3.0,0.0,,3.0,1.0,5.0,1.0,,,1.0,Fresh,,,,,1.0,30,True,2026-06-05 12:45:19,0.0,0.0,0,0.0,0.0,0.0,0.0,0.0,0.0,0.0,4.0,0.0,0.0,0.0,0.0,0.0,0.0,0.0,0.0,0.0,0.0,0.0,0.0,0.0,0.0,0.0,0.0,0.0,10.0,4.0,0.0,0.0,False,
INE0YKW01013,FORGEAUTO,FORGE AUTO,Auto Components,False,,,1,3,10.0,0,14,4,MONITOR,,↑24,False,False,0%,BASING,CAUTION,OTHER,0.0,0.003,0.0,PLI,3.0,0.0,,4.0,1.0,5.0,1.0,,,1.0,Fresh,,,,,1.0,30,True,2026-06-05 12:45:28,0.0,0.0,0,0.0,0.0,0.0,0.0,0.0,0.0,0.0,4.0,0.0,0.0,0.0,0.0,0.0,0.0,0.0,0.0,0.0,0.0,0.0,0.0,0.0,0.0,0.0,0.0,0.0,10.0,4.0,0.0,0.0,False,
INE0NB801022,SATKARTAR,SAT KARTAR,Pharmaceuticals & Biotechnology,False,,,1,3,10.0,0,13,3,MONITOR,,↑24,False,False,0%,LATE_CYCLE,CAUTION,OTHER,0.0,0.0586,0.0,"HEALTHCARE,PLI",3.0,-2.0,EARN_QUALITY,3.0,1.0,5.0,1.0,,,1.0,Fresh,,,,,0.9,27,True,2026-06-05 12:45:12,0.0,0.0,0,0.0,0.0,0.0,0.0,0.0,0.0,0.0,4.0,0.0,0.0,0.0,0.0,0.0,0.0,0.0,0.0,0.0,0.0,0.0,0.0,0.0,0.0,0.0,0.0,0.0,9.0,4.0,0.0,0.0,False,
INE1YNB01019,MOBILISE,MOBILISE APP,IT - Software,False,,,1,0,13.0,0,14,2,MONITOR,,↑24,False,False,0%,BASING,CAUTION,OTHER,0.0,0.0872,0.0,DIGITAL,2.0,0.0,,4.0,1.0,0.0,0.0,,,1.0,Fresh,,,,,0.8,28,True,2026-06-05 12:45:07,0.0,0.0,0,0.0,0.0,0.0,0.0,0.0,0.0,0.0,0.0,0.0,0.0,0.0,0.0,0.0,0.0,0.0,0.0,0.0,0.0,0.0,0.0,0.0,0.0,0.0,0.0,0.0,10.0,4.0,0.0,0.0,False,
INE0XJ501010,INVICTA,INVICTA DIAGNOS.,Healthcare Services,False,,,1,0,13.0,0,13,2,MONITOR,,↑25,False,False,0%,LATE_CYCLE,CAUTION,OTHER,0.0,0.1744,0.0,HEALTHCARE,2.0,0.0,,4.0,1.0,0.0,0.0,,,1.0,Fresh,,,,,0.8,27,True,2026-06-05 12:45:27,0.0,0.0,0,0.0,0.0,0.0,0.0,0.0,0.0,0.0,0.0,0.0,0.0,0.0,0.0,0.0,0.0,0.0,0.0,0.0,0.0,0.0,0.0,0.0,0.0,0.0,0.0,0.0,9.0,4.0,0.0,0.0,False,
INE0BSN01013,SATECH,S A TECH SOFT.,IT - Software,False,,,1,0,10.0,4,14,1,MONITOR,,↑24,False,False,0%,BASING,CAUTION,OTHER,0.0,0.0634,0.0,DIGITAL,3.0,0.0,,3.0,1.0,2.0,0.0,,,1.0,Fresh,,,,,0.6,27,True,2026-06-05 12:45:12,0.0,0.0,0,0.0,0.0,0.0,0.0,0.0,0.0,0.0,0.0,0.0,0.0,0.0,0.0,0.0,0.0,0.0,0.0,0.0,0.0,0.0,0.0,0.0,0.0,0.0,2.0,0.0,10.0,4.0,0.0,0.0,False,
INE0IJF01013,SELLOWRAP,SELLOWRAP INDUS.,Auto Components,False,,,1,0,10.0,6,14,1,MONITOR,,↑25,False,False,0%,BASING,CAUTION,OTHER,0.0,0.1484,0.0,PLI,3.0,0.0,,4.0,1.0,1.0,0.0,,,1.0,Fresh,,,,,0.6,28,True,2026-06-05 12:45:15,0.0,0.0,0,0.0,0.0,0.0,0.0,0.0,0.0,0.0,0.0,0.0,0.0,0.0,0.0,0.0,0.0,0.0,0.0,0.0,0.0,0.0,0.0,0.0,0.0,3.0,0.0,0.0,10.0,4.0,0.0,0.0,False,
INE0DUT01020,INNOVACAP,INNOVA CAPTAB,Pharmaceuticals & Biotechnology,False,LIQUIDITY,"Avg 20d vol 41,438 < 50K shares/day (micro-illiquid)",0,0,,0,0,0,AVOID,,0,False,False,0%,,CAUTION,OTHER,,,,,0.0,,,,,,,,,0.0,Fresh,,,,,0.0,0,False,2026-06-05 12:44:59,,,,,,,,,,,,,,,,,,,,,,,,,,,,,,,,,False,
INE0DZ701010,DYNAMIC,DYNAMIC SERVICES,Commercial Services & Supplies,True,ILLIQUID,Avg daily traded value ₹13.7L < ₹50.0L,0,0,,0,0,0,AVOID,,0,False,False,0%,,CAUTION,OTHER,,,,,0.0,,,,,,,,,0.0,Fresh,,,,,0.0,0,False,2026-06-05 12:44:59,,,,,,,,,,,,,,,,,,,,,,,,,,,,,,,,,False,
INE998U01015,PCCL,PETRO CARBON,Minerals & Mining,True,ILLIQUID,Avg daily traded value ₹42.8L < ₹50.0L,0,0,,0,0,0,AVOID,,0,False,False,0%,,CAUTION,OTHER,,,,,0.0,,,,,,,,,0.0,Fresh,,,,,0.0,0,False,2026-06-05 12:44:59,,,,,,,,,,,,,,,,,,,,,,,,,,,,,,,,,False,
INE06ZX01015,PARTYCRUS,PARTY CRUISERS,Other Consumer Services,True,ILLIQUID,Avg daily traded value ₹22.5L < ₹50.0L,0,0,,0,0,0,AVOID,,0,False,False,0%,,CAUTION,OTHER,,,,,0.0,,,,,,,,,0.0,Fresh,,,,,0.0,0,False,2026-06-05 12:44:59,,,,,,,,,,,,,,,,,,,,,,,,,,,,,,,,,False,
INE828O01033,MITCON,MITCON CONSULT.,Commercial Services & Supplies,True,ILLIQUID,Avg daily traded value ₹8.1L < ₹50.0L,0,0,,0,0,0,AVOID,,0,False,False,0%,,CAUTION,OTHER,,,,,0.0,,,,,,,,,0.0,Fresh,,,,,0.0,0,False,2026-06-05 12:44:59,,,,,,,,,,,,,,,,,,,,,,,,,,,,,,,,,False,
INE332H01014,INDOTECH,INDO TECH.TRANS.,Electrical Equipment,False,LIQUIDITY,"Avg 20d vol 44,448 < 50K shares/day (micro-illiquid)",0,0,,0,0,0,AVOID,,0,False,False,0%,,CAUTION,OTHER,,,,,0.0,,,,,,,,,0.0,Fresh,,,,,0.0,0,False,2026-06-05 12:44:59,,,,,,,,,,,,,,,,,,,,,,,,,,,,,,,,,False,
INE382M01027,UFBL,UNITED FOODBRANDS,Leisure Services,True,CHRONIC_LOSSES,"NP negative 3 of 4 quarters, no turnaround signal",0,0,,0,0,0,AVOID,,0,False,False,0%,,CAUTION,OTHER,,,,,0.0,,,,,,,,,0.0,Fresh,,,,,0.0,0,False,2026-06-05 12:44:59,,,,,,,,,,,,,,,,,,,,,,,,,,,,,,,,,False,
INE0JWV01011,DENEERS,DE NEERS TOOLS,Industrial Products,False,LIQUIDITY,"Avg 20d vol 36,840 < 50K shares/day (micro-illiquid)",0,0,,0,0,0,AVOID,,0,False,False,0%,,CAUTION,OTHER,,,,,0.0,,,,,,,,,0.0,Fresh,,,,,0.0,0,False,2026-06-05 12:45:00,,,,,,,,,,,,,,,,,,,,,,,,,,,,,,,,,False,
INE451L01014,MAHASTEEL,MAHAMAYA STEEL,Industrial Products,True,ILLIQUID,Avg daily traded value ₹30.6L < ₹50.0L,0,0,,0,0,0,AVOID,,0,False,False,0%,,CAUTION,OTHER,,,,,0.0,,,,,,,,,0.0,Fresh,,,,,0.0,0,False,2026-06-05 12:45:00,,,,,,,,,,,,,,,,,,,,,,,,,,,,,,,,,False,
INE00F201020,PRUDENT,PRUDENT CORP.,Capital Markets,False,LIQUIDITY,"Avg 20d vol 31,698 < 50K shares/day (micro-illiquid)",0,0,,0,0,0,AVOID,,0,False,False,0%,,CAUTION,FINANCIALS,,,,,0.0,,,,,,,,,0.0,Fresh,,,,,0.0,0,False,2026-06-05 12:45:00,,,,,,,,,,,,,,,,,,,,,,,,,,,,,,,,,False,34.0
INE147P01019,JPOLYINVST,JINDAL POLY INVE,Finance,False,LIQUIDITY,"Avg 20d vol 11,497 < 50K shares/day (micro-illiquid)",0,0,,0,0,0,AVOID,,0,False,False,0%,,CAUTION,FINANCIALS,,,,,0.0,,,,,,,,,0.0,Fresh,,,,,0.0,0,False,2026-06-05 12:45:00,,,,,,,,,,,,,,,,,,,,,,,,,,,,,,,,,False,
INE450D01021,PITTIENG,PITTI ENGG.,Industrial Manufacturing,False,LIQUIDITY,"Avg 20d vol 39,032 < 50K shares/day (micro-illiquid)",0,0,,0,0,0,AVOID,,0,False,False,0%,,CAUTION,OTHER,,,,,0.0,,,,,,,,,0.0,Fresh,,,,,0.0,0,False,2026-06-05 12:45:00,,,,,,,,,,,,,,,,,,,,,,,,,,,,,,,,,False,
INE751B01018,PIXTRANS,PIX TRANSMISSION,Industrial Products,False,LIQUIDITY,"Avg 20d vol 28,433 < 50K shares/day (micro-illiquid)",0,0,,0,0,0,AVOID,,0,False,False,0%,,CAUTION,OTHER,,,,,0.0,,,,,,,,,0.0,Fresh,,,,,0.0,0,False,2026-06-05 12:45:00,,,,,,,,,,,,,,,,,,,,,,,,,,,,,,,,,False,24.0
INE0LVM01018,GRCL,GAYATRI RUBBERS,Industrial Products,True,ILLIQUID,Avg daily traded value ₹20.6L < ₹50.0L,0,0,,0,0,0,AVOID,,0,False,False,0%,,CAUTION,OTHER,,,,,0.0,,,,,,,,,0.0,Fresh,,,,,0.0,0,False,2026-06-05 12:45:00,,,,,,,,,,,,,,,,,,,,,,,,,,,,,,,,,False,
INE0V9N01017,PRIZOR,PRIZOR VIZTECH,Industrial Manufacturing,False,LIQUIDITY,"Avg 20d vol 30,780 < 50K shares/day (micro-illiquid)",0,0,,0,0,0,AVOID,,0,False,False,0%,,CAUTION,OTHER,,,,,0.0,,,,,,,,,0.0,Fresh,,,,,0.0,0,False,2026-06-05 12:45:00,,,,,,,,,,,,,,,,,,,,,,,,,,,,,,,,,False,
INE0UOS01011,SANOFICONR,SANOFI CONSUMER,Pharmaceuticals & Biotechnology,False,LIQUIDITY,"Avg 20d vol 5,945 < 50K shares/day (micro-illiquid)",0,0,,0,0,0,AVOID,,0,False,False,0%,,CAUTION,OTHER,,,,,0.0,,,,,,,,,0.0,Fresh,,,,,0.0,0,False,2026-06-05 12:45:00,,,,,,,,,,,,,,,,,,,,,,,,,,,,,,,,,False,8.0
INE753W01010,SANGINITA,SANGINITA CHEMI.,Chemicals & Petrochemicals,True,CHRONIC_LOSSES,"NP negative 3 of 4 quarters, no turnaround signal",0,0,,0,0,0,AVOID,,0,False,False,0%,,CAUTION,OTHER,,,,,0.0,,,,,,,,,0.0,Fresh,,,,,0.0,0,False,2026-06-05 12:45:00,,,,,,,,,,,,,,,,,,,,,,,,,,,,,,,,,False,
INE0STN01015,SILKFLEX,SILKFLEX POLYMER,Chemicals & Petrochemicals,True,ILLIQUID,Avg daily traded value ₹14.9L < ₹50.0L,0,0,,0,0,0,AVOID,,0,False,False,0%,,CAUTION,OTHER,,,,,0.0,,,,,,,,,0.0,Fresh,,,,,0.0,0,False,2026-06-05 12:45:00,,,,,,,,,,,,,,,,,,,,,,,,,,,,,,,,,False,
INE189B01011,STYRENIX,STYRENIX PERFOR.,Chemicals & Petrochemicals,False,LIQUIDITY,"Avg 20d vol 21,015 < 50K shares/day (micro-illiquid)",0,0,,0,0,0,AVOID,,0,False,False,0%,,CAUTION,OTHER,,,,,0.0,,,,,,,,,0.0,Fresh,,,,,0.0,0,False,2026-06-05 12:45:00,,,,,,,,,,,,,,,,,,,,,,,,,,,,,,,,,False,19.0
INE239C01020,STYLAMIND,STYLAM INDUSTRIE,Consumer Durables,False,LIQUIDITY,"Avg 20d vol 43,350 < 50K shares/day (micro-illiquid)",0,0,,0,0,0,AVOID,,0,False,False,0%,,CAUTION,CONSUMPTION,,,,,0.0,,,,,,,,,0.0,Fresh,,,,,0.0,0,False,2026-06-05 12:45:00,,,,,,,,,,,,,,,,,,,,,,,,,,,,,,,,,False,
INE0NNS01018,NSLNISP,NMDC STEEL,Ferrous Metals,True,DISTRESS,Altman Z = 0.05 (bankruptcy zone),0,0,,0,0,0,AVOID,,0,False,False,0%,,CAUTION,OTHER,,,,,0.0,,,,,,,,,0.0,Fresh,,,,,0.0,0,False,2026-06-05 12:45:00,,,,,,,,,,,,,,,,,,,,,,,,,,,,,,,,,False,
INE353A01023,NDLVENTURE,NDL VENTURES,Finance,True,ILLIQUID,Avg daily traded value ₹32.4L < ₹50.0L,0,0,,0,0,0,AVOID,,0,False,False,0%,,CAUTION,FINANCIALS,,,,,0.0,,,,,,,,,0.0,Fresh,,,,,0.0,0,False,2026-06-05 12:45:00,,,,,,,,,,,,,,,,,,,,,,,,,,,,,,,,,False,45.0
INE00LM01029,SONAMLTD,SONAM,Consumer Durables,True,ILLIQUID,Avg daily traded value ₹43.1L < ₹50.0L,0,0,,0,0,0,AVOID,,0,False,False,0%,,CAUTION,CONSUMPTION,,,,,0.0,,,,,,,,,0.0,Fresh,,,,,0.0,0,False,2026-06-05 12:45:00,,,,,,,,,,,,,,,,,,,,,,,,,,,,,,,,,False,
INE232I01014,SPARC,SPARC,Pharmaceuticals & Biotechnology,True,DISTRESS,Altman Z = -9.92 (bankruptcy zone),0,0,,0,0,0,AVOID,,0,False,False,0%,,CAUTION,OTHER,,,,,0.0,,,,,,,,,0.0,Fresh,,,,,0.0,0,False,2026-06-05 12:45:00,,,,,,,,,,,,,,,,,,,,,,,,,,,,,,,,,False,17.0
INE01EO01010,SPECTRUM,SPECTRUM ELECTR.,Industrial Manufacturing,False,LIQUIDITY,"Avg 20d vol 42,002 < 50K shares/day (micro-illiquid)",0,0,,0,0,0,AVOID,,0,False,False,0%,,CAUTION,OTHER,,,,,0.0,,,,,,,,,0.0,Fresh,,,,,0.0,0,False,2026-06-05 12:45:00,,,,,,,,,,,,,,,,,,,,,,,,,,,,,,,,,False,
INE083D01012,BALPHARMA,BAL PHARMA,Pharmaceuticals & Biotechnology,True,ILLIQUID,Avg daily traded value ₹46.6L < ₹50.0L,0,0,,0,0,0,AVOID,,0,False,False,0%,,CAUTION,OTHER,,,,,0.0,,,,,,,,,0.0,Fresh,,,,,0.0,0,False,2026-06-05 12:45:00,,,,,,,,,,,,,,,,,,,,,,,,,,,,,,,,,False,
INE025A01027,CONSOFINVT,CONS. FINVEST,Finance,True,ILLIQUID,Avg daily traded value ₹23.6L < ₹50.0L,0,0,,0,0,0,AVOID,,0,False,False,0%,,CAUTION,FINANCIALS,,,,,0.0,,,,,,,,,0.0,Fresh,,,,,0.0,0,False,2026-06-05 12:45:00,,,,,,,,,,,,,,,,,,,,,,,,,,,,,,,,,False,
INE0RE001014,GALAPREC,GALA PRECIS. ENG,Industrial Manufacturing,False,LIQUIDITY,"Avg 20d vol 41,698 < 50K shares/day (micro-illiquid)",0,0,,0,0,0,AVOID,,0,False,False,0%,,CAUTION,OTHER,,,,,0.0,,,,,,,,,0.0,Fresh,,,,,0.0,0,False,2026-06-05 12:45:00,,,,,,,,,,,,,,,,,,,,,,,,,,,,,,,,,False,
INE050H01012,RML,RANE (MADRAS),Auto Components,False,LIQUIDITY,"Avg 20d vol 23,657 < 50K shares/day (micro-illiquid)",0,0,,0,0,0,AVOID,,0,False,False,0%,,CAUTION,OTHER,,,,,0.0,,,,,,,,,0.0,Fresh,,,,,0.0,0,False,2026-06-05 12:45:00,,,,,,,,,,,,,,,,,,,,,,,,,,,,,,,,,False,30.0
INE060901027,LIKHITHA,LIKHITHA INFRA.,Construction,False,LIQUIDITY,"Avg 20d vol 30,830 < 50K shares/day (micro-illiquid)",0,0,,0,0,0,AVOID,,0,False,False,0%,,CAUTION,OTHER,,,,,0.0,,,,,,,,,0.0,Fresh,,,,,0.0,0,False,2026-06-05 12:45:00,,,,,,,,,,,,,,,,,,,,,,,,,,,,,,,,,False,30.0
INE0J0B01017,KOTYARK,KOTYARK INDUST.,Petroleum Products,False,LIQUIDITY,"Avg 20d vol 45,779 < 50K shares/day (micro-illiquid)",0,0,,0,0,0,AVOID,,0,False,False,0%,,CAUTION,OTHER,,,,,0.0,,,,,,,,,0.0,Fresh,,,,,0.0,0,False,2026-06-05 12:45:00,,,,,,,,,,,,,,,,,,,,,,,,,,,,,,,,,False,
INE731C01018,KHAITANLTD,KHAITAN (INDIA),Consumer Durables,True,ILLIQUID,Avg daily traded value ₹3.5L < ₹50.0L,0,0,,0,0,0,AVOID,,0,False,False,0%,,CAUTION,CONSUMPTION,,,,,0.0,,,,,,,,,0.0,Fresh,,,,,0.0,0,False,2026-06-05 12:45:00,,,,,,,,,,,,,,,,,,,,,,,,,,,,,,,,,False,
INE473D01015,KINGFA,KINGFA SCIENCE,Industrial Products,False,LIQUIDITY,"Avg 20d vol 8,697 < 50K shares/day (micro-illiquid)",0,0,,0,0,0,AVOID,,0,False,False,0%,,CAUTION,OTHER,,,,,0.0,,,,,,,,,0.0,Fresh,,,,,0.0,0,False,2026-06-05 12:45:00,,,,,,,,,,,,,,,,,,,,,,,,,,,,,,,,,False,
INE0ISZ01012,ZTECH,Z-TECH (INDIA),Other Utilities,False,LIQUIDITY,"Avg 20d vol 34,530 < 50K shares/day (micro-illiquid)",0,0,,0,0,0,AVOID,,0,False,False,0%,,CAUTION,OTHER,,,,,0.0,,,,,,,,,0.0,Fresh,,,,,0.0,0,False,2026-06-05 12:45:00,,,,,,,,,,,,,,,,,,,,,,,,,,,,,,,,,False,
INE907A01026,KSL,KALYANI STEELS,Industrial Products,False,LIQUIDITY,"Avg 20d vol 47,809 < 50K shares/day (micro-illiquid)",0,0,,0,0,0,AVOID,,0,False,False,0%,,CAUTION,OTHER,,,,,0.0,,,,,,,,,0.0,Fresh,,,,,0.0,0,False,2026-06-05 12:45:00,,,,,,,,,,,,,,,,,,,,,,,,,,,,,,,,,False,27.0
INE430U01019,RADIOWALLA,RADIOWALLA,Entertainment,True,ILLIQUID,Avg daily traded value ₹2.0L < ₹50.0L,0,0,,0,0,0,AVOID,,0,False,False,0%,,CAUTION,OTHER,,,,,0.0,,,,,,,,,0.0,Fresh,,,,,0.0,0,False,2026-06-05 12:45:00,,,,,,,,,,,,,,,,,,,,,,,,,,,,,,,,,False,
INE919I01024,RADIOCITY,MUSIC BROADCAST,Entertainment,True,DISTRESS,Altman Z = 0.99 (bankruptcy zone),0,0,,0,0,0,AVOID,,0,False,False,0%,,CAUTION,OTHER,,,,,0.0,,,,,,,,,0.0,Fresh,,,,,0.0,0,False,2026-06-05 12:45:00,,,,,,,,,,,,,,,,,,,,,,,,,,,,,,,,,False,
INE855B01025,RAIN,RAIN INDUSTRIES,Chemicals & Petrochemicals,False,,,0,0,,0,0,0,AVOID,,0,False,False,0%,,,,,,,,,,,,,,,,,,Fresh,,,,,,0,False,2026-06-05 12:45:01,,,,,,,,,,,,,,,,,,,,,,,,,,,,,,,,,False,27.0
INE533D01032,RAJRILTD,RAJ RAYON INDS.,Textiles & Apparels,True,ILLIQUID,Avg daily traded value ₹2.3L < ₹50.0L,0,0,,0,0,0,AVOID,,0,False,False,0%,,CAUTION,OTHER,,,,,0.0,,,,,,,,,0.0,Fresh,,,,,0.0,0,False,2026-06-05 12:45:01,,,,,,,,,,,,,,,,,,,,,,,,,,,,,,,,,False,25.0
INE959C01023,OAL,ORIENTAL AROMAT.,Chemicals & Petrochemicals,True,ILLIQUID,Avg daily traded value ₹46.8L < ₹50.0L,0,0,,0,0,0,AVOID,,0,False,False,0%,,CAUTION,OTHER,,,,,0.0,,,,,,,,,0.0,Fresh,,,,,0.0,0,False,2026-06-05 12:45:01,,,,,,,,,,,,,,,,,,,,,,,,,,,,,,,,,False,15.0
INE426Z01016,OBCL,ORISSA BENGAL,Transport Services,True,CHRONIC_LOSSES,"NP negative 3 of 4 quarters, no turnaround signal",0,0,,0,0,0,AVOID,,0,False,False,0%,,CAUTION,OTHER,,,,,0.0,,,,,,,,,0.0,Fresh,,,,,0.0,0,False,2026-06-05 12:45:01,,,,,,,,,,,,,,,,,,,,,,,,,,,,,,,,,False,
INE0YHV01011,OBSCP,OBSC PERFECTION,Auto Components,False,,,1,0,10.0,0,14,0,MONITOR,,↑25,False,False,0%,BASING,CAUTION,OTHER,0.0,0.094,0.0,PLI,2.0,0.0,,3.0,1.0,3.0,0.0,,,1.0,Fresh,,,,,0.3,25,True,2026-06-05 12:45:01,0.0,0.0,0,0.0,0.0,0.0,0.0,0.0,0.0,0.0,0.0,0.0,0.0,0.0,0.0,0.0,0.0,0.0,0.0,0.0,0.0,0.0,0.0,0.0,0.0,0.0,0.0,0.0,10.0,4.0,0.0,0.0,False,
INE084Q01012,RACE,RACE ECO,Other Utilities,True,ILLIQUID,Avg daily traded value ₹12.6L < ₹50.0L,0,0,,0,0,0,AVOID,,0,False,False,0%,,CAUTION,OTHER,,,,,0.0,,,,,,,,,0.0,Fresh,,,,,0.0,0,False,2026-06-05 12:45:01,,,,,,,,,,,,,,,,,,,,,,,,,,,,,,,,,False,
INE855R01021,RADIANTCMS,RADIANT CASH,Commercial Services & Supplies,True,ILLIQUID,Avg daily traded value ₹47.3L < ₹50.0L,0,0,,0,0,0,AVOID,,0,False,False,0%,,CAUTION,OTHER,,,,,0.0,,,,,,,,,0.0,Fresh,,,,,0.0,0,False,2026-06-05 12:45:01,,,,,,,,,,,,,,,,,,,,,,,,,,,,,,,,,False,
INE562B01019,RAJSREESUG,RAJSHREE SUGARS,Agricultural Food & other Products,True,CHRONIC_LOSSES,"NP negative 3 of 4 quarters, no turnaround signal",0,0,,0,0,0,AVOID,,0,False,False,0%,,CAUTION,OTHER,,,,,0.0,,,,,,,,,0.0,Fresh,,,,,0.0,0,False,2026-06-05 12:45:01,,,,,,,,,,,,,,,,,,,,,,,,,,,,,,,,,False,
INE874F01027,RADAAN,RADAAN MEDIA.,Entertainment,True,DISTRESS,Altman Z = -0.98 (bankruptcy zone),0,0,,0,0,0,AVOID,,0,False,False,0%,,CAUTION,OTHER,,,,,0.0,,,,,,,,,0.0,Fresh,,,,,0.0,0,False,2026-06-05 12:45:01,,,,,,,,,,,,,,,,,,,,,,,,,,,,,,,,,False,
INE704B01017,RACLGEAR,RACL GEARTECH,Auto Components,False,LIQUIDITY,"Avg 20d vol 35,580 < 50K shares/day (micro-illiquid)",0,0,,0,0,0,AVOID,,0,False,False,0%,,CAUTION,OTHER,,,,,0.0,,,,,,,,,0.0,Fresh,,,,,0.0,0,False,2026-06-05 12:45:01,,,,,,,,,,,,,,,,,,,,,,,,,,,,,,,,,False,
INE296E01026,RAJPALAYAM,NAN,nan,True,ILLIQUID,Avg daily traded value ₹21.3L < ₹50.0L,0,0,,0,0,0,AVOID,,0,False,False,0%,,CAUTION,OTHER,,,,,0.0,,,,,,,,,0.0,Fresh,,,,,0.0,0,False,2026-06-05 12:45:01,,,,,,,,,,,,,,,,,,,,,,,,,,,,,,,,,False,
INE0PK601023,OCCLLTD,OCCL,Chemicals & Petrochemicals,False,,,0,0,,0,0,0,AVOID,,0,False,False,0%,,,,,,,,,,,,,,,,,,Fresh,,,,,,0,False,2026-06-05 12:45:01,,,,,,,,,,,,,,,,,,,,,,,,,,,,,,,,,False,14.0
INE054301028,ODIGMA,ODIGMA CONSULTAN,IT - Services,True,ILLIQUID,Avg daily traded value ₹16.4L < ₹50.0L,0,0,,0,0,0,AVOID,,0,False,False,0%,,CAUTION,OTHER,,,,,0.0,,,,,,,,,0.0,Fresh,,,,,0.0,0,False,2026-06-05 12:45:01,,,,,,,,,,,,,,,,,,,,,,,,,,,,,,,,,False,
INE00ER01015,ONDOOR,ON DOOR CONCEPTS,Retailing,False,LIQUIDITY,"Avg 20d vol 30,180 < 50K shares/day (micro-illiquid)",0,0,,0,0,0,AVOID,,0,False,False,0%,,CAUTION,OTHER,,,,,0.0,,,,,,,,,0.0,Fresh,,,,,0.0,0,False,2026-06-05 12:45:01,,,,,,,,,,,,,,,,,,,,,,,,,,,,,,,,,False,
INE142A01012,OSWALAGRO,OSWAL AGRO MILLS,Commercial Services & Supplies,True,ILLIQUID,Avg daily traded value ₹12.4L < ₹50.0L,0,0,,0,0,0,AVOID,,0,False,False,0%,,CAUTION,OTHER,,,,,0.0,,,,,,,,,0.0,Fresh,,,,,0.0,0,False,2026-06-05 12:45:01,,,,,,,,,,,,,,,,,,,,,,,,,,,,,,,,,False,
INE143A01010,OSWALGREEN,OSWAL GREEN TECH,Finance,False,,,0,0,,0,0,0,AVOID,,0,False,False,0%,,,,,,,,,,,,,,,,,,Fresh,,,,,,0,False,2026-06-05 12:45:01,,,,,,,,,,,,,,,,,,,,,,,,,,,,,,,,,False,
INE00IK01029,OSWALSEEDS,SHREEOSWAL SEEDS,Agricultural Food & other Products,True,ILLIQUID,Avg daily traded value ₹10.8L < ₹50.0L,0,0,,0,0,0,AVOID,,0,False,False,0%,,CAUTION,OTHER,,,,,0.0,,,,,,,,,0.0,Fresh,,,,,0.0,0,False,2026-06-05 12:45:01,,,,,,,,,,,,,,,,,,,,,,,,,,,,,,,,,False,
INE0R8M01017,OWAIS,OWAIS METAL,Ferrous Metals,False,LIQUIDITY,"Avg 20d vol 45,365 < 50K shares/day (micro-illiquid)",0,0,,0,0,0,AVOID,,0,False,False,0%,,CAUTION,OTHER,,,,,0.0,,,,,,,,,0.0,Fresh,,,,,0.0,0,False,2026-06-05 12:45:01,,,,,,,,,,,,,,,,,,,,,,,,,,,,,,,,,False,
INE749B01020,ORTINGLOBE,ORTIN GLOBAL,Pharmaceuticals & Biotechnology,True,CHRONIC_LOSSES,"NP negative 3 of 4 quarters, no turnaround signal",0,0,,0,0,0,AVOID,,0,False,False,0%,,CAUTION,OTHER,,,,,0.0,,,,,,,,,0.0,Fresh,,,,,0.0,0,False,2026-06-05 12:45:01,,,,,,,,,,,,,,,,,,,,,,,,,,,,,,,,,False,
INE849L01019,ORTEL,ORTEL COMMU.,Entertainment,True,DISTRESS,Altman Z = -2.03 (bankruptcy zone),0,0,,0,0,0,AVOID,,0,False,False,0%,,CAUTION,OTHER,,,,,0.0,,,,,,,,,0.0,Fresh,,,,,0.0,0,False,2026-06-05 12:45:01,,,,,,,,,,,,,,,,,,,,,,,,,,,,,,,,,False,
INE725E01024,ORISSAMINE,ORISSA MINERALS,Minerals & Mining,True,DISTRESS,Altman Z = 0.81 (bankruptcy zone),0,0,,0,0,0,AVOID,,0,False,False,0%,,CAUTION,OTHER,,,,,0.0,,,,,,,,,0.0,Fresh,,,,,0.0,0,False,2026-06-05 12:45:01,,,,,,,,,,,,,,,,,,,,,,,,,,,,,,,,,False,
INE912L01015,ONELIFECAP,ONELIFE CAPITAL,Capital Markets,True,CHRONIC_LOSSES,"NP negative 3 of 4 quarters, no turnaround signal",0,0,,0,0,0,AVOID,,0,False,False,0%,,CAUTION,FINANCIALS,,,,,0.0,,,,,,,,,0.0,Fresh,,,,,0.0,0,False,2026-06-05 12:45:01,,,,,,,,,,,,,,,,,,,,,,,,,,,,,,,,,False,
INE809I01019,ONMOBILE,ONMOBILE GLOBAL,Media,False,,,0,0,,0,0,0,AVOID,,0,False,False,0%,,,,,,,,,,,,,,,,,,Fresh,,,,,,0,False,2026-06-05 12:45:01,,,,,,,,,,,,,,,,,,,,,,,,,,,,,,,,,False,17.0
INE0WVU01018,ONYX,ONYX BIOTEC,Pharmaceuticals & Biotechnology,False,,,1,0,10.0,0,13,0,MONITOR,,↑24,False,False,0%,LATE_CYCLE,CAUTION,OTHER,0.0,0.0452,0.0,"HEALTHCARE,PLI",2.0,0.0,,4.0,1.0,2.0,0.0,,,1.0,Fresh,,,,,0.3,24,True,2026-06-05 12:45:01,0.0,0.0,0,0.0,0.0,0.0,0.0,0.0,0.0,0.0,0.0,0.0,0.0,0.0,0.0,0.0,0.0,0.0,0.0,0.0,0.0,0.0,0.0,0.0,0.0,0.0,0.0,0.0,9.0,4.0,0.0,0.0,False,
INE231G01010,ORBTEXP,ORBIT EXPORTS,Textiles & Apparels,True,ILLIQUID,Avg daily traded value ₹13.9L < ₹50.0L,0,0,,0,0,0,AVOID,,0,False,False,0%,,CAUTION,OTHER,,,,,0.0,,,,,,,,,0.0,Fresh,,,,,0.0,0,False,2026-06-05 12:45:01,,,,,,,,,,,,,,,,,,,,,,,,,,,,,,,,,False,25.0
INE215B01022,ORCHASP,ORCHASP LTD,IT - Software,True,DISTRESS,Altman Z = 0.70 (bankruptcy zone),0,0,,0,0,0,AVOID,,0,False,False,0%,,CAUTION,OTHER,,,,,0.0,,,,,,,,,0.0,Fresh,,,,,0.0,0,False,2026-06-05 12:45:01,,,,,,,,,,,,,,,,,,,,,,,,,,,,,,,,,False,
INE191A01027,ORCHPHARMA,ORCHID PHARMA,Pharmaceuticals & Biotechnology,True,CHRONIC_LOSSES,"NP negative 3 of 4 quarters, no turnaround signal",0,0,,0,0,0,AVOID,,0,False,False,0%,,CAUTION,OTHER,,,,,0.0,,,,,,,,,0.0,Fresh,,,,,0.0,0,False,2026-06-05 12:45:01,,,,,,,,,,,,,,,,,,,,,,,,,,,,,,,,,False,10.0
INE998H01012,ORIENTALTL,ORIENTAL TRIMEX,Consumer Durables,True,ILLIQUID,Avg daily traded value ₹4.0L < ₹50.0L,0,0,,0,0,0,AVOID,,0,False,False,0%,,CAUTION,CONSUMPTION,,,,,0.0,,,,,,,,,0.0,Fresh,,,,,0.0,0,False,2026-06-05 12:45:01,,,,,,,,,,,,,,,,,,,,,,,,,,,,,,,,,False,
INE607D01018,ORIENTBELL,ORIENT BELL,Consumer Durables,False,LIQUIDITY,"Avg 20d vol 17,110 < 50K shares/day (micro-illiquid)",0,0,,0,0,0,AVOID,,0,False,False,0%,,CAUTION,CONSUMPTION,,,,,0.0,,,,,,,,,0.0,Fresh,,,,,0.0,0,False,2026-06-05 12:45:01,,,,,,,,,,,,,,,,,,,,,,,,,,,,,,,,,False,
INE876N01018,ORIENTCEM,ORIENT CEMENT,Cement & Cement Products,False,,,0,0,,0,0,0,AVOID,,0,False,False,0%,,,,,,,,,,,,,,,,,,Fresh,,,,,,0,False,2026-06-05 12:45:01,,,,,,,,,,,,,,,,,,,,,,,,,,,,,,,,,False,36.0
INE569C01020,ORIENTCER,ORIENT CERATECH,Industrial Products,True,ILLIQUID,Avg daily traded value ₹19.4L < ₹50.0L,0,0,,0,0,0,AVOID,,0,False,False,0%,,CAUTION,OTHER,,,,,0.0,,,,,,,,,0.0,Fresh,,,,,0.0,0,False,2026-06-05 12:45:01,,,,,,,,,,,,,,,,,,,,,,,,,,,,,,,,,False,
INE952H01027,RAJTV,RAJ TELEVISION,Entertainment,True,ILLIQUID,Avg daily traded value ₹14.4L < ₹50.0L,0,0,,0,0,0,AVOID,,0,False,False,0%,,CAUTION,OTHER,,,,,0.0,,,,,,,,,0.0,Fresh,,,,,0.0,0,False,2026-06-05 12:45:01,,,,,,,,,,,,,,,,,,,,,,,,,,,,,,,,,False,30.0
INE609C01024,ORIENTLTD,ORIENT PRESS,Industrial Products,True,ILLIQUID,Avg daily traded value ₹2.5L < ₹50.0L,0,0,,0,0,0,AVOID,,0,False,False,0%,,CAUTION,OTHER,,,,,0.0,,,,,,,,,0.0,Fresh,,,,,0.0,0,False,2026-06-05 12:45:01,,,,,,,,,,,,,,,,,,,,,,,,,,,,,,,,,False,
INE592A01026,ORIENTPPR,ORIENT PAPER,"Paper, Forest & Jute Products",True,DISTRESS,Altman Z = 0.99 (bankruptcy zone),0,0,,0,0,0,AVOID,,0,False,False,0%,,CAUTION,OTHER,,,,,0.0,,,,,,,,,0.0,Fresh,,,,,0.0,0,False,2026-06-05 12:45:01,,,,,,,,,,,,,,,,,,,,,,,,,,,,,,,,,False,
INE591A01010,OILCOUNTUB,OIL COUNTRY,Oil,True,CHRONIC_LOSSES,"NP negative 3 of 4 quarters, no turnaround signal",0,0,,0,0,0,AVOID,,0,False,False,0%,,CAUTION,OTHER,,,,,0.0,,,,,,,,,0.0,Fresh,,,,,0.0,0,False,2026-06-05 12:45:01,,,,,,,,,,,,,,,,,,,,,,,,,,,,,,,,,False,
INE0LXG01040,OLAELEC,OLA ELECTRIC,Automobiles,True,DISTRESS,Altman Z = 0.33 (bankruptcy zone),0,0,,0,0,0,AVOID,,0,False,False,0%,,CAUTION,OTHER,,,,,0.0,,,,,,,,,0.0,Fresh,,,,,0.0,0,False,2026-06-05 12:45:01,,,,,,,,,,,,,,,,,,,,,,,,,,,,,,,,,False,
INE0OPS01011,OLIL,ONECLICK LOGISTI,Transport Services,True,ILLIQUID,Avg daily traded value ₹27.1L < ₹50.0L,0,0,,0,0,0,AVOID,,0,False,False,0%,,CAUTION,OTHER,,,,,0.0,,,,,,,,,0.0,Fresh,,,,,0.0,0,False,2026-06-05 12:45:01,,,,,,,,,,,,,,,,,,,,,,,,,,,,,,,,,False,
INE800H01010,OMAXE,OMAXE,Realty,True,DISTRESS,Altman Z = -0.18 (bankruptcy zone),0,0,,0,0,0,AVOID,,0,False,False,0%,,CAUTION,OTHER,,,,,0.0,,,,,,,,,0.0,Fresh,,,,,0.0,0,False,2026-06-05 12:45:01,,,,,,,,,,,,,,,,,,,,,,,,,,,,,,,,,False,
INE1BZC01019,OMFREIGHT,OM FREIGHT FORWA,Transport Services,True,ILLIQUID,Avg daily traded value ₹42.2L < ₹50.0L,0,0,,0,0,0,AVOID,,0,False,False,0%,,CAUTION,OTHER,,,,,0.0,,,,,,,,,0.0,Fresh,,,,,0.0,0,False,2026-06-05 12:45:01,,,,,,,,,,,,,,,,,,,,,,,,,,,,,,,,,False,8.0
INE338Y01016,OMFURN,OMFURN INDIA,Consumer Durables,True,ILLIQUID,Avg daily traded value ₹1.6L < ₹50.0L,0,0,,0,0,0,AVOID,,0,False,False,0%,,CAUTION,CONSUMPTION,,,,,0.0,,,,,,,,,0.0,Fresh,,,,,0.0,0,False,2026-06-05 12:45:01,,,,,,,,,,,,,,,,,,,,,,,,,,,,,,,,,False,
INE848E01016,NHPC,NHPC LTD,Power,False,,,0,0,,0,0,0,AVOID,,0,False,False,0%,,,,,,,,,,,,,,,,,,Fresh,,,,,,0,False,2026-06-05 12:45:01,,,,,,,,,,,,,,,,,,,,,,,,,,,,,,,,,False,31.0
INE047O01014,NIBL,NRB INDL BEARING,Industrial Products,True,DISTRESS,Altman Z = -0.14 (bankruptcy zone),0,0,,0,0,0,AVOID,,0,False,False,0%,,CAUTION,OTHER,,,,,0.0,,,,,,,,,0.0,Fresh,,,,,0.0,0,False,2026-06-05 12:45:01,,,,,,,,,,,,,,,,,,,,,,,,,,,,,,,,,False,
INE0J6L01013,NIDAN,NIDAN LABORATOR.,Healthcare Services,True,ILLIQUID,Avg daily traded value ₹1.0L < ₹50.0L,0,0,,0,0,0,AVOID,,0,False,False,0%,,CAUTION,OTHER,,,,,0.0,,,,,,,,,0.0,Fresh,,,,,0.0,0,False,2026-06-05 12:45:01,,,,,,,,,,,,,,,,,,,,,,,,,,,,,,,,,False,
INE0PW501021,NEWJAISA,NEWJAISA TECH,IT - Hardware,True,ILLIQUID,Avg daily traded value ₹5.6L < ₹50.0L,0,0,,0,0,0,AVOID,,0,False,False,0%,,CAUTION,TECHNOLOGY,,,,,0.0,,,,,,,,,0.0,Fresh,,,,,0.0,0,False,2026-06-05 12:45:01,,,,,,,,,,,,,,,,,,,,,,,,,,,,,,,,,False,
INE747B01016,NEXTMEDIA,NEXT MEDIAWORKS,Entertainment,True,CHRONIC_LOSSES,"NP negative 3 of 4 quarters, no turnaround signal",0,0,,0,0,0,AVOID,,0,False,False,0%,,CAUTION,OTHER,,,,,0.0,,,,,,,,,0.0,Fresh,,,,,0.0,0,False,2026-06-05 12:45:01,,,,,,,,,,,,,,,,,,,,,,,,,,,,,,,,,False,
INE236Y01012,NGIL,NAKODA GROUP,Food Products,True,ILLIQUID,Avg daily traded value ₹13.1L < ₹50.0L,0,0,,0,0,0,AVOID,,0,False,False,0%,,CAUTION,OTHER,,,,,0.0,,,,,,,,,0.0,Fresh,,,,,0.0,0,False,2026-06-05 12:45:01,,,,,,,,,,,,,,,,,,,,,,,,,,,,,,,,,False,
INE887E01022,NGLFINE,NGL FINE CHEM,Pharmaceuticals & Biotechnology,False,LIQUIDITY,"Avg 20d vol 22,389 < 50K shares/day (micro-illiquid)",0,0,,0,0,0,AVOID,,0,False,False,0%,,CAUTION,OTHER,,,,,0.0,,,,,,,,,0.0,Fresh,,,,,0.0,0,False,2026-06-05 12:45:01,,,,,,,,,,,,,,,,,,,,,,,,,,,,,,,,,False,14.0
INE343B01030,RAJESHEXPO,RAJESH EXPORTS,Consumer Durables,False,,,0,0,,0,0,0,AVOID,,0,False,False,0%,,,,,,,,,,,,,,,,,,Fresh,,,,,,0,False,2026-06-05 12:45:01,,,,,,,,,,,,,,,,,,,,,,,,,,,,,,,,,False,
INE023A01030,NSIL,NALWA SONS INVST,Finance,False,LIQUIDITY,"Avg 20d vol 2,103 < 50K shares/day (micro-illiquid)",0,0,,0,0,0,AVOID,,0,False,False,0%,,CAUTION,FINANCIALS,,,,,0.0,,,,,,,,,0.0,Fresh,,,,,0.0,0,False,2026-06-05 12:45:01,,,,,,,,,,,,,,,,,,,,,,,,,,,,,,,,,False,
INE0DSF01015,NURECA,NURECA,Healthcare Equipment & Supplies,True,ILLIQUID,Avg daily traded value ₹39.0L < ₹50.0L,0,0,,0,0,0,AVOID,,0,False,False,0%,,CAUTION,OTHER,,,,,0.0,,,,,,,,,0.0,Fresh,,,,,0.0,0,False,2026-06-05 12:45:01,,,,,,,,,,,,,,,,,,,,,,,,,,,,,,,,,False,
INE118D01016,NUVOCO,NUVOCO VISTAS,Cement & Cement Products,False,,,0,0,,0,0,0,AVOID,,0,False,False,0%,,,,,,,,,,,,,,,,,,Fresh,,,,,,0,False,2026-06-05 12:45:01,,,,,,,,,,,,,,,,,,,,,,,,,,,,,,,,,False,51.0
INE740D01017,NRAIL,N R AGARWAL INDS,"Paper, Forest & Jute Products",True,ILLIQUID,Avg daily traded value ₹16.1L < ₹50.0L,0,0,,0,0,0,AVOID,,0,False,False,0%,,CAUTION,OTHER,,,,,0.0,,,,,,,,,0.0,Fresh,,,,,0.0,0,False,2026-06-05 12:45:01,,,,,,,,,,,,,,,,,,,,,,,,,,,,,,,,,False,36.0
INE00KV01022,RAJMET,RAJNANDINI METAL,Industrial Products,True,ILLIQUID,Avg daily traded value ₹11.5L < ₹50.0L,0,0,,0,0,0,AVOID,,0,False,False,0%,,CAUTION,OTHER,,,,,0.0,,,,,,,,,0.0,Fresh,,,,,0.0,0,False,2026-06-05 12:45:02,,,,,,,,,,,,,,,,,,,,,,,,,,,,,,,,,False,
INE310A01015,NILKAMAL,NILKAMAL LTD,Consumer Durables,False,LIQUIDITY,"Avg 20d vol 7,728 < 50K shares/day (micro-illiquid)",0,0,,0,0,0,AVOID,,0,False,False,0%,,CAUTION,CONSUMPTION,,,,,0.0,,,,,,,,,0.0,Fresh,,,,,0.0,0,False,2026-06-05 12:45:02,,,,,,,,,,,,,,,,,,,,,,,,,,,,,,,,,False,36.0
INE395U01014,NINSYS,NINTEC SYSTEMS,IT - Software,True,ILLIQUID,Avg daily traded value ₹46.9L < ₹50.0L,0,0,,0,0,0,AVOID,,0,False,False,0%,,CAUTION,OTHER,,,,,0.0,,,,,,,,,0.0,Fresh,,,,,0.0,0,False,2026-06-05 12:45:02,,,,,,,,,,,,,,,,,,,,,,,,,,,,,,,,,False,
INE567A01028,NIPPOBATRY,INDO NATIONAL,Household Products,True,ILLIQUID,Avg daily traded value ₹35.7L < ₹50.0L,0,0,,0,0,0,AVOID,,0,False,False,0%,,CAUTION,OTHER,,,,,0.0,,,,,,,,,0.0,Fresh,,,,,0.0,0,False,2026-06-05 12:45:02,,,,,,,,,,,,,,,,,,,,,,,,,,,,,,,,,False,
INE368I01016,NIRAJ,NIRAJ CEMENT,Construction,True,ILLIQUID,Avg daily traded value ₹13.6L < ₹50.0L,0,0,,0,0,0,AVOID,,0,False,False,0%,,CAUTION,OTHER,,,,,0.0,,,,,,,,,0.0,Fresh,,,,,0.0,0,False,2026-06-05 12:45:02,,,,,,,,,,,,,,,,,,,,,,,,,,,,,,,,,False,14.0
INE326T01011,NIRAJISPAT,NIRAJ ISPAT IND.,Consumer Durables,True,ILLIQUID,Avg daily traded value ₹0.2L < ₹50.0L,0,0,,0,0,0,AVOID,,0,False,False,0%,,CAUTION,CONSUMPTION,,,,,0.0,,,,,,,,,0.0,Fresh,,,,,0.0,0,False,2026-06-05 12:45:02,,,,,,,,,,,,,,,,,,,,,,,,,,,,,,,,,False,
INE910A01012,NIRLON,NAN,nan,False,LIQUIDITY,"Avg 20d vol 12,986 < 50K shares/day (micro-illiquid)",0,0,,0,0,0,AVOID,,0,False,False,0%,,CAUTION,OTHER,,,,,0.0,,,,,,,,,0.0,Fresh,,,,,0.0,0,False,2026-06-05 12:45:02,,,,,,,,,,,,,,,,,,,,,,,,,,,,,,,,,False,
INE0OK701014,NIRMAN,NIRMAN AGRI,Agricultural Food & other Products,True,ILLIQUID,Avg daily traded value ₹9.5L < ₹50.0L,0,0,,0,0,0,AVOID,,0,False,False,0%,,CAUTION,OTHER,,,,,0.0,,,,,,,,,0.0,Fresh,,,,,0.0,0,False,2026-06-05 12:45:02,,,,,,,,,,,,,,,,,,,,,,,,,,,,,,,,,False,
INE858F01012,NITCO,NITCO,Consumer Durables,True,DISTRESS,Altman Z = -2.74 (bankruptcy zone),0,0,,0,0,0,AVOID,,0,False,False,0%,,CAUTION,CONSUMPTION,,,,,0.0,,,,,,,,,0.0,Fresh,,,,,0.0,0,False,2026-06-05 12:45:02,,,,,,,,,,,,,,,,,,,,,,,,,,,,,,,,,False,
INE439T01012,NITIRAJ,NITIRAJ ENGINEER,Consumer Durables,True,ILLIQUID,Avg daily traded value ₹7.8L < ₹50.0L,0,0,,0,0,0,AVOID,,0,False,False,0%,,CAUTION,CONSUMPTION,,,,,0.0,,,,,,,,,0.0,Fresh,,,,,0.0,0,False,2026-06-05 12:45:02,,,,,,,,,,,,,,,,,,,,,,,,,,,,,,,,,False,
INE265B01019,NITTAGELA,NAN,nan,False,LIQUIDITY,"Avg 20d vol 18,563 < 50K shares/day (micro-illiquid)",0,0,,0,0,0,AVOID,,0,False,False,0%,,CAUTION,OTHER,,,,,0.0,,,,,,,,,0.0,Fresh,,,,,0.0,0,False,2026-06-05 12:45:02,,,,,,,,,,,,,,,,,,,,,,,,,,,,,,,,,False,32.0
INE542C01019,NKIND,N K INDUSTRIES,Agricultural Food & other Products,True,DISTRESS,Altman Z = -0.37 (bankruptcy zone),0,0,,0,0,0,AVOID,,0,False,False,0%,,CAUTION,OTHER,,,,,0.0,,,,,,,,,0.0,Fresh,,,,,0.0,0,False,2026-06-05 12:45:02,,,,,,,,,,,,,,,,,,,,,,,,,,,,,,,,,False,
INE163A01018,NOCIL,NOCIL,Chemicals & Petrochemicals,False,,,0,0,,0,0,0,AVOID,,0,False,False,0%,,,,,,,,,,,,,,,,,,Fresh,,,,,,0,False,2026-06-05 12:45:02,,,,,,,,,,,,,,,,,,,,,,,,,,,,,,,,,False,
INE781B01015,NOIDATOLL,NOIDA TOLLBRIDG.,Transport Infrastructure,True,DISTRESS,Altman Z = -7.01 (bankruptcy zone),0,0,,0,0,0,AVOID,,0,False,False,0%,,CAUTION,OTHER,,,,,0.0,,,,,,,,,0.0,Fresh,,,,,0.0,0,False,2026-06-05 12:45:02,,,,,,,,,,,,,,,,,,,,,,,,,,,,,,,,,False,
INE369C01017,NORBTEAEXP,NORBEN TEA,Agricultural Food & other Products,True,ILLIQUID,Avg daily traded value ₹6.0L < ₹50.0L,0,0,,0,0,0,AVOID,,0,False,False,0%,,CAUTION,OTHER,,,,,0.0,,,,,,,,,0.0,Fresh,,,,,0.0,0,False,2026-06-05 12:45:02,,,,,,,,,,,,,,,,,,,,,,,,,,,,,,,,,False,
INE02H701025,NOVAAGRI,NOVA AGRITECH,Fertilizers & Agrochemicals,True,ILLIQUID,Avg daily traded value ₹23.3L < ₹50.0L,0,0,,0,0,0,AVOID,,0,False,False,0%,,CAUTION,OTHER,,,,,0.0,,,,,,,,,0.0,Fresh,,,,,0.0,0,False,2026-06-05 12:45:02,,,,,,,,,,,,,,,,,,,,,,,,,,,,,,,,,False,
INE445D01013,NILE,NAN,nan,False,LIQUIDITY,"Avg 20d vol 4,316 < 50K shares/day (micro-illiquid)",0,0,,0,0,0,AVOID,,0,False,False,0%,,CAUTION,OTHER,,,,,0.0,,,,,,,,,0.0,Fresh,,,,,0.0,0,False,2026-06-05 12:45:02,,,,,,,,,,,,,,,,,,,,,,,,,,,,,,,,,False,
INE161A01038,NIITLTD,NIIT,Other Consumer Services,False,,,0,0,,0,0,0,AVOID,,0,False,False,0%,,,,,,,,,,,,,,,,,,Fresh,,,,,,0,False,2026-06-05 12:45:02,,,,,,,,,,,,,,,,,,,,,,,,,,,,,,,,,False,
INE937C01029,NILAINFRA,NILA INFRASTRUCT,Realty,True,DISTRESS,Altman Z = 0.91 (bankruptcy zone),0,0,,0,0,0,AVOID,,0,False,False,0%,,CAUTION,OTHER,,,,,0.0,,,,,,,,,0.0,Fresh,,,,,0.0,0,False,2026-06-05 12:45:02,,,,,,,,,,,,,,,,,,,,,,,,,,,,,,,,,False,34.0
INE596F01018,PTCIL,PTC INDUSTRIES,Industrial Products,False,LIQUIDITY,"Avg 20d vol 34,228 < 50K shares/day (micro-illiquid)",0,0,,0,0,0,AVOID,,0,False,False,0%,,CAUTION,OTHER,,,,,0.0,,,,,,,,,0.0,Fresh,,,,,0.0,0,False,2026-06-05 12:45:02,,,,,,,,,,,,,,,,,,,,,,,,,,,,,,,,,False,
INE095I01015,PPAP,PPAP AUTOMOTIVE,Auto Components,False,LIQUIDITY,"Avg 20d vol 28,805 < 50K shares/day (micro-illiquid)",0,0,,0,0,0,AVOID,,0,False,False,0%,,CAUTION,OTHER,,,,,0.0,,,,,,,,,0.0,Fresh,,,,,0.0,0,False,2026-06-05 12:45:02,,,,,,,,,,,,,,,,,,,,,,,,,,,,,,,,,False,24.0
INE0DK501011,PPLPHARMA,PIRAMAL PHARMA,Pharmaceuticals & Biotechnology,True,CHRONIC_LOSSES,"NP negative 3 of 4 quarters, no turnaround signal",0,0,,0,0,0,AVOID,,0,False,False,0%,,CAUTION,OTHER,,,,,0.0,,,,,,,,,0.0,Fresh,,,,,0.0,0,False,2026-06-05 12:45:02,,,,,,,,,,,,,,,,,,,,,,,,,,,,,,,,,False,36.0
INE770A01010,PRADPME,NAN,nan,False,LIQUIDITY,"Avg 20d vol 27,034 < 50K shares/day (micro-illiquid)",0,0,,0,0,0,AVOID,,0,False,False,0%,,CAUTION,OTHER,,,,,0.0,,,,,,,,,0.0,Fresh,,,,,0.0,0,False,2026-06-05 12:45:02,,,,,,,,,,,,,,,,,,,,,,,,,,,,,,,,,False,19.0
INE505C01016,PRAENG,PRAJAY ENGINEERS,Realty,True,DISTRESS,Altman Z = 0.54 (bankruptcy zone),0,0,,0,0,0,AVOID,,0,False,False,0%,,CAUTION,OTHER,,,,,0.0,,,,,,,,,0.0,Fresh,,,,,0.0,0,False,2026-06-05 12:45:02,,,,,,,,,,,,,,,,,,,,,,,,,,,,,,,,,False,
INE696K01024,PRAKASHSTL,PRAKASH STEELAGE,Industrial Products,True,DISTRESS,Altman Z = -0.21 (bankruptcy zone),0,0,,0,0,0,AVOID,,0,False,False,0%,,CAUTION,OTHER,,,,,0.0,,,,,,,,,0.0,Fresh,,,,,0.0,0,False,2026-06-05 12:45:02,,,,,,,,,,,,,,,,,,,,,,,,,,,,,,,,,False,
INE0QA601016,PRATHAM,PRATHAM EPC,Construction,True,ILLIQUID,Avg daily traded value ₹12.6L < ₹50.0L,0,0,,0,0,0,AVOID,,0,False,False,0%,,CAUTION,OTHER,,,,,0.0,,,,,,,,,0.0,Fresh,,,,,0.0,0,False,2026-06-05 12:45:02,,,,,,,,,,,,,,,,,,,,,,,,,,,,,,,,,False,
INE546Y01022,PRAXIS,PRAXIS HOME,Retailing,True,DISTRESS,Altman Z = -1.58 (bankruptcy zone),0,0,,0,0,0,AVOID,,0,False,False,0%,,CAUTION,OTHER,,,,,0.0,,,,,,,,,0.0,Fresh,,,,,0.0,0,False,2026-06-05 12:45:02,,,,,,,,,,,,,,,,,,,,,,,,,,,,,,,,,False,32.0
INE0HKW01018,PRECISION,PRECISION METAL.,Auto Components,True,ILLIQUID,Avg daily traded value ₹2.1L < ₹50.0L,0,0,,0,0,0,AVOID,,0,False,False,0%,,CAUTION,OTHER,,,,,0.0,,,,,,,,,0.0,Fresh,,,,,0.0,0,False,2026-06-05 12:45:02,,,,,,,,,,,,,,,,,,,,,,,,,,,,,,,,,False,
INE283A01014,PRECOT,PRECOT,Textiles & Apparels,False,LIQUIDITY,"Avg 20d vol 11,197 < 50K shares/day (micro-illiquid)",0,0,,0,0,0,AVOID,,0,False,False,0%,,CAUTION,OTHER,,,,,0.0,,,,,,,,,0.0,Fresh,,,,,0.0,0,False,2026-06-05 12:45:02,,,,,,,,,,,,,,,,,,,,,,,,,,,,,,,,,False,
INE001E01012,PREMCO,NAN,nan,True,ILLIQUID,Avg daily traded value ₹8.9L < ₹50.0L,0,0,,0,0,0,AVOID,,0,False,False,0%,,CAUTION,OTHER,,,,,0.0,,,,,,,,,0.0,Fresh,,,,,0.0,0,False,2026-06-05 12:45:02,,,,,,,,,,,,,,,,,,,,,,,,,,,,,,,,,False,24.0
INE431F01018,PKTEA,THE PERIA KARAMALAI TEA,Agricultural Food & other Products,True,ILLIQUID,Avg daily traded value ₹6.4L < ₹50.0L,0,0,,0,0,0,AVOID,,0,False,False,0%,,CAUTION,OTHER,,,,,0.0,,,,,,,,,0.0,Fresh,,,,,0.0,0,False,2026-06-05 12:45:02,,,,,,,,,,,,,,,,,,,,,,,,,,,,,,,,,False,
INE0PXD01014,PLADAINFO,PLADA INFOTECH S,Commercial Services & Supplies,True,ILLIQUID,Avg daily traded value ₹0.4L < ₹50.0L,0,0,,0,0,0,AVOID,,0,False,False,0%,,CAUTION,OTHER,,,,,0.0,,,,,,,,,0.0,Fresh,,,,,0.0,0,False,2026-06-05 12:45:02,,,,,,,,,,,,,,,,,,,,,,,,,,,,,,,,,False,
INE083C01022,PLASTIBLEN,PLASTIBLENDS (I),Chemicals & Petrochemicals,True,ILLIQUID,Avg daily traded value ₹46.4L < ₹50.0L,0,0,,0,0,0,AVOID,,0,False,False,0%,,CAUTION,OTHER,,,,,0.0,,,,,,,,,0.0,Fresh,,,,,0.0,0,False,2026-06-05 12:45:02,,,,,,,,,,,,,,,,,,,,,,,,,,,,,,,,,False,47.0
INE0INJ01017,PLAZACABLE,PLAZA WIRES,Industrial Products,True,ILLIQUID,Avg daily traded value ₹20.1L < ₹50.0L,0,0,,0,0,0,AVOID,,0,False,False,0%,,CAUTION,OTHER,,,,,0.0,,,,,,,,,0.0,Fresh,,,,,0.0,0,False,2026-06-05 12:45:02,,,,,,,,,,,,,,,,,,,,,,,,,,,,,,,,,False,
INE291E01019,PML,NAN,nan,True,ILLIQUID,Avg daily traded value ₹2.1L < ₹50.0L,0,0,,0,0,0,AVOID,,0,False,False,0%,,CAUTION,OTHER,,,,,0.0,,,,,,,,,0.0,Fresh,,,,,0.0,0,False,2026-06-05 12:45:02,,,,,,,,,,,,,,,,,,,,,,,,,,,,,,,,,False,8.0
INE392B01011,PNC,PRIT NANDY COMM.,Entertainment,True,CHRONIC_LOSSES,"NP negative 3 of 4 quarters, no turnaround signal",0,0,,0,0,0,AVOID,,0,False,False,0%,,CAUTION,OTHER,,,,,0.0,,,,,,,,,0.0,Fresh,,,,,0.0,0,False,2026-06-05 12:45:02,,,,,,,,,,,,,,,,,,,,,,,,,,,,,,,,,False,
INE838E01017,PONNIERODE,PONNI SUG.ERODE,Agricultural Food & other Products,False,LIQUIDITY,"Avg 20d vol 24,435 < 50K shares/day (micro-illiquid)",0,0,,0,0,0,AVOID,,0,False,False,0%,,CAUTION,OTHER,,,,,0.0,,,,,,,,,0.0,Fresh,,,,,0.0,0,False,2026-06-05 12:45:02,,,,,,,,,,,,,,,,,,,,,,,,,,,,,,,,,False,24.0
INE517M01028,POLYSIL,POLYSIL IRRIGATI,Industrial Products,True,DISTRESS,Altman Z = 0.81 (bankruptcy zone),0,0,,0,0,0,AVOID,,0,False,False,0%,,CAUTION,OTHER,,,,,0.0,,,,,,,,,0.0,Fresh,,,,,0.0,0,False,2026-06-05 12:45:02,,,,,,,,,,,,,,,,,,,,,,,,,,,,,,,,,False,
INE342A01018,PREMIER,PREMIER,Industrial Manufacturing,True,DISTRESS,Altman Z = -7.88 (bankruptcy zone),0,0,,0,0,0,AVOID,,0,False,False,0%,,CAUTION,OTHER,,,,,0.0,,,,,,,,,0.0,Fresh,,,,,0.0,0,False,2026-06-05 12:45:02,,,,,,,,,,,,,,,,,,,,,,,,,,,,,,,,,False,
INE633B01018,POLYPLEX,POLYPLEX CORPN,Industrial Products,False,,,0,0,,0,0,0,AVOID,,0,False,False,0%,,,,,,,,,,,,,,,,,,Fresh,,,,,,0,False,2026-06-05 12:45:02,,,,,,,,,,,,,,,,,,,,,,,,,,,,,,,,,False,11.0
INE371C01013,PODDARMENT,PODDAR PIGMENTS,Chemicals & Petrochemicals,True,ILLIQUID,Avg daily traded value ₹7.0L < ₹50.0L,0,0,,0,0,0,AVOID,,0,False,False,0%,,CAUTION,OTHER,,,,,0.0,,,,,,,,,0.0,Fresh,,,,,0.0,0,False,2026-06-05 12:45:02,,,,,,,,,,,,,,,,,,,,,,,,,,,,,,,,,False,
INE0R1601012,PRESSTONIC,PRESSTONIC ENGI.,Industrial Manufacturing,True,ILLIQUID,Avg daily traded value ₹15.1L < ₹50.0L,0,0,,0,0,0,AVOID,,0,False,False,0%,,CAUTION,OTHER,,,,,0.0,,,,,,,,,0.0,Fresh,,,,,0.0,0,False,2026-06-05 12:45:02,,,,,,,,,,,,,,,,,,,,,,,,,,,,,,,,,False,
INE811K01011,PRESTIGE,PRESTIGE ESTATES,Realty,False,,,0,0,,0,0,0,AVOID,,0,False,False,0%,,,,,,,,,,,,,,,,,,Fresh,,,,,,0,False,2026-06-05 12:45:02,,,,,,,,,,,,,,,,,,,,,,,,,,,,,,,,,False,14.0
INE032B01021,PRIMESECU,PRIME SECURITIES,Finance,False,LIQUIDITY,"Avg 20d vol 45,614 < 50K shares/day (micro-illiquid)",0,0,,0,0,0,AVOID,,0,False,False,0%,,CAUTION,FINANCIALS,,,,,0.0,,,,,,,,,0.0,Fresh,,,,,0.0,0,False,2026-06-05 12:45:02,,,,,,,,,,,,,,,,,,,,,,,,,,,,,,,,,False,36.0
INE607A01022,PRIMO,PRIMO CHEMICALS,Chemicals & Petrochemicals,False,,,0,0,,0,0,0,AVOID,,0,False,False,0%,,,,,,,,,,,,,,,,,,Fresh,,,,,,0,False,2026-06-05 12:45:02,,,,,,,,,,,,,,,,,,,,,,,,,,,,,,,,,False,
INE689W01016,PRINCEPIPE,PRINCE PIPES,Industrial Products,False,,,0,0,,0,0,0,AVOID,,0,False,False,0%,,,,,,,,,,,,,,,,,,Fresh,,,,,,0,False,2026-06-05 12:45:02,,,,,,,,,,,,,,,,,,,,,,,,,,,,,,,,,False,16.0
INE974Z01015,PRITI,PRITI INTERNATI.,Consumer Durables,True,ILLIQUID,Avg daily traded value ₹2.9L < ₹50.0L,0,0,,0,0,0,AVOID,,0,False,False,0%,,CAUTION,CONSUMPTION,,,,,0.0,,,,,,,,,0.0,Fresh,,,,,0.0,0,False,2026-06-05 12:45:02,,,,,,,,,,,,,,,,,,,,,,,,,,,,,,,,,False,
INE0MJQ01020,PRITIKA,PRITIKA ENGINEER,Auto Components,True,ILLIQUID,Avg daily traded value ₹9.8L < ₹50.0L,0,0,,0,0,0,AVOID,,0,False,False,0%,,CAUTION,OTHER,,,,,0.0,,,,,,,,,0.0,Fresh,,,,,0.0,0,False,2026-06-05 12:45:02,,,,,,,,,,,,,,,,,,,,,,,,,,,,,,,,,False,
INE583R01029,PRITIKAUTO,PRITIKA AUTO,Auto Components,True,ILLIQUID,Avg daily traded value ₹35.9L < ₹50.0L,0,0,,0,0,0,AVOID,,0,False,False,0%,,CAUTION,OTHER,,,,,0.0,,,,,,,,,0.0,Fresh,,,,,0.0,0,False,2026-06-05 12:45:02,,,,,,,,,,,,,,,,,,,,,,,,,,,,,,,,,False,
INE0CFG01012,PRLIND,PREMIER ROADLINE,Transport Services,True,ILLIQUID,Avg daily traded value ₹9.6L < ₹50.0L,0,0,,0,0,0,AVOID,,0,False,False,0%,,CAUTION,OTHER,,,,,0.0,,,,,,,,,0.0,Fresh,,,,,0.0,0,False,2026-06-05 12:45:02,,,,,,,,,,,,,,,,,,,,,,,,,,,,,,,,,False,
INE746D01014,PIONRINV,NAN,nan,True,ILLIQUID,Avg daily traded value ₹7.0L < ₹50.0L,0,0,,0,0,0,AVOID,,0,False,False,0%,,CAUTION,OTHER,,,,,0.0,,,,,,,,,0.0,Fresh,,,,,0.0,0,False,2026-06-05 12:45:03,,,,,,,,,,,,,,,,,,,,,,,,,,,,,,,,,False,
INE156C01018,PIONEEREMB,PION. EMBROIDER.,Textiles & Apparels,True,ILLIQUID,Avg daily traded value ₹4.0L < ₹50.0L,0,0,,0,0,0,AVOID,,0,False,False,0%,,CAUTION,OTHER,,,,,0.0,,,,,,,,,0.0,Fresh,,,,,0.0,0,False,2026-06-05 12:45:03,,,,,,,,,,,,,,,,,,,,,,,,,,,,,,,,,False,
INE600A01035,PILITA,PIL ITALICA LIFE,Consumer Durables,True,ILLIQUID,Avg daily traded value ₹6.2L < ₹50.0L,0,0,,0,0,0,AVOID,,0,False,False,0%,,CAUTION,CONSUMPTION,,,,,0.0,,,,,,,,,0.0,Fresh,,,,,0.0,0,False,2026-06-05 12:45:03,,,,,,,,,,,,,,,,,,,,,,,,,,,,,,,,,False,36.0
INE417C01014,PILANIINVS,PILANI INVEST.,Finance,True,CHRONIC_LOSSES,"NP negative 3 of 4 quarters, no turnaround signal",0,0,,0,0,0,AVOID,,0,False,False,0%,,CAUTION,FINANCIALS,,,,,0.0,,,,,,,,,0.0,Fresh,,,,,0.0,0,False,2026-06-05 12:45:03,,,,,,,,,,,,,,,,,,,,,,,,,,,,,,,,,False,
INE772T01024,PVSL,POPULAR VEHICLES,Automobiles,True,ILLIQUID,Avg daily traded value ₹44.5L < ₹50.0L,0,0,,0,0,0,AVOID,,0,False,False,0%,,CAUTION,OTHER,,,,,0.0,,,,,,,,,0.0,Fresh,,,,,0.0,0,False,2026-06-05 12:45:03,,,,,,,,,,,,,,,,,,,,,,,,,,,,,,,,,False,9.0
INE191H01014,PVRINOX,PVR INOX,Entertainment,True,DISTRESS,Altman Z = 0.83 (bankruptcy zone),0,0,,0,0,0,AVOID,,0,False,False,0%,,CAUTION,OTHER,,,,,0.0,,,,,,,,,0.0,Fresh,,,,,0.0,0,False,2026-06-05 12:45:03,,,,,,,,,,,,,,,,,,,,,,,,,,,,,,,,,False,
INE362A01016,PVP,PVP VENTURES,Realty,True,DISTRESS,Altman Z = -0.60 (bankruptcy zone),0,0,,0,0,0,AVOID,,0,False,False,0%,,CAUTION,OTHER,,,,,0.0,,,,,,,,,0.0,Fresh,,,,,0.0,0,False,2026-06-05 12:45:03,,,,,,,,,,,,,,,,,,,,,,,,,,,,,,,,,False,67.0
INE335X01014,PULZ,PULZ ELECTRONICS,Consumer Durables,True,ILLIQUID,Avg daily traded value ₹1.6L < ₹50.0L,0,0,,0,0,0,AVOID,,0,False,False,0%,,CAUTION,CONSUMPTION,,,,,0.0,,,,,,,,,0.0,Fresh,,,,,0.0,0,False,2026-06-05 12:45:03,,,,,,,,,,,,,,,,,,,,,,,,,,,,,,,,,False,
INE277B01014,PUNJABCHEM,PUNJAB CHEMICALS,Fertilizers & Agrochemicals,False,LIQUIDITY,"Avg 20d vol 11,041 < 50K shares/day (micro-illiquid)",0,0,,0,0,0,AVOID,,0,False,False,0%,,CAUTION,OTHER,,,,,0.0,,,,,,,,,0.0,Fresh,,,,,0.0,0,False,2026-06-05 12:45:03,,,,,,,,,,,,,,,,,,,,,,,,,,,,,,,,,False,34.0
INE323I01011,PURVA,PURAVANKARA,Realty,True,DISTRESS,Altman Z = 0.52 (bankruptcy zone),0,0,,0,0,0,AVOID,,0,False,False,0%,,CAUTION,OTHER,,,,,0.0,,,,,,,,,0.0,Fresh,,,,,0.0,0,False,2026-06-05 12:45:03,,,,,,,,,,,,,,,,,,,,,,,,,,,,,,,,,False,17.0
INE0R6C01012,PURVFLEXI,PURV FLEXI,Industrial Products,True,ILLIQUID,Avg daily traded value ₹2.0L < ₹50.0L,0,0,,0,0,0,AVOID,,0,False,False,0%,,CAUTION,OTHER,,,,,0.0,,,,,,,,,0.0,Fresh,,,,,0.0,0,False,2026-06-05 12:45:03,,,,,,,,,,,,,,,,,,,,,,,,,,,,,,,,,False,
INE0FMW01018,QMSMEDI,QMS MEDICAL,Healthcare Equipment & Supplies,True,ILLIQUID,Avg daily traded value ₹8.4L < ₹50.0L,0,0,,0,0,0,AVOID,,0,False,False,0%,,CAUTION,OTHER,,,,,0.0,,,,,,,,,0.0,Fresh,,,,,0.0,0,False,2026-06-05 12:45:03,,,,,,,,,,,,,,,,,,,,,,,,,,,,,,,,,False,
INE0O1M01015,QFIL,QUALITY FOILS,Industrial Products,True,ILLIQUID,Avg daily traded value ₹0.1L < ₹50.0L,0,0,,0,0,0,AVOID,,0,False,False,0%,,CAUTION,OTHER,,,,,0.0,,,,,,,,,0.0,Fresh,,,,,0.0,0,False,2026-06-05 12:45:03,,,,,,,,,,,,,,,,,,,,,,,,,,,,,,,,,False,
INE024D01016,PRUDMOULI,PRUDEN. SUGAR,Agricultural Food & other Products,True,ILLIQUID,Avg daily traded value ₹2.3L < ₹50.0L,0,0,,0,0,0,AVOID,,0,False,False,0%,,CAUTION,OTHER,,,,,0.0,,,,,,,,,0.0,Fresh,,,,,0.0,0,False,2026-06-05 12:45:03,,,,,,,,,,,,,,,,,,,,,,,,,,,,,,,,,False,
INE608A01012,PSB,PUN. & SIND BANK,Banks,False,,,0,0,,0,0,0,AVOID,,0,False,False,0%,,,,,,,,,,,,,,,,,,Fresh,,,,,,0,False,2026-06-05 12:45:03,,,,,,,,,,,,,,,,,,,,,,,,,,,,,,,,,False,53.0
INE010A01011,PRSMJOHNSN,PRISM JOHNSON,Cement & Cement Products,False,,,0,0,,0,0,0,AVOID,,0,False,False,0%,,,,,,,,,,,,,,,,,,Fresh,,,,,,0,False,2026-06-05 12:45:03,,,,,,,,,,,,,,,,,,,,,,,,,,,,,,,,,False,
INE195N01013,PROZONER,PROZONE REALTY,Realty,True,DISTRESS,Altman Z = 0.94 (bankruptcy zone),0,0,,0,0,0,AVOID,,0,False,False,0%,,CAUTION,OTHER,,,,,0.0,,,,,,,,,0.0,Fresh,,,,,0.0,0,False,2026-06-05 12:45:03,,,,,,,,,,,,,,,,,,,,,,,,,,,,,,,,,False,
INE0ONE01016,PROV,PROVENTUS AGRO.,Food Products,True,ILLIQUID,Avg daily traded value ₹13.4L < ₹50.0L,0,0,,0,0,0,AVOID,,0,False,False,0%,,CAUTION,OTHER,,,,,0.0,,,,,,,,,0.0,Fresh,,,,,0.0,0,False,2026-06-05 12:45:03,,,,,,,,,,,,,,,,,,,,,,,,,,,,,,,,,False,
INE004A01022,PROTEAN,PROTEAN EGOV,IT - Services,False,,,0,0,,0,0,0,AVOID,,0,False,False,0%,,,,,,,,,,,,,,,,,,Fresh,,,,,,0,False,2026-06-05 12:45:03,,,,,,,,,,,,,,,,,,,,,,,,,,,,,,,,,False,15.0
INE0KN801013,PROPEQUITY,P.E. ANALYTICS,Realty,True,ILLIQUID,Avg daily traded value ₹16.9L < ₹50.0L,0,0,,0,0,0,AVOID,,0,False,False,0%,,CAUTION,OTHER,,,,,0.0,,,,,,,,,0.0,Fresh,,,,,0.0,0,False,2026-06-05 12:45:03,,,,,,,,,,,,,,,,,,,,,,,,,,,,,,,,,False,
INE111Q01021,PDSL,PDS,Textiles & Apparels,False,,,0,0,,0,0,0,AVOID,,0,False,False,0%,,,,,,,,,,,,,,,,,,Fresh,,,,,,0,False,2026-06-05 12:45:03,,,,,,,,,,,,,,,,,,,,,,,,,,,,,,,,,False,19.0
INE844A01013,PEARLPOLY,PEARL POLYMERS,Consumer Durables,True,CHRONIC_LOSSES,"NP negative 3 of 4 quarters, no turnaround signal",0,0,,0,0,0,AVOID,,0,False,False,0%,,CAUTION,CONSUMPTION,,,,,0.0,,,,,,,,,0.0,Fresh,,,,,0.0,0,False,2026-06-05 12:45:03,,,,,,,,,,,,,,,,,,,,,,,,,,,,,,,,,False,
INE07S101038,PAVNAIND,PAVNA INDUSTRIES,Auto Components,True,ILLIQUID,Avg daily traded value ₹11.2L < ₹50.0L,0,0,,0,0,0,AVOID,,0,False,False,0%,,CAUTION,OTHER,,,,,0.0,,,,,,,,,0.0,Fresh,,,,,0.0,0,False,2026-06-05 12:45:03,,,,,,,,,,,,,,,,,,,,,,,,,,,,,,,,,False,
INE138A01028,PENINLAND,PENINSULA LAND,Realty,True,DISTRESS,Altman Z = -0.14 (bankruptcy zone),0,0,,0,0,0,AVOID,,0,False,False,0%,,CAUTION,OTHER,,,,,0.0,,,,,,,,,0.0,Fresh,,,,,0.0,0,False,2026-06-05 12:45:03,,,,,,,,,,,,,,,,,,,,,,,,,,,,,,,,,False,
INE0ORS01017,PENTAGON,PENTAGON RUBBER,Industrial Products,True,ILLIQUID,Avg daily traded value ₹2.3L < ₹50.0L,0,0,,0,0,0,AVOID,,0,False,False,0%,,CAUTION,OTHER,,,,,0.0,,,,,,,,,0.0,Fresh,,,,,0.0,0,False,2026-06-05 12:45:03,,,,,,,,,,,,,,,,,,,,,,,,,,,,,,,,,False,
INE111F01024,PAUSHAKLTD,PAUSHAK,Chemicals & Petrochemicals,False,LIQUIDITY,"Avg 20d vol 15,379 < 50K shares/day (micro-illiquid)",0,0,,0,0,0,AVOID,,0,False,False,0%,,CAUTION,OTHER,,,,,0.0,,,,,,,,,0.0,Fresh,,,,,0.0,0,False,2026-06-05 12:45:03,,,,,,,,,,,,,,,,,,,,,,,,,,,,,,,,,False,30.0
INE0NZW01014,PATTECH,PATTECH FITWELL,Industrial Products,True,ILLIQUID,Avg daily traded value ₹0.0L < ₹50.0L,0,0,,0,0,0,AVOID,,0,False,False,0%,,CAUTION,OTHER,,,,,0.0,,,,,,,,,0.0,Fresh,,,,,0.0,0,False,2026-06-05 12:45:03,,,,,,,,,,,,,,,,,,,,,,,,,,,,,,,,,False,
INE529D01014,PATINTLOG,PATEL INTEGRATED,Transport Services,True,ILLIQUID,Avg daily traded value ₹48.6L < ₹50.0L,0,0,,0,0,0,AVOID,,0,False,False,0%,,CAUTION,OTHER,,,,,0.0,,,,,,,,,0.0,Fresh,,,,,0.0,0,False,2026-06-05 12:45:03,,,,,,,,,,,,,,,,,,,,,,,,,,,,,,,,,False,
INE922B01023,PANACEABIO,PANACEA BIOTEC,Pharmaceuticals & Biotechnology,False,,,0,0,,0,0,0,AVOID,,0,False,False,0%,,,,,,,,,,,,,,,,,,Fresh,,,,,,0,False,2026-06-05 12:45:03,,,,,,,,,,,,,,,,,,,,,,,,,,,,,,,,,False,36.0
INE895W01019,PANACHE,PANACHE DIGILIFE,IT - Services,False,LIQUIDITY,"Avg 20d vol 19,702 < 50K shares/day (micro-illiquid)",0,0,,0,0,0,AVOID,,0,False,False,0%,,CAUTION,OTHER,,,,,0.0,,,,,,,,,0.0,Fresh,,,,,0.0,0,False,2026-06-05 12:45:03,,,,,,,,,,,,,,,,,,,,,,,,,,,,,,,,,False,
INE697V01011,PANSARI,PANSARI DEVELOP.,Realty,False,LIQUIDITY,"Avg 20d vol 26,171 < 50K shares/day (micro-illiquid)",0,0,,0,0,0,AVOID,,0,False,False,0%,,CAUTION,OTHER,,,,,0.0,,,,,,,,,0.0,Fresh,,,,,0.0,0,False,2026-06-05 12:45:03,,,,,,,,,,,,,,,,,,,,,,,,,,,,,,,,,False,
INE04LG01015,PAR,PAR DRUGS & CHE.,Pharmaceuticals & Biotechnology,True,ILLIQUID,Avg daily traded value ₹8.6L < ₹50.0L,0,0,,0,0,0,AVOID,,0,False,False,0%,,CAUTION,OTHER,,,,,0.0,,,,,,,,,0.0,Fresh,,,,,0.0,0,False,2026-06-05 12:45:03,,,,,,,,,,,,,,,,,,,,,,,,,,,,,,,,,False,
INE0N4G01012,PARAGON,PARAGON FINE,Chemicals & Petrochemicals,True,ILLIQUID,Avg daily traded value ₹6.3L < ₹50.0L,0,0,,0,0,0,AVOID,,0,False,False,0%,,CAUTION,OTHER,,,,,0.0,,,,,,,,,0.0,Fresh,,,,,0.0,0,False,2026-06-05 12:45:03,,,,,,,,,,,,,,,,,,,,,,,,,,,,,,,,,False,
INE162C01024,PARASPETRO,PARAS PETROFILS,Finance,True,ILLIQUID,Avg daily traded value ₹2.8L < ₹50.0L,0,0,,0,0,0,AVOID,,0,False,False,0%,,CAUTION,FINANCIALS,,,,,0.0,,,,,,,,,0.0,Fresh,,,,,0.0,0,False,2026-06-05 12:45:03,,,,,,,,,,,,,,,,,,,,,,,,,,,,,,,,,False,
INE00U801010,PARIN,PARIN ENTERPRIS.,Consumer Durables,False,LIQUIDITY,"Avg 20d vol 35,600 < 50K shares/day (micro-illiquid)",0,0,,0,0,0,AVOID,,0,False,False,0%,,CAUTION,CONSUMPTION,,,,,0.0,,,,,,,,,0.0,Fresh,,,,,0.0,0,False,2026-06-05 12:45:03,,,,,,,,,,,,,,,,,,,,,,,,,,,,,,,,,False,
INE561H01026,PARSVNATH,PARSVNATH DEVL.,Realty,True,DISTRESS,Altman Z = -1.10 (bankruptcy zone),0,0,,0,0,0,AVOID,,0,False,False,0%,,CAUTION,OTHER,,,,,0.0,,,,,,,,,0.0,Fresh,,,,,0.0,0,False,2026-06-05 12:45:04,,,,,,,,,,,,,,,,,,,,,,,,,,,,,,,,,False,
INE218G01033,PALREDTEC,PALRED TECHNOLOG,IT - Services,True,DISTRESS,Altman Z = 0.47 (bankruptcy zone),0,0,,0,0,0,AVOID,,0,False,False,0%,,CAUTION,OTHER,,,,,0.0,,,,,,,,,0.0,Fresh,,,,,0.0,0,False,2026-06-05 12:45:04,,,,,,,,,,,,,,,,,,,,,,,,,,,,,,,,,False,
INE471W01019,PALASHSECU,PALASH SECURI.,Food Products,True,DISTRESS,Altman Z = 0.61 (bankruptcy zone),0,0,,0,0,0,AVOID,,0,False,False,0%,,CAUTION,OTHER,,,,,0.0,,,,,,,,,0.0,Fresh,,,,,0.0,0,False,2026-06-05 12:45:04,,,,,,,,,,,,,,,,,,,,,,,,,,,,,,,,,False,
INE034D01049,PTL,PTL ENTERPRISES,Commercial Services & Supplies,True,ILLIQUID,Avg daily traded value ₹18.5L < ₹50.0L,0,0,,0,0,0,AVOID,,0,False,False,0%,,CAUTION,OTHER,,,,,0.0,,,,,,,,,0.0,Fresh,,,,,0.0,0,False,2026-06-05 12:45:04,,,,,,,,,,,,,,,,,,,,,,,,,,,,,,,,,False,
INE761H01022,PAGEIND,PAGE INDUSTRIES,Textiles & Apparels,False,LIQUIDITY,"Avg 20d vol 32,184 < 50K shares/day (micro-illiquid)",0,0,,0,0,0,AVOID,,0,False,False,0%,,CAUTION,OTHER,,,,,0.0,,,,,,,,,0.0,Fresh,,,,,0.0,0,False,2026-06-05 12:45:04,,,,,,,,,,,,,,,,,,,,,,,,,,,,,,,,,False,
INE0LRY01011,QUADFUTURE,QUADRANT FUTURE,Industrial Products,True,CHRONIC_LOSSES,"NP negative 3 of 4 quarters, no turnaround signal",0,0,,0,0,0,AVOID,,0,False,False,0%,,CAUTION,OTHER,,,,,0.0,,,,,,,,,0.0,Fresh,,,,,0.0,0,False,2026-06-05 12:45:04,,,,,,,,,,,,,,,,,,,,,,,,,,,,,,,,,False,8.0
INE0GOJ01027,QUADPRO,QUADPRO ITES,IT - Services,True,ILLIQUID,Avg daily traded value ₹0.6L < ₹50.0L,0,0,,0,0,0,AVOID,,0,False,False,0%,,CAUTION,OTHER,,,,,0.0,,,,,,,,,0.0,Fresh,,,,,0.0,0,False,2026-06-05 12:45:04,,,,,,,,,,,,,,,,,,,,,,,,,,,,,,,,,False,
INE0MLZ01019,PHANTOMFX,PHANTOM DIGITAL,Entertainment,True,ILLIQUID,Avg daily traded value ₹40.4L < ₹50.0L,0,0,,0,0,0,AVOID,,0,False,False,0%,,CAUTION,OTHER,,,,,0.0,,,,,,,,,0.0,Fresh,,,,,0.0,0,False,2026-06-05 12:45:04,,,,,,,,,,,,,,,,,,,,,,,,,,,,,,,,,False,
INE615P01015,QUESS,QUESS CORP,Commercial Services & Supplies,False,,,0,0,,0,0,0,AVOID,,0,False,False,0%,,,,,,,,,,,,,,,,,,Fresh,,,,,,0,False,2026-06-05 12:45:04,,,,,,,,,,,,,,,,,,,,,,,,,,,,,,,,,False,25.0
INE641R01017,QUINT,NAN,nan,True,ILLIQUID,Avg daily traded value ₹1.7L < ₹50.0L,0,0,,0,0,0,AVOID,,0,False,False,0%,,CAUTION,OTHER,,,,,0.0,,,,,,,,,0.0,Fresh,,,,,0.0,0,False,2026-06-05 12:45:04,,,,,,,,,,,,,,,,,,,,,,,,,,,,,,,,,False,13.0
INE306L01010,QUICKHEAL,QUICK HEAL TECH,IT - Software,False,,,0,0,,0,0,0,AVOID,,0,False,False,0%,,,,,,,,,,,,,,,,,,Fresh,,,,,,0,False,2026-06-05 12:45:04,,,,,,,,,,,,,,,,,,,,,,,,,,,,,,,,,False,14.0
INE0K4D01020,QUICKTOUCH,QUICKTOUCH TECH,IT - Software,True,ILLIQUID,Avg daily traded value ₹0.6L < ₹50.0L,0,0,,0,0,0,AVOID,,0,False,False,0%,,CAUTION,OTHER,,,,,0.0,,,,,,,,,0.0,Fresh,,,,,0.0,0,False,2026-06-05 12:45:04,,,,,,,,,,,,,,,,,,,,,,,,,,,,,,,,,False,
INE182A01018,PFIZER,PFIZER,Pharmaceuticals & Biotechnology,False,LIQUIDITY,"Avg 20d vol 24,353 < 50K shares/day (micro-illiquid)",0,0,,0,0,0,AVOID,,0,False,False,0%,,CAUTION,OTHER,,,,,0.0,,,,,,,,,0.0,Fresh,,,,,0.0,0,False,2026-06-05 12:45:04,,,,,,,,,,,,,,,,,,,,,,,,,,,,,,,,,False,
INE179A01014,PGHH,P & G HYGIENE,Personal Products,False,LIQUIDITY,"Avg 20d vol 11,571 < 50K shares/day (micro-illiquid)",0,0,,0,0,0,AVOID,,0,False,False,0%,,CAUTION,OTHER,,,,,0.0,,,,,,,,,0.0,Fresh,,,,,0.0,0,False,2026-06-05 12:45:04,,,,,,,,,,,,,,,,,,,,,,,,,,,,,,,,,False,
INE199A01012,PGHL,P & G HEALTH LTD,Pharmaceuticals & Biotechnology,False,LIQUIDITY,"Avg 20d vol 43,931 < 50K shares/day (micro-illiquid)",0,0,,0,0,0,AVOID,,0,False,False,0%,,CAUTION,OTHER,,,,,0.0,,,,,,,,,0.0,Fresh,,,,,0.0,0,False,2026-06-05 12:45:04,,,,,,,,,,,,,,,,,,,,,,,,,,,,,,,,,False,9.0
INE631R01026,MADHAVIPL,NAN,nan,True,ILLIQUID,Avg daily traded value ₹10.7L < ₹50.0L,0,0,,0,0,0,AVOID,,0,False,False,0%,,CAUTION,OTHER,,,,,0.0,,,,,,,,,0.0,Fresh,,,,,0.0,0,False,2026-06-05 12:45:04,,,,,,,,,,,,,,,,,,,,,,,,,,,,,,,,,False,
INE0JR301013,MADHAVBAUG,VAIDYA SANE,Healthcare Equipment & Supplies,True,ILLIQUID,Avg daily traded value ₹29.3L < ₹50.0L,0,0,,0,0,0,AVOID,,0,False,False,0%,,CAUTION,OTHER,,,,,0.0,,,,,,,,,0.0,Fresh,,,,,0.0,0,False,2026-06-05 12:45:04,,,,,,,,,,,,,,,,,,,,,,,,,,,,,,,,,False,
INE925C01016,MADHAV,MADHAV MARBLES,Consumer Durables,True,CHRONIC_LOSSES,"NP negative 3 of 4 quarters, no turnaround signal",0,0,,0,0,0,AVOID,,0,False,False,0%,,CAUTION,CONSUMPTION,,,,,0.0,,,,,,,,,0.0,Fresh,,,,,0.0,0,False,2026-06-05 12:45:04,,,,,,,,,,,,,,,,,,,,,,,,,,,,,,,,,False,
INE155Z01011,MACPOWER,MACPOWER CNC,Industrial Manufacturing,False,LIQUIDITY,"Avg 20d vol 39,535 < 50K shares/day (micro-illiquid)",0,0,,0,0,0,AVOID,,0,False,False,0%,,CAUTION,OTHER,,,,,0.0,,,,,,,,,0.0,Fresh,,,,,0.0,0,False,2026-06-05 12:45:04,,,,,,,,,,,,,,,,,,,,,,,,,,,,,,,,,False,
INE215I01027,MAANALU,MAAN ALUMINIUM,Non - Ferrous Metals,False,,,0,0,,0,0,0,AVOID,,0,False,False,0%,,,,,,,,,,,,,,,,,,Fresh,,,,,,0,False,2026-06-05 12:45:04,,,,,,,,,,,,,,,,,,,,,,,,,,,,,,,,,False,14.0
INE142K01011,LYPSAGEMS,LYPSA GEMS,Consumer Durables,True,DISTRESS,Altman Z = -0.35 (bankruptcy zone),0,0,,0,0,0,AVOID,,0,False,False,0%,,CAUTION,CONSUMPTION,,,,,0.0,,,,,,,,,0.0,Fresh,,,,,0.0,0,False,2026-06-05 12:45:04,,,,,,,,,,,,,,,,,,,,,,,,,,,,,,,,,False,
INE933A01014,LYKALABS,LYKA LABS,Pharmaceuticals & Biotechnology,True,ILLIQUID,Avg daily traded value ₹20.5L < ₹50.0L,0,0,,0,0,0,AVOID,,0,False,False,0%,,CAUTION,OTHER,,,,,0.0,,,,,,,,,0.0,Fresh,,,,,0.0,0,False,2026-06-05 12:45:04,,,,,,,,,,,,,,,,,,,,,,,,,,,,,,,,,False,
INE150G01020,LUXIND,LUX INDUSTRIES,Textiles & Apparels,False,,,0,0,,0,0,0,AVOID,,0,False,False,0%,,,,,,,,,,,,,,,,,,Fresh,,,,,,0,False,2026-06-05 12:45:04,,,,,,,,,,,,,,,,,,,,,,,,,,,,,,,,,False,14.0
INE162B01018,LUMAXIND,LUMAX INDUSTRIES,Auto Components,False,LIQUIDITY,"Avg 20d vol 25,413 < 50K shares/day (micro-illiquid)",0,0,,0,0,0,AVOID,,0,False,False,0%,,CAUTION,OTHER,,,,,0.0,,,,,,,,,0.0,Fresh,,,,,0.0,0,False,2026-06-05 12:45:04,,,,,,,,,,,,,,,,,,,,,,,,,,,,,,,,,False,
INE378D01032,MADHUCON,MADHUCON PROJECT,Construction,True,DISTRESS,Altman Z = -1.56 (bankruptcy zone),0,0,,0,0,0,AVOID,,0,False,False,0%,,CAUTION,OTHER,,,,,0.0,,,,,,,,,0.0,Fresh,,,,,0.0,0,False,2026-06-05 12:45:04,,,,,,,,,,,,,,,,,,,,,,,,,,,,,,,,,False,60.0
INE0P6701019,MADHUSUDAN,MADHUSUDAN MASA,Food Products,True,ILLIQUID,Avg daily traded value ₹21.5L < ₹50.0L,0,0,,0,0,0,AVOID,,0,False,False,0%,,CAUTION,OTHER,,,,,0.0,,,,,,,,,0.0,Fresh,,,,,0.0,0,False,2026-06-05 12:45:04,,,,,,,,,,,,,,,,,,,,,,,,,,,,,,,,,False,
INE414A01015,MADRASFERT,MADRAS FERTILIZE,Fertilizers & Agrochemicals,True,DISTRESS,Altman Z = -0.12 (bankruptcy zone),0,0,,0,0,0,AVOID,,0,False,False,0%,,CAUTION,OTHER,,,,,0.0,,,,,,,,,0.0,Fresh,,,,,0.0,0,False,2026-06-05 12:45:04,,,,,,,,,,,,,,,,,,,,,,,,,,,,,,,,,False,
INE0H4B01011,LRRPL,LEAD RECLAIM,Industrial Products,True,ILLIQUID,Avg daily traded value ₹12.4L < ₹50.0L,0,0,,0,0,0,AVOID,,0,False,False,0%,,CAUTION,OTHER,,,,,0.0,,,,,,,,,0.0,Fresh,,,,,0.0,0,False,2026-06-05 12:45:04,,,,,,,,,,,,,,,,,,,,,,,,,,,,,,,,,False,
INE197J01017,LPDC,LANDMARK PROP.,Realty,True,ILLIQUID,Avg daily traded value ₹3.5L < ₹50.0L,0,0,,0,0,0,AVOID,,0,False,False,0%,,CAUTION,OTHER,,,,,0.0,,,,,,,,,0.0,Fresh,,,,,0.0,0,False,2026-06-05 12:45:04,,,,,,,,,,,,,,,,,,,,,,,,,,,,,,,,,False,
INE970D01010,LOYALTEX,LOYAL TEXTILE,Textiles & Apparels,True,DISTRESS,Altman Z = 0.90 (bankruptcy zone),0,0,,0,0,0,AVOID,,0,False,False,0%,,CAUTION,OTHER,,,,,0.0,,,,,,,,,0.0,Fresh,,,,,0.0,0,False,2026-06-05 12:45:04,,,,,,,,,,,,,,,,,,,,,,,,,,,,,,,,,False,8.0
INE269B01029,LMW,LMW,Industrial Manufacturing,False,LIQUIDITY,"Avg 20d vol 3,067 < 50K shares/day (micro-illiquid)",0,0,,0,0,0,AVOID,,0,False,False,0%,,CAUTION,OTHER,,,,,0.0,,,,,,,,,0.0,Fresh,,,,,0.0,0,False,2026-06-05 12:45:04,,,,,,,,,,,,,,,,,,,,,,,,,,,,,,,,,False,32.0
INE080I01025,LLOYDSENT,LLOYDS ENTERPRIS,Metals & Minerals Trading,False,,,0,0,,0,0,0,AVOID,,0,False,False,0%,,,,,,,,,,,,,,,,,,Fresh,,,,,,0,False,2026-06-05 12:45:04,,,,,,,,,,,,,,,,,,,,,,,,,,,,,,,,,False,27.0
INE397H01017,LOKESHMACH,LOKESH MACH.,Industrial Manufacturing,True,ILLIQUID,Avg daily traded value ₹40.2L < ₹50.0L,0,0,,0,0,0,AVOID,,0,False,False,0%,,CAUTION,OTHER,,,,,0.0,,,,,,,,,0.0,Fresh,,,,,0.0,0,False,2026-06-05 12:45:04,,,,,,,,,,,,,,,,,,,,,,,,,,,,,,,,,False,
INE846D01012,LORDSCHLO,LORDS CHLORO,Chemicals & Petrochemicals,True,ILLIQUID,Avg daily traded value ₹24.0L < ₹50.0L,0,0,,0,0,0,AVOID,,0,False,False,0%,,CAUTION,OTHER,,,,,0.0,,,,,,,,,0.0,Fresh,,,,,0.0,0,False,2026-06-05 12:45:04,,,,,,,,,,,,,,,,,,,,,,,,,,,,,,,,,False,
INE947I01017,LOTUSEYE,LOTUS EYE HOSPIT,Healthcare Services,True,ILLIQUID,Avg daily traded value ₹7.5L < ₹50.0L,0,0,,0,0,0,AVOID,,0,False,False,0%,,CAUTION,OTHER,,,,,0.0,,,,,,,,,0.0,Fresh,,,,,0.0,0,False,2026-06-05 12:45:04,,,,,,,,,,,,,,,,,,,,,,,,,,,,,,,,,False,9.0
INE597L01014,LOVABLE,LOVABLE LINGERIE,Textiles & Apparels,True,ILLIQUID,Avg daily traded value ₹7.5L < ₹50.0L,0,0,,0,0,0,AVOID,,0,False,False,0%,,CAUTION,OTHER,,,,,0.0,,,,,,,,,0.0,Fresh,,,,,0.0,0,False,2026-06-05 12:45:04,,,,,,,,,,,,,,,,,,,,,,,,,,,,,,,,,False,
INE0OJM01017,MASTER,MASTER COMPONENT,Industrial Products,True,ILLIQUID,Avg daily traded value ₹4.8L < ₹50.0L,0,0,,0,0,0,AVOID,,0,False,False,0%,,CAUTION,OTHER,,,,,0.0,,,,,,,,,0.0,Fresh,,,,,0.0,0,False,2026-06-05 12:45:04,,,,,,,,,,,,,,,,,,,,,,,,,,,,,,,,,False,
INE0SH001010,MASON,MASON INFRATECH,Realty,True,ILLIQUID,Avg daily traded value ₹14.7L < ₹50.0L,0,0,,0,0,0,AVOID,,0,False,False,0%,,CAUTION,OTHER,,,,,0.0,,,,,,,,,0.0,Fresh,,,,,0.0,0,False,2026-06-05 12:45:04,,,,,,,,,,,,,,,,,,,,,,,,,,,,,,,,,False,
INE885F01015,MASKINVEST,MASK INVESTMENTS,Finance,True,ILLIQUID,Avg daily traded value ₹0.5L < ₹50.0L,0,0,,0,0,0,AVOID,,0,False,False,0%,,CAUTION,FINANCIALS,,,,,0.0,,,,,,,,,0.0,Fresh,,,,,0.0,0,False,2026-06-05 12:45:04,,,,,,,,,,,,,,,,,,,,,,,,,,,,,,,,,False,
INE0QP001012,MARCO,MARCO CABLES,Industrial Products,True,ILLIQUID,Avg daily traded value ₹3.0L < ₹50.0L,0,0,,0,0,0,AVOID,,0,False,False,0%,,CAUTION,OTHER,,,,,0.0,,,,,,,,,0.0,Fresh,,,,,0.0,0,False,2026-06-05 12:45:04,,,,,,,,,,,,,,,,,,,,,,,,,,,,,,,,,False,
INE0TD401015,MARC,MARC TECHNOCRATS,Commercial Services & Supplies,True,ILLIQUID,Avg daily traded value ₹8.0L < ₹50.0L,0,0,,0,0,0,AVOID,,0,False,False,0%,,CAUTION,OTHER,,,,,0.0,,,,,,,,,0.0,Fresh,,,,,0.0,0,False,2026-06-05 12:45:04,,,,,,,,,,,,,,,,,,,,,,,,,,,,,,,,,False,
INE182D01020,MARATHON,MARATHON NEXTGEN,Realty,False,LIQUIDITY,"Avg 20d vol 49,660 < 50K shares/day (micro-illiquid)",0,0,,0,0,0,AVOID,,0,False,False,0%,,CAUTION,OTHER,,,,,0.0,,,,,,,,,0.0,Fresh,,,,,0.0,0,False,2026-06-05 12:45:04,,,,,,,,,,,,,,,,,,,,,,,,,,,,,,,,,False,8.0
INE882A01013,MARALOVER,MARAL OVERSEAS,Textiles & Apparels,True,ILLIQUID,Avg daily traded value ₹22.7L < ₹50.0L,0,0,,0,0,0,AVOID,,0,False,False,0%,,CAUTION,OTHER,,,,,0.0,,,,,,,,,0.0,Fresh,,,,,0.0,0,False,2026-06-05 12:45:04,,,,,,,,,,,,,,,,,,,,,,,,,,,,,,,,,False,
INE866R01028,MATRIMONY,MATRIMONY.COM,Retailing,False,LIQUIDITY,"Avg 20d vol 15,119 < 50K shares/day (micro-illiquid)",0,0,,0,0,0,AVOID,,0,False,False,0%,,CAUTION,OTHER,,,,,0.0,,,,,,,,,0.0,Fresh,,,,,0.0,0,False,2026-06-05 12:45:04,,,,,,,,,,,,,,,,,,,,,,,,,,,,,,,,,False,
INE636A01039,MAWANASUG,MAWANA SUGARS,Agricultural Food & other Products,True,ILLIQUID,Avg daily traded value ₹49.2L < ₹50.0L,0,0,,0,0,0,AVOID,,0,False,False,0%,,CAUTION,OTHER,,,,,0.0,,,,,,,,,0.0,Fresh,,,,,0.0,0,False,2026-06-05 12:45:04,,,,,,,,,,,,,,,,,,,,,,,,,,,,,,,,,False,59.0
INE575Z01010,MDL,MARVEL DECOR,Consumer Durables,True,ILLIQUID,Avg daily traded value ₹6.0L < ₹50.0L,0,0,,0,0,0,AVOID,,0,False,False,0%,,CAUTION,CONSUMPTION,,,,,0.0,,,,,,,,,0.0,Fresh,,,,,0.0,0,False,2026-06-05 12:45:04,,,,,,,,,,,,,,,,,,,,,,,,,,,,,,,,,False,
INE0O4M01019,MCON,MCON RASAYAN,Other Construction Materials,True,ILLIQUID,Avg daily traded value ₹6.5L < ₹50.0L,0,0,,0,0,0,AVOID,,0,False,False,0%,,CAUTION,OTHER,,,,,0.0,,,,,,,,,0.0,Fresh,,,,,0.0,0,False,2026-06-05 12:45:04,,,,,,,,,,,,,,,,,,,,,,,,,,,,,,,,,False,
INE942G01012,MCLEODRUSS,MCLEOD RUSSEL,Agricultural Food & other Products,True,DISTRESS,Altman Z = -1.24 (bankruptcy zone),0,0,,0,0,0,AVOID,,0,False,False,0%,,CAUTION,OTHER,,,,,0.0,,,,,,,,,0.0,Fresh,,,,,0.0,0,False,2026-06-05 12:45:04,,,,,,,,,,,,,,,,,,,,,,,,,,,,,,,,,False,
INE813V01022,MCL,MADHAV COPPER,Industrial Products,True,ILLIQUID,Avg daily traded value ₹27.6L < ₹50.0L,0,0,,0,0,0,AVOID,,0,False,False,0%,,CAUTION,OTHER,,,,,0.0,,,,,,,,,0.0,Fresh,,,,,0.0,0,False,2026-06-05 12:45:04,,,,,,,,,,,,,,,,,,,,,,,,,,,,,,,,,False,
INE435D01014,MCCHRLS-B,NAN,nan,True,ILLIQUID,Avg daily traded value ₹2.0L < ₹50.0L,0,0,,0,0,0,AVOID,,0,False,False,0%,,CAUTION,OTHER,,,,,0.0,,,,,,,,,0.0,Fresh,,,,,0.0,0,False,2026-06-05 12:45:04,,,,,,,,,,,,,,,,,,,,,,,,,,,,,,,,,False,
INE912H01013,MBLINFRA,MBL INFRAST,Construction,True,DISTRESS,Altman Z = 0.17 (bankruptcy zone),0,0,,0,0,0,AVOID,,0,False,False,0%,,CAUTION,OTHER,,,,,0.0,,,,,,,,,0.0,Fresh,,,,,0.0,0,False,2026-06-05 12:45:04,,,,,,,,,,,,,,,,,,,,,,,,,,,,,,,,,False,
INE885E01042,MAZDA,MAZDA,Industrial Manufacturing,False,LIQUIDITY,"Avg 20d vol 34,746 < 50K shares/day (micro-illiquid)",0,0,,0,0,0,AVOID,,0,False,False,0%,,CAUTION,OTHER,,,,,0.0,,,,,,,,,0.0,Fresh,,,,,0.0,0,False,2026-06-05 12:45:04,,,,,,,,,,,,,,,,,,,,,,,,,,,,,,,,,False,
INE0ECC01022,MAXPOSURE,MAXPOSURE,Entertainment,True,ILLIQUID,Avg daily traded value ₹3.3L < ₹50.0L,0,0,,0,0,0,AVOID,,0,False,False,0%,,CAUTION,OTHER,,,,,0.0,,,,,,,,,0.0,Fresh,,,,,0.0,0,False,2026-06-05 12:45:04,,,,,,,,,,,,,,,,,,,,,,,,,,,,,,,,,False,
INE0CG601016,MAXIND,MAX INDIA LTD,Finance,True,CHRONIC_LOSSES,"NP negative 3 of 4 quarters, no turnaround signal",0,0,,0,0,0,AVOID,,0,False,False,0%,,CAUTION,FINANCIALS,,,,,0.0,,,,,,,,,0.0,Fresh,,,,,0.0,0,False,2026-06-05 12:45:04,,,,,,,,,,,,,,,,,,,,,,,,,,,,,,,,,False,
INE867A01022,MANUGRAPH,MANUGRAPH INDIA,Industrial Manufacturing,True,DISTRESS,Altman Z = -0.50 (bankruptcy zone),0,0,,0,0,0,AVOID,,0,False,False,0%,,CAUTION,OTHER,,,,,0.0,,,,,,,,,0.0,Fresh,,,,,0.0,0,False,2026-06-05 12:45:04,,,,,,,,,,,,,,,,,,,,,,,,,,,,,,,,,False,
INE00C401011,MAL,MANGALAM ALLOYS,Industrial Products,True,ILLIQUID,Avg daily traded value ₹1.7L < ₹50.0L,0,0,,0,0,0,AVOID,,0,False,False,0%,,CAUTION,OTHER,,,,,0.0,,,,,,,,,0.0,Fresh,,,,,0.0,0,False,2026-06-05 12:45:04,,,,,,,,,,,,,,,,,,,,,,,,,,,,,,,,,False,
INE389C01015,MALLCOM,MALLCOM (INDIA),Industrial Products,True,ILLIQUID,Avg daily traded value ₹41.5L < ₹50.0L,0,0,,0,0,0,AVOID,,0,False,False,0%,,CAUTION,OTHER,,,,,0.0,,,,,,,,,0.0,Fresh,,,,,0.0,0,False,2026-06-05 12:45:04,,,,,,,,,,,,,,,,,,,,,,,,,,,,,,,,,False,
INE383H01017,MALUPAPER,MALU PAPER,"Paper, Forest & Jute Products",True,DISTRESS,Altman Z = 0.64 (bankruptcy zone),0,0,,0,0,0,AVOID,,0,False,False,0%,,CAUTION,OTHER,,,,,0.0,,,,,,,,,0.0,Fresh,,,,,0.0,0,False,2026-06-05 12:45:04,,,,,,,,,,,,,,,,,,,,,,,,,,,,,,,,,False,
INE784W01015,MANOMAY,MANOMAY TEX INDI,Textiles & Apparels,True,ILLIQUID,Avg daily traded value ₹24.5L < ₹50.0L,0,0,,0,0,0,AVOID,,0,False,False,0%,,CAUTION,OTHER,,,,,0.0,,,,,,,,,0.0,Fresh,,,,,0.0,0,False,2026-06-05 12:45:04,,,,,,,,,,,,,,,,,,,,,,,,,,,,,,,,,False,36.0
INE347A01017,MANGLMCEM,MANGALAM CEMENT,Cement & Cement Products,False,,,0,0,,0,0,0,AVOID,,0,False,False,0%,,,,,,,,,,,,,,,,,,Fresh,,,,,,0,False,2026-06-05 12:45:05,,,,,,,,,,,,,,,,,,,,,,,,,,,,,,,,,False,19.0
INE584F01014,MANGALAM,MANGALAM DRUGS,Pharmaceuticals & Biotechnology,True,CHRONIC_LOSSES,"NP negative 3 of 4 quarters, no turnaround signal",0,0,,0,0,0,AVOID,,0,False,False,0%,,CAUTION,OTHER,,,,,0.0,,,,,,,,,0.0,Fresh,,,,,0.0,0,False,2026-06-05 12:45:05,,,,,,,,,,,,,,,,,,,,,,,,,,,,,,,,,False,
INE0R3T01013,MANDEEP,MANDEEP AUTO,Auto Components,True,ILLIQUID,Avg daily traded value ₹0.8L < ₹50.0L,0,0,,0,0,0,AVOID,,0,False,False,0%,,CAUTION,OTHER,,,,,0.0,,,,,,,,,0.0,Fresh,,,,,0.0,0,False,2026-06-05 12:45:05,,,,,,,,,,,,,,,,,,,,,,,,,,,,,,,,,False,
INE370D01013,MANORG,MANGALAM ORGANIC,Chemicals & Petrochemicals,True,ILLIQUID,Avg daily traded value ₹48.5L < ₹50.0L,0,0,,0,0,0,AVOID,,0,False,False,0%,,CAUTION,OTHER,,,,,0.0,,,,,,,,,0.0,Fresh,,,,,0.0,0,False,2026-06-05 12:45:05,,,,,,,,,,,,,,,,,,,,,,,,,,,,,,,,,False,
INE104Y01012,MANAV,MANAV INFRA,Construction,True,ILLIQUID,Avg daily traded value ₹4.2L < ₹50.0L,0,0,,0,0,0,AVOID,,0,False,False,0%,,CAUTION,OTHER,,,,,0.0,,,,,,,,,0.0,Fresh,,,,,0.0,0,False,2026-06-05 12:45:05,,,,,,,,,,,,,,,,,,,,,,,,,,,,,,,,,False,
INE824Q01011,MANAKSTEEL,MANAKSIA STEELS,Ferrous Metals,True,ILLIQUID,Avg daily traded value ₹18.1L < ₹50.0L,0,0,,0,0,0,AVOID,,0,False,False,0%,,CAUTION,OTHER,,,,,0.0,,,,,,,,,0.0,Fresh,,,,,0.0,0,False,2026-06-05 12:45:05,,,,,,,,,,,,,,,,,,,,,,,,,,,,,,,,,False,
INE015D01022,MANAKSIA,MANAKSIA,Industrial Products,True,ILLIQUID,Avg daily traded value ₹16.3L < ₹50.0L,0,0,,0,0,0,AVOID,,0,False,False,0%,,CAUTION,OTHER,,,,,0.0,,,,,,,,,0.0,Fresh,,,,,0.0,0,False,2026-06-05 12:45:05,,,,,,,,,,,,,,,,,,,,,,,,,,,,,,,,,False,
INE859Q01017,MANAKALUCO,MANAKSIA ALUMI.,Non - Ferrous Metals,True,ILLIQUID,Avg daily traded value ₹30.6L < ₹50.0L,0,0,,0,0,0,AVOID,,0,False,False,0%,,CAUTION,OTHER,,,,,0.0,,,,,,,,,0.0,Fresh,,,,,0.0,0,False,2026-06-05 12:45:05,,,,,,,,,,,,,,,,,,,,,,,,,,,,,,,,,False,
INE646B01010,MEDICAMEQ,MEDICAMEN BIOTEC,Pharmaceuticals & Biotechnology,False,LIQUIDITY,"Avg 20d vol 21,018 < 50K shares/day (micro-illiquid)",0,0,,0,0,0,AVOID,,0,False,False,0%,,CAUTION,OTHER,,,,,0.0,,,,,,,,,0.0,Fresh,,,,,0.0,0,False,2026-06-05 12:45:05,,,,,,,,,,,,,,,,,,,,,,,,,,,,,,,,,False,
INE085D01033,METROGLOBL,NAN,nan,True,ILLIQUID,Avg daily traded value ₹1.3L < ₹50.0L,0,0,,0,0,0,AVOID,,0,False,False,0%,,CAUTION,OTHER,,,,,0.0,,,,,,,,,0.0,Fresh,,,,,0.0,0,False,2026-06-05 12:45:05,,,,,,,,,,,,,,,,,,,,,,,,,,,,,,,,,False,24.0
INE317I01021,METROBRAND,METRO BRANDS,Consumer Durables,False,LIQUIDITY,"Avg 20d vol 46,254 < 50K shares/day (micro-illiquid)",0,0,,0,0,0,AVOID,,0,False,False,0%,,CAUTION,CONSUMPTION,,,,,0.0,,,,,,,,,0.0,Fresh,,,,,0.0,0,False,2026-06-05 12:45:05,,,,,,,,,,,,,,,,,,,,,,,,,,,,,,,,,False,
INE689O01013,MERCANTILE,NAN,nan,True,ILLIQUID,Avg daily traded value ₹8.2L < ₹50.0L,0,0,,0,0,0,AVOID,,0,False,False,0%,,CAUTION,OTHER,,,,,0.0,,,,,,,,,0.0,Fresh,,,,,0.0,0,False,2026-06-05 12:45:05,,,,,,,,,,,,,,,,,,,,,,,,,,,,,,,,,False,
INE776I01010,MEP,MEP INFRAST.,Transport Infrastructure,True,DISTRESS,Altman Z = -2.58 (bankruptcy zone),0,0,,0,0,0,AVOID,,0,False,False,0%,,CAUTION,OTHER,,,,,0.0,,,,,,,,,0.0,Fresh,,,,,0.0,0,False,2026-06-05 12:45:05,,,,,,,,,,,,,,,,,,,,,,,,,,,,,,,,,False,
INE650G01029,MENNPIS,NAN,nan,True,ILLIQUID,Avg daily traded value ₹13.2L < ₹50.0L,0,0,,0,0,0,AVOID,,0,False,False,0%,,CAUTION,OTHER,,,,,0.0,,,,,,,,,0.0,Fresh,,,,,0.0,0,False,2026-06-05 12:45:05,,,,,,,,,,,,,,,,,,,,,,,,,,,,,,,,,False,
INE0PKD01011,MEIL,MANGAL ELECTRICA,Electrical Equipment,False,LIQUIDITY,"Avg 20d vol 28,817 < 50K shares/day (micro-illiquid)",0,0,,0,0,0,AVOID,,0,False,False,0%,,CAUTION,OTHER,,,,,0.0,,,,,,,,,0.0,Fresh,,,,,0.0,0,False,2026-06-05 12:45:05,,,,,,,,,,,,,,,,,,,,,,,,,,,,,,,,,False,
INE531R01010,MEGATHERM,MEGATHERM INDU.,Industrial Products,True,ILLIQUID,Avg daily traded value ₹46.4L < ₹50.0L,0,0,,0,0,0,AVOID,,0,False,False,0%,,CAUTION,OTHER,,,,,0.0,,,,,,,,,0.0,Fresh,,,,,0.0,0,False,2026-06-05 12:45:05,,,,,,,,,,,,,,,,,,,,,,,,,,,,,,,,,False,
INE00EM01016,MEGASTAR,MEGASTAR FOODS,Food Products,False,LIQUIDITY,"Avg 20d vol 45,395 < 50K shares/day (micro-illiquid)",0,0,,0,0,0,AVOID,,0,False,False,0%,,CAUTION,OTHER,,,,,0.0,,,,,,,,,0.0,Fresh,,,,,0.0,0,False,2026-06-05 12:45:05,,,,,,,,,,,,,,,,,,,,,,,,,,,,,,,,,False,
INE0G1D01014,MEGAFLEX,MEGA FLEX PLAST.,Industrial Products,True,ILLIQUID,Avg daily traded value ₹0.4L < ₹50.0L,0,0,,0,0,0,AVOID,,0,False,False,0%,,CAUTION,OTHER,,,,,0.0,,,,,,,,,0.0,Fresh,,,,,0.0,0,False,2026-06-05 12:45:05,,,,,,,,,,,,,,,,,,,,,,,,,,,,,,,,,False,
INE0PE401018,MEDIORG,MEDICAMEN ORGAN.,Pharmaceuticals & Biotechnology,True,ILLIQUID,Avg daily traded value ₹4.4L < ₹50.0L,0,0,,0,0,0,AVOID,,0,False,False,0%,,CAUTION,OTHER,,,,,0.0,,,,,,,,,0.0,Fresh,,,,,0.0,0,False,2026-06-05 12:45:05,,,,,,,,,,,,,,,,,,,,,,,,,,,,,,,,,False,
INE0US801024,MFML,MAHALAXMI FAB.,Textiles & Apparels,True,ILLIQUID,Avg daily traded value ₹1.0L < ₹50.0L,0,0,,0,0,0,AVOID,,0,False,False,0%,,CAUTION,OTHER,,,,,0.0,,,,,,,,,0.0,Fresh,,,,,0.0,0,False,2026-06-05 12:45:05,,,,,,,,,,,,,,,,,,,,,,,,,,,,,,,,,False,8.0
INE0PZK01014,MICROPRO,MICROPRO SOFTWAR,IT - Software,True,ILLIQUID,Avg daily traded value ₹0.5L < ₹50.0L,0,0,,0,0,0,AVOID,,0,False,False,0%,,CAUTION,OTHER,,,,,0.0,,,,,,,,,0.0,Fresh,,,,,0.0,0,False,2026-06-05 12:45:05,,,,,,,,,,,,,,,,,,,,,,,,,,,,,,,,,False,
INE998I01010,MHRIL,MAHINDRA HOLIDAY,Leisure Services,True,DISTRESS,Altman Z = 0.91 (bankruptcy zone),0,0,,0,0,0,AVOID,,0,False,False,0%,,CAUTION,OTHER,,,,,0.0,,,,,,,,,0.0,Fresh,,,,,0.0,0,False,2026-06-05 12:45:05,,,,,,,,,,,,,,,,,,,,,,,,,,,,,,,,,False,
INE112D01035,MHLXMIRU,MAHALAXMI RUBTEC,Textiles & Apparels,True,ILLIQUID,Avg daily traded value ₹5.8L < ₹50.0L,0,0,,0,0,0,AVOID,,0,False,False,0%,,CAUTION,OTHER,,,,,0.0,,,,,,,,,0.0,Fresh,,,,,0.0,0,False,2026-06-05 12:45:05,,,,,,,,,,,,,,,,,,,,,,,,,,,,,,,,,False,
INE450S01011,MHHL,MOHINI HEALTH,Healthcare Equipment & Supplies,True,ILLIQUID,Avg daily traded value ₹2.1L < ₹50.0L,0,0,,0,0,0,AVOID,,0,False,False,0%,,CAUTION,OTHER,,,,,0.0,,,,,,,,,0.0,Fresh,,,,,0.0,0,False,2026-06-05 12:45:05,,,,,,,,,,,,,,,,,,,,,,,,,,,,,,,,,False,
INE201B01022,MAJESAUT,NAN,nan,True,ILLIQUID,Avg daily traded value ₹9.1L < ₹50.0L,0,0,,0,0,0,AVOID,,0,False,False,0%,,CAUTION,OTHER,,,,,0.0,,,,,,,,,0.0,Fresh,,,,,0.0,0,False,2026-06-05 12:45:05,,,,,,,,,,,,,,,,,,,,,,,,,,,,,,,,,False,11.0
INE0PLQ01011,MAITREYA,MAITREYA MEDICA.,Healthcare Services,True,ILLIQUID,Avg daily traded value ₹5.3L < ₹50.0L,0,0,,0,0,0,AVOID,,0,False,False,0%,,CAUTION,OTHER,,,,,0.0,,,,,,,,,0.0,Fresh,,,,,0.0,0,False,2026-06-05 12:45:05,,,,,,,,,,,,,,,,,,,,,,,,,,,,,,,,,False,
INE288A01013,MAHSCOOTER,MAH. SCOOTERS,Finance,False,LIQUIDITY,"Avg 20d vol 6,338 < 50K shares/day (micro-illiquid)",0,0,,0,0,0,AVOID,,0,False,False,0%,,CAUTION,FINANCIALS,,,,,0.0,,,,,,,,,0.0,Fresh,,,,,0.0,0,False,2026-06-05 12:45:05,,,,,,,,,,,,,,,,,,,,,,,,,,,,,,,,,False,
INE813A01018,MAHLIFE,MAHINDRA LIFE.,Realty,False,,,0,0,,0,0,0,AVOID,,0,False,False,0%,,,,,,,,,,,,,,,,,,Fresh,,,,,,0,False,2026-06-05 12:45:05,,,,,,,,,,,,,,,,,,,,,,,,,,,,,,,,,False,36.0
INE263W01010,MAHESHWARI,MAHESHWARI LOGI.,Diversified,True,ILLIQUID,Avg daily traded value ₹21.8L < ₹50.0L,0,0,,0,0,0,AVOID,,0,False,False,0%,,CAUTION,OTHER,,,,,0.0,,,,,,,,,0.0,Fresh,,,,,0.0,0,False,2026-06-05 12:45:05,,,,,,,,,,,,,,,,,,,,,,,,,,,,,,,,,False,
INE215D01010,MAHEPC,MAHINDRA EPC,Industrial Manufacturing,True,ILLIQUID,Avg daily traded value ₹31.4L < ₹50.0L,0,0,,0,0,0,AVOID,,0,False,False,0%,,CAUTION,OTHER,,,,,0.0,,,,,,,,,0.0,Fresh,,,,,0.0,0,False,2026-06-05 12:45:05,,,,,,,,,,,,,,,,,,,,,,,,,,,,,,,,,False,
INE843B01013,MAHAPEXLTD,MAHA RASHTRA APX,Finance,True,ILLIQUID,Avg daily traded value ₹9.6L < ₹50.0L,0,0,,0,0,0,AVOID,,0,False,False,0%,,CAUTION,FINANCIALS,,,,,0.0,,,,,,,,,0.0,Fresh,,,,,0.0,0,False,2026-06-05 12:45:05,,,,,,,,,,,,,,,,,,,,,,,,,,,,,,,,,False,
INE0O1S01012,MAGSON,MAGSON RETAIL,Food Products,True,ILLIQUID,Avg daily traded value ₹11.4L < ₹50.0L,0,0,,0,0,0,AVOID,,0,False,False,0%,,CAUTION,OTHER,,,,,0.0,,,,,,,,,0.0,Fresh,,,,,0.0,0,False,2026-06-05 12:45:05,,,,,,,,,,,,,,,,,,,,,,,,,,,,,,,,,False,
INE387I01016,MAGNUM,MAGNUM VENTURES,"Paper, Forest & Jute Products",True,DISTRESS,Altman Z = 0.68 (bankruptcy zone),0,0,,0,0,0,AVOID,,0,False,False,0%,,CAUTION,OTHER,,,,,0.0,,,,,,,,,0.0,Fresh,,,,,0.0,0,False,2026-06-05 12:45:05,,,,,,,,,,,,,,,,,,,,,,,,,,,,,,,,,False,
INE347W01011,MAGADSUGAR,MAGADH SUGAR,Agricultural Food & other Products,False,LIQUIDITY,"Avg 20d vol 14,581 < 50K shares/day (micro-illiquid)",0,0,,0,0,0,AVOID,,0,False,False,0%,,CAUTION,OTHER,,,,,0.0,,,,,,,,,0.0,Fresh,,,,,0.0,0,False,2026-06-05 12:45:05,,,,,,,,,,,,,,,,,,,,,,,,,,,,,,,,,False,24.0
INE270B01035,MAFATIND,NAN,nan,True,ILLIQUID,Avg daily traded value ₹36.3L < ₹50.0L,0,0,,0,0,0,AVOID,,0,False,False,0%,,CAUTION,OTHER,,,,,0.0,,,,,,,,,0.0,Fresh,,,,,0.0,0,False,2026-06-05 12:45:05,,,,,,,,,,,,,,,,,,,,,,,,,,,,,,,,,False,30.0
INE961Y01015,MAHICKRA,MAHICKRA CHEM.,Chemicals & Petrochemicals,True,ILLIQUID,Avg daily traded value ₹5.1L < ₹50.0L,0,0,,0,0,0,AVOID,,0,False,False,0%,,CAUTION,OTHER,,,,,0.0,,,,,,,,,0.0,Fresh,,,,,0.0,0,False,2026-06-05 12:45:05,,,,,,,,,,,,,,,,,,,,,,,,,,,,,,,,,False,
INE557B01019,LIBERTSHOE,LIBERTY SHOES,Consumer Durables,True,ILLIQUID,Avg daily traded value ₹42.3L < ₹50.0L,0,0,,0,0,0,AVOID,,0,False,False,0%,,CAUTION,CONSUMPTION,,,,,0.0,,,,,,,,,0.0,Fresh,,,,,0.0,0,False,2026-06-05 12:45:05,,,,,,,,,,,,,,,,,,,,,,,,,,,,,,,,,False,
INE908V01012,LIBAS,LIBAS CONSUMER,Textiles & Apparels,True,ILLIQUID,Avg daily traded value ₹4.9L < ₹50.0L,0,0,,0,0,0,AVOID,,0,False,False,0%,,CAUTION,OTHER,,,,,0.0,,,,,,,,,0.0,Fresh,,,,,0.0,0,False,2026-06-05 12:45:05,,,,,,,,,,,,,,,,,,,,,,,,,,,,,,,,,False,
INE258Y01016,LGHL,LAXMI GOLDORNA,Consumer Durables,False,LIQUIDITY,"Avg 20d vol 26,945 < 50K shares/day (micro-illiquid)",0,0,,0,0,0,AVOID,,0,False,False,0%,,CAUTION,CONSUMPTION,,,,,0.0,,,,,,,,,0.0,Fresh,,,,,0.0,0,False,2026-06-05 12:45:05,,,,,,,,,,,,,,,,,,,,,,,,,,,,,,,,,False,
INE337A01034,LGBBROSLTD,L G BALAKRISHNAN,Auto Components,False,LIQUIDITY,"Avg 20d vol 29,189 < 50K shares/day (micro-illiquid)",0,0,,0,0,0,AVOID,,0,False,False,0%,,CAUTION,OTHER,,,,,0.0,,,,,,,,,0.0,Fresh,,,,,0.0,0,False,2026-06-05 12:45:05,,,,,,,,,,,,,,,,,,,,,,,,,,,,,,,,,False,32.0
INE500X01013,LEXUS,LEXUS GRANITO,Consumer Durables,True,DISTRESS,Altman Z = 0.51 (bankruptcy zone),0,0,,0,0,0,AVOID,,0,False,False,0%,,CAUTION,CONSUMPTION,,,,,0.0,,,,,,,,,0.0,Fresh,,,,,0.0,0,False,2026-06-05 12:45:05,,,,,,,,,,,,,,,,,,,,,,,,,,,,,,,,,False,
INE112F01022,LAMBODHARA,LAMBODHARA TEXT.,Textiles & Apparels,True,ILLIQUID,Avg daily traded value ₹46.5L < ₹50.0L,0,0,,0,0,0,AVOID,,0,False,False,0%,,CAUTION,OTHER,,,,,0.0,,,,,,,,,0.0,Fresh,,,,,0.0,0,False,2026-06-05 12:45:05,,,,,,,,,,,,,,,,,,,,,,,,,,,,,,,,,False,
INE740X01023,LAL,LORENZINI APPAR.,Textiles & Apparels,True,ILLIQUID,Avg daily traded value ₹3.8L < ₹50.0L,0,0,,0,0,0,AVOID,,0,False,False,0%,,CAUTION,OTHER,,,,,0.0,,,,,,,,,0.0,Fresh,,,,,0.0,0,False,2026-06-05 12:45:05,,,,,,,,,,,,,,,,,,,,,,,,,,,,,,,,,False,
INE651C01018,LAKPRE,LAK. PREC. SCREW,Auto Components,True,ILLIQUID,Avg daily traded value ₹0.1L < ₹50.0L,0,0,,0,0,0,AVOID,,0,False,False,0%,,CAUTION,OTHER,,,,,0.0,,,,,,,,,0.0,Fresh,,,,,0.0,0,False,2026-06-05 12:45:05,,,,,,,,,,,,,,,,,,,,,,,,,,,,,,,,,False,
INE515C01023,LAHOTIOV,NAN,nan,True,ILLIQUID,Avg daily traded value ₹9.1L < ₹50.0L,0,0,,0,0,0,AVOID,,0,False,False,0%,,CAUTION,OTHER,,,,,0.0,,,,,,,,,0.0,Fresh,,,,,0.0,0,False,2026-06-05 12:45:05,,,,,,,,,,,,,,,,,,,,,,,,,,,,,,,,,False,
INE548Z01017,LAGNAM,LAGNAM SPINTEX,Textiles & Apparels,True,ILLIQUID,Avg daily traded value ₹14.4L < ₹50.0L,0,0,,0,0,0,AVOID,,0,False,False,0%,,CAUTION,OTHER,,,,,0.0,,,,,,,,,0.0,Fresh,,,,,0.0,0,False,2026-06-05 12:45:05,,,,,,,,,,,,,,,,,,,,,,,,,,,,,,,,,False,
INE850E01012,LFIC,LAK. FIN. & INDL,Finance,True,ILLIQUID,Avg daily traded value ₹8.2L < ₹50.0L,0,0,,0,0,0,AVOID,,0,False,False,0%,,CAUTION,FINANCIALS,,,,,0.0,,,,,,,,,0.0,Fresh,,,,,0.0,0,False,2026-06-05 12:45:05,,,,,,,,,,,,,,,,,,,,,,,,,,,,,,,,,False,
INE0G1L01025,LEMERITE,LE MERITE EXPORT,Textiles & Apparels,False,,,0,0,,0,0,0,AVOID,,0,False,False,0%,,,,,,,,,,,,,,,,,,Fresh,,,,,,0,False,2026-06-05 12:45:05,,,,,,,,,,,,,,,,,,,,,,,,,,,,,,,,,False,
INE938A01021,LCCINFOTEC,LCC INFOTECH,Other Consumer Services,True,DISTRESS,Altman Z = -24.88 (bankruptcy zone),0,0,,0,0,0,AVOID,,0,False,False,0%,,CAUTION,OTHER,,,,,0.0,,,,,,,,,0.0,Fresh,,,,,0.0,0,False,2026-06-05 12:45:05,,,,,,,,,,,,,,,,,,,,,,,,,,,,,,,,,False,
INE801V01019,LAXMICOT,LAXMI COTSPIN,Textiles & Apparels,True,ILLIQUID,Avg daily traded value ₹1.6L < ₹50.0L,0,0,,0,0,0,AVOID,,0,False,False,0%,,CAUTION,OTHER,,,,,0.0,,,,,,,,,0.0,Fresh,,,,,0.0,0,False,2026-06-05 12:45:05,,,,,,,,,,,,,,,,,,,,,,,,,,,,,,,,,False,
INE670X01014,LASA,LASA SUPERGENERI,Pharmaceuticals & Biotechnology,True,CHRONIC_LOSSES,"NP negative 3 of 4 quarters, no turnaround signal",0,0,,0,0,0,AVOID,,0,False,False,0%,,CAUTION,OTHER,,,,,0.0,,,,,,,,,0.0,Fresh,,,,,0.0,0,False,2026-06-05 12:45:05,,,,,,,,,,,,,,,,,,,,,,,,,,,,,,,,,False,
INE688J01023,LANDSMILL,NAN,nan,True,ILLIQUID,Avg daily traded value ₹38.2L < ₹50.0L,0,0,,0,0,0,AVOID,,0,False,False,0%,,CAUTION,OTHER,,,,,0.0,,,,,,,,,0.0,Fresh,,,,,0.0,0,False,2026-06-05 12:45:05,,,,,,,,,,,,,,,,,,,,,,,,,,,,,,,,,False,
INE572G01025,LANCORHOL,LANCOR HOLDINGS,Realty,True,ILLIQUID,Avg daily traded value ₹14.2L < ₹50.0L,0,0,,0,0,0,AVOID,,0,False,False,0%,,CAUTION,OTHER,,,,,0.0,,,,,,,,,0.0,Fresh,,,,,0.0,0,False,2026-06-05 12:45:05,,,,,,,,,,,,,,,,,,,,,,,,,,,,,,,,,False,
INE473A01011,LINDEINDIA,LINDE INDIA,Chemicals & Petrochemicals,False,LIQUIDITY,"Avg 20d vol 37,982 < 50K shares/day (micro-illiquid)",0,0,,0,0,0,AVOID,,0,False,False,0%,,CAUTION,OTHER,,,,,0.0,,,,,,,,,0.0,Fresh,,,,,0.0,0,False,2026-06-05 12:45:05,,,,,,,,,,,,,,,,,,,,,,,,,,,,,,,,,False,
INE295D01020,NACLIND,NACL INDUSTRIES,Fertilizers & Agrochemicals,False,,,0,0,,0,0,0,AVOID,,0,False,False,0%,,,,,,,,,,,,,,,,,,Fresh,,,,,,0,False,2026-06-05 12:45:05,,,,,,,,,,,,,,,,,,,,,,,,,,,,,,,,,False,32.0
INE0SGC01015,MVKAGRO,M.V.K. AGRO,Agricultural Food & other Products,False,LIQUIDITY,"Avg 20d vol 12,195 < 50K shares/day (micro-illiquid)",0,0,,0,0,0,AVOID,,0,False,False,0%,,CAUTION,OTHER,,,,,0.0,,,,,,,,,0.0,Fresh,,,,,0.0,0,False,2026-06-05 12:45:05,,,,,,,,,,,,,,,,,,,,,,,,,,,,,,,,,False,
INE296G01013,MUTHOOTCAP,MUTHOOT CAP.SERV,Finance,False,LIQUIDITY,"Avg 20d vol 26,582 < 50K shares/day (micro-illiquid)",0,0,,0,0,0,AVOID,,0,False,False,0%,,CAUTION,FINANCIALS,,,,,0.0,,,,,,,,,0.0,Fresh,,,,,0.0,0,False,2026-06-05 12:45:05,,,,,,,,,,,,,,,,,,,,,,,,,,,,,,,,,False,27.0
INE692B01014,MURUDCERA,MURUDESH.CERAMIC,Consumer Durables,True,ILLIQUID,Avg daily traded value ₹8.1L < ₹50.0L,0,0,,0,0,0,AVOID,,0,False,False,0%,,CAUTION,CONSUMPTION,,,,,0.0,,,,,,,,,0.0,Fresh,,,,,0.0,0,False,2026-06-05 12:45:05,,,,,,,,,,,,,,,,,,,,,,,,,,,,,,,,,False,
INE577A01027,MUNJALSHOW,MUNJAL SHOWA,Auto Components,False,LIQUIDITY,"Avg 20d vol 43,082 < 50K shares/day (micro-illiquid)",0,0,,0,0,0,AVOID,,0,False,False,0%,,CAUTION,OTHER,,,,,0.0,,,,,,,,,0.0,Fresh,,,,,0.0,0,False,2026-06-05 12:45:05,,,,,,,,,,,,,,,,,,,,,,,,,,,,,,,,,False,10.0
INE374B01019,MUKTAARTS,MUKTA ARTS,Entertainment,True,DISTRESS,Altman Z = -0.37 (bankruptcy zone),0,0,,0,0,0,AVOID,,0,False,False,0%,,CAUTION,OTHER,,,,,0.0,,,,,,,,,0.0,Fresh,,,,,0.0,0,False,2026-06-05 12:45:05,,,,,,,,,,,,,,,,,,,,,,,,,,,,,,,,,False,13.0
INE0CG401037,MUKKA,MUKKA PROTEINS,Food Products,True,ILLIQUID,Avg daily traded value ₹48.5L < ₹50.0L,0,0,,0,0,0,AVOID,,0,False,False,0%,,CAUTION,OTHER,,,,,0.0,,,,,,,,,0.0,Fresh,,,,,0.0,0,False,2026-06-05 12:45:05,,,,,,,,,,,,,,,,,,,,,,,,,,,,,,,,,False,
INE304A01026,MUKANDLTD,MUKAND,Ferrous Metals,False,,,0,0,,0,0,0,AVOID,,0,False,False,0%,,,,,,,,,,,,,,,,,,Fresh,,,,,,0,False,2026-06-05 12:45:06,,,,,,,,,,,,,,,,,,,,,,,,,,,,,,,,,False,63.0
INE153A01019,MTNL,M T N L,Telecom - Services,True,DISTRESS,Altman Z = -5.09 (bankruptcy zone),0,0,,0,0,0,AVOID,,0,False,False,0%,,CAUTION,OTHER,,,,,0.0,,,,,,,,,0.0,Fresh,,,,,0.0,0,False,2026-06-05 12:45:06,,,,,,,,,,,,,,,,,,,,,,,,,,,,,,,,,False,39.0
INE472M01018,MTEDUCARE,MT EDUCARE,Other Consumer Services,True,DISTRESS,Altman Z = -0.41 (bankruptcy zone),0,0,,0,0,0,AVOID,,0,False,False,0%,,CAUTION,OTHER,,,,,0.0,,,,,,,,,0.0,Fresh,,,,,0.0,0,False,2026-06-05 12:45:06,,,,,,,,,,,,,,,,,,,,,,,,,,,,,,,,,False,
INE105Y01019,MPTODAY,MADHYA PRAD. TOD,Media,True,ILLIQUID,Avg daily traded value ₹0.4L < ₹50.0L,0,0,,0,0,0,AVOID,,0,False,False,0%,,CAUTION,OTHER,,,,,0.0,,,,,,,,,0.0,Fresh,,,,,0.0,0,False,2026-06-05 12:45:06,,,,,,,,,,,,,,,,,,,,,,,,,,,,,,,,,False,
INE943D01017,MPSLTD,MPS,Other Consumer Services,False,LIQUIDITY,"Avg 20d vol 32,976 < 50K shares/day (micro-illiquid)",0,0,,0,0,0,AVOID,,0,False,False,0%,,CAUTION,OTHER,,,,,0.0,,,,,,,,,0.0,Fresh,,,,,0.0,0,False,2026-06-05 12:45:06,,,,,,,,,,,,,,,,,,,,,,,,,,,,,,,,,False,27.0
INE861B01023,MOTOGENFIN,MOTOR & GEN FIN,Commercial Services & Supplies,True,DISTRESS,Altman Z = 0.74 (bankruptcy zone),0,0,,0,0,0,AVOID,,0,False,False,0%,,CAUTION,OTHER,,,,,0.0,,,,,,,,,0.0,Fresh,,,,,0.0,0,False,2026-06-05 12:45:06,,,,,,,,,,,,,,,,,,,,,,,,,,,,,,,,,False,
INE883A01011,MRF,MRF,Auto Components,False,LIQUIDITY,"Avg 20d vol 5,689 < 50K shares/day (micro-illiquid)",0,0,,0,0,0,AVOID,,0,False,False,0%,,CAUTION,OTHER,,,,,0.0,,,,,,,,,0.0,Fresh,,,,,0.0,0,False,2026-06-05 12:45:06,,,,,,,,,,,,,,,,,,,,,,,,,,,,,,,,,False,36.0
INE161G01027,MORARJEE,MORARJEE TEXT.,Textiles & Apparels,True,DISTRESS,Altman Z = -2.77 (bankruptcy zone),0,0,,0,0,0,AVOID,,0,False,False,0%,,CAUTION,OTHER,,,,,0.0,,,,,,,,,0.0,Fresh,,,,,0.0,0,False,2026-06-05 12:45:06,,,,,,,,,,,,,,,,,,,,,,,,,,,,,,,,,False,24.0
INE950M01013,MONTECARLO,MONTE CARLO FAS.,Textiles & Apparels,False,LIQUIDITY,"Avg 20d vol 48,634 < 50K shares/day (micro-illiquid)",0,0,,0,0,0,AVOID,,0,False,False,0%,,CAUTION,OTHER,,,,,0.0,,,,,,,,,0.0,Fresh,,,,,0.0,0,False,2026-06-05 12:45:06,,,,,,,,,,,,,,,,,,,,,,,,,,,,,,,,,False,17.0
INE0OIP01012,MONOPHARMA,MONO PHARMACARE,Pharmaceuticals & Biotechnology,True,ILLIQUID,Avg daily traded value ₹0.4L < ₹50.0L,0,0,,0,0,0,AVOID,,0,False,False,0%,,CAUTION,OTHER,,,,,0.0,,,,,,,,,0.0,Fresh,,,,,0.0,0,False,2026-06-05 12:45:06,,,,,,,,,,,,,,,,,,,,,,,,,,,,,,,,,False,
INE296Q01012,MONEYBOXX,MONEYBOXX FIN.,Finance,True,ILLIQUID,Avg daily traded value ₹18.3L < ₹50.0L,0,0,,0,0,0,AVOID,,0,False,False,0%,,CAUTION,FINANCIALS,,,,,0.0,,,,,,,,,0.0,Fresh,,,,,0.0,0,False,2026-06-05 12:45:06,,,,,,,,,,,,,,,,,,,,,,,,,,,,,,,,,False,
INE317F01035,NESCO,NESCO,Commercial Services & Supplies,False,LIQUIDITY,"Avg 20d vol 40,246 < 50K shares/day (micro-illiquid)",0,0,,0,0,0,AVOID,,0,False,False,0%,,CAUTION,OTHER,,,,,0.0,,,,,,,,,0.0,Fresh,,,,,0.0,0,False,2026-06-05 12:45:06,,,,,,,,,,,,,,,,,,,,,,,,,,,,,,,,,False,10.0
INE0SUN01013,NEPHROCARE,NEPHRO CARE,Healthcare Services,True,ILLIQUID,Avg daily traded value ₹11.8L < ₹50.0L,0,0,,0,0,0,AVOID,,0,False,False,0%,,CAUTION,OTHER,,,,,0.0,,,,,,,,,0.0,Fresh,,,,,0.0,0,False,2026-06-05 12:45:06,,,,,,,,,,,,,,,,,,,,,,,,,,,,,,,,,False,
INE870H01013,NETWORK18,NETWRK.18 MEDIA,Entertainment,True,DISTRESS,Altman Z = 0.62 (bankruptcy zone),0,0,,0,0,0,AVOID,,0,False,False,0%,,CAUTION,OTHER,,,,,0.0,,,,,,,,,0.0,Fresh,,,,,0.0,0,False,2026-06-05 12:45:06,,,,,,,,,,,,,,,,,,,,,,,,,,,,,,,,,False,47.0
INE045B01015,NELCO,NELCO,IT - Hardware,False,,,0,0,,0,0,0,AVOID,,0,False,False,0%,,,,,,,,,,,,,,,,,,Fresh,,,,,,0,False,2026-06-05 12:45:06,,,,,,,,,,,,,,,,,,,,,,,,,,,,,,,,,False,24.0
INE023H01027,NECLIFE,NECTAR LIFESCI.,Pharmaceuticals & Biotechnology,True,ILLIQUID,Avg daily traded value ₹23.9L < ₹50.0L,0,0,,0,0,0,AVOID,,0,False,False,0%,,CAUTION,OTHER,,,,,0.0,,,,,,,,,0.0,Fresh,,,,,0.0,0,False,2026-06-05 12:45:06,,,,,,,,,,,,,,,,,,,,,,,,,,,,,,,,,False,
INE553C01016,NECCLTD,NORTH EASTN.CAR.,Transport Services,True,ILLIQUID,Avg daily traded value ₹4.8L < ₹50.0L,0,0,,0,0,0,AVOID,,0,False,False,0%,,CAUTION,OTHER,,,,,0.0,,,,,,,,,0.0,Fresh,,,,,0.0,0,False,2026-06-05 12:45:06,,,,,,,,,,,,,,,,,,,,,,,,,,,,,,,,,False,
INE605D01012,NEAGI,NAN,nan,True,ILLIQUID,Avg daily traded value ₹0.3L < ₹50.0L,0,0,,0,0,0,AVOID,,0,False,False,0%,,CAUTION,OTHER,,,,,0.0,,,,,,,,,0.0,Fresh,,,,,0.0,0,False,2026-06-05 12:45:06,,,,,,,,,,,,,,,,,,,,,,,,,,,,,,,,,False,
INE155G01029,NDTV,NDTV,Entertainment,True,DISTRESS,Altman Z = -0.19 (bankruptcy zone),0,0,,0,0,0,AVOID,,0,False,False,0%,,CAUTION,OTHER,,,,,0.0,,,,,,,,,0.0,Fresh,,,,,0.0,0,False,2026-06-05 12:45:06,,,,,,,,,,,,,,,,,,,,,,,,,,,,,,,,,False,36.0
INE875G01048,NDL,NANDAN DENIM,Textiles & Apparels,True,ILLIQUID,Avg daily traded value ₹25.7L < ₹50.0L,0,0,,0,0,0,AVOID,,0,False,False,0%,,CAUTION,OTHER,,,,,0.0,,,,,,,,,0.0,Fresh,,,,,0.0,0,False,2026-06-05 12:45:06,,,,,,,,,,,,,,,,,,,,,,,,,,,,,,,,,False,
INE756C01015,NDGL,NAGA DHUNSERI,Finance,True,ILLIQUID,Avg daily traded value ₹3.0L < ₹50.0L,0,0,,0,0,0,AVOID,,0,False,False,0%,,CAUTION,FINANCIALS,,,,,0.0,,,,,,,,,0.0,Fresh,,,,,0.0,0,False,2026-06-05 12:45:06,,,,,,,,,,,,,,,,,,,,,,,,,,,,,,,,,False,
INE732C01016,NCLIND,NCL INDUSTRIES,Cement & Cement Products,False,,,0,0,,0,0,0,AVOID,,0,False,False,0%,,,,,,,,,,,,,,,,,,Fresh,,,,,,0,False,2026-06-05 12:45:06,,,,,,,,,,,,,,,,,,,,,,,,,,,,,,,,,False,45.0
INE365I01020,NBIFIN,NBI INDL. FIN.,Finance,True,ILLIQUID,Avg daily traded value ₹6.4L < ₹50.0L,0,0,,0,0,0,AVOID,,0,False,False,0%,,CAUTION,FINANCIALS,,,,,0.0,,,,,,,,,0.0,Fresh,,,,,0.0,0,False,2026-06-05 12:45:06,,,,,,,,,,,,,,,,,,,,,,,,,,,,,,,,,False,
INE268H01044,NAVKARURB,NAVKAR URBAN.,Construction,True,ILLIQUID,Avg daily traded value ₹13.0L < ₹50.0L,0,0,,0,0,0,AVOID,,0,False,False,0%,,CAUTION,OTHER,,,,,0.0,,,,,,,,,0.0,Fresh,,,,,0.0,0,False,2026-06-05 12:45:06,,,,,,,,,,,,,,,,,,,,,,,,,,,,,,,,,False,
INE278M01019,NAVKARCORP,NAVKAR CORPORAT.,Transport Services,False,,,0,0,,0,0,0,AVOID,,0,False,False,0%,,,,,,,,,,,,,,,,,,Fresh,,,,,,0,False,2026-06-05 12:45:06,,,,,,,,,,,,,,,,,,,,,,,,,,,,,,,,,False,53.0
INE663F01032,NAUKRI,INFO EDG.(INDIA),Retailing,False,,,0,0,,0,0,0,AVOID,,0,False,False,0%,,,,,,,,,,,,,,,,,,Fresh,,,,,,0,False,2026-06-05 12:45:06,,,,,,,,,,,,,,,,,,,,,,,,,,,,,,,,,False,17.0
INE166R01015,NATIONSTD,NAN,nan,True,ILLIQUID,Avg daily traded value ₹1.7L < ₹50.0L,0,0,,0,0,0,AVOID,,0,False,False,0%,,CAUTION,OTHER,,,,,0.0,,,,,,,,,0.0,Fresh,,,,,0.0,0,False,2026-06-05 12:45:06,,,,,,,,,,,,,,,,,,,,,,,,,,,,,,,,,False,48.0
INE448G01010,NATHBIOGEN,NATH BIO-GENES,Agricultural Food & other Products,False,LIQUIDITY,"Avg 20d vol 33,551 < 50K shares/day (micro-illiquid)",0,0,,0,0,0,AVOID,,0,False,False,0%,,CAUTION,OTHER,,,,,0.0,,,,,,,,,0.0,Fresh,,,,,0.0,0,False,2026-06-05 12:45:06,,,,,,,,,,,,,,,,,,,,,,,,,,,,,,,,,False,31.0
INE936B01015,NATCAPSUQ,NATURAL CAPSULES,Pharmaceuticals & Biotechnology,True,ILLIQUID,Avg daily traded value ₹8.0L < ₹50.0L,0,0,,0,0,0,AVOID,,0,False,False,0%,,CAUTION,OTHER,,,,,0.0,,,,,,,,,0.0,Fresh,,,,,0.0,0,False,2026-06-05 12:45:06,,,,,,,,,,,,,,,,,,,,,,,,,,,,,,,,,False,
INE0RJM01010,NAMAN,NAMAN INDUSTRIES PROXIMA,Consumer Durables,True,ILLIQUID,Avg daily traded value ₹4.2L < ₹50.0L,0,0,,0,0,0,AVOID,,0,False,False,0%,,CAUTION,CONSUMPTION,,,,,0.0,,,,,,,,,0.0,Fresh,,,,,0.0,0,False,2026-06-05 12:45:06,,,,,,,,,,,,,,,,,,,,,,,,,,,,,,,,,False,
INE290A01027,NAHARSPING,NAHAR SPINNING,Textiles & Apparels,True,ILLIQUID,Avg daily traded value ₹25.2L < ₹50.0L,0,0,,0,0,0,AVOID,,0,False,False,0%,,CAUTION,OTHER,,,,,0.0,,,,,,,,,0.0,Fresh,,,,,0.0,0,False,2026-06-05 12:45:06,,,,,,,,,,,,,,,,,,,,,,,,,,,,,,,,,False,
INE308A01027,NAHARPOLY,NAHAR POLY,Industrial Products,False,LIQUIDITY,"Avg 20d vol 24,847 < 50K shares/day (micro-illiquid)",0,0,,0,0,0,AVOID,,0,False,False,0%,,CAUTION,OTHER,,,,,0.0,,,,,,,,,0.0,Fresh,,,,,0.0,0,False,2026-06-05 12:45:06,,,,,,,,,,,,,,,,,,,,,,,,,,,,,,,,,False,
INE049I01012,NAHARCAP,NAHAR CAPITAL,Finance,True,ILLIQUID,Avg daily traded value ₹15.2L < ₹50.0L,0,0,,0,0,0,AVOID,,0,False,False,0%,,CAUTION,FINANCIALS,,,,,0.0,,,,,,,,,0.0,Fresh,,,,,0.0,0,False,2026-06-05 12:45:06,,,,,,,,,,,,,,,,,,,,,,,,,,,,,,,,,False,
INE123B01028,NAGREEKEXP,NAGREEKA EXPORTS,Textiles & Apparels,True,ILLIQUID,Avg daily traded value ₹3.0L < ₹50.0L,0,0,,0,0,0,AVOID,,0,False,False,0%,,CAUTION,OTHER,,,,,0.0,,,,,,,,,0.0,Fresh,,,,,0.0,0,False,2026-06-05 12:45:06,,,,,,,,,,,,,,,,,,,,,,,,,,,,,,,,,False,
INE245I01016,NAGREEKCAP,NAGREEKA CAP.,Finance,True,ILLIQUID,Avg daily traded value ₹1.6L < ₹50.0L,0,0,,0,0,0,AVOID,,0,False,False,0%,,CAUTION,FINANCIALS,,,,,0.0,,,,,,,,,0.0,Fresh,,,,,0.0,0,False,2026-06-05 12:45:06,,,,,,,,,,,,,,,,,,,,,,,,,,,,,,,,,False,
INE289A01011,NAHARINDUS,NAHAR INDL. ENT.,Textiles & Apparels,True,ILLIQUID,Avg daily traded value ₹31.1L < ₹50.0L,0,0,,0,0,0,AVOID,,0,False,False,0%,,CAUTION,OTHER,,,,,0.0,,,,,,,,,0.0,Fresh,,,,,0.0,0,False,2026-06-05 12:45:06,,,,,,,,,,,,,,,,,,,,,,,,,,,,,,,,,False,
INE771A01026,MIRZAINT,MIRZA INTERNATIO,Consumer Durables,True,ILLIQUID,Avg daily traded value ₹34.3L < ₹50.0L,0,0,,0,0,0,AVOID,,0,False,False,0%,,CAUTION,CONSUMPTION,,,,,0.0,,,,,,,,,0.0,Fresh,,,,,0.0,0,False,2026-06-05 12:45:06,,,,,,,,,,,,,,,,,,,,,,,,,,,,,,,,,False,
INE831A01028,MIRCELECTR,MIRC ELECTRONICS,Consumer Durables,True,CHRONIC_LOSSES,"NP negative 3 of 4 quarters, no turnaround signal",0,0,,0,0,0,AVOID,,0,False,False,0%,,CAUTION,CONSUMPTION,,,,,0.0,,,,,,,,,0.0,Fresh,,,,,0.0,0,False,2026-06-05 12:45:06,,,,,,,,,,,,,,,,,,,,,,,,,,,,,,,,,False,15.0
INE997Y01027,MITTAL,MITTAL LIFE STYL,Textiles & Apparels,True,ILLIQUID,Avg daily traded value ₹13.4L < ₹50.0L,0,0,,0,0,0,AVOID,,0,False,False,0%,,CAUTION,OTHER,,,,,0.0,,,,,,,,,0.0,Fresh,,,,,0.0,0,False,2026-06-05 12:45:06,,,,,,,,,,,,,,,,,,,,,,,,,,,,,,,,,False,
INE964W01021,MKPL,M K PROTEINS,Agricultural Food & other Products,True,ILLIQUID,Avg daily traded value ₹10.5L < ₹50.0L,0,0,,0,0,0,AVOID,,0,False,False,0%,,CAUTION,OTHER,,,,,0.0,,,,,,,,,0.0,Fresh,,,,,0.0,0,False,2026-06-05 12:45:06,,,,,,,,,,,,,,,,,,,,,,,,,,,,,,,,,False,
INE794W01014,MODTHREAD,MODERN THREADS,Textiles & Apparels,True,ILLIQUID,Avg daily traded value ₹0.6L < ₹50.0L,0,0,,0,0,0,AVOID,,0,False,False,0%,,CAUTION,OTHER,,,,,0.0,,,,,,,,,0.0,Fresh,,,,,0.0,0,False,2026-06-05 12:45:06,,,,,,,,,,,,,,,,,,,,,,,,,,,,,,,,,False,
INE832A01018,MODIRUBBER,MODI RUBBER,Auto Components,True,ILLIQUID,Avg daily traded value ₹7.0L < ₹50.0L,0,0,,0,0,0,AVOID,,0,False,False,0%,,CAUTION,OTHER,,,,,0.0,,,,,,,,,0.0,Fresh,,,,,0.0,0,False,2026-06-05 12:45:06,,,,,,,,,,,,,,,,,,,,,,,,,,,,,,,,,False,
INE537F01012,MODINATUR,MODI NATURALS,Agricultural Food & other Products,False,LIQUIDITY,"Avg 20d vol 31,786 < 50K shares/day (micro-illiquid)",0,0,,0,0,0,AVOID,,0,False,False,0%,,CAUTION,OTHER,,,,,0.0,,,,,,,,,0.0,Fresh,,,,,0.0,0,False,2026-06-05 12:45:06,,,,,,,,,,,,,,,,,,,,,,,,,,,,,,,,,False,
INE200D01020,MMWL,NAN,nan,True,ILLIQUID,Avg daily traded value ₹19.5L < ₹50.0L,0,0,,0,0,0,AVOID,,0,False,False,0%,,CAUTION,OTHER,,,,,0.0,,,,,,,,,0.0,Fresh,,,,,0.0,0,False,2026-06-05 12:45:07,,,,,,,,,,,,,,,,,,,,,,,,,,,,,,,,,False,
INE123F01029,MMTC,MMTC,Commercial Services & Supplies,False,,,0,0,,0,0,0,AVOID,,0,False,False,0%,,,,,,,,,,,,,,,,,,Fresh,,,,,,0,False,2026-06-05 12:45:07,,,,,,,,,,,,,,,,,,,,,,,,,,,,,,,,,False,
INE511Y01018,MMP,MMP INDUSTRIES,Non - Ferrous Metals,False,LIQUIDITY,"Avg 20d vol 43,440 < 50K shares/day (micro-illiquid)",0,0,,0,0,0,AVOID,,0,False,False,0%,,CAUTION,OTHER,,,,,0.0,,,,,,,,,0.0,Fresh,,,,,0.0,0,False,2026-06-05 12:45:07,,,,,,,,,,,,,,,,,,,,,,,,,,,,,,,,,False,
INE099Z01011,MIDHANI,MISHRA DHATU NIG,Aerospace & Defense,False,,,0,0,,0,0,0,AVOID,,0,False,False,0%,,,,,,,,,,,,,,,,,,Fresh,,,,,,0,False,2026-06-05 12:45:07,,,,,,,,,,,,,,,,,,,,,,,,,,,,,,,,,False,
INE0XAD01024,MIDWESTLTD,MIDWEST,Consumer Durables,False,LIQUIDITY,"Avg 20d vol 32,514 < 50K shares/day (micro-illiquid)",0,0,,0,0,0,AVOID,,0,False,False,0%,,CAUTION,CONSUMPTION,,,,,0.0,,,,,,,,,0.0,Fresh,,,,,0.0,0,False,2026-06-05 12:45:07,,,,,,,,,,,,,,,,,,,,,,,,,,,,,,,,,False,
INE893J01029,MOLDTKPAC,MOLD-TEK PACK.,Industrial Products,False,,,0,0,,0,0,0,AVOID,,0,False,False,0%,,,,,,,,,,,,,,,,,,Fresh,,,,,,0,False,2026-06-05 12:45:07,,,,,,,,,,,,,,,,,,,,,,,,,,,,,,,,,False,24.0
INE0CT101020,MOL,MEGHMANI ORGANI.,Fertilizers & Agrochemicals,False,,,0,0,,0,0,0,AVOID,,0,False,False,0%,,,,,,,,,,,,,,,,,,Fresh,,,,,,0,False,2026-06-05 12:45:07,,,,,,,,,,,,,,,,,,,,,,,,,,,,,,,,,False,31.0
INE514Y01020,MOKSH,MOKSH ORNAMENTS,Consumer Durables,True,ILLIQUID,Avg daily traded value ₹9.6L < ₹50.0L,0,0,,0,0,0,AVOID,,0,False,False,0%,,CAUTION,CONSUMPTION,,,,,0.0,,,,,,,,,0.0,Fresh,,,,,0.0,0,False,2026-06-05 12:45:07,,,,,,,,,,,,,,,,,,,,,,,,,,,,,,,,,False,
INE954E01012,MOHITIND,MOHIT INDUSTRIES,Textiles & Apparels,True,DISTRESS,Altman Z = 0.76 (bankruptcy zone),0,0,,0,0,0,AVOID,,0,False,False,0%,,CAUTION,OTHER,,,,,0.0,,,,,,,,,0.0,Fresh,,,,,0.0,0,False,2026-06-05 12:45:07,,,,,,,,,,,,,,,,,,,,,,,,,,,,,,,,,False,36.0
INE256C01024,TRIVENI,TRIVEN.ENGG.IND.,Agricultural Food & other Products,False,,,0,0,,0,0,0,AVOID,,0,False,False,0%,,,,,,,,,,,,,,,,,,Fresh,,,,,,0,False,2026-06-05 12:45:07,,,,,,,,,,,,,,,,,,,,,,,,,,,,,,,,,False,
INE948A01012,TRIGYN,TRIGYN TECHNO.,IT - Software,True,ILLIQUID,Avg daily traded value ₹16.6L < ₹50.0L,0,0,,0,0,0,AVOID,,0,False,False,0%,,CAUTION,OTHER,,,,,0.0,,,,,,,,,0.0,Fresh,,,,,0.0,0,False,2026-06-05 12:45:07,,,,,,,,,,,,,,,,,,,,,,,,,,,,,,,,,False,13.0
INE0LWY01029,TRIDHYA,TRIDHYA TECH,Commercial Services & Supplies,True,DISTRESS,Altman Z = 0.61 (bankruptcy zone),0,0,,0,0,0,AVOID,,0,False,False,0%,,CAUTION,OTHER,,,,,0.0,,,,,,,,,0.0,Fresh,,,,,0.0,0,False,2026-06-05 12:45:07,,,,,,,,,,,,,,,,,,,,,,,,,,,,,,,,,False,
INE064C01022,TRIDENT,TRIDENT,Textiles & Apparels,False,,,0,0,,0,0,0,AVOID,,0,False,False,0%,,,,,,,,,,,,,,,,,,Fresh,,,,,,0,False,2026-06-05 12:45:07,,,,,,,,,,,,,,,,,,,,,,,,,,,,,,,,,False,16.0
INE391D01019,TRF,TRF,Industrial Manufacturing,True,DISTRESS,Altman Z = -0.40 (bankruptcy zone),0,0,,0,0,0,AVOID,,0,False,False,0%,,CAUTION,OTHER,,,,,0.0,,,,,,,,,0.0,Fresh,,,,,0.0,0,False,2026-06-05 12:45:07,,,,,,,,,,,,,,,,,,,,,,,,,,,,,,,,,False,
INE0O3901029,TREL,TRANSINDIA REAL,Transport Services,True,ILLIQUID,Avg daily traded value ₹17.7L < ₹50.0L,0,0,,0,0,0,AVOID,,0,False,False,0%,,CAUTION,OTHER,,,,,0.0,,,,,,,,,0.0,Fresh,,,,,0.0,0,False,2026-06-05 12:45:07,,,,,,,,,,,,,,,,,,,,,,,,,,,,,,,,,False,
INE040M01013,TREEHOUSE,TREE HOUSE EDU.,Other Consumer Services,True,ILLIQUID,Avg daily traded value ₹1.9L < ₹50.0L,0,0,,0,0,0,AVOID,,0,False,False,0%,,CAUTION,OTHER,,,,,0.0,,,,,,,,,0.0,Fresh,,,,,0.0,0,False,2026-06-05 12:45:07,,,,,,,,,,,,,,,,,,,,,,,,,,,,,,,,,False,59.0
INE757B01015,TRANSWORLD,TRANSWORLD SHIPP,Transport Services,True,ILLIQUID,Avg daily traded value ₹44.0L < ₹50.0L,0,0,,0,0,0,AVOID,,0,False,False,0%,,CAUTION,OTHER,,,,,0.0,,,,,,,,,0.0,Fresh,,,,,0.0,0,False,2026-06-05 12:45:07,,,,,,,,,,,,,,,,,,,,,,,,,,,,,,,,,False,16.0
INE00CA01015,TREJHARA,TREJHARA SOLUTIO,IT - Software,True,ILLIQUID,Avg daily traded value ₹40.8L < ₹50.0L,0,0,,0,0,0,AVOID,,0,False,False,0%,,CAUTION,OTHER,,,,,0.0,,,,,,,,,0.0,Fresh,,,,,0.0,0,False,2026-06-05 12:45:07,,,,,,,,,,,,,,,,,,,,,,,,,,,,,,,,,False,
INE615R01029,TRU,TRUCAP FINANCE,Finance,True,CHRONIC_LOSSES,"NP negative 3 of 4 quarters, no turnaround signal",0,0,,0,0,0,AVOID,,0,False,False,0%,,CAUTION,FINANCIALS,,,,,0.0,,,,,,,,,0.0,Fresh,,,,,0.0,0,False,2026-06-05 12:45:07,,,,,,,,,,,,,,,,,,,,,,,,,,,,,,,,,False,10.0
INE0SWN01019,TRUST,TRUST FINTECH,IT - Software,True,ILLIQUID,Avg daily traded value ₹6.2L < ₹50.0L,0,0,,0,0,0,AVOID,,0,False,False,0%,,CAUTION,OTHER,,,,,0.0,,,,,,,,,0.0,Fresh,,,,,0.0,0,False,2026-06-05 12:45:07,,,,,,,,,,,,,,,,,,,,,,,,,,,,,,,,,False,
INE105A01035,TVSHLTD,TVS HOLDINGS,Finance,False,LIQUIDITY,"Avg 20d vol 3,124 < 50K shares/day (micro-illiquid)",0,0,,0,0,0,AVOID,,0,False,False,0%,,CAUTION,FINANCIALS,,,,,0.0,,,,,,,,,0.0,Fresh,,,,,0.0,0,False,2026-06-05 12:45:07,,,,,,,,,,,,,,,,,,,,,,,,,,,,,,,,,False,30.0
INE0OXV01027,TUNWAL,TUNWAL E-MOTORS,Automobiles,True,ILLIQUID,Avg daily traded value ₹42.5L < ₹50.0L,0,0,,0,0,0,AVOID,,0,False,False,0%,,CAUTION,OTHER,,,,,0.0,,,,,,,,,0.0,Fresh,,,,,0.0,0,False,2026-06-05 12:45:07,,,,,,,,,,,,,,,,,,,,,,,,,,,,,,,,,False,
INE517B01013,TTML,TATA TELE. MAH.,Telecom - Services,True,DISTRESS,Altman Z = -38.82 (bankruptcy zone),0,0,,0,0,0,AVOID,,0,False,False,0%,,CAUTION,OTHER,,,,,0.0,,,,,,,,,0.0,Fresh,,,,,0.0,0,False,2026-06-05 12:45:07,,,,,,,,,,,,,,,,,,,,,,,,,,,,,,,,,False,
INE592B01024,TTL,T T,Textiles & Apparels,True,ILLIQUID,Avg daily traded value ₹4.9L < ₹50.0L,0,0,,0,0,0,AVOID,,0,False,False,0%,,CAUTION,OTHER,,,,,0.0,,,,,,,,,0.0,Fresh,,,,,0.0,0,False,2026-06-05 12:45:07,,,,,,,,,,,,,,,,,,,,,,,,,,,,,,,,,False,
INE690A01028,TTKPRESTIG,TTK PRESTIGE,Consumer Durables,False,,,0,0,,0,0,0,AVOID,,0,False,False,0%,,,,,,,,,,,,,,,,,,Fresh,,,,,,0,False,2026-06-05 12:45:07,,,,,,,,,,,,,,,,,,,,,,,,,,,,,,,,,False,
INE910C01018,TTKHLTCARE,TTK HEALTHCARE,Diversified,True,ILLIQUID,Avg daily traded value ₹18.4L < ₹50.0L,0,0,,0,0,0,AVOID,,0,False,False,0%,,CAUTION,OTHER,,,,,0.0,,,,,,,,,0.0,Fresh,,,,,0.0,0,False,2026-06-05 12:45:07,,,,,,,,,,,,,,,,,,,,,,,,,,,,,,,,,False,
INE148A01019,TNPETRO,T N PETRO PROD.,Chemicals & Petrochemicals,False,,,0,0,,0,0,0,AVOID,,0,False,False,0%,,,,,,,,,,,,,,,,,,Fresh,,,,,,0,False,2026-06-05 12:45:07,,,,,,,,,,,,,,,,,,,,,,,,,,,,,,,,,False,16.0
INE687A01016,TRANSPEK,NAN,nan,True,ILLIQUID,Avg daily traded value ₹31.2L < ₹50.0L,0,0,,0,0,0,AVOID,,0,False,False,0%,,CAUTION,OTHER,,,,,0.0,,,,,,,,,0.0,Fresh,,,,,0.0,0,False,2026-06-05 12:45:07,,,,,,,,,,,,,,,,,,,,,,,,,,,,,,,,,False,
INE0HMF01019,TRACXN,TRACXN TECHNOLO.,Commercial Services & Supplies,True,CHRONIC_LOSSES,"NP negative 3 of 4 quarters, no turnaround signal",0,0,,0,0,0,AVOID,,0,False,False,0%,,CAUTION,OTHER,,,,,0.0,,,,,,,,,0.0,Fresh,,,,,0.0,0,False,2026-06-05 12:45:07,,,,,,,,,,,,,,,,,,,,,,,,,,,,,,,,,False,
INE486Y01013,TOUCHWOOD,TOUCHWOOD ENTER.,Other Consumer Services,True,ILLIQUID,Avg daily traded value ₹1.7L < ₹50.0L,0,0,,0,0,0,AVOID,,0,False,False,0%,,CAUTION,OTHER,,,,,0.0,,,,,,,,,0.0,Fresh,,,,,0.0,0,False,2026-06-05 12:45:07,,,,,,,,,,,,,,,,,,,,,,,,,,,,,,,,,False,
INE336X01012,TOTAL,TOTAL TRANSPORT,Transport Services,True,ILLIQUID,Avg daily traded value ₹2.5L < ₹50.0L,0,0,,0,0,0,AVOID,,0,False,False,0%,,CAUTION,OTHER,,,,,0.0,,,,,,,,,0.0,Fresh,,,,,0.0,0,False,2026-06-05 12:45:07,,,,,,,,,,,,,,,,,,,,,,,,,,,,,,,,,False,
INE932C01012,TOKYOPLAST,TOKYO PLAST INTL,Consumer Durables,True,ILLIQUID,Avg daily traded value ₹1.1L < ₹50.0L,0,0,,0,0,0,AVOID,,0,False,False,0%,,CAUTION,CONSUMPTION,,,,,0.0,,,,,,,,,0.0,Fresh,,,,,0.0,0,False,2026-06-05 12:45:07,,,,,,,,,,,,,,,,,,,,,,,,,,,,,,,,,False,34.0
INE141D01018,TNTELE,T N TELECOM.,Telecom -  Equipment & Accessories,True,DISTRESS,Altman Z = -32.45 (bankruptcy zone),0,0,,0,0,0,AVOID,,0,False,False,0%,,CAUTION,OTHER,,,,,0.0,,,,,,,,,0.0,Fresh,,,,,0.0,0,False,2026-06-05 12:45:07,,,,,,,,,,,,,,,,,,,,,,,,,,,,,,,,,False,
INE107A01015,TNPL,T N NEWSPRINT,"Paper, Forest & Jute Products",True,DISTRESS,Altman Z = 0.84 (bankruptcy zone),0,0,,0,0,0,AVOID,,0,False,False,0%,,CAUTION,OTHER,,,,,0.0,,,,,,,,,0.0,Fresh,,,,,0.0,0,False,2026-06-05 12:45:07,,,,,,,,,,,,,,,,,,,,,,,,,,,,,,,,,False,41.0
INE065J01024,TPHQ,TEAMO PRODUCTION,Construction,True,ILLIQUID,Avg daily traded value ₹7.6L < ₹50.0L,0,0,,0,0,0,AVOID,,0,False,False,0%,,CAUTION,OTHER,,,,,0.0,,,,,,,,,0.0,Fresh,,,,,0.0,0,False,2026-06-05 12:45:07,,,,,,,,,,,,,,,,,,,,,,,,,,,,,,,,,False,36.0
INE961D01019,UNIDT,UNITED DRILLING,Industrial Manufacturing,False,LIQUIDITY,"Avg 20d vol 38,021 < 50K shares/day (micro-illiquid)",0,0,,0,0,0,AVOID,,0,False,False,0%,,CAUTION,OTHER,,,,,0.0,,,,,,,,,0.0,Fresh,,,,,0.0,0,False,2026-06-05 12:45:07,,,,,,,,,,,,,,,,,,,,,,,,,,,,,,,,,False,14.0
INE351A01035,UNICHEMLAB,UNICHEM LABS.,Pharmaceuticals & Biotechnology,False,LIQUIDITY,"Avg 20d vol 27,813 < 50K shares/day (micro-illiquid)",0,0,,0,0,0,AVOID,,0,False,False,0%,,CAUTION,OTHER,,,,,0.0,,,,,,,,,0.0,Fresh,,,,,0.0,0,False,2026-06-05 12:45:07,,,,,,,,,,,,,,,,,,,,,,,,,,,,,,,,,False,
INE398B01018,UMIYA-MRO,UMIYA BUILDCON,Telecom -  Equipment & Accessories,True,ILLIQUID,Avg daily traded value ₹8.5L < ₹50.0L,0,0,,0,0,0,AVOID,,0,False,False,0%,,CAUTION,OTHER,,,,,0.0,,,,,,,,,0.0,Fresh,,,,,0.0,0,False,2026-06-05 12:45:07,,,,,,,,,,,,,,,,,,,,,,,,,,,,,,,,,False,44.0
INE240C01028,UMESLTD,USHA MART. EDU.,Other Consumer Services,True,ILLIQUID,Avg daily traded value ₹2.3L < ₹50.0L,0,0,,0,0,0,AVOID,,0,False,False,0%,,CAUTION,OTHER,,,,,0.0,,,,,,,,,0.0,Fresh,,,,,0.0,0,False,2026-06-05 12:45:07,,,,,,,,,,,,,,,,,,,,,,,,,,,,,,,,,False,
INE0GIU01018,UMAEXPORTS,UMA EXPORTS,Commercial Services & Supplies,True,ILLIQUID,Avg daily traded value ₹3.8L < ₹50.0L,0,0,,0,0,0,AVOID,,0,False,False,0%,,CAUTION,OTHER,,,,,0.0,,,,,,,,,0.0,Fresh,,,,,0.0,0,False,2026-06-05 12:45:07,,,,,,,,,,,,,,,,,,,,,,,,,,,,,,,,,False,
INE067901012,UMA,UMA CONVERTER,Industrial Products,True,ILLIQUID,Avg daily traded value ₹0.9L < ₹50.0L,0,0,,0,0,0,AVOID,,0,False,False,0%,,CAUTION,OTHER,,,,,0.0,,,,,,,,,0.0,Fresh,,,,,0.0,0,False,2026-06-05 12:45:07,,,,,,,,,,,,,,,,,,,,,,,,,,,,,,,,,False,
INE405A01021,ULTRAMAR,NAN,nan,False,LIQUIDITY,"Avg 20d vol 13,719 < 50K shares/day (micro-illiquid)",0,0,,0,0,0,AVOID,,0,False,False,0%,,CAUTION,OTHER,,,,,0.0,,,,,,,,,0.0,Fresh,,,,,0.0,0,False,2026-06-05 12:45:07,,,,,,,,,,,,,,,,,,,,,,,,,,,,,,,,,False,45.0
INE481G01011,ULTRACEMCO,ULTRATECH CEM.,Cement & Cement Products,False,,,0,0,,0,0,0,AVOID,,0,False,False,0%,,,,,,,,,,,,,,,,,,Fresh,,,,,,0,False,2026-06-05 12:45:07,,,,,,,,,,,,,,,,,,,,,,,,,,,,,,,,,False,
INE516A01017,UFLEX,UFLEX,Industrial Products,False,,,0,0,,0,0,0,AVOID,,0,False,False,0%,,,,,,,,,,,,,,,,,,Fresh,,,,,,0,False,2026-06-05 12:45:07,,,,,,,,,,,,,,,,,,,,,,,,,,,,,,,,,False,24.0
INE037A01022,UNIENTER,UNIPHOS ENTER.,Chemicals & Petrochemicals,True,CHRONIC_LOSSES,"NP negative 3 of 4 quarters, no turnaround signal",0,0,,0,0,0,AVOID,,0,False,False,0%,,CAUTION,OTHER,,,,,0.0,,,,,,,,,0.0,Fresh,,,,,0.0,0,False,2026-06-05 12:45:07,,,,,,,,,,,,,,,,,,,,,,,,,,,,,,,,,False,
INE0PRF01011,UNIHEALTH,UNIHEALTH HOSP,Healthcare Services,False,LIQUIDITY,"Avg 20d vol 33,325 < 50K shares/day (micro-illiquid)",0,0,,0,0,0,AVOID,,0,False,False,0%,,CAUTION,OTHER,,,,,0.0,,,,,,,,,0.0,Fresh,,,,,0.0,0,False,2026-06-05 12:45:07,,,,,,,,,,,,,,,,,,,,,,,,,,,,,,,,,False,
INE481Z01011,UNIINFO,UNIINFO TELECOM,Telecom - Services,True,ILLIQUID,Avg daily traded value ₹0.5L < ₹50.0L,0,0,,0,0,0,AVOID,,0,False,False,0%,,CAUTION,OTHER,,,,,0.0,,,,,,,,,0.0,Fresh,,,,,0.0,0,False,2026-06-05 12:45:07,,,,,,,,,,,,,,,,,,,,,,,,,,,,,,,,,False,
INE899L01030,UEL,UJAAS ENERGY,Power,True,ILLIQUID,Avg daily traded value ₹17.7L < ₹50.0L,0,0,,0,0,0,AVOID,,0,False,False,0%,,CAUTION,OTHER,,,,,0.0,,,,,,,,,0.0,Fresh,,,,,0.0,0,False,2026-06-05 12:45:07,,,,,,,,,,,,,,,,,,,,,,,,,,,,,,,,,False,34.0
INE458F01011,UNITEDTEA,UNITED NILGIRI,Agricultural Food & other Products,True,ILLIQUID,Avg daily traded value ₹8.5L < ₹50.0L,0,0,,0,0,0,AVOID,,0,False,False,0%,,CAUTION,OTHER,,,,,0.0,,,,,,,,,0.0,Fresh,,,,,0.0,0,False,2026-06-05 12:45:07,,,,,,,,,,,,,,,,,,,,,,,,,,,,,,,,,False,
INE694A01020,UNITECH,UNITECH,Realty,True,DISTRESS,Altman Z = -1.31 (bankruptcy zone),0,0,,0,0,0,AVOID,,0,False,False,0%,,CAUTION,OTHER,,,,,0.0,,,,,,,,,0.0,Fresh,,,,,0.0,0,False,2026-06-05 12:45:07,,,,,,,,,,,,,,,,,,,,,,,,,,,,,,,,,False,
INE139B01016,UCAL,UCAL,Auto Components,True,CHRONIC_LOSSES,"NP negative 3 of 4 quarters, no turnaround signal",0,0,,0,0,0,AVOID,,0,False,False,0%,,CAUTION,OTHER,,,,,0.0,,,,,,,,,0.0,Fresh,,,,,0.0,0,False,2026-06-05 12:45:07,,,,,,,,,,,,,,,,,,,,,,,,,,,,,,,,,False,
INE871L01013,TVVISION,TV VISION,Entertainment,True,DISTRESS,Altman Z = -11.46 (bankruptcy zone),0,0,,0,0,0,AVOID,,0,False,False,0%,,CAUTION,OTHER,,,,,0.0,,,,,,,,,0.0,Fresh,,,,,0.0,0,False,2026-06-05 12:45:07,,,,,,,,,,,,,,,,,,,,,,,,,,,,,,,,,False,
INE038F01029,TVTODAY,T.V. TODAY NETW.,Entertainment,False,,,0,0,,0,0,0,AVOID,,0,False,False,0%,,,,,,,,,,,,,,,,,,Fresh,,,,,,0,False,2026-06-05 12:45:07,,,,,,,,,,,,,,,,,,,,,,,,,,,,,,,,,False,
INE421C01016,TVSSRICHAK,TVS SRICHAKRA,Auto Components,False,LIQUIDITY,"Avg 20d vol 8,940 < 50K shares/day (micro-illiquid)",0,0,,0,0,0,AVOID,,0,False,False,0%,,CAUTION,OTHER,,,,,0.0,,,,,,,,,0.0,Fresh,,,,,0.0,0,False,2026-06-05 12:45:07,,,,,,,,,,,,,,,,,,,,,,,,,,,,,,,,,False,
INE395N01027,TVSSCS,TVS SUPPLY,Transport Services,False,,,0,0,,0,0,0,AVOID,,0,False,False,0%,,,,,,,,,,,,,,,,,,Fresh,,,,,,0,False,2026-06-05 12:45:07,,,,,,,,,,,,,,,,,,,,,,,,,,,,,,,,,False,
INE395H01011,STEELCITY,STEEL CITY SEC.,Capital Markets,True,ILLIQUID,Avg daily traded value ₹4.2L < ₹50.0L,0,0,,0,0,0,AVOID,,0,False,False,0%,,CAUTION,FINANCIALS,,,,,0.0,,,,,,,,,0.0,Fresh,,,,,0.0,0,False,2026-06-05 12:45:07,,,,,,,,,,,,,,,,,,,,,,,,,,,,,,,,,False,
INE655A01013,STCINDIA,S T C,Commercial Services & Supplies,True,DISTRESS,Altman Z = -5.70 (bankruptcy zone),0,0,,0,0,0,AVOID,,0,False,False,0%,,CAUTION,OTHER,,,,,0.0,,,,,,,,,0.0,Fresh,,,,,0.0,0,False,2026-06-05 12:45:07,,,,,,,,,,,,,,,,,,,,,,,,,,,,,,,,,False,
INE992I01013,STARTECK,STARTECK FIN.,Finance,True,ILLIQUID,Avg daily traded value ₹19.8L < ₹50.0L,0,0,,0,0,0,AVOID,,0,False,False,0%,,CAUTION,FINANCIALS,,,,,0.0,,,,,,,,,0.0,Fresh,,,,,0.0,0,False,2026-06-05 12:45:07,,,,,,,,,,,,,,,,,,,,,,,,,,,,,,,,,False,
INE733A01018,STARPAPER,STAR PAPER MILLS,"Paper, Forest & Jute Products",True,ILLIQUID,Avg daily traded value ₹13.5L < ₹50.0L,0,0,,0,0,0,AVOID,,0,False,False,0%,,CAUTION,OTHER,,,,,0.0,,,,,,,,,0.0,Fresh,,,,,0.0,0,False,2026-06-05 12:45:07,,,,,,,,,,,,,,,,,,,,,,,,,,,,,,,,,False,10.0
INE460H01021,STARCEMENT,STAR CEMENT,Cement & Cement Products,False,,,0,0,,0,0,0,AVOID,,0,False,False,0%,,,,,,,,,,,,,,,,,,Fresh,,,,,,0,False,2026-06-05 12:45:07,,,,,,,,,,,,,,,,,,,,,,,,,,,,,,,,,False,
INE0PQ101010,SSDL,SARASWATI SAREE,Textiles & Apparels,True,ILLIQUID,Avg daily traded value ₹10.1L < ₹50.0L,0,0,,0,0,0,AVOID,,0,False,False,0%,,CAUTION,OTHER,,,,,0.0,,,,,,,,,0.0,Fresh,,,,,0.0,0,False,2026-06-05 12:45:08,,,,,,,,,,,,,,,,,,,,,,,,,,,,,,,,,False,
INE19GK01015,SRTL,SHREE RAM TWIST.,Textiles & Apparels,True,ILLIQUID,Avg daily traded value ₹26.0L < ₹50.0L,0,0,,0,0,0,AVOID,,0,False,False,0%,,CAUTION,OTHER,,,,,0.0,,,,,,,,,0.0,Fresh,,,,,0.0,0,False,2026-06-05 12:45:08,,,,,,,,,,,,,,,,,,,,,,,,,,,,,,,,,False,68.0
INE503B01021,STEELXIND,STEEL EXCHANGE,Industrial Products,False,,,0,0,,0,0,0,AVOID,,0,False,False,0%,,,,,,,,,,,,,,,,,,Fresh,,,,,,0,False,2026-06-05 12:45:08,,,,,,,,,,,,,,,,,,,,,,,,,,,,,,,,,False,
INE577L01016,STEL,STEL HOLDINGS,Finance,True,ILLIQUID,Avg daily traded value ₹44.6L < ₹50.0L,0,0,,0,0,0,AVOID,,0,False,False,0%,,CAUTION,FINANCIALS,,,,,0.0,,,,,,,,,0.0,Fresh,,,,,0.0,0,False,2026-06-05 12:45:08,,,,,,,,,,,,,,,,,,,,,,,,,,,,,,,,,False,
INE450E01029,SUKHJITS,SUKHJIT STARCH,Agricultural Food & other Products,False,,,0,0,,0,0,0,AVOID,,0,False,False,0%,,,,,,,,,,,,,,,,,,Fresh,,,,,,0,False,2026-06-05 12:45:08,,,,,,,,,,,,,,,,,,,,,,,,,,,,,,,,,False,
INE659A01023,SUDARSCHEM,SUDARSHAN CHEM.,Chemicals & Petrochemicals,False,,,0,0,,0,0,0,AVOID,,0,False,False,0%,,,,,,,,,,,,,,,,,,Fresh,,,,,,0,False,2026-06-05 12:45:08,,,,,,,,,,,,,,,,,,,,,,,,,,,,,,,,,False,10.0
INE492A01029,SUDARCOLOR,SUDARSHAN COLORANTS,Chemicals & Petrochemicals,True,ILLIQUID,Avg daily traded value ₹37.2L < ₹50.0L,0,0,,0,0,0,AVOID,,0,False,False,0%,,CAUTION,OTHER,,,,,0.0,,,,,,,,,0.0,Fresh,,,,,0.0,0,False,2026-06-05 12:45:08,,,,,,,,,,,,,,,,,,,,,,,,,,,,,,,,,False,24.0
INE287B01021,SUBROS,SUBROS,Industrial Products,False,LIQUIDITY,"Avg 20d vol 39,107 < 50K shares/day (micro-illiquid)",0,0,,0,0,0,AVOID,,0,False,False,0%,,CAUTION,OTHER,,,,,0.0,,,,,,,,,0.0,Fresh,,,,,0.0,0,False,2026-06-05 12:45:08,,,,,,,,,,,,,,,,,,,,,,,,,,,,,,,,,False,17.0
INE754A01055,SUBEXLTD,SUBEX,IT - Software,False,,,0,0,,0,0,0,AVOID,,0,False,False,0%,,,,,,,,,,,,,,,,,,Fresh,,,,,,0,False,2026-06-05 12:45:08,,,,,,,,,,,,,,,,,,,,,,,,,,,,,,,,,False,46.0
INE00Q601028,STUDDS,STUDDS ACCESSOR.,Auto Components,False,LIQUIDITY,"Avg 20d vol 40,176 < 50K shares/day (micro-illiquid)",0,0,,0,0,0,AVOID,,0,False,False,0%,,CAUTION,OTHER,,,,,0.0,,,,,,,,,0.0,Fresh,,,,,0.0,0,False,2026-06-05 12:45:08,,,,,,,,,,,,,,,,,,,,,,,,,,,,,,,,,False,11.0
INE00IN01015,STOVEKRAFT,STOVE KRAFT,Consumer Durables,False,,,0,0,,0,0,0,AVOID,,0,False,False,0%,,,,,,,,,,,,,,,,,,Fresh,,,,,,0,False,2026-06-05 12:45:08,,,,,,,,,,,,,,,,,,,,,,,,,,,,,,,,,False,39.0
INE089C01029,STLTECH,STERLITE TECH.,Telecom -  Equipment & Accessories,False,,,0,0,,0,0,0,AVOID,,0,False,False,0%,,,,,,,,,,,,,,,,,,Fresh,,,,,,0,False,2026-06-05 12:45:08,,,,,,,,,,,,,,,,,,,,,,,,,,,,,,,,,False,
INE147A01011,SPIC,S P I C,Fertilizers & Agrochemicals,False,,,0,0,,0,0,0,AVOID,,0,False,False,0%,,,,,,,,,,,,,,,,,,Fresh,,,,,,0,False,2026-06-05 12:45:08,,,,,,,,,,,,,,,,,,,,,,,,,,,,,,,,,False,10.0
INE020801028,SPENCERS,SPENCER'S RETAIL,Retailing,True,DISTRESS,Altman Z = -0.77 (bankruptcy zone),0,0,,0,0,0,AVOID,,0,False,False,0%,,CAUTION,OTHER,,,,,0.0,,,,,,,,,0.0,Fresh,,,,,0.0,0,False,2026-06-05 12:45:08,,,,,,,,,,,,,,,,,,,,,,,,,,,,,,,,,False,
INE0OL001018,SPECTSTM,SPECTRUM TALENT,Commercial Services & Supplies,True,ILLIQUID,Avg daily traded value ₹8.2L < ₹50.0L,0,0,,0,0,0,AVOID,,0,False,False,0%,,CAUTION,OTHER,,,,,0.0,,,,,,,,,0.0,Fresh,,,,,0.0,0,False,2026-06-05 12:45:08,,,,,,,,,,,,,,,,,,,,,,,,,,,,,,,,,False,
INE663A01033,SPLPETRO,SUPREME PETROCH.,Chemicals & Petrochemicals,False,LIQUIDITY,"Avg 20d vol 42,324 < 50K shares/day (micro-illiquid)",0,0,,0,0,0,AVOID,,0,False,False,0%,,CAUTION,OTHER,,,,,0.0,,,,,,,,,0.0,Fresh,,,,,0.0,0,False,2026-06-05 12:45:08,,,,,,,,,,,,,,,,,,,,,,,,,,,,,,,,,False,39.0
INE978G01016,SPLIL,SPL INDUSTRIES,Textiles & Apparels,True,ILLIQUID,Avg daily traded value ₹1.8L < ₹50.0L,0,0,,0,0,0,AVOID,,0,False,False,0%,,CAUTION,OTHER,,,,,0.0,,,,,,,,,0.0,Fresh,,,,,0.0,0,False,2026-06-05 12:45:08,,,,,,,,,,,,,,,,,,,,,,,,,,,,,,,,,False,
INE937A01023,SPMLINFRA,SPML INFRA,Construction,False,,,0,0,,0,0,0,AVOID,,0,False,False,0%,,,,,,,,,,,,,,,,,,Fresh,,,,,,0,False,2026-06-05 12:45:08,,,,,,,,,,,,,,,,,,,,,,,,,,,,,,,,,False,
INE0JW501011,SPRL,SP REFRACTORIES,Industrial Products,True,ILLIQUID,Avg daily traded value ₹2.2L < ₹50.0L,0,0,,0,0,0,AVOID,,0,False,False,0%,,CAUTION,OTHER,,,,,0.0,,,,,,,,,0.0,Fresh,,,,,0.0,0,False,2026-06-05 12:45:08,,,,,,,,,,,,,,,,,,,,,,,,,,,,,,,,,False,
INE0NPI01014,SRIVASAVI,SRIVASAVI ADHES.,Industrial Products,True,ILLIQUID,Avg daily traded value ₹1.9L < ₹50.0L,0,0,,0,0,0,AVOID,,0,False,False,0%,,CAUTION,OTHER,,,,,0.0,,,,,,,,,0.0,Fresh,,,,,0.0,0,False,2026-06-05 12:45:08,,,,,,,,,,,,,,,,,,,,,,,,,,,,,,,,,False,
INE917H01012,SRHHYPOLTD,SR.RAYALA.HYPO,Chemicals & Petrochemicals,False,LIQUIDITY,"Avg 20d vol 13,122 < 50K shares/day (micro-illiquid)",0,0,,0,0,0,AVOID,,0,False,False,0%,,CAUTION,OTHER,,,,,0.0,,,,,,,,,0.0,Fresh,,,,,0.0,0,False,2026-06-05 12:45:08,,,,,,,,,,,,,,,,,,,,,,,,,,,,,,,,,False,
INE559N01010,SRGHFL,SRG HOUSING,Finance,True,ILLIQUID,Avg daily traded value ₹23.0L < ₹50.0L,0,0,,0,0,0,AVOID,,0,False,False,0%,,CAUTION,FINANCIALS,,,,,0.0,,,,,,,,,0.0,Fresh,,,,,0.0,0,False,2026-06-05 12:45:08,,,,,,,,,,,,,,,,,,,,,,,,,,,,,,,,,False,24.0
INE647A01010,SRF,SRF,Chemicals & Petrochemicals,False,,,0,0,,0,0,0,AVOID,,0,False,False,0%,,,,,,,,,,,,,,,,,,Fresh,,,,,,0,False,2026-06-05 12:45:08,,,,,,,,,,,,,,,,,,,,,,,,,,,,,,,,,False,30.0
INE099F01013,SREEL,SREELEATHERS,Consumer Durables,True,ILLIQUID,Avg daily traded value ₹38.8L < ₹50.0L,0,0,,0,0,0,AVOID,,0,False,False,0%,,CAUTION,CONSUMPTION,,,,,0.0,,,,,,,,,0.0,Fresh,,,,,0.0,0,False,2026-06-05 12:45:08,,,,,,,,,,,,,,,,,,,,,,,,,,,,,,,,,False,
INE01NE01012,SRD,SHANKAR LAL RAM.,Chemicals & Petrochemicals,True,ILLIQUID,Avg daily traded value ₹12.7L < ₹50.0L,0,0,,0,0,0,AVOID,,0,False,False,0%,,CAUTION,OTHER,,,,,0.0,,,,,,,,,0.0,Fresh,,,,,0.0,0,False,2026-06-05 12:45:08,,,,,,,,,,,,,,,,,,,,,,,,,,,,,,,,,False,
INE748Z01013,SUMIT,SUMIT WOODS,Realty,True,ILLIQUID,Avg daily traded value ₹14.0L < ₹50.0L,0,0,,0,0,0,AVOID,,0,False,False,0%,,CAUTION,OTHER,,,,,0.0,,,,,,,,,0.0,Fresh,,,,,0.0,0,False,2026-06-05 12:45:08,,,,,,,,,,,,,,,,,,,,,,,,,,,,,,,,,False,
INE519C01017,SUMMITSEC,SUMMIT SECURITIE,Finance,False,LIQUIDITY,"Avg 20d vol 4,848 < 50K shares/day (micro-illiquid)",0,0,,0,0,0,AVOID,,0,False,False,0%,,CAUTION,FINANCIALS,,,,,0.0,,,,,,,,,0.0,Fresh,,,,,0.0,0,False,2026-06-05 12:45:08,,,,,,,,,,,,,,,,,,,,,,,,,,,,,,,,,False,
INE0Q3R01026,SUNCLAY,SUNDARAM CLAYTON,Auto Components,True,CHRONIC_LOSSES,"NP negative 3 of 4 quarters, no turnaround signal",0,0,,0,0,0,AVOID,,0,False,False,0%,,CAUTION,OTHER,,,,,0.0,,,,,,,,,0.0,Fresh,,,,,0.0,0,False,2026-06-05 12:45:08,,,,,,,,,,,,,,,,,,,,,,,,,,,,,,,,,False,68.0
INE911B01018,TCIFINANCE,TCI FINANCE,Finance,True,CHRONIC_LOSSES,"NP negative 3 of 4 quarters, no turnaround signal",0,0,,0,0,0,AVOID,,0,False,False,0%,,CAUTION,FINANCIALS,,,,,0.0,,,,,,,,,0.0,Fresh,,,,,0.0,0,False,2026-06-05 12:45:08,,,,,,,,,,,,,,,,,,,,,,,,,,,,,,,,,False,
INE586V01016,TCIEXP,TCI EXPRESS,Transport Services,False,LIQUIDITY,"Avg 20d vol 32,172 < 50K shares/day (micro-illiquid)",0,0,,0,0,0,AVOID,,0,False,False,0%,,CAUTION,OTHER,,,,,0.0,,,,,,,,,0.0,Fresh,,,,,0.0,0,False,2026-06-05 12:45:08,,,,,,,,,,,,,,,,,,,,,,,,,,,,,,,,,False,
INE688A01022,TCI,TRANSPORT CORP.,Transport Services,False,LIQUIDITY,"Avg 20d vol 44,172 < 50K shares/day (micro-illiquid)",0,0,,0,0,0,AVOID,,0,False,False,0%,,CAUTION,OTHER,,,,,0.0,,,,,,,,,0.0,Fresh,,,,,0.0,0,False,2026-06-05 12:45:08,,,,,,,,,,,,,,,,,,,,,,,,,,,,,,,,,False,
INE887D01016,TCC,TCC CONCEPT,Commercial Services & Supplies,False,LIQUIDITY,"Avg 20d vol 15,426 < 50K shares/day (micro-illiquid)",0,0,,0,0,0,AVOID,,0,False,False,0%,,CAUTION,OTHER,,,,,0.0,,,,,,,,,0.0,Fresh,,,,,0.0,0,False,2026-06-05 12:45:08,,,,,,,,,,,,,,,,,,,,,,,,,,,,,,,,,False,13.0
INE0N2D01013,TBI,TBI CORN,Agricultural Food & other Products,True,ILLIQUID,Avg daily traded value ₹20.0L < ₹50.0L,0,0,,0,0,0,AVOID,,0,False,False,0%,,CAUTION,OTHER,,,,,0.0,,,,,,,,,0.0,Fresh,,,,,0.0,0,False,2026-06-05 12:45:08,,,,,,,,,,,,,,,,,,,,,,,,,,,,,,,,,False,
INE0QJL01014,TCL,THAAI,Auto Components,True,ILLIQUID,Avg daily traded value ₹27.0L < ₹50.0L,0,0,,0,0,0,AVOID,,0,False,False,0%,,CAUTION,OTHER,,,,,0.0,,,,,,,,,0.0,Fresh,,,,,0.0,0,False,2026-06-05 12:45:08,,,,,,,,,,,,,,,,,,,,,,,,,,,,,,,,,False,
INE822C01015,TCPLPACK,TCPL PACKAGING,Industrial Products,True,ILLIQUID,Avg daily traded value ₹40.2L < ₹50.0L,0,0,,0,0,0,AVOID,,0,False,False,0%,,CAUTION,OTHER,,,,,0.0,,,,,,,,,0.0,Fresh,,,,,0.0,0,False,2026-06-05 12:45:08,,,,,,,,,,,,,,,,,,,,,,,,,,,,,,,,,False,
INE289C01025,TEAMGTY,TEAM INDIA GUAR.,Finance,True,ILLIQUID,Avg daily traded value ₹18.0L < ₹50.0L,0,0,,0,0,0,AVOID,,0,False,False,0%,,CAUTION,FINANCIALS,,,,,0.0,,,,,,,,,0.0,Fresh,,,,,0.0,0,False,2026-06-05 12:45:08,,,,,,,,,,,,,,,,,,,,,,,,,,,,,,,,,False,
INE141K01013,TEXMOPIPES,TEXMO PIPES,Industrial Products,True,ILLIQUID,Avg daily traded value ₹14.2L < ₹50.0L,0,0,,0,0,0,AVOID,,0,False,False,0%,,CAUTION,OTHER,,,,,0.0,,,,,,,,,0.0,Fresh,,,,,0.0,0,False,2026-06-05 12:45:08,,,,,,,,,,,,,,,,,,,,,,,,,,,,,,,,,False,
INE435C01024,TEXINFRA,TEXMACO INFRAST.,Commercial Services & Supplies,False,,,0,0,,0,0,0,AVOID,,0,False,False,0%,,,,,,,,,,,,,,,,,,Fresh,,,,,,0,False,2026-06-05 12:45:08,,,,,,,,,,,,,,,,,,,,,,,,,,,,,,,,,False,
INE482B01010,TERASOFT,TERA SOFTWARE,IT - Services,False,LIQUIDITY,"Avg 20d vol 32,815 < 50K shares/day (micro-illiquid)",0,0,,0,0,0,AVOID,,0,False,False,0%,,CAUTION,OTHER,,,,,0.0,,,,,,,,,0.0,Fresh,,,,,0.0,0,False,2026-06-05 12:45:08,,,,,,,,,,,,,,,,,,,,,,,,,,,,,,,,,False,
INE010J01012,TEJASNET,TEJAS NETWORKS,Telecom -  Equipment & Accessories,True,CHRONIC_LOSSES,"NP negative 3 of 4 quarters, no turnaround signal",0,0,,0,0,0,AVOID,,0,False,False,0%,,CAUTION,OTHER,,,,,0.0,,,,,,,,,0.0,Fresh,,,,,0.0,0,False,2026-06-05 12:45:08,,,,,,,,,,,,,,,,,,,,,,,,,,,,,,,,,False,50.0
INE314H01012,TECHNVISN,NAN,nan,True,ILLIQUID,Avg daily traded value ₹7.8L < ₹50.0L,0,0,,0,0,0,AVOID,,0,False,False,0%,,CAUTION,OTHER,,,,,0.0,,,,,,,,,0.0,Fresh,,,,,0.0,0,False,2026-06-05 12:45:08,,,,,,,,,,,,,,,,,,,,,,,,,,,,,,,,,False,8.0
INE0QD201012,TECHLABS,TRIDENT TECHLABS,IT - Software,False,LIQUIDITY,"Avg 20d vol 29,819 < 50K shares/day (micro-illiquid)",0,0,,0,0,0,AVOID,,0,False,False,0%,,CAUTION,OTHER,,,,,0.0,,,,,,,,,0.0,Fresh,,,,,0.0,0,False,2026-06-05 12:45:08,,,,,,,,,,,,,,,,,,,,,,,,,,,,,,,,,False,
INE985S01024,TEAMLEASE,TEAM LEASE SERV.,Commercial Services & Supplies,False,LIQUIDITY,"Avg 20d vol 32,071 < 50K shares/day (micro-illiquid)",0,0,,0,0,0,AVOID,,0,False,False,0%,,CAUTION,OTHER,,,,,0.0,,,,,,,,,0.0,Fresh,,,,,0.0,0,False,2026-06-05 12:45:09,,,,,,,,,,,,,,,,,,,,,,,,,,,,,,,,,False,
INE014B01011,TECILCHEM,TECIL CHEMICAL,Chemicals & Petrochemicals,True,DISTRESS,Altman Z = -20.80 (bankruptcy zone),0,0,,0,0,0,AVOID,,0,False,False,0%,,CAUTION,OTHER,,,,,0.0,,,,,,,,,0.0,Fresh,,,,,0.0,0,False,2026-06-05 12:45:09,,,,,,,,,,,,,,,,,,,,,,,,,,,,,,,,,False,
INE092A01019,TATACHEM,TATA CHEMICALS,Chemicals & Petrochemicals,False,,,0,0,,0,0,0,AVOID,,0,False,False,0%,,,,,,,,,,,,,,,,,,Fresh,,,,,,0,False,2026-06-05 12:45:09,,,,,,,,,,,,,,,,,,,,,,,,,,,,,,,,,False,31.0
INE488B01017,TASTYBITE,TASTY BITE EAT.,Food Products,False,LIQUIDITY,"Avg 20d vol 2,882 < 50K shares/day (micro-illiquid)",0,0,,0,0,0,AVOID,,0,False,False,0%,,CAUTION,OTHER,,,,,0.0,,,,,,,,,0.0,Fresh,,,,,0.0,0,False,2026-06-05 12:45:09,,,,,,,,,,,,,,,,,,,,,,,,,,,,,,,,,False,
INE01IH01015,SYLVANPLY,SYLVAN PLYBOARD,Consumer Durables,True,ILLIQUID,Avg daily traded value ₹3.1L < ₹50.0L,0,0,,0,0,0,AVOID,,0,False,False,0%,,CAUTION,CONSUMPTION,,,,,0.0,,,,,,,,,0.0,Fresh,,,,,0.0,0,False,2026-06-05 12:45:09,,,,,,,,,,,,,,,,,,,,,,,,,,,,,,,,,False,
INE00H001014,SWIGGY,SWIGGY,Retailing,True,CHRONIC_LOSSES,"NP negative 3 of 4 quarters, no turnaround signal",0,0,,0,0,0,AVOID,,0,False,False,0%,,CAUTION,OTHER,,,,,0.0,,,,,,,,,0.0,Fresh,,,,,0.0,0,False,2026-06-05 12:45:09,,,,,,,,,,,,,,,,,,,,,,,,,,,,,,,,,False,27.0
INE409B01013,SWELECTES,SWELECT ENERGY,Electrical Equipment,False,LIQUIDITY,"Avg 20d vol 43,053 < 50K shares/day (micro-illiquid)",0,0,,0,0,0,AVOID,,0,False,False,0%,,CAUTION,OTHER,,,,,0.0,,,,,,,,,0.0,Fresh,,,,,0.0,0,False,2026-06-05 12:45:09,,,,,,,,,,,,,,,,,,,,,,,,,,,,,,,,,False,14.0
INE0BTR01012,SYNOPTICS,SYNOPTICS TECHNO,IT - Services,True,ILLIQUID,Avg daily traded value ₹1.0L < ₹50.0L,0,0,,0,0,0,AVOID,,0,False,False,0%,,CAUTION,OTHER,,,,,0.0,,,,,,,,,0.0,Fresh,,,,,0.0,0,False,2026-06-05 12:45:09,,,,,,,,,,,,,,,,,,,,,,,,,,,,,,,,,False,
INE0O7R01011,SYSTANGO,SYSTANGO TECH,IT - Software,False,LIQUIDITY,"Avg 20d vol 41,540 < 50K shares/day (micro-illiquid)",0,0,,0,0,0,AVOID,,0,False,False,0%,,CAUTION,OTHER,,,,,0.0,,,,,,,,,0.0,Fresh,,,,,0.0,0,False,2026-06-05 12:45:09,,,,,,,,,,,,,,,,,,,,,,,,,,,,,,,,,False,
INE144Z01023,TARSONS,TARSONS PRODUCTS,Healthcare Equipment & Supplies,False,,,0,0,,0,0,0,AVOID,,0,False,False,0%,,,,,,,,,,,,,,,,,,Fresh,,,,,,0,False,2026-06-05 12:45:09,,,,,,,,,,,,,,,,,,,,,,,,,,,,,,,,,False,
INE924H01018,TARMAT,TARMAT,Construction,True,ILLIQUID,Avg daily traded value ₹2.6L < ₹50.0L,0,0,,0,0,0,AVOID,,0,False,False,0%,,CAUTION,OTHER,,,,,0.0,,,,,,,,,0.0,Fresh,,,,,0.0,0,False,2026-06-05 12:45:09,,,,,,,,,,,,,,,,,,,,,,,,,,,,,,,,,False,
INE0EK901012,TARC,TARC LTD,Realty,False,,,0,0,,0,0,0,AVOID,,0,False,False,0%,,,,,,,,,,,,,,,,,,Fresh,,,,,,0,False,2026-06-05 12:45:09,,,,,,,,,,,,,,,,,,,,,,,,,,,,,,,,,False,
INE747K01017,TARAPUR,TARAPUR TRANS,Electrical Equipment,True,DISTRESS,Altman Z = -2.51 (bankruptcy zone),0,0,,0,0,0,AVOID,,0,False,False,0%,,CAUTION,OTHER,,,,,0.0,,,,,,,,,0.0,Fresh,,,,,0.0,0,False,2026-06-05 12:45:09,,,,,,,,,,,,,,,,,,,,,,,,,,,,,,,,,False,
INE0M7001010,TAPIFRUIT,TAPI FRUIT,Food Products,True,ILLIQUID,Avg daily traded value ₹0.4L < ₹50.0L,0,0,,0,0,0,AVOID,,0,False,False,0%,,CAUTION,OTHER,,,,,0.0,,,,,,,,,0.0,Fresh,,,,,0.0,0,False,2026-06-05 12:45:09,,,,,,,,,,,,,,,,,,,,,,,,,,,,,,,,,False,
INE864J01012,TAMBOLIIN,NAN,nan,True,ILLIQUID,Avg daily traded value ₹17.8L < ₹50.0L,0,0,,0,0,0,AVOID,,0,False,False,0%,,CAUTION,OTHER,,,,,0.0,,,,,,,,,0.0,Fresh,,,,,0.0,0,False,2026-06-05 12:45:09,,,,,,,,,,,,,,,,,,,,,,,,,,,,,,,,,False,
INE142I01023,TAKE,TAKE SOLUTIONS,Healthcare Services,True,DISTRESS,Altman Z = -4.57 (bankruptcy zone),0,0,,0,0,0,AVOID,,0,False,False,0%,,CAUTION,OTHER,,,,,0.0,,,,,,,,,0.0,Fresh,,,,,0.0,0,False,2026-06-05 12:45:09,,,,,,,,,,,,,,,,,,,,,,,,,,,,,,,,,False,15.0
INE123C01018,TAINWALCHM,TAINWALA CHEM.,Industrial Products,True,ILLIQUID,Avg daily traded value ₹6.2L < ₹50.0L,0,0,,0,0,0,AVOID,,0,False,False,0%,,CAUTION,OTHER,,,,,0.0,,,,,,,,,0.0,Fresh,,,,,0.0,0,False,2026-06-05 12:45:09,,,,,,,,,,,,,,,,,,,,,,,,,,,,,,,,,False,57.0
INE524T01011,TAALTECH,NAN,nan,False,LIQUIDITY,"Avg 20d vol 1,672 < 50K shares/day (micro-illiquid)",0,0,,0,0,0,AVOID,,0,False,False,0%,,CAUTION,OTHER,,,,,0.0,,,,,,,,,0.0,Fresh,,,,,0.0,0,False,2026-06-05 12:45:09,,,,,,,,,,,,,,,,,,,,,,,,,,,,,,,,,False,
INE356B01024,SYSTMTXC,SYSTEMATIX CORP.,Capital Markets,True,ILLIQUID,Avg daily traded value ₹37.7L < ₹50.0L,0,0,,0,0,0,AVOID,,0,False,False,0%,,CAUTION,FINANCIALS,,,,,0.0,,,,,,,,,0.0,Fresh,,,,,0.0,0,False,2026-06-05 12:45:09,,,,,,,,,,,,,,,,,,,,,,,,,,,,,,,,,False,36.0
INE804H01012,TFL,TRANSWAR.FIN.,Finance,True,CHRONIC_LOSSES,"NP negative 3 of 4 quarters, no turnaround signal",0,0,,0,0,0,AVOID,,0,False,False,0%,,CAUTION,FINANCIALS,,,,,0.0,,,,,,,,,0.0,Fresh,,,,,0.0,0,False,2026-06-05 12:45:09,,,,,,,,,,,,,,,,,,,,,,,,,,,,,,,,,False,
INE797H01018,TGBHOTELS,TGB BANQUETS,Leisure Services,True,DISTRESS,Altman Z = 0.47 (bankruptcy zone),0,0,,0,0,0,AVOID,,0,False,False,0%,,CAUTION,OTHER,,,,,0.0,,,,,,,,,0.0,Fresh,,,,,0.0,0,False,2026-06-05 12:45:09,,,,,,,,,,,,,,,,,,,,,,,,,,,,,,,,,False,24.0
INE440L01017,TIJARIA,TIJARIA POLYPIPE,Industrial Products,True,DISTRESS,Altman Z = -3.00 (bankruptcy zone),0,0,,0,0,0,AVOID,,0,False,False,0%,,CAUTION,OTHER,,,,,0.0,,,,,,,,,0.0,Fresh,,,,,0.0,0,False,2026-06-05 12:45:09,,,,,,,,,,,,,,,,,,,,,,,,,,,,,,,,,False,60.0
INE545H01011,TIIL,TECHNOCRAF.INDS.,Industrial Products,False,LIQUIDITY,"Avg 20d vol 16,248 < 50K shares/day (micro-illiquid)",0,0,,0,0,0,AVOID,,0,False,False,0%,,CAUTION,OTHER,,,,,0.0,,,,,,,,,0.0,Fresh,,,,,0.0,0,False,2026-06-05 12:45:09,,,,,,,,,,,,,,,,,,,,,,,,,,,,,,,,,False,
INE906O01029,TIGERLOGS,TIGER LOGISTICS,Transport Services,True,ILLIQUID,Avg daily traded value ₹39.9L < ₹50.0L,0,0,,0,0,0,AVOID,,0,False,False,0%,,CAUTION,OTHER,,,,,0.0,,,,,,,,,0.0,Fresh,,,,,0.0,0,False,2026-06-05 12:45:09,,,,,,,,,,,,,,,,,,,,,,,,,,,,,,,,,False,
INE388G01026,TICL,TWAMEV CONSTR.,Construction,True,DISTRESS,Altman Z = 0.96 (bankruptcy zone),0,0,,0,0,0,AVOID,,0,False,False,0%,,CAUTION,OTHER,,,,,0.0,,,,,,,,,0.0,Fresh,,,,,0.0,0,False,2026-06-05 12:45:09,,,,,,,,,,,,,,,,,,,,,,,,,,,,,,,,,False,
INE806C01018,TIL,TIL,"Agricultural, Commercial & Construction Vehicles",True,CHRONIC_LOSSES,"NP negative 3 of 4 quarters, no turnaround signal",0,0,,0,0,0,AVOID,,0,False,False,0%,,CAUTION,OTHER,,,,,0.0,,,,,,,,,0.0,Fresh,,,,,0.0,0,False,2026-06-05 12:45:09,,,,,,,,,,,,,,,,,,,,,,,,,,,,,,,,,False,
INE083B01024,THEMISMED,THEMIS MEDICARE,Pharmaceuticals & Biotechnology,False,,,0,0,,0,0,0,AVOID,,0,False,False,0%,,,,,,,,,,,,,,,,,,Fresh,,,,,,0,False,2026-06-05 12:45:09,,,,,,,,,,,,,,,,,,,,,,,,,,,,,,,,,False,
INE121N01019,THEJO,THEJO ENGG.,Industrial Manufacturing,False,LIQUIDITY,"Avg 20d vol 4,685 < 50K shares/day (micro-illiquid)",0,0,,0,0,0,AVOID,,0,False,False,0%,,CAUTION,OTHER,,,,,0.0,,,,,,,,,0.0,Fresh,,,,,0.0,0,False,2026-06-05 12:45:09,,,,,,,,,,,,,,,,,,,,,,,,,,,,,,,,,False,
INE924D01017,THEINVEST,THE INVEST.TRUST,Finance,True,ILLIQUID,Avg daily traded value ₹20.4L < ₹50.0L,0,0,,0,0,0,AVOID,,0,False,False,0%,,CAUTION,FINANCIALS,,,,,0.0,,,,,,,,,0.0,Fresh,,,,,0.0,0,False,2026-06-05 12:45:09,,,,,,,,,,,,,,,,,,,,,,,,,,,,,,,,,False,
INE403F01017,THAKDEV,NAN,nan,True,ILLIQUID,Avg daily traded value ₹0.3L < ₹50.0L,0,0,,0,0,0,AVOID,,0,False,False,0%,,CAUTION,OTHER,,,,,0.0,,,,,,,,,0.0,Fresh,,,,,0.0,0,False,2026-06-05 12:45:09,,,,,,,,,,,,,,,,,,,,,,,,,,,,,,,,,False,
INE077P01034,THACKER,NAN,nan,True,ILLIQUID,Avg daily traded value ₹11.2L < ₹50.0L,0,0,,0,0,0,AVOID,,0,False,False,0%,,CAUTION,OTHER,,,,,0.0,,,,,,,,,0.0,Fresh,,,,,0.0,0,False,2026-06-05 12:45:09,,,,,,,,,,,,,,,,,,,,,,,,,,,,,,,,,False,
INE0IJY01014,TIMESCAN,TIMESCAN LOGIST.,Transport Services,True,ILLIQUID,Avg daily traded value ₹1.5L < ₹50.0L,0,0,,0,0,0,AVOID,,0,False,False,0%,,CAUTION,OTHER,,,,,0.0,,,,,,,,,0.0,Fresh,,,,,0.0,0,False,2026-06-05 12:45:09,,,,,,,,,,,,,,,,,,,,,,,,,,,,,,,,,False,
INE338A01024,TIRUMALCHM,THIRUMALAI CHEM.,Chemicals & Petrochemicals,True,CHRONIC_LOSSES,"NP negative 3 of 4 quarters, no turnaround signal",0,0,,0,0,0,AVOID,,0,False,False,0%,,CAUTION,OTHER,,,,,0.0,,,,,,,,,0.0,Fresh,,,,,0.0,0,False,2026-06-05 12:45:09,,,,,,,,,,,,,,,,,,,,,,,,,,,,,,,,,False,53.0
INE0LQS01015,TIPSFILMS,TIPS FILMS,Entertainment,True,DISTRESS,Altman Z = 0.07 (bankruptcy zone),0,0,,0,0,0,AVOID,,0,False,False,0%,,CAUTION,OTHER,,,,,0.0,,,,,,,,,0.0,Fresh,,,,,0.0,0,False,2026-06-05 12:45:09,,,,,,,,,,,,,,,,,,,,,,,,,,,,,,,,,False,32.0
INE277A01016,SWARAJENG,SWARAJ ENGINES,Industrial Products,False,LIQUIDITY,"Avg 20d vol 9,203 < 50K shares/day (micro-illiquid)",0,0,,0,0,0,AVOID,,0,False,False,0%,,CAUTION,OTHER,,,,,0.0,,,,,,,,,0.0,Fresh,,,,,0.0,0,False,2026-06-05 12:45:09,,,,,,,,,,,,,,,,,,,,,,,,,,,,,,,,,False,
INE399C01030,SUPRAJIT,SUPRAJIT ENGG.,Auto Components,False,,,0,0,,0,0,0,AVOID,,0,False,False,0%,,,,,,,,,,,,,,,,,,Fresh,,,,,,0,False,2026-06-05 12:45:09,,,,,,,,,,,,,,,,,,,,,,,,,,,,,,,,,False,10.0
INE662A01027,SUPERSPIN,SUPER SPINNING,Textiles & Apparels,True,DISTRESS,Altman Z = -0.41 (bankruptcy zone),0,0,,0,0,0,AVOID,,0,False,False,0%,,CAUTION,OTHER,,,,,0.0,,,,,,,,,0.0,Fresh,,,,,0.0,0,False,2026-06-05 12:45:09,,,,,,,,,,,,,,,,,,,,,,,,,,,,,,,,,False,18.0
INE712B01010,SUPERHOUSE,SUPERHOUSE LTD,Consumer Durables,True,ILLIQUID,Avg daily traded value ₹6.0L < ₹50.0L,0,0,,0,0,0,AVOID,,0,False,False,0%,,CAUTION,CONSUMPTION,,,,,0.0,,,,,,,,,0.0,Fresh,,,,,0.0,0,False,2026-06-05 12:45:09,,,,,,,,,,,,,,,,,,,,,,,,,,,,,,,,,False,
INE0PLZ01012,SUNREST,SUNREST LIFESCIE,Pharmaceuticals & Biotechnology,True,ILLIQUID,Avg daily traded value ₹0.8L < ₹50.0L,0,0,,0,0,0,AVOID,,0,False,False,0%,,CAUTION,OTHER,,,,,0.0,,,,,,,,,0.0,Fresh,,,,,0.0,0,False,2026-06-05 12:45:09,,,,,,,,,,,,,,,,,,,,,,,,,,,,,,,,,False,
INE947A01014,SUNFLAG,SUNFLAG IRON,Industrial Products,False,,,0,0,,0,0,0,AVOID,,0,False,False,0%,,,,,,,,,,,,,,,,,,Fresh,,,,,,0,False,2026-06-05 12:45:09,,,,,,,,,,,,,,,,,,,,,,,,,,,,,,,,,False,
INE209A01019,SUNDROP,SUNDROP BRANDS,Agricultural Food & other Products,False,LIQUIDITY,"Avg 20d vol 12,995 < 50K shares/day (micro-illiquid)",0,0,,0,0,0,AVOID,,0,False,False,0%,,CAUTION,OTHER,,,,,0.0,,,,,,,,,0.0,Fresh,,,,,0.0,0,False,2026-06-05 12:45:09,,,,,,,,,,,,,,,,,,,,,,,,,,,,,,,,,False,
INE073D01013,SUNDRMBRAK,SUNDARAM BRAKE,Auto Components,True,CHRONIC_LOSSES,"NP negative 3 of 4 quarters, no turnaround signal",0,0,,0,0,0,AVOID,,0,False,False,0%,,CAUTION,OTHER,,,,,0.0,,,,,,,,,0.0,Fresh,,,,,0.0,0,False,2026-06-05 12:45:09,,,,,,,,,,,,,,,,,,,,,,,,,,,,,,,,,False,
INE108E01023,SUNDARAM,SUNDARAM MULTI.,Household Products,True,ILLIQUID,Avg daily traded value ₹6.2L < ₹50.0L,0,0,,0,0,0,AVOID,,0,False,False,0%,,CAUTION,OTHER,,,,,0.0,,,,,,,,,0.0,Fresh,,,,,0.0,0,False,2026-06-05 12:45:09,,,,,,,,,,,,,,,,,,,,,,,,,,,,,,,,,False,
INE822E01011,SUPREME,SUPREME HOLDINGS,Realty,False,,,0,0,,0,0,0,AVOID,,0,False,False,0%,,,,,,,,,,,,,,,,,,Fresh,,,,,,0,False,2026-06-05 12:45:09,,,,,,,,,,,,,,,,,,,,,,,,,,,,,,,,,False,
INE319Z01021,SUPREMEENG,SUPREME ENGG.,Industrial Products,True,DISTRESS,Altman Z = -9.61 (bankruptcy zone),0,0,,0,0,0,AVOID,,0,False,False,0%,,CAUTION,OTHER,,,,,0.0,,,,,,,,,0.0,Fresh,,,,,0.0,0,False,2026-06-05 12:45:09,,,,,,,,,,,,,,,,,,,,,,,,,,,,,,,,,False,
INE550H01011,SUPREMEINF,SUPREME INFRA.,Construction,True,DISTRESS,Altman Z = -7.13 (bankruptcy zone),0,0,,0,0,0,AVOID,,0,False,False,0%,,CAUTION,OTHER,,,,,0.0,,,,,,,,,0.0,Fresh,,,,,0.0,0,False,2026-06-05 12:45:09,,,,,,,,,,,,,,,,,,,,,,,,,,,,,,,,,False,
INE308E01029,SVPGLOB,SVP GLOBAL,Textiles & Apparels,True,DISTRESS,Altman Z = -2.02 (bankruptcy zone),0,0,,0,0,0,AVOID,,0,False,False,0%,,CAUTION,OTHER,,,,,0.0,,,,,,,,,0.0,Fresh,,,,,0.0,0,False,2026-06-05 12:45:09,,,,,,,,,,,,,,,,,,,,,,,,,,,,,,,,,False,
INE00CE01017,SVLL,SHREE VASU LOGIS,Transport Services,True,EXTREME_LEVERAGE,D/E = 5.7 (extreme leverage),0,0,,0,0,0,AVOID,,0,False,False,0%,,CAUTION,OTHER,,,,,0.0,,,,,,,,,0.0,Fresh,,,,,0.0,0,False,2026-06-05 12:45:09,,,,,,,,,,,,,,,,,,,,,,,,,,,,,,,,,False,
INE442P01014,SUYOG,SUYOG TELEMATICS,Telecom - Services,False,LIQUIDITY,"Avg 20d vol 25,454 < 50K shares/day (micro-illiquid)",0,0,,0,0,0,AVOID,,0,False,False,0%,,CAUTION,OTHER,,,,,0.0,,,,,,,,,0.0,Fresh,,,,,0.0,0,False,2026-06-05 12:45:09,,,,,,,,,,,,,,,,,,,,,,,,,,,,,,,,,False,
INE018401013,SUVIDHAA,SUVIDHAA INFO.,Financial Technology (Fintech),True,CHRONIC_LOSSES,"NP negative 3 of 4 quarters, no turnaround signal",0,0,,0,0,0,AVOID,,0,False,False,0%,,CAUTION,FINANCIALS,,,,,0.0,,,,,,,,,0.0,Fresh,,,,,0.0,0,False,2026-06-05 12:45:09,,,,,,,,,,,,,,,,,,,,,,,,,,,,,,,,,False,
INE495B01038,SUVEN,SUVEN LIFE SCIE.,Healthcare Services,True,CHRONIC_LOSSES,"NP negative 3 of 4 quarters, no turnaround signal",0,0,,0,0,0,AVOID,,0,False,False,0%,,CAUTION,OTHER,,,,,0.0,,,,,,,,,0.0,Fresh,,,,,0.0,0,False,2026-06-05 12:45:09,,,,,,,,,,,,,,,,,,,,,,,,,,,,,,,,,False,
INE645H01027,SUTLEJTEX,SUTLEJ TEXTILES,Textiles & Apparels,True,ILLIQUID,Avg daily traded value ₹15.4L < ₹50.0L,0,0,,0,0,0,AVOID,,0,False,False,0%,,CAUTION,OTHER,,,,,0.0,,,,,,,,,0.0,Fresh,,,,,0.0,0,False,2026-06-05 12:45:09,,,,,,,,,,,,,,,,,,,,,,,,,,,,,,,,,False,
INE542F01020,SWANDEF,SWAN DEFENCE,Industrial Manufacturing,True,EXTREME_LEVERAGE,D/E = 10.7 (extreme leverage),0,0,,0,0,0,AVOID,,0,False,False,0%,,CAUTION,OTHER,,,,,0.0,,,,,,,,,0.0,Fresh,,,,,0.0,0,False,2026-06-05 12:45:09,,,,,,,,,,,,,,,,,,,,,,,,,,,,,,,,,False,59.0
INE132C01027,SURYALA,NAN,nan,True,ILLIQUID,Avg daily traded value ₹24.9L < ₹50.0L,0,0,,0,0,0,AVOID,,0,False,False,0%,,CAUTION,OTHER,,,,,0.0,,,,,,,,,0.0,Fresh,,,,,0.0,0,False,2026-06-05 12:45:09,,,,,,,,,,,,,,,,,,,,,,,,,,,,,,,,,False,36.0
INE01ZJ01015,SURANI,SURANI STEEL TUB,Industrial Products,True,ILLIQUID,Avg daily traded value ₹6.6L < ₹50.0L,0,0,,0,0,0,AVOID,,0,False,False,0%,,CAUTION,OTHER,,,,,0.0,,,,,,,,,0.0,Fresh,,,,,0.0,0,False,2026-06-05 12:45:09,,,,,,,,,,,,,,,,,,,,,,,,,,,,,,,,,False,
INE130B01031,SURANAT&P,SURANA TELECOM,Power,True,ILLIQUID,Avg daily traded value ₹11.7L < ₹50.0L,0,0,,0,0,0,AVOID,,0,False,False,0%,,CAUTION,OTHER,,,,,0.0,,,,,,,,,0.0,Fresh,,,,,0.0,0,False,2026-06-05 12:45:09,,,,,,,,,,,,,,,,,,,,,,,,,,,,,,,,,False,
INE272L01022,SURANASOL,SURANA SOLAR,Electrical Equipment,True,ILLIQUID,Avg daily traded value ₹19.4L < ₹50.0L,0,0,,0,0,0,AVOID,,0,False,False,0%,,CAUTION,OTHER,,,,,0.0,,,,,,,,,0.0,Fresh,,,,,0.0,0,False,2026-06-05 12:45:09,,,,,,,,,,,,,,,,,,,,,,,,,,,,,,,,,False,41.0
INE713C01016,SURAJLTD,SURAJ,Industrial Products,True,ILLIQUID,Avg daily traded value ₹2.7L < ₹50.0L,0,0,,0,0,0,AVOID,,0,False,False,0%,,CAUTION,OTHER,,,,,0.0,,,,,,,,,0.0,Fresh,,,,,0.0,0,False,2026-06-05 12:45:09,,,,,,,,,,,,,,,,,,,,,,,,,,,,,,,,,False,
INE713B01026,SURYALAXMI,SURYALAK. COTT.,Textiles & Apparels,True,ILLIQUID,Avg daily traded value ₹2.1L < ₹50.0L,0,0,,0,0,0,AVOID,,0,False,False,0%,,CAUTION,OTHER,,,,,0.0,,,,,,,,,0.0,Fresh,,,,,0.0,0,False,2026-06-05 12:45:09,,,,,,,,,,,,,,,,,,,,,,,,,,,,,,,,,False,
INE0OLS01010,VINYAS,VINYAS INNOVATIV,Industrial Manufacturing,False,LIQUIDITY,"Avg 20d vol 7,075 < 50K shares/day (micro-illiquid)",0,0,,0,0,0,AVOID,,0,False,False,0%,,CAUTION,OTHER,,,,,0.0,,,,,,,,,0.0,Fresh,,,,,0.0,0,False,2026-06-05 12:45:09,,,,,,,,,,,,,,,,,,,,,,,,,,,,,,,,,False,
INE0OSJ01014,VINSYS,VINSYS IT SERV.,Other Consumer Services,False,LIQUIDITY,"Avg 20d vol 15,100 < 50K shares/day (micro-illiquid)",0,0,,0,0,0,AVOID,,0,False,False,0%,,CAUTION,OTHER,,,,,0.0,,,,,,,,,0.0,Fresh,,,,,0.0,0,False,2026-06-05 12:45:09,,,,,,,,,,,,,,,,,,,,,,,,,,,,,,,,,False,
INE01KI01027,VINNY,VINNY OVERSEAS,Textiles & Apparels,True,ILLIQUID,Avg daily traded value ₹4.7L < ₹50.0L,0,0,,0,0,0,AVOID,,0,False,False,0%,,CAUTION,OTHER,,,,,0.0,,,,,,,,,0.0,Fresh,,,,,0.0,0,False,2026-06-05 12:45:09,,,,,,,,,,,,,,,,,,,,,,,,,,,,,,,,,False,36.0
INE505Y01010,VINEETLAB,VINEET LABORATOR,Pharmaceuticals & Biotechnology,True,DISTRESS,Altman Z = 0.45 (bankruptcy zone),0,0,,0,0,0,AVOID,,0,False,False,0%,,CAUTION,OTHER,,,,,0.0,,,,,,,,,0.0,Fresh,,,,,0.0,0,False,2026-06-05 12:45:09,,,,,,,,,,,,,,,,,,,,,,,,,,,,,,,,,False,
INE054A01027,VIPIND,V I P INDS.,Consumer Durables,True,CHRONIC_LOSSES,"NP negative 3 of 4 quarters, no turnaround signal",0,0,,0,0,0,AVOID,,0,False,False,0%,,CAUTION,CONSUMPTION,,,,,0.0,,,,,,,,,0.0,Fresh,,,,,0.0,0,False,2026-06-05 12:45:09,,,,,,,,,,,,,,,,,,,,,,,,,,,,,,,,,False,
INE946H01037,VIPULLTD,VIPUL LTD,Realty,True,DISTRESS,Altman Z = 0.39 (bankruptcy zone),0,0,,0,0,0,AVOID,,0,False,False,0%,,CAUTION,OTHER,,,,,0.0,,,,,,,,,0.0,Fresh,,,,,0.0,0,False,2026-06-05 12:45:09,,,,,,,,,,,,,,,,,,,,,,,,,,,,,,,,,False,
INE539B01017,VIRINCHI,VIRINCHI,IT - Software,True,ILLIQUID,Avg daily traded value ₹13.6L < ₹50.0L,0,0,,0,0,0,AVOID,,0,False,False,0%,,CAUTION,OTHER,,,,,0.0,,,,,,,,,0.0,Fresh,,,,,0.0,0,False,2026-06-05 12:45:09,,,,,,,,,,,,,,,,,,,,,,,,,,,,,,,,,False,
INE392A01021,VISAKAIND,VISAKA INDUSTRIE,Cement & Cement Products,False,,,0,0,,0,0,0,AVOID,,0,False,False,0%,,,,,,,,,,,,,,,,,,Fresh,,,,,,0,False,2026-06-05 12:45:09,,,,,,,,,,,,,,,,,,,,,,,,,,,,,,,,,False,17.0
INE0BHK01012,VISAMAN,VISAMAN GLOBAL,Industrial Products,True,ILLIQUID,Avg daily traded value ₹0.1L < ₹50.0L,0,0,,0,0,0,AVOID,,0,False,False,0%,,CAUTION,OTHER,,,,,0.0,,,,,,,,,0.0,Fresh,,,,,0.0,0,False,2026-06-05 12:45:09,,,,,,,,,,,,,,,,,,,,,,,,,,,,,,,,,False,
INE08S201019,YCCL,YASONS CHEMEX,Chemicals & Petrochemicals,True,ILLIQUID,Avg daily traded value ₹0.2L < ₹50.0L,0,0,,0,0,0,AVOID,,0,False,False,0%,,CAUTION,OTHER,,,,,0.0,,,,,,,,,0.0,Fresh,,,,,0.0,0,False,2026-06-05 12:45:09,,,,,,,,,,,,,,,,,,,,,,,,,,,,,,,,,False,
INE0TO601017,YASHOPTICS,YASH OPTICS,Consumer Durables,True,ILLIQUID,Avg daily traded value ₹20.4L < ₹50.0L,0,0,,0,0,0,AVOID,,0,False,False,0%,,CAUTION,CONSUMPTION,,,,,0.0,,,,,,,,,0.0,Fresh,,,,,0.0,0,False,2026-06-05 12:45:09,,,,,,,,,,,,,,,,,,,,,,,,,,,,,,,,,False,
INE547B01028,XTGLOBAL,XT GLOBAL INFOT.,IT - Software,True,ILLIQUID,Avg daily traded value ₹14.2L < ₹50.0L,0,0,,0,0,0,AVOID,,0,False,False,0%,,CAUTION,OTHER,,,,,0.0,,,,,,,,,0.0,Fresh,,,,,0.0,0,False,2026-06-05 12:45:09,,,,,,,,,,,,,,,,,,,,,,,,,,,,,,,,,False,
INE445C01015,XPROINDIA,XPRO INDIA,Industrial Products,False,LIQUIDITY,"Avg 20d vol 36,264 < 50K shares/day (micro-illiquid)",0,0,,0,0,0,AVOID,,0,False,False,0%,,CAUTION,OTHER,,,,,0.0,,,,,,,,,0.0,Fresh,,,,,0.0,0,False,2026-06-05 12:45:09,,,,,,,,,,,,,,,,,,,,,,,,,,,,,,,,,False,15.0
INE01P501012,XELPMOC,XELPMOC DESIGN,IT - Software,True,CHRONIC_LOSSES,"NP negative 3 of 4 quarters, no turnaround signal",0,0,,0,0,0,AVOID,,0,False,False,0%,,CAUTION,OTHER,,,,,0.0,,,,,,,,,0.0,Fresh,,,,,0.0,0,False,2026-06-05 12:45:09,,,,,,,,,,,,,,,,,,,,,,,,,,,,,,,,,False,
INE623Y01011,WTICAB,WISE TRAVEL,Transport Services,True,ILLIQUID,Avg daily traded value ₹17.0L < ₹50.0L,0,0,,0,0,0,AVOID,,0,False,False,0%,,CAUTION,OTHER,,,,,0.0,,,,,,,,,0.0,Fresh,,,,,0.0,0,False,2026-06-05 12:45:09,,,,,,,,,,,,,,,,,,,,,,,,,,,,,,,,,False,
INE100D01014,WSI,W S INDS.,Construction,True,DISTRESS,Altman Z = 0.65 (bankruptcy zone),0,0,,0,0,0,AVOID,,0,False,False,0%,,CAUTION,OTHER,,,,,0.0,,,,,,,,,0.0,Fresh,,,,,0.0,0,False,2026-06-05 12:45:09,,,,,,,,,,,,,,,,,,,,,,,,,,,,,,,,,False,
INE196Y01018,WORTHPERI,WORTH PERIPHERAL,Industrial Products,True,ILLIQUID,Avg daily traded value ₹11.1L < ₹50.0L,0,0,,0,0,0,AVOID,,0,False,False,0%,,CAUTION,OTHER,,,,,0.0,,,,,,,,,0.0,Fresh,,,,,0.0,0,False,2026-06-05 12:45:09,,,,,,,,,,,,,,,,,,,,,,,,,,,,,,,,,False,
INE09FA01019,YUDIZ,YUDIZ SOLUTIONS,IT - Software,True,ILLIQUID,Avg daily traded value ₹0.9L < ₹50.0L,0,0,,0,0,0,AVOID,,0,False,False,0%,,CAUTION,OTHER,,,,,0.0,,,,,,,,,0.0,Fresh,,,,,0.0,0,False,2026-06-05 12:45:09,,,,,,,,,,,,,,,,,,,,,,,,,,,,,,,,,False,
INE384C01016,YUKEN,YUKEN INDIA,Industrial Products,False,LIQUIDITY,"Avg 20d vol 9,141 < 50K shares/day (micro-illiquid)",0,0,,0,0,0,AVOID,,0,False,False,0%,,CAUTION,OTHER,,,,,0.0,,,,,,,,,0.0,Fresh,,,,,0.0,0,False,2026-06-05 12:45:09,,,,,,,,,,,,,,,,,,,,,,,,,,,,,,,,,False,
INE0PPS01018,ZEAL,ZEAL GLOBAL SERV,Transport Services,True,ILLIQUID,Avg daily traded value ₹1.2L < ₹50.0L,0,0,,0,0,0,AVOID,,0,False,False,0%,,CAUTION,OTHER,,,,,0.0,,,,,,,,,0.0,Fresh,,,,,0.0,0,False,2026-06-05 12:45:10,,,,,,,,,,,,,,,,,,,,,,,,,,,,,,,,,False,
INE217A01012,ZUARIIND,ZUARI INDUSTRIES,Agricultural Food & other Products,True,DISTRESS,Altman Z = 0.47 (bankruptcy zone),0,0,,0,0,0,AVOID,,0,False,False,0%,,CAUTION,OTHER,,,,,0.0,,,,,,,,,0.0,Fresh,,,,,0.0,0,False,2026-06-05 12:45:10,,,,,,,,,,,,,,,,,,,,,,,,,,,,,,,,,False,
INE967G01019,ZSARACOM,NAN,nan,True,ILLIQUID,Avg daily traded value ₹2.1L < ₹50.0L,0,0,,0,0,0,AVOID,,0,False,False,0%,,CAUTION,OTHER,,,,,0.0,,,,,,,,,0.0,Fresh,,,,,0.0,0,False,2026-06-05 12:45:10,,,,,,,,,,,,,,,,,,,,,,,,,,,,,,,,,False,
INE358U01012,ZOTA,ZOTA HEALTH CARE,Pharmaceuticals & Biotechnology,True,CHRONIC_LOSSES,"NP negative 3 of 4 quarters, no turnaround signal",0,0,,0,0,0,AVOID,,0,False,False,0%,,CAUTION,OTHER,,,,,0.0,,,,,,,,,0.0,Fresh,,,,,0.0,0,False,2026-06-05 12:45:10,,,,,,,,,,,,,,,,,,,,,,,,,,,,,,,,,False,
INE206B01013,ZODIACLOTH,ZODIAC CLOTH. CO,Textiles & Apparels,True,CHRONIC_LOSSES,"NP negative 3 of 4 quarters, no turnaround signal",0,0,,0,0,0,AVOID,,0,False,False,0%,,CAUTION,OTHER,,,,,0.0,,,,,,,,,0.0,Fresh,,,,,0.0,0,False,2026-06-05 12:45:10,,,,,,,,,,,,,,,,,,,,,,,,,,,,,,,,,False,
INE761Y01019,ZODIAC,ZODIAC ENERGY,Construction,True,ILLIQUID,Avg daily traded value ₹32.2L < ₹50.0L,0,0,,0,0,0,AVOID,,0,False,False,0%,,CAUTION,OTHER,,,,,0.0,,,,,,,,,0.0,Fresh,,,,,0.0,0,False,2026-06-05 12:45:10,,,,,,,,,,,,,,,,,,,,,,,,,,,,,,,,,False,
INE518E01015,ZIMLAB,ZIM LABORATORIES,Pharmaceuticals & Biotechnology,False,,,0,0,,0,0,0,AVOID,,0,False,False,0%,,,,,,,,,,,,,,,,,,Fresh,,,,,,0,False,2026-06-05 12:45:10,,,,,,,,,,,,,,,,,,,,,,,,,,,,,,,,,False,
INE116C01012,ZFSTEERING,NAN,nan,True,ILLIQUID,Avg daily traded value ₹19.1L < ₹50.0L,0,0,,0,0,0,AVOID,,0,False,False,0%,,CAUTION,OTHER,,,,,0.0,,,,,,,,,0.0,Fresh,,,,,0.0,0,False,2026-06-05 12:45:10,,,,,,,,,,,,,,,,,,,,,,,,,,,,,,,,,False,24.0
INE318D01020,ZENITHSTL,ZENITH STEEL,Industrial Products,True,DISTRESS,Altman Z = -6.29 (bankruptcy zone),0,0,,0,0,0,AVOID,,0,False,False,0%,,CAUTION,OTHER,,,,,0.0,,,,,,,,,0.0,Fresh,,,,,0.0,0,False,2026-06-05 12:45:10,,,,,,,,,,,,,,,,,,,,,,,,,,,,,,,,,False,
INE058B01018,ZENITHEXPO,ZENITH EXPORTS,Consumer Durables,True,ILLIQUID,Avg daily traded value ₹0.8L < ₹50.0L,0,0,,0,0,0,AVOID,,0,False,False,0%,,CAUTION,CONSUMPTION,,,,,0.0,,,,,,,,,0.0,Fresh,,,,,0.0,0,False,2026-06-05 12:45:10,,,,,,,,,,,,,,,,,,,,,,,,,,,,,,,,,False,
INE0QWN01013,ZENITHDRUG,ZENITH DRUGS,Pharmaceuticals & Biotechnology,True,ILLIQUID,Avg daily traded value ₹6.3L < ₹50.0L,0,0,,0,0,0,AVOID,,0,False,False,0%,,CAUTION,OTHER,,,,,0.0,,,,,,,,,0.0,Fresh,,,,,0.0,0,False,2026-06-05 12:45:10,,,,,,,,,,,,,,,,,,,,,,,,,,,,,,,,,False,
INE966H01019,ZEEMEDIA,ZEE MEDIA,Entertainment,True,DISTRESS,Altman Z = -0.25 (bankruptcy zone),0,0,,0,0,0,AVOID,,0,False,False,0%,,CAUTION,OTHER,,,,,0.0,,,,,,,,,0.0,Fresh,,,,,0.0,0,False,2026-06-05 12:45:10,,,,,,,,,,,,,,,,,,,,,,,,,,,,,,,,,False,
INE565L01011,ZEELEARN,ZEE LEARN,Other Consumer Services,True,DISTRESS,Altman Z = 0.30 (bankruptcy zone),0,0,,0,0,0,AVOID,,0,False,False,0%,,CAUTION,OTHER,,,,,0.0,,,,,,,,,0.0,Fresh,,,,,0.0,0,False,2026-06-05 12:45:10,,,,,,,,,,,,,,,,,,,,,,,,,,,,,,,,,False,
INE256A01028,ZEEL,ZEE ENTERTAINMEN,Entertainment,False,,,0,0,,0,0,0,AVOID,,0,False,False,0%,,,,,,,,,,,,,,,,,,Fresh,,,,,,0,False,2026-06-05 12:45:10,,,,,,,,,,,,,,,,,,,,,,,,,,,,,,,,,False,16.0
INE342J01019,ZFCVINDIA,ZF COMMERCIAL,Auto Components,False,LIQUIDITY,"Avg 20d vol 17,650 < 50K shares/day (micro-illiquid)",0,0,,0,0,0,AVOID,,0,False,False,0%,,CAUTION,OTHER,,,,,0.0,,,,,,,,,0.0,Fresh,,,,,0.0,0,False,2026-06-05 12:45:10,,,,,,,,,,,,,,,,,,,,,,,,,,,,,,,,,False,
INE0Q9601016,WOMANCART,WOMANCART,Retailing,True,ILLIQUID,Avg daily traded value ₹23.8L < ₹50.0L,0,0,,0,0,0,AVOID,,0,False,False,0%,,CAUTION,OTHER,,,,,0.0,,,,,,,,,0.0,Fresh,,,,,0.0,0,False,2026-06-05 12:45:10,,,,,,,,,,,,,,,,,,,,,,,,,,,,,,,,,False,
INE049B01025,WOCKPHARMA,WOCKHARDT,Pharmaceuticals & Biotechnology,False,,,0,0,,0,0,0,AVOID,,0,False,False,0%,,,,,,,,,,,,,,,,,,Fresh,,,,,,0,False,2026-06-05 12:45:10,,,,,,,,,,,,,,,,,,,,,,,,,,,,,,,,,False,32.0
INE658T01017,WEALTH,WEALTH FIRST POR,Finance,False,LIQUIDITY,"Avg 20d vol 6,225 < 50K shares/day (micro-illiquid)",0,0,,0,0,0,AVOID,,0,False,False,0%,,CAUTION,FINANCIALS,,,,,0.0,,,,,,,,,0.0,Fresh,,,,,0.0,0,False,2026-06-05 12:45:10,,,,,,,,,,,,,,,,,,,,,,,,,,,,,,,,,False,
INE080A01014,WEIZMANIND,WEIZMANN,Textiles & Apparels,True,ILLIQUID,Avg daily traded value ₹1.3L < ₹50.0L,0,0,,0,0,0,AVOID,,0,False,False,0%,,CAUTION,OTHER,,,,,0.0,,,,,,,,,0.0,Fresh,,,,,0.0,0,False,2026-06-05 12:45:10,,,,,,,,,,,,,,,,,,,,,,,,,,,,,,,,,False,
INE389K01018,WELINV,WELSPUN INVESTME,Finance,True,ILLIQUID,Avg daily traded value ₹13.1L < ₹50.0L,0,0,,0,0,0,AVOID,,0,False,False,0%,,CAUTION,FINANCIALS,,,,,0.0,,,,,,,,,0.0,Fresh,,,,,0.0,0,False,2026-06-05 12:45:10,,,,,,,,,,,,,,,,,,,,,,,,,,,,,,,,,False,
INE215F01023,WIPL,W I PLYWOODS,Consumer Durables,True,ILLIQUID,Avg daily traded value ₹2.7L < ₹50.0L,0,0,,0,0,0,AVOID,,0,False,False,0%,,CAUTION,CONSUMPTION,,,,,0.0,,,,,,,,,0.0,Fresh,,,,,0.0,0,False,2026-06-05 12:45:10,,,,,,,,,,,,,,,,,,,,,,,,,,,,,,,,,False,
INE784B01035,WINSOME,WINSOME YARNS,Textiles & Apparels,True,DISTRESS,Altman Z = -7.52 (bankruptcy zone),0,0,,0,0,0,AVOID,,0,False,False,0%,,CAUTION,OTHER,,,,,0.0,,,,,,,,,0.0,Fresh,,,,,0.0,0,False,2026-06-05 12:45:10,,,,,,,,,,,,,,,,,,,,,,,,,,,,,,,,,False,
INE0S3D01016,WINSOL,WINSOL ENGINEERS,Construction,True,ILLIQUID,Avg daily traded value ₹9.6L < ₹50.0L,0,0,,0,0,0,AVOID,,0,False,False,0%,,CAUTION,OTHER,,,,,0.0,,,,,,,,,0.0,Fresh,,,,,0.0,0,False,2026-06-05 12:45:10,,,,,,,,,,,,,,,,,,,,,,,,,,,,,,,,,False,
INE0S9101013,WINNY,WINNY IMMIGRATIO,Leisure Services,True,ILLIQUID,Avg daily traded value ₹0.5L < ₹50.0L,0,0,,0,0,0,AVOID,,0,False,False,0%,,CAUTION,OTHER,,,,,0.0,,,,,,,,,0.0,Fresh,,,,,0.0,0,False,2026-06-05 12:45:10,,,,,,,,,,,,,,,,,,,,,,,,,,,,,,,,,False,
INE015B01018,WIMPLAST,NAN,nan,True,ILLIQUID,Avg daily traded value ₹31.3L < ₹50.0L,0,0,,0,0,0,AVOID,,0,False,False,0%,,CAUTION,OTHER,,,,,0.0,,,,,,,,,0.0,Fresh,,,,,0.0,0,False,2026-06-05 12:45:10,,,,,,,,,,,,,,,,,,,,,,,,,,,,,,,,,False,
INE210A01017,WILLAMAGOR,WILLIAMSON MAGOR,Finance,True,ILLIQUID,Avg daily traded value ₹1.7L < ₹50.0L,0,0,,0,0,0,AVOID,,0,False,False,0%,,CAUTION,FINANCIALS,,,,,0.0,,,,,,,,,0.0,Fresh,,,,,0.0,0,False,2026-06-05 12:45:10,,,,,,,,,,,,,,,,,,,,,,,,,,,,,,,,,False,
INE716A01013,WHIRLPOOL,WHIRLPOOL INDIA,Consumer Durables,False,,,0,0,,0,0,0,AVOID,,0,False,False,0%,,,,,,,,,,,,,,,,,,Fresh,,,,,,0,False,2026-06-05 12:45:10,,,,,,,,,,,,,,,,,,,,,,,,,,,,,,,,,False,
INE085001019,WEWORK,WEWORK INDIA,Commercial Services & Supplies,True,EXTREME_LEVERAGE,D/E = 23.8 (extreme leverage),0,0,,0,0,0,AVOID,,0,False,False,0%,,CAUTION,OTHER,,,,,0.0,,,,,,,,,0.0,Fresh,,,,,0.0,0,False,2026-06-05 12:45:10,,,,,,,,,,,,,,,,,,,,,,,,,,,,,,,,,False,
INE082W01014,WEWIN,WE WIN LTD,Commercial Services & Supplies,True,ILLIQUID,Avg daily traded value ₹7.5L < ₹50.0L,0,0,,0,0,0,AVOID,,0,False,False,0%,,CAUTION,OTHER,,,,,0.0,,,,,,,,,0.0,Fresh,,,,,0.0,0,False,2026-06-05 12:45:10,,,,,,,,,,,,,,,,,,,,,,,,,,,,,,,,,False,
INE274C01019,WENDT,WENDT INDIA,Industrial Products,False,LIQUIDITY,"Avg 20d vol 4,390 < 50K shares/day (micro-illiquid)",0,0,,0,0,0,AVOID,,0,False,False,0%,,CAUTION,OTHER,,,,,0.0,,,,,,,,,0.0,Fresh,,,,,0.0,0,False,2026-06-05 12:45:10,,,,,,,,,,,,,,,,,,,,,,,,,,,,,,,,,False,41.0
INE107F01022,WANBURY,WANBURY,Pharmaceuticals & Biotechnology,False,,,0,0,,0,0,0,AVOID,,0,False,False,0%,,,,,,,,,,,,,,,,,,Fresh,,,,,,0,False,2026-06-05 12:45:10,,,,,,,,,,,,,,,,,,,,,,,,,,,,,,,,,False,
INE711A01022,WALCHANNAG,WALCHAN. INDS.,Industrial Manufacturing,False,,,0,0,,0,0,0,AVOID,,0,False,False,0%,,,,,,,,,,,,,,,,,,Fresh,,,,,,0,False,2026-06-05 12:45:10,,,,,,,,,,,,,,,,,,,,,,,,,,,,,,,,,False,15.0
INE709A01018,VLSFINANCE,VLS FINANCE,Finance,True,ILLIQUID,Avg daily traded value ₹34.1L < ₹50.0L,0,0,,0,0,0,AVOID,,0,False,False,0%,,CAUTION,FINANCIALS,,,,,0.0,,,,,,,,,0.0,Fresh,,,,,0.0,0,False,2026-06-05 12:45:10,,,,,,,,,,,,,,,,,,,,,,,,,,,,,,,,,False,9.0
INE03HW01020,VLEGOV,VL E-GOVERNANCE,IT - Services,True,CHRONIC_LOSSES,"NP negative 3 of 4 quarters, no turnaround signal",0,0,,0,0,0,AVOID,,0,False,False,0%,,CAUTION,OTHER,,,,,0.0,,,,,,,,,0.0,Fresh,,,,,0.0,0,False,2026-06-05 12:45:10,,,,,,,,,,,,,,,,,,,,,,,,,,,,,,,,,False,
INE0IA701014,VIVO,VIVO COLLABORAT.,Telecom - Services,True,ILLIQUID,Avg daily traded value ₹1.6L < ₹50.0L,0,0,,0,0,0,AVOID,,0,False,False,0%,,CAUTION,OTHER,,,,,0.0,,,,,,,,,0.0,Fresh,,,,,0.0,0,False,2026-06-05 12:45:10,,,,,,,,,,,,,,,,,,,,,,,,,,,,,,,,,False,
INE526G01021,VIVIMEDLAB,VIVIMED LABS.,Pharmaceuticals & Biotechnology,True,DISTRESS,Altman Z = -0.54 (bankruptcy zone),0,0,,0,0,0,AVOID,,0,False,False,0%,,CAUTION,OTHER,,,,,0.0,,,,,,,,,0.0,Fresh,,,,,0.0,0,False,2026-06-05 12:45:10,,,,,,,,,,,,,,,,,,,,,,,,,,,,,,,,,False,
INE370E01029,VIVIDHA,VISAGAR POLYTEX,Textiles & Apparels,True,DISTRESS,Altman Z = -3.79 (bankruptcy zone),0,0,,0,0,0,AVOID,,0,False,False,0%,,CAUTION,OTHER,,,,,0.0,,,,,,,,,0.0,Fresh,,,,,0.0,0,False,2026-06-05 12:45:10,,,,,,,,,,,,,,,,,,,,,,,,,,,,,,,,,False,
INE0L4K01016,VITAL,VITAL CHEMTECH,Chemicals & Petrochemicals,True,ILLIQUID,Avg daily traded value ₹2.6L < ₹50.0L,0,0,,0,0,0,AVOID,,0,False,False,0%,,CAUTION,OTHER,,,,,0.0,,,,,,,,,0.0,Fresh,,,,,0.0,0,False,2026-06-05 12:45:10,,,,,,,,,,,,,,,,,,,,,,,,,,,,,,,,,False,
INE0S2E01016,VISHWAS,VISHWAS AGRI,Agricultural Food & other Products,True,ILLIQUID,Avg daily traded value ₹2.4L < ₹50.0L,0,0,,0,0,0,AVOID,,0,False,False,0%,,CAUTION,OTHER,,,,,0.0,,,,,,,,,0.0,Fresh,,,,,0.0,0,False,2026-06-05 12:45:10,,,,,,,,,,,,,,,,,,,,,,,,,,,,,,,,,False,
INE430N01022,VISHWARAJ,VISHWARAJ SUGAR,Agricultural Food & other Products,True,DISTRESS,Altman Z = 0.92 (bankruptcy zone),0,0,,0,0,0,AVOID,,0,False,False,0%,,CAUTION,OTHER,,,,,0.0,,,,,,,,,0.0,Fresh,,,,,0.0,0,False,2026-06-05 12:45:10,,,,,,,,,,,,,,,,,,,,,,,,,,,,,,,,,False,
INE0PQ001012,VISHNUINFR,VISHNUSURYA PRO.,Other Construction Materials,True,ILLIQUID,Avg daily traded value ₹17.4L < ₹50.0L,0,0,,0,0,0,AVOID,,0,False,False,0%,,CAUTION,OTHER,,,,,0.0,,,,,,,,,0.0,Fresh,,,,,0.0,0,False,2026-06-05 12:45:10,,,,,,,,,,,,,,,,,,,,,,,,,,,,,,,,,False,
INE0MEG01014,VIVIANA,VIVIANA POWER,Construction,False,LIQUIDITY,"Avg 20d vol 38,750 < 50K shares/day (micro-illiquid)",0,0,,0,0,0,AVOID,,0,False,False,0%,,CAUTION,OTHER,,,,,0.0,,,,,,,,,0.0,Fresh,,,,,0.0,0,False,2026-06-05 12:45:10,,,,,,,,,,,,,,,,,,,,,,,,,,,,,,,,,False,
INE0SJA01013,VMSTMT,VMS TMT,Industrial Products,True,ILLIQUID,Avg daily traded value ₹11.7L < ₹50.0L,0,0,,0,0,0,AVOID,,0,False,False,0%,,CAUTION,OTHER,,,,,0.0,,,,,,,,,0.0,Fresh,,,,,0.0,0,False,2026-06-05 12:45:10,,,,,,,,,,,,,,,,,,,,,,,,,,,,,,,,,False,
INE540H01012,VOLTAMP,VOLT.TRANSFORM.,Electrical Equipment,False,LIQUIDITY,"Avg 20d vol 46,919 < 50K shares/day (micro-illiquid)",0,0,,0,0,0,AVOID,,0,False,False,0%,,CAUTION,OTHER,,,,,0.0,,,,,,,,,0.0,Fresh,,,,,0.0,0,False,2026-06-05 12:45:10,,,,,,,,,,,,,,,,,,,,,,,,,,,,,,,,,False,30.0
INE866K01023,WAAREEINDO,INDOSOLAR,Electrical Equipment,False,LIQUIDITY,"Avg 20d vol 48,201 < 50K shares/day (micro-illiquid)",0,0,,0,0,0,AVOID,,0,False,False,0%,,CAUTION,OTHER,,,,,0.0,,,,,,,,,0.0,Fresh,,,,,0.0,0,False,2026-06-05 12:45:10,,,,,,,,,,,,,,,,,,,,,,,,,,,,,,,,,False,45.0
INE764D01017,VSTTILLERS,VST TILL. TRACT.,"Agricultural, Commercial & Construction Vehicles",False,LIQUIDITY,"Avg 20d vol 13,997 < 50K shares/day (micro-illiquid)",0,0,,0,0,0,AVOID,,0,False,False,0%,,CAUTION,OTHER,,,,,0.0,,,,,,,,,0.0,Fresh,,,,,0.0,0,False,2026-06-05 12:45:10,,,,,,,,,,,,,,,,,,,,,,,,,,,,,,,,,False,
INE0QTF01015,VSTL,VIBHOR STEEL,Industrial Products,True,ILLIQUID,Avg daily traded value ₹16.4L < ₹50.0L,0,0,,0,0,0,AVOID,,0,False,False,0%,,CAUTION,OTHER,,,,,0.0,,,,,,,,,0.0,Fresh,,,,,0.0,0,False,2026-06-05 12:45:10,,,,,,,,,,,,,,,,,,,,,,,,,,,,,,,,,False,
INE050M01012,VSSL,VARDHMAN SPECIAL,Industrial Products,False,LIQUIDITY,"Avg 20d vol 38,586 < 50K shares/day (micro-illiquid)",0,0,,0,0,0,AVOID,,0,False,False,0%,,CAUTION,OTHER,,,,,0.0,,,,,,,,,0.0,Fresh,,,,,0.0,0,False,2026-06-05 12:45:10,,,,,,,,,,,,,,,,,,,,,,,,,,,,,,,,,False,
INE551Q01028,VSCL,VADIVARHE SPECI.,Chemicals & Petrochemicals,True,DISTRESS,Altman Z = 0.39 (bankruptcy zone),0,0,,0,0,0,AVOID,,0,False,False,0%,,CAUTION,OTHER,,,,,0.0,,,,,,,,,0.0,Fresh,,,,,0.0,0,False,2026-06-05 12:45:10,,,,,,,,,,,,,,,,,,,,,,,,,,,,,,,,,False,
INE0S2V01010,VRAJ,VRAJ IRON,Ferrous Metals,True,ILLIQUID,Avg daily traded value ₹28.7L < ₹50.0L,0,0,,0,0,0,AVOID,,0,False,False,0%,,CAUTION,OTHER,,,,,0.0,,,,,,,,,0.0,Fresh,,,,,0.0,0,False,2026-06-05 12:45:10,,,,,,,,,,,,,,,,,,,,,,,,,,,,,,,,,False,
INE0QQM01017,VR,V R INFRASPACE,Realty,True,ILLIQUID,Avg daily traded value ₹0.7L < ₹50.0L,0,0,,0,0,0,AVOID,,0,False,False,0%,,CAUTION,OTHER,,,,,0.0,,,,,,,,,0.0,Fresh,,,,,0.0,0,False,2026-06-05 12:45:10,,,,,,,,,,,,,,,,,,,,,,,,,,,,,,,,,False,
INE247M01014,SPECIALITY,SPECIALITY REST.,Leisure Services,True,ILLIQUID,Avg daily traded value ₹39.3L < ₹50.0L,0,0,,0,0,0,AVOID,,0,False,False,0%,,CAUTION,OTHER,,,,,0.0,,,,,,,,,0.0,Fresh,,,,,0.0,0,False,2026-06-05 12:45:10,,,,,,,,,,,,,,,,,,,,,,,,,,,,,,,,,False,16.0
INE0NLB01018,VERTEXPLUS,VERTEXPLUS TECH.,IT - Services,True,ILLIQUID,Avg daily traded value ₹0.3L < ₹50.0L,0,0,,0,0,0,AVOID,,0,False,False,0%,,CAUTION,OTHER,,,,,0.0,,,,,,,,,0.0,Fresh,,,,,0.0,0,False,2026-06-05 12:45:10,,,,,,,,,,,,,,,,,,,,,,,,,,,,,,,,,False,
INE0SRI01019,VERITAAS,VERITAAS ADVER.,Media,True,ILLIQUID,Avg daily traded value ₹0.5L < ₹50.0L,0,0,,0,0,0,AVOID,,0,False,False,0%,,CAUTION,OTHER,,,,,0.0,,,,,,,,,0.0,Fresh,,,,,0.0,0,False,2026-06-05 12:45:10,,,,,,,,,,,,,,,,,,,,,,,,,,,,,,,,,False,
INE0IQ001011,VERANDA,VERANDA LEARNING,Other Consumer Services,True,DISTRESS,Altman Z = -0.08 (bankruptcy zone),0,0,,0,0,0,AVOID,,0,False,False,0%,,CAUTION,OTHER,,,,,0.0,,,,,,,,,0.0,Fresh,,,,,0.0,0,False,2026-06-05 12:45:10,,,,,,,,,,,,,,,,,,,,,,,,,,,,,,,,,False,41.0
INE735W01017,UTKARSHBNK,UTKARSH SMALL F.,Banks,True,CHRONIC_LOSSES,"NP negative 3 of 4 quarters, no turnaround signal",0,0,,0,0,0,AVOID,,0,False,False,0%,,CAUTION,FINANCIALS,,,,,0.0,,,,,,,,,0.0,Fresh,,,,,0.0,0,False,2026-06-05 12:45:10,,,,,,,,,,,,,,,,,,,,,,,,,,,,,,,,,False,25.0
INE0N0Y01013,USK,UDAYSHIVAKUMAR,Construction,True,CHRONIC_LOSSES,"NP negative 3 of 4 quarters, no turnaround signal",0,0,,0,0,0,AVOID,,0,False,False,0%,,CAUTION,OTHER,,,,,0.0,,,,,,,,,0.0,Fresh,,,,,0.0,0,False,2026-06-05 12:45:10,,,,,,,,,,,,,,,,,,,,,,,,,,,,,,,,,False,
INE0CBM01019,USASEEDS,UPSURGE SEEDS,Agricultural Food & other Products,True,ILLIQUID,Avg daily traded value ₹0.5L < ₹50.0L,0,0,,0,0,0,AVOID,,0,False,False,0%,,CAUTION,OTHER,,,,,0.0,,,,,,,,,0.0,Fresh,,,,,0.0,0,False,2026-06-05 12:45:10,,,,,,,,,,,,,,,,,,,,,,,,,,,,,,,,,False,
INE0O0201019,URBAN,URBAN ENVIRO,Other Utilities,True,ILLIQUID,Avg daily traded value ₹31.3L < ₹50.0L,0,0,,0,0,0,AVOID,,0,False,False,0%,,CAUTION,OTHER,,,,,0.0,,,,,,,,,0.0,Fresh,,,,,0.0,0,False,2026-06-05 12:45:10,,,,,,,,,,,,,,,,,,,,,,,,,,,,,,,,,False,
INE568Z01015,URAVIDEF,URAVI DEFENCE &,Auto Components,True,ILLIQUID,Avg daily traded value ₹7.4L < ₹50.0L,0,0,,0,0,0,AVOID,,0,False,False,0%,,CAUTION,OTHER,,,,,0.0,,,,,,,,,0.0,Fresh,,,,,0.0,0,False,2026-06-05 12:45:10,,,,,,,,,,,,,,,,,,,,,,,,,,,,,,,,,False,54.0
INE03V001013,UNIVPHOTO,UNIVERSUS PHOTO,Consumer Durables,True,CHRONIC_LOSSES,"NP negative 3 of 4 quarters, no turnaround signal",0,0,,0,0,0,AVOID,,0,False,False,0%,,CAUTION,CONSUMPTION,,,,,0.0,,,,,,,,,0.0,Fresh,,,,,0.0,0,False,2026-06-05 12:45:10,,,,,,,,,,,,,,,,,,,,,,,,,,,,,,,,,False,
INE152C01025,UYFINCORP,U. Y. FINCORP,Finance,True,ILLIQUID,Avg daily traded value ₹18.8L < ₹50.0L,0,0,,0,0,0,AVOID,,0,False,False,0%,,CAUTION,FINANCIALS,,,,,0.0,,,,,,,,,0.0,Fresh,,,,,0.0,0,False,2026-06-05 12:45:10,,,,,,,,,,,,,,,,,,,,,,,,,,,,,,,,,False,
INE694D01016,VADILALIND,VADILAL INDS.,Food Products,False,LIQUIDITY,"Avg 20d vol 39,781 < 50K shares/day (micro-illiquid)",0,0,,0,0,0,AVOID,,0,False,False,0%,,CAUTION,OTHER,,,,,0.0,,,,,,,,,0.0,Fresh,,,,,0.0,0,False,2026-06-05 12:45:10,,,,,,,,,,,,,,,,,,,,,,,,,,,,,,,,,False,
INE232E01013,VELJAN,NAN,nan,True,ILLIQUID,Avg daily traded value ₹4.4L < ₹50.0L,0,0,,0,0,0,AVOID,,0,False,False,0%,,CAUTION,OTHER,,,,,0.0,,,,,,,,,0.0,Fresh,,,,,0.0,0,False,2026-06-05 12:45:10,,,,,,,,,,,,,,,,,,,,,,,,,,,,,,,,,False,
INE0KTW01013,VEEKAYEM,VEEKAYEM FASH.,Textiles & Apparels,True,ILLIQUID,Avg daily traded value ₹1.7L < ₹50.0L,0,0,,0,0,0,AVOID,,0,False,False,0%,,CAUTION,OTHER,,,,,0.0,,,,,,,,,0.0,Fresh,,,,,0.0,0,False,2026-06-05 12:45:10,,,,,,,,,,,,,,,,,,,,,,,,,,,,,,,,,False,
INE484C01030,VEEDOL,VEEDOL CORPORAT,Petroleum Products,False,LIQUIDITY,"Avg 20d vol 9,484 < 50K shares/day (micro-illiquid)",0,0,,0,0,0,AVOID,,0,False,False,0%,,CAUTION,OTHER,,,,,0.0,,,,,,,,,0.0,Fresh,,,,,0.0,0,False,2026-06-05 12:45:10,,,,,,,,,,,,,,,,,,,,,,,,,,,,,,,,,False,15.0
INE205A01025,VEDL,VEDANTA,Diversified Metals,False,,,0,0,,0,0,0,AVOID,,0,False,False,0%,,,,,,,,,,,,,,,,,,Fresh,,,,,,0,False,2026-06-05 12:45:10,,,,,,,,,,,,,,,,,,,,,,,,,,,,,,,,,False,
INE098201036,VCL,VAXTEX COTFAB,Textiles & Apparels,True,DISTRESS,Altman Z = 0.68 (bankruptcy zone),0,0,,0,0,0,AVOID,,0,False,False,0%,,CAUTION,OTHER,,,,,0.0,,,,,,,,,0.0,Fresh,,,,,0.0,0,False,2026-06-05 12:45:10,,,,,,,,,,,,,,,,,,,,,,,,,,,,,,,,,False,
INE590L01019,VASWANI,VASWANI INDUSTRI,Ferrous Metals,True,ILLIQUID,Avg daily traded value ₹32.2L < ₹50.0L,0,0,,0,0,0,AVOID,,0,False,False,0%,,CAUTION,OTHER,,,,,0.0,,,,,,,,,0.0,Fresh,,,,,0.0,0,False,2026-06-05 12:45:11,,,,,,,,,,,,,,,,,,,,,,,,,,,,,,,,,False,
INE835A01029,VARDMNPOLY,VARDHMAN POLYTEX,Textiles & Apparels,True,DISTRESS,Altman Z = -1.38 (bankruptcy zone),0,0,,0,0,0,AVOID,,0,False,False,0%,,CAUTION,OTHER,,,,,0.0,,,,,,,,,0.0,Fresh,,,,,0.0,0,False,2026-06-05 12:45:11,,,,,,,,,,,,,,,,,,,,,,,,,,,,,,,,,False,59.0
INE116G01013,VARDHACRLC,VARDHMAN ACRYLIC,Textiles & Apparels,True,ILLIQUID,Avg daily traded value ₹40.3L < ₹50.0L,0,0,,0,0,0,AVOID,,0,False,False,0%,,CAUTION,OTHER,,,,,0.0,,,,,,,,,0.0,Fresh,,,,,0.0,0,False,2026-06-05 12:45:11,,,,,,,,,,,,,,,,,,,,,,,,,,,,,,,,,False,
INE565V01010,VALIANTORG,VALIANT ORGANICS,Chemicals & Petrochemicals,False,,,0,0,,0,0,0,AVOID,,0,False,False,0%,,,,,,,,,,,,,,,,,,Fresh,,,,,,0,False,2026-06-05 12:45:11,,,,,,,,,,,,,,,,,,,,,,,,,,,,,,,,,False,19.0
INE0JWS01017,VALIANTLAB,VALIANT LABORATO,Pharmaceuticals & Biotechnology,True,ILLIQUID,Avg daily traded value ₹27.9L < ₹50.0L,0,0,,0,0,0,AVOID,,0,False,False,0%,,CAUTION,OTHER,,,,,0.0,,,,,,,,,0.0,Fresh,,,,,0.0,0,False,2026-06-05 12:45:11,,,,,,,,,,,,,,,,,,,,,,,,,,,,,,,,,False,
INE972X01022,VAISHALI,VAISHALI PHARMA,Pharmaceuticals & Biotechnology,True,ILLIQUID,Avg daily traded value ₹6.1L < ₹50.0L,0,0,,0,0,0,AVOID,,0,False,False,0%,,CAUTION,OTHER,,,,,0.0,,,,,,,,,0.0,Fresh,,,,,0.0,0,False,2026-06-05 12:45:11,,,,,,,,,,,,,,,,,,,,,,,,,,,,,,,,,False,
INE398A01010,VENKEYS,VENKY'S (INDIA),Food Products,False,,,0,0,,0,0,0,AVOID,,0,False,False,0%,,,,,,,,,,,,,,,,,,Fresh,,,,,,0,False,2026-06-05 12:45:11,,,,,,,,,,,,,,,,,,,,,,,,,,,,,,,,,False,30.0
INE161L01027,VIKASLIFE,VIKAS LIFECARE,Commercial Services & Supplies,True,ILLIQUID,Avg daily traded value ₹22.9L < ₹50.0L,0,0,,0,0,0,AVOID,,0,False,False,0%,,CAUTION,OTHER,,,,,0.0,,,,,,,,,0.0,Fresh,,,,,0.0,0,False,2026-06-05 12:45:11,,,,,,,,,,,,,,,,,,,,,,,,,,,,,,,,,False,
INE806A01020,VIKASECO,VIKAS ECOTECH,Chemicals & Petrochemicals,True,ILLIQUID,Avg daily traded value ₹17.4L < ₹50.0L,0,0,,0,0,0,AVOID,,0,False,False,0%,,CAUTION,OTHER,,,,,0.0,,,,,,,,,0.0,Fresh,,,,,0.0,0,False,2026-06-05 12:45:11,,,,,,,,,,,,,,,,,,,,,,,,,,,,,,,,,False,
INE159N01027,VIJIFIN,VIJI FINANCE,Finance,True,ILLIQUID,Avg daily traded value ₹5.4L < ₹50.0L,0,0,,0,0,0,AVOID,,0,False,False,0%,,CAUTION,FINANCIALS,,,,,0.0,,,,,,,,,0.0,Fresh,,,,,0.0,0,False,2026-06-05 12:45:11,,,,,,,,,,,,,,,,,,,,,,,,,,,,,,,,,False,
INE632C01026,VIDHIING,VIDHI SPECIALTY,Chemicals & Petrochemicals,False,LIQUIDITY,"Avg 20d vol 18,749 < 50K shares/day (micro-illiquid)",0,0,,0,0,0,AVOID,,0,False,False,0%,,CAUTION,OTHER,,,,,0.0,,,,,,,,,0.0,Fresh,,,,,0.0,0,False,2026-06-05 12:45:11,,,,,,,,,,,,,,,,,,,,,,,,,,,,,,,,,False,
INE0MO401019,VIAZ,VIAZ TYRES,Auto Components,True,ILLIQUID,Avg daily traded value ₹4.2L < ₹50.0L,0,0,,0,0,0,AVOID,,0,False,False,0%,,CAUTION,OTHER,,,,,0.0,,,,,,,,,0.0,Fresh,,,,,0.0,0,False,2026-06-05 12:45:11,,,,,,,,,,,,,,,,,,,,,,,,,,,,,,,,,False,
INE048C01025,VHLTD,VICEROY HOTELS,Leisure Services,True,ILLIQUID,Avg daily traded value ₹18.6L < ₹50.0L,0,0,,0,0,0,AVOID,,0,False,False,0%,,CAUTION,OTHER,,,,,0.0,,,,,,,,,0.0,Fresh,,,,,0.0,0,False,2026-06-05 12:45:11,,,,,,,,,,,,,,,,,,,,,,,,,,,,,,,,,False,
INE701A01023,VHL,VARDHMAN HOLD.,Finance,True,ILLIQUID,Avg daily traded value ₹17.3L < ₹50.0L,0,0,,0,0,0,AVOID,,0,False,False,0%,,CAUTION,FINANCIALS,,,,,0.0,,,,,,,,,0.0,Fresh,,,,,0.0,0,False,2026-06-05 12:45:11,,,,,,,,,,,,,,,,,,,,,,,,,,,,,,,,,False,
INE273D01027,VGL,VARVEE GLOBAL,Textiles & Apparels,False,,,0,0,,0,0,0,AVOID,,0,False,False,0%,,,,,,,,,,,,,,,,,,Fresh,,,,,,0,False,2026-06-05 12:45:11,,,,,,,,,,,,,,,,,,,,,,,,,,,,,,,,,False,
INE918N01018,VETO,VETO SWITCHGEARS,Consumer Durables,False,,,0,0,,0,0,0,AVOID,,0,False,False,0%,,,,,,,,,,,,,,,,,,Fresh,,,,,,0,False,2026-06-05 12:45:11,,,,,,,,,,,,,,,,,,,,,,,,,,,,,,,,,False,
INE188Y01031,VERTOZ,VERTOZ,Media,True,ILLIQUID,Avg daily traded value ₹28.6L < ₹50.0L,0,0,,0,0,0,AVOID,,0,False,False,0%,,CAUTION,OTHER,,,,,0.0,,,,,,,,,0.0,Fresh,,,,,0.0,0,False,2026-06-05 12:45:11,,,,,,,,,,,,,,,,,,,,,,,,,,,,,,,,,False,
INE0VRH01015,VGINFOTECH,VIRTUAL GALAXY,IT - Software,False,,,1,0,10.0,0,14,0,MONITOR,,↑25,False,False,0%,BASING,CAUTION,OTHER,0.0,0.0906,0.0,DIGITAL,2.0,0.0,,4.0,1.0,3.0,0.0,,,1.0,Fresh,,,,,0.3,25,True,2026-06-05 12:45:11,0.0,0.0,0,0.0,0.0,0.0,0.0,0.0,0.0,0.0,0.0,0.0,0.0,0.0,0.0,0.0,0.0,0.0,0.0,0.0,0.0,0.0,0.0,0.0,0.0,0.0,0.0,0.0,10.0,4.0,0.0,0.0,False,
INE0T7B01010,SPCL,SHIVALIC POWER,Electrical Equipment,True,ILLIQUID,Avg daily traded value ₹15.5L < ₹50.0L,0,0,,0,0,0,AVOID,,0,False,False,0%,,CAUTION,OTHER,,,,,0.0,,,,,,,,,0.0,Fresh,,,,,0.0,0,False,2026-06-05 12:45:11,,,,,,,,,,,,,,,,,,,,,,,,,,,,,,,,,False,
INE970N01027,SPCENET,SPACENET ENTERPR,Commercial Services & Supplies,True,ILLIQUID,Avg daily traded value ₹19.8L < ₹50.0L,0,0,,0,0,0,AVOID,,0,False,False,0%,,CAUTION,OTHER,,,,,0.0,,,,,,,,,0.0,Fresh,,,,,0.0,0,False,2026-06-05 12:45:11,,,,,,,,,,,,,,,,,,,,,,,,,,,,,,,,,False,
INE185C01017,SAPPL,NAN,nan,True,ILLIQUID,Avg daily traded value ₹4.1L < ₹50.0L,0,0,,0,0,0,AVOID,,0,False,False,0%,,CAUTION,OTHER,,,,,0.0,,,,,,,,,0.0,Fresh,,,,,0.0,0,False,2026-06-05 12:45:11,,,,,,,,,,,,,,,,,,,,,,,,,,,,,,,,,False,
INE806T01020,SAPPHIRE,SAPPHIRE FOODS,Leisure Services,True,CHRONIC_LOSSES,"NP negative 3 of 4 quarters, no turnaround signal",0,0,,0,0,0,AVOID,,0,False,False,0%,,CAUTION,OTHER,,,,,0.0,,,,,,,,,0.0,Fresh,,,,,0.0,0,False,2026-06-05 12:45:11,,,,,,,,,,,,,,,,,,,,,,,,,,,,,,,,,False,
INE890C01046,SANWARIA,SANWARIA CONSUM.,Food Products,True,DISTRESS,Altman Z = -5.51 (bankruptcy zone),0,0,,0,0,0,AVOID,,0,False,False,0%,,CAUTION,OTHER,,,,,0.0,,,,,,,,,0.0,Fresh,,,,,0.0,0,False,2026-06-05 12:45:11,,,,,,,,,,,,,,,,,,,,,,,,,,,,,,,,,False,10.0
INE058A01010,SANOFI,SANOFI INDIA,Pharmaceuticals & Biotechnology,False,LIQUIDITY,"Avg 20d vol 27,999 < 50K shares/day (micro-illiquid)",0,0,,0,0,0,AVOID,,0,False,False,0%,,CAUTION,OTHER,,,,,0.0,,,,,,,,,0.0,Fresh,,,,,0.0,0,False,2026-06-05 12:45:11,,,,,,,,,,,,,,,,,,,,,,,,,,,,,,,,,False,46.0
INE324X01026,SARVESHWAR,SARVESHWAR FOODS,Agricultural Food & other Products,True,ILLIQUID,Avg daily traded value ₹30.1L < ₹50.0L,0,0,,0,0,0,AVOID,,0,False,False,0%,,CAUTION,OTHER,,,,,0.0,,,,,,,,,0.0,Fresh,,,,,0.0,0,False,2026-06-05 12:45:11,,,,,,,,,,,,,,,,,,,,,,,,,,,,,,,,,False,39.0
INE231F01020,SASKEN,SASKEN TECHNOL.,IT - Services,False,,,0,0,,0,0,0,AVOID,,0,False,False,0%,,,,,,,,,,,,,,,,,,Fresh,,,,,,0,False,2026-06-05 12:45:11,,,,,,,,,,,,,,,,,,,,,,,,,,,,,,,,,False,27.0
INE280H01015,SAHYADRI,SAHYADRI INDUSTR,Other Construction Materials,False,LIQUIDITY,"Avg 20d vol 17,120 < 50K shares/day (micro-illiquid)",0,0,,0,0,0,AVOID,,0,False,False,0%,,CAUTION,OTHER,,,,,0.0,,,,,,,,,0.0,Fresh,,,,,0.0,0,False,2026-06-05 12:45:11,,,,,,,,,,,,,,,,,,,,,,,,,,,,,,,,,False,25.0
INE861D01011,SAHLIBHFI,NAN,nan,True,ILLIQUID,Avg daily traded value ₹30.3L < ₹50.0L,0,0,,0,0,0,AVOID,,0,False,False,0%,,CAUTION,OTHER,,,,,0.0,,,,,,,,,0.0,Fresh,,,,,0.0,0,False,2026-06-05 12:45:11,,,,,,,,,,,,,,,,,,,,,,,,,,,,,,,,,False,
INE0LEX01011,SAHANA,SAHANA SYSTEMS,IT - Services,False,LIQUIDITY,"Avg 20d vol 11,062 < 50K shares/day (micro-illiquid)",0,0,,0,0,0,AVOID,,0,False,False,0%,,CAUTION,OTHER,,,,,0.0,,,,,,,,,0.0,Fresh,,,,,0.0,0,False,2026-06-05 12:45:11,,,,,,,,,,,,,,,,,,,,,,,,,,,,,,,,,False,
INE0P4701011,SAHAJSOLAR,SAHAJ SOLAR,Electrical Equipment,True,ILLIQUID,Avg daily traded value ₹28.9L < ₹50.0L,0,0,,0,0,0,AVOID,,0,False,False,0%,,CAUTION,OTHER,,,,,0.0,,,,,,,,,0.0,Fresh,,,,,0.0,0,False,2026-06-05 12:45:11,,,,,,,,,,,,,,,,,,,,,,,,,,,,,,,,,False,
INE623A01011,SAKHTISUG,SAKTHI SUGARS,Agricultural Food & other Products,True,DISTRESS,Altman Z = 0.70 (bankruptcy zone),0,0,,0,0,0,AVOID,,0,False,False,0%,,CAUTION,OTHER,,,,,0.0,,,,,,,,,0.0,Fresh,,,,,0.0,0,False,2026-06-05 12:45:11,,,,,,,,,,,,,,,,,,,,,,,,,,,,,,,,,False,
INE190H01024,SAKUMA,SAKUMA EXPORTS,Commercial Services & Supplies,True,ILLIQUID,Avg daily traded value ₹16.7L < ₹50.0L,0,0,,0,0,0,AVOID,,0,False,False,0%,,CAUTION,OTHER,,,,,0.0,,,,,,,,,0.0,Fresh,,,,,0.0,0,False,2026-06-05 12:45:11,,,,,,,,,,,,,,,,,,,,,,,,,,,,,,,,,False,
INE0OVI01010,SANGANI,SANGANI HOSPITAL,Healthcare Services,True,ILLIQUID,Avg daily traded value ₹2.4L < ₹50.0L,0,0,,0,0,0,AVOID,,0,False,False,0%,,CAUTION,OTHER,,,,,0.0,,,,,,,,,0.0,Fresh,,,,,0.0,0,False,2026-06-05 12:45:11,,,,,,,,,,,,,,,,,,,,,,,,,,,,,,,,,False,
INE495C01010,SANGAMIND,SANGAM INDIA,Textiles & Apparels,False,LIQUIDITY,"Avg 20d vol 32,286 < 50K shares/day (micro-illiquid)",0,0,,0,0,0,AVOID,,0,False,False,0%,,CAUTION,OTHER,,,,,0.0,,,,,,,,,0.0,Fresh,,,,,0.0,0,False,2026-06-05 12:45:11,,,,,,,,,,,,,,,,,,,,,,,,,,,,,,,,,False,51.0
INE583B01015,SANDESH,SANDESH,Media,True,ILLIQUID,Avg daily traded value ₹7.2L < ₹50.0L,0,0,,0,0,0,AVOID,,0,False,False,0%,,CAUTION,OTHER,,,,,0.0,,,,,,,,,0.0,Fresh,,,,,0.0,0,False,2026-06-05 12:45:11,,,,,,,,,,,,,,,,,,,,,,,,,,,,,,,,,False,
INE0JPD01013,SANATHAN,SANATHAN TEXTILE,Textiles & Apparels,False,LIQUIDITY,"Avg 20d vol 21,767 < 50K shares/day (micro-illiquid)",0,0,,0,0,0,AVOID,,0,False,False,0%,,CAUTION,OTHER,,,,,0.0,,,,,,,,,0.0,Fresh,,,,,0.0,0,False,2026-06-05 12:45:11,,,,,,,,,,,,,,,,,,,,,,,,,,,,,,,,,False,
INE735M01018,SAMPANN,SAMPANN UTPADAN,Industrial Products,True,ILLIQUID,Avg daily traded value ₹8.4L < ₹50.0L,0,0,,0,0,0,AVOID,,0,False,False,0%,,CAUTION,OTHER,,,,,0.0,,,,,,,,,0.0,Fresh,,,,,0.0,0,False,2026-06-05 12:45:11,,,,,,,,,,,,,,,,,,,,,,,,,,,,,,,,,False,41.0
INE699B01027,SAMBHAAV,SAMBHAAV MEDIA,Media,True,ILLIQUID,Avg daily traded value ₹4.5L < ₹50.0L,0,0,,0,0,0,AVOID,,0,False,False,0%,,CAUTION,OTHER,,,,,0.0,,,,,,,,,0.0,Fresh,,,,,0.0,0,False,2026-06-05 12:45:11,,,,,,,,,,,,,,,,,,,,,,,,,,,,,,,,,False,
INE658G01014,SALSTEEL,S.A.L STEEL,Ferrous Metals,True,EXTREME_LEVERAGE,D/E = 6.0 (extreme leverage),0,0,,0,0,0,AVOID,,0,False,False,0%,,CAUTION,OTHER,,,,,0.0,,,,,,,,,0.0,Fresh,,,,,0.0,0,False,2026-06-05 12:45:12,,,,,,,,,,,,,,,,,,,,,,,,,,,,,,,,,False,
INE498E01010,SALONA,SALONA COTSPIN,Textiles & Apparels,True,ILLIQUID,Avg daily traded value ₹4.0L < ₹50.0L,0,0,,0,0,0,AVOID,,0,False,False,0%,,CAUTION,OTHER,,,,,0.0,,,,,,,,,0.0,Fresh,,,,,0.0,0,False,2026-06-05 12:45:12,,,,,,,,,,,,,,,,,,,,,,,,,,,,,,,,,False,
INE170V01027,SALASAR,SALASAR TECHNO,Industrial Manufacturing,True,DISTRESS,Altman Z = -3.19 (bankruptcy zone),0,0,,0,0,0,AVOID,,0,False,False,0%,,CAUTION,OTHER,,,,,0.0,,,,,,,,,0.0,Fresh,,,,,0.0,0,False,2026-06-05 12:45:12,,,,,,,,,,,,,,,,,,,,,,,,,,,,,,,,,False,34.0
INE08U801020,SAMHI,SAMHI HOTELS,Leisure Services,True,DISTRESS,Altman Z = 0.41 (bankruptcy zone),0,0,,0,0,0,AVOID,,0,False,False,0%,,CAUTION,OTHER,,,,,0.0,,,,,,,,,0.0,Fresh,,,,,0.0,0,False,2026-06-05 12:45:12,,,,,,,,,,,,,,,,,,,,,,,,,,,,,,,,,False,17.0
INE501Y01019,SCPL,SHEETAL COOL,Food Products,False,LIQUIDITY,"Avg 20d vol 14,325 < 50K shares/day (micro-illiquid)",0,0,,0,0,0,AVOID,,0,False,False,0%,,CAUTION,OTHER,,,,,0.0,,,,,,,,,0.0,Fresh,,,,,0.0,0,False,2026-06-05 12:45:12,,,,,,,,,,,,,,,,,,,,,,,,,,,,,,,,,False,
INE460Q01014,SCML,SHARP CHUCKS AND,Industrial Products,True,ILLIQUID,Avg daily traded value ₹32.6L < ₹50.0L,0,0,,0,0,0,AVOID,,0,False,False,0%,,CAUTION,OTHER,,,,,0.0,,,,,,,,,0.0,Fresh,,,,,0.0,0,False,2026-06-05 12:45:12,,,,,,,,,,,,,,,,,,,,,,,,,,,,,,,,,False,
INE807K01035,SCHAND,S CHAND & COMPAN,Printing & Publication,True,CHRONIC_LOSSES,"NP negative 3 of 4 quarters, no turnaround signal",0,0,,0,0,0,AVOID,,0,False,False,0%,,CAUTION,OTHER,,,,,0.0,,,,,,,,,0.0,Fresh,,,,,0.0,0,False,2026-06-05 12:45:12,,,,,,,,,,,,,,,,,,,,,,,,,,,,,,,,,False,13.0
INE099G01011,SCANSTL,NAN,nan,True,ILLIQUID,Avg daily traded value ₹21.3L < ₹50.0L,0,0,,0,0,0,AVOID,,0,False,False,0%,,CAUTION,OTHER,,,,,0.0,,,,,,,,,0.0,Fresh,,,,,0.0,0,False,2026-06-05 12:45:12,,,,,,,,,,,,,,,,,,,,,,,,,,,,,,,,,False,
INE05ST01028,SBGLP,SURATWWALA BUSI.,Realty,True,ILLIQUID,Avg daily traded value ₹23.8L < ₹50.0L,0,0,,0,0,0,AVOID,,0,False,False,0%,,CAUTION,OTHER,,,,,0.0,,,,,,,,,0.0,Fresh,,,,,0.0,0,False,2026-06-05 12:45:12,,,,,,,,,,,,,,,,,,,,,,,,,,,,,,,,,False,8.0
INE318C01014,SAYAJIHOTL,NAN,nan,True,ILLIQUID,Avg daily traded value ₹0.1L < ₹50.0L,0,0,,0,0,0,AVOID,,0,False,False,0%,,CAUTION,OTHER,,,,,0.0,,,,,,,,,0.0,Fresh,,,,,0.0,0,False,2026-06-05 12:45:12,,,,,,,,,,,,,,,,,,,,,,,,,,,,,,,,,False,
INE626A01014,SAURASHCEM,SAURASHTRA CEM.,Cement & Cement Products,True,ILLIQUID,Avg daily traded value ₹38.7L < ₹50.0L,0,0,,0,0,0,AVOID,,0,False,False,0%,,CAUTION,OTHER,,,,,0.0,,,,,,,,,0.0,Fresh,,,,,0.0,0,False,2026-06-05 12:45:12,,,,,,,,,,,,,,,,,,,,,,,,,,,,,,,,,False,
INE0RPM01017,SATIPOLY,SATI POLY,Industrial Products,True,ILLIQUID,Avg daily traded value ₹0.5L < ₹50.0L,0,0,,0,0,0,AVOID,,0,False,False,0%,,CAUTION,OTHER,,,,,0.0,,,,,,,,,0.0,Fresh,,,,,0.0,0,False,2026-06-05 12:45:12,,,,,,,,,,,,,,,,,,,,,,,,,,,,,,,,,False,
INE750D01016,RELCHEMQ,REL. CHEMOTEX,Textiles & Apparels,True,ILLIQUID,Avg daily traded value ₹2.8L < ₹50.0L,0,0,,0,0,0,AVOID,,0,False,False,0%,,CAUTION,OTHER,,,,,0.0,,,,,,,,,0.0,Fresh,,,,,0.0,0,False,2026-06-05 12:45:12,,,,,,,,,,,,,,,,,,,,,,,,,,,,,,,,,False,
INE131B01039,RELAXO,RELAXO FOOTWEAR,Consumer Durables,False,,,0,0,,0,0,0,AVOID,,0,False,False,0%,,,,,,,,,,,,,,,,,,Fresh,,,,,,0,False,2026-06-05 12:45:12,,,,,,,,,,,,,,,,,,,,,,,,,,,,,,,,,False,
INE277C01012,REGENCERAM,REGENCY CERAMICS,Consumer Durables,True,DISTRESS,Altman Z = -1.29 (bankruptcy zone),0,0,,0,0,0,AVOID,,0,False,False,0%,,CAUTION,CONSUMPTION,,,,,0.0,,,,,,,,,0.0,Fresh,,,,,0.0,0,False,2026-06-05 12:45:12,,,,,,,,,,,,,,,,,,,,,,,,,,,,,,,,,False,
INE0TNX01015,REFRACTORY,REFRACTORY SHAP.,Industrial Products,True,ILLIQUID,Avg daily traded value ₹5.7L < ₹50.0L,0,0,,0,0,0,AVOID,,0,False,False,0%,,CAUTION,OTHER,,,,,0.0,,,,,,,,,0.0,Fresh,,,,,0.0,0,False,2026-06-05 12:45:12,,,,,,,,,,,,,,,,,,,,,,,,,,,,,,,,,False,
INE330H01018,RCOM,RELIANCE COMMUNI,Telecom - Services,True,DISTRESS,Altman Z = -7.30 (bankruptcy zone),0,0,,0,0,0,AVOID,,0,False,False,0%,,CAUTION,OTHER,,,,,0.0,,,,,,,,,0.0,Fresh,,,,,0.0,0,False,2026-06-05 12:45:12,,,,,,,,,,,,,,,,,,,,,,,,,,,,,,,,,False,59.0
INE027A01015,RCF,R C F,Fertilizers & Agrochemicals,False,,,0,0,,0,0,0,AVOID,,0,False,False,0%,,,,,,,,,,,,,,,,,,Fresh,,,,,,0,False,2026-06-05 12:45:12,,,,,,,,,,,,,,,,,,,,,,,,,,,,,,,,,False,
INE0BZQ01011,RCDL,RAJGOR CASTOR,Agricultural Food & other Products,True,ILLIQUID,Avg daily traded value ₹5.9L < ₹50.0L,0,0,,0,0,0,AVOID,,0,False,False,0%,,CAUTION,OTHER,,,,,0.0,,,,,,,,,0.0,Fresh,,,,,0.0,0,False,2026-06-05 12:45:12,,,,,,,,,,,,,,,,,,,,,,,,,,,,,,,,,False,
INE621H01010,RELIGARE,RELIGARE ENTERP.,Finance,False,,,0,0,,0,0,0,AVOID,,0,False,False,0%,,,,,,,,,,,,,,,,,,Fresh,,,,,,0,False,2026-06-05 12:45:12,,,,,,,,,,,,,,,,,,,,,,,,,,,,,,,,,False,
INE036A01016,RELINFRA,RELIANCE INFRA.,Power,True,DISTRESS,Altman Z = 0.38 (bankruptcy zone),0,0,,0,0,0,AVOID,,0,False,False,0%,,CAUTION,OTHER,,,,,0.0,,,,,,,,,0.0,Fresh,,,,,0.0,0,False,2026-06-05 12:45:12,,,,,,,,,,,,,,,,,,,,,,,,,,,,,,,,,False,
INE206N01018,RELTD,RAVINDRA ENERGY,Electrical Equipment,False,,,0,0,,0,0,0,AVOID,,0,False,False,0%,,,,,,,,,,,,,,,,,,Fresh,,,,,,0,False,2026-06-05 12:45:12,,,,,,,,,,,,,,,,,,,,,,,,,,,,,,,,,False,8.0
INE508K01013,RHL,ROBUST HOTELS,Leisure Services,True,ILLIQUID,Avg daily traded value ₹10.0L < ₹50.0L,0,0,,0,0,0,AVOID,,0,False,False,0%,,CAUTION,OTHER,,,,,0.0,,,,,,,,,0.0,Fresh,,,,,0.0,0,False,2026-06-05 12:45:12,,,,,,,,,,,,,,,,,,,,,,,,,,,,,,,,,False,
INE217K01011,RHFL,RELIANCE HOME,Finance,True,ILLIQUID,Avg daily traded value ₹16.3L < ₹50.0L,0,0,,0,0,0,AVOID,,0,False,False,0%,,CAUTION,FINANCIALS,,,,,0.0,,,,,,,,,0.0,Fresh,,,,,0.0,0,False,2026-06-05 12:45:12,,,,,,,,,,,,,,,,,,,,,,,,,,,,,,,,,False,
INE722H01024,RGL,RENAISS. GLOBAL,Consumer Durables,False,,,0,0,,0,0,0,AVOID,,0,False,False,0%,,,,,,,,,,,,,,,,,,Fresh,,,,,,0,False,2026-06-05 12:45:12,,,,,,,,,,,,,,,,,,,,,,,,,,,,,,,,,False,
INE03DD01011,RETAIL,JHS SVEND.RETAIL,Retailing,True,ILLIQUID,Avg daily traded value ₹2.5L < ₹50.0L,0,0,,0,0,0,AVOID,,0,False,False,0%,,CAUTION,OTHER,,,,,0.0,,,,,,,,,0.0,Fresh,,,,,0.0,0,False,2026-06-05 12:45:12,,,,,,,,,,,,,,,,,,,,,,,,,,,,,,,,,False,36.0
INE461B01014,REPRO,REPRO INDIA,Printing & Publication,False,LIQUIDITY,"Avg 20d vol 16,954 < 50K shares/day (micro-illiquid)",0,0,,0,0,0,AVOID,,0,False,False,0%,,CAUTION,OTHER,,,,,0.0,,,,,,,,,0.0,Fresh,,,,,0.0,0,False,2026-06-05 12:45:13,,,,,,,,,,,,,,,,,,,,,,,,,,,,,,,,,False,
INE364Z01019,REPL,RUDRABHISH. ENT.,Construction,True,ILLIQUID,Avg daily traded value ₹3.5L < ₹50.0L,0,0,,0,0,0,AVOID,,0,False,False,0%,,CAUTION,OTHER,,,,,0.0,,,,,,,,,0.0,Fresh,,,,,0.0,0,False,2026-06-05 12:45:13,,,,,,,,,,,,,,,,,,,,,,,,,,,,,,,,,False,
INE087H01022,RENUKA,SH.RENUKA SUGAR,Agricultural Food & other Products,True,DISTRESS,Altman Z = 0.27 (bankruptcy zone),0,0,,0,0,0,AVOID,,0,False,False,0%,,CAUTION,OTHER,,,,,0.0,,,,,,,,,0.0,Fresh,,,,,0.0,0,False,2026-06-05 12:45:13,,,,,,,,,,,,,,,,,,,,,,,,,,,,,,,,,False,27.0
INE0O5T01011,REMUS,REMUS PHARMA.,Pharmaceuticals & Biotechnology,False,LIQUIDITY,"Avg 20d vol 13,575 < 50K shares/day (micro-illiquid)",0,0,,0,0,0,AVOID,,0,False,False,0%,,CAUTION,OTHER,,,,,0.0,,,,,,,,,0.0,Fresh,,,,,0.0,0,False,2026-06-05 12:45:13,,,,,,,,,,,,,,,,,,,,,,,,,,,,,,,,,False,
INE00D001018,REXPIPES,REX PIPES&CABLES,Industrial Products,True,ILLIQUID,Avg daily traded value ₹4.6L < ₹50.0L,0,0,,0,0,0,AVOID,,0,False,False,0%,,CAUTION,OTHER,,,,,0.0,,,,,,,,,0.0,Fresh,,,,,0.0,0,False,2026-06-05 12:45:13,,,,,,,,,,,,,,,,,,,,,,,,,,,,,,,,,False,
INE0RJH01010,RBS,RAMDEVBABA SOL.,Agricultural Food & other Products,True,ILLIQUID,Avg daily traded value ₹5.3L < ₹50.0L,0,0,,0,0,0,AVOID,,0,False,False,0%,,CAUTION,OTHER,,,,,0.0,,,,,,,,,0.0,Fresh,,,,,0.0,0,False,2026-06-05 12:45:13,,,,,,,,,,,,,,,,,,,,,,,,,,,,,,,,,False,
INE07T201019,RBA,RESTAURANT BRAND,Leisure Services,True,DISTRESS,Altman Z = 0.81 (bankruptcy zone),0,0,,0,0,0,AVOID,,0,False,False,0%,,CAUTION,OTHER,,,,,0.0,,,,,,,,,0.0,Fresh,,,,,0.0,0,False,2026-06-05 12:45:13,,,,,,,,,,,,,,,,,,,,,,,,,,,,,,,,,False,
INE0NA301016,RBMINFRA,RBM INFRACON,Commercial Services & Supplies,False,LIQUIDITY,"Avg 20d vol 36,590 < 50K shares/day (micro-illiquid)",0,0,,0,0,0,AVOID,,0,False,False,0%,,CAUTION,OTHER,,,,,0.0,,,,,,,,,0.0,Fresh,,,,,0.0,0,False,2026-06-05 12:45:13,,,,,,,,,,,,,,,,,,,,,,,,,,,,,,,,,False,
INE625B01014,RANASUG,RANA SUGARS,Agricultural Food & other Products,True,ILLIQUID,Avg daily traded value ₹34.9L < ₹50.0L,0,0,,0,0,0,AVOID,,0,False,False,0%,,CAUTION,OTHER,,,,,0.0,,,,,,,,,0.0,Fresh,,,,,0.0,0,False,2026-06-05 12:45:13,,,,,,,,,,,,,,,,,,,,,,,,,,,,,,,,,False,
INE246B01019,RAMCOSYS,RAMCO SYSTEMS,IT - Software,False,,,0,0,,0,0,0,AVOID,,0,False,False,0%,,,,,,,,,,,,,,,,,,Fresh,,,,,,0,False,2026-06-05 12:45:13,,,,,,,,,,,,,,,,,,,,,,,,,,,,,,,,,False,14.0
INE614A01028,RAMCOIND,RAMCO INDS.,Other Construction Materials,False,,,0,0,,0,0,0,AVOID,,0,False,False,0%,,,,,,,,,,,,,,,,,,Fresh,,,,,,0,False,2026-06-05 12:45:13,,,,,,,,,,,,,,,,,,,,,,,,,,,,,,,,,False,
INE331A01037,RAMCOCEM,THE RAMCO CEMENT,Cement & Cement Products,False,,,0,0,,0,0,0,AVOID,,0,False,False,0%,,,,,,,,,,,,,,,,,,Fresh,,,,,,0,False,2026-06-05 12:45:13,,,,,,,,,,,,,,,,,,,,,,,,,,,,,,,,,False,13.0
INE230R01035,RAMASTEEL,RAMA STEEL TUBES,Industrial Products,False,,,0,0,,0,0,0,AVOID,,0,False,False,0%,,,,,,,,,,,,,,,,,,Fresh,,,,,,0,False,2026-06-05 12:45:13,,,,,,,,,,,,,,,,,,,,,,,,,,,,,,,,,False,
INE809A01032,RAMAPHO,RAMA PHOSPHATES,Fertilizers & Agrochemicals,False,LIQUIDITY,"Avg 20d vol 44,778 < 50K shares/day (micro-illiquid)",0,0,,0,0,0,AVOID,,0,False,False,0%,,CAUTION,OTHER,,,,,0.0,,,,,,,,,0.0,Fresh,,,,,0.0,0,False,2026-06-05 12:45:13,,,,,,,,,,,,,,,,,,,,,,,,,,,,,,,,,False,17.0
INE278B01020,RAMANEWS,SHREE RAMA NEWS.,"Paper, Forest & Jute Products",True,DISTRESS,Altman Z = 0.24 (bankruptcy zone),0,0,,0,0,0,AVOID,,0,False,False,0%,,CAUTION,OTHER,,,,,0.0,,,,,,,,,0.0,Fresh,,,,,0.0,0,False,2026-06-05 12:45:13,,,,,,,,,,,,,,,,,,,,,,,,,,,,,,,,,False,
INE613A01020,RALLIS,RALLIS INDIA,Fertilizers & Agrochemicals,False,,,0,0,,0,0,0,AVOID,,0,False,False,0%,,,,,,,,,,,,,,,,,,Fresh,,,,,,0,False,2026-06-05 12:45:13,,,,,,,,,,,,,,,,,,,,,,,,,,,,,,,,,False,51.0
INE02OY01016,RILINFRA,RACHANA INFRA.,Construction,True,ILLIQUID,Avg daily traded value ₹7.5L < ₹50.0L,0,0,,0,0,0,AVOID,,0,False,False,0%,,CAUTION,OTHER,,,,,0.0,,,,,,,,,0.0,Fresh,,,,,0.0,0,False,2026-06-05 12:45:13,,,,,,,,,,,,,,,,,,,,,,,,,,,,,,,,,False,
INE0N2P01017,RISHABH,RISHABH INSTRUM.,Electrical Equipment,False,,,0,0,,0,0,0,AVOID,,0,False,False,0%,,,,,,,,,,,,,,,,,,Fresh,,,,,,0,False,2026-06-05 12:45:13,,,,,,,,,,,,,,,,,,,,,,,,,,,,,,,,,False,
INE895B01021,RUPA,RUPA & CO,Textiles & Apparels,False,,,0,0,,0,0,0,AVOID,,0,False,False,0%,,,,,,,,,,,,,,,,,,Fresh,,,,,,0,False,2026-06-05 12:45:13,,,,,,,,,,,,,,,,,,,,,,,,,,,,,,,,,False,9.0
INE0R7301013,RULKA,RULKA,Construction,True,ILLIQUID,Avg daily traded value ₹5.9L < ₹50.0L,0,0,,0,0,0,AVOID,,0,False,False,0%,,CAUTION,OTHER,,,,,0.0,,,,,,,,,0.0,Fresh,,,,,0.0,0,False,2026-06-05 12:45:13,,,,,,,,,,,,,,,,,,,,,,,,,,,,,,,,,False,
INE027T01023,RUDRA,RUDRA GLOBAL,Industrial Products,True,ILLIQUID,Avg daily traded value ₹6.5L < ₹50.0L,0,0,,0,0,0,AVOID,,0,False,False,0%,,CAUTION,OTHER,,,,,0.0,,,,,,,,,0.0,Fresh,,,,,0.0,0,False,2026-06-05 12:45:13,,,,,,,,,,,,,,,,,,,,,,,,,,,,,,,,,False,
INE803H01014,RUCHIRA,RUCHIRA PAPERS,"Paper, Forest & Jute Products",True,ILLIQUID,Avg daily traded value ₹34.7L < ₹50.0L,0,0,,0,0,0,AVOID,,0,False,False,0%,,CAUTION,OTHER,,,,,0.0,,,,,,,,,0.0,Fresh,,,,,0.0,0,False,2026-06-05 12:45:13,,,,,,,,,,,,,,,,,,,,,,,,,,,,,,,,,False,
INE413B01023,RUCHINFRA,RUCHI INFRASTR.,Commercial Services & Supplies,True,DISTRESS,Altman Z = 0.57 (bankruptcy zone),0,0,,0,0,0,AVOID,,0,False,False,0%,,CAUTION,OTHER,,,,,0.0,,,,,,,,,0.0,Fresh,,,,,0.0,0,False,2026-06-05 12:45:13,,,,,,,,,,,,,,,,,,,,,,,,,,,,,,,,,False,
INE642C01025,RUBFILA,RUBFILA INTL.,Industrial Products,True,ILLIQUID,Avg daily traded value ₹43.1L < ₹50.0L,0,0,,0,0,0,AVOID,,0,False,False,0%,,CAUTION,OTHER,,,,,0.0,,,,,,,,,0.0,Fresh,,,,,0.0,0,False,2026-06-05 12:45:13,,,,,,,,,,,,,,,,,,,,,,,,,,,,,,,,,False,
INE399K01017,RTNPOWER,RATTANINDIA POW.,Power,True,DISTRESS,Altman Z = 0.90 (bankruptcy zone),0,0,,0,0,0,AVOID,,0,False,False,0%,,CAUTION,OTHER,,,,,0.0,,,,,,,,,0.0,Fresh,,,,,0.0,0,False,2026-06-05 12:45:13,,,,,,,,,,,,,,,,,,,,,,,,,,,,,,,,,False,32.0
INE834M01019,RTNINDIA,RATTANINDIA ENT,Retailing,True,CHRONIC_LOSSES,"NP negative 3 of 4 quarters, no turnaround signal",0,0,,0,0,0,AVOID,,0,False,False,0%,,CAUTION,OTHER,,,,,0.0,,,,,,,,,0.0,Fresh,,,,,0.0,0,False,2026-06-05 12:45:13,,,,,,,,,,,,,,,,,,,,,,,,,,,,,,,,,False,
INE165B01029,RSSOFTWARE,R S SOFTWARE (I),IT - Software,True,CHRONIC_LOSSES,"NP negative 3 of 4 quarters, no turnaround signal",0,0,,0,0,0,AVOID,,0,False,False,0%,,CAUTION,OTHER,,,,,0.0,,,,,,,,,0.0,Fresh,,,,,0.0,0,False,2026-06-05 12:45:13,,,,,,,,,,,,,,,,,,,,,,,,,,,,,,,,,False,
INE263M01029,RUSTOMJEE,KEYSTONE REALTOR,Realty,False,LIQUIDITY,"Avg 20d vol 43,905 < 50K shares/day (micro-illiquid)",0,0,,0,0,0,AVOID,,0,False,False,0%,,CAUTION,OTHER,,,,,0.0,,,,,,,,,0.0,Fresh,,,,,0.0,0,False,2026-06-05 12:45:13,,,,,,,,,,,,,,,,,,,,,,,,,,,,,,,,,False,24.0
INE09E501017,RVHL,RAVINDER HEIGHTS,Realty,True,ILLIQUID,Avg daily traded value ₹14.2L < ₹50.0L,0,0,,0,0,0,AVOID,,0,False,False,0%,,CAUTION,OTHER,,,,,0.0,,,,,,,,,0.0,Fresh,,,,,0.0,0,False,2026-06-05 12:45:13,,,,,,,,,,,,,,,,,,,,,,,,,,,,,,,,,False,
INE229C01021,SAGCEM,SAGAR CEMENTS,Cement & Cement Products,True,DISTRESS,Altman Z = 0.97 (bankruptcy zone),0,0,,0,0,0,AVOID,,0,False,False,0%,,CAUTION,OTHER,,,,,0.0,,,,,,,,,0.0,Fresh,,,,,0.0,0,False,2026-06-05 12:45:13,,,,,,,,,,,,,,,,,,,,,,,,,,,,,,,,,False,
INE976T01013,SAGARDEEP,SAGARDEEP ALLOYS,Industrial Products,True,ILLIQUID,Avg daily traded value ₹11.7L < ₹50.0L,0,0,,0,0,0,AVOID,,0,False,False,0%,,CAUTION,OTHER,,,,,0.0,,,,,,,,,0.0,Fresh,,,,,0.0,0,False,2026-06-05 12:45:13,,,,,,,,,,,,,,,,,,,,,,,,,,,,,,,,,False,
INE888C01040,SADHNANIQ,SADHANA NITRO,Chemicals & Petrochemicals,True,CHRONIC_LOSSES,"NP negative 3 of 4 quarters, no turnaround signal",0,0,,0,0,0,AVOID,,0,False,False,0%,,CAUTION,OTHER,,,,,0.0,,,,,,,,,0.0,Fresh,,,,,0.0,0,False,2026-06-05 12:45:13,,,,,,,,,,,,,,,,,,,,,,,,,,,,,,,,,False,
INE0K5H01010,SADHAV,SADHAV SHIPPING,Transport Services,True,ILLIQUID,Avg daily traded value ₹29.8L < ₹50.0L,0,0,,0,0,0,AVOID,,0,False,False,0%,,CAUTION,OTHER,,,,,0.0,,,,,,,,,0.0,Fresh,,,,,0.0,0,False,2026-06-05 12:45:13,,,,,,,,,,,,,,,,,,,,,,,,,,,,,,,,,False,
INE764L01010,SADBHIN,SADBHAV INFRA.,Construction,True,DISTRESS,Altman Z = -0.38 (bankruptcy zone),0,0,,0,0,0,AVOID,,0,False,False,0%,,CAUTION,OTHER,,,,,0.0,,,,,,,,,0.0,Fresh,,,,,0.0,0,False,2026-06-05 12:45:13,,,,,,,,,,,,,,,,,,,,,,,,,,,,,,,,,False,8.0
INE860T01019,SABEVENTS,SAB EVENTS,Media,True,LANDMINE,Promoter pledging 68.9% (>40.0%),0,0,,0,0,0,LANDMINE,,0,False,False,0%,,CAUTION,OTHER,,,,,0.0,,,,,,,,,0.0,Fresh,,,,,0.0,0,False,2026-06-05 12:45:13,,,,,,,,,,,,,,,,,,,,,,,,,,,,,,,,,False,
INE0DZ101013,SABAR,SABAR FLEX INDIA,Industrial Products,True,ILLIQUID,Avg daily traded value ₹0.1L < ₹50.0L,0,0,,0,0,0,AVOID,,0,False,False,0%,,CAUTION,OTHER,,,,,0.0,,,,,,,,,0.0,Fresh,,,,,0.0,0,False,2026-06-05 12:45:13,,,,,,,,,,,,,,,,,,,,,,,,,,,,,,,,,False,
INE0PSK01027,SAAKSHI,SAAKSHI MEDTECH,Electrical Equipment,True,ILLIQUID,Avg daily traded value ₹38.5L < ₹50.0L,0,0,,0,0,0,AVOID,,0,False,False,0%,,CAUTION,OTHER,,,,,0.0,,,,,,,,,0.0,Fresh,,,,,0.0,0,False,2026-06-05 12:45:13,,,,,,,,,,,,,,,,,,,,,,,,,,,,,,,,,False,
INE902B01017,S&SPOWER,S & S POWER SWIT,Electrical Equipment,True,ILLIQUID,Avg daily traded value ₹2.8L < ₹50.0L,0,0,,0,0,0,AVOID,,0,False,False,0%,,CAUTION,OTHER,,,,,0.0,,,,,,,,,0.0,Fresh,,,,,0.0,0,False,2026-06-05 12:45:13,,,,,,,,,,,,,,,,,,,,,,,,,,,,,,,,,False,13.0
INE0DAB01012,RVTH,REVATHI EQUIP,Industrial Manufacturing,True,ILLIQUID,Avg daily traded value ₹19.9L < ₹50.0L,0,0,,0,0,0,AVOID,,0,False,False,0%,,CAUTION,OTHER,,,,,0.0,,,,,,,,,0.0,Fresh,,,,,0.0,0,False,2026-06-05 12:45:13,,,,,,,,,,,,,,,,,,,,,,,,,,,,,,,,,False,
INE226H01026,SADBHAV,SADBHAV ENGG.,Construction,True,DISTRESS,Altman Z = -0.15 (bankruptcy zone),0,0,,0,0,0,AVOID,,0,False,False,0%,,CAUTION,OTHER,,,,,0.0,,,,,,,,,0.0,Fresh,,,,,0.0,0,False,2026-06-05 12:45:13,,,,,,,,,,,,,,,,,,,,,,,,,,,,,,,,,False,
INE616F01022,RSDFIN,NAN,nan,True,ILLIQUID,Avg daily traded value ₹2.4L < ₹50.0L,0,0,,0,0,0,AVOID,,0,False,False,0%,,CAUTION,OTHER,,,,,0.0,,,,,,,,,0.0,Fresh,,,,,0.0,0,False,2026-06-05 12:45:13,,,,,,,,,,,,,,,,,,,,,,,,,,,,,,,,,False,10.0
INE951M01037,RRIL,NAN,nan,True,ILLIQUID,Avg daily traded value ₹10.5L < ₹50.0L,0,0,,0,0,0,AVOID,,0,False,False,0%,,CAUTION,OTHER,,,,,0.0,,,,,,,,,0.0,Fresh,,,,,0.0,0,False,2026-06-05 12:45:13,,,,,,,,,,,,,,,,,,,,,,,,,,,,,,,,,False,
INE760W01023,RPPL,RAJSHREE POLYPAC,Industrial Products,True,ILLIQUID,Avg daily traded value ₹14.1L < ₹50.0L,0,0,,0,0,0,AVOID,,0,False,False,0%,,CAUTION,OTHER,,,,,0.0,,,,,,,,,0.0,Fresh,,,,,0.0,0,False,2026-06-05 12:45:13,,,,,,,,,,,,,,,,,,,,,,,,,,,,,,,,,False,
INE0NQ801033,RKSWAMY,R K SWAMY,Media,False,,,0,0,,0,0,0,AVOID,,0,False,False,0%,,,,,,,,,,,,,,,,,,Fresh,,,,,,0,False,2026-06-05 12:45:13,,,,,,,,,,,,,,,,,,,,,,,,,,,,,,,,,False,16.0
INE786W01010,RKEC,RKEC PROJECTS,Construction,True,ILLIQUID,Avg daily traded value ₹7.4L < ₹50.0L,0,0,,0,0,0,AVOID,,0,False,False,0%,,CAUTION,OTHER,,,,,0.0,,,,,,,,,0.0,Fresh,,,,,0.0,0,False,2026-06-05 12:45:13,,,,,,,,,,,,,,,,,,,,,,,,,,,,,,,,,False,
INE722J01012,RKDL,RAVIKUMAR DISTLL,Beverages,True,DISTRESS,Altman Z = 0.26 (bankruptcy zone),0,0,,0,0,0,AVOID,,0,False,False,0%,,CAUTION,CONSUMPTION,,,,,0.0,,,,,,,,,0.0,Fresh,,,,,0.0,0,False,2026-06-05 12:45:13,,,,,,,,,,,,,,,,,,,,,,,,,,,,,,,,,False,
INE0MRA01019,RITEZONE,RITE ZONE,Chemicals & Petrochemicals,True,ILLIQUID,Avg daily traded value ₹1.9L < ₹50.0L,0,0,,0,0,0,AVOID,,0,False,False,0%,,CAUTION,OTHER,,,,,0.0,,,,,,,,,0.0,Fresh,,,,,0.0,0,False,2026-06-05 12:45:13,,,,,,,,,,,,,,,,,,,,,,,,,,,,,,,,,False,
INE614G01033,RPOWER,RELIANCE POWER,Power,True,DISTRESS,Altman Z = 0.65 (bankruptcy zone),0,0,,0,0,0,AVOID,,0,False,False,0%,,CAUTION,OTHER,,,,,0.0,,,,,,,,,0.0,Fresh,,,,,0.0,0,False,2026-06-05 12:45:13,,,,,,,,,,,,,,,,,,,,,,,,,,,,,,,,,False,14.0
INE105J01010,RPGLIFE,RPG LIFESCIENCE.,Pharmaceuticals & Biotechnology,False,LIQUIDITY,"Avg 20d vol 7,027 < 50K shares/day (micro-illiquid)",0,0,,0,0,0,AVOID,,0,False,False,0%,,CAUTION,OTHER,,,,,0.0,,,,,,,,,0.0,Fresh,,,,,0.0,0,False,2026-06-05 12:45:13,,,,,,,,,,,,,,,,,,,,,,,,,,,,,,,,,False,36.0
INE0PDJ01013,ROXHITECH,ROX HI-TECH,IT - Services,True,ILLIQUID,Avg daily traded value ₹4.1L < ₹50.0L,0,0,,0,0,0,AVOID,,0,False,False,0%,,CAUTION,OTHER,,,,,0.0,,,,,,,,,0.0,Fresh,,,,,0.0,0,False,2026-06-05 12:45:13,,,,,,,,,,,,,,,,,,,,,,,,,,,,,,,,,False,
INE294G01026,ROML,RAJ OIL MILLS,Agricultural Food & other Products,True,DISTRESS,Altman Z = -1.62 (bankruptcy zone),0,0,,0,0,0,AVOID,,0,False,False,0%,,CAUTION,OTHER,,,,,0.0,,,,,,,,,0.0,Fresh,,,,,0.0,0,False,2026-06-05 12:45:14,,,,,,,,,,,,,,,,,,,,,,,,,,,,,,,,,False,
INE927A01040,ROLLT,ROLLATAINERS,Industrial Products,True,DISTRESS,Altman Z = -7.21 (bankruptcy zone),0,0,,0,0,0,AVOID,,0,False,False,0%,,CAUTION,OTHER,,,,,0.0,,,,,,,,,0.0,Fresh,,,,,0.0,0,False,2026-06-05 12:45:14,,,,,,,,,,,,,,,,,,,,,,,,,,,,,,,,,False,
INE283H01019,ROHLTD,ROYAL ORCH.HOTEL,Leisure Services,False,LIQUIDITY,"Avg 20d vol 38,818 < 50K shares/day (micro-illiquid)",0,0,,0,0,0,AVOID,,0,False,False,0%,,CAUTION,OTHER,,,,,0.0,,,,,,,,,0.0,Fresh,,,,,0.0,0,False,2026-06-05 12:45:14,,,,,,,,,,,,,,,,,,,,,,,,,,,,,,,,,False,
INE0PTR01012,ROCKINGDCE,ROCKINGDEALS CIR,Commercial Services & Supplies,True,ILLIQUID,Avg daily traded value ₹9.7L < ₹50.0L,0,0,,0,0,0,AVOID,,0,False,False,0%,,CAUTION,OTHER,,,,,0.0,,,,,,,,,0.0,Fresh,,,,,0.0,0,False,2026-06-05 12:45:14,,,,,,,,,,,,,,,,,,,,,,,,,,,,,,,,,False,
INE847C01020,ROSSELLIND,ROSSELL INDIA,Agricultural Food & other Products,True,ILLIQUID,Avg daily traded value ₹16.8L < ₹50.0L,0,0,,0,0,0,AVOID,,0,False,False,0%,,CAUTION,OTHER,,,,,0.0,,,,,,,,,0.0,Fresh,,,,,0.0,0,False,2026-06-05 12:45:14,,,,,,,,,,,,,,,,,,,,,,,,,,,,,,,,,False,
INE425Y01011,RPSGVENT,RPSG VENTURES,Commercial Services & Supplies,True,DISTRESS,Altman Z = 0.74 (bankruptcy zone),0,0,,0,0,0,AVOID,,0,False,False,0%,,CAUTION,OTHER,,,,,0.0,,,,,,,,,0.0,Fresh,,,,,0.0,0,False,2026-06-05 12:45:14,,,,,,,,,,,,,,,,,,,,,,,,,,,,,,,,,False,
INE01Z401013,SHUBHLAXMI,SHUBHLAXMI JEWEL,Consumer Durables,True,ILLIQUID,Avg daily traded value ₹1.1L < ₹50.0L,0,0,,0,0,0,AVOID,,0,False,False,0%,,CAUTION,CONSUMPTION,,,,,0.0,,,,,,,,,0.0,Fresh,,,,,0.0,0,False,2026-06-05 12:45:14,,,,,,,,,,,,,,,,,,,,,,,,,,,,,,,,,False,
INE0OMF01015,SHRITECH,SHRI TECHTEX,Industrial Products,True,ILLIQUID,Avg daily traded value ₹7.3L < ₹50.0L,0,0,,0,0,0,AVOID,,0,False,False,0%,,CAUTION,OTHER,,,,,0.0,,,,,,,,,0.0,Fresh,,,,,0.0,0,False,2026-06-05 12:45:14,,,,,,,,,,,,,,,,,,,,,,,,,,,,,,,,,False,
INE217L01019,SHRIRAMPPS,SHRIRAM PROPERTI,Realty,True,DISTRESS,Altman Z = 0.70 (bankruptcy zone),0,0,,0,0,0,AVOID,,0,False,False,0%,,CAUTION,OTHER,,,,,0.0,,,,,,,,,0.0,Fresh,,,,,0.0,0,False,2026-06-05 12:45:14,,,,,,,,,,,,,,,,,,,,,,,,,,,,,,,,,False,
INE526E01018,SHRIPISTON,SHRIRAM PISTONS,Auto Components,False,LIQUIDITY,"Avg 20d vol 45,273 < 50K shares/day (micro-illiquid)",0,0,,0,0,0,AVOID,,0,False,False,0%,,CAUTION,OTHER,,,,,0.0,,,,,,,,,0.0,Fresh,,,,,0.0,0,False,2026-06-05 12:45:14,,,,,,,,,,,,,,,,,,,,,,,,,,,,,,,,,False,24.0
INE997I01012,SHRIKRISH,NAN,nan,True,ILLIQUID,Avg daily traded value ₹0.6L < ₹50.0L,0,0,,0,0,0,AVOID,,0,False,False,0%,,CAUTION,OTHER,,,,,0.0,,,,,,,,,0.0,Fresh,,,,,0.0,0,False,2026-06-05 12:45:14,,,,,,,,,,,,,,,,,,,,,,,,,,,,,,,,,False,36.0
INE231C01019,SHREYANIND,SHREYANS INDS.,"Paper, Forest & Jute Products",True,ILLIQUID,Avg daily traded value ₹8.1L < ₹50.0L,0,0,,0,0,0,AVOID,,0,False,False,0%,,CAUTION,OTHER,,,,,0.0,,,,,,,,,0.0,Fresh,,,,,0.0,0,False,2026-06-05 12:45:14,,,,,,,,,,,,,,,,,,,,,,,,,,,,,,,,,False,
INE632X01030,SHRENIK,SHRENIK,"Paper, Forest & Jute Products",True,LANDMINE,Promoter pledging 99.9% (>40.0%),0,0,,0,0,0,LANDMINE,,0,False,False,0%,,CAUTION,OTHER,,,,,0.0,,,,,,,,,0.0,Fresh,,,,,0.0,0,False,2026-06-05 12:45:14,,,,,,,,,,,,,,,,,,,,,,,,,,,,,,,,,False,
INE979R01011,SHYAMCENT,SHYAM CENTURY,Ferrous Metals,True,CHRONIC_LOSSES,"NP negative 3 of 4 quarters, no turnaround signal",0,0,,0,0,0,AVOID,,0,False,False,0%,,CAUTION,OTHER,,,,,0.0,,,,,,,,,0.0,Fresh,,,,,0.0,0,False,2026-06-05 12:45:14,,,,,,,,,,,,,,,,,,,,,,,,,,,,,,,,,False,
INE923A01015,SILINV,SIL INVESTMENTS,Finance,True,ILLIQUID,Avg daily traded value ₹11.6L < ₹50.0L,0,0,,0,0,0,AVOID,,0,False,False,0%,,CAUTION,FINANCIALS,,,,,0.0,,,,,,,,,0.0,Fresh,,,,,0.0,0,False,2026-06-05 12:45:14,,,,,,,,,,,,,,,,,,,,,,,,,,,,,,,,,False,
INE173A01025,SIL,STANDARD INDS.,Realty,True,CHRONIC_LOSSES,"NP negative 3 of 4 quarters, no turnaround signal",0,0,,0,0,0,AVOID,,0,False,False,0%,,CAUTION,OTHER,,,,,0.0,,,,,,,,,0.0,Fresh,,,,,0.0,0,False,2026-06-05 12:45:14,,,,,,,,,,,,,,,,,,,,,,,,,,,,,,,,,False,24.0
INE112X01025,SIKKO,SIKKO INDUSTRIES,Fertilizers & Agrochemicals,True,ILLIQUID,Avg daily traded value ₹11.9L < ₹50.0L,0,0,,0,0,0,AVOID,,0,False,False,0%,,CAUTION,OTHER,,,,,0.0,,,,,,,,,0.0,Fresh,,,,,0.0,0,False,2026-06-05 12:45:14,,,,,,,,,,,,,,,,,,,,,,,,,,,,,,,,,False,
INE438E01032,SIKA,NAN,nan,False,LIQUIDITY,"Avg 20d vol 26,704 < 50K shares/day (micro-illiquid)",0,0,,0,0,0,AVOID,,0,False,False,0%,,CAUTION,OTHER,,,,,0.0,,,,,,,,,0.0,Fresh,,,,,0.0,0,False,2026-06-05 12:45:14,,,,,,,,,,,,,,,,,,,,,,,,,,,,,,,,,False,
INE0RDE01010,SIGNORIA,SIGNORIA CREATIO,Textiles & Apparels,True,ILLIQUID,Avg daily traded value ₹0.9L < ₹50.0L,0,0,,0,0,0,AVOID,,0,False,False,0%,,CAUTION,OTHER,,,,,0.0,,,,,,,,,0.0,Fresh,,,,,0.0,0,False,2026-06-05 12:45:14,,,,,,,,,,,,,,,,,,,,,,,,,,,,,,,,,False,
INE903U01023,SIGNATURE,SIGNATUREGLOBAL,Realty,True,DISTRESS,Altman Z = 0.89 (bankruptcy zone),0,0,,0,0,0,AVOID,,0,False,False,0%,,CAUTION,OTHER,,,,,0.0,,,,,,,,,0.0,Fresh,,,,,0.0,0,False,2026-06-05 12:45:14,,,,,,,,,,,,,,,,,,,,,,,,,,,,,,,,,False,50.0
INE203Y01012,SILLYMONKS,SILLY MONKS,Entertainment,True,CHRONIC_LOSSES,"NP negative 3 of 4 quarters, no turnaround signal",0,0,,0,0,0,AVOID,,0,False,False,0%,,CAUTION,OTHER,,,,,0.0,,,,,,,,,0.0,Fresh,,,,,0.0,0,False,2026-06-05 12:45:14,,,,,,,,,,,,,,,,,,,,,,,,,,,,,,,,,False,
INE0A0S01028,SIGMA,SIGMA SOLVE,IT - Services,True,ILLIQUID,Avg daily traded value ₹38.4L < ₹50.0L,0,0,,0,0,0,AVOID,,0,False,False,0%,,CAUTION,OTHER,,,,,0.0,,,,,,,,,0.0,Fresh,,,,,0.0,0,False,2026-06-05 12:45:14,,,,,,,,,,,,,,,,,,,,,,,,,,,,,,,,,False,
INE0A1E01018,SIDDHIKA,SIDDHIKA COATINS,Consumer Durables,True,ILLIQUID,Avg daily traded value ₹14.7L < ₹50.0L,0,0,,0,0,0,AVOID,,0,False,False,0%,,CAUTION,CONSUMPTION,,,,,0.0,,,,,,,,,0.0,Fresh,,,,,0.0,0,False,2026-06-05 12:45:14,,,,,,,,,,,,,,,,,,,,,,,,,,,,,,,,,False,
INE075B01020,SICALLOG,SICAL LOGISTICS,Transport Services,True,DISTRESS,Altman Z = -3.02 (bankruptcy zone),0,0,,0,0,0,AVOID,,0,False,False,0%,,CAUTION,OTHER,,,,,0.0,,,,,,,,,0.0,Fresh,,,,,0.0,0,False,2026-06-05 12:45:14,,,,,,,,,,,,,,,,,,,,,,,,,,,,,,,,,False,
INE176J01011,SICAGEN,NAN,nan,True,ILLIQUID,Avg daily traded value ₹12.7L < ₹50.0L,0,0,,0,0,0,AVOID,,0,False,False,0%,,CAUTION,OTHER,,,,,0.0,,,,,,,,,0.0,Fresh,,,,,0.0,0,False,2026-06-05 12:45:14,,,,,,,,,,,,,,,,,,,,,,,,,,,,,,,,,False,
INE635A01023,SHYAMTEL,SHYAM TELECOM,Commercial Services & Supplies,True,DISTRESS,Altman Z = -5.25 (bankruptcy zone),0,0,,0,0,0,AVOID,,0,False,False,0%,,CAUTION,OTHER,,,,,0.0,,,,,,,,,0.0,Fresh,,,,,0.0,0,False,2026-06-05 12:45:14,,,,,,,,,,,,,,,,,,,,,,,,,,,,,,,,,False,39.0
INE529F01035,SIGIND,SIGNET INDUSTRIE,Commercial Services & Supplies,True,ILLIQUID,Avg daily traded value ₹4.2L < ₹50.0L,0,0,,0,0,0,AVOID,,0,False,False,0%,,CAUTION,OTHER,,,,,0.0,,,,,,,,,0.0,Fresh,,,,,0.0,0,False,2026-06-05 12:45:14,,,,,,,,,,,,,,,,,,,,,,,,,,,,,,,,,False,
INE024F01011,SHILCTECH,SHILCHAR TECH.,Electrical Equipment,False,LIQUIDITY,"Avg 20d vol 23,081 < 50K shares/day (micro-illiquid)",0,0,,0,0,0,AVOID,,0,False,False,0%,,CAUTION,OTHER,,,,,0.0,,,,,,,,,0.0,Fresh,,,,,0.0,0,False,2026-06-05 12:45:14,,,,,,,,,,,,,,,,,,,,,,,,,,,,,,,,,False,30.0
INE03KJ01013,SHIGAN,SHIGAN QUANTUM,Auto Components,True,ILLIQUID,Avg daily traded value ₹5.9L < ₹50.0L,0,0,,0,0,0,AVOID,,0,False,False,0%,,CAUTION,OTHER,,,,,0.0,,,,,,,,,0.0,Fresh,,,,,0.0,0,False,2026-06-05 12:45:14,,,,,,,,,,,,,,,,,,,,,,,,,,,,,,,,,False,
INE363M01019,SHEMAROO,SHEMAROO ENTERT.,Entertainment,True,CHRONIC_LOSSES,"NP negative 3 of 4 quarters, no turnaround signal",0,0,,0,0,0,AVOID,,0,False,False,0%,,CAUTION,OTHER,,,,,0.0,,,,,,,,,0.0,Fresh,,,,,0.0,0,False,2026-06-05 12:45:14,,,,,,,,,,,,,,,,,,,,,,,,,,,,,,,,,False,19.0
INE268L01046,SHEKHAWATI,SHEKHAWATI INDS,Textiles & Apparels,True,DISTRESS,Altman Z = 0.13 (bankruptcy zone),0,0,,0,0,0,AVOID,,0,False,False,0%,,CAUTION,OTHER,,,,,0.0,,,,,,,,,0.0,Fresh,,,,,0.0,0,False,2026-06-05 12:45:14,,,,,,,,,,,,,,,,,,,,,,,,,,,,,,,,,False,
INE04VX01019,SHEETAL,SHEETAL UNIVER.,Agricultural Food & other Products,True,ILLIQUID,Avg daily traded value ₹31.9L < ₹50.0L,0,0,,0,0,0,AVOID,,0,False,False,0%,,CAUTION,OTHER,,,,,0.0,,,,,,,,,0.0,Fresh,,,,,0.0,0,False,2026-06-05 12:45:14,,,,,,,,,,,,,,,,,,,,,,,,,,,,,,,,,False,
INE402H01015,SHBAJRG,NAN,nan,True,ILLIQUID,Avg daily traded value ₹4.5L < ₹50.0L,0,0,,0,0,0,AVOID,,0,False,False,0%,,CAUTION,OTHER,,,,,0.0,,,,,,,,,0.0,Fresh,,,,,0.0,0,False,2026-06-05 12:45:14,,,,,,,,,,,,,,,,,,,,,,,,,,,,,,,,,False,
INE037B01020,SHARDUL,NAN,nan,True,ILLIQUID,Avg daily traded value ₹2.0L < ₹50.0L,0,0,,0,0,0,AVOID,,0,False,False,0%,,CAUTION,OTHER,,,,,0.0,,,,,,,,,0.0,Fresh,,,,,0.0,0,False,2026-06-05 12:45:14,,,,,,,,,,,,,,,,,,,,,,,,,,,,,,,,,False,8.0
INE631A01022,SHANTIGEAR,SHANTHI GEARS,Industrial Manufacturing,True,ILLIQUID,Avg daily traded value ₹45.4L < ₹50.0L,0,0,,0,0,0,AVOID,,0,False,False,0%,,CAUTION,OTHER,,,,,0.0,,,,,,,,,0.0,Fresh,,,,,0.0,0,False,2026-06-05 12:45:14,,,,,,,,,,,,,,,,,,,,,,,,,,,,,,,,,False,31.0
INE933X01016,SHANTI,SHANTI OVERSEAS,Agricultural Food & other Products,True,ILLIQUID,Avg daily traded value ₹1.8L < ₹50.0L,0,0,,0,0,0,AVOID,,0,False,False,0%,,CAUTION,OTHER,,,,,0.0,,,,,,,,,0.0,Fresh,,,,,0.0,0,False,2026-06-05 12:45:14,,,,,,,,,,,,,,,,,,,,,,,,,,,,,,,,,False,
INE788J01021,SHIVALIK,SHIVALIK RASAYAN,Fertilizers & Agrochemicals,False,,,0,0,,0,0,0,AVOID,,0,False,False,0%,,,,,,,,,,,,,,,,,,Fresh,,,,,,0,False,2026-06-05 12:45:14,,,,,,,,,,,,,,,,,,,,,,,,,,,,,,,,,False,8.0
INE637H01024,SHIVAMAUTO,SHIVAM AUTOTECH,Auto Components,True,DISTRESS,Altman Z = 0.44 (bankruptcy zone),0,0,,0,0,0,AVOID,,0,False,False,0%,,CAUTION,OTHER,,,,,0.0,,,,,,,,,0.0,Fresh,,,,,0.0,0,False,2026-06-05 12:45:14,,,,,,,,,,,,,,,,,,,,,,,,,,,,,,,,,False,
INE644Y01017,SHIVAMILLS,SHIVA MILLS,Textiles & Apparels,True,CHRONIC_LOSSES,"NP negative 3 of 4 quarters, no turnaround signal",0,0,,0,0,0,AVOID,,0,False,False,0%,,CAUTION,OTHER,,,,,0.0,,,,,,,,,0.0,Fresh,,,,,0.0,0,False,2026-06-05 12:45:14,,,,,,,,,,,,,,,,,,,,,,,,,,,,,,,,,False,
INE02S501018,SHREEOSFM,SHREE OSFM,Transport Services,True,ILLIQUID,Avg daily traded value ₹9.3L < ₹50.0L,0,0,,0,0,0,AVOID,,0,False,False,0%,,CAUTION,OTHER,,,,,0.0,,,,,,,,,0.0,Fresh,,,,,0.0,0,False,2026-06-05 12:45:14,,,,,,,,,,,,,,,,,,,,,,,,,,,,,,,,,False,
INE0S4Y01010,SHREEKARNI,SHREE KARNI,Textiles & Apparels,True,ILLIQUID,Avg daily traded value ₹12.8L < ₹50.0L,0,0,,0,0,0,AVOID,,0,False,False,0%,,CAUTION,OTHER,,,,,0.0,,,,,,,,,0.0,Fresh,,,,,0.0,0,False,2026-06-05 12:45:14,,,,,,,,,,,,,,,,,,,,,,,,,,,,,,,,,False,
INE070A01015,SHREECEM,SHREE CEMENT,Cement & Cement Products,False,LIQUIDITY,"Avg 20d vol 19,057 < 50K shares/day (micro-illiquid)",0,0,,0,0,0,AVOID,,0,False,False,0%,,CAUTION,OTHER,,,,,0.0,,,,,,,,,0.0,Fresh,,,,,0.0,0,False,2026-06-05 12:45:14,,,,,,,,,,,,,,,,,,,,,,,,,,,,,,,,,False,
INE715Y01031,SHRADHA,SHRADHA REALTY,Realty,True,ILLIQUID,Avg daily traded value ₹16.8L < ₹50.0L,0,0,,0,0,0,AVOID,,0,False,False,0%,,CAUTION,OTHER,,,,,0.0,,,,,,,,,0.0,Fresh,,,,,0.0,0,False,2026-06-05 12:45:14,,,,,,,,,,,,,,,,,,,,,,,,,,,,,,,,,False,
INE498B01024,SHOPERSTOP,SHOPPERS STOP,Retailing,True,DISTRESS,Altman Z = 0.93 (bankruptcy zone),0,0,,0,0,0,AVOID,,0,False,False,0%,,CAUTION,OTHER,,,,,0.0,,,,,,,,,0.0,Fresh,,,,,0.0,0,False,2026-06-05 12:45:14,,,,,,,,,,,,,,,,,,,,,,,,,,,,,,,,,False,
INE500L01026,SHK,S H KELKAR & CO.,Chemicals & Petrochemicals,False,,,0,0,,0,0,0,AVOID,,0,False,False,0%,,,,,,,,,,,,,,,,,,Fresh,,,,,,0,False,2026-06-05 12:45:15,,,,,,,,,,,,,,,,,,,,,,,,,,,,,,,,,False,
INE719F01016,SHIVAUM,SHIV AUM STEELS,Commercial Services & Supplies,True,ILLIQUID,Avg daily traded value ₹0.1L < ₹50.0L,0,0,,0,0,0,AVOID,,0,False,False,0%,,CAUTION,OTHER,,,,,0.0,,,,,,,,,0.0,Fresh,,,,,0.0,0,False,2026-06-05 12:45:15,,,,,,,,,,,,,,,,,,,,,,,,,,,,,,,,,False,
INE705C01020,SHIVATEX,SHIVA TEXYARN,Textiles & Apparels,True,ILLIQUID,Avg daily traded value ₹10.6L < ₹50.0L,0,0,,0,0,0,AVOID,,0,False,False,0%,,CAUTION,OTHER,,,,,0.0,,,,,,,,,0.0,Fresh,,,,,0.0,0,False,2026-06-05 12:45:15,,,,,,,,,,,,,,,,,,,,,,,,,,,,,,,,,False,
INE232A01011,SHREDIGCEM,SH. DIGVIJAY CEM,Cement & Cement Products,False,,,0,0,,0,0,0,AVOID,,0,False,False,0%,,,,,,,,,,,,,,,,,,Fresh,,,,,,0,False,2026-06-05 12:45:15,,,,,,,,,,,,,,,,,,,,,,,,,,,,,,,,,False,36.0
INE017W01010,SMLT,SARTHAK METALS,Industrial Products,True,ILLIQUID,Avg daily traded value ₹17.5L < ₹50.0L,0,0,,0,0,0,AVOID,,0,False,False,0%,,CAUTION,OTHER,,,,,0.0,,,,,,,,,0.0,Fresh,,,,,0.0,0,False,2026-06-05 12:45:15,,,,,,,,,,,,,,,,,,,,,,,,,,,,,,,,,False,53.0
INE103C01036,SMCGLOBAL,SMC GLOBAL SEC.,Capital Markets,False,,,0,0,,0,0,0,AVOID,,0,False,False,0%,,,,,,,,,,,,,,,,,,Fresh,,,,,,0,False,2026-06-05 12:45:15,,,,,,,,,,,,,,,,,,,,,,,,,,,,,,,,,False,32.0
INE0NAZ01010,SMARTWORKS,SMARTWORKS COWOR,Commercial Services & Supplies,True,DISTRESS,Altman Z = 0.70 (bankruptcy zone),0,0,,0,0,0,AVOID,,0,False,False,0%,,CAUTION,OTHER,,,,,0.0,,,,,,,,,0.0,Fresh,,,,,0.0,0,False,2026-06-05 12:45:15,,,,,,,,,,,,,,,,,,,,,,,,,,,,,,,,,False,36.0
INE178C01020,SMARTLINK,SMARTLINK HOLD.,IT - Hardware,False,LIQUIDITY,"Avg 20d vol 48,358 < 50K shares/day (micro-illiquid)",0,0,,0,0,0,AVOID,,0,False,False,0%,,CAUTION,TECHNOLOGY,,,,,0.0,,,,,,,,,0.0,Fresh,,,,,0.0,0,False,2026-06-05 12:45:15,,,,,,,,,,,,,,,,,,,,,,,,,,,,,,,,,False,
INE671H01015,SOBHA,SOBHA,Realty,False,,,0,0,,0,0,0,AVOID,,0,False,False,0%,,,,,,,,,,,,,,,,,,Fresh,,,,,,0,False,2026-06-05 12:45:15,,,,,,,,,,,,,,,,,,,,,,,,,,,,,,,,,False,53.0
INE212I01016,SPAL,S P APPARELS,Textiles & Apparels,False,LIQUIDITY,"Avg 20d vol 29,981 < 50K shares/day (micro-illiquid)",0,0,,0,0,0,AVOID,,0,False,False,0%,,CAUTION,OTHER,,,,,0.0,,,,,,,,,0.0,Fresh,,,,,0.0,0,False,2026-06-05 12:45:15,,,,,,,,,,,,,,,,,,,,,,,,,,,,,,,,,False,
INE0JZA01018,SONUINFRA,SONU INFRATECH,Construction,True,ILLIQUID,Avg daily traded value ₹2.3L < ₹50.0L,0,0,,0,0,0,AVOID,,0,False,False,0%,,CAUTION,OTHER,,,,,0.0,,,,,,,,,0.0,Fresh,,,,,0.0,0,False,2026-06-05 12:45:15,,,,,,,,,,,,,,,,,,,,,,,,,,,,,,,,,False,
INE0Q6H01012,SONAMAC,SONA MACHINERY,Industrial Manufacturing,True,ILLIQUID,Avg daily traded value ₹2.6L < ₹50.0L,0,0,,0,0,0,AVOID,,0,False,False,0%,,CAUTION,OTHER,,,,,0.0,,,,,,,,,0.0,Fresh,,,,,0.0,0,False,2026-06-05 12:45:15,,,,,,,,,,,,,,,,,,,,,,,,,,,,,,,,,False,
INE321M01017,SONAL,NAN,nan,True,ILLIQUID,Avg daily traded value ₹0.1L < ₹50.0L,0,0,,0,0,0,AVOID,,0,False,False,0%,,CAUTION,OTHER,,,,,0.0,,,,,,,,,0.0,Fresh,,,,,0.0,0,False,2026-06-05 12:45:15,,,,,,,,,,,,,,,,,,,,,,,,,,,,,,,,,False,
INE314C01013,SOMATEX,SOMA TEXTILES,Textiles & Apparels,True,ILLIQUID,Avg daily traded value ₹14.7L < ₹50.0L,0,0,,0,0,0,AVOID,,0,False,False,0%,,CAUTION,OTHER,,,,,0.0,,,,,,,,,0.0,Fresh,,,,,0.0,0,False,2026-06-05 12:45:15,,,,,,,,,,,,,,,,,,,,,,,,,,,,,,,,,False,
INE624Z01016,SOLARA,SOLARA ACTIVE,Pharmaceuticals & Biotechnology,False,,,0,0,,0,0,0,AVOID,,0,False,False,0%,,,,,,,,,,,,,,,,,,Fresh,,,,,,0,False,2026-06-05 12:45:15,,,,,,,,,,,,,,,,,,,,,,,,,,,,,,,,,False,
INE728Z01015,SOFTTECH,SOFTTECH ENGINEE,IT - Software,True,ILLIQUID,Avg daily traded value ₹48.9L < ₹50.0L,0,0,,0,0,0,AVOID,,0,False,False,0%,,CAUTION,OTHER,,,,,0.0,,,,,,,,,0.0,Fresh,,,,,0.0,0,False,2026-06-05 12:45:15,,,,,,,,,,,,,,,,,,,,,,,,,,,,,,,,,False,9.0
INE323J01019,SOMICONVEY,SOMI CONV.BELT.,Industrial Manufacturing,True,ILLIQUID,Avg daily traded value ₹15.9L < ₹50.0L,0,0,,0,0,0,AVOID,,0,False,False,0%,,CAUTION,OTHER,,,,,0.0,,,,,,,,,0.0,Fresh,,,,,0.0,0,False,2026-06-05 12:45:15,,,,,,,,,,,,,,,,,,,,,,,,,,,,,,,,,False,15.0
INE0Q9Q01017,SHANTHALA,SHANTHALA FMCG,Cigarettes & Tobacco Products,True,ILLIQUID,Avg daily traded value ₹0.7L < ₹50.0L,0,0,,0,0,0,AVOID,,0,False,False,0%,,CAUTION,OTHER,,,,,0.0,,,,,,,,,0.0,Fresh,,,,,0.0,0,False,2026-06-05 12:45:15,,,,,,,,,,,,,,,,,,,,,,,,,,,,,,,,,False,
INE0SMA01017,SLONE,SLONE INFOSYS.,IT - Hardware,True,ILLIQUID,Avg daily traded value ₹3.2L < ₹50.0L,0,0,,0,0,0,AVOID,,0,False,False,0%,,CAUTION,TECHNOLOGY,,,,,0.0,,,,,,,,,0.0,Fresh,,,,,0.0,0,False,2026-06-05 12:45:15,,,,,,,,,,,,,,,,,,,,,,,,,,,,,,,,,False,
INE638A01035,SINGERIND,NAN,nan,True,ILLIQUID,Avg daily traded value ₹27.2L < ₹50.0L,0,0,,0,0,0,AVOID,,0,False,False,0%,,CAUTION,OTHER,,,,,0.0,,,,,,,,,0.0,Fresh,,,,,0.0,0,False,2026-06-05 12:45:15,,,,,,,,,,,,,,,,,,,,,,,,,,,,,,,,,False,8.0
INE985A01022,SINCLAIR,SINCLAIRS HOTELS,Leisure Services,True,ILLIQUID,Avg daily traded value ₹35.2L < ₹50.0L,0,0,,0,0,0,AVOID,,0,False,False,0%,,CAUTION,OTHER,,,,,0.0,,,,,,,,,0.0,Fresh,,,,,0.0,0,False,2026-06-05 12:45:15,,,,,,,,,,,,,,,,,,,,,,,,,,,,,,,,,False,
INE059B01024,SIMPLEXINF,SIMPLEX INFRA,Construction,True,DISTRESS,Altman Z = 0.48 (bankruptcy zone),0,0,,0,0,0,AVOID,,0,False,False,0%,,CAUTION,OTHER,,,,,0.0,,,,,,,,,0.0,Fresh,,,,,0.0,0,False,2026-06-05 12:45:15,,,,,,,,,,,,,,,,,,,,,,,,,,,,,,,,,False,
INE748T01016,SIMBHALS,SIMBHAOLI SUGAR,Agricultural Food & other Products,True,DISTRESS,Altman Z = -0.81 (bankruptcy zone),0,0,,0,0,0,AVOID,,0,False,False,0%,,CAUTION,OTHER,,,,,0.0,,,,,,,,,0.0,Fresh,,,,,0.0,0,False,2026-06-05 12:45:15,,,,,,,,,,,,,,,,,,,,,,,,,,,,,,,,,False,
INE129Z01016,SINTERCOM,SINTERCOM INDIA,Auto Components,True,ILLIQUID,Avg daily traded value ₹38.8L < ₹50.0L,0,0,,0,0,0,AVOID,,0,False,False,0%,,CAUTION,OTHER,,,,,0.0,,,,,,,,,0.0,Fresh,,,,,0.0,0,False,2026-06-05 12:45:15,,,,,,,,,,,,,,,,,,,,,,,,,,,,,,,,,False,
INE965H01011,SITINET,SITI NETWORKS,Entertainment,True,DISTRESS,Altman Z = -3.70 (bankruptcy zone),0,0,,0,0,0,AVOID,,0,False,False,0%,,CAUTION,OTHER,,,,,0.0,,,,,,,,,0.0,Fresh,,,,,0.0,0,False,2026-06-05 12:45:15,,,,,,,,,,,,,,,,,,,,,,,,,,,,,,,,,False,
INE2J8701016,SKFINDUS,SKF INDIA INDUS.,Industrial Products,False,LIQUIDITY,"Avg 20d vol 44,871 < 50K shares/day (micro-illiquid)",0,0,,0,0,0,AVOID,,0,False,False,0%,,CAUTION,OTHER,,,,,0.0,,,,,,,,,0.0,Fresh,,,,,0.0,0,False,2026-06-05 12:45:15,,,,,,,,,,,,,,,,,,,,,,,,,,,,,,,,,False,
INE640A01023,SKFINDIA,SKF INDIA,Industrial Products,False,LIQUIDITY,"Avg 20d vol 30,616 < 50K shares/day (micro-illiquid)",0,0,,0,0,0,AVOID,,0,False,False,0%,,CAUTION,OTHER,,,,,0.0,,,,,,,,,0.0,Fresh,,,,,0.0,0,False,2026-06-05 12:45:15,,,,,,,,,,,,,,,,,,,,,,,,,,,,,,,,,False,
INE002L01015,SJVN,SJVN,Power,False,,,0,0,,0,0,0,AVOID,,0,False,False,0%,,,,,,,,,,,,,,,,,,Fresh,,,,,,0,False,2026-06-05 12:45:15,,,,,,,,,,,,,,,,,,,,,,,,,,,,,,,,,False,
INE0F3301020,SJLOGISTIC,S J LOGISTICS (I,Transport Services,False,LIQUIDITY,"Avg 20d vol 38,875 < 50K shares/day (micro-illiquid)",0,0,,0,0,0,AVOID,,0,False,False,0%,,CAUTION,OTHER,,,,,0.0,,,,,,,,,0.0,Fresh,,,,,0.0,0,False,2026-06-05 12:45:15,,,,,,,,,,,,,,,,,,,,,,,,,,,,,,,,,False,
INE0KZA01016,SKP,SKP BEARING,Industrial Products,True,ILLIQUID,Avg daily traded value ₹15.1L < ₹50.0L,0,0,,0,0,0,AVOID,,0,False,False,0%,,CAUTION,OTHER,,,,,0.0,,,,,,,,,0.0,Fresh,,,,,0.0,0,False,2026-06-05 12:45:15,,,,,,,,,,,,,,,,,,,,,,,,,,,,,,,,,False,
INE597J01018,SHALBY,SHALBY,Healthcare Services,False,,,0,0,,0,0,0,AVOID,,0,False,False,0%,,,,,,,,,,,,,,,,,,Fresh,,,,,,0,False,2026-06-05 12:45:15,,,,,,,,,,,,,,,,,,,,,,,,,,,,,,,,,False,25.0
INE878E01021,SETCO,SETCO AUTOMOTIVE,Auto Components,True,DISTRESS,Altman Z = 0.31 (bankruptcy zone),0,0,,0,0,0,AVOID,,0,False,False,0%,,CAUTION,OTHER,,,,,0.0,,,,,,,,,0.0,Fresh,,,,,0.0,0,False,2026-06-05 12:45:15,,,,,,,,,,,,,,,,,,,,,,,,,,,,,,,,,False,
INE630A01024,SESHAPAPER,SESHASAYEE PAPER,"Paper, Forest & Jute Products",False,LIQUIDITY,"Avg 20d vol 25,790 < 50K shares/day (micro-illiquid)",0,0,,0,0,0,AVOID,,0,False,False,0%,,CAUTION,OTHER,,,,,0.0,,,,,,,,,0.0,Fresh,,,,,0.0,0,False,2026-06-05 12:45:15,,,,,,,,,,,,,,,,,,,,,,,,,,,,,,,,,False,24.0
INE964H01014,SEPC,SEPC,Construction,True,DISTRESS,Altman Z = 0.34 (bankruptcy zone),0,0,,0,0,0,AVOID,,0,False,False,0%,,CAUTION,OTHER,,,,,0.0,,,,,,,,,0.0,Fresh,,,,,0.0,0,False,2026-06-05 12:45:15,,,,,,,,,,,,,,,,,,,,,,,,,,,,,,,,,False,30.0
INE0P1Q01015,SERVICE,SERVICE CARE LTD,Commercial Services & Supplies,True,ILLIQUID,Avg daily traded value ₹2.2L < ₹50.0L,0,0,,0,0,0,AVOID,,0,False,False,0%,,CAUTION,OTHER,,,,,0.0,,,,,,,,,0.0,Fresh,,,,,0.0,0,False,2026-06-05 12:45:15,,,,,,,,,,,,,,,,,,,,,,,,,,,,,,,,,False,
INE617A01013,SEMAC,SEMAC CONSTRUCT,Construction,True,ILLIQUID,Avg daily traded value ₹8.0L < ₹50.0L,0,0,,0,0,0,AVOID,,0,False,False,0%,,CAUTION,OTHER,,,,,0.0,,,,,,,,,0.0,Fresh,,,,,0.0,0,False,2026-06-05 12:45:15,,,,,,,,,,,,,,,,,,,,,,,,,,,,,,,,,False,
INE105I01020,SELMC,SEL MFG. CO,Textiles & Apparels,True,DISTRESS,Altman Z = -2.05 (bankruptcy zone),0,0,,0,0,0,AVOID,,0,False,False,0%,,CAUTION,OTHER,,,,,0.0,,,,,,,,,0.0,Fresh,,,,,0.0,0,False,2026-06-05 12:45:15,,,,,,,,,,,,,,,,,,,,,,,,,,,,,,,,,False,
INE0O3O01017,SEL,SUNGARNER ENERG.,Electrical Equipment,True,ILLIQUID,Avg daily traded value ₹4.3L < ₹50.0L,0,0,,0,0,0,AVOID,,0,False,False,0%,,CAUTION,OTHER,,,,,0.0,,,,,,,,,0.0,Fresh,,,,,0.0,0,False,2026-06-05 12:45:15,,,,,,,,,,,,,,,,,,,,,,,,,,,,,,,,,False,
INE955I01044,SEJALLTD,SEJAL GLASS,Industrial Products,True,ILLIQUID,Avg daily traded value ₹41.1L < ₹50.0L,0,0,,0,0,0,AVOID,,0,False,False,0%,,CAUTION,OTHER,,,,,0.0,,,,,,,,,0.0,Fresh,,,,,0.0,0,False,2026-06-05 12:45:15,,,,,,,,,,,,,,,,,,,,,,,,,,,,,,,,,False,
INE650K01021,SECURKLOUD,SECUREKLOUD TECH,IT - Services,True,DISTRESS,Altman Z = -0.29 (bankruptcy zone),0,0,,0,0,0,AVOID,,0,False,False,0%,,CAUTION,OTHER,,,,,0.0,,,,,,,,,0.0,Fresh,,,,,0.0,0,False,2026-06-05 12:45:15,,,,,,,,,,,,,,,,,,,,,,,,,,,,,,,,,False,
INE0BTM01013,SECMARK,SECMARK CONSULT.,IT - Software,True,ILLIQUID,Avg daily traded value ₹2.5L < ₹50.0L,0,0,,0,0,0,AVOID,,0,False,False,0%,,CAUTION,OTHER,,,,,0.0,,,,,,,,,0.0,Fresh,,,,,0.0,0,False,2026-06-05 12:45:15,,,,,,,,,,,,,,,,,,,,,,,,,,,,,,,,,False,
INE640C01011,SHAHALLOYS,SHAH ALLOYS,Industrial Products,True,DISTRESS,Altman Z = -3.91 (bankruptcy zone),0,0,,0,0,0,AVOID,,0,False,False,0%,,CAUTION,OTHER,,,,,0.0,,,,,,,,,0.0,Fresh,,,,,0.0,0,False,2026-06-05 12:45:15,,,,,,,,,,,,,,,,,,,,,,,,,,,,,,,,,False,
INE353H01010,SGL,STL GLOBAL,Textiles & Apparels,True,ILLIQUID,Avg daily traded value ₹5.1L < ₹50.0L,0,0,,0,0,0,AVOID,,0,False,False,0%,,CAUTION,OTHER,,,,,0.0,,,,,,,,,0.0,Fresh,,,,,0.0,0,False,2026-06-05 12:45:15,,,,,,,,,,,,,,,,,,,,,,,,,,,,,,,,,False,
INE00QT01015,SGIL,SYNERGY GREEN,Industrial Products,False,LIQUIDITY,"Avg 20d vol 31,419 < 50K shares/day (micro-illiquid)",0,0,,0,0,0,AVOID,,0,False,False,0%,,CAUTION,OTHER,,,,,0.0,,,,,,,,,0.0,Fresh,,,,,0.0,0,False,2026-06-05 12:45:15,,,,,,,,,,,,,,,,,,,,,,,,,,,,,,,,,False,
INE916U01025,SFL,SHEELA FOAM,Consumer Durables,False,,,0,0,,0,0,0,AVOID,,0,False,False,0%,,,,,,,,,,,,,,,,,,Fresh,,,,,,0,False,2026-06-05 12:45:15,,,,,,,,,,,,,,,,,,,,,,,,,,,,,,,,,False,
INE573R01012,SEYAIND,SEYA INDUSTRIES,Chemicals & Petrochemicals,True,DISTRESS,Altman Z = 0.08 (bankruptcy zone),0,0,,0,0,0,AVOID,,0,False,False,0%,,CAUTION,OTHER,,,,,0.0,,,,,,,,,0.0,Fresh,,,,,0.0,0,False,2026-06-05 12:45:15,,,,,,,,,,,,,,,,,,,,,,,,,,,,,,,,,False,
INE023M01027,SETUINFRA,SETUBANDHAN INF.,Construction,True,ILLIQUID,Avg daily traded value ₹0.2L < ₹50.0L,0,0,,0,0,0,AVOID,,0,False,False,0%,,CAUTION,OTHER,,,,,0.0,,,,,,,,,0.0,Fresh,,,,,0.0,0,False,2026-06-05 12:45:15,,,,,,,,,,,,,,,,,,,,,,,,,,,,,,,,,False,
INE849C01026,SHALPAINTS,SHALIMAR PAINTS,Consumer Durables,True,DISTRESS,Altman Z = 0.19 (bankruptcy zone),0,0,,0,0,0,AVOID,,0,False,False,0%,,CAUTION,CONSUMPTION,,,,,0.0,,,,,,,,,0.0,Fresh,,,,,0.0,0,False,2026-06-05 12:45:15,,,,,,,,,,,,,,,,,,,,,,,,,,,,,,,,,False,
INE0D6I01023,KSOLVES,KSOLVES INDIA,IT - Software,False,LIQUIDITY,"Avg 20d vol 31,446 < 50K shares/day (micro-illiquid)",0,0,,0,0,0,AVOID,,0,False,False,0%,,CAUTION,OTHER,,,,,0.0,,,,,,,,,0.0,Fresh,,,,,0.0,0,False,2026-06-05 12:45:15,,,,,,,,,,,,,,,,,,,,,,,,,,,,,,,,,False,
INE552D01024,CONFIPET,CONFIDENCE PETRO,Gas,False,,,0,0,,0,0,0,AVOID,,0,False,False,0%,,,,,,,,,,,,,,,,,,Fresh,,,,,,0,False,2026-06-05 12:45:15,,,,,,,,,,,,,,,,,,,,,,,,,,,,,,,,,False,
INE073V01015,COMSYN,COMMERL. SYNBAGS,Industrial Products,False,LIQUIDITY,"Avg 20d vol 46,141 < 50K shares/day (micro-illiquid)",0,0,,0,0,0,AVOID,,0,False,False,0%,,CAUTION,OTHER,,,,,0.0,,,,,,,,,0.0,Fresh,,,,,0.0,0,False,2026-06-05 12:45:15,,,,,,,,,,,,,,,,,,,,,,,,,,,,,,,,,False,53.0
INE453B01029,COMPUSOFT,COMPUCOM SOFT.,Other Consumer Services,True,ILLIQUID,Avg daily traded value ₹2.3L < ₹50.0L,0,0,,0,0,0,AVOID,,0,False,False,0%,,CAUTION,OTHER,,,,,0.0,,,,,,,,,0.0,Fresh,,,,,0.0,0,False,2026-06-05 12:45:15,,,,,,,,,,,,,,,,,,,,,,,,,,,,,,,,,False,
INE070C01037,COMPINFO,COMPUAGE INFO.,IT - Hardware,True,DISTRESS,Altman Z = -1.41 (bankruptcy zone),0,0,,0,0,0,AVOID,,0,False,False,0%,,CAUTION,TECHNOLOGY,,,,,0.0,,,,,,,,,0.0,Fresh,,,,,0.0,0,False,2026-06-05 12:45:15,,,,,,,,,,,,,,,,,,,,,,,,,,,,,,,,,False,
INE597Z01014,COMMITTED,COMMITTED CARGO,Transport Services,True,ILLIQUID,Avg daily traded value ₹12.6L < ₹50.0L,0,0,,0,0,0,AVOID,,0,False,False,0%,,CAUTION,OTHER,,,,,0.0,,,,,,,,,0.0,Fresh,,,,,0.0,0,False,2026-06-05 12:45:15,,,,,,,,,,,,,,,,,,,,,,,,,,,,,,,,,False,
INE515A01019,COCKERILL,NAN,nan,False,LIQUIDITY,"Avg 20d vol 37,314 < 50K shares/day (micro-illiquid)",0,0,,0,0,0,AVOID,,0,False,False,0%,,CAUTION,OTHER,,,,,0.0,,,,,,,,,0.0,Fresh,,,,,0.0,0,False,2026-06-05 12:45:16,,,,,,,,,,,,,,,,,,,,,,,,,,,,,,,,,False,17.0
INE985W01018,CNL,CREATIVE NEWTECH,Commercial Services & Supplies,False,LIQUIDITY,"Avg 20d vol 13,474 < 50K shares/day (micro-illiquid)",0,0,,0,0,0,AVOID,,0,False,False,0%,,CAUTION,OTHER,,,,,0.0,,,,,,,,,0.0,Fresh,,,,,0.0,0,False,2026-06-05 12:45:16,,,,,,,,,,,,,,,,,,,,,,,,,,,,,,,,,False,24.0
INE075Z01011,CMRSL,CYBER MEDIA RES.,Media,True,ILLIQUID,Avg daily traded value ₹0.8L < ₹50.0L,0,0,,0,0,0,AVOID,,0,False,False,0%,,CAUTION,OTHER,,,,,0.0,,,,,,,,,0.0,Fresh,,,,,0.0,0,False,2026-06-05 12:45:16,,,,,,,,,,,,,,,,,,,,,,,,,,,,,,,,,False,
INE06PV01010,CMNL,CHAMAN METALLICS,Ferrous Metals,True,DISTRESS,Altman Z = 0.79 (bankruptcy zone),0,0,,0,0,0,AVOID,,0,False,False,0%,,CAUTION,OTHER,,,,,0.0,,,,,,,,,0.0,Fresh,,,,,0.0,0,False,2026-06-05 12:45:16,,,,,,,,,,,,,,,,,,,,,,,,,,,,,,,,,False,
INE647U01026,CLEANMAX,CLEAN MAX ENVIRO,Power,True,DISTRESS,Altman Z = 0.76 (bankruptcy zone),0,0,,0,0,0,AVOID,,0,False,False,0%,,CAUTION,OTHER,,,,,0.0,,,,,,,,,0.0,Fresh,,,,,0.0,0,False,2026-06-05 12:45:16,,,,,,,,,,,,,,,,,,,,,,,,,,,,,,,,,False,
INE376C01038,CLCIND,CLC INDUSTRIES,Textiles & Apparels,True,DISTRESS,Altman Z = -12.02 (bankruptcy zone),0,0,,0,0,0,AVOID,,0,False,False,0%,,CAUTION,OTHER,,,,,0.0,,,,,,,,,0.0,Fresh,,,,,0.0,0,False,2026-06-05 12:45:16,,,,,,,,,,,,,,,,,,,,,,,,,,,,,,,,,False,
INE039B01026,CINEVISTA,CINEVISTA,Entertainment,True,DISTRESS,Altman Z = -0.37 (bankruptcy zone),0,0,,0,0,0,AVOID,,0,False,False,0%,,CAUTION,OTHER,,,,,0.0,,,,,,,,,0.0,Fresh,,,,,0.0,0,False,2026-06-05 12:45:16,,,,,,,,,,,,,,,,,,,,,,,,,,,,,,,,,False,
INE704H01022,CINELINE,CINELINE INDIA,Entertainment,True,ILLIQUID,Avg daily traded value ₹12.5L < ₹50.0L,0,0,,0,0,0,AVOID,,0,False,False,0%,,CAUTION,OTHER,,,,,0.0,,,,,,,,,0.0,Fresh,,,,,0.0,0,False,2026-06-05 12:45:16,,,,,,,,,,,,,,,,,,,,,,,,,,,,,,,,,False,
INE201M01029,CLEDUCATE,CL EDUCATE,Other Consumer Services,True,DISTRESS,Altman Z = 0.96 (bankruptcy zone),0,0,,0,0,0,AVOID,,0,False,False,0%,,CAUTION,OTHER,,,,,0.0,,,,,,,,,0.0,Fresh,,,,,0.0,0,False,2026-06-05 12:45:16,,,,,,,,,,,,,,,,,,,,,,,,,,,,,,,,,False,
INE00NH01017,CLSL,CROP LIFE SCIENC,Fertilizers & Agrochemicals,True,ILLIQUID,Avg daily traded value ₹2.0L < ₹50.0L,0,0,,0,0,0,AVOID,,0,False,False,0%,,CAUTION,OTHER,,,,,0.0,,,,,,,,,0.0,Fresh,,,,,0.0,0,False,2026-06-05 12:45:16,,,,,,,,,,,,,,,,,,,,,,,,,,,,,,,,,False,
INE0QBU01012,CPS,C P S SHAPERS,Textiles & Apparels,True,ILLIQUID,Avg daily traded value ₹26.7L < ₹50.0L,0,0,,0,0,0,AVOID,,0,False,False,0%,,CAUTION,OTHER,,,,,0.0,,,,,,,,,0.0,Fresh,,,,,0.0,0,False,2026-06-05 12:45:16,,,,,,,,,,,,,,,,,,,,,,,,,,,,,,,,,False,
INE0P6P01016,CPEDU,CAREER POINT EDU,Other Consumer Services,True,ILLIQUID,Avg daily traded value ₹10.6L < ₹50.0L,0,0,,0,0,0,AVOID,,0,False,False,0%,,CAUTION,OTHER,,,,,0.0,,,,,,,,,0.0,Fresh,,,,,0.0,0,False,2026-06-05 12:45:16,,,,,,,,,,,,,,,,,,,,,,,,,,,,,,,,,False,
INE521J01018,CPCAP,CP CAPITAL,Finance,True,ILLIQUID,Avg daily traded value ₹21.4L < ₹50.0L,0,0,,0,0,0,AVOID,,0,False,False,0%,,CAUTION,FINANCIALS,,,,,0.0,,,,,,,,,0.0,Fresh,,,,,0.0,0,False,2026-06-05 12:45:16,,,,,,,,,,,,,,,,,,,,,,,,,,,,,,,,,False,
INE0OFK01019,CRAYONS,CRAYONS ADVERTIS,Media,True,ILLIQUID,Avg daily traded value ₹2.2L < ₹50.0L,0,0,,0,0,0,AVOID,,0,False,False,0%,,CAUTION,OTHER,,,,,0.0,,,,,,,,,0.0,Fresh,,,,,0.0,0,False,2026-06-05 12:45:16,,,,,,,,,,,,,,,,,,,,,,,,,,,,,,,,,False,
INE230B01021,CREATIVEYE,CREATIVE EYE,Entertainment,True,DISTRESS,Altman Z = 0.60 (bankruptcy zone),0,0,,0,0,0,AVOID,,0,False,False,0%,,CAUTION,OTHER,,,,,0.0,,,,,,,,,0.0,Fresh,,,,,0.0,0,False,2026-06-05 12:45:16,,,,,,,,,,,,,,,,,,,,,,,,,,,,,,,,,False,
INE559D01011,CREST,CREST VENTURES,Finance,False,LIQUIDITY,"Avg 20d vol 18,954 < 50K shares/day (micro-illiquid)",0,0,,0,0,0,AVOID,,0,False,False,0%,,CAUTION,FINANCIALS,,,,,0.0,,,,,,,,,0.0,Fresh,,,,,0.0,0,False,2026-06-05 12:45:16,,,,,,,,,,,,,,,,,,,,,,,,,,,,,,,,,False,
INE718F01018,CSLFINANCE,CSL FINANCE,Finance,True,ILLIQUID,Avg daily traded value ₹48.1L < ₹50.0L,0,0,,0,0,0,AVOID,,0,False,False,0%,,CAUTION,FINANCIALS,,,,,0.0,,,,,,,,,0.0,Fresh,,,,,0.0,0,False,2026-06-05 12:45:16,,,,,,,,,,,,,,,,,,,,,,,,,,,,,,,,,False,
INE679A01013,CSBBANK,CSB BANK,Banks,False,,,1,2,10.0,0,13,0,MONITOR,,↑25,False,False,0%,LATE_CYCLE,CAUTION,FINANCIALS,0.0,0.6408,0.2468,FIN_INCLUSION,4.0,-5.0,PAPER_PROFIT|EARN_QUALITY,3.0,1.0,2.0,0.0,,,1.0,Fresh,₹359 – ₹370,₹349 (−4.1%),,,0.3,25,True,2026-06-05 12:45:16,0.0,2.0,0,0.0,0.0,0.0,4.0,0.0,0.0,0.0,0.0,0.0,0.0,0.0,0.0,0.0,0.0,0.0,0.0,0.0,0.0,0.0,0.0,0.0,0.0,0.0,0.0,0.0,9.0,4.0,0.0,0.0,False,39.0
INE491V01019,CROWN,CROWN LIFTERS,Industrial Manufacturing,True,ILLIQUID,Avg daily traded value ₹22.8L < ₹50.0L,0,0,,0,0,0,AVOID,,0,False,False,0%,,CAUTION,OTHER,,,,,0.0,,,,,,,,,0.0,Fresh,,,,,0.0,0,False,2026-06-05 12:45:16,,,,,,,,,,,,,,,,,,,,,,,,,,,,,,,,,False,
INE007A01025,CRISIL,CRISIL,Finance,False,LIQUIDITY,"Avg 20d vol 37,025 < 50K shares/day (micro-illiquid)",0,0,,0,0,0,AVOID,,0,False,False,0%,,CAUTION,FINANCIALS,,,,,0.0,,,,,,,,,0.0,Fresh,,,,,0.0,0,False,2026-06-05 12:45:16,,,,,,,,,,,,,,,,,,,,,,,,,,,,,,,,,False,48.0
INE627H01017,CTE,CAMBRIDGE TECH.,IT - Software,True,ILLIQUID,Avg daily traded value ₹3.0L < ₹50.0L,0,0,,0,0,0,AVOID,,0,False,False,0%,,CAUTION,OTHER,,,,,0.0,,,,,,,,,0.0,Fresh,,,,,0.0,0,False,2026-06-05 12:45:16,,,,,,,,,,,,,,,,,,,,,,,,,,,,,,,,,False,
INE695B01025,COUNCODOS,COUNTRY CONDO,Realty,True,ILLIQUID,Avg daily traded value ₹1.2L < ₹50.0L,0,0,,0,0,0,AVOID,,0,False,False,0%,,CAUTION,OTHER,,,,,0.0,,,,,,,,,0.0,Fresh,,,,,0.0,0,False,2026-06-05 12:45:16,,,,,,,,,,,,,,,,,,,,,,,,,,,,,,,,,False,
INE757A01017,COSMOFIRST,COSMO FIRST,Industrial Products,False,,,0,0,,0,0,0,AVOID,,0,False,False,0%,,,,,,,,,,,,,,,,,,Fresh,,,,,,0,False,2026-06-05 12:45:16,,,,,,,,,,,,,,,,,,,,,,,,,,,,,,,,,False,15.0
INE558D01021,CORALFINAC,CORAL INDIA FIN.,Commercial Services & Supplies,True,ILLIQUID,Avg daily traded value ₹3.8L < ₹50.0L,0,0,,0,0,0,AVOID,,0,False,False,0%,,CAUTION,OTHER,,,,,0.0,,,,,,,,,0.0,Fresh,,,,,0.0,0,False,2026-06-05 12:45:16,,,,,,,,,,,,,,,,,,,,,,,,,,,,,,,,,False,
INE0HS001028,COOLCAPS,COOL CAPS,Industrial Products,True,ILLIQUID,Avg daily traded value ₹20.0L < ₹50.0L,0,0,,0,0,0,AVOID,,0,False,False,0%,,CAUTION,OTHER,,,,,0.0,,,,,,,,,0.0,Fresh,,,,,0.0,0,False,2026-06-05 12:45:16,,,,,,,,,,,,,,,,,,,,,,,,,,,,,,,,,False,
INE663B01015,CONTROLPR,CONTROL PRINT,IT - Hardware,False,LIQUIDITY,"Avg 20d vol 23,950 < 50K shares/day (micro-illiquid)",0,0,,0,0,0,AVOID,,0,False,False,0%,,CAUTION,TECHNOLOGY,,,,,0.0,,,,,,,,,0.0,Fresh,,,,,0.0,0,False,2026-06-05 12:45:16,,,,,,,,,,,,,,,,,,,,,,,,,,,,,,,,,False,
INE0PC901019,BIRDYS,GRILL SPLENDOUR,Leisure Services,True,ILLIQUID,Avg daily traded value ₹2.7L < ₹50.0L,0,0,,0,0,0,AVOID,,0,False,False,0%,,CAUTION,OTHER,,,,,0.0,,,,,,,,,0.0,Fresh,,,,,0.0,0,False,2026-06-05 12:45:16,,,,,,,,,,,,,,,,,,,,,,,,,,,,,,,,,False,
INE829A01014,BIOFILCHEM,BIOFIL CHEMICALS,Pharmaceuticals & Biotechnology,True,ILLIQUID,Avg daily traded value ₹30.7L < ₹50.0L,0,0,,0,0,0,AVOID,,0,False,False,0%,,CAUTION,OTHER,,,,,0.0,,,,,,,,,0.0,Fresh,,,,,0.0,0,False,2026-06-05 12:45:16,,,,,,,,,,,,,,,,,,,,,,,,,,,,,,,,,False,
INE469A01019,BIMETAL,NAN,nan,True,ILLIQUID,Avg daily traded value ₹8.7L < ₹50.0L,0,0,,0,0,0,AVOID,,0,False,False,0%,,CAUTION,OTHER,,,,,0.0,,,,,,,,,0.0,Fresh,,,,,0.0,0,False,2026-06-05 12:45:16,,,,,,,,,,,,,,,,,,,,,,,,,,,,,,,,,False,
INE071A01013,BILVYAPAR,BIL VYAPAR,Finance,True,ILLIQUID,Avg daily traded value ₹0.5L < ₹50.0L,0,0,,0,0,0,AVOID,,0,False,False,0%,,CAUTION,FINANCIALS,,,,,0.0,,,,,,,,,0.0,Fresh,,,,,0.0,0,False,2026-06-05 12:45:16,,,,,,,,,,,,,,,,,,,,,,,,,,,,,,,,,False,
INE828A01016,BIL,BHARTIYA INTL.,Consumer Durables,True,ILLIQUID,Avg daily traded value ₹21.7L < ₹50.0L,0,0,,0,0,0,AVOID,,0,False,False,0%,,CAUTION,CONSUMPTION,,,,,0.0,,,,,,,,,0.0,Fresh,,,,,0.0,0,False,2026-06-05 12:45:16,,,,,,,,,,,,,,,,,,,,,,,,,,,,,,,,,False,
INE412U01025,BIGBLOC,BIGBLOC CONST.,Cement & Cement Products,False,,,0,0,,0,0,0,AVOID,,0,False,False,0%,,,,,,,,,,,,,,,,,,Fresh,,,,,,0,False,2026-06-05 12:45:16,,,,,,,,,,,,,,,,,,,,,,,,,,,,,,,,,False,
INE986A01012,BI,NAN,nan,True,ILLIQUID,Avg daily traded value ₹5.0L < ₹50.0L,0,0,,0,0,0,AVOID,,0,False,False,0%,,CAUTION,OTHER,,,,,0.0,,,,,,,,,0.0,Fresh,,,,,0.0,0,False,2026-06-05 12:45:16,,,,,,,,,,,,,,,,,,,,,,,,,,,,,,,,,False,13.0
INE350H01032,BLKASHYAP,B.L.KASHYAP,Construction,False,,,0,0,,0,0,0,AVOID,,0,False,False,0%,,,,,,,,,,,,,,,,,,Fresh,,,,,,0,False,2026-06-05 12:45:16,,,,,,,,,,,,,,,,,,,,,,,,,,,,,,,,,False,30.0
INE791A01024,BLBLIMITED,BLB,Finance,True,ILLIQUID,Avg daily traded value ₹9.3L < ₹50.0L,0,0,,0,0,0,AVOID,,0,False,False,0%,,CAUTION,FINANCIALS,,,,,0.0,,,,,,,,,0.0,Fresh,,,,,0.0,0,False,2026-06-05 12:45:16,,,,,,,,,,,,,,,,,,,,,,,,,,,,,,,,,False,
INE0N7W01012,BLAL,BEML LAND ASSETS,Finance,True,CHRONIC_LOSSES,"NP negative 3 of 4 quarters, no turnaround signal",0,0,,0,0,0,AVOID,,0,False,False,0%,,CAUTION,FINANCIALS,,,,,0.0,,,,,,,,,0.0,Fresh,,,,,0.0,0,False,2026-06-05 12:45:16,,,,,,,,,,,,,,,,,,,,,,,,,,,,,,,,,False,51.0
INE761G01016,BLACKROSE,NAN,nan,True,ILLIQUID,Avg daily traded value ₹48.1L < ₹50.0L,0,0,,0,0,0,AVOID,,0,False,False,0%,,CAUTION,OTHER,,,,,0.0,,,,,,,,,0.0,Fresh,,,,,0.0,0,False,2026-06-05 12:45:16,,,,,,,,,,,,,,,,,,,,,,,,,,,,,,,,,False,
INE557A01011,BIRLANU,BIRLANU LTD,Consumer Durables,True,CHRONIC_LOSSES,"NP negative 3 of 4 quarters, no turnaround signal",0,0,,0,0,0,AVOID,,0,False,False,0%,,CAUTION,CONSUMPTION,,,,,0.0,,,,,,,,,0.0,Fresh,,,,,0.0,0,False,2026-06-05 12:45:16,,,,,,,,,,,,,,,,,,,,,,,,,,,,,,,,,False,
INE865C01022,BIRLAMONEY,ADIT.BIRLA MONEY,Capital Markets,False,LIQUIDITY,"Avg 20d vol 48,125 < 50K shares/day (micro-illiquid)",0,0,,0,0,0,AVOID,,0,False,False,0%,,CAUTION,FINANCIALS,,,,,0.0,,,,,,,,,0.0,Fresh,,,,,0.0,0,False,2026-06-05 12:45:16,,,,,,,,,,,,,,,,,,,,,,,,,,,,,,,,,False,55.0
INE340A01012,BIRLACORPN,BIRLA CORPN.,Cement & Cement Products,False,,,0,0,,0,0,0,AVOID,,0,False,False,0%,,,,,,,,,,,,,,,,,,Fresh,,,,,,0,False,2026-06-05 12:45:16,,,,,,,,,,,,,,,,,,,,,,,,,,,,,,,,,False,26.0
INE838B01021,BHARATRAS,BHARAT RASAYAN,Fertilizers & Agrochemicals,False,LIQUIDITY,"Avg 20d vol 15,731 < 50K shares/day (micro-illiquid)",0,0,,0,0,0,AVOID,,0,False,False,0%,,CAUTION,OTHER,,,,,0.0,,,,,,,,,0.0,Fresh,,,,,0.0,0,False,2026-06-05 12:45:16,,,,,,,,,,,,,,,,,,,,,,,,,,,,,,,,,False,
INE561C01019,BHARATGEAR,BHARAT GEARS,Auto Components,True,ILLIQUID,Avg daily traded value ₹48.4L < ₹50.0L,0,0,,0,0,0,AVOID,,0,False,False,0%,,CAUTION,OTHER,,,,,0.0,,,,,,,,,0.0,Fresh,,,,,0.0,0,False,2026-06-05 12:45:16,,,,,,,,,,,,,,,,,,,,,,,,,,,,,,,,,False,
INE0HQI01014,BEWLTD,BEW ENGG,Industrial Manufacturing,True,ILLIQUID,Avg daily traded value ₹20.1L < ₹50.0L,0,0,,0,0,0,AVOID,,0,False,False,0%,,CAUTION,OTHER,,,,,0.0,,,,,,,,,0.0,Fresh,,,,,0.0,0,False,2026-06-05 12:45:16,,,,,,,,,,,,,,,,,,,,,,,,,,,,,,,,,False,
INE351Y01019,BETA,BETA DRUGS LTD,Pharmaceuticals & Biotechnology,False,LIQUIDITY,"Avg 20d vol 23,730 < 50K shares/day (micro-illiquid)",0,0,,0,0,0,AVOID,,0,False,False,0%,,CAUTION,OTHER,,,,,0.0,,,,,,,,,0.0,Fresh,,,,,0.0,0,False,2026-06-05 12:45:16,,,,,,,,,,,,,,,,,,,,,,,,,,,,,,,,,False,
INE052T01021,BESTAGRO,BEST AGROLIFE,Fertilizers & Agrochemicals,False,,,0,0,,0,0,0,AVOID,,0,False,False,0%,,,,,,,,,,,,,,,,,,Fresh,,,,,,0,False,2026-06-05 12:45:16,,,,,,,,,,,,,,,,,,,,,,,,,,,,,,,,,False,8.0
INE083K01017,BENGALASM,NAN,nan,True,ILLIQUID,Avg daily traded value ₹21.9L < ₹50.0L,0,0,,0,0,0,AVOID,,0,False,False,0%,,CAUTION,OTHER,,,,,0.0,,,,,,,,,0.0,Fresh,,,,,0.0,0,False,2026-06-05 12:45:16,,,,,,,,,,,,,,,,,,,,,,,,,,,,,,,,,False,
INE258A01024,BEML,BEML LTD,"Agricultural, Commercial & Construction Vehicles",True,CHRONIC_LOSSES,"NP negative 3 of 4 quarters, no turnaround signal",0,0,,0,0,0,AVOID,,0,False,False,0%,,CAUTION,OTHER,,,,,0.0,,,,,,,,,0.0,Fresh,,,,,0.0,0,False,2026-06-05 12:45:16,,,,,,,,,,,,,,,,,,,,,,,,,,,,,,,,,False,53.0
INE344T01014,BELLACASA,BELLA CASA FASHI,Textiles & Apparels,True,ILLIQUID,Avg daily traded value ₹18.5L < ₹50.0L,0,0,,0,0,0,AVOID,,0,False,False,0%,,CAUTION,OTHER,,,,,0.0,,,,,,,,,0.0,Fresh,,,,,0.0,0,False,2026-06-05 12:45:16,,,,,,,,,,,,,,,,,,,,,,,,,,,,,,,,,False,
INE213D01015,BEEKAY,NAN,nan,True,ILLIQUID,Avg daily traded value ₹8.2L < ₹50.0L,0,0,,0,0,0,AVOID,,0,False,False,0%,,CAUTION,OTHER,,,,,0.0,,,,,,,,,0.0,Fresh,,,,,0.0,0,False,2026-06-05 12:45:16,,,,,,,,,,,,,,,,,,,,,,,,,,,,,,,,,False,19.0
INE844K01012,BEDMUTHA,BEDMUTHA INDUS.,Industrial Products,True,CHRONIC_LOSSES,"NP negative 3 of 4 quarters, no turnaround signal",0,0,,0,0,0,AVOID,,0,False,False,0%,,CAUTION,OTHER,,,,,0.0,,,,,,,,,0.0,Fresh,,,,,0.0,0,False,2026-06-05 12:45:16,,,,,,,,,,,,,,,,,,,,,,,,,,,,,,,,,False,
INE474E01029,BHANDARI,BHANDARI HOSIERY,Textiles & Apparels,True,ILLIQUID,Avg daily traded value ₹14.9L < ₹50.0L,0,0,,0,0,0,AVOID,,0,False,False,0%,,CAUTION,OTHER,,,,,0.0,,,,,,,,,0.0,Fresh,,,,,0.0,0,False,2026-06-05 12:45:16,,,,,,,,,,,,,,,,,,,,,,,,,,,,,,,,,False,59.0
INE354C01027,BHAGERIA,BHAGERIA INDUST.,Chemicals & Petrochemicals,False,,,0,0,,0,0,0,AVOID,,0,False,False,0%,,,,,,,,,,,,,,,,,,Fresh,,,,,,0,False,2026-06-05 12:45:16,,,,,,,,,,,,,,,,,,,,,,,,,,,,,,,,,False,34.0
INE414D01027,BHAGCHEM,BHAGIRADHA CHEM.,Fertilizers & Agrochemicals,False,,,0,0,,0,0,0,AVOID,,0,False,False,0%,,,,,,,,,,,,,,,,,,Fresh,,,,,,0,False,2026-06-05 12:45:16,,,,,,,,,,,,,,,,,,,,,,,,,,,,,,,,,False,16.0
INE661I01014,BGRENERGY,BGR ENERGY SYS.,Construction,True,DISTRESS,Altman Z = -1.00 (bankruptcy zone),0,0,,0,0,0,AVOID,,0,False,False,0%,,CAUTION,OTHER,,,,,0.0,,,,,,,,,0.0,Fresh,,,,,0.0,0,False,2026-06-05 12:45:16,,,,,,,,,,,,,,,,,,,,,,,,,,,,,,,,,False,10.0
INE657B01025,BLUECHIP,BLUE CHIP INDIA,Finance,True,CHRONIC_LOSSES,"NP negative 3 of 4 quarters, no turnaround signal",0,0,,0,0,0,AVOID,,0,False,False,0%,,CAUTION,FINANCIALS,,,,,0.0,,,,,,,,,0.0,Fresh,,,,,0.0,0,False,2026-06-05 12:45:16,,,,,,,,,,,,,,,,,,,,,,,,,,,,,,,,,False,
INE472B01011,BLUECOAST,BLU.COAST HOTEL.,Leisure Services,True,CHRONIC_LOSSES,"NP negative 3 of 4 quarters, no turnaround signal",0,0,,0,0,0,AVOID,,0,False,False,0%,,CAUTION,OTHER,,,,,0.0,,,,,,,,,0.0,Fresh,,,,,0.0,0,False,2026-06-05 12:45:16,,,,,,,,,,,,,,,,,,,,,,,,,,,,,,,,,False,31.0
INE233B01017,BLUEDART,BLUE DART EXPRES,Transport Services,False,LIQUIDITY,"Avg 20d vol 14,111 < 50K shares/day (micro-illiquid)",0,0,,0,0,0,AVOID,,0,False,False,0%,,CAUTION,OTHER,,,,,0.0,,,,,,,,,0.0,Fresh,,,,,0.0,0,False,2026-06-05 12:45:16,,,,,,,,,,,,,,,,,,,,,,,,,,,,,,,,,False,
INE345B01019,CEREBRAINT,CEREBRA INTEGR.,IT - Hardware,True,DISTRESS,Altman Z = -0.34 (bankruptcy zone),0,0,,0,0,0,AVOID,,0,False,False,0%,,CAUTION,TECHNOLOGY,,,,,0.0,,,,,,,,,0.0,Fresh,,,,,0.0,0,False,2026-06-05 12:45:16,,,,,,,,,,,,,,,,,,,,,,,,,,,,,,,,,False,
INE739E01017,CERA,CERA SANITARY.,Consumer Durables,False,LIQUIDITY,"Avg 20d vol 15,557 < 50K shares/day (micro-illiquid)",0,0,,0,0,0,AVOID,,0,False,False,0%,,CAUTION,CONSUMPTION,,,,,0.0,,,,,,,,,0.0,Fresh,,,,,0.0,0,False,2026-06-05 12:45:16,,,,,,,,,,,,,,,,,,,,,,,,,,,,,,,,,False,27.0
INE348B01021,CENTURYPLY,CENTURY PLYBOARD,Consumer Durables,False,,,0,0,,0,0,0,AVOID,,0,False,False,0%,,,,,,,,,,,,,,,,,,Fresh,,,,,,0,False,2026-06-05 12:45:16,,,,,,,,,,,,,,,,,,,,,,,,,,,,,,,,,False,
INE660C01027,CENTRUM,CENTRUM CAPITAL,Finance,True,CHRONIC_LOSSES,"NP negative 3 of 4 quarters, no turnaround signal",0,0,,0,0,0,AVOID,,0,False,False,0%,,CAUTION,FINANCIALS,,,,,0.0,,,,,,,,,0.0,Fresh,,,,,0.0,0,False,2026-06-05 12:45:16,,,,,,,,,,,,,,,,,,,,,,,,,,,,,,,,,False,
INE281A01026,CENTEXT,CENTURY EXTRUS.,Industrial Products,True,ILLIQUID,Avg daily traded value ₹18.2L < ₹50.0L,0,0,,0,0,0,AVOID,,0,False,False,0%,,CAUTION,OTHER,,,,,0.0,,,,,,,,,0.0,Fresh,,,,,0.0,0,False,2026-06-05 12:45:16,,,,,,,,,,,,,,,,,,,,,,,,,,,,,,,,,False,
INE0O0001013,CELLPOINT,CELL POINT,Retailing,True,ILLIQUID,Avg daily traded value ₹0.7L < ₹50.0L,0,0,,0,0,0,AVOID,,0,False,False,0%,,CAUTION,OTHER,,,,,0.0,,,,,,,,,0.0,Fresh,,,,,0.0,0,False,2026-06-05 12:45:17,,,,,,,,,,,,,,,,,,,,,,,,,,,,,,,,,False,
INE185H01016,CELEBRITY,CELEBRITY FASH.,Textiles & Apparels,True,DISTRESS,Altman Z = 0.56 (bankruptcy zone),0,0,,0,0,0,AVOID,,0,False,False,0%,,CAUTION,OTHER,,,,,0.0,,,,,,,,,0.0,Fresh,,,,,0.0,0,False,2026-06-05 12:45:17,,,,,,,,,,,,,,,,,,,,,,,,,,,,,,,,,False,
INE0B2N01016,CHANDAN,CHANDAN HEALTHCA,Healthcare Services,False,,,1,0,10.0,0,13,0,MONITOR,,↑24,False,False,0%,LATE_CYCLE,CAUTION,OTHER,0.0,0.0314,0.0,HEALTHCARE,2.0,0.0,,4.0,1.0,3.0,0.0,,,1.0,Fresh,,,,,0.3,24,True,2026-06-05 12:45:17,0.0,0.0,0,0.0,0.0,0.0,0.0,0.0,0.0,0.0,0.0,0.0,0.0,0.0,0.0,0.0,0.0,0.0,0.0,0.0,0.0,0.0,0.0,0.0,0.0,0.0,0.0,0.0,9.0,4.0,0.0,0.0,False,
INE0PT101017,CHAVDA,CHAVDA INFRA LTD,Construction,True,ILLIQUID,Avg daily traded value ₹19.9L < ₹50.0L,0,0,,0,0,0,AVOID,,0,False,False,0%,,CAUTION,OTHER,,,,,0.0,,,,,,,,,0.0,Fresh,,,,,0.0,0,False,2026-06-05 12:45:17,,,,,,,,,,,,,,,,,,,,,,,,,,,,,,,,,False,
INE345H01024,CIFL,CAPITAL INDIA,Finance,True,CHRONIC_LOSSES,"NP negative 3 of 4 quarters, no turnaround signal",0,0,,0,0,0,AVOID,,0,False,False,0%,,CAUTION,FINANCIALS,,,,,0.0,,,,,,,,,0.0,Fresh,,,,,0.0,0,False,2026-06-05 12:45:17,,,,,,,,,,,,,,,,,,,,,,,,,,,,,,,,,False,
INE488A01050,CHEMPLASTS,CHEMPLAST SANMAR,Chemicals & Petrochemicals,True,CHRONIC_LOSSES,"NP negative 3 of 4 quarters, no turnaround signal",0,0,,0,0,0,AVOID,,0,False,False,0%,,CAUTION,OTHER,,,,,0.0,,,,,,,,,0.0,Fresh,,,,,0.0,0,False,2026-06-05 12:45:17,,,,,,,,,,,,,,,,,,,,,,,,,,,,,,,,,False,10.0
INE783X01023,CHEMFAB,CHEMFAB ALKA.,Chemicals & Petrochemicals,True,CHRONIC_LOSSES,"NP negative 3 of 4 quarters, no turnaround signal",0,0,,0,0,0,AVOID,,0,False,False,0%,,CAUTION,OTHER,,,,,0.0,,,,,,,,,0.0,Fresh,,,,,0.0,0,False,2026-06-05 12:45:17,,,,,,,,,,,,,,,,,,,,,,,,,,,,,,,,,False,
INE0TGX01019,CHEMBONDCH,CHEMBOND CHEMIC.,Chemicals & Petrochemicals,True,ILLIQUID,Avg daily traded value ₹28.1L < ₹50.0L,0,0,,0,0,0,AVOID,,0,False,False,0%,,CAUTION,OTHER,,,,,0.0,,,,,,,,,0.0,Fresh,,,,,0.0,0,False,2026-06-05 12:45:17,,,,,,,,,,,,,,,,,,,,,,,,,,,,,,,,,False,19.0
INE995D01025,CHEMBOND,CHEMBOND MATERI.,Chemicals & Petrochemicals,True,ILLIQUID,Avg daily traded value ₹19.7L < ₹50.0L,0,0,,0,0,0,AVOID,,0,False,False,0%,,CAUTION,OTHER,,,,,0.0,,,,,,,,,0.0,Fresh,,,,,0.0,0,False,2026-06-05 12:45:17,,,,,,,,,,,,,,,,,,,,,,,,,,,,,,,,,False,
INE974B01016,CHEVIOT,CHEVIOT COMPANY,"Paper, Forest & Jute Products",True,ILLIQUID,Avg daily traded value ₹33.2L < ₹50.0L,0,0,,0,0,0,AVOID,,0,False,False,0%,,CAUTION,OTHER,,,,,0.0,,,,,,,,,0.0,Fresh,,,,,0.0,0,False,2026-06-05 12:45:17,,,,,,,,,,,,,,,,,,,,,,,,,,,,,,,,,False,14.0
INE652F01027,CCHHL,COUNTRY CLUB HOS,Leisure Services,True,DISTRESS,Altman Z = -0.74 (bankruptcy zone),0,0,,0,0,0,AVOID,,0,False,False,0%,,CAUTION,OTHER,,,,,0.0,,,,,,,,,0.0,Fresh,,,,,0.0,0,False,2026-06-05 12:45:17,,,,,,,,,,,,,,,,,,,,,,,,,,,,,,,,,False,
INE429I01024,CCCL,C C C L,Realty,True,ILLIQUID,Avg daily traded value ₹28.6L < ₹50.0L,0,0,,0,0,0,AVOID,,0,False,False,0%,,CAUTION,OTHER,,,,,0.0,,,,,,,,,0.0,Fresh,,,,,0.0,0,False,2026-06-05 12:45:17,,,,,,,,,,,,,,,,,,,,,,,,,,,,,,,,,False,
INE518X01015,CBAZAAR,NET AVENUE,Retailing,True,DISTRESS,Altman Z = -1.04 (bankruptcy zone),0,0,,0,0,0,AVOID,,0,False,False,0%,,CAUTION,OTHER,,,,,0.0,,,,,,,,,0.0,Fresh,,,,,0.0,0,False,2026-06-05 12:45:17,,,,,,,,,,,,,,,,,,,,,,,,,,,,,,,,,False,
INE120A01034,CARBORUNIV,CARBORUNDUM UNI.,Industrial Products,False,,,0,0,,0,0,0,AVOID,,0,False,False,0%,,,,,,,,,,,,,,,,,,Fresh,,,,,,0,False,2026-06-05 12:45:17,,,,,,,,,,,,,,,,,,,,,,,,,,,,,,,,,False,46.0
INE707C01018,CAPTRUST,CAPITAL TRUST,Finance,True,CHRONIC_LOSSES,"NP negative 3 of 4 quarters, no turnaround signal",0,0,,0,0,0,AVOID,,0,False,False,0%,,CAUTION,FINANCIALS,,,,,0.0,,,,,,,,,0.0,Fresh,,,,,0.0,0,False,2026-06-05 12:45:17,,,,,,,,,,,,,,,,,,,,,,,,,,,,,,,,,False,
INE646H01017,CAPITALSFB,CAPITAL SMALL,Banks,False,LIQUIDITY,"Avg 20d vol 34,413 < 50K shares/day (micro-illiquid)",0,0,,0,0,0,AVOID,,0,False,False,0%,,CAUTION,FINANCIALS,,,,,0.0,,,,,,,,,0.0,Fresh,,,,,0.0,0,False,2026-06-05 12:45:17,,,,,,,,,,,,,,,,,,,,,,,,,,,,,,,,,False,36.0
INE0ILV01024,CAPILLARY,CAPILLARY TECH.,IT - Software,False,LIQUIDITY,"Avg 20d vol 26,397 < 50K shares/day (micro-illiquid)",0,0,,0,0,0,AVOID,,0,False,False,0%,,CAUTION,OTHER,,,,,0.0,,,,,,,,,0.0,Fresh,,,,,0.0,0,False,2026-06-05 12:45:17,,,,,,,,,,,,,,,,,,,,,,,,,,,,,,,,,False,24.0
INE0QG301017,CANARYS,CANARYS AUTOMA.,IT - Software,True,ILLIQUID,Avg daily traded value ₹18.2L < ₹50.0L,0,0,,0,0,0,AVOID,,0,False,False,0%,,CAUTION,OTHER,,,,,0.0,,,,,,,,,0.0,Fresh,,,,,0.0,0,False,2026-06-05 12:45:17,,,,,,,,,,,,,,,,,,,,,,,,,,,,,,,,,False,
INE052I01032,CAMLINFINE,CAMLIN FINE,Chemicals & Petrochemicals,True,CHRONIC_LOSSES,"NP negative 3 of 4 quarters, no turnaround signal",0,0,,0,0,0,AVOID,,0,False,False,0%,,CAUTION,OTHER,,,,,0.0,,,,,,,,,0.0,Fresh,,,,,0.0,0,False,2026-06-05 12:45:17,,,,,,,,,,,,,,,,,,,,,,,,,,,,,,,,,False,
INE526B01014,CALSOFT,CALIFORNIA SOFT.,IT - Software,True,ILLIQUID,Avg daily traded value ₹48.3L < ₹50.0L,0,0,,0,0,0,AVOID,,0,False,False,0%,,CAUTION,OTHER,,,,,0.0,,,,,,,,,0.0,Fresh,,,,,0.0,0,False,2026-06-05 12:45:17,,,,,,,,,,,,,,,,,,,,,,,,,,,,,,,,,False,
INE090Y01013,CADSYS,CADSYS (INDIA),Commercial Services & Supplies,True,DISTRESS,Altman Z = 0.55 (bankruptcy zone),0,0,,0,0,0,AVOID,,0,False,False,0%,,CAUTION,OTHER,,,,,0.0,,,,,,,,,0.0,Fresh,,,,,0.0,0,False,2026-06-05 12:45:17,,,,,,,,,,,,,,,,,,,,,,,,,,,,,,,,,False,
INE319B01014,BYKE,THE BYKE HOSPI.,Leisure Services,True,ILLIQUID,Avg daily traded value ₹14.7L < ₹50.0L,0,0,,0,0,0,AVOID,,0,False,False,0%,,CAUTION,OTHER,,,,,0.0,,,,,,,,,0.0,Fresh,,,,,0.0,0,False,2026-06-05 12:45:17,,,,,,,,,,,,,,,,,,,,,,,,,,,,,,,,,False,
INE139I01011,BVCL,BARAK VALLEY,Cement & Cement Products,True,ILLIQUID,Avg daily traded value ₹4.9L < ₹50.0L,0,0,,0,0,0,AVOID,,0,False,False,0%,,CAUTION,OTHER,,,,,0.0,,,,,,,,,0.0,Fresh,,,,,0.0,0,False,2026-06-05 12:45:17,,,,,,,,,,,,,,,,,,,,,,,,,,,,,,,,,False,
INE02PY01013,BOROLTD,BOROSIL,Consumer Durables,False,,,0,0,,0,0,0,AVOID,,0,False,False,0%,,,,,,,,,,,,,,,,,,Fresh,,,,,,0,False,2026-06-05 12:45:17,,,,,,,,,,,,,,,,,,,,,,,,,,,,,,,,,False,
INE0B9A01018,BONLON,BONLON INDUSTRIE,Diversified Metals,True,ILLIQUID,Avg daily traded value ₹10.6L < ₹50.0L,0,0,,0,0,0,AVOID,,0,False,False,0%,,CAUTION,OTHER,,,,,0.0,,,,,,,,,0.0,Fresh,,,,,0.0,0,False,2026-06-05 12:45:17,,,,,,,,,,,,,,,,,,,,,,,,,,,,,,,,,False,
INE802W01023,BOHRAIND,BOHRA INDUSTRIES,Fertilizers & Agrochemicals,True,CHRONIC_LOSSES,"NP negative 3 of 4 quarters, no turnaround signal",0,0,,0,0,0,AVOID,,0,False,False,0%,,CAUTION,OTHER,,,,,0.0,,,,,,,,,0.0,Fresh,,,,,0.0,0,False,2026-06-05 12:45:17,,,,,,,,,,,,,,,,,,,,,,,,,,,,,,,,,False,
INE338D01028,BODALCHEM,BODAL CHEMICALS,Chemicals & Petrochemicals,False,,,0,0,,0,0,0,AVOID,,0,False,False,0%,,,,,,,,,,,,,,,,,,Fresh,,,,,,0,False,2026-06-05 12:45:17,,,,,,,,,,,,,,,,,,,,,,,,,,,,,,,,,False,
INE489D01011,BNALTD,NAN,nan,True,ILLIQUID,Avg daily traded value ₹1.3L < ₹50.0L,0,0,,0,0,0,AVOID,,0,False,False,0%,,CAUTION,OTHER,,,,,0.0,,,,,,,,,0.0,Fresh,,,,,0.0,0,False,2026-06-05 12:45:17,,,,,,,,,,,,,,,,,,,,,,,,,,,,,,,,,False,
INE00HZ01011,BNAGROCHEM,NAN,nan,True,ILLIQUID,Avg daily traded value ₹21.9L < ₹50.0L,0,0,,0,0,0,AVOID,,0,False,False,0%,,CAUTION,OTHER,,,,,0.0,,,,,,,,,0.0,Fresh,,,,,0.0,0,False,2026-06-05 12:45:17,,,,,,,,,,,,,,,,,,,,,,,,,,,,,,,,,False,
INE965W01036,BMWVENTLTD,BMW VENTURES,Metals & Minerals Trading,True,ILLIQUID,Avg daily traded value ₹47.4L < ₹50.0L,0,0,,0,0,0,AVOID,,0,False,False,0%,,CAUTION,OTHER,,,,,0.0,,,,,,,,,0.0,Fresh,,,,,0.0,0,False,2026-06-05 12:45:17,,,,,,,,,,,,,,,,,,,,,,,,,,,,,,,,,False,
INE0I3Y01014,BMETRICS,BOMBAY METRICS,Commercial Services & Supplies,True,ILLIQUID,Avg daily traded value ₹1.9L < ₹50.0L,0,0,,0,0,0,AVOID,,0,False,False,0%,,CAUTION,OTHER,,,,,0.0,,,,,,,,,0.0,Fresh,,,,,0.0,0,False,2026-06-05 12:45:17,,,,,,,,,,,,,,,,,,,,,,,,,,,,,,,,,False,
INE0U4101014,BLUSPRING,BLUSPRING ENTER.,Commercial Services & Supplies,True,CHRONIC_LOSSES,"NP negative 3 of 4 quarters, no turnaround signal",0,0,,0,0,0,AVOID,,0,False,False,0%,,CAUTION,OTHER,,,,,0.0,,,,,,,,,0.0,Fresh,,,,,0.0,0,False,2026-06-05 12:45:17,,,,,,,,,,,,,,,,,,,,,,,,,,,,,,,,,False,16.0
INE0SAK01011,BLUEPEBBLE,BLUE PEBBLE,Other Consumer Services,True,ILLIQUID,Avg daily traded value ₹5.1L < ₹50.0L,0,0,,0,0,0,AVOID,,0,False,False,0%,,CAUTION,OTHER,,,,,0.0,,,,,,,,,0.0,Fresh,,,,,0.0,0,False,2026-06-05 12:45:17,,,,,,,,,,,,,,,,,,,,,,,,,,,,,,,,,False,
INE782A01015,BOSCH-HCIL,BOSCH HOME COMFORT,Consumer Durables,False,LIQUIDITY,"Avg 20d vol 13,495 < 50K shares/day (micro-illiquid)",0,0,,0,0,0,AVOID,,0,False,False,0%,,CAUTION,CONSUMPTION,,,,,0.0,,,,,,,,,0.0,Fresh,,,,,0.0,0,False,2026-06-05 12:45:17,,,,,,,,,,,,,,,,,,,,,,,,,,,,,,,,,False,63.0
INE323A01026,BOSCHLTD,BOSCH,Auto Components,False,LIQUIDITY,"Avg 20d vol 39,909 < 50K shares/day (micro-illiquid)",0,0,,0,0,0,AVOID,,0,False,False,0%,,CAUTION,OTHER,,,,,0.0,,,,,,,,,0.0,Fresh,,,,,0.0,0,False,2026-06-05 12:45:17,,,,,,,,,,,,,,,,,,,,,,,,,,,,,,,,,False,15.0
INE274K01012,BTTL,NAN,nan,True,ILLIQUID,Avg daily traded value ₹9.4L < ₹50.0L,0,0,,0,0,0,AVOID,,0,False,False,0%,,CAUTION,OTHER,,,,,0.0,,,,,,,,,0.0,Fresh,,,,,0.0,0,False,2026-06-05 12:45:17,,,,,,,,,,,,,,,,,,,,,,,,,,,,,,,,,False,
INE0EEJ01023,BTML,BODHI TREE,Entertainment,True,ILLIQUID,Avg daily traded value ₹31.3L < ₹50.0L,0,0,,0,0,0,AVOID,,0,False,False,0%,,CAUTION,OTHER,,,,,0.0,,,,,,,,,0.0,Fresh,,,,,0.0,0,False,2026-06-05 12:45:17,,,,,,,,,,,,,,,,,,,,,,,,,,,,,,,,,False,
INE594B01012,BSL,BSL,Textiles & Apparels,True,ILLIQUID,Avg daily traded value ₹24.1L < ₹50.0L,0,0,,0,0,0,AVOID,,0,False,False,0%,,CAUTION,OTHER,,,,,0.0,,,,,,,,,0.0,Fresh,,,,,0.0,0,False,2026-06-05 12:45:17,,,,,,,,,,,,,,,,,,,,,,,,,,,,,,,,,False,
INE032Z01020,BSHSL,BOMBAY SUPER HYB,Agricultural Food & other Products,True,ILLIQUID,Avg daily traded value ₹6.8L < ₹50.0L,0,0,,0,0,0,AVOID,,0,False,False,0%,,CAUTION,OTHER,,,,,0.0,,,,,,,,,0.0,Fresh,,,,,0.0,0,False,2026-06-05 12:45:17,,,,,,,,,,,,,,,,,,,,,,,,,,,,,,,,,False,
INE650L01011,BROOKS,BROOKS LAB.,Pharmaceuticals & Biotechnology,True,ILLIQUID,Avg daily traded value ₹37.5L < ₹50.0L,0,0,,0,0,0,AVOID,,0,False,False,0%,,CAUTION,OTHER,,,,,0.0,,,,,,,,,0.0,Fresh,,,,,0.0,0,False,2026-06-05 12:45:17,,,,,,,,,,,,,,,,,,,,,,,,,,,,,,,,,False,
INE727S01012,BRNL,BHARAT ROAD,Construction,True,DISTRESS,Altman Z = -0.21 (bankruptcy zone),0,0,,0,0,0,AVOID,,0,False,False,0%,,CAUTION,OTHER,,,,,0.0,,,,,,,,,0.0,Fresh,,,,,0.0,0,False,2026-06-05 12:45:17,,,,,,,,,,,,,,,,,,,,,,,,,,,,,,,,,False,
INE03NU01014,BRIGHOTEL,BRIGADE HOTEL,Leisure Services,True,ILLIQUID,Avg daily traded value ₹43.6L < ₹50.0L,0,0,,0,0,0,AVOID,,0,False,False,0%,,CAUTION,OTHER,,,,,0.0,,,,,,,,,0.0,Fresh,,,,,0.0,0,False,2026-06-05 12:45:17,,,,,,,,,,,,,,,,,,,,,,,,,,,,,,,,,False,
INE110A01019,BPL,BPL,Consumer Durables,True,DISTRESS,Altman Z = 0.56 (bankruptcy zone),0,0,,0,0,0,AVOID,,0,False,False,0%,,CAUTION,CONSUMPTION,,,,,0.0,,,,,,,,,0.0,Fresh,,,,,0.0,0,False,2026-06-05 12:45:18,,,,,,,,,,,,,,,,,,,,,,,,,,,,,,,,,False,
INE520H01022,BEARDSELL,BEARDSELL,Industrial Products,True,ILLIQUID,Avg daily traded value ₹9.5L < ₹50.0L,0,0,,0,0,0,AVOID,,0,False,False,0%,,CAUTION,OTHER,,,,,0.0,,,,,,,,,0.0,Fresh,,,,,0.0,0,False,2026-06-05 12:45:18,,,,,,,,,,,,,,,,,,,,,,,,,,,,,,,,,False,
INE778K01012,EMAMIREAL,EMAMI REALTY LTD,Realty,True,DISTRESS,Altman Z = 0.31 (bankruptcy zone),0,0,,0,0,0,AVOID,,0,False,False,0%,,CAUTION,OTHER,,,,,0.0,,,,,,,,,0.0,Fresh,,,,,0.0,0,False,2026-06-05 12:45:18,,,,,,,,,,,,,,,,,,,,,,,,,,,,,,,,,False,
INE830C01026,EMAMIPAP,EMAMI PAPER,"Paper, Forest & Jute Products",True,ILLIQUID,Avg daily traded value ₹26.4L < ₹50.0L,0,0,,0,0,0,AVOID,,0,False,False,0%,,CAUTION,OTHER,,,,,0.0,,,,,,,,,0.0,Fresh,,,,,0.0,0,False,2026-06-05 12:45:18,,,,,,,,,,,,,,,,,,,,,,,,,,,,,,,,,False,
INE069I01010,EMBDL,EMBASSY DEVELOP,Realty,True,DISTRESS,Altman Z = 0.71 (bankruptcy zone),0,0,,0,0,0,AVOID,,0,False,False,0%,,CAUTION,OTHER,,,,,0.0,,,,,,,,,0.0,Fresh,,,,,0.0,0,False,2026-06-05 12:45:18,,,,,,,,,,,,,,,,,,,,,,,,,,,,,,,,,False,32.0
INE0R9I01021,ENSER,ENSER,IT - Services,True,ILLIQUID,Avg daily traded value ₹3.4L < ₹50.0L,0,0,,0,0,0,AVOID,,0,False,False,0%,,CAUTION,OTHER,,,,,0.0,,,,,,,,,0.0,Fresh,,,,,0.0,0,False,2026-06-05 12:45:18,,,,,,,,,,,,,,,,,,,,,,,,,,,,,,,,,False,
INE265F01028,ENIL,ENT.NETWORK,Entertainment,True,ILLIQUID,Avg daily traded value ₹20.2L < ₹50.0L,0,0,,0,0,0,AVOID,,0,False,False,0%,,CAUTION,OTHER,,,,,0.0,,,,,,,,,0.0,Fresh,,,,,0.0,0,False,2026-06-05 12:45:18,,,,,,,,,,,,,,,,,,,,,,,,,,,,,,,,,False,19.0
INE0S3X01014,ENFUSE,ENFUSE SOLUTIONS,IT - Services,True,ILLIQUID,Avg daily traded value ₹9.0L < ₹50.0L,0,0,,0,0,0,AVOID,,0,False,False,0%,,CAUTION,OTHER,,,,,0.0,,,,,,,,,0.0,Fresh,,,,,0.0,0,False,2026-06-05 12:45:18,,,,,,,,,,,,,,,,,,,,,,,,,,,,,,,,,False,
INE306C01019,ENERGYDEV,ENERGY DEVL.CO.,Power,True,DISTRESS,Altman Z = -2.13 (bankruptcy zone),0,0,,0,0,0,AVOID,,0,False,False,0%,,CAUTION,OTHER,,,,,0.0,,,,,,,,,0.0,Fresh,,,,,0.0,0,False,2026-06-05 12:45:18,,,,,,,,,,,,,,,,,,,,,,,,,,,,,,,,,False,
INE0S1L01013,EMMIL,ENERGY-MISSION,Industrial Manufacturing,True,ILLIQUID,Avg daily traded value ₹6.4L < ₹50.0L,0,0,,0,0,0,AVOID,,0,False,False,0%,,CAUTION,OTHER,,,,,0.0,,,,,,,,,0.0,Fresh,,,,,0.0,0,False,2026-06-05 12:45:18,,,,,,,,,,,,,,,,,,,,,,,,,,,,,,,,,False,
INE753K01015,EMMBI,EMMBI INDUSTRIES,Industrial Products,True,ILLIQUID,Avg daily traded value ₹16.9L < ₹50.0L,0,0,,0,0,0,AVOID,,0,False,False,0%,,CAUTION,OTHER,,,,,0.0,,,,,,,,,0.0,Fresh,,,,,0.0,0,False,2026-06-05 12:45:18,,,,,,,,,,,,,,,,,,,,,,,,,,,,,,,,,False,
INE332S01011,EMKAYTOOLS,EMKAY TAPS & CUT,Industrial Manufacturing,True,ILLIQUID,Avg daily traded value ₹2.2L < ₹50.0L,0,0,,0,0,0,AVOID,,0,False,False,0%,,CAUTION,OTHER,,,,,0.0,,,,,,,,,0.0,Fresh,,,,,0.0,0,False,2026-06-05 12:45:18,,,,,,,,,,,,,,,,,,,,,,,,,,,,,,,,,False,
INE050401020,ELIN,ELIN ELECTRONICS,Consumer Durables,False,,,0,0,,0,0,0,AVOID,,0,False,False,0%,,,,,,,,,,,,,,,,,,Fresh,,,,,,0,False,2026-06-05 12:45:18,,,,,,,,,,,,,,,,,,,,,,,,,,,,,,,,,False,
INE0KFF01017,EFACTOR,E FACTOR EXPERIE,Other Consumer Services,True,ILLIQUID,Avg daily traded value ₹15.1L < ₹50.0L,0,0,,0,0,0,AVOID,,0,False,False,0%,,CAUTION,OTHER,,,,,0.0,,,,,,,,,0.0,Fresh,,,,,0.0,0,False,2026-06-05 12:45:18,,,,,,,,,,,,,,,,,,,,,,,,,,,,,,,,,False,
INE0Q1W01012,EFORCE,ELECTRO FORCE,Electrical Equipment,True,ILLIQUID,Avg daily traded value ₹2.0L < ₹50.0L,0,0,,0,0,0,AVOID,,0,False,False,0%,,CAUTION,OTHER,,,,,0.0,,,,,,,,,0.0,Fresh,,,,,0.0,0,False,2026-06-05 12:45:18,,,,,,,,,,,,,,,,,,,,,,,,,,,,,,,,,False,
INE819L01012,ELGIRUBCO,ELGI RUBBER CO,Industrial Products,True,CHRONIC_LOSSES,"NP negative 3 of 4 quarters, no turnaround signal",0,0,,0,0,0,AVOID,,0,False,False,0%,,CAUTION,OTHER,,,,,0.0,,,,,,,,,0.0,Fresh,,,,,0.0,0,False,2026-06-05 12:45:18,,,,,,,,,,,,,,,,,,,,,,,,,,,,,,,,,False,
INE668G01021,ELDEHSG,ELDECO HOUSING,Realty,True,ILLIQUID,Avg daily traded value ₹9.0L < ₹50.0L,0,0,,0,0,0,AVOID,,0,False,False,0%,,CAUTION,OTHER,,,,,0.0,,,,,,,,,0.0,Fresh,,,,,0.0,0,False,2026-06-05 12:45:18,,,,,,,,,,,,,,,,,,,,,,,,,,,,,,,,,False,10.0
INE927X01018,ELCIDIN,NAN,nan,True,ILLIQUID,Avg daily traded value ₹17.6L < ₹50.0L,0,0,,0,0,0,AVOID,,0,False,False,0%,,CAUTION,OTHER,,,,,0.0,,,,,,,,,0.0,Fresh,,,,,0.0,0,False,2026-06-05 12:45:18,,,,,,,,,,,,,,,,,,,,,,,,,,,,,,,,,False,10.0
INE280B01018,ELANTAS,NAN,nan,False,LIQUIDITY,"Avg 20d vol 1,363 < 50K shares/day (micro-illiquid)",0,0,,0,0,0,AVOID,,0,False,False,0%,,CAUTION,OTHER,,,,,0.0,,,,,,,,,0.0,Fresh,,,,,0.0,0,False,2026-06-05 12:45:18,,,,,,,,,,,,,,,,,,,,,,,,,,,,,,,,,False,50.0
INE158B01016,EIMCOELECO,EIMCO ELECON(I),Industrial Manufacturing,False,LIQUIDITY,"Avg 20d vol 14,730 < 50K shares/day (micro-illiquid)",0,0,,0,0,0,AVOID,,0,False,False,0%,,CAUTION,OTHER,,,,,0.0,,,,,,,,,0.0,Fresh,,,,,0.0,0,False,2026-06-05 12:45:18,,,,,,,,,,,,,,,,,,,,,,,,,,,,,,,,,False,
INE276C01014,EIHAHOTELS,EIH ASSOC.HOTELS,Leisure Services,True,ILLIQUID,Avg daily traded value ₹44.8L < ₹50.0L,0,0,,0,0,0,AVOID,,0,False,False,0%,,CAUTION,OTHER,,,,,0.0,,,,,,,,,0.0,Fresh,,,,,0.0,0,False,2026-06-05 12:45:18,,,,,,,,,,,,,,,,,,,,,,,,,,,,,,,,,False,
INE546V01010,EIFFL,EURO INDIA FRESH,Food Products,False,LIQUIDITY,"Avg 20d vol 34,031 < 50K shares/day (micro-illiquid)",0,0,,0,0,0,AVOID,,0,False,False,0%,,CAUTION,OTHER,,,,,0.0,,,,,,,,,0.0,Fresh,,,,,0.0,0,False,2026-06-05 12:45:18,,,,,,,,,,,,,,,,,,,,,,,,,,,,,,,,,False,
INE184H01027,EKC,EVEREST KANTO,Industrial Manufacturing,False,,,0,0,,0,0,0,AVOID,,0,False,False,0%,,,,,,,,,,,,,,,,,,Fresh,,,,,,0,False,2026-06-05 12:45:18,,,,,,,,,,,,,,,,,,,,,,,,,,,,,,,,,False,
INE071N01016,EPIGRAL,EPIGRAL,Chemicals & Petrochemicals,False,LIQUIDITY,"Avg 20d vol 32,562 < 50K shares/day (micro-illiquid)",0,0,,0,0,0,AVOID,,0,False,False,0%,,CAUTION,OTHER,,,,,0.0,,,,,,,,,0.0,Fresh,,,,,0.0,0,False,2026-06-05 12:45:18,,,,,,,,,,,,,,,,,,,,,,,,,,,,,,,,,False,34.0
INE217G01035,EQUIPPP,EQUIPPP SOCIAL,IT - Software,True,ILLIQUID,Avg daily traded value ₹1.5L < ₹50.0L,0,0,,0,0,0,AVOID,,0,False,False,0%,,CAUTION,OTHER,,,,,0.0,,,,,,,,,0.0,Fresh,,,,,0.0,0,False,2026-06-05 12:45:18,,,,,,,,,,,,,,,,,,,,,,,,,,,,,,,,,False,
INE0GFE01026,EXXARO,EXXARO TILES,Consumer Durables,True,ILLIQUID,Avg daily traded value ₹6.6L < ₹50.0L,0,0,,0,0,0,AVOID,,0,False,False,0%,,CAUTION,CONSUMPTION,,,,,0.0,,,,,,,,,0.0,Fresh,,,,,0.0,0,False,2026-06-05 12:45:18,,,,,,,,,,,,,,,,,,,,,,,,,,,,,,,,,False,
INE302A01020,EXIDEIND,EXIDE INDS.,Auto Components,False,,,0,0,,0,0,0,AVOID,,0,False,False,0%,,,,,,,,,,,,,,,,,,Fresh,,,,,,0,False,2026-06-05 12:45:18,,,,,,,,,,,,,,,,,,,,,,,,,,,,,,,,,False,32.0
INE777F01014,EXICOM,EXICOM TELE-SYS.,Electrical Equipment,True,CHRONIC_LOSSES,"NP negative 3 of 4 quarters, no turnaround signal",0,0,,0,0,0,AVOID,,0,False,False,0%,,CAUTION,OTHER,,,,,0.0,,,,,,,,,0.0,Fresh,,,,,0.0,0,False,2026-06-05 12:45:18,,,,,,,,,,,,,,,,,,,,,,,,,,,,,,,,,False,53.0
INE04TZ01018,ETHOSLTD,ETHOS,Consumer Durables,False,LIQUIDITY,"Avg 20d vol 27,078 < 50K shares/day (micro-illiquid)",0,0,,0,0,0,AVOID,,0,False,False,0%,,CAUTION,CONSUMPTION,,,,,0.0,,,,,,,,,0.0,Fresh,,,,,0.0,0,False,2026-06-05 12:45:19,,,,,,,,,,,,,,,,,,,,,,,,,,,,,,,,,False,24.0
INE778B01029,ESTER,ESTER INDUSTRIES,Industrial Products,True,CHRONIC_LOSSES,"NP negative 3 of 4 quarters, no turnaround signal",0,0,,0,0,0,AVOID,,0,False,False,0%,,CAUTION,OTHER,,,,,0.0,,,,,,,,,0.0,Fresh,,,,,0.0,0,False,2026-06-05 12:45:19,,,,,,,,,,,,,,,,,,,,,,,,,,,,,,,,,False,
INE122M01019,ESSARSHPNG,ESSAR SHIPPING,Transport Services,True,DISTRESS,Altman Z = -22.04 (bankruptcy zone),0,0,,0,0,0,AVOID,,0,False,False,0%,,CAUTION,OTHER,,,,,0.0,,,,,,,,,0.0,Fresh,,,,,0.0,0,False,2026-06-05 12:45:19,,,,,,,,,,,,,,,,,,,,,,,,,,,,,,,,,False,
INE0ITO01014,ESFL,ESSEN SPECIALITY,Consumer Durables,True,ILLIQUID,Avg daily traded value ₹13.7L < ₹50.0L,0,0,,0,0,0,AVOID,,0,False,False,0%,,CAUTION,CONSUMPTION,,,,,0.0,,,,,,,,,0.0,Fresh,,,,,0.0,0,False,2026-06-05 12:45:19,,,,,,,,,,,,,,,,,,,,,,,,,,,,,,,,,False,
INE0RQZ01017,ESCONET,ESCONET,IT - Hardware,True,ILLIQUID,Avg daily traded value ₹21.6L < ₹50.0L,0,0,,0,0,0,AVOID,,0,False,False,0%,,CAUTION,TECHNOLOGY,,,,,0.0,,,,,,,,,0.0,Fresh,,,,,0.0,0,False,2026-06-05 12:45:19,,,,,,,,,,,,,,,,,,,,,,,,,,,,,,,,,False,
INE284A01012,ESABINDIA,ESAB INDIA,Industrial Products,False,LIQUIDITY,"Avg 20d vol 5,608 < 50K shares/day (micro-illiquid)",0,0,,0,0,0,AVOID,,0,False,False,0%,,CAUTION,OTHER,,,,,0.0,,,,,,,,,0.0,Fresh,,,,,0.0,0,False,2026-06-05 12:45:19,,,,,,,,,,,,,,,,,,,,,,,,,,,,,,,,,False,8.0
INE505V01016,EUROBOND,EURO PANEL,Industrial Products,True,ILLIQUID,Avg daily traded value ₹17.4L < ₹50.0L,0,0,,0,0,0,AVOID,,0,False,False,0%,,CAUTION,OTHER,,,,,0.0,,,,,,,,,0.0,Fresh,,,,,0.0,0,False,2026-06-05 12:45:19,,,,,,,,,,,,,,,,,,,,,,,,,,,,,,,,,False,
INE022C01012,EUROTEXIND,EUROTEX INDUSTRI,Textiles & Apparels,True,DISTRESS,Altman Z = -4.62 (bankruptcy zone),0,0,,0,0,0,AVOID,,0,False,False,0%,,CAUTION,OTHER,,,,,0.0,,,,,,,,,0.0,Fresh,,,,,0.0,0,False,2026-06-05 12:45:19,,,,,,,,,,,,,,,,,,,,,,,,,,,,,,,,,False,
INE295A01018,EVERESTIND,EVEREST INDS.,Other Construction Materials,True,CHRONIC_LOSSES,"NP negative 3 of 4 quarters, no turnaround signal",0,0,,0,0,0,AVOID,,0,False,False,0%,,CAUTION,OTHER,,,,,0.0,,,,,,,,,0.0,Fresh,,,,,0.0,0,False,2026-06-05 12:45:19,,,,,,,,,,,,,,,,,,,,,,,,,,,,,,,,,False,9.0
INE369A01029,EXCELINDUS,EXCEL INDUSTRIES,Chemicals & Petrochemicals,False,LIQUIDITY,"Avg 20d vol 11,020 < 50K shares/day (micro-illiquid)",0,0,,0,0,0,AVOID,,0,False,False,0%,,CAUTION,OTHER,,,,,0.0,,,,,,,,,0.0,Fresh,,,,,0.0,0,False,2026-06-05 12:45:19,,,,,,,,,,,,,,,,,,,,,,,,,,,,,,,,,False,
INE731U01028,DIGJAMLMTD,DIGJAM,Textiles & Apparels,True,DISTRESS,Altman Z = 0.67 (bankruptcy zone),0,0,,0,0,0,AVOID,,0,False,False,0%,,CAUTION,OTHER,,,,,0.0,,,,,,,,,0.0,Fresh,,,,,0.0,0,False,2026-06-05 12:45:19,,,,,,,,,,,,,,,,,,,,,,,,,,,,,,,,,False,11.0
INE927C01020,DIGISPICE,DIGISPICE TECH.,IT - Services,True,ILLIQUID,Avg daily traded value ₹10.9L < ₹50.0L,0,0,,0,0,0,AVOID,,0,False,False,0%,,CAUTION,OTHER,,,,,0.0,,,,,,,,,0.0,Fresh,,,,,0.0,0,False,2026-06-05 12:45:19,,,,,,,,,,,,,,,,,,,,,,,,,,,,,,,,,False,
INE244A01016,DENORA,DE NORA INDIA,Industrial Products,True,ILLIQUID,Avg daily traded value ₹34.8L < ₹50.0L,0,0,,0,0,0,AVOID,,0,False,False,0%,,CAUTION,OTHER,,,,,0.0,,,,,,,,,0.0,Fresh,,,,,0.0,0,False,2026-06-05 12:45:19,,,,,,,,,,,,,,,,,,,,,,,,,,,,,,,,,False,31.0
INE947J01015,DEN,DEN NETWORKS,Entertainment,False,,,0,0,,0,0,0,AVOID,,0,False,False,0%,,,,,,,,,,,,,,,,,,Fresh,,,,,,0,False,2026-06-05 12:45:19,,,,,,,,,,,,,,,,,,,,,,,,,,,,,,,,,False,51.0
INE393A01011,DELTAMAGNT,DELTA MANUFACT.,Industrial Products,True,DISTRESS,Altman Z = 0.28 (bankruptcy zone),0,0,,0,0,0,AVOID,,0,False,False,0%,,CAUTION,OTHER,,,,,0.0,,,,,,,,,0.0,Fresh,,,,,0.0,0,False,2026-06-05 12:45:19,,,,,,,,,,,,,,,,,,,,,,,,,,,,,,,,,False,
INE726L01027,DELPHIFX,DELPHI WORLD,Finance,True,ILLIQUID,Avg daily traded value ₹30.4L < ₹50.0L,0,0,,0,0,0,AVOID,,0,False,False,0%,,CAUTION,FINANCIALS,,,,,0.0,,,,,,,,,0.0,Fresh,,,,,0.0,0,False,2026-06-05 12:45:19,,,,,,,,,,,,,,,,,,,,,,,,,,,,,,,,,False,
INE0SK801018,DELAPLEX,DELAPLEX,IT - Software,True,ILLIQUID,Avg daily traded value ₹7.8L < ₹50.0L,0,0,,0,0,0,AVOID,,0,False,False,0%,,CAUTION,OTHER,,,,,0.0,,,,,,,,,0.0,Fresh,,,,,0.0,0,False,2026-06-05 12:45:19,,,,,,,,,,,,,,,,,,,,,,,,,,,,,,,,,False,
INE586O01011,DEEM,DEEM ROLL-TECH,Industrial Products,True,ILLIQUID,Avg daily traded value ₹3.4L < ₹50.0L,0,0,,0,0,0,AVOID,,0,False,False,0%,,CAUTION,OTHER,,,,,0.0,,,,,,,,,0.0,Fresh,,,,,0.0,0,False,2026-06-05 12:45:19,,,,,,,,,,,,,,,,,,,,,,,,,,,,,,,,,False,
INE583C01021,DECCANCE,DECCAN CEMENTS,Cement & Cement Products,False,LIQUIDITY,"Avg 20d vol 16,902 < 50K shares/day (micro-illiquid)",0,0,,0,0,0,AVOID,,0,False,False,0%,,CAUTION,OTHER,,,,,0.0,,,,,,,,,0.0,Fresh,,,,,0.0,0,False,2026-06-05 12:45:19,,,,,,,,,,,,,,,,,,,,,,,,,,,,,,,,,False,
INE0N5801013,DENTALKART,VASA DENTICITY,Healthcare Equipment & Supplies,False,LIQUIDITY,"Avg 20d vol 21,900 < 50K shares/day (micro-illiquid)",0,0,,0,0,0,AVOID,,0,False,False,0%,,CAUTION,OTHER,,,,,0.0,,,,,,,,,0.0,Fresh,,,,,0.0,0,False,2026-06-05 12:45:19,,,,,,,,,,,,,,,,,,,,,,,,,,,,,,,,,False,
INE0IGO01011,DESTINY,DESTINY LOGISTIC,Transport Services,True,ILLIQUID,Avg daily traded value ₹0.0L < ₹50.0L,0,0,,0,0,0,AVOID,,0,False,False,0%,,CAUTION,OTHER,,,,,0.0,,,,,,,,,0.0,Fresh,,,,,0.0,0,False,2026-06-05 12:45:19,,,,,,,,,,,,,,,,,,,,,,,,,,,,,,,,,False,
INE060X01034,DEVIT,DEV INFORMATION,IT - Services,True,ILLIQUID,Avg daily traded value ₹16.1L < ₹50.0L,0,0,,0,0,0,AVOID,,0,False,False,0%,,CAUTION,OTHER,,,,,0.0,,,,,,,,,0.0,Fresh,,,,,0.0,0,False,2026-06-05 12:45:19,,,,,,,,,,,,,,,,,,,,,,,,,,,,,,,,,False,57.0
INE0VOV01021,DEVX,DEV ACCELE.,Commercial Services & Supplies,True,DISTRESS,Altman Z = 0.85 (bankruptcy zone),0,0,,0,0,0,AVOID,,0,False,False,0%,,CAUTION,OTHER,,,,,0.0,,,,,,,,,0.0,Fresh,,,,,0.0,0,False,2026-06-05 12:45:19,,,,,,,,,,,,,,,,,,,,,,,,,,,,,,,,,False,
INE303A01010,DICIND,DIC INDIA,Chemicals & Petrochemicals,True,ILLIQUID,Avg daily traded value ₹11.0L < ₹50.0L,0,0,,0,0,0,AVOID,,0,False,False,0%,,CAUTION,OTHER,,,,,0.0,,,,,,,,,0.0,Fresh,,,,,0.0,0,False,2026-06-05 12:45:19,,,,,,,,,,,,,,,,,,,,,,,,,,,,,,,,,False,63.0
INE591D01014,DIAMINESQ,DIAMINES & CHEM.,Chemicals & Petrochemicals,True,ILLIQUID,Avg daily traded value ₹23.5L < ₹50.0L,0,0,,0,0,0,AVOID,,0,False,False,0%,,CAUTION,OTHER,,,,,0.0,,,,,,,,,0.0,Fresh,,,,,0.0,0,False,2026-06-05 12:45:19,,,,,,,,,,,,,,,,,,,,,,,,,,,,,,,,,False,
INE989C01038,DIACABS,DIAMOND POWER,Electrical Equipment,True,DISTRESS,Altman Z = 0.66 (bankruptcy zone),0,0,,0,0,0,AVOID,,0,False,False,0%,,CAUTION,OTHER,,,,,0.0,,,,,,,,,0.0,Fresh,,,,,0.0,0,False,2026-06-05 12:45:19,,,,,,,,,,,,,,,,,,,,,,,,,,,,,,,,,False,36.0
INE320L01011,DHUNINV,DHUNSERI INVEST.,Finance,True,CHRONIC_LOSSES,"NP negative 3 of 4 quarters, no turnaround signal",0,0,,0,0,0,AVOID,,0,False,False,0%,,CAUTION,FINANCIALS,,,,,0.0,,,,,,,,,0.0,Fresh,,,,,0.0,0,False,2026-06-05 12:45:19,,,,,,,,,,,,,,,,,,,,,,,,,,,,,,,,,False,
INE0OGG01015,DHTL,DOCMODE HEALTH,Other Consumer Services,True,ILLIQUID,Avg daily traded value ₹0.3L < ₹50.0L,0,0,,0,0,0,AVOID,,0,False,False,0%,,CAUTION,OTHER,,,,,0.0,,,,,,,,,0.0,Fresh,,,,,0.0,0,False,2026-06-05 12:45:19,,,,,,,,,,,,,,,,,,,,,,,,,,,,,,,,,False,
INE506Z01015,DHRUV,DHRUV CONSULTANC,Commercial Services & Supplies,True,ILLIQUID,Avg daily traded value ₹2.1L < ₹50.0L,0,0,,0,0,0,AVOID,,0,False,False,0%,,CAUTION,OTHER,,,,,0.0,,,,,,,,,0.0,Fresh,,,,,0.0,0,False,2026-06-05 12:45:19,,,,,,,,,,,,,,,,,,,,,,,,,,,,,,,,,False,
INE0PSC01024,DIGIDRIVE,DIGIDRIVE DIST.,Retailing,True,ILLIQUID,Avg daily traded value ₹8.9L < ₹50.0L,0,0,,0,0,0,AVOID,,0,False,False,0%,,CAUTION,OTHER,,,,,0.0,,,,,,,,,0.0,Fresh,,,,,0.0,0,False,2026-06-05 12:45:19,,,,,,,,,,,,,,,,,,,,,,,,,,,,,,,,,False,
INE278R01034,DHARAN,DHARAN INFRA-EPC,Realty,True,ILLIQUID,Avg daily traded value ₹28.5L < ₹50.0L,0,0,,0,0,0,AVOID,,0,False,False,0%,,CAUTION,OTHER,,,,,0.0,,,,,,,,,0.0,Fresh,,,,,0.0,0,False,2026-06-05 12:45:19,,,,,,,,,,,,,,,,,,,,,,,,,,,,,,,,,False,
INE0V9V01010,DHANLAXMI,DHANLAXMI CROP,Agricultural Food & other Products,True,ILLIQUID,Avg daily traded value ₹9.8L < ₹50.0L,0,0,,0,0,0,AVOID,,0,False,False,0%,,CAUTION,OTHER,,,,,0.0,,,,,,,,,0.0,Fresh,,,,,0.0,0,False,2026-06-05 12:45:19,,,,,,,,,,,,,,,,,,,,,,,,,,,,,,,,,False,
INE041A01016,DHAMPURSUG,DHAMPUR SUGAR,Agricultural Food & other Products,False,,,0,0,,0,0,0,AVOID,,0,False,False,0%,,,,,,,,,,,,,,,,,,Fresh,,,,,,0,False,2026-06-05 12:45:19,,,,,,,,,,,,,,,,,,,,,,,,,,,,,,,,,False,
INE03JI01017,DGCONTENT,DIGICONTENT,Media,True,ILLIQUID,Avg daily traded value ₹3.6L < ₹50.0L,0,0,,0,0,0,AVOID,,0,False,False,0%,,CAUTION,OTHER,,,,,0.0,,,,,,,,,0.0,Fresh,,,,,0.0,0,False,2026-06-05 12:45:19,,,,,,,,,,,,,,,,,,,,,,,,,,,,,,,,,False,
INE872J01023,DEVYANI,DEVYANI INTL.,Leisure Services,True,CHRONIC_LOSSES,"NP negative 3 of 4 quarters, no turnaround signal",0,0,,0,0,0,AVOID,,0,False,False,0%,,CAUTION,OTHER,,,,,0.0,,,,,,,,,0.0,Fresh,,,,,0.0,0,False,2026-06-05 12:45:19,,,,,,,,,,,,,,,,,,,,,,,,,,,,,,,,,False,
INE0KL801015,DCXINDIA,DCX SYSTEMS,Aerospace & Defense,True,CHRONIC_LOSSES,"NP negative 3 of 4 quarters, no turnaround signal",0,0,,0,0,0,AVOID,,0,False,False,0%,,CAUTION,CAPEX_CYCLE,,,,,0.0,,,,,,,,,0.0,Fresh,,,,,0.0,0,False,2026-06-05 12:45:19,,,,,,,,,,,,,,,,,,,,,,,,,,,,,,,,,False,
INE500A01029,DCW,DCW,Chemicals & Petrochemicals,False,,,0,0,,0,0,0,AVOID,,0,False,False,0%,,,,,,,,,,,,,,,,,,Fresh,,,,,,0,False,2026-06-05 12:45:19,,,,,,,,,,,,,,,,,,,,,,,,,,,,,,,,,False,30.0
INE497D01022,DAMODARIND,DAMODAR INDUST.,Textiles & Apparels,True,ILLIQUID,Avg daily traded value ₹3.1L < ₹50.0L,0,0,,0,0,0,AVOID,,0,False,False,0%,,CAUTION,OTHER,,,,,0.0,,,,,,,,,0.0,Fresh,,,,,0.0,0,False,2026-06-05 12:45:19,,,,,,,,,,,,,,,,,,,,,,,,,,,,,,,,,False,
INE00R701025,DALBHARAT,DALMIA BHARATLTD,Cement & Cement Products,False,,,0,0,,0,0,0,AVOID,,0,False,False,0%,,,,,,,,,,,,,,,,,,Fresh,,,,,,0,False,2026-06-05 12:45:19,,,,,,,,,,,,,,,,,,,,,,,,,,,,,,,,,False,44.0
INE928C01010,DAICHI,NAN,nan,True,ILLIQUID,Avg daily traded value ₹12.7L < ₹50.0L,0,0,,0,0,0,AVOID,,0,False,False,0%,,CAUTION,OTHER,,,,,0.0,,,,,,,,,0.0,Fresh,,,,,0.0,0,False,2026-06-05 12:45:19,,,,,,,,,,,,,,,,,,,,,,,,,,,,,,,,,False,34.0
INE278G01037,CYBERMEDIA,CYBER MEDIA IND,Media,True,DISTRESS,Altman Z = -0.73 (bankruptcy zone),0,0,,0,0,0,AVOID,,0,False,False,0%,,CAUTION,OTHER,,,,,0.0,,,,,,,,,0.0,Fresh,,,,,0.0,0,False,2026-06-05 12:45:19,,,,,,,,,,,,,,,,,,,,,,,,,,,,,,,,,False,
INE1BZN01016,CURIS,CURIS LIFESCIEN.,Pharmaceuticals & Biotechnology,False,,,1,0,10.0,0,13,0,MONITOR,,↑24,False,False,0%,LATE_CYCLE,CAUTION,OTHER,0.0,0.049,0.0,"HEALTHCARE,PLI",2.0,0.0,,4.0,1.0,1.0,0.0,,,1.0,Fresh,,,,,0.3,24,True,2026-06-05 12:45:20,0.0,0.0,0,0.0,0.0,0.0,0.0,0.0,0.0,0.0,0.0,0.0,0.0,0.0,0.0,0.0,0.0,0.0,0.0,0.0,0.0,0.0,0.0,0.0,0.0,0.0,0.0,0.0,9.0,4.0,0.0,0.0,False,
INE117B01020,CURAA,CURA TECH.,IT - Software,True,ILLIQUID,Avg daily traded value ₹0.6L < ₹50.0L,0,0,,0,0,0,AVOID,,0,False,False,0%,,CAUTION,OTHER,,,,,0.0,,,,,,,,,0.0,Fresh,,,,,0.0,0,False,2026-06-05 12:45:20,,,,,,,,,,,,,,,,,,,,,,,,,,,,,,,,,False,
INE688Y01022,DANGEE,DANGEE DUMS,Food Products,True,DISTRESS,Altman Z = 0.96 (bankruptcy zone),0,0,,0,0,0,AVOID,,0,False,False,0%,,CAUTION,OTHER,,,,,0.0,,,,,,,,,0.0,Fresh,,,,,0.0,0,False,2026-06-05 12:45:20,,,,,,,,,,,,,,,,,,,,,,,,,,,,,,,,,False,
INE0OU201013,DCMSIL,DCM SHRIRAM INTL,Textiles & Apparels,True,ILLIQUID,Avg daily traded value ₹41.7L < ₹50.0L,0,0,,0,0,0,AVOID,,0,False,False,0%,,CAUTION,OTHER,,,,,0.0,,,,,,,,,0.0,Fresh,,,,,0.0,0,False,2026-06-05 12:45:20,,,,,,,,,,,,,,,,,,,,,,,,,,,,,,,,,False,
INE08KP01019,DCMNVL,DCM NOUVELLE,Textiles & Apparels,True,ILLIQUID,Avg daily traded value ₹12.5L < ₹50.0L,0,0,,0,0,0,AVOID,,0,False,False,0%,,CAUTION,OTHER,,,,,0.0,,,,,,,,,0.0,Fresh,,,,,0.0,0,False,2026-06-05 12:45:20,,,,,,,,,,,,,,,,,,,,,,,,,,,,,,,,,False,
INE891B01012,DCMFINSERV,DCM FINANCIAL,Finance,True,CHRONIC_LOSSES,"NP negative 3 of 4 quarters, no turnaround signal",0,0,,0,0,0,AVOID,,0,False,False,0%,,CAUTION,FINANCIALS,,,,,0.0,,,,,,,,,0.0,Fresh,,,,,0.0,0,False,2026-06-05 12:45:20,,,,,,,,,,,,,,,,,,,,,,,,,,,,,,,,,False,
INE498A01018,DCM,DCM,IT - Services,True,ILLIQUID,Avg daily traded value ₹20.1L < ₹50.0L,0,0,,0,0,0,AVOID,,0,False,False,0%,,CAUTION,OTHER,,,,,0.0,,,,,,,,,0.0,Fresh,,,,,0.0,0,False,2026-06-05 12:45:20,,,,,,,,,,,,,,,,,,,,,,,,,,,,,,,,,False,
INE0A1101019,DCI,DC INFOTECH,IT - Hardware,True,ILLIQUID,Avg daily traded value ₹14.7L < ₹50.0L,0,0,,0,0,0,AVOID,,0,False,False,0%,,CAUTION,TECHNOLOGY,,,,,0.0,,,,,,,,,0.0,Fresh,,,,,0.0,0,False,2026-06-05 12:45:20,,,,,,,,,,,,,,,,,,,,,,,,,,,,,,,,,False,
INE0S8401018,DCG,DCG CABLES,Industrial Products,True,ILLIQUID,Avg daily traded value ₹13.9L < ₹50.0L,0,0,,0,0,0,AVOID,,0,False,False,0%,,CAUTION,OTHER,,,,,0.0,,,,,,,,,0.0,Fresh,,,,,0.0,0,False,2026-06-05 12:45:20,,,,,,,,,,,,,,,,,,,,,,,,,,,,,,,,,False,
INE385W01011,DCAL,DISHMAN CARBOGEN,Pharmaceuticals & Biotechnology,True,DISTRESS,Altman Z = 0.75 (bankruptcy zone),0,0,,0,0,0,AVOID,,0,False,False,0%,,CAUTION,OTHER,,,,,0.0,,,,,,,,,0.0,Fresh,,,,,0.0,0,False,2026-06-05 12:45:20,,,,,,,,,,,,,,,,,,,,,,,,,,,,,,,,,False,
INE921B01025,DBSTOCKBRO,DB INTL.STOCK,Capital Markets,True,ILLIQUID,Avg daily traded value ₹7.6L < ₹50.0L,0,0,,0,0,0,AVOID,,0,False,False,0%,,CAUTION,FINANCIALS,,,,,0.0,,,,,,,,,0.0,Fresh,,,,,0.0,0,False,2026-06-05 12:45:20,,,,,,,,,,,,,,,,,,,,,,,,,,,,,,,,,False,
INE0I3401014,DBOL,DHAMPUR BIO,Agricultural Food & other Products,True,ILLIQUID,Avg daily traded value ₹49.8L < ₹50.0L,0,0,,0,0,0,AVOID,,0,False,False,0%,,CAUTION,OTHER,,,,,0.0,,,,,,,,,0.0,Fresh,,,,,0.0,0,False,2026-06-05 12:45:20,,,,,,,,,,,,,,,,,,,,,,,,,,,,,,,,,False,
INE917M01012,DBL,DILIP BUILDCON,Construction,False,,,0,0,,0,0,0,AVOID,,0,False,False,0%,,,,,,,,,,,,,,,,,,Fresh,,,,,,0,False,2026-06-05 12:45:20,,,,,,,,,,,,,,,,,,,,,,,,,,,,,,,,,False,36.0
INE0OPA01019,DBEIL,DEEPAK BUILDERS,Construction,True,ILLIQUID,Avg daily traded value ₹43.1L < ₹50.0L,0,0,,0,0,0,AVOID,,0,False,False,0%,,CAUTION,OTHER,,,,,0.0,,,,,,,,,0.0,Fresh,,,,,0.0,0,False,2026-06-05 12:45:20,,,,,,,,,,,,,,,,,,,,,,,,,,,,,,,,,False,
INE366A01041,DWARKESH,DWARIKESH SUGAR,Agricultural Food & other Products,True,CHRONIC_LOSSES,"NP negative 3 of 4 quarters, no turnaround signal",0,0,,0,0,0,AVOID,,0,False,False,0%,,CAUTION,OTHER,,,,,0.0,,,,,,,,,0.0,Fresh,,,,,0.0,0,False,2026-06-05 12:45:20,,,,,,,,,,,,,,,,,,,,,,,,,,,,,,,,,False,
INE477B01010,DVL,DHUNSERI VENT.,Diversified,True,ILLIQUID,Avg daily traded value ₹27.6L < ₹50.0L,0,0,,0,0,0,AVOID,,0,False,False,0%,,CAUTION,OTHER,,,,,0.0,,,,,,,,,0.0,Fresh,,,,,0.0,0,False,2026-06-05 12:45:20,,,,,,,,,,,,,,,,,,,,,,,,,,,,,,,,,False,
INE0OUW01013,DURLAX,DURLAX TOP,Consumer Durables,True,ILLIQUID,Avg daily traded value ₹42.0L < ₹50.0L,0,0,,0,0,0,AVOID,,0,False,False,0%,,CAUTION,CONSUMPTION,,,,,0.0,,,,,,,,,0.0,Fresh,,,,,0.0,0,False,2026-06-05 12:45:20,,,,,,,,,,,,,,,,,,,,,,,,,,,,,,,,,False,
INE0HPK01020,DUGLOBAL,DU DIGITAL,Leisure Services,True,ILLIQUID,Avg daily traded value ₹20.3L < ₹50.0L,0,0,,0,0,0,AVOID,,0,False,False,0%,,CAUTION,OTHER,,,,,0.0,,,,,,,,,0.0,Fresh,,,,,0.0,0,False,2026-06-05 12:45:20,,,,,,,,,,,,,,,,,,,,,,,,,,,,,,,,,False,
INE741L01018,DUCON,DUCON TECH,Industrial Manufacturing,True,ILLIQUID,Avg daily traded value ₹7.1L < ₹50.0L,0,0,,0,0,0,AVOID,,0,False,False,0%,,CAUTION,OTHER,,,,,0.0,,,,,,,,,0.0,Fresh,,,,,0.0,0,False,2026-06-05 12:45:20,,,,,,,,,,,,,,,,,,,,,,,,,,,,,,,,,False,
INE0LZO01015,DUCOL,DUCOL ORGANICS,Chemicals & Petrochemicals,True,ILLIQUID,Avg daily traded value ₹10.4L < ₹50.0L,0,0,,0,0,0,AVOID,,0,False,False,0%,,CAUTION,OTHER,,,,,0.0,,,,,,,,,0.0,Fresh,,,,,0.0,0,False,2026-06-05 12:45:20,,,,,,,,,,,,,,,,,,,,,,,,,,,,,,,,,False,
INE0JRD01019,DTL,DIENSTEN TECH,Commercial Services & Supplies,True,ILLIQUID,Avg daily traded value ₹5.2L < ₹50.0L,0,0,,0,0,0,AVOID,,0,False,False,0%,,CAUTION,OTHER,,,,,0.0,,,,,,,,,0.0,Fresh,,,,,0.0,0,False,2026-06-05 12:45:20,,,,,,,,,,,,,,,,,,,,,,,,,,,,,,,,,False,
INE341R01014,DTIL,DHUNSERI TEA,Agricultural Food & other Products,True,ILLIQUID,Avg daily traded value ₹4.8L < ₹50.0L,0,0,,0,0,0,AVOID,,0,False,False,0%,,CAUTION,OTHER,,,,,0.0,,,,,,,,,0.0,Fresh,,,,,0.0,0,False,2026-06-05 12:45:20,,,,,,,,,,,,,,,,,,,,,,,,,,,,,,,,,False,10.0
INE0OFM01015,DSFCL,DCM SHRIRAM FINE CHEMICALS,Chemicals & Petrochemicals,True,ILLIQUID,Avg daily traded value ₹17.3L < ₹50.0L,0,0,,0,0,0,AVOID,,0,False,False,0%,,CAUTION,OTHER,,,,,0.0,,,,,,,,,0.0,Fresh,,,,,0.0,0,False,2026-06-05 12:45:20,,,,,,,,,,,,,,,,,,,,,,,,,,,,,,,,,False,16.0
INE02CV01017,DRSDILIP,DRS DILIP ROAD,Transport Services,True,ILLIQUID,Avg daily traded value ₹0.0L < ₹50.0L,0,0,,0,0,0,AVOID,,0,False,False,0%,,CAUTION,OTHER,,,,,0.0,,,,,,,,,0.0,Fresh,,,,,0.0,0,False,2026-06-05 12:45:20,,,,,,,,,,,,,,,,,,,,,,,,,,,,,,,,,False,
INE0P7201019,DRONE,DRONE DESTINATIO,Other Consumer Services,True,ILLIQUID,Avg daily traded value ₹14.2L < ₹50.0L,0,0,,0,0,0,AVOID,,0,False,False,0%,,CAUTION,OTHER,,,,,0.0,,,,,,,,,0.0,Fresh,,,,,0.0,0,False,2026-06-05 12:45:20,,,,,,,,,,,,,,,,,,,,,,,,,,,,,,,,,False,
INE0JS101016,DREAMFOLKS,DREAMFOLKS SERVI,Transport Infrastructure,True,ILLIQUID,Avg daily traded value ₹48.0L < ₹50.0L,0,0,,0,0,0,AVOID,,0,False,False,0%,,CAUTION,OTHER,,,,,0.0,,,,,,,,,0.0,Fresh,,,,,0.0,0,False,2026-06-05 12:45:20,,,,,,,,,,,,,,,,,,,,,,,,,,,,,,,,,False,
INE221B01012,DYNAMATECH,DYNAMATIC TECH.,Industrial Manufacturing,False,LIQUIDITY,"Avg 20d vol 25,986 < 50K shares/day (micro-illiquid)",0,0,,0,0,0,AVOID,,0,False,False,0%,,CAUTION,OTHER,,,,,0.0,,,,,,,,,0.0,Fresh,,,,,0.0,0,False,2026-06-05 12:45:20,,,,,,,,,,,,,,,,,,,,,,,,,,,,,,,,,False,16.0
INE256H01015,DYNPRO,DYNEMIC PRODUCTS,Chemicals & Petrochemicals,True,ILLIQUID,Avg daily traded value ₹46.1L < ₹50.0L,0,0,,0,0,0,AVOID,,0,False,False,0%,,CAUTION,OTHER,,,,,0.0,,,,,,,,,0.0,Fresh,,,,,0.0,0,False,2026-06-05 12:45:20,,,,,,,,,,,,,,,,,,,,,,,,,,,,,,,,,False,
INE03RS01027,DRCSYSTEMS,DRC SYSTEMS,IT - Software,True,ILLIQUID,Avg daily traded value ₹6.8L < ₹50.0L,0,0,,0,0,0,AVOID,,0,False,False,0%,,CAUTION,OTHER,,,,,0.0,,,,,,,,,0.0,Fresh,,,,,0.0,0,False,2026-06-05 12:45:20,,,,,,,,,,,,,,,,,,,,,,,,,,,,,,,,,False,
INE962C01035,EASTSILK,ESI,Textiles & Apparels,True,DISTRESS,Altman Z = -0.84 (bankruptcy zone),0,0,,0,0,0,AVOID,,0,False,False,0%,,CAUTION,OTHER,,,,,0.0,,,,,,,,,0.0,Fresh,,,,,0.0,0,False,2026-06-05 12:45:20,,,,,,,,,,,,,,,,,,,,,,,,,,,,,,,,,False,
INE934C01018,DRAGARWQ,NAN,nan,False,LIQUIDITY,"Avg 20d vol 1,113 < 50K shares/day (micro-illiquid)",0,0,,0,0,0,AVOID,,0,False,False,0%,,CAUTION,OTHER,,,,,0.0,,,,,,,,,0.0,Fresh,,,,,0.0,0,False,2026-06-05 12:45:20,,,,,,,,,,,,,,,,,,,,,,,,,,,,,,,,,False,15.0
INE360C01024,DPSCLTD,INDIA POWER CORP,Power,True,ILLIQUID,Avg daily traded value ₹13.8L < ₹50.0L,0,0,,0,0,0,AVOID,,0,False,False,0%,,CAUTION,OTHER,,,,,0.0,,,,,,,,,0.0,Fresh,,,,,0.0,0,False,2026-06-05 12:45:20,,,,,,,,,,,,,,,,,,,,,,,,,,,,,,,,,False,
INE131C01011,DISAQ,NAN,nan,False,LIQUIDITY,Avg 20d vol 454 < 50K shares/day (micro-illiquid),0,0,,0,0,0,AVOID,,0,False,False,0%,,CAUTION,OTHER,,,,,0.0,,,,,,,,,0.0,Fresh,,,,,0.0,0,False,2026-06-05 12:45:20,,,,,,,,,,,,,,,,,,,,,,,,,,,,,,,,,False,
INE836F01026,DISHTV,DISH TV INDIA,Entertainment,True,DISTRESS,Altman Z = -8.07 (bankruptcy zone),0,0,,0,0,0,AVOID,,0,False,False,0%,,CAUTION,OTHER,,,,,0.0,,,,,,,,,0.0,Fresh,,,,,0.0,0,False,2026-06-05 12:45:20,,,,,,,,,,,,,,,,,,,,,,,,,,,,,,,,,False,
INE0SCO01019,DPEL,DIVINE POWER,Industrial Products,False,LIQUIDITY,"Avg 20d vol 45,150 < 50K shares/day (micro-illiquid)",0,0,,0,0,0,AVOID,,0,False,False,0%,,CAUTION,OTHER,,,,,0.0,,,,,,,,,0.0,Fresh,,,,,0.0,0,False,2026-06-05 12:45:20,,,,,,,,,,,,,,,,,,,,,,,,,,,,,,,,,False,
INE266Y01019,DPABHUSHAN,D.P. ABHUSHAN,Consumer Durables,False,LIQUIDITY,"Avg 20d vol 21,719 < 50K shares/day (micro-illiquid)",0,0,,0,0,0,AVOID,,0,False,False,0%,,CAUTION,CONSUMPTION,,,,,0.0,,,,,,,,,0.0,Fresh,,,,,0.0,0,False,2026-06-05 12:45:20,,,,,,,,,,,,,,,,,,,,,,,,,,,,,,,,,False,
INE668D01028,DONEAR,DONEAR INDS.,Textiles & Apparels,True,ILLIQUID,Avg daily traded value ₹38.6L < ₹50.0L,0,0,,0,0,0,AVOID,,0,False,False,0%,,CAUTION,OTHER,,,,,0.0,,,,,,,,,0.0,Fresh,,,,,0.0,0,False,2026-06-05 12:45:20,,,,,,,,,,,,,,,,,,,,,,,,,,,,,,,,,False,10.0
INE920A01037,DOLPHIN,DOLPHIN OFFSHORE,Oil,False,LIQUIDITY,"Avg 20d vol 18,076 < 50K shares/day (micro-illiquid)",0,0,,0,0,0,AVOID,,0,False,False,0%,,CAUTION,OTHER,,,,,0.0,,,,,,,,,0.0,Fresh,,,,,0.0,0,False,2026-06-05 12:45:20,,,,,,,,,,,,,,,,,,,,,,,,,,,,,,,,,False,
INE0JHH01011,DOLLEX,DOLLEX AGROTECH,Agricultural Food & other Products,True,ILLIQUID,Avg daily traded value ₹2.6L < ₹50.0L,0,0,,0,0,0,AVOID,,0,False,False,0%,,CAUTION,OTHER,,,,,0.0,,,,,,,,,0.0,Fresh,,,,,0.0,0,False,2026-06-05 12:45:20,,,,,,,,,,,,,,,,,,,,,,,,,,,,,,,,,False,
INE864X01013,DPWIRES,D P WIRES,Industrial Products,True,ILLIQUID,Avg daily traded value ₹41.7L < ₹50.0L,0,0,,0,0,0,AVOID,,0,False,False,0%,,CAUTION,OTHER,,,,,0.0,,,,,,,,,0.0,Fresh,,,,,0.0,0,False,2026-06-05 12:45:20,,,,,,,,,,,,,,,,,,,,,,,,,,,,,,,,,False,
INE016M01021,DNAMEDIA,DILIGENT MEDIA,Media,True,DISTRESS,Altman Z = -1.31 (bankruptcy zone),0,0,,0,0,0,AVOID,,0,False,False,0%,,CAUTION,OTHER,,,,,0.0,,,,,,,,,0.0,Fresh,,,,,0.0,0,False,2026-06-05 12:45:20,,,,,,,,,,,,,,,,,,,,,,,,,,,,,,,,,False,
INE0GN101014,DKEGL,D.K. ENTERPRISES,Industrial Products,True,ILLIQUID,Avg daily traded value ₹1.4L < ₹50.0L,0,0,,0,0,0,AVOID,,0,False,False,0%,,CAUTION,OTHER,,,,,0.0,,,,,,,,,0.0,Fresh,,,,,0.0,0,False,2026-06-05 12:45:20,,,,,,,,,,,,,,,,,,,,,,,,,,,,,,,,,False,
INE021O01019,DODLA,DODLA DAIRY,Food Products,False,LIQUIDITY,"Avg 20d vol 24,087 < 50K shares/day (micro-illiquid)",0,0,,0,0,0,AVOID,,0,False,False,0%,,CAUTION,OTHER,,,,,0.0,,,,,,,,,0.0,Fresh,,,,,0.0,0,False,2026-06-05 12:45:20,,,,,,,,,,,,,,,,,,,,,,,,,,,,,,,,,False,
INE639X01027,BEACON,BEACON TRUST.,Capital Markets,True,ILLIQUID,Avg daily traded value ₹26.7L < ₹50.0L,0,0,,0,0,0,AVOID,,0,False,False,0%,,CAUTION,FINANCIALS,,,,,0.0,,,,,,,,,0.0,Fresh,,,,,0.0,0,False,2026-06-05 12:45:20,,,,,,,,,,,,,,,,,,,,,,,,,,,,,,,,,False,
INE00SW01015,BCPL,NAN,nan,True,ILLIQUID,Avg daily traded value ₹32.0L < ₹50.0L,0,0,,0,0,0,AVOID,,0,False,False,0%,,CAUTION,OTHER,,,,,0.0,,,,,,,,,0.0,Fresh,,,,,0.0,0,False,2026-06-05 12:45:20,,,,,,,,,,,,,,,,,,,,,,,,,,,,,,,,,False,
INE715B01021,ANDHRSUGAR,ANDHRA SUGARS,Chemicals & Petrochemicals,False,,,0,0,,0,0,0,AVOID,,0,False,False,0%,,,,,,,,,,,,,,,,,,Fresh,,,,,,0,False,2026-06-05 12:45:20,,,,,,,,,,,,,,,,,,,,,,,,,,,,,,,,,False,
INE087B01017,ANIKINDS,ANIK INDUSTRIES,Commercial Services & Supplies,True,ILLIQUID,Avg daily traded value ₹2.6L < ₹50.0L,0,0,,0,0,0,AVOID,,0,False,False,0%,,CAUTION,OTHER,,,,,0.0,,,,,,,,,0.0,Fresh,,,,,0.0,0,False,2026-06-05 12:45:20,,,,,,,,,,,,,,,,,,,,,,,,,,,,,,,,,False,
INE106I01010,ANKITMETAL,ANKIT MET.POWER,Ferrous Metals,True,DISTRESS,Altman Z = -2.54 (bankruptcy zone),0,0,,0,0,0,AVOID,,0,False,False,0%,,CAUTION,OTHER,,,,,0.0,,,,,,,,,0.0,Fresh,,,,,0.0,0,False,2026-06-05 12:45:20,,,,,,,,,,,,,,,,,,,,,,,,,,,,,,,,,False,
INE0LR101013,ANLON,ANLON TECH,Commercial Services & Supplies,False,LIQUIDITY,"Avg 20d vol 12,060 < 50K shares/day (micro-illiquid)",0,0,,0,0,0,AVOID,,0,False,False,0%,,CAUTION,OTHER,,,,,0.0,,,,,,,,,0.0,Fresh,,,,,0.0,0,False,2026-06-05 12:45:20,,,,,,,,,,,,,,,,,,,,,,,,,,,,,,,,,False,
INE294Z01018,ANUP,THE ANUP ENGINEE,Industrial Manufacturing,False,LIQUIDITY,"Avg 20d vol 32,250 < 50K shares/day (micro-illiquid)",0,0,,0,0,0,AVOID,,0,False,False,0%,,CAUTION,OTHER,,,,,0.0,,,,,,,,,0.0,Fresh,,,,,0.0,0,False,2026-06-05 12:45:21,,,,,,,,,,,,,,,,,,,,,,,,,,,,,,,,,False,
INE489G01022,ANUHPHR,ANUH PHARMA,Pharmaceuticals & Biotechnology,True,ILLIQUID,Avg daily traded value ₹30.5L < ₹50.0L,0,0,,0,0,0,AVOID,,0,False,False,0%,,CAUTION,OTHER,,,,,0.0,,,,,,,,,0.0,Fresh,,,,,0.0,0,False,2026-06-05 12:45:21,,,,,,,,,,,,,,,,,,,,,,,,,,,,,,,,,False,15.0
INE414B01021,ANTGRAPHIC,ANTARCTICA,Industrial Products,True,ILLIQUID,Avg daily traded value ₹1.9L < ₹50.0L,0,0,,0,0,0,AVOID,,0,False,False,0%,,CAUTION,OTHER,,,,,0.0,,,,,,,,,0.0,Fresh,,,,,0.0,0,False,2026-06-05 12:45:21,,,,,,,,,,,,,,,,,,,,,,,,,,,,,,,,,False,
INE436A01026,ANSALAPI,ANSAL PROPERTIES,Realty,True,DISTRESS,Altman Z = -0.73 (bankruptcy zone),0,0,,0,0,0,AVOID,,0,False,False,0%,,CAUTION,OTHER,,,,,0.0,,,,,,,,,0.0,Fresh,,,,,0.0,0,False,2026-06-05 12:45:21,,,,,,,,,,,,,,,,,,,,,,,,,,,,,,,,,False,
INE02AR01019,ANMOL,ANMOL INDIA,Consumable Fuels,True,ILLIQUID,Avg daily traded value ₹3.4L < ₹50.0L,0,0,,0,0,0,AVOID,,0,False,False,0%,,CAUTION,OTHER,,,,,0.0,,,,,,,,,0.0,Fresh,,,,,0.0,0,False,2026-06-05 12:45:21,,,,,,,,,,,,,,,,,,,,,,,,,,,,,,,,,False,
INE435A01051,ANDHRAPAP,ANDHRA PAPER,"Paper, Forest & Jute Products",True,ILLIQUID,Avg daily traded value ₹38.5L < ₹50.0L,0,0,,0,0,0,AVOID,,0,False,False,0%,,CAUTION,OTHER,,,,,0.0,,,,,,,,,0.0,Fresh,,,,,0.0,0,False,2026-06-05 12:45:21,,,,,,,,,,,,,,,,,,,,,,,,,,,,,,,,,False,
INE792B01012,AMBICAAGAR,AMBICA AGARBAT.,Household Products,True,ILLIQUID,Avg daily traded value ₹1.1L < ₹50.0L,0,0,,0,0,0,AVOID,,0,False,False,0%,,CAUTION,OTHER,,,,,0.0,,,,,,,,,0.0,Fresh,,,,,0.0,0,False,2026-06-05 12:45:21,,,,,,,,,,,,,,,,,,,,,,,,,,,,,,,,,False,
INE540G01014,AMBIKCO,AMBIKA COTTON,Textiles & Apparels,False,LIQUIDITY,"Avg 20d vol 18,758 < 50K shares/day (micro-illiquid)",0,0,,0,0,0,AVOID,,0,False,False,0%,,CAUTION,OTHER,,,,,0.0,,,,,,,,,0.0,Fresh,,,,,0.0,0,False,2026-06-05 12:45:21,,,,,,,,,,,,,,,,,,,,,,,,,,,,,,,,,False,
INE098F01031,AMRUTANJAN,AMRUTANJAN HEALT,Pharmaceuticals & Biotechnology,False,LIQUIDITY,"Avg 20d vol 29,991 < 50K shares/day (micro-illiquid)",0,0,,0,0,0,AVOID,,0,False,False,0%,,CAUTION,OTHER,,,,,0.0,,,,,,,,,0.0,Fresh,,,,,0.0,0,False,2026-06-05 12:45:21,,,,,,,,,,,,,,,,,,,,,,,,,,,,,,,,,False,
INE606A01024,AMJLAND,AMJ LAND HOLDIN.,Realty,True,ILLIQUID,Avg daily traded value ₹4.7L < ₹50.0L,0,0,,0,0,0,AVOID,,0,False,False,0%,,CAUTION,OTHER,,,,,0.0,,,,,,,,,0.0,Fresh,,,,,0.0,0,False,2026-06-05 12:45:21,,,,,,,,,,,,,,,,,,,,,,,,,,,,,,,,,False,
INE0KT901015,AMEYA,AMEYA PRECISION,Industrial Products,True,ILLIQUID,Avg daily traded value ₹7.5L < ₹50.0L,0,0,,0,0,0,AVOID,,0,False,False,0%,,CAUTION,OTHER,,,,,0.0,,,,,,,,,0.0,Fresh,,,,,0.0,0,False,2026-06-05 12:45:21,,,,,,,,,,,,,,,,,,,,,,,,,,,,,,,,,False,
INE005I01014,AMDIND,AMD INDUSTRIES,Industrial Products,True,ILLIQUID,Avg daily traded value ₹7.2L < ₹50.0L,0,0,,0,0,0,AVOID,,0,False,False,0%,,CAUTION,OTHER,,,,,0.0,,,,,,,,,0.0,Fresh,,,,,0.0,0,False,2026-06-05 12:45:21,,,,,,,,,,,,,,,,,,,,,,,,,,,,,,,,,False,
INE006Z01016,ARVEE,ARVEE LABORAT.,Chemicals & Petrochemicals,True,ILLIQUID,Avg daily traded value ₹1.4L < ₹50.0L,0,0,,0,0,0,AVOID,,0,False,False,0%,,CAUTION,OTHER,,,,,0.0,,,,,,,,,0.0,Fresh,,,,,0.0,0,False,2026-06-05 12:45:21,,,,,,,,,,,,,,,,,,,,,,,,,,,,,,,,,False,
INE738V01013,ARTNIRMAN,ART NIRMAN LTD,Realty,True,ILLIQUID,Avg daily traded value ₹0.5L < ₹50.0L,0,0,,0,0,0,AVOID,,0,False,False,0%,,CAUTION,OTHER,,,,,0.0,,,,,,,,,0.0,Fresh,,,,,0.0,0,False,2026-06-05 12:45:21,,,,,,,,,,,,,,,,,,,,,,,,,,,,,,,,,False,
INE968D01022,ARSHIYA,ARSHIYA,Transport Services,True,DISTRESS,Altman Z = -5.59 (bankruptcy zone),0,0,,0,0,0,AVOID,,0,False,False,0%,,CAUTION,OTHER,,,,,0.0,,,,,,,,,0.0,Fresh,,,,,0.0,0,False,2026-06-05 12:45:21,,,,,,,,,,,,,,,,,,,,,,,,,,,,,,,,,False,16.0
INE210C01013,AROGRANITE,ARO GRANITE INDS,Consumer Durables,True,ILLIQUID,Avg daily traded value ₹1.5L < ₹50.0L,0,0,,0,0,0,AVOID,,0,False,False,0%,,CAUTION,CONSUMPTION,,,,,0.0,,,,,,,,,0.0,Fresh,,,,,0.0,0,False,2026-06-05 12:45:21,,,,,,,,,,,,,,,,,,,,,,,,,,,,,,,,,False,
INE082101010,ARISTO,ARISTO BIO-TECH,Fertilizers & Agrochemicals,True,ILLIQUID,Avg daily traded value ₹0.4L < ₹50.0L,0,0,,0,0,0,AVOID,,0,False,False,0%,,CAUTION,OTHER,,,,,0.0,,,,,,,,,0.0,Fresh,,,,,0.0,0,False,2026-06-05 12:45:21,,,,,,,,,,,,,,,,,,,,,,,,,,,,,,,,,False,
INE228I01012,ASAHISONG,ASAHI SONGWON,Chemicals & Petrochemicals,False,LIQUIDITY,"Avg 20d vol 30,189 < 50K shares/day (micro-illiquid)",0,0,,0,0,0,AVOID,,0,False,False,0%,,CAUTION,OTHER,,,,,0.0,,,,,,,,,0.0,Fresh,,,,,0.0,0,False,2026-06-05 12:45:21,,,,,,,,,,,,,,,,,,,,,,,,,,,,,,,,,False,58.0
INE900C01027,ASAL,AUTOMOTIVE STAMP,Auto Components,True,EXTREME_LEVERAGE,D/E = 7.2 (extreme leverage),0,0,,0,0,0,AVOID,,0,False,False,0%,,CAUTION,OTHER,,,,,0.0,,,,,,,,,0.0,Fresh,,,,,0.0,0,False,2026-06-05 12:45:21,,,,,,,,,,,,,,,,,,,,,,,,,,,,,,,,,False,41.0
INE022I01019,ASIANTILES,ASIAN GRANITO,Consumer Durables,False,,,0,0,,0,0,0,AVOID,,0,False,False,0%,,,,,,,,,,,,,,,,,,Fresh,,,,,,0,False,2026-06-05 12:45:21,,,,,,,,,,,,,,,,,,,,,,,,,,,,,,,,,False,
INE363A01022,ASIANHOTNR,ASIAN HOTELS (N),Leisure Services,True,DISTRESS,Altman Z = 0.22 (bankruptcy zone),0,0,,0,0,0,AVOID,,0,False,False,0%,,CAUTION,OTHER,,,,,0.0,,,,,,,,,0.0,Fresh,,,,,0.0,0,False,2026-06-05 12:45:21,,,,,,,,,,,,,,,,,,,,,,,,,,,,,,,,,False,
INE760Y01011,ASHOKAMET,ASHOKA METCAST,Metals & Minerals Trading,True,ILLIQUID,Avg daily traded value ₹2.6L < ₹50.0L,0,0,,0,0,0,AVOID,,0,False,False,0%,,CAUTION,OTHER,,,,,0.0,,,,,,,,,0.0,Fresh,,,,,0.0,0,False,2026-06-05 12:45:21,,,,,,,,,,,,,,,,,,,,,,,,,,,,,,,,,False,32.0
INE440A01010,ASHIMASYN,ASHIMA,Textiles & Apparels,True,CHRONIC_LOSSES,"NP negative 3 of 4 quarters, no turnaround signal",0,0,,0,0,0,AVOID,,0,False,False,0%,,CAUTION,OTHER,,,,,0.0,,,,,,,,,0.0,Fresh,,,,,0.0,0,False,2026-06-05 12:45:21,,,,,,,,,,,,,,,,,,,,,,,,,,,,,,,,,False,
INE08KD01015,ASCOM,ASCOM LEASING &,Finance,True,ILLIQUID,Avg daily traded value ₹4.7L < ₹50.0L,0,0,,0,0,0,AVOID,,0,False,False,0%,,CAUTION,FINANCIALS,,,,,0.0,,,,,,,,,0.0,Fresh,,,,,0.0,0,False,2026-06-05 12:45:21,,,,,,,,,,,,,,,,,,,,,,,,,,,,,,,,,False,
INE073G01016,ASALCBR,ASSOC.ALCOHOLS,Beverages,False,LIQUIDITY,"Avg 20d vol 35,890 < 50K shares/day (micro-illiquid)",0,0,,0,0,0,AVOID,,0,False,False,0%,,CAUTION,CONSUMPTION,,,,,0.0,,,,,,,,,0.0,Fresh,,,,,0.0,0,False,2026-06-05 12:45:21,,,,,,,,,,,,,,,,,,,,,,,,,,,,,,,,,False,
INE413D01011,ARIHANT,NAN,nan,False,LIQUIDITY,"Avg 20d vol 6,600 < 50K shares/day (micro-illiquid)",0,0,,0,0,0,AVOID,,0,False,False,0%,,CAUTION,OTHER,,,,,0.0,,,,,,,,,0.0,Fresh,,,,,0.0,0,False,2026-06-05 12:45:21,,,,,,,,,,,,,,,,,,,,,,,,,,,,,,,,,False,
INE298I01015,ARIES,ARIES AGRO,Fertilizers & Agrochemicals,False,LIQUIDITY,"Avg 20d vol 26,667 < 50K shares/day (micro-illiquid)",0,0,,0,0,0,AVOID,,0,False,False,0%,,CAUTION,OTHER,,,,,0.0,,,,,,,,,0.0,Fresh,,,,,0.0,0,False,2026-06-05 12:45:21,,,,,,,,,,,,,,,,,,,,,,,,,,,,,,,,,False,
INE610C01014,ARENTERP,RAJDARSHAN INDS,Metals & Minerals Trading,True,ILLIQUID,Avg daily traded value ₹0.6L < ₹50.0L,0,0,,0,0,0,AVOID,,0,False,False,0%,,CAUTION,OTHER,,,,,0.0,,,,,,,,,0.0,Fresh,,,,,0.0,0,False,2026-06-05 12:45:21,,,,,,,,,,,,,,,,,,,,,,,,,,,,,,,,,False,
INE731A01020,ARCHIES,ARCHIES,Consumer Durables,True,ILLIQUID,Avg daily traded value ₹2.5L < ₹50.0L,0,0,,0,0,0,AVOID,,0,False,False,0%,,CAUTION,CONSUMPTION,,,,,0.0,,,,,,,,,0.0,Fresh,,,,,0.0,0,False,2026-06-05 12:45:22,,,,,,,,,,,,,,,,,,,,,,,,,,,,,,,,,False,
INE0NCC01015,ARIHANTACA,ARIHANT ACADEMY,Other Consumer Services,True,ILLIQUID,Avg daily traded value ₹1.4L < ₹50.0L,0,0,,0,0,0,AVOID,,0,False,False,0%,,CAUTION,OTHER,,,,,0.0,,,,,,,,,0.0,Fresh,,,,,0.0,0,False,2026-06-05 12:45:22,,,,,,,,,,,,,,,,,,,,,,,,,,,,,,,,,False,
INE877I01016,ARCHIDPLY,ARCHIDPLY INDS.,Consumer Durables,True,ILLIQUID,Avg daily traded value ₹9.8L < ₹50.0L,0,0,,0,0,0,AVOID,,0,False,False,0%,,CAUTION,CONSUMPTION,,,,,0.0,,,,,,,,,0.0,Fresh,,,,,0.0,0,False,2026-06-05 12:45:22,,,,,,,,,,,,,,,,,,,,,,,,,,,,,,,,,False,
INE416A01051,AQYLON,AQYLON NEXUS,Entertainment,True,EXTREME_LEVERAGE,D/E = 13.3 (extreme leverage),0,0,,0,0,0,AVOID,,0,False,False,0%,,CAUTION,OTHER,,,,,0.0,,,,,,,,,0.0,Fresh,,,,,0.0,0,False,2026-06-05 12:45:22,,,,,,,,,,,,,,,,,,,,,,,,,,,,,,,,,False,
INE266F01018,APTECHT,APTECH,Other Consumer Services,False,,,0,0,,0,0,0,AVOID,,0,False,False,0%,,,,,,,,,,,,,,,,,,Fresh,,,,,,0,False,2026-06-05 12:45:22,,,,,,,,,,,,,,,,,,,,,,,,,,,,,,,,,False,
INE08NJ01024,ARABIAN,ARABIAN PETROL.,Petroleum Products,True,ILLIQUID,Avg daily traded value ₹3.7L < ₹50.0L,0,0,,0,0,0,AVOID,,0,False,False,0%,,CAUTION,OTHER,,,,,0.0,,,,,,,,,0.0,Fresh,,,,,0.0,0,False,2026-06-05 12:45:22,,,,,,,,,,,,,,,,,,,,,,,,,,,,,,,,,False,
INE0P0001010,APS,AUSTRALIAN PREM,Electrical Equipment,False,LIQUIDITY,"Avg 20d vol 25,725 < 50K shares/day (micro-illiquid)",0,0,,0,0,0,AVOID,,0,False,False,0%,,CAUTION,OTHER,,,,,0.0,,,,,,,,,0.0,Fresh,,,,,0.0,0,False,2026-06-05 12:45:22,,,,,,,,,,,,,,,,,,,,,,,,,,,,,,,,,False,
INE451F01024,APOLSINHOT,APOLLO SINDOORI,Leisure Services,True,ILLIQUID,Avg daily traded value ₹10.4L < ₹50.0L,0,0,,0,0,0,AVOID,,0,False,False,0%,,CAUTION,OTHER,,,,,0.0,,,,,,,,,0.0,Fresh,,,,,0.0,0,False,2026-06-05 12:45:22,,,,,,,,,,,,,,,,,,,,,,,,,,,,,,,,,False,
INE126J01016,APOLLOPIPE,APOLLO PIPES,Industrial Products,False,,,0,0,,0,0,0,AVOID,,0,False,False,0%,,,,,,,,,,,,,,,,,,Fresh,,,,,,0,False,2026-06-05 12:45:22,,,,,,,,,,,,,,,,,,,,,,,,,,,,,,,,,False,
INE346W01013,APEX,APEX FROZEN FOOD,Food Products,False,,,0,0,,0,0,0,AVOID,,0,False,False,0%,,,,,,,,,,,,,,,,,,Fresh,,,,,,0,False,2026-06-05 12:45:22,,,,,,,,,,,,,,,,,,,,,,,,,,,,,,,,,False,
INE071F01012,APCL,ANJANI PORTLAND,Cement & Cement Products,True,DISTRESS,Altman Z = 0.40 (bankruptcy zone),0,0,,0,0,0,AVOID,,0,False,False,0%,,CAUTION,OTHER,,,,,0.0,,,,,,,,,0.0,Fresh,,,,,0.0,0,False,2026-06-05 12:45:22,,,,,,,,,,,,,,,,,,,,,,,,,,,,,,,,,False,
INE00ZE01026,AFSL,ABANS FINANCIAL,Finance,False,LIQUIDITY,"Avg 20d vol 45,180 < 50K shares/day (micro-illiquid)",0,0,,0,0,0,AVOID,,0,False,False,0%,,CAUTION,FINANCIALS,,,,,0.0,,,,,,,,,0.0,Fresh,,,,,0.0,0,False,2026-06-05 12:45:22,,,,,,,,,,,,,,,,,,,,,,,,,,,,,,,,,False,25.0
INE692Z01013,AFFORDABLE,AFFORDABLE ROBO.,Industrial Manufacturing,True,ILLIQUID,Avg daily traded value ₹22.3L < ₹50.0L,0,0,,0,0,0,AVOID,,0,False,False,0%,,CAUTION,OTHER,,,,,0.0,,,,,,,,,0.0,Fresh,,,,,0.0,0,False,2026-06-05 12:45:22,,,,,,,,,,,,,,,,,,,,,,,,,,,,,,,,,False,
INE035801013,AERONEU,AEROFLEX NEU,Industrial Products,False,,,0,0,,0,0,0,AVOID,,0,False,False,0%,,,,,,,,,,,,,,,,,,Fresh,,,,,,0,False,2026-06-05 12:45:22,,,,,,,,,,,,,,,,,,,,,,,,,,,,,,,,,False,27.0
INE757T01025,AEPL,ARTEMIS ELECTRI.,Electrical Equipment,True,ILLIQUID,Avg daily traded value ₹3.3L < ₹50.0L,0,0,,0,0,0,AVOID,,0,False,False,0%,,CAUTION,OTHER,,,,,0.0,,,,,,,,,0.0,Fresh,,,,,0.0,0,False,2026-06-05 12:45:22,,,,,,,,,,,,,,,,,,,,,,,,,,,,,,,,,False,
INE543V01017,ACEINTEG,ACE INTEGRATED,Commercial Services & Supplies,True,CHRONIC_LOSSES,"NP negative 3 of 4 quarters, no turnaround signal",0,0,,0,0,0,AVOID,,0,False,False,0%,,CAUTION,OTHER,,,,,0.0,,,,,,,,,0.0,Fresh,,,,,0.0,0,False,2026-06-05 12:45:22,,,,,,,,,,,,,,,,,,,,,,,,,,,,,,,,,False,
INE648Z01023,ACCURACY,ACCURACY SHIPPI.,Transport Services,True,ILLIQUID,Avg daily traded value ₹9.7L < ₹50.0L,0,0,,0,0,0,AVOID,,0,False,False,0%,,CAUTION,OTHER,,,,,0.0,,,,,,,,,0.0,Fresh,,,,,0.0,0,False,2026-06-05 12:45:22,,,,,,,,,,,,,,,,,,,,,,,,,,,,,,,,,False,
INE113X01015,ACCORD,ACCORD SYNERGY,Telecom - Services,True,ILLIQUID,Avg daily traded value ₹0.7L < ₹50.0L,0,0,,0,0,0,AVOID,,0,False,False,0%,,CAUTION,OTHER,,,,,0.0,,,,,,,,,0.0,Fresh,,,,,0.0,0,False,2026-06-05 12:45:22,,,,,,,,,,,,,,,,,,,,,,,,,,,,,,,,,False,
INE793A01012,ACCELYA,ACCELYA SOLUTION,IT - Software,False,LIQUIDITY,"Avg 20d vol 6,404 < 50K shares/day (micro-illiquid)",0,0,,0,0,0,AVOID,,0,False,False,0%,,CAUTION,OTHER,,,,,0.0,,,,,,,,,0.0,Fresh,,,,,0.0,0,False,2026-06-05 12:45:22,,,,,,,,,,,,,,,,,,,,,,,,,,,,,,,,,False,
INE055A01016,ABREL,A B REAL ESTATE,"Paper, Forest & Jute Products",False,,,0,0,,0,0,0,AVOID,,0,False,False,0%,,,,,,,,,,,,,,,,,,Fresh,,,,,,0,False,2026-06-05 12:45:22,,,,,,,,,,,,,,,,,,,,,,,,,,,,,,,,,False,30.0
INE850B01026,ABMKNO,NAN,nan,True,ILLIQUID,Avg daily traded value ₹6.6L < ₹50.0L,0,0,,0,0,0,AVOID,,0,False,False,0%,,CAUTION,OTHER,,,,,0.0,,,,,,,,,0.0,Fresh,,,,,0.0,0,False,2026-06-05 12:45:22,,,,,,,,,,,,,,,,,,,,,,,,,,,,,,,,,False,
INE251C01025,ABMINTLLTD,A B M INTERNATL.,Commercial Services & Supplies,True,CHRONIC_LOSSES,"NP negative 3 of 4 quarters, no turnaround signal",0,0,,0,0,0,AVOID,,0,False,False,0%,,CAUTION,OTHER,,,,,0.0,,,,,,,,,0.0,Fresh,,,,,0.0,0,False,2026-06-05 12:45:22,,,,,,,,,,,,,,,,,,,,,,,,,,,,,,,,,False,
INE647O01011,ABFRL,ADITYA BIR. FAS.,Retailing,True,DISTRESS,Altman Z = 0.66 (bankruptcy zone),0,0,,0,0,0,AVOID,,0,False,False,0%,,CAUTION,OTHER,,,,,0.0,,,,,,,,,0.0,Fresh,,,,,0.0,0,False,2026-06-05 12:45:22,,,,,,,,,,,,,,,,,,,,,,,,,,,,,,,,,False,
INE128X01021,ACI,ARCHEAN CHEMICAL,Chemicals & Petrochemicals,False,,,0,0,,0,0,0,AVOID,,0,False,False,0%,,,,,,,,,,,,,,,,,,Fresh,,,,,,0,False,2026-06-05 12:45:22,,,,,,,,,,,,,,,,,,,,,,,,,,,,,,,,,False,24.0
INE666E01020,ACL,ANDHRA CEMENTS,Cement & Cement Products,True,DISTRESS,Altman Z = -0.65 (bankruptcy zone),0,0,,0,0,0,AVOID,,0,False,False,0%,,CAUTION,OTHER,,,,,0.0,,,,,,,,,0.0,Fresh,,,,,0.0,0,False,2026-06-05 12:45:22,,,,,,,,,,,,,,,,,,,,,,,,,,,,,,,,,False,
INE199C01026,ADVANIHOTR,ADVANI HOTELS.,Leisure Services,True,ILLIQUID,Avg daily traded value ₹11.7L < ₹50.0L,0,0,,0,0,0,AVOID,,0,False,False,0%,,CAUTION,OTHER,,,,,0.0,,,,,,,,,0.0,Fresh,,,,,0.0,0,False,2026-06-05 12:45:22,,,,,,,,,,,,,,,,,,,,,,,,,,,,,,,,,False,11.0
INE102I01027,ADSL,ALLIED DIGITAL,IT - Services,False,,,0,0,,0,0,0,AVOID,,0,False,False,0%,,,,,,,,,,,,,,,,,,Fresh,,,,,,0,False,2026-06-05 12:45:22,,,,,,,,,,,,,,,,,,,,,,,,,,,,,,,,,False,14.0
INE045A01017,ADOR,ADOR WELDING,Industrial Products,False,LIQUIDITY,"Avg 20d vol 27,615 < 50K shares/day (micro-illiquid)",0,0,,0,0,0,AVOID,,0,False,False,0%,,CAUTION,OTHER,,,,,0.0,,,,,,,,,0.0,Fresh,,,,,0.0,0,False,2026-06-05 12:45:22,,,,,,,,,,,,,,,,,,,,,,,,,,,,,,,,,False,36.0
INE0CHO01012,ADL,ARCHIDPLY DECOR,Consumer Durables,True,ILLIQUID,Avg daily traded value ₹1.0L < ₹50.0L,0,0,,0,0,0,AVOID,,0,False,False,0%,,CAUTION,CONSUMPTION,,,,,0.0,,,,,,,,,0.0,Fresh,,,,,0.0,0,False,2026-06-05 12:45:22,,,,,,,,,,,,,,,,,,,,,,,,,,,,,,,,,False,
INE366C01021,ACSTECH,NAN,nan,True,ILLIQUID,Avg daily traded value ₹34.2L < ₹50.0L,0,0,,0,0,0,AVOID,,0,False,False,0%,,CAUTION,OTHER,,,,,0.0,,,,,,,,,0.0,Fresh,,,,,0.0,0,False,2026-06-05 12:45:23,,,,,,,,,,,,,,,,,,,,,,,,,,,,,,,,,False,46.0
INE737B01033,ADROITINFO,ADROIT INFO.,IT - Services,True,ILLIQUID,Avg daily traded value ₹5.0L < ₹50.0L,0,0,,0,0,0,AVOID,,0,False,False,0%,,CAUTION,OTHER,,,,,0.0,,,,,,,,,0.0,Fresh,,,,,0.0,0,False,2026-06-05 12:45:23,,,,,,,,,,,,,,,,,,,,,,,,,,,,,,,,,False,13.0
INE358A01014,ABBOTINDIA,ABBOTT INDIA,Pharmaceuticals & Biotechnology,False,LIQUIDITY,"Avg 20d vol 10,233 < 50K shares/day (micro-illiquid)",0,0,,0,0,0,AVOID,,0,False,False,0%,,CAUTION,OTHER,,,,,0.0,,,,,,,,,0.0,Fresh,,,,,0.0,0,False,2026-06-05 12:45:23,,,,,,,,,,,,,,,,,,,,,,,,,,,,,,,,,False,24.0
INE365O01028,ABANSENT,NAN,nan,True,ILLIQUID,Avg daily traded value ₹7.6L < ₹50.0L,0,0,,0,0,0,AVOID,,0,False,False,0%,,CAUTION,OTHER,,,,,0.0,,,,,,,,,0.0,Fresh,,,,,0.0,0,False,2026-06-05 12:45:23,,,,,,,,,,,,,,,,,,,,,,,,,,,,,,,,,False,
INE198H01019,AAREYDRUGS,AAREY DRUGS,Pharmaceuticals & Biotechnology,True,ILLIQUID,Avg daily traded value ₹41.3L < ₹50.0L,0,0,,0,0,0,AVOID,,0,False,False,0%,,CAUTION,OTHER,,,,,0.0,,,,,,,,,0.0,Fresh,,,,,0.0,0,False,2026-06-05 12:45:23,,,,,,,,,,,,,,,,,,,,,,,,,,,,,,,,,False,
INE087Z01024,AAKASH,AAKASH EXPLOR.,Oil,True,ILLIQUID,Avg daily traded value ₹17.6L < ₹50.0L,0,0,,0,0,0,AVOID,,0,False,False,0%,,CAUTION,OTHER,,,,,0.0,,,,,,,,,0.0,Fresh,,,,,0.0,0,False,2026-06-05 12:45:23,,,,,,,,,,,,,,,,,,,,,,,,,,,,,,,,,False,
INE0D0U01013,AAATECH,AAA TECHNOLOGIES,Commercial Services & Supplies,True,ILLIQUID,Avg daily traded value ₹14.3L < ₹50.0L,0,0,,0,0,0,AVOID,,0,False,False,0%,,CAUTION,OTHER,,,,,0.0,,,,,,,,,0.0,Fresh,,,,,0.0,0,False,2026-06-05 12:45:23,,,,,,,,,,,,,,,,,,,,,,,,,,,,,,,,,False,46.0
INE619I01012,A2ZINFRA,A2Z INFRA ENGG.,Construction,True,DISTRESS,Altman Z = -2.01 (bankruptcy zone),0,0,,0,0,0,AVOID,,0,False,False,0%,,CAUTION,OTHER,,,,,0.0,,,,,,,,,0.0,Fresh,,,,,0.0,0,False,2026-06-05 12:45:23,,,,,,,,,,,,,,,,,,,,,,,,,,,,,,,,,False,
INE111B01023,63MOONS,63 MOONS TECH.,IT - Software,False,,,0,0,,0,0,0,AVOID,,0,False,False,0%,,,,,,,,,,,,,,,,,,Fresh,,,,,,0,False,2026-06-05 12:45:23,,,,,,,,,,,,,,,,,,,,,,,,,,,,,,,,,False,17.0
INE618L01018,5PAISA,5PAISA CAPITAL,Capital Markets,False,LIQUIDITY,"Avg 20d vol 36,866 < 50K shares/day (micro-illiquid)",0,0,,0,0,0,AVOID,,0,False,False,0%,,CAUTION,FINANCIALS,,,,,0.0,,,,,,,,,0.0,Fresh,,,,,0.0,0,False,2026-06-05 12:45:23,,,,,,,,,,,,,,,,,,,,,,,,,,,,,,,,,False,36.0
INE105C01023,3PLAND,3P LAND HOLD.,Finance,True,ILLIQUID,Avg daily traded value ₹2.1L < ₹50.0L,0,0,,0,0,0,AVOID,,0,False,False,0%,,CAUTION,FINANCIALS,,,,,0.0,,,,,,,,,0.0,Fresh,,,,,0.0,0,False,2026-06-05 12:45:23,,,,,,,,,,,,,,,,,,,,,,,,,,,,,,,,,False,19.0
INE470A01017,3MINDIA,3M INDIA,Diversified,False,LIQUIDITY,"Avg 20d vol 5,752 < 50K shares/day (micro-illiquid)",0,0,,0,0,0,AVOID,,0,False,False,0%,,CAUTION,OTHER,,,,,0.0,,,,,,,,,0.0,Fresh,,,,,0.0,0,False,2026-06-05 12:45:23,,,,,,,,,,,,,,,,,,,,,,,,,,,,,,,,,False,18.0
INE748C01038,3IINFOLTD,3I INFOTECH,IT - Software,True,DISTRESS,Altman Z = -1.12 (bankruptcy zone),0,0,,0,0,0,AVOID,,0,False,False,0%,,CAUTION,OTHER,,,,,0.0,,,,,,,,,0.0,Fresh,,,,,0.0,0,False,2026-06-05 12:45:23,,,,,,,,,,,,,,,,,,,,,,,,,,,,,,,,,False,27.0
INE994E01018,3BBLACKBIO,NAN,nan,False,LIQUIDITY,"Avg 20d vol 11,649 < 50K shares/day (micro-illiquid)",0,0,,0,0,0,AVOID,,0,False,False,0%,,CAUTION,OTHER,,,,,0.0,,,,,,,,,0.0,Fresh,,,,,0.0,0,False,2026-06-05 12:45:23,,,,,,,,,,,,,,,,,,,,,,,,,,,,,,,,,False,
INE253B01015,21STCENMGM,21ST CENT. MGMT.,Capital Markets,True,CHRONIC_LOSSES,"NP negative 3 of 4 quarters, no turnaround signal",0,0,,0,0,0,AVOID,,0,False,False,0%,,CAUTION,FINANCIALS,,,,,0.0,,,,,,,,,0.0,Fresh,,,,,0.0,0,False,2026-06-05 12:45:23,,,,,,,,,,,,,,,,,,,,,,,,,,,,,,,,,False,
INE750R01016,AARNAV,AARNAV FASHIONS,Textiles & Apparels,True,ILLIQUID,Avg daily traded value ₹24.9L < ₹50.0L,0,0,,0,0,0,AVOID,,0,False,False,0%,,CAUTION,OTHER,,,,,0.0,,,,,,,,,0.0,Fresh,,,,,0.0,0,False,2026-06-05 12:45:23,,,,,,,,,,,,,,,,,,,,,,,,,,,,,,,,,False,
INE721Z01010,AARON,AARON INDUSTRIES,Industrial Manufacturing,True,ILLIQUID,Avg daily traded value ₹14.0L < ₹50.0L,0,0,,0,0,0,AVOID,,0,False,False,0%,,CAUTION,OTHER,,,,,0.0,,,,,,,,,0.0,Fresh,,,,,0.0,0,False,2026-06-05 12:45:23,,,,,,,,,,,,,,,,,,,,,,,,,,,,,,,,,False,
INE01C001026,AARTECH,AARTECH SOLONICS,Electrical Equipment,True,ILLIQUID,Avg daily traded value ₹35.5L < ₹50.0L,0,0,,0,0,0,AVOID,,0,False,False,0%,,CAUTION,OTHER,,,,,0.0,,,,,,,,,0.0,Fresh,,,,,0.0,0,False,2026-06-05 12:45:23,,,,,,,,,,,,,,,,,,,,,,,,,,,,,,,,,False,
INE0OB201016,AATMAJ,AATMAJ HEALTH,Healthcare Services,True,ILLIQUID,Avg daily traded value ₹1.1L < ₹50.0L,0,0,,0,0,0,AVOID,,0,False,False,0%,,CAUTION,OTHER,,,,,0.0,,,,,,,,,0.0,Fresh,,,,,0.0,0,False,2026-06-05 12:45:23,,,,,,,,,,,,,,,,,,,,,,,,,,,,,,,,,False,
INE754X01016,AARVI,AARVI ENCON,Commercial Services & Supplies,True,ILLIQUID,Avg daily traded value ₹35.5L < ₹50.0L,0,0,,0,0,0,AVOID,,0,False,False,0%,,CAUTION,OTHER,,,,,0.0,,,,,,,,,0.0,Fresh,,,,,0.0,0,False,2026-06-05 12:45:23,,,,,,,,,,,,,,,,,,,,,,,,,,,,,,,,,False,
INE09EO01013,AARTISURF,AARTI SURFACTANT,Chemicals & Petrochemicals,False,LIQUIDITY,"Avg 20d vol 13,276 < 50K shares/day (micro-illiquid)",0,0,,0,0,0,AVOID,,0,False,False,0%,,CAUTION,OTHER,,,,,0.0,,,,,,,,,0.0,Fresh,,,,,0.0,0,False,2026-06-05 12:45:23,,,,,,,,,,,,,,,,,,,,,,,,,,,,,,,,,False,25.0
INE432A01017,AMBALALSA,NAN,nan,True,ILLIQUID,Avg daily traded value ₹38.3L < ₹50.0L,0,0,,0,0,0,AVOID,,0,False,False,0%,,CAUTION,OTHER,,,,,0.0,,,,,,,,,0.0,Fresh,,,,,0.0,0,False,2026-06-05 12:45:23,,,,,,,,,,,,,,,,,,,,,,,,,,,,,,,,,False,14.0
INE0STM01017,ALUWIND,ALUWIND INFRA,Industrial Products,True,ILLIQUID,Avg daily traded value ₹32.2L < ₹50.0L,0,0,,0,0,0,AVOID,,0,False,False,0%,,CAUTION,OTHER,,,,,0.0,,,,,,,,,0.0,Fresh,,,,,0.0,0,False,2026-06-05 12:45:23,,,,,,,,,,,,,,,,,,,,,,,,,,,,,,,,,False,
INE137C01018,ALPHAGEO,ALPHAGEO (INDIA),Oil,True,ILLIQUID,Avg daily traded value ₹24.5L < ₹50.0L,0,0,,0,0,0,AVOID,,0,False,False,0%,,CAUTION,OTHER,,,,,0.0,,,,,,,,,0.0,Fresh,,,,,0.0,0,False,2026-06-05 12:45:23,,,,,,,,,,,,,,,,,,,,,,,,,,,,,,,,,False,8.0
INE385I01010,ALPA,ALPA LABORATORIE,Pharmaceuticals & Biotechnology,True,ILLIQUID,Avg daily traded value ₹11.5L < ₹50.0L,0,0,,0,0,0,AVOID,,0,False,False,0%,,CAUTION,OTHER,,,,,0.0,,,,,,,,,0.0,Fresh,,,,,0.0,0,False,2026-06-05 12:45:23,,,,,,,,,,,,,,,,,,,,,,,,,,,,,,,,,False,
INE270A01029,ALOKINDS,ALOK INDUSTRIES,Textiles & Apparels,True,DISTRESS,Altman Z = -4.63 (bankruptcy zone),0,0,,0,0,0,AVOID,,0,False,False,0%,,CAUTION,OTHER,,,,,0.0,,,,,,,,,0.0,Fresh,,,,,0.0,0,False,2026-06-05 12:45:23,,,,,,,,,,,,,,,,,,,,,,,,,,,,,,,,,False,
INE326B01035,ALMONDZ,ALMONDZ GLOBAL,Capital Markets,True,ILLIQUID,Avg daily traded value ₹12.0L < ₹50.0L,0,0,,0,0,0,AVOID,,0,False,False,0%,,CAUTION,FINANCIALS,,,,,0.0,,,,,,,,,0.0,Fresh,,,,,0.0,0,False,2026-06-05 12:45:23,,,,,,,,,,,,,,,,,,,,,,,,,,,,,,,,,False,
INE0M2X01012,ALLETEC,ALL E TECH,IT - Software,True,ILLIQUID,Avg daily traded value ₹28.5L < ₹50.0L,0,0,,0,0,0,AVOID,,0,False,False,0%,,CAUTION,OTHER,,,,,0.0,,,,,,,,,0.0,Fresh,,,,,0.0,0,False,2026-06-05 12:45:23,,,,,,,,,,,,,,,,,,,,,,,,,,,,,,,,,False,
INE835G01018,ALLDIGI,ALLDIGI TECH,Commercial Services & Supplies,True,ILLIQUID,Avg daily traded value ₹41.9L < ₹50.0L,0,0,,0,0,0,AVOID,,0,False,False,0%,,CAUTION,OTHER,,,,,0.0,,,,,,,,,0.0,Fresh,,,,,0.0,0,False,2026-06-05 12:45:23,,,,,,,,,,,,,,,,,,,,,,,,,,,,,,,,,False,
INE418H01029,ALLCARGO,ALLCARGO LOGIST.,Transport Services,False,,,0,0,,0,0,0,AVOID,,0,False,False,0%,,,,,,,,,,,,,,,,,,Fresh,,,,,,0,False,2026-06-05 12:45:23,,,,,,,,,,,,,,,,,,,,,,,,,,,,,,,,,False,
INE062D01024,ALICON,ALICON CAST.,Auto Components,False,LIQUIDITY,"Avg 20d vol 14,906 < 50K shares/day (micro-illiquid)",0,0,,0,0,0,AVOID,,0,False,False,0%,,CAUTION,OTHER,,,,,0.0,,,,,,,,,0.0,Fresh,,,,,0.0,0,False,2026-06-05 12:45:23,,,,,,,,,,,,,,,,,,,,,,,,,,,,,,,,,False,
INE155C01010,ALBERTDAVD,ALBERT DAVID,Pharmaceuticals & Biotechnology,True,ILLIQUID,Avg daily traded value ₹23.4L < ₹50.0L,0,0,,0,0,0,AVOID,,0,False,False,0%,,CAUTION,OTHER,,,,,0.0,,,,,,,,,0.0,Fresh,,,,,0.0,0,False,2026-06-05 12:45:23,,,,,,,,,,,,,,,,,,,,,,,,,,,,,,,,,False,
INE914E01040,ALANKIT,ALANKIT,Commercial Services & Supplies,True,ILLIQUID,Avg daily traded value ₹14.1L < ₹50.0L,0,0,,0,0,0,AVOID,,0,False,False,0%,,CAUTION,OTHER,,,,,0.0,,,,,,,,,0.0,Fresh,,,,,0.0,0,False,2026-06-05 12:45:23,,,,,,,,,,,,,,,,,,,,,,,,,,,,,,,,,False,
INE773I01017,ALKALI,ALKALI METALS,Chemicals & Petrochemicals,True,CHRONIC_LOSSES,"NP negative 3 of 4 quarters, no turnaround signal",0,0,,0,0,0,AVOID,,0,False,False,0%,,CAUTION,OTHER,,,,,0.0,,,,,,,,,0.0,Fresh,,,,,0.0,0,False,2026-06-05 12:45:23,,,,,,,,,,,,,,,,,,,,,,,,,,,,,,,,,False,17.0
INE523B01011,AKSHOPTFBR,AKSH OPTIFIBRE,Telecom -  Equipment & Accessories,True,DISTRESS,Altman Z = -2.14 (bankruptcy zone),0,0,,0,0,0,AVOID,,0,False,False,0%,,CAUTION,OTHER,,,,,0.0,,,,,,,,,0.0,Fresh,,,,,0.0,0,False,2026-06-05 12:45:23,,,,,,,,,,,,,,,,,,,,,,,,,,,,,,,,,False,
INE542B01011,AKSHARCHEM,AKSHARCHEM (I),Chemicals & Petrochemicals,True,ILLIQUID,Avg daily traded value ₹36.5L < ₹50.0L,0,0,,0,0,0,AVOID,,0,False,False,0%,,CAUTION,OTHER,,,,,0.0,,,,,,,,,0.0,Fresh,,,,,0.0,0,False,2026-06-05 12:45:23,,,,,,,,,,,,,,,,,,,,,,,,,,,,,,,,,False,14.0
INE256Z01025,AKSHAR,AKSHAR SPINTEX,Textiles & Apparels,True,CHRONIC_LOSSES,"NP negative 3 of 4 quarters, no turnaround signal",0,0,,0,0,0,AVOID,,0,False,False,0%,,CAUTION,OTHER,,,,,0.0,,,,,,,,,0.0,Fresh,,,,,0.0,0,False,2026-06-05 12:45:23,,,,,,,,,,,,,,,,,,,,,,,,,,,,,,,,,False,
INE0PMR01017,AKIKO,AKIKO,Finance,True,ILLIQUID,Avg daily traded value ₹31.0L < ₹50.0L,0,0,,0,0,0,AVOID,,0,False,False,0%,,CAUTION,FINANCIALS,,,,,0.0,,,,,,,,,0.0,Fresh,,,,,0.0,0,False,2026-06-05 12:45:23,,,,,,,,,,,,,,,,,,,,,,,,,,,,,,,,,False,
INE642Z01026,AKI,AKI INDIA,Consumer Durables,True,ILLIQUID,Avg daily traded value ₹4.8L < ₹50.0L,0,0,,0,0,0,AVOID,,0,False,False,0%,,CAUTION,CONSUMPTION,,,,,0.0,,,,,,,,,0.0,Fresh,,,,,0.0,0,False,2026-06-05 12:45:23,,,,,,,,,,,,,,,,,,,,,,,,,,,,,,,,,False,
INE00Y801016,AKG,AKG EXIM,Commercial Services & Supplies,True,ILLIQUID,Avg daily traded value ₹1.0L < ₹50.0L,0,0,,0,0,0,AVOID,,0,False,False,0%,,CAUTION,OTHER,,,,,0.0,,,,,,,,,0.0,Fresh,,,,,0.0,0,False,2026-06-05 12:45:23,,,,,,,,,,,,,,,,,,,,,,,,,,,,,,,,,False,
INE701G01012,AKCAPIT,NAN,nan,True,ILLIQUID,Avg daily traded value ₹8.3L < ₹50.0L,0,0,,0,0,0,AVOID,,0,False,False,0%,,CAUTION,OTHER,,,,,0.0,,,,,,,,,0.0,Fresh,,,,,0.0,0,False,2026-06-05 12:45:23,,,,,,,,,,,,,,,,,,,,,,,,,,,,,,,,,False,15.0
INE737W01013,AKASH,AKASH INFRAPROJ.,Construction,True,ILLIQUID,Avg daily traded value ₹2.0L < ₹50.0L,0,0,,0,0,0,AVOID,,0,False,False,0%,,CAUTION,OTHER,,,,,0.0,,,,,,,,,0.0,Fresh,,,,,0.0,0,False,2026-06-05 12:45:23,,,,,,,,,,,,,,,,,,,,,,,,,,,,,,,,,False,
INE820Y01021,AJOONI,AJOONI BIOTECH,Food Products,True,ILLIQUID,Avg daily traded value ₹10.0L < ₹50.0L,0,0,,0,0,0,AVOID,,0,False,False,0%,,CAUTION,OTHER,,,,,0.0,,,,,,,,,0.0,Fresh,,,,,0.0,0,False,2026-06-05 12:45:23,,,,,,,,,,,,,,,,,,,,,,,,,,,,,,,,,False,
INE635Y01015,AISL,ANI INTEGRATED,Commercial Services & Supplies,True,ILLIQUID,Avg daily traded value ₹1.0L < ₹50.0L,0,0,,0,0,0,AVOID,,0,False,False,0%,,CAUTION,OTHER,,,,,0.0,,,,,,,,,0.0,Fresh,,,,,0.0,0,False,2026-06-05 12:45:23,,,,,,,,,,,,,,,,,,,,,,,,,,,,,,,,,False,
INE801L01010,AIROLAM,AIRO LAM,Consumer Durables,True,ILLIQUID,Avg daily traded value ₹1.5L < ₹50.0L,0,0,,0,0,0,AVOID,,0,False,False,0%,,CAUTION,CONSUMPTION,,,,,0.0,,,,,,,,,0.0,Fresh,,,,,0.0,0,False,2026-06-05 12:45:23,,,,,,,,,,,,,,,,,,,,,,,,,,,,,,,,,False,
INE645W01026,AIRAN,AIRAN,IT - Services,True,ILLIQUID,Avg daily traded value ₹13.0L < ₹50.0L,0,0,,0,0,0,AVOID,,0,False,False,0%,,CAUTION,OTHER,,,,,0.0,,,,,,,,,0.0,Fresh,,,,,0.0,0,False,2026-06-05 12:45:23,,,,,,,,,,,,,,,,,,,,,,,,,,,,,,,,,False,
INE0CAJ01017,AILIMITED,ABHISHEK INTEGR.,Construction,True,ILLIQUID,Avg daily traded value ₹0.3L < ₹50.0L,0,0,,0,0,0,AVOID,,0,False,False,0%,,CAUTION,OTHER,,,,,0.0,,,,,,,,,0.0,Fresh,,,,,0.0,0,False,2026-06-05 12:45:23,,,,,,,,,,,,,,,,,,,,,,,,,,,,,,,,,False,
INE758C01029,AHLUCONT,AHLUWALIA CONTR.,Construction,False,LIQUIDITY,"Avg 20d vol 38,706 < 50K shares/day (micro-illiquid)",0,0,,0,0,0,AVOID,,0,False,False,0%,,CAUTION,OTHER,,,,,0.0,,,,,,,,,0.0,Fresh,,,,,0.0,0,False,2026-06-05 12:45:23,,,,,,,,,,,,,,,,,,,,,,,,,,,,,,,,,False,
INE926K01017,AHLEAST,ASIAN HOTELS (E),Leisure Services,True,DISTRESS,Altman Z = 0.85 (bankruptcy zone),0,0,,0,0,0,AVOID,,0,False,False,0%,,CAUTION,OTHER,,,,,0.0,,,,,,,,,0.0,Fresh,,,,,0.0,0,False,2026-06-05 12:45:23,,,,,,,,,,,,,,,,,,,,,,,,,,,,,,,,,False,
INE00PV01013,AHLADA,AHLADA ENGINEERS,Consumer Durables,True,ILLIQUID,Avg daily traded value ₹5.5L < ₹50.0L,0,0,,0,0,0,AVOID,,0,False,False,0%,,CAUTION,CONSUMPTION,,,,,0.0,,,,,,,,,0.0,Fresh,,,,,0.0,0,False,2026-06-05 12:45:23,,,,,,,,,,,,,,,,,,,,,,,,,,,,,,,,,False,
INE0O6N01012,AGUL,A G UNIVERSAL,Industrial Products,True,ILLIQUID,Avg daily traded value ₹1.3L < ₹50.0L,0,0,,0,0,0,AVOID,,0,False,False,0%,,CAUTION,OTHER,,,,,0.0,,,,,,,,,0.0,Fresh,,,,,0.0,0,False,2026-06-05 12:45:23,,,,,,,,,,,,,,,,,,,,,,,,,,,,,,,,,False,
INE583L01014,AGSTRA,AGS TRANSACT,Financial Technology (Fintech),True,ILLIQUID,Avg daily traded value ₹2.1L < ₹50.0L,0,0,,0,0,0,AVOID,,0,False,False,0%,,CAUTION,FINANCIALS,,,,,0.0,,,,,,,,,0.0,Fresh,,,,,0.0,0,False,2026-06-05 12:45:23,,,,,,,,,,,,,,,,,,,,,,,,,,,,,,,,,False,
INE740V01019,AGROPHOS,AGRO PHOS INDIA,Fertilizers & Agrochemicals,True,ILLIQUID,Avg daily traded value ₹14.2L < ₹50.0L,0,0,,0,0,0,AVOID,,0,False,False,0%,,CAUTION,OTHER,,,,,0.0,,,,,,,,,0.0,Fresh,,,,,0.0,0,False,2026-06-05 12:45:23,,,,,,,,,,,,,,,,,,,,,,,,,,,,,,,,,False,
INE449G01018,AGRITECH,AGRI-TECH INDIA,Agricultural Food & other Products,True,CHRONIC_LOSSES,"NP negative 3 of 4 quarters, no turnaround signal",0,0,,0,0,0,AVOID,,0,False,False,0%,,CAUTION,OTHER,,,,,0.0,,,,,,,,,0.0,Fresh,,,,,0.0,0,False,2026-06-05 12:45:23,,,,,,,,,,,,,,,,,,,,,,,,,,,,,,,,,False,59.0
INE0LF301013,AGNI,AGNI GREEN,Construction,True,ILLIQUID,Avg daily traded value ₹1.6L < ₹50.0L,0,0,,0,0,0,AVOID,,0,False,False,0%,,CAUTION,OTHER,,,,,0.0,,,,,,,,,0.0,Fresh,,,,,0.0,0,False,2026-06-05 12:45:23,,,,,,,,,,,,,,,,,,,,,,,,,,,,,,,,,False,
INE875R01011,BALKRISHNA,BALKRISHNA PAPER,"Paper, Forest & Jute Products",True,DISTRESS,Altman Z = -22.86 (bankruptcy zone),0,0,,0,0,0,AVOID,,0,False,False,0%,,CAUTION,OTHER,,,,,0.0,,,,,,,,,0.0,Fresh,,,,,0.0,0,False,2026-06-05 12:45:23,,,,,,,,,,,,,,,,,,,,,,,,,,,,,,,,,False,13.0
INE618N01022,BALAXI,BALAXI PHARMA,Pharmaceuticals & Biotechnology,True,ILLIQUID,Avg daily traded value ₹7.8L < ₹50.0L,0,0,,0,0,0,AVOID,,0,False,False,0%,,CAUTION,OTHER,,,,,0.0,,,,,,,,,0.0,Fresh,,,,,0.0,0,False,2026-06-05 12:45:23,,,,,,,,,,,,,,,,,,,,,,,,,,,,,,,,,False,
INE050E01027,BALAMINES,BALAJI AMINES,Chemicals & Petrochemicals,False,,,0,0,,0,0,0,AVOID,,0,False,False,0%,,,,,,,,,,,,,,,,,,Fresh,,,,,,0,False,2026-06-05 12:45:23,,,,,,,,,,,,,,,,,,,,,,,,,,,,,,,,,False,
INE794B01026,BALAJITELE,BALAJI TELEFILMS,Entertainment,True,CHRONIC_LOSSES,"NP negative 3 of 4 quarters, no turnaround signal",0,0,,0,0,0,AVOID,,0,False,False,0%,,CAUTION,OTHER,,,,,0.0,,,,,,,,,0.0,Fresh,,,,,0.0,0,False,2026-06-05 12:45:23,,,,,,,,,,,,,,,,,,,,,,,,,,,,,,,,,False,
INE0S2G01011,BALAJEE,SHREE TIRUPATIBA,Industrial Products,True,ILLIQUID,Avg daily traded value ₹12.4L < ₹50.0L,0,0,,0,0,0,AVOID,,0,False,False,0%,,CAUTION,OTHER,,,,,0.0,,,,,,,,,0.0,Fresh,,,,,0.0,0,False,2026-06-05 12:45:24,,,,,,,,,,,,,,,,,,,,,,,,,,,,,,,,,False,
INE704G01024,BAJAJST,NAN,nan,False,LIQUIDITY,"Avg 20d vol 18,792 < 50K shares/day (micro-illiquid)",0,0,,0,0,0,AVOID,,0,False,False,0%,,CAUTION,OTHER,,,,,0.0,,,,,,,,,0.0,Fresh,,,,,0.0,0,False,2026-06-05 12:45:24,,,,,,,,,,,,,,,,,,,,,,,,,,,,,,,,,False,24.0
INE0O9T01021,BAJAJINDEF,INDEF MANUFACTUR,Industrial Manufacturing,False,LIQUIDITY,"Avg 20d vol 35,471 < 50K shares/day (micro-illiquid)",0,0,,0,0,0,AVOID,,0,False,False,0%,,CAUTION,OTHER,,,,,0.0,,,,,,,,,0.0,Fresh,,,,,0.0,0,False,2026-06-05 12:45:24,,,,,,,,,,,,,,,,,,,,,,,,,,,,,,,,,False,10.0
INE118A01012,BAJAJHLDNG,BAJAJ HOLDINGS,Finance,False,LIQUIDITY,"Avg 20d vol 39,531 < 50K shares/day (micro-illiquid)",0,0,,0,0,0,AVOID,,0,False,False,0%,,CAUTION,FINANCIALS,,,,,0.0,,,,,,,,,0.0,Fresh,,,,,0.0,0,False,2026-06-05 12:45:24,,,,,,,,,,,,,,,,,,,,,,,,,,,,,,,,,False,
INE306A01021,BAJAJHIND,BAJAJ HINDUSTHAN,Agricultural Food & other Products,True,DISTRESS,Altman Z = 0.05 (bankruptcy zone),0,0,,0,0,0,AVOID,,0,False,False,0%,,CAUTION,OTHER,,,,,0.0,,,,,,,,,0.0,Fresh,,,,,0.0,0,False,2026-06-05 12:45:24,,,,,,,,,,,,,,,,,,,,,,,,,,,,,,,,,False,
INE655B01011,BANARBEADS,BANARAS BEADS,Consumer Durables,True,ILLIQUID,Avg daily traded value ₹2.3L < ₹50.0L,0,0,,0,0,0,AVOID,,0,False,False,0%,,CAUTION,CONSUMPTION,,,,,0.0,,,,,,,,,0.0,Fresh,,,,,0.0,0,False,2026-06-05 12:45:24,,,,,,,,,,,,,,,,,,,,,,,,,,,,,,,,,False,
INE862Y01015,BANKA,BANKA BIOLOO,Construction,True,CHRONIC_LOSSES,"NP negative 3 of 4 quarters, no turnaround signal",0,0,,0,0,0,AVOID,,0,False,False,0%,,CAUTION,OTHER,,,,,0.0,,,,,,,,,0.0,Fresh,,,,,0.0,0,False,2026-06-05 12:45:24,,,,,,,,,,,,,,,,,,,,,,,,,,,,,,,,,False,
INE863I01016,BANG,BANG OVERSEAS,Textiles & Apparels,True,ILLIQUID,Avg daily traded value ₹2.2L < ₹50.0L,0,0,,0,0,0,AVOID,,0,False,False,0%,,CAUTION,OTHER,,,,,0.0,,,,,,,,,0.0,Fresh,,,,,0.0,0,False,2026-06-05 12:45:24,,,,,,,,,,,,,,,,,,,,,,,,,,,,,,,,,False,
INE459A01010,BANARISUG,BANNARI AMM.SUG.,Agricultural Food & other Products,True,ILLIQUID,Avg daily traded value ₹12.2L < ₹50.0L,0,0,,0,0,0,AVOID,,0,False,False,0%,,CAUTION,OTHER,,,,,0.0,,,,,,,,,0.0,Fresh,,,,,0.0,0,False,2026-06-05 12:45:24,,,,,,,,,,,,,,,,,,,,,,,,,,,,,,,,,False,
INE020D01022,BAIDFIN,BAID FINSERV,Finance,True,ILLIQUID,Avg daily traded value ₹15.1L < ₹50.0L,0,0,,0,0,0,AVOID,,0,False,False,0%,,CAUTION,FINANCIALS,,,,,0.0,,,,,,,,,0.0,Fresh,,,,,0.0,0,False,2026-06-05 12:45:24,,,,,,,,,,,,,,,,,,,,,,,,,,,,,,,,,False,
INE029Q01017,BAHETI,BAHETI RECYCLING,Industrial Products,False,LIQUIDITY,"Avg 20d vol 23,644 < 50K shares/day (micro-illiquid)",0,0,,0,0,0,AVOID,,0,False,False,0%,,CAUTION,OTHER,,,,,0.0,,,,,,,,,0.0,Fresh,,,,,0.0,0,False,2026-06-05 12:45:24,,,,,,,,,,,,,,,,,,,,,,,,,,,,,,,,,False,
INE116D01028,BAGFILMS,BAG FILMS,Entertainment,True,DISTRESS,Altman Z = 0.04 (bankruptcy zone),0,0,,0,0,0,AVOID,,0,False,False,0%,,CAUTION,OTHER,,,,,0.0,,,,,,,,,0.0,Fresh,,,,,0.0,0,False,2026-06-05 12:45:24,,,,,,,,,,,,,,,,,,,,,,,,,,,,,,,,,False,
INE878I01022,BAFNAPH,BAFNA PHARMA.,Pharmaceuticals & Biotechnology,True,ILLIQUID,Avg daily traded value ₹5.0L < ₹50.0L,0,0,,0,0,0,AVOID,,0,False,False,0%,,CAUTION,OTHER,,,,,0.0,,,,,,,,,0.0,Fresh,,,,,0.0,0,False,2026-06-05 12:45:24,,,,,,,,,,,,,,,,,,,,,,,,,,,,,,,,,False,
INE0QW501012,BABAFP,BABA FOOD,Food Products,True,ILLIQUID,Avg daily traded value ₹0.7L < ₹50.0L,0,0,,0,0,0,AVOID,,0,False,False,0%,,CAUTION,OTHER,,,,,0.0,,,,,,,,,0.0,Fresh,,,,,0.0,0,False,2026-06-05 12:45:24,,,,,,,,,,,,,,,,,,,,,,,,,,,,,,,,,False,
INE193B01039,AYMSYNTEX,AYM SYNTEX,Textiles & Apparels,False,LIQUIDITY,"Avg 20d vol 23,536 < 50K shares/day (micro-illiquid)",0,0,,0,0,0,AVOID,,0,False,False,0%,,CAUTION,OTHER,,,,,0.0,,,,,,,,,0.0,Fresh,,,,,0.0,0,False,2026-06-05 12:45:24,,,,,,,,,,,,,,,,,,,,,,,,,,,,,,,,,False,9.0
INE193E01025,BAJAJELEC,BAJAJ ELECTRICAL,Consumer Durables,False,,,0,0,,0,0,0,AVOID,,0,False,False,0%,,,,,,,,,,,,,,,,,,Fresh,,,,,,0,False,2026-06-05 12:45:24,,,,,,,,,,,,,,,,,,,,,,,,,,,,,,,,,False,
INE02EZ01022,AXITA,AXITA COTTON,Textiles & Apparels,True,ILLIQUID,Avg daily traded value ₹35.2L < ₹50.0L,0,0,,0,0,0,AVOID,,0,False,False,0%,,CAUTION,OTHER,,,,,0.0,,,,,,,,,0.0,Fresh,,,,,0.0,0,False,2026-06-05 12:45:24,,,,,,,,,,,,,,,,,,,,,,,,,,,,,,,,,False,45.0
INE186H01022,BASML,BANNARI AMM SPG.,Textiles & Apparels,True,ILLIQUID,Avg daily traded value ₹29.3L < ₹50.0L,0,0,,0,0,0,AVOID,,0,False,False,0%,,CAUTION,OTHER,,,,,0.0,,,,,,,,,0.0,Fresh,,,,,0.0,0,False,2026-06-05 12:45:24,,,,,,,,,,,,,,,,,,,,,,,,,,,,,,,,,False,
INE0OCC01013,BASILIC,BASILIC FLY STUD,Entertainment,True,ILLIQUID,Avg daily traded value ₹41.1L < ₹50.0L,0,0,,0,0,0,AVOID,,0,False,False,0%,,CAUTION,OTHER,,,,,0.0,,,,,,,,,0.0,Fresh,,,,,0.0,0,False,2026-06-05 12:45:24,,,,,,,,,,,,,,,,,,,,,,,,,,,,,,,,,False,
INE373A01013,BASF,BASF INDIA,Chemicals & Petrochemicals,False,LIQUIDITY,"Avg 20d vol 30,335 < 50K shares/day (micro-illiquid)",0,0,,0,0,0,AVOID,,0,False,False,0%,,CAUTION,OTHER,,,,,0.0,,,,,,,,,0.0,Fresh,,,,,0.0,0,False,2026-06-05 12:45:24,,,,,,,,,,,,,,,,,,,,,,,,,,,,,,,,,False,
INE629D01020,BANSWRAS,BANSWARA SYNTEX,Textiles & Apparels,True,ILLIQUID,Avg daily traded value ₹23.8L < ₹50.0L,0,0,,0,0,0,AVOID,,0,False,False,0%,,CAUTION,OTHER,,,,,0.0,,,,,,,,,0.0,Fresh,,,,,0.0,0,False,2026-06-05 12:45:24,,,,,,,,,,,,,,,,,,,,,,,,,,,,,,,,,False,16.0
INE177C01022,BATLIBOI,NAN,nan,True,ILLIQUID,Avg daily traded value ₹16.4L < ₹50.0L,0,0,,0,0,0,AVOID,,0,False,False,0%,,CAUTION,OTHER,,,,,0.0,,,,,,,,,0.0,Fresh,,,,,0.0,0,False,2026-06-05 12:45:24,,,,,,,,,,,,,,,,,,,,,,,,,,,,,,,,,False,
INE0JFJ01011,BAWEJA,BAWEJA STUDIOS L,Entertainment,True,ILLIQUID,Avg daily traded value ₹1.8L < ₹50.0L,0,0,,0,0,0,AVOID,,0,False,False,0%,,CAUTION,OTHER,,,,,0.0,,,,,,,,,0.0,Fresh,,,,,0.0,0,False,2026-06-05 12:45:24,,,,,,,,,,,,,,,,,,,,,,,,,,,,,,,,,False,
INE462A01022,BAYERCROP,BAYER CROP SCI.,Fertilizers & Agrochemicals,False,LIQUIDITY,"Avg 20d vol 20,454 < 50K shares/day (micro-illiquid)",0,0,,0,0,0,AVOID,,0,False,False,0%,,CAUTION,OTHER,,,,,0.0,,,,,,,,,0.0,Fresh,,,,,0.0,0,False,2026-06-05 12:45:24,,,,,,,,,,,,,,,,,,,,,,,,,,,,,,,,,False,9.0
INE464A01036,BBL,BHARAT BIJLEE,Electrical Equipment,False,LIQUIDITY,"Avg 20d vol 48,072 < 50K shares/day (micro-illiquid)",0,0,,0,0,0,AVOID,,0,False,False,0%,,CAUTION,OTHER,,,,,0.0,,,,,,,,,0.0,Fresh,,,,,0.0,0,False,2026-06-05 12:45:24,,,,,,,,,,,,,,,,,,,,,,,,,,,,,,,,,False,39.0
INE977Y01011,BCONCEPTS,BRAND CONCEPTS,Retailing,True,ILLIQUID,Avg daily traded value ₹26.1L < ₹50.0L,0,0,,0,0,0,AVOID,,0,False,False,0%,,CAUTION,OTHER,,,,,0.0,,,,,,,,,0.0,Fresh,,,,,0.0,0,False,2026-06-05 12:45:24,,,,,,,,,,,,,,,,,,,,,,,,,,,,,,,,,False,46.0
INE425B01027,BCG,BRIGHTCOM GROUP,IT - Services,False,,,0,0,,0,0,0,AVOID,,0,False,False,0%,,,,,,,,,,,,,,,,,,Fresh,,,,,,0,False,2026-06-05 12:45:24,,,,,,,,,,,,,,,,,,,,,,,,,,,,,,,,,False,
INE01EE01011,BBTCL,B&B TRIPLEWALL,Industrial Products,True,ILLIQUID,Avg daily traded value ₹22.9L < ₹50.0L,0,0,,0,0,0,AVOID,,0,False,False,0%,,CAUTION,OTHER,,,,,0.0,,,,,,,,,0.0,Fresh,,,,,0.0,0,False,2026-06-05 12:45:24,,,,,,,,,,,,,,,,,,,,,,,,,,,,,,,,,False,
INE050A01025,BBTC,THE BOMBAY BURMAH,Food Products,False,LIQUIDITY,"Avg 20d vol 36,938 < 50K shares/day (micro-illiquid)",0,0,,0,0,0,AVOID,,0,False,False,0%,,CAUTION,OTHER,,,,,0.0,,,,,,,,,0.0,Fresh,,,,,0.0,0,False,2026-06-05 12:45:24,,,,,,,,,,,,,,,,,,,,,,,,,,,,,,,,,False,
INE349W01017,AVADHSUGAR,AVADH SUGAR,Agricultural Food & other Products,False,LIQUIDITY,"Avg 20d vol 18,676 < 50K shares/day (micro-illiquid)",0,0,,0,0,0,AVOID,,0,False,False,0%,,CAUTION,OTHER,,,,,0.0,,,,,,,,,0.0,Fresh,,,,,0.0,0,False,2026-06-05 12:45:24,,,,,,,,,,,,,,,,,,,,,,,,,,,,,,,,,False,
INE718H01014,AUTOIND,AUTOLINE INDUSTR,Auto Components,True,DISTRESS,Altman Z = 0.85 (bankruptcy zone),0,0,,0,0,0,AVOID,,0,False,False,0%,,CAUTION,OTHER,,,,,0.0,,,,,,,,,0.0,Fresh,,,,,0.0,0,False,2026-06-05 12:45:24,,,,,,,,,,,,,,,,,,,,,,,,,,,,,,,,,False,
INE646X01014,ASTRON,ASTRON PAPER,"Paper, Forest & Jute Products",True,DISTRESS,Altman Z = -0.30 (bankruptcy zone),0,0,,0,0,0,AVOID,,0,False,False,0%,,CAUTION,OTHER,,,,,0.0,,,,,,,,,0.0,Fresh,,,,,0.0,0,False,2026-06-05 12:45:24,,,,,,,,,,,,,,,,,,,,,,,,,,,,,,,,,False,
INE203A01020,ASTRAZEN,ASTRAZENECA PHAR,Pharmaceuticals & Biotechnology,False,LIQUIDITY,"Avg 20d vol 10,806 < 50K shares/day (micro-illiquid)",0,0,,0,0,0,AVOID,,0,False,False,0%,,CAUTION,OTHER,,,,,0.0,,,,,,,,,0.0,Fresh,,,,,0.0,0,False,2026-06-05 12:45:24,,,,,,,,,,,,,,,,,,,,,,,,,,,,,,,,,False,
INE563J01010,ASTEC,ASTEC LIFESCIENC,Fertilizers & Agrochemicals,True,CHRONIC_LOSSES,"NP negative 3 of 4 quarters, no turnaround signal",0,0,,0,0,0,AVOID,,0,False,False,0%,,CAUTION,OTHER,,,,,0.0,,,,,,,,,0.0,Fresh,,,,,0.0,0,False,2026-06-05 12:45:24,,,,,,,,,,,,,,,,,,,,,,,,,,,,,,,,,False,48.0
INE194D01017,ASTAR,NAN,nan,True,ILLIQUID,Avg daily traded value ₹1.1L < ₹50.0L,0,0,,0,0,0,AVOID,,0,False,False,0%,,CAUTION,OTHER,,,,,0.0,,,,,,,,,0.0,Fresh,,,,,0.0,0,False,2026-06-05 12:45:24,,,,,,,,,,,,,,,,,,,,,,,,,,,,,,,,,False,10.0
INE0S7801010,ASPIRE,ASPIRE & INNOVAT,Consumer Durables,True,ILLIQUID,Avg daily traded value ₹0.6L < ₹50.0L,0,0,,0,0,0,AVOID,,0,False,False,0%,,CAUTION,CONSUMPTION,,,,,0.0,,,,,,,,,0.0,Fresh,,,,,0.0,0,False,2026-06-05 12:45:24,,,,,,,,,,,,,,,,,,,,,,,,,,,,,,,,,False,
INE991I01015,ASPINWALL,ASPINWALL & CO,Transport Services,True,ILLIQUID,Avg daily traded value ₹5.6L < ₹50.0L,0,0,,0,0,0,AVOID,,0,False,False,0%,,CAUTION,OTHER,,,,,0.0,,,,,,,,,0.0,Fresh,,,,,0.0,0,False,2026-06-05 12:45:24,,,,,,,,,,,,,,,,,,,,,,,,,,,,,,,,,False,
INE855F01042,ASMS,BARTRONICS INDIA,IT - Services,True,ILLIQUID,Avg daily traded value ₹48.7L < ₹50.0L,0,0,,0,0,0,AVOID,,0,False,False,0%,,CAUTION,OTHER,,,,,0.0,,,,,,,,,0.0,Fresh,,,,,0.0,0,False,2026-06-05 12:45:24,,,,,,,,,,,,,,,,,,,,,,,,,,,,,,,,,False,
INE09KD01013,ATAM,ATAM VALVES,Industrial Manufacturing,True,ILLIQUID,Avg daily traded value ₹8.5L < ₹50.0L,0,0,,0,0,0,AVOID,,0,False,False,0%,,CAUTION,OTHER,,,,,0.0,,,,,,,,,0.0,Fresh,,,,,0.0,0,False,2026-06-05 12:45:24,,,,,,,,,,,,,,,,,,,,,,,,,,,,,,,,,False,17.0
INE0LEZ01016,ATHERENERG,ATHER ENERGY,Automobiles,True,CHRONIC_LOSSES,"NP negative 3 of 4 quarters, no turnaround signal",0,0,,0,0,0,AVOID,,0,False,False,0%,,CAUTION,OTHER,,,,,0.0,,,,,,,,,0.0,Fresh,,,,,0.0,0,False,2026-06-05 12:45:24,,,,,,,,,,,,,,,,,,,,,,,,,,,,,,,,,False,32.0
INE449A01011,AUTOAXLES,AUTOMOTIVE AXLES,Auto Components,False,LIQUIDITY,"Avg 20d vol 14,241 < 50K shares/day (micro-illiquid)",0,0,,0,0,0,AVOID,,0,False,False,0%,,CAUTION,OTHER,,,,,0.0,,,,,,,,,0.0,Fresh,,,,,0.0,0,False,2026-06-05 12:45:24,,,,,,,,,,,,,,,,,,,,,,,,,,,,,,,,,False,16.0
INE218C01016,AUSOMENT,AUSOM ENTER.,Consumer Durables,True,ILLIQUID,Avg daily traded value ₹9.7L < ₹50.0L,0,0,,0,0,0,AVOID,,0,False,False,0%,,CAUTION,CONSUMPTION,,,,,0.0,,,,,,,,,0.0,Fresh,,,,,0.0,0,False,2026-06-05 12:45:24,,,,,,,,,,,,,,,,,,,,,,,,,,,,,,,,,False,
INE0NUL01018,AUROIMPEX,AURO IMPEX,Industrial Products,True,ILLIQUID,Avg daily traded value ₹1.0L < ₹50.0L,0,0,,0,0,0,AVOID,,0,False,False,0%,,CAUTION,OTHER,,,,,0.0,,,,,,,,,0.0,Fresh,,,,,0.0,0,False,2026-06-05 12:45:24,,,,,,,,,,,,,,,,,,,,,,,,,,,,,,,,,False,
INE925Y01036,AURIGROW,AURI GROW INDIA,Industrial Manufacturing,True,ILLIQUID,Avg daily traded value ₹39.4L < ₹50.0L,0,0,,0,0,0,AVOID,,0,False,False,0%,,CAUTION,OTHER,,,,,0.0,,,,,,,,,0.0,Fresh,,,,,0.0,0,False,2026-06-05 12:45:24,,,,,,,,,,,,,,,,,,,,,,,,,,,,,,,,,False,
INE100A01010,ATUL,ATUL,Chemicals & Petrochemicals,False,LIQUIDITY,"Avg 20d vol 24,913 < 50K shares/day (micro-illiquid)",0,0,,0,0,0,AVOID,,0,False,False,0%,,CAUTION,OTHER,,,,,0.0,,,,,,,,,0.0,Fresh,,,,,0.0,0,False,2026-06-05 12:45:24,,,,,,,,,,,,,,,,,,,,,,,,,,,,,,,,,False,
INE446A01025,ATLASCYCLE,ATLAS CYCLES,Consumer Durables,True,DISTRESS,Altman Z = -0.09 (bankruptcy zone),0,0,,0,0,0,AVOID,,0,False,False,0%,,CAUTION,CONSUMPTION,,,,,0.0,,,,,,,,,0.0,Fresh,,,,,0.0,0,False,2026-06-05 12:45:24,,,,,,,,,,,,,,,,,,,,,,,,,,,,,,,,,False,31.0
INE285H01022,ATLANTAA,ATLANTAA,Construction,True,DISTRESS,Altman Z = 0.91 (bankruptcy zone),0,0,,0,0,0,AVOID,,0,False,False,0%,,CAUTION,OTHER,,,,,0.0,,,,,,,,,0.0,Fresh,,,,,0.0,0,False,2026-06-05 12:45:24,,,,,,,,,,,,,,,,,,,,,,,,,,,,,,,,,False,17.0
INE0NN701020,ATL,ALLCARGO TERMI,Transport Infrastructure,True,ILLIQUID,Avg daily traded value ₹37.5L < ₹50.0L,0,0,,0,0,0,AVOID,,0,False,False,0%,,CAUTION,OTHER,,,,,0.0,,,,,,,,,0.0,Fresh,,,,,0.0,0,False,2026-06-05 12:45:24,,,,,,,,,,,,,,,,,,,,,,,,,,,,,,,,,False,14.0
INE488D01021,AVTNPL,AVT NATURAL PROD,Agricultural Food & other Products,False,,,0,0,,0,0,0,AVOID,,0,False,False,0%,,,,,,,,,,,,,,,,,,Fresh,,,,,,0,False,2026-06-05 12:45:24,,,,,,,,,,,,,,,,,,,,,,,,,,,,,,,,,False,
INE652Z01025,AVROIND,AVRO INDIA,Consumer Durables,True,ILLIQUID,Avg daily traded value ₹27.5L < ₹50.0L,0,0,,0,0,0,AVOID,,0,False,False,0%,,CAUTION,CONSUMPTION,,,,,0.0,,,,,,,,,0.0,Fresh,,,,,0.0,0,False,2026-06-05 12:45:24,,,,,,,,,,,,,,,,,,,,,,,,,,,,,,,,,False,
INE323B01024,AVONMORE,AVONMORE CAPITAL,Finance,True,ILLIQUID,Avg daily traded value ₹18.6L < ₹50.0L,0,0,,0,0,0,AVOID,,0,False,False,0%,,CAUTION,FINANCIALS,,,,,0.0,,,,,,,,,0.0,Fresh,,,,,0.0,0,False,2026-06-05 12:45:24,,,,,,,,,,,,,,,,,,,,,,,,,,,,,,,,,False,53.0
INE680Z01018,AVG,AVG LOGISTICS,Transport Services,False,LIQUIDITY,"Avg 20d vol 35,584 < 50K shares/day (micro-illiquid)",0,0,,0,0,0,AVOID,,0,False,False,0%,,CAUTION,OTHER,,,,,0.0,,,,,,,,,0.0,Fresh,,,,,0.0,0,False,2026-06-05 12:45:24,,,,,,,,,,,,,,,,,,,,,,,,,,,,,,,,,False,19.0
INE1SPP01016,KSR,KSR FOOTWEAR,Commercial Services & Supplies,True,ILLIQUID,Avg daily traded value ₹9.4L < ₹50.0L,0,0,,0,0,0,AVOID,,0,False,False,0%,,CAUTION,OTHER,,,,,0.0,,,,,,,,,0.0,Fresh,,,,,0.0,0,False,2026-06-05 12:45:24,,,,,,,,,,,,,,,,,,,,,,,,,,,,,,,,,False,
INE0LOJ01019,IKIO,IKIO TECH,Consumer Durables,False,,,0,0,,0,0,0,AVOID,,0,False,False,0%,,,,,,,,,,,,,,,,,,Fresh,,,,,,0,False,2026-06-05 12:45:24,,,,,,,,,,,,,,,,,,,,,,,,,,,,,,,,,False,
INE886A01014,IITL,INDL. INV. TRUST,Finance,False,,,0,0,,0,0,0,AVOID,,0,False,False,0%,,,,,,,,,,,,,,,,,,Fresh,,,,,,0,False,2026-06-05 12:45:24,,,,,,,,,,,,,,,,,,,,,,,,,,,,,,,,,False,11.0
INE204A01010,IGPL,I G PETROCHEMS,Chemicals & Petrochemicals,True,CHRONIC_LOSSES,"NP negative 3 of 4 quarters, no turnaround signal",0,0,,0,0,0,AVOID,,0,False,False,0%,,CAUTION,OTHER,,,,,0.0,,,,,,,,,0.0,Fresh,,,,,0.0,0,False,2026-06-05 12:45:25,,,,,,,,,,,,,,,,,,,,,,,,,,,,,,,,,False,17.0
INE133Y01011,IFGLEXPOR,IFGL REFRACTORI.,Industrial Products,False,,,0,0,,0,0,0,AVOID,,0,False,False,0%,,,,,,,,,,,,,,,,,,Fresh,,,,,,0,False,2026-06-05 12:45:25,,,,,,,,,,,,,,,,,,,,,,,,,,,,,,,,,False,
INE076C01018,IFBAGRO,IFB AGRO INDS.,Beverages,False,LIQUIDITY,"Avg 20d vol 11,352 < 50K shares/day (micro-illiquid)",0,0,,0,0,0,AVOID,,0,False,False,0%,,CAUTION,CONSUMPTION,,,,,0.0,,,,,,,,,0.0,Fresh,,,,,0.0,0,False,2026-06-05 12:45:25,,,,,,,,,,,,,,,,,,,,,,,,,,,,,,,,,False,
INE369I01014,IL&FSENGG,IL&FS ENGG.,Construction,True,DISTRESS,Altman Z = -5.43 (bankruptcy zone),0,0,,0,0,0,AVOID,,0,False,False,0%,,CAUTION,OTHER,,,,,0.0,,,,,,,,,0.0,Fresh,,,,,0.0,0,False,2026-06-05 12:45:25,,,,,,,,,,,,,,,,,,,,,,,,,,,,,,,,,False,68.0
INE975G01012,IL&FSTRANS,IL&FS TRANSPORT,Construction,True,ILLIQUID,Avg daily traded value ₹1.0L < ₹50.0L,0,0,,0,0,0,AVOID,,0,False,False,0%,,CAUTION,OTHER,,,,,0.0,,,,,,,,,0.0,Fresh,,,,,0.0,0,False,2026-06-05 12:45:25,,,,,,,,,,,,,,,,,,,,,,,,,,,,,,,,,False,59.0
INE0PS301014,INDIFRA,INDIFRA LTD,Gas,True,ILLIQUID,Avg daily traded value ₹0.1L < ₹50.0L,0,0,,0,0,0,AVOID,,0,False,False,0%,,CAUTION,OTHER,,,,,0.0,,,,,,,,,0.0,Fresh,,,,,0.0,0,False,2026-06-05 12:45:25,,,,,,,,,,,,,,,,,,,,,,,,,,,,,,,,,False,
INE061A01014,INDIANCARD,INDIAN CARDCLOTH,Textiles & Apparels,True,ILLIQUID,Avg daily traded value ₹8.7L < ₹50.0L,0,0,,0,0,0,AVOID,,0,False,False,0%,,CAUTION,OTHER,,,,,0.0,,,,,,,,,0.0,Fresh,,,,,0.0,0,False,2026-06-05 12:45:25,,,,,,,,,,,,,,,,,,,,,,,,,,,,,,,,,False,
INE841B01017,INDBANK,INDBANK MERCHANT,Capital Markets,True,ILLIQUID,Avg daily traded value ₹9.7L < ₹50.0L,0,0,,0,0,0,AVOID,,0,False,False,0%,,CAUTION,FINANCIALS,,,,,0.0,,,,,,,,,0.0,Fresh,,,,,0.0,0,False,2026-06-05 12:45:25,,,,,,,,,,,,,,,,,,,,,,,,,,,,,,,,,False,45.0
INE452L01012,INCREDIBLE,INCREDIBLE INDUS,Industrial Products,True,ILLIQUID,Avg daily traded value ₹1.6L < ₹50.0L,0,0,,0,0,0,AVOID,,0,False,False,0%,,CAUTION,OTHER,,,,,0.0,,,,,,,,,0.0,Fresh,,,,,0.0,0,False,2026-06-05 12:45:25,,,,,,,,,,,,,,,,,,,,,,,,,,,,,,,,,False,
INE691G01015,IMPEXFERRO,IMPEX FERRO TECH,Ferrous Metals,True,LANDMINE,Promoter pledging 100.0% (>40.0%),0,0,,0,0,0,LANDMINE,,0,False,False,0%,,CAUTION,OTHER,,,,,0.0,,,,,,,,,0.0,Fresh,,,,,0.0,0,False,2026-06-05 12:45:25,,,,,,,,,,,,,,,,,,,,,,,,,,,,,,,,,False,
INE547E01014,IMPAL,INDIA MOTOR PART,Auto Components,False,LIQUIDITY,"Avg 20d vol 7,784 < 50K shares/day (micro-illiquid)",0,0,,0,0,0,AVOID,,0,False,False,0%,,CAUTION,OTHER,,,,,0.0,,,,,,,,,0.0,Fresh,,,,,0.0,0,False,2026-06-05 12:45:25,,,,,,,,,,,,,,,,,,,,,,,,,,,,,,,,,False,
INE646L01027,INDIGO,INTERGLOBE AVIAT,Transport Services,True,EXTREME_LEVERAGE,D/E = 8.7 (extreme leverage),0,0,,0,0,0,AVOID,,0,False,False,0%,,CAUTION,OTHER,,,,,0.0,,,,,,,,,0.0,Fresh,,,,,0.0,0,False,2026-06-05 12:45:25,,,,,,,,,,,,,,,,,,,,,,,,,,,,,,,,,False,
INE349Y01013,IDEAFORGE,IDEAFORGE TECH,Aerospace & Defense,True,CHRONIC_LOSSES,"NP negative 3 of 4 quarters, no turnaround signal",0,0,,0,0,0,AVOID,,0,False,False,0%,,CAUTION,CAPEX_CYCLE,,,,,0.0,,,,,,,,,0.0,Fresh,,,,,0.0,0,False,2026-06-05 12:45:25,,,,,,,,,,,,,,,,,,,,,,,,,,,,,,,,,False,34.0
INE725G01011,ICRA,ICRA,Capital Markets,False,LIQUIDITY,"Avg 20d vol 4,782 < 50K shares/day (micro-illiquid)",0,0,,0,0,0,AVOID,,0,False,False,0%,,CAUTION,FINANCIALS,,,,,0.0,,,,,,,,,0.0,Fresh,,,,,0.0,0,False,2026-06-05 12:45:25,,,,,,,,,,,,,,,,,,,,,,,,,,,,,,,,,False,14.0
INE669E01016,IDEA,VODAFONE IDEA,Telecom - Services,True,DISTRESS,Altman Z = -1.61 (bankruptcy zone),0,0,,0,0,0,AVOID,,0,False,False,0%,,CAUTION,OTHER,,,,,0.0,,,,,,,,,0.0,Fresh,,,,,0.0,0,False,2026-06-05 12:45:25,,,,,,,,,,,,,,,,,,,,,,,,,,,,,,,,,False,19.0
INE669A01022,INFOMEDIA,INFOMEDIA PRESS,Printing & Publication,True,DISTRESS,Altman Z = -15.82 (bankruptcy zone),0,0,,0,0,0,AVOID,,0,False,False,0%,,CAUTION,OTHER,,,,,0.0,,,,,,,,,0.0,Fresh,,,,,0.0,0,False,2026-06-05 12:45:25,,,,,,,,,,,,,,,,,,,,,,,,,,,,,,,,,False,48.0
INE0NNZ01013,INFOLLION,INFOLLION RESEA.,Commercial Services & Supplies,True,ILLIQUID,Avg daily traded value ₹22.1L < ₹50.0L,0,0,,0,0,0,AVOID,,0,False,False,0%,,CAUTION,OTHER,,,,,0.0,,,,,,,,,0.0,Fresh,,,,,0.0,0,False,2026-06-05 12:45:25,,,,,,,,,,,,,,,,,,,,,,,,,,,,,,,,,False,
INE0MYZ01012,INFLUX,INFLUX HEALTH.,Pharmaceuticals & Biotechnology,False,,,1,0,10.0,0,13,0,MONITOR,,↑24,False,False,0%,LATE_CYCLE,CAUTION,OTHER,0.0,0.0186,0.0,"HEALTHCARE,PLI",2.0,0.0,,4.0,1.0,1.0,0.0,,,1.0,Fresh,,,,,0.3,24,True,2026-06-05 12:45:25,0.0,0.0,0,0.0,0.0,0.0,0.0,0.0,0.0,0.0,0.0,0.0,0.0,0.0,0.0,0.0,0.0,0.0,0.0,0.0,0.0,0.0,0.0,0.0,0.0,0.0,0.0,0.0,9.0,4.0,0.0,0.0,False,
INE0MRE01011,INFINIUM,INFINIUM PHARMA,Pharmaceuticals & Biotechnology,True,ILLIQUID,Avg daily traded value ₹7.5L < ₹50.0L,0,0,,0,0,0,AVOID,,0,False,False,0%,,CAUTION,OTHER,,,,,0.0,,,,,,,,,0.0,Fresh,,,,,0.0,0,False,2026-06-05 12:45:25,,,,,,,,,,,,,,,,,,,,,,,,,,,,,,,,,False,
INE156A01020,INDORAMA,INDO RAMA SYNTH.,Textiles & Apparels,False,,,0,0,,0,0,0,AVOID,,0,False,False,0%,,,,,,,,,,,,,,,,,,Fresh,,,,,,0,False,2026-06-05 12:45:25,,,,,,,,,,,,,,,,,,,,,,,,,,,,,,,,,False,
INE873D01024,INDOCO,INDOCO REMEDIES,Pharmaceuticals & Biotechnology,True,CHRONIC_LOSSES,"NP negative 3 of 4 quarters, no turnaround signal",0,0,,0,0,0,AVOID,,0,False,False,0%,,CAUTION,OTHER,,,,,0.0,,,,,,,,,0.0,Fresh,,,,,0.0,0,False,2026-06-05 12:45:25,,,,,,,,,,,,,,,,,,,,,,,,,,,,,,,,,False,25.0
INE06ST01018,INDIQUBE,INDIQUBE SPACES,Commercial Services & Supplies,True,DISTRESS,Altman Z = 0.32 (bankruptcy zone),0,0,,0,0,0,AVOID,,0,False,False,0%,,CAUTION,OTHER,,,,,0.0,,,,,,,,,0.0,Fresh,,,,,0.0,0,False,2026-06-05 12:45:25,,,,,,,,,,,,,,,,,,,,,,,,,,,,,,,,,False,
INE250Z01010,INDOUS,INDO US BIO-TECH,Agricultural Food & other Products,True,ILLIQUID,Avg daily traded value ₹17.9L < ₹50.0L,0,0,,0,0,0,AVOID,,0,False,False,0%,,CAUTION,OTHER,,,,,0.0,,,,,,,,,0.0,Fresh,,,,,0.0,0,False,2026-06-05 12:45:25,,,,,,,,,,,,,,,,,,,,,,,,,,,,,,,,,False,
INE227G01018,INDOWIND,INDOWIND ENERGY,Power,True,ILLIQUID,Avg daily traded value ₹13.0L < ₹50.0L,0,0,,0,0,0,AVOID,,0,False,False,0%,,CAUTION,OTHER,,,,,0.0,,,,,,,,,0.0,Fresh,,,,,0.0,0,False,2026-06-05 12:45:25,,,,,,,,,,,,,,,,,,,,,,,,,,,,,,,,,False,
INE611L01021,INDTERRAIN,INDIAN TERRAIN,Textiles & Apparels,True,ILLIQUID,Avg daily traded value ₹4.8L < ₹50.0L,0,0,,0,0,0,AVOID,,0,False,False,0%,,CAUTION,OTHER,,,,,0.0,,,,,,,,,0.0,Fresh,,,,,0.0,0,False,2026-06-05 12:45:25,,,,,,,,,,,,,,,,,,,,,,,,,,,,,,,,,False,19.0
INE620D01011,INDPRUD,NAN,nan,True,ILLIQUID,Avg daily traded value ₹1.3L < ₹50.0L,0,0,,0,0,0,AVOID,,0,False,False,0%,,CAUTION,OTHER,,,,,0.0,,,,,,,,,0.0,Fresh,,,,,0.0,0,False,2026-06-05 12:45:25,,,,,,,,,,,,,,,,,,,,,,,,,,,,,,,,,False,13.0
INE782E01017,HESTERBIO,HESTER BIOS,Pharmaceuticals & Biotechnology,False,LIQUIDITY,"Avg 20d vol 26,715 < 50K shares/day (micro-illiquid)",0,0,,0,0,0,AVOID,,0,False,False,0%,,CAUTION,OTHER,,,,,0.0,,,,,,,,,0.0,Fresh,,,,,0.0,0,False,2026-06-05 12:45:25,,,,,,,,,,,,,,,,,,,,,,,,,,,,,,,,,False,63.0
INE750M01017,HEXATRADEX,HEXA TRADEX,Finance,True,CHRONIC_LOSSES,"NP negative 3 of 4 quarters, no turnaround signal",0,0,,0,0,0,AVOID,,0,False,False,0%,,CAUTION,FINANCIALS,,,,,0.0,,,,,,,,,0.0,Fresh,,,,,0.0,0,False,2026-06-05 12:45:25,,,,,,,,,,,,,,,,,,,,,,,,,,,,,,,,,False,
INE642Y01029,HINDCON,HINDCON CHEMICAL,Chemicals & Petrochemicals,True,ILLIQUID,Avg daily traded value ₹4.3L < ₹50.0L,0,0,,0,0,0,AVOID,,0,False,False,0%,,CAUTION,OTHER,,,,,0.0,,,,,,,,,0.0,Fresh,,,,,0.0,0,False,2026-06-05 12:45:25,,,,,,,,,,,,,,,,,,,,,,,,,,,,,,,,,False,
INE310C01029,HINDCOMPOS,HIND.COMPOSITES,Auto Components,True,ILLIQUID,Avg daily traded value ₹27.6L < ₹50.0L,0,0,,0,0,0,AVOID,,0,False,False,0%,,CAUTION,OTHER,,,,,0.0,,,,,,,,,0.0,Fresh,,,,,0.0,0,False,2026-06-05 12:45:25,,,,,,,,,,,,,,,,,,,,,,,,,,,,,,,,,False,41.0
INE788H01017,HILTON,HILTON MET.FORG.,Industrial Products,True,ILLIQUID,Avg daily traded value ₹35.3L < ₹50.0L,0,0,,0,0,0,AVOID,,0,False,False,0%,,CAUTION,OTHER,,,,,0.0,,,,,,,,,0.0,Fresh,,,,,0.0,0,False,2026-06-05 12:45:25,,,,,,,,,,,,,,,,,,,,,,,,,,,,,,,,,False,
INE00RL01028,HILINFRA,HIGHWAY INFRA,Transport Infrastructure,True,ILLIQUID,Avg daily traded value ₹18.7L < ₹50.0L,0,0,,0,0,0,AVOID,,0,False,False,0%,,CAUTION,OTHER,,,,,0.0,,,,,,,,,0.0,Fresh,,,,,0.0,0,False,2026-06-05 12:45:25,,,,,,,,,,,,,,,,,,,,,,,,,,,,,,,,,False,
INE475B01022,HIKAL,HIKAL,Pharmaceuticals & Biotechnology,True,CHRONIC_LOSSES,"NP negative 3 of 4 quarters, no turnaround signal",0,0,,0,0,0,AVOID,,0,False,False,0%,,CAUTION,OTHER,,,,,0.0,,,,,,,,,0.0,Fresh,,,,,0.0,0,False,2026-06-05 12:45:25,,,,,,,,,,,,,,,,,,,,,,,,,,,,,,,,,False,
INE0PIC01017,HIGREEN,HI-GREEN CARBON,Other Utilities,True,ILLIQUID,Avg daily traded value ₹45.8L < ₹50.0L,0,0,,0,0,0,AVOID,,0,False,False,0%,,CAUTION,OTHER,,,,,0.0,,,,,,,,,0.0,Fresh,,,,,0.0,0,False,2026-06-05 12:45:25,,,,,,,,,,,,,,,,,,,,,,,,,,,,,,,,,False,
INE170I01016,HGS,HINDUJA GLOBAL,Commercial Services & Supplies,False,LIQUIDITY,"Avg 20d vol 28,726 < 50K shares/day (micro-illiquid)",0,0,,0,0,0,AVOID,,0,False,False,0%,,CAUTION,OTHER,,,,,0.0,,,,,,,,,0.0,Fresh,,,,,0.0,0,False,2026-06-05 12:45:25,,,,,,,,,,,,,,,,,,,,,,,,,,,,,,,,,False,
INE596H01014,HGM,HANDSON GLOBAL,IT - Services,True,ILLIQUID,Avg daily traded value ₹7.9L < ₹50.0L,0,0,,0,0,0,AVOID,,0,False,False,0%,,CAUTION,OTHER,,,,,0.0,,,,,,,,,0.0,Fresh,,,,,0.0,0,False,2026-06-05 12:45:25,,,,,,,,,,,,,,,,,,,,,,,,,,,,,,,,,False,
INE049A01027,HIMATSEIDE,HIMATSING. SEIDE,Textiles & Apparels,False,,,0,0,,0,0,0,AVOID,,0,False,False,0%,,,,,,,,,,,,,,,,,,Fresh,,,,,,0,False,2026-06-05 12:45:25,,,,,,,,,,,,,,,,,,,,,,,,,,,,,,,,,False,8.0
INE694N01015,HERANBA,HERANBA INDS,Fertilizers & Agrochemicals,True,CHRONIC_LOSSES,"NP negative 3 of 4 quarters, no turnaround signal",0,0,,0,0,0,AVOID,,0,False,False,0%,,CAUTION,OTHER,,,,,0.0,,,,,,,,,0.0,Fresh,,,,,0.0,0,False,2026-06-05 12:45:25,,,,,,,,,,,,,,,,,,,,,,,,,,,,,,,,,False,
INE0AJG01018,HEMIPROP,HEMISPHERE PROP,Commercial Services & Supplies,True,CHRONIC_LOSSES,"NP negative 3 of 4 quarters, no turnaround signal",0,0,,0,0,0,AVOID,,0,False,False,0%,,CAUTION,OTHER,,,,,0.0,,,,,,,,,0.0,Fresh,,,,,0.0,0,False,2026-06-05 12:45:25,,,,,,,,,,,,,,,,,,,,,,,,,,,,,,,,,False,
INE578A01017,HEIDELBERG,HEIDELBERG CEM.,Cement & Cement Products,False,,,0,0,,0,0,0,AVOID,,0,False,False,0%,,,,,,,,,,,,,,,,,,Fresh,,,,,,0,False,2026-06-05 12:45:25,,,,,,,,,,,,,,,,,,,,,,,,,,,,,,,,,False,
INE545A01024,HEG,HEG,Industrial Products,False,,,0,0,,0,0,0,AVOID,,0,False,False,0%,,,,,,,,,,,,,,,,,,Fresh,,,,,,0,False,2026-06-05 12:45:25,,,,,,,,,,,,,,,,,,,,,,,,,,,,,,,,,False,62.0
INE558R01013,HECPROJECT,HEC INFRA PROJ.,Construction,True,ILLIQUID,Avg daily traded value ₹17.1L < ₹50.0L,0,0,,0,0,0,AVOID,,0,False,False,0%,,CAUTION,OTHER,,,,,0.0,,,,,,,,,0.0,Fresh,,,,,0.0,0,False,2026-06-05 12:45:25,,,,,,,,,,,,,,,,,,,,,,,,,,,,,,,,,False,
INE019J01013,HEALTHX,NAN,nan,True,ILLIQUID,Avg daily traded value ₹47.1L < ₹50.0L,0,0,,0,0,0,AVOID,,0,False,False,0%,,CAUTION,OTHER,,,,,0.0,,,,,,,,,0.0,Fresh,,,,,0.0,0,False,2026-06-05 12:45:25,,,,,,,,,,,,,,,,,,,,,,,,,,,,,,,,,False,
INE05X901010,HPIL,HINDPRAKASH INDU,Chemicals & Petrochemicals,True,ILLIQUID,Avg daily traded value ₹2.0L < ₹50.0L,0,0,,0,0,0,AVOID,,0,False,False,0%,,CAUTION,OTHER,,,,,0.0,,,,,,,,,0.0,Fresh,,,,,0.0,0,False,2026-06-05 12:45:25,,,,,,,,,,,,,,,,,,,,,,,,,,,,,,,,,False,
INE0GSL01024,HPAL,HP ADHESIVES,Chemicals & Petrochemicals,True,ILLIQUID,Avg daily traded value ₹44.3L < ₹50.0L,0,0,,0,0,0,AVOID,,0,False,False,0%,,CAUTION,OTHER,,,,,0.0,,,,,,,,,0.0,Fresh,,,,,0.0,0,False,2026-06-05 12:45:25,,,,,,,,,,,,,,,,,,,,,,,,,,,,,,,,,False,
INE634A01018,HONDAPOWER,HONDA INDIA,Industrial Manufacturing,False,LIQUIDITY,"Avg 20d vol 7,320 < 50K shares/day (micro-illiquid)",0,0,,0,0,0,AVOID,,0,False,False,0%,,CAUTION,OTHER,,,,,0.0,,,,,,,,,0.0,Fresh,,,,,0.0,0,False,2026-06-05 12:45:25,,,,,,,,,,,,,,,,,,,,,,,,,,,,,,,,,False,9.0
INE671A01010,HONAUT,HONEYWELL AUTO,Industrial Manufacturing,False,LIQUIDITY,"Avg 20d vol 20,187 < 50K shares/day (micro-illiquid)",0,0,,0,0,0,AVOID,,0,False,False,0%,,CAUTION,OTHER,,,,,0.0,,,,,,,,,0.0,Fresh,,,,,0.0,0,False,2026-06-05 12:45:25,,,,,,,,,,,,,,,,,,,,,,,,,,,,,,,,,False,36.0
INE0N7F01017,HOMESFY,HOMESFY REALTY,Realty,True,ILLIQUID,Avg daily traded value ₹3.5L < ₹50.0L,0,0,,0,0,0,AVOID,,0,False,False,0%,,CAUTION,OTHER,,,,,0.0,,,,,,,,,0.0,Fresh,,,,,0.0,0,False,2026-06-05 12:45:25,,,,,,,,,,,,,,,,,,,,,,,,,,,,,,,,,False,
INE0LXA01019,HOLMARC,HOLMARC OPTO,Industrial Products,True,ILLIQUID,Avg daily traded value ₹5.2L < ₹50.0L,0,0,,0,0,0,AVOID,,0,False,False,0%,,CAUTION,OTHER,,,,,0.0,,,,,,,,,0.0,Fresh,,,,,0.0,0,False,2026-06-05 12:45:25,,,,,,,,,,,,,,,,,,,,,,,,,,,,,,,,,False,
INE0S6S01017,HOACFOODS,HOAC FOODS,Food Products,True,ILLIQUID,Avg daily traded value ₹33.2L < ₹50.0L,0,0,,0,0,0,AVOID,,0,False,False,0%,,CAUTION,OTHER,,,,,0.0,,,,,,,,,0.0,Fresh,,,,,0.0,0,False,2026-06-05 12:45:25,,,,,,,,,,,,,,,,,,,,,,,,,,,,,,,,,False,
INE0R3501012,HRHNEXT,HRH NEXT,Commercial Services & Supplies,True,ILLIQUID,Avg daily traded value ₹1.1L < ₹50.0L,0,0,,0,0,0,AVOID,,0,False,False,0%,,CAUTION,OTHER,,,,,0.0,,,,,,,,,0.0,Fresh,,,,,0.0,0,False,2026-06-05 12:45:25,,,,,,,,,,,,,,,,,,,,,,,,,,,,,,,,,False,
INE501G01024,HTMEDIA,H T MEDIA,Media,True,CHRONIC_LOSSES,"NP negative 3 of 4 quarters, no turnaround signal",0,0,,0,0,0,AVOID,,0,False,False,0%,,CAUTION,OTHER,,,,,0.0,,,,,,,,,0.0,Fresh,,,,,0.0,0,False,2026-06-05 12:45:25,,,,,,,,,,,,,,,,,,,,,,,,,,,,,,,,,False,
INE126M01010,IBULLSLTD,INDIABULLS,Commercial Services & Supplies,True,DISTRESS,Altman Z = -68.45 (bankruptcy zone),0,0,,0,0,0,AVOID,,0,False,False,0%,,CAUTION,OTHER,,,,,0.0,,,,,,,,,0.0,Fresh,,,,,0.0,0,False,2026-06-05 12:45:25,,,,,,,,,,,,,,,,,,,,,,,,,,,,,,,,,False,40.0
INE0O7401018,IBLFL,IBL FINANCE,Finance,True,ILLIQUID,Avg daily traded value ₹3.5L < ₹50.0L,0,0,,0,0,0,AVOID,,0,False,False,0%,,CAUTION,FINANCIALS,,,,,0.0,,,,,,,,,0.0,Fresh,,,,,0.0,0,False,2026-06-05 12:45:25,,,,,,,,,,,,,,,,,,,,,,,,,,,,,,,,,False,
INE965B01022,HYBRIDFIN,HYBRID FINANCIAL,Capital Markets,True,ILLIQUID,Avg daily traded value ₹2.0L < ₹50.0L,0,0,,0,0,0,AVOID,,0,False,False,0%,,CAUTION,FINANCIALS,,,,,0.0,,,,,,,,,0.0,Fresh,,,,,0.0,0,False,2026-06-05 12:45:25,,,,,,,,,,,,,,,,,,,,,,,,,,,,,,,,,False,
INE613B01010,ICDSLTD,ICDS,Commercial Services & Supplies,True,ILLIQUID,Avg daily traded value ₹0.3L < ₹50.0L,0,0,,0,0,0,AVOID,,0,False,False,0%,,CAUTION,OTHER,,,,,0.0,,,,,,,,,0.0,Fresh,,,,,0.0,0,False,2026-06-05 12:45:25,,,,,,,,,,,,,,,,,,,,,,,,,,,,,,,,,False,
INE871K01015,HMVL,HINDUSTAN MEDIA,Media,True,ILLIQUID,Avg daily traded value ₹21.2L < ₹50.0L,0,0,,0,0,0,AVOID,,0,False,False,0%,,CAUTION,OTHER,,,,,0.0,,,,,,,,,0.0,Fresh,,,,,0.0,0,False,2026-06-05 12:45:25,,,,,,,,,,,,,,,,,,,,,,,,,,,,,,,,,False,
INE262A01018,HMT,HMT,Industrial Manufacturing,True,DISTRESS,Altman Z = -8.52 (bankruptcy zone),0,0,,0,0,0,AVOID,,0,False,False,0%,,CAUTION,OTHER,,,,,0.0,,,,,,,,,0.0,Fresh,,,,,0.0,0,False,2026-06-05 12:45:25,,,,,,,,,,,,,,,,,,,,,,,,,,,,,,,,,False,
INE102A01024,HLVLTD,HLV,Leisure Services,True,CHRONIC_LOSSES,"NP negative 3 of 4 quarters, no turnaround signal",0,0,,0,0,0,AVOID,,0,False,False,0%,,CAUTION,OTHER,,,,,0.0,,,,,,,,,0.0,Fresh,,,,,0.0,0,False,2026-06-05 12:45:25,,,,,,,,,,,,,,,,,,,,,,,,,,,,,,,,,False,24.0
INE127B01011,HITECHGEAR,THE HI-TECH GEAR,Auto Components,True,ILLIQUID,Avg daily traded value ₹8.5L < ₹50.0L,0,0,,0,0,0,AVOID,,0,False,False,0%,,CAUTION,OTHER,,,,,0.0,,,,,,,,,0.0,Fresh,,,,,0.0,0,False,2026-06-05 12:45:25,,,,,,,,,,,,,,,,,,,,,,,,,,,,,,,,,False,
INE120D01012,HITECHCORP,HITECH CORP.,Industrial Products,False,,,0,0,,0,0,0,AVOID,,0,False,False,0%,,,,,,,,,,,,,,,,,,Fresh,,,,,,0,False,2026-06-05 12:45:25,,,,,,,,,,,,,,,,,,,,,,,,,,,,,,,,,False,
INE598C01011,HISARMETAL,HISAR MET.INDS.,Industrial Products,True,ILLIQUID,Avg daily traded value ₹2.0L < ₹50.0L,0,0,,0,0,0,AVOID,,0,False,False,0%,,CAUTION,OTHER,,,,,0.0,,,,,,,,,0.0,Fresh,,,,,0.0,0,False,2026-06-05 12:45:25,,,,,,,,,,,,,,,,,,,,,,,,,,,,,,,,,False,
INE05AN01011,HINDWAREAP,HINDWARE HOME IN,Consumer Durables,False,,,0,0,,0,0,0,AVOID,,0,False,False,0%,,,,,,,,,,,,,,,,,,Fresh,,,,,,0,False,2026-06-05 12:45:25,,,,,,,,,,,,,,,,,,,,,,,,,,,,,,,,,False,63.0
INE234I01028,KAUSHALYA,KAUSHALYA INFRA.,Leisure Services,True,ILLIQUID,Avg daily traded value ₹1.1L < ₹50.0L,0,0,,0,0,0,AVOID,,0,False,False,0%,,CAUTION,OTHER,,,,,0.0,,,,,,,,,0.0,Fresh,,,,,0.0,0,False,2026-06-05 12:45:25,,,,,,,,,,,,,,,,,,,,,,,,,,,,,,,,,False,
INE0MGA01012,KARNIKA,KARNIKA INDUSTRI,Textiles & Apparels,True,ILLIQUID,Avg daily traded value ₹48.4L < ₹50.0L,0,0,,0,0,0,AVOID,,0,False,False,0%,,CAUTION,OTHER,,,,,0.0,,,,,,,,,0.0,Fresh,,,,,0.0,0,False,2026-06-05 12:45:26,,,,,,,,,,,,,,,,,,,,,,,,,,,,,,,,,False,
INE725L01011,KARMAENG,KARMA ENERGY LTD,Power,True,ILLIQUID,Avg daily traded value ₹2.2L < ₹50.0L,0,0,,0,0,0,AVOID,,0,False,False,0%,,CAUTION,OTHER,,,,,0.0,,,,,,,,,0.0,Fresh,,,,,0.0,0,False,2026-06-05 12:45:26,,,,,,,,,,,,,,,,,,,,,,,,,,,,,,,,,False,
INE542Z01028,KAPSTON,KAPSTON SERVICES,Commercial Services & Supplies,False,LIQUIDITY,"Avg 20d vol 16,858 < 50K shares/day (micro-illiquid)",0,0,,0,0,0,AVOID,,0,False,False,0%,,CAUTION,OTHER,,,,,0.0,,,,,,,,,0.0,Fresh,,,,,0.0,0,False,2026-06-05 12:45:26,,,,,,,,,,,,,,,,,,,,,,,,,,,,,,,,,False,
INE694E01014,KANPRPLA,KANPUR PLASTIPA.,Industrial Products,True,ILLIQUID,Avg daily traded value ₹39.3L < ₹50.0L,0,0,,0,0,0,AVOID,,0,False,False,0%,,CAUTION,OTHER,,,,,0.0,,,,,,,,,0.0,Fresh,,,,,0.0,0,False,2026-06-05 12:45:26,,,,,,,,,,,,,,,,,,,,,,,,,,,,,,,,,False,32.0
INE138C01024,KANORICHEM,KANORIA CHEM.,Industrial Manufacturing,True,ILLIQUID,Avg daily traded value ₹22.5L < ₹50.0L,0,0,,0,0,0,AVOID,,0,False,False,0%,,CAUTION,OTHER,,,,,0.0,,,,,,,,,0.0,Fresh,,,,,0.0,0,False,2026-06-05 12:45:26,,,,,,,,,,,,,,,,,,,,,,,,,,,,,,,,,False,
INE0MOT01016,KANDARP,KANDARP DIGI,Commercial Services & Supplies,True,ILLIQUID,Avg daily traded value ₹43.4L < ₹50.0L,0,0,,0,0,0,AVOID,,0,False,False,0%,,CAUTION,OTHER,,,,,0.0,,,,,,,,,0.0,Fresh,,,,,0.0,0,False,2026-06-05 12:45:26,,,,,,,,,,,,,,,,,,,,,,,,,,,,,,,,,False,
INE879E01037,KANANIIND,KANANI INDUSTRIE,Consumer Durables,True,ILLIQUID,Avg daily traded value ₹2.8L < ₹50.0L,0,0,,0,0,0,AVOID,,0,False,False,0%,,CAUTION,CONSUMPTION,,,,,0.0,,,,,,,,,0.0,Fresh,,,,,0.0,0,False,2026-06-05 12:45:26,,,,,,,,,,,,,,,,,,,,,,,,,,,,,,,,,False,
INE0BTI01037,KAMOPAINTS,KAMDHENU VENTURE,Consumer Durables,True,ILLIQUID,Avg daily traded value ₹16.4L < ₹50.0L,0,0,,0,0,0,AVOID,,0,False,False,0%,,CAUTION,CONSUMPTION,,,,,0.0,,,,,,,,,0.0,Fresh,,,,,0.0,0,False,2026-06-05 12:45:26,,,,,,,,,,,,,,,,,,,,,,,,,,,,,,,,,False,9.0
INE587G01015,KAYA,KAYA LTD,Leisure Services,True,DISTRESS,Altman Z = -1.54 (bankruptcy zone),0,0,,0,0,0,AVOID,,0,False,False,0%,,CAUTION,OTHER,,,,,0.0,,,,,,,,,0.0,Fresh,,,,,0.0,0,False,2026-06-05 12:45:26,,,,,,,,,,,,,,,,,,,,,,,,,,,,,,,,,False,
INE0RCG01017,KCEIL,KAY CEE,Construction,True,ILLIQUID,Avg daily traded value ₹39.5L < ₹50.0L,0,0,,0,0,0,AVOID,,0,False,False,0%,,CAUTION,OTHER,,,,,0.0,,,,,,,,,0.0,Fresh,,,,,0.0,0,False,2026-06-05 12:45:26,,,,,,,,,,,,,,,,,,,,,,,,,,,,,,,,,False,
INE745B01028,KHAICHEM,KHAITAN CHEMICAL,Fertilizers & Agrochemicals,True,ILLIQUID,Avg daily traded value ₹27.7L < ₹50.0L,0,0,,0,0,0,AVOID,,0,False,False,0%,,CAUTION,OTHER,,,,,0.0,,,,,,,,,0.0,Fresh,,,,,0.0,0,False,2026-06-05 12:45:26,,,,,,,,,,,,,,,,,,,,,,,,,,,,,,,,,False,
INE834I01025,KHADIM,KHADIM INDIA,Consumer Durables,False,,,0,0,,0,0,0,AVOID,,0,False,False,0%,,,,,,,,,,,,,,,,,,Fresh,,,,,,0,False,2026-06-05 12:45:26,,,,,,,,,,,,,,,,,,,,,,,,,,,,,,,,,False,
INE681C01015,KEYFINSERV,KEYNOTE FINAN.,Capital Markets,True,ILLIQUID,Avg daily traded value ₹6.3L < ₹50.0L,0,0,,0,0,0,AVOID,,0,False,False,0%,,CAUTION,FINANCIALS,,,,,0.0,,,,,,,,,0.0,Fresh,,,,,0.0,0,False,2026-06-05 12:45:26,,,,,,,,,,,,,,,,,,,,,,,,,,,,,,,,,False,
INE087A01019,KESORAMIND,KESORAM INDS.,Cement & Cement Products,True,DISTRESS,Altman Z = -1.72 (bankruptcy zone),0,0,,0,0,0,AVOID,,0,False,False,0%,,CAUTION,OTHER,,,,,0.0,,,,,,,,,0.0,Fresh,,,,,0.0,0,False,2026-06-05 12:45:26,,,,,,,,,,,,,,,,,,,,,,,,,,,,,,,,,False,
INE717A01029,KENNAMET,KENNAMETAL INDIA,Industrial Manufacturing,False,LIQUIDITY,"Avg 20d vol 11,627 < 50K shares/day (micro-illiquid)",0,0,,0,0,0,AVOID,,0,False,False,0%,,CAUTION,OTHER,,,,,0.0,,,,,,,,,0.0,Fresh,,,,,0.0,0,False,2026-06-05 12:45:26,,,,,,,,,,,,,,,,,,,,,,,,,,,,,,,,,False,
INE411F01010,KAMAHOLD,NAN,nan,False,LIQUIDITY,"Avg 20d vol 3,347 < 50K shares/day (micro-illiquid)",0,0,,0,0,0,AVOID,,0,False,False,0%,,CAUTION,OTHER,,,,,0.0,,,,,,,,,0.0,Fresh,,,,,0.0,0,False,2026-06-05 12:45:26,,,,,,,,,,,,,,,,,,,,,,,,,,,,,,,,,False,
INE055C01020,KEEPLEARN,DSJ KEEP LEARN,Other Consumer Services,True,DISTRESS,Altman Z = -1.01 (bankruptcy zone),0,0,,0,0,0,AVOID,,0,False,False,0%,,CAUTION,OTHER,,,,,0.0,,,,,,,,,0.0,Fresh,,,,,0.0,0,False,2026-06-05 12:45:26,,,,,,,,,,,,,,,,,,,,,,,,,,,,,,,,,False,
INE134B01017,KECL,KIRL. ELECTRIC,Electrical Equipment,True,DISTRESS,Altman Z = 0.31 (bankruptcy zone),0,0,,0,0,0,AVOID,,0,False,False,0%,,CAUTION,OTHER,,,,,0.0,,,,,,,,,0.0,Fresh,,,,,0.0,0,False,2026-06-05 12:45:26,,,,,,,,,,,,,,,,,,,,,,,,,,,,,,,,,False,9.0
INE0O4R01018,KDL,KORE DIGITAL,Telecom - Services,True,ILLIQUID,Avg daily traded value ₹27.6L < ₹50.0L,0,0,,0,0,0,AVOID,,0,False,False,0%,,CAUTION,OTHER,,,,,0.0,,,,,,,,,0.0,Fresh,,,,,0.0,0,False,2026-06-05 12:45:26,,,,,,,,,,,,,,,,,,,,,,,,,,,,,,,,,False,
INE790B01024,KCPSUGIND,KCP SUGAR &INDS.,Agricultural Food & other Products,True,ILLIQUID,Avg daily traded value ₹35.9L < ₹50.0L,0,0,,0,0,0,AVOID,,0,False,False,0%,,CAUTION,OTHER,,,,,0.0,,,,,,,,,0.0,Fresh,,,,,0.0,0,False,2026-06-05 12:45:26,,,,,,,,,,,,,,,,,,,,,,,,,,,,,,,,,False,
INE805C01028,KCP,K C P,Cement & Cement Products,False,,,0,0,,0,0,0,AVOID,,0,False,False,0%,,,,,,,,,,,,,,,,,,Fresh,,,,,,0,False,2026-06-05 12:45:26,,,,,,,,,,,,,,,,,,,,,,,,,,,,,,,,,False,
INE0J1E01027,KCK,KCK INDUSTRIES,Agricultural Food & other Products,True,ILLIQUID,Avg daily traded value ₹33.4L < ₹50.0L,0,0,,0,0,0,AVOID,,0,False,False,0%,,CAUTION,OTHER,,,,,0.0,,,,,,,,,0.0,Fresh,,,,,0.0,0,False,2026-06-05 12:45:26,,,,,,,,,,,,,,,,,,,,,,,,,,,,,,,,,False,
INE0OWX01025,KEL,KUNDAN EDIFICE,Consumer Durables,True,ILLIQUID,Avg daily traded value ₹6.6L < ₹50.0L,0,0,,0,0,0,AVOID,,0,False,False,0%,,CAUTION,CONSUMPTION,,,,,0.0,,,,,,,,,0.0,Fresh,,,,,0.0,0,False,2026-06-05 12:45:26,,,,,,,,,,,,,,,,,,,,,,,,,,,,,,,,,False,
INE437B01014,KAKATCEM,KAKATIYA CEMENT,Cement & Cement Products,True,CHRONIC_LOSSES,"NP negative 3 of 4 quarters, no turnaround signal",0,0,,0,0,0,AVOID,,0,False,False,0%,,CAUTION,OTHER,,,,,0.0,,,,,,,,,0.0,Fresh,,,,,0.0,0,False,2026-06-05 12:45:26,,,,,,,,,,,,,,,,,,,,,,,,,,,,,,,,,False,
INE900B01029,KABRAEXTRU,KABRA EXTRUSION,Industrial Manufacturing,True,CHRONIC_LOSSES,"NP negative 3 of 4 quarters, no turnaround signal",0,0,,0,0,0,AVOID,,0,False,False,0%,,CAUTION,OTHER,,,,,0.0,,,,,,,,,0.0,Fresh,,,,,0.0,0,False,2026-06-05 12:45:26,,,,,,,,,,,,,,,,,,,,,,,,,,,,,,,,,False,
INE0DEZ01013,K2INFRA,K2 INFRAGEN,Construction,True,ILLIQUID,Avg daily traded value ₹11.8L < ₹50.0L,0,0,,0,0,0,AVOID,,0,False,False,0%,,CAUTION,OTHER,,,,,0.0,,,,,,,,,0.0,Fresh,,,,,0.0,0,False,2026-06-05 12:45:26,,,,,,,,,,,,,,,,,,,,,,,,,,,,,,,,,False,
INE197A01024,JYOTISTRUC,JYOTI STRUCTURES,Electrical Equipment,True,DISTRESS,Altman Z = 0.47 (bankruptcy zone),0,0,,0,0,0,AVOID,,0,False,False,0%,,CAUTION,OTHER,,,,,0.0,,,,,,,,,0.0,Fresh,,,,,0.0,0,False,2026-06-05 12:45:26,,,,,,,,,,,,,,,,,,,,,,,,,,,,,,,,,False,34.0
INE314G01014,KALYANIFRG,KALYANI FORGE,Industrial Products,True,ILLIQUID,Avg daily traded value ₹7.5L < ₹50.0L,0,0,,0,0,0,AVOID,,0,False,False,0%,,CAUTION,OTHER,,,,,0.0,,,,,,,,,0.0,Fresh,,,,,0.0,0,False,2026-06-05 12:45:26,,,,,,,,,,,,,,,,,,,,,,,,,,,,,,,,,False,15.0
INE0BY001018,JUBLINGREA,JUBILANT INGREV.,Chemicals & Petrochemicals,False,,,0,0,,0,0,0,AVOID,,0,False,False,0%,,,,,,,,,,,,,,,,,,Fresh,,,,,,0,False,2026-06-05 12:45:26,,,,,,,,,,,,,,,,,,,,,,,,,,,,,,,,,False,
INE797F01020,JUBLFOOD,JUBILANT FOOD.,Leisure Services,False,,,0,0,,0,0,0,AVOID,,0,False,False,0%,,,,,,,,,,,,,,,,,,Fresh,,,,,,0,False,2026-06-05 12:45:26,,,,,,,,,,,,,,,,,,,,,,,,,,,,,,,,,False,
INE03CC01015,JUBLCPL,JUBILANT AGRI,Chemicals & Petrochemicals,False,LIQUIDITY,"Avg 20d vol 6,051 < 50K shares/day (micro-illiquid)",0,0,,0,0,0,AVOID,,0,False,False,0%,,CAUTION,OTHER,,,,,0.0,,,,,,,,,0.0,Fresh,,,,,0.0,0,False,2026-06-05 12:45:26,,,,,,,,,,,,,,,,,,,,,,,,,,,,,,,,,False,
INE824G01012,JSWHL,JSW HOLDINGS,Finance,False,LIQUIDITY,"Avg 20d vol 3,702 < 50K shares/day (micro-illiquid)",0,0,,0,0,0,AVOID,,0,False,False,0%,,CAUTION,FINANCIALS,,,,,0.0,,,,,,,,,0.0,Fresh,,,,,0.0,0,False,2026-06-05 12:45:26,,,,,,,,,,,,,,,,,,,,,,,,,,,,,,,,,False,
INE133A01011,JSWDULUX,NAN,nan,False,LIQUIDITY,"Avg 20d vol 43,406 < 50K shares/day (micro-illiquid)",0,0,,0,0,0,AVOID,,0,False,False,0%,,CAUTION,OTHER,,,,,0.0,,,,,,,,,0.0,Fresh,,,,,0.0,0,False,2026-06-05 12:45:26,,,,,,,,,,,,,,,,,,,,,,,,,,,,,,,,,False,24.0
INE060B01014,KHANDSE,KHANDWALA SEC.,Capital Markets,True,CHRONIC_LOSSES,"NP negative 3 of 4 quarters, no turnaround signal",0,0,,0,0,0,AVOID,,0,False,False,0%,,CAUTION,FINANCIALS,,,,,0.0,,,,,,,,,0.0,Fresh,,,,,0.0,0,False,2026-06-05 12:45:26,,,,,,,,,,,,,,,,,,,,,,,,,,,,,,,,,False,57.0
INE00UG01014,KHFM,KHFM HOSPITALITY,Commercial Services & Supplies,True,ILLIQUID,Avg daily traded value ₹2.4L < ₹50.0L,0,0,,0,0,0,AVOID,,0,False,False,0%,,CAUTION,OTHER,,,,,0.0,,,,,,,,,0.0,Fresh,,,,,0.0,0,False,2026-06-05 12:45:26,,,,,,,,,,,,,,,,,,,,,,,,,,,,,,,,,False,
INE798K01010,KRITINUT,KRITI NUTRIENTS,Agricultural Food & other Products,True,ILLIQUID,Avg daily traded value ₹16.0L < ₹50.0L,0,0,,0,0,0,AVOID,,0,False,False,0%,,CAUTION,OTHER,,,,,0.0,,,,,,,,,0.0,Fresh,,,,,0.0,0,False,2026-06-05 12:45:26,,,,,,,,,,,,,,,,,,,,,,,,,,,,,,,,,False,36.0
INE00Z501029,KRITIKA,KRITIKA WIRES,Industrial Products,True,ILLIQUID,Avg daily traded value ₹7.4L < ₹50.0L,0,0,,0,0,0,AVOID,,0,False,False,0%,,CAUTION,OTHER,,,,,0.0,,,,,,,,,0.0,Fresh,,,,,0.0,0,False,2026-06-05 12:45:26,,,,,,,,,,,,,,,,,,,,,,,,,,,,,,,,,False,
INE479D01038,KRITI,KRITI INDUSTRIES,Industrial Products,True,CHRONIC_LOSSES,"NP negative 3 of 4 quarters, no turnaround signal",0,0,,0,0,0,AVOID,,0,False,False,0%,,CAUTION,OTHER,,,,,0.0,,,,,,,,,0.0,Fresh,,,,,0.0,0,False,2026-06-05 12:45:26,,,,,,,,,,,,,,,,,,,,,,,,,,,,,,,,,False,30.0
INE0ATZ01017,KRONOX,KRONOX LAB,Chemicals & Petrochemicals,False,LIQUIDITY,"Avg 20d vol 45,466 < 50K shares/day (micro-illiquid)",0,0,,0,0,0,AVOID,,0,False,False,0%,,CAUTION,OTHER,,,,,0.0,,,,,,,,,0.0,Fresh,,,,,0.0,0,False,2026-06-05 12:45:26,,,,,,,,,,,,,,,,,,,,,,,,,,,,,,,,,False,
INE013801027,KSHITIJPOL,KSHITIJ POLYLINE,Chemicals & Petrochemicals,False,LIQUIDITY,MCap ₹31Cr < ₹50Cr (nano-cap — not investable),0,0,,0,0,0,AVOID,,0,False,False,0%,,CAUTION,OTHER,,,,,0.0,,,,,,,,,0.0,Fresh,,,,,0.0,0,False,2026-06-05 12:45:26,,,,,,,,,,,,,,,,,,,,,,,,,,,,,,,,,False,
INE0QN801017,KRYSTAL,KRYSTAL INTEGRAT,Commercial Services & Supplies,False,LIQUIDITY,"Avg 20d vol 38,821 < 50K shares/day (micro-illiquid)",0,0,,0,0,0,AVOID,,0,False,False,0%,,CAUTION,OTHER,,,,,0.0,,,,,,,,,0.0,Fresh,,,,,0.0,0,False,2026-06-05 12:45:26,,,,,,,,,,,,,,,,,,,,,,,,,,,,,,,,,False,
INE0GGO01015,KRISHIVAL,KRISHIVAL FOODS,Food Products,True,ILLIQUID,Avg daily traded value ₹18.4L < ₹50.0L,0,0,,0,0,0,AVOID,,0,False,False,0%,,CAUTION,OTHER,,,,,0.0,,,,,,,,,0.0,Fresh,,,,,0.0,0,False,2026-06-05 12:45:26,,,,,,,,,,,,,,,,,,,,,,,,,,,,,,,,,False,
INE0NR701018,KRISHCA,KRISHCA STRAPP.,Industrial Products,False,LIQUIDITY,"Avg 20d vol 36,600 < 50K shares/day (micro-illiquid)",0,0,,0,0,0,AVOID,,0,False,False,0%,,CAUTION,OTHER,,,,,0.0,,,,,,,,,0.0,Fresh,,,,,0.0,0,False,2026-06-05 12:45:26,,,,,,,,,,,,,,,,,,,,,,,,,,,,,,,,,False,
INE524L01026,KRIDHANINF,KRIDHAN INFRA,Construction,True,DISTRESS,Altman Z = -34.31 (bankruptcy zone),0,0,,0,0,0,AVOID,,0,False,False,0%,,CAUTION,OTHER,,,,,0.0,,,,,,,,,0.0,Fresh,,,,,0.0,0,False,2026-06-05 12:45:26,,,,,,,,,,,,,,,,,,,,,,,,,,,,,,,,,False,
INE268B01013,KREBSBIO,KREBS BIOCHEM,Pharmaceuticals & Biotechnology,True,DISTRESS,Altman Z = -3.08 (bankruptcy zone),0,0,,0,0,0,AVOID,,0,False,False,0%,,CAUTION,OTHER,,,,,0.0,,,,,,,,,0.0,Fresh,,,,,0.0,0,False,2026-06-05 12:45:26,,,,,,,,,,,,,,,,,,,,,,,,,,,,,,,,,False,
INE0KNW01016,KNAGRI,KN AGRI RESOURCE,Agricultural Food & other Products,True,ILLIQUID,Avg daily traded value ₹37.4L < ₹50.0L,0,0,,0,0,0,AVOID,,0,False,False,0%,,CAUTION,OTHER,,,,,0.0,,,,,,,,,0.0,Fresh,,,,,0.0,0,False,2026-06-05 12:45:26,,,,,,,,,,,,,,,,,,,,,,,,,,,,,,,,,False,
INE157H01023,KMSUGAR,KM SUGAR MILLS,Agricultural Food & other Products,True,ILLIQUID,Avg daily traded value ₹29.3L < ₹50.0L,0,0,,0,0,0,AVOID,,0,False,False,0%,,CAUTION,OTHER,,,,,0.0,,,,,,,,,0.0,Fresh,,,,,0.0,0,False,2026-06-05 12:45:26,,,,,,,,,,,,,,,,,,,,,,,,,,,,,,,,,False,17.0
INE0Q2V01012,KLL,KAUSHALYA,Retailing,True,ILLIQUID,Avg daily traded value ₹4.2L < ₹50.0L,0,0,,0,0,0,AVOID,,0,False,False,0%,,CAUTION,OTHER,,,,,0.0,,,,,,,,,0.0,Fresh,,,,,0.0,0,False,2026-06-05 12:45:26,,,,,,,,,,,,,,,,,,,,,,,,,,,,,,,,,False,
INE401H01017,KKCL,KEWAL KIR.CLOTH.,Textiles & Apparels,False,LIQUIDITY,"Avg 20d vol 23,736 < 50K shares/day (micro-illiquid)",0,0,,0,0,0,AVOID,,0,False,False,0%,,CAUTION,OTHER,,,,,0.0,,,,,,,,,0.0,Fresh,,,,,0.0,0,False,2026-06-05 12:45:26,,,,,,,,,,,,,,,,,,,,,,,,,,,,,,,,,False,25.0
INE250A01039,KIRLOSIND,KIRLOSKAR INDUS.,Industrial Products,False,,,0,0,,0,0,0,AVOID,,0,False,False,0%,,,,,,,,,,,,,,,,,,Fresh,,,,,,0,False,2026-06-05 12:45:26,,,,,,,,,,,,,,,,,,,,,,,,,,,,,,,,,False,
INE884B01025,KIRLFER,KIRL. FERROUS,Ferrous Metals,False,,,0,0,,0,0,0,AVOID,,0,False,False,0%,,,,,,,,,,,,,,,,,,Fresh,,,,,,0,False,2026-06-05 12:45:26,,,,,,,,,,,,,,,,,,,,,,,,,,,,,,,,,False,
INE415I01015,KIRIINDUS,KIRI INDUSTRIES,Chemicals & Petrochemicals,False,,,0,0,,0,0,0,AVOID,,0,False,False,0%,,,,,,,,,,,,,,,,,,Fresh,,,,,,0,False,2026-06-05 12:45:26,,,,,,,,,,,,,,,,,,,,,,,,,,,,,,,,,False,
INE555P01013,KIRANVYPAR,NAN,nan,True,ILLIQUID,Avg daily traded value ₹17.4L < ₹50.0L,0,0,,0,0,0,AVOID,,0,False,False,0%,,CAUTION,OTHER,,,,,0.0,,,,,,,,,0.0,Fresh,,,,,0.0,0,False,2026-06-05 12:45:26,,,,,,,,,,,,,,,,,,,,,,,,,,,,,,,,,False,9.0
INE880L01014,KIOCL,KIOCL,Ferrous Metals,False,,,0,0,,0,0,0,AVOID,,0,False,False,0%,,,,,,,,,,,,,,,,,,Fresh,,,,,,0,False,2026-06-05 12:45:26,,,,,,,,,,,,,,,,,,,,,,,,,,,,,,,,,False,
INE0Q7P01013,KODYTECH,KODY TECHNOLAB,IT - Software,True,ILLIQUID,Avg daily traded value ₹40.0L < ₹50.0L,0,0,,0,0,0,AVOID,,0,False,False,0%,,CAUTION,OTHER,,,,,0.0,,,,,,,,,0.0,Fresh,,,,,0.0,0,False,2026-06-05 12:45:26,,,,,,,,,,,,,,,,,,,,,,,,,,,,,,,,,False,
INE080B01012,KOHINOOR,KOHINOOR FOODS,Agricultural Food & other Products,True,CHRONIC_LOSSES,"NP negative 3 of 4 quarters, no turnaround signal",0,0,,0,0,0,AVOID,,0,False,False,0%,,CAUTION,OTHER,,,,,0.0,,,,,,,,,0.0,Fresh,,,,,0.0,0,False,2026-06-05 12:45:26,,,,,,,,,,,,,,,,,,,,,,,,,,,,,,,,,False,
INE760A01029,KOKUYOCMLN,KOKUYO CAMLIN,Household Products,True,ILLIQUID,Avg daily traded value ₹32.5L < ₹50.0L,0,0,,0,0,0,AVOID,,0,False,False,0%,,CAUTION,OTHER,,,,,0.0,,,,,,,,,0.0,Fresh,,,,,0.0,0,False,2026-06-05 12:45:26,,,,,,,,,,,,,,,,,,,,,,,,,,,,,,,,,False,17.0
INE177F01017,KOVAI,KOVAI MEDICAL,Healthcare Services,False,LIQUIDITY,"Avg 20d vol 4,210 < 50K shares/day (micro-illiquid)",0,0,,0,0,0,AVOID,,0,False,False,0%,,CAUTION,OTHER,,,,,0.0,,,,,,,,,0.0,Fresh,,,,,0.0,0,False,2026-06-05 12:45:26,,,,,,,,,,,,,,,,,,,,,,,,,,,,,,,,,False,11.0
INE972A01020,KOTIC,NAN,nan,True,ILLIQUID,Avg daily traded value ₹6.7L < ₹50.0L,0,0,,0,0,0,AVOID,,0,False,False,0%,,CAUTION,OTHER,,,,,0.0,,,,,,,,,0.0,Fresh,,,,,0.0,0,False,2026-06-05 12:45:26,,,,,,,,,,,,,,,,,,,,,,,,,,,,,,,,,False,
INE823A01017,KOTHARIPRO,KOTHARI PRODUCTS,Commercial Services & Supplies,True,ILLIQUID,Avg daily traded value ₹7.9L < ₹50.0L,0,0,,0,0,0,AVOID,,0,False,False,0%,,CAUTION,OTHER,,,,,0.0,,,,,,,,,0.0,Fresh,,,,,0.0,0,False,2026-06-05 12:45:26,,,,,,,,,,,,,,,,,,,,,,,,,,,,,,,,,False,
INE419A01022,KOTARISUG,KOTHARI SUGARS,Agricultural Food & other Products,True,ILLIQUID,Avg daily traded value ₹8.3L < ₹50.0L,0,0,,0,0,0,AVOID,,0,False,False,0%,,CAUTION,OTHER,,,,,0.0,,,,,,,,,0.0,Fresh,,,,,0.0,0,False,2026-06-05 12:45:26,,,,,,,,,,,,,,,,,,,,,,,,,,,,,,,,,False,
INE0J6801010,KORE,JAY JALARAM TECH,Retailing,True,ILLIQUID,Avg daily traded value ₹4.5L < ₹50.0L,0,0,,0,0,0,AVOID,,0,False,False,0%,,CAUTION,OTHER,,,,,0.0,,,,,,,,,0.0,Fresh,,,,,0.0,0,False,2026-06-05 12:45:26,,,,,,,,,,,,,,,,,,,,,,,,,,,,,,,,,False,
INE082A01010,KOPRAN,KOPRAN,Pharmaceuticals & Biotechnology,False,,,0,0,,0,0,0,AVOID,,0,False,False,0%,,,,,,,,,,,,,,,,,,Fresh,,,,,,0,False,2026-06-05 12:45:26,,,,,,,,,,,,,,,,,,,,,,,,,,,,,,,,,False,
INE0KZ301010,KONTOR,KONTOR SPACE,Commercial Services & Supplies,True,ILLIQUID,Avg daily traded value ₹9.4L < ₹50.0L,0,0,,0,0,0,AVOID,,0,False,False,0%,,CAUTION,OTHER,,,,,0.0,,,,,,,,,0.0,Fresh,,,,,0.0,0,False,2026-06-05 12:45:27,,,,,,,,,,,,,,,,,,,,,,,,,,,,,,,,,False,
INE0QEI01011,KONSTELEC,KONSTELEC ENGG.,Construction,True,ILLIQUID,Avg daily traded value ₹2.2L < ₹50.0L,0,0,,0,0,0,AVOID,,0,False,False,0%,,CAUTION,OTHER,,,,,0.0,,,,,,,,,0.0,Fresh,,,,,0.0,0,False,2026-06-05 12:45:27,,,,,,,,,,,,,,,,,,,,,,,,,,,,,,,,,False,
INE029L01018,KICL,KALYANI INVEST.,Finance,False,LIQUIDITY,"Avg 20d vol 1,477 < 50K shares/day (micro-illiquid)",0,0,,0,0,0,AVOID,,0,False,False,0%,,CAUTION,FINANCIALS,,,,,0.0,,,,,,,,,0.0,Fresh,,,,,0.0,0,False,2026-06-05 12:45:27,,,,,,,,,,,,,,,,,,,,,,,,,,,,,,,,,False,51.0
INE02EE01019,IPSL,INTEGRATED PERSO,Commercial Services & Supplies,True,ILLIQUID,Avg daily traded value ₹17.4L < ₹50.0L,0,0,,0,0,0,AVOID,,0,False,False,0%,,CAUTION,OTHER,,,,,0.0,,,,,,,,,0.0,Fresh,,,,,0.0,0,False,2026-06-05 12:45:27,,,,,,,,,,,,,,,,,,,,,,,,,,,,,,,,,False,
INE0D6701023,IPL,INDIA PESTICIDES,Fertilizers & Agrochemicals,False,,,0,0,,0,0,0,AVOID,,0,False,False,0%,,,,,,,,,,,,,,,,,,Fresh,,,,,,0,False,2026-06-05 12:45:27,,,,,,,,,,,,,,,,,,,,,,,,,,,,,,,,,False,11.0
INE155E01016,INVPRECQ,NAN,nan,True,ILLIQUID,Avg daily traded value ₹19.2L < ₹50.0L,0,0,,0,0,0,AVOID,,0,False,False,0%,,CAUTION,OTHER,,,,,0.0,,,,,,,,,0.0,Fresh,,,,,0.0,0,False,2026-06-05 12:45:27,,,,,,,,,,,,,,,,,,,,,,,,,,,,,,,,,False,
INE0R7R01018,ITALIANE,ITALIAN EDIBLES,Food Products,True,ILLIQUID,Avg daily traded value ₹1.2L < ₹50.0L,0,0,,0,0,0,AVOID,,0,False,False,0%,,CAUTION,OTHER,,,,,0.0,,,,,,,,,0.0,Fresh,,,,,0.0,0,False,2026-06-05 12:45:27,,,,,,,,,,,,,,,,,,,,,,,,,,,,,,,,,False,
INE561M01018,ISHANCH,ISHAN DYES,Chemicals & Petrochemicals,True,CHRONIC_LOSSES,"NP negative 3 of 4 quarters, no turnaround signal",0,0,,0,0,0,AVOID,,0,False,False,0%,,CAUTION,OTHER,,,,,0.0,,,,,,,,,0.0,Fresh,,,,,0.0,0,False,2026-06-05 12:45:27,,,,,,,,,,,,,,,,,,,,,,,,,,,,,,,,,False,
INE0LCW01025,ISHAN,ISHAN INTERNAT.,Industrial Manufacturing,True,ILLIQUID,Avg daily traded value ₹0.5L < ₹50.0L,0,0,,0,0,0,AVOID,,0,False,False,0%,,CAUTION,OTHER,,,,,0.0,,,,,,,,,0.0,Fresh,,,,,0.0,0,False,2026-06-05 12:45:27,,,,,,,,,,,,,,,,,,,,,,,,,,,,,,,,,False,
INE07U701015,IRMENERGY,IRM ENERGY,Gas,False,,,0,0,,0,0,0,AVOID,,0,False,False,0%,,,,,,,,,,,,,,,,,,Fresh,,,,,,0,False,2026-06-05 12:45:27,,,,,,,,,,,,,,,,,,,,,,,,,,,,,,,,,False,27.0
INE864K01010,IRIS,IRIS REGTECH SOLUTIONS,IT - Software,False,LIQUIDITY,"Avg 20d vol 26,620 < 50K shares/day (micro-illiquid)",0,0,,0,0,0,AVOID,,0,False,False,0%,,CAUTION,OTHER,,,,,0.0,,,,,,,,,0.0,Fresh,,,,,0.0,0,False,2026-06-05 12:45:27,,,,,,,,,,,,,,,,,,,,,,,,,,,,,,,,,False,
INE566K01011,ISFT,INTRASOFT TECH.,Retailing,True,ILLIQUID,Avg daily traded value ₹16.2L < ₹50.0L,0,0,,0,0,0,AVOID,,0,False,False,0%,,CAUTION,OTHER,,,,,0.0,,,,,,,,,0.0,Fresh,,,,,0.0,0,False,2026-06-05 12:45:27,,,,,,,,,,,,,,,,,,,,,,,,,,,,,,,,,False,
INE878H01024,INVENTURE,INVENTURE GROW.,Capital Markets,True,ILLIQUID,Avg daily traded value ₹8.8L < ₹50.0L,0,0,,0,0,0,AVOID,,0,False,False,0%,,CAUTION,FINANCIALS,,,,,0.0,,,,,,,,,0.0,Fresh,,,,,0.0,0,False,2026-06-05 12:45:27,,,,,,,,,,,,,,,,,,,,,,,,,,,,,,,,,False,
INE575C01027,INTLCONV,INTL. CONVEYORS,Industrial Manufacturing,True,ILLIQUID,Avg daily traded value ₹46.1L < ₹50.0L,0,0,,0,0,0,AVOID,,0,False,False,0%,,CAUTION,OTHER,,,,,0.0,,,,,,,,,0.0,Fresh,,,,,0.0,0,False,2026-06-05 12:45:27,,,,,,,,,,,,,,,,,,,,,,,,,,,,,,,,,False,15.0
INE0OPC01015,INM,INTERIORS & MORE,Consumer Durables,True,ILLIQUID,Avg daily traded value ₹11.1L < ₹50.0L,0,0,,0,0,0,AVOID,,0,False,False,0%,,CAUTION,CONSUMPTION,,,,,0.0,,,,,,,,,0.0,Fresh,,,,,0.0,0,False,2026-06-05 12:45:27,,,,,,,,,,,,,,,,,,,,,,,,,,,,,,,,,False,
INE177A01018,INGERRAND,INGERSOLL-RAND,Industrial Products,False,LIQUIDITY,"Avg 20d vol 25,483 < 50K shares/day (micro-illiquid)",0,0,,0,0,0,AVOID,,0,False,False,0%,,CAUTION,OTHER,,,,,0.0,,,,,,,,,0.0,Fresh,,,,,0.0,0,False,2026-06-05 12:45:27,,,,,,,,,,,,,,,,,,,,,,,,,,,,,,,,,False,
INE403Y01018,INNOVANA,INNOVANA THINK.,IT - Software,True,ILLIQUID,Avg daily traded value ₹19.7L < ₹50.0L,0,0,,0,0,0,AVOID,,0,False,False,0%,,CAUTION,OTHER,,,,,0.0,,,,,,,,,0.0,Fresh,,,,,0.0,0,False,2026-06-05 12:45:27,,,,,,,,,,,,,,,,,,,,,,,,,,,,,,,,,False,15.0
INE070I01018,INSECTICID,INSECTICID.INDIA,Fertilizers & Agrochemicals,False,LIQUIDITY,"Avg 20d vol 29,397 < 50K shares/day (micro-illiquid)",0,0,,0,0,0,AVOID,,0,False,False,0%,,CAUTION,OTHER,,,,,0.0,,,,,,,,,0.0,Fresh,,,,,0.0,0,False,2026-06-05 12:45:27,,,,,,,,,,,,,,,,,,,,,,,,,,,,,,,,,False,
INE020G01017,INSPIRISYS,INSPIRISYS SOL.,IT - Services,False,LIQUIDITY,"Avg 20d vol 44,605 < 50K shares/day (micro-illiquid)",0,0,,0,0,0,AVOID,,0,False,False,0%,,CAUTION,OTHER,,,,,0.0,,,,,,,,,0.0,Fresh,,,,,0.0,0,False,2026-06-05 12:45:27,,,,,,,,,,,,,,,,,,,,,,,,,,,,,,,,,False,
INE0N5H01017,JIWANRAM,JIWANRAM SHEO,Industrial Products,True,ILLIQUID,Avg daily traded value ₹0.7L < ₹50.0L,0,0,,0,0,0,AVOID,,0,False,False,0%,,CAUTION,OTHER,,,,,0.0,,,,,,,,,0.0,Fresh,,,,,0.0,0,False,2026-06-05 12:45:27,,,,,,,,,,,,,,,,,,,,,,,,,,,,,,,,,False,
INE863T01013,JITFINFRA,JITF INFRA LOGIS,Other Utilities,True,DISTRESS,Altman Z = 0.80 (bankruptcy zone),0,0,,0,0,0,AVOID,,0,False,False,0%,,CAUTION,OTHER,,,,,0.0,,,,,,,,,0.0,Fresh,,,,,0.0,0,False,2026-06-05 12:45:27,,,,,,,,,,,,,,,,,,,,,,,,,,,,,,,,,False,
INE175A01038,JISLJALEQS,JAIN IRRIGATION,Industrial Products,False,,,0,0,,0,0,0,AVOID,,0,False,False,0%,,,,,,,,,,,,,,,,,,Fresh,,,,,,0,False,2026-06-05 12:45:27,,,,,,,,,,,,,,,,,,,,,,,,,,,,,,,,,False,
IN9175A01010,JISLDVREQS,JAIN IRRIGAT-DVR,Industrial Products,True,ILLIQUID,Avg daily traded value ₹6.5L < ₹50.0L,0,0,,0,0,0,AVOID,,0,False,False,0%,,CAUTION,OTHER,,,,,0.0,,,,,,,,,0.0,Fresh,,,,,0.0,0,False,2026-06-05 12:45:27,,,,,,,,,,,,,,,,,,,,,,,,,,,,,,,,,False,
INE247D01039,JINDWORLD,JINDAL WORLDWIDE,Textiles & Apparels,False,,,0,0,,0,0,0,AVOID,,0,False,False,0%,,,,,,,,,,,,,,,,,,Fresh,,,,,,0,False,2026-06-05 12:45:27,,,,,,,,,,,,,,,,,,,,,,,,,,,,,,,,,False,
INE197D01010,JINDALPOLY,JINDAL POLY FILM,Industrial Products,False,LIQUIDITY,"Avg 20d vol 17,807 < 50K shares/day (micro-illiquid)",0,0,,0,0,0,AVOID,,0,False,False,0%,,CAUTION,OTHER,,,,,0.0,,,,,,,,,0.0,Fresh,,,,,0.0,0,False,2026-06-05 12:45:27,,,,,,,,,,,,,,,,,,,,,,,,,,,,,,,,,False,
INE796G01012,JINDALPHOT,JINDAL PHOTO,Finance,False,LIQUIDITY,"Avg 20d vol 5,809 < 50K shares/day (micro-illiquid)",0,0,,0,0,0,AVOID,,0,False,False,0%,,CAUTION,FINANCIALS,,,,,0.0,,,,,,,,,0.0,Fresh,,,,,0.0,0,False,2026-06-05 12:45:27,,,,,,,,,,,,,,,,,,,,,,,,,,,,,,,,,False,
INE544H01014,JHS,JHS SVEN.LAB.,Personal Products,True,ILLIQUID,Avg daily traded value ₹5.6L < ₹50.0L,0,0,,0,0,0,AVOID,,0,False,False,0%,,CAUTION,OTHER,,,,,0.0,,,,,,,,,0.0,Fresh,,,,,0.0,0,False,2026-06-05 12:45:27,,,,,,,,,,,,,,,,,,,,,,,,,,,,,,,,,False,
INE0LA901015,JFLLIFE,JFL LIFE,Pharmaceuticals & Biotechnology,True,ILLIQUID,Avg daily traded value ₹1.4L < ₹50.0L,0,0,,0,0,0,AVOID,,0,False,False,0%,,CAUTION,OTHER,,,,,0.0,,,,,,,,,0.0,Fresh,,,,,0.0,0,False,2026-06-05 12:45:27,,,,,,,,,,,,,,,,,,,,,,,,,,,,,,,,,False,
INE364A01020,JAYSREETEA,JAY SHREE TEA,Agricultural Food & other Products,True,ILLIQUID,Avg daily traded value ₹32.3L < ₹50.0L,0,0,,0,0,0,AVOID,,0,False,False,0%,,CAUTION,OTHER,,,,,0.0,,,,,,,,,0.0,Fresh,,,,,0.0,0,False,2026-06-05 12:45:27,,,,,,,,,,,,,,,,,,,,,,,,,,,,,,,,,False,
INE854B01010,JAYNECOIND,JAYASWAL NECO,Industrial Products,False,,,0,0,,0,0,0,AVOID,,0,False,False,0%,,,,,,,,,,,,,,,,,,Fresh,,,,,,0,False,2026-06-05 12:45:27,,,,,,,,,,,,,,,,,,,,,,,,,,,,,,,,,False,
INE1FF001016,JKIPL,JINKUSHAL INDUS.,"Agricultural, Commercial & Construction Vehicles",True,ILLIQUID,Avg daily traded value ₹15.7L < ₹50.0L,0,0,,0,0,0,AVOID,,0,False,False,0%,,CAUTION,OTHER,,,,,0.0,,,,,,,,,0.0,Fresh,,,,,0.0,0,False,2026-06-05 12:45:27,,,,,,,,,,,,,,,,,,,,,,,,,,,,,,,,,False,45.0
INE786A01032,JKLAKSHMI,JK LAKSHMI CEM.,Cement & Cement Products,False,,,0,0,,0,0,0,AVOID,,0,False,False,0%,,,,,,,,,,,,,,,,,,Fresh,,,,,,0,False,2026-06-05 12:45:27,,,,,,,,,,,,,,,,,,,,,,,,,,,,,,,,,False,
INE903A01025,JAYKAY,JAYKAY ENTER.,Aerospace & Defense,False,,,0,0,,0,0,0,AVOID,,0,False,False,0%,,,,,,,,,,,,,,,,,,Fresh,,,,,,0,False,2026-06-05 12:45:27,,,,,,,,,,,,,,,,,,,,,,,,,,,,,,,,,False,53.0
INE839G01010,JOCIL,JOCIL,Chemicals & Petrochemicals,True,ILLIQUID,Avg daily traded value ₹29.7L < ₹50.0L,0,0,,0,0,0,AVOID,,0,False,False,0%,,CAUTION,OTHER,,,,,0.0,,,,,,,,,0.0,Fresh,,,,,0.0,0,False,2026-06-05 12:45:27,,,,,,,,,,,,,,,,,,,,,,,,,,,,,,,,,False,
INE780C01023,JMFINANCIL,JM FINANCIAL,Finance,False,,,0,0,,0,0,0,AVOID,,0,False,False,0%,,,,,,,,,,,,,,,,,,Fresh,,,,,,0,False,2026-06-05 12:45:27,,,,,,,,,,,,,,,,,,,,,,,,,,,,,,,,,False,
INE412C01023,JMA,JULLUNDUR MOTOR,Auto Components,True,ILLIQUID,Avg daily traded value ₹8.4L < ₹50.0L,0,0,,0,0,0,AVOID,,0,False,False,0%,,CAUTION,OTHER,,,,,0.0,,,,,,,,,0.0,Fresh,,,,,0.0,0,False,2026-06-05 12:45:27,,,,,,,,,,,,,,,,,,,,,,,,,,,,,,,,,False,
INE789E01012,JKPAPER,JK PAPER,"Paper, Forest & Jute Products",False,,,0,0,,0,0,0,AVOID,,0,False,False,0%,,,,,,,,,,,,,,,,,,Fresh,,,,,,0,False,2026-06-05 12:45:27,,,,,,,,,,,,,,,,,,,,,,,,,,,,,,,,,False,17.0
INE785A01026,JAYAGROGN,JAYANT AGRO ORG.,Chemicals & Petrochemicals,True,ILLIQUID,Avg daily traded value ₹39.1L < ₹50.0L,0,0,,0,0,0,AVOID,,0,False,False,0%,,CAUTION,OTHER,,,,,0.0,,,,,,,,,0.0,Fresh,,,,,0.0,0,False,2026-06-05 12:45:27,,,,,,,,,,,,,,,,,,,,,,,,,,,,,,,,,False,
INE349X01015,JALAN,JALAN TRANSOL.,Transport Services,True,DISTRESS,Altman Z = -270.58 (bankruptcy zone),0,0,,0,0,0,AVOID,,0,False,False,0%,,CAUTION,OTHER,,,,,0.0,,,,,,,,,0.0,Fresh,,,,,0.0,0,False,2026-06-05 12:45:27,,,,,,,,,,,,,,,,,,,,,,,,,,,,,,,,,False,
INE696V01013,JAIPURKURT,NANDANI CREATION,Textiles & Apparels,True,ILLIQUID,Avg daily traded value ₹4.1L < ₹50.0L,0,0,,0,0,0,AVOID,,0,False,False,0%,,CAUTION,OTHER,,,,,0.0,,,,,,,,,0.0,Fresh,,,,,0.0,0,False,2026-06-05 12:45:27,,,,,,,,,,,,,,,,,,,,,,,,,,,,,,,,,False,
INE02KC01010,JAINAM,JAINAM FERRO,Ferrous Metals,True,ILLIQUID,Avg daily traded value ₹7.3L < ₹50.0L,0,0,,0,0,0,AVOID,,0,False,False,0%,,CAUTION,OTHER,,,,,0.0,,,,,,,,,0.0,Fresh,,,,,0.0,0,False,2026-06-05 12:45:28,,,,,,,,,,,,,,,,,,,,,,,,,,,,,,,,,False,
INE199G01027,JAGRAN,JAGRAN PRAKASHAN,Media,False,,,0,0,,0,0,0,AVOID,,0,False,False,0%,,,,,,,,,,,,,,,,,,Fresh,,,,,,0,False,2026-06-05 12:45:28,,,,,,,,,,,,,,,,,,,,,,,,,,,,,,,,,False,
INE586E01020,IWP,NAN,nan,True,ILLIQUID,Avg daily traded value ₹2.0L < ₹50.0L,0,0,,0,0,0,AVOID,,0,False,False,0%,,CAUTION,OTHER,,,,,0.0,,,,,,,,,0.0,Fresh,,,,,0.0,0,False,2026-06-05 12:45:28,,,,,,,,,,,,,,,,,,,,,,,,,,,,,,,,,False,
INE043C01018,IVP,IVP,Chemicals & Petrochemicals,True,ILLIQUID,Avg daily traded value ₹45.1L < ₹50.0L,0,0,,0,0,0,AVOID,,0,False,False,0%,,CAUTION,OTHER,,,,,0.0,,,,,,,,,0.0,Fresh,,,,,0.0,0,False,2026-06-05 12:45:28,,,,,,,,,,,,,,,,,,,,,,,,,,,,,,,,,False,14.0
INE050B01023,IVC,IL&FS INV.MANAG.,Capital Markets,True,ILLIQUID,Avg daily traded value ₹14.4L < ₹50.0L,0,0,,0,0,0,AVOID,,0,False,False,0%,,CAUTION,FINANCIALS,,,,,0.0,,,,,,,,,0.0,Fresh,,,,,0.0,0,False,2026-06-05 12:45:28,,,,,,,,,,,,,,,,,,,,,,,,,,,,,,,,,False,
INE248A01017,ITI,ITI,Telecom -  Equipment & Accessories,True,CHRONIC_LOSSES,"NP negative 3 of 4 quarters, no turnaround signal",0,0,,0,0,0,AVOID,,0,False,False,0%,,CAUTION,OTHER,,,,,0.0,,,,,,,,,0.0,Fresh,,,,,0.0,0,False,2026-06-05 12:45:28,,,,,,,,,,,,,,,,,,,,,,,,,,,,,,,,,False,
INE973A01010,GOLDENTOBC,GOLDEN TOBACCO,Realty,True,DISTRESS,Altman Z = -4.89 (bankruptcy zone),0,0,,0,0,0,AVOID,,0,False,False,0%,,CAUTION,OTHER,,,,,0.0,,,,,,,,,0.0,Fresh,,,,,0.0,0,False,2026-06-05 12:45:28,,,,,,,,,,,,,,,,,,,,,,,,,,,,,,,,,False,
INE289B01019,GICHSGFIN,GIC HOUSING FIN,Finance,False,,,0,0,,0,0,0,AVOID,,0,False,False,0%,,,,,,,,,,,,,,,,,,Fresh,,,,,,0,False,2026-06-05 12:45:28,,,,,,,,,,,,,,,,,,,,,,,,,,,,,,,,,False,19.0
INE047B01011,GILLANDERS,GILLANDERS ARBUT,Agricultural Food & other Products,True,ILLIQUID,Avg daily traded value ₹9.2L < ₹50.0L,0,0,,0,0,0,AVOID,,0,False,False,0%,,CAUTION,OTHER,,,,,0.0,,,,,,,,,0.0,Fresh,,,,,0.0,0,False,2026-06-05 12:45:28,,,,,,,,,,,,,,,,,,,,,,,,,,,,,,,,,False,24.0
INE322A01010,GILLETTE,GILLETTE INDIA,Personal Products,False,LIQUIDITY,"Avg 20d vol 32,962 < 50K shares/day (micro-illiquid)",0,0,,0,0,0,AVOID,,0,False,False,0%,,CAUTION,OTHER,,,,,0.0,,,,,,,,,0.0,Fresh,,,,,0.0,0,False,2026-06-05 12:45:28,,,,,,,,,,,,,,,,,,,,,,,,,,,,,,,,,False,68.0
INE424C01010,GINNIFILA,GINNI FILAMENTS,Textiles & Apparels,True,ILLIQUID,Avg daily traded value ₹42.6L < ₹50.0L,0,0,,0,0,0,AVOID,,0,False,False,0%,,CAUTION,OTHER,,,,,0.0,,,,,,,,,0.0,Fresh,,,,,0.0,0,False,2026-06-05 12:45:28,,,,,,,,,,,,,,,,,,,,,,,,,,,,,,,,,False,
INE162A01010,GIPCL,GUJ INDS. POWER,Power,True,DISTRESS,Altman Z = 0.70 (bankruptcy zone),0,0,,0,0,0,AVOID,,0,False,False,0%,,CAUTION,OTHER,,,,,0.0,,,,,,,,,0.0,Fresh,,,,,0.0,0,False,2026-06-05 12:45:28,,,,,,,,,,,,,,,,,,,,,,,,,,,,,,,,,False,
INE020J01029,GOKUL,GOKUL REFOILS,Agricultural Food & other Products,False,,,0,0,,0,0,0,AVOID,,0,False,False,0%,,,,,,,,,,,,,,,,,,Fresh,,,,,,0,False,2026-06-05 12:45:28,,,,,,,,,,,,,,,,,,,,,,,,,,,,,,,,,False,
INE350Z01018,GLOSTERLTD,GLOSTER LTD,"Paper, Forest & Jute Products",True,DISTRESS,Altman Z = 0.96 (bankruptcy zone),0,0,,0,0,0,AVOID,,0,False,False,0%,,CAUTION,OTHER,,,,,0.0,,,,,,,,,0.0,Fresh,,,,,0.0,0,False,2026-06-05 12:45:28,,,,,,,,,,,,,,,,,,,,,,,,,,,,,,,,,False,11.0
INE615I01010,GLOBUSSPR,GLOBUS SPIRITS,Beverages,False,,,0,0,,0,0,0,AVOID,,0,False,False,0%,,,,,,,,,,,,,,,,,,Fresh,,,,,,0,False,2026-06-05 12:45:28,,,,,,,,,,,,,,,,,,,,,,,,,,,,,,,,,False,
INE0V3U01015,GLOBECIVIL,GLOBE CIVIL,Construction,True,ILLIQUID,Avg daily traded value ₹13.6L < ₹50.0L,0,0,,0,0,0,AVOID,,0,False,False,0%,,CAUTION,OTHER,,,,,0.0,,,,,,,,,0.0,Fresh,,,,,0.0,0,False,2026-06-05 12:45:28,,,,,,,,,,,,,,,,,,,,,,,,,,,,,,,,,False,
INE581X01021,GLOBE,GLOBE ENTERPRISES,Textiles & Apparels,True,ILLIQUID,Avg daily traded value ₹8.0L < ₹50.0L,0,0,,0,0,0,AVOID,,0,False,False,0%,,CAUTION,OTHER,,,,,0.0,,,,,,,,,0.0,Fresh,,,,,0.0,0,False,2026-06-05 12:45:28,,,,,,,,,,,,,,,,,,,,,,,,,,,,,,,,,False,
INE792H01019,GLOBALVECT,GLOBAL VECTRA,Transport Services,True,DISTRESS,Altman Z = 0.48 (bankruptcy zone),0,0,,0,0,0,AVOID,,0,False,False,0%,,CAUTION,OTHER,,,,,0.0,,,,,,,,,0.0,Fresh,,,,,0.0,0,False,2026-06-05 12:45:28,,,,,,,,,,,,,,,,,,,,,,,,,,,,,,,,,False,
INE0PS501019,GLOBALPET,GLOBAL PET INDUS,Industrial Manufacturing,True,ILLIQUID,Avg daily traded value ₹33.8L < ₹50.0L,0,0,,0,0,0,AVOID,,0,False,False,0%,,CAUTION,OTHER,,,,,0.0,,,,,,,,,0.0,Fresh,,,,,0.0,0,False,2026-06-05 12:45:28,,,,,,,,,,,,,,,,,,,,,,,,,,,,,,,,,False,
INE0URU01010,GLOBALE,GLOBALE TESSILE,Textiles & Apparels,True,CHRONIC_LOSSES,"NP negative 3 of 4 quarters, no turnaround signal",0,0,,0,0,0,AVOID,,0,False,False,0%,,CAUTION,OTHER,,,,,0.0,,,,,,,,,0.0,Fresh,,,,,0.0,0,False,2026-06-05 12:45:28,,,,,,,,,,,,,,,,,,,,,,,,,,,,,,,,,False,9.0
INE540A01017,GLFL,GUJ. LEASE FIN.,Finance,True,ILLIQUID,Avg daily traded value ₹0.1L < ₹50.0L,0,0,,0,0,0,AVOID,,0,False,False,0%,,CAUTION,FINANCIALS,,,,,0.0,,,,,,,,,0.0,Fresh,,,,,0.0,0,False,2026-06-05 12:45:28,,,,,,,,,,,,,,,,,,,,,,,,,,,,,,,,,False,
INE528A01020,GKWLIMITED,GKW,Finance,True,ILLIQUID,Avg daily traded value ₹4.2L < ₹50.0L,0,0,,0,0,0,AVOID,,0,False,False,0%,,CAUTION,FINANCIALS,,,,,0.0,,,,,,,,,0.0,Fresh,,,,,0.0,0,False,2026-06-05 12:45:28,,,,,,,,,,,,,,,,,,,,,,,,,,,,,,,,,False,
INE614Z01017,GIRIRAJ,GIRIRAJ CIVIL,Construction,True,ILLIQUID,Avg daily traded value ₹1.5L < ₹50.0L,0,0,,0,0,0,AVOID,,0,False,False,0%,,CAUTION,OTHER,,,,,0.0,,,,,,,,,0.0,Fresh,,,,,0.0,0,False,2026-06-05 12:45:28,,,,,,,,,,,,,,,,,,,,,,,,,,,,,,,,,False,
INE075D01018,GMBREW,G M BREWERIES,Beverages,False,LIQUIDITY,"Avg 20d vol 47,117 < 50K shares/day (micro-illiquid)",0,0,,0,0,0,AVOID,,0,False,False,0%,,CAUTION,CONSUMPTION,,,,,0.0,,,,,,,,,0.0,Fresh,,,,,0.0,0,False,2026-06-05 12:45:28,,,,,,,,,,,,,,,,,,,,,,,,,,,,,,,,,False,36.0
INE541A01023,GMMPFAUDLR,GMM PFAUDLER,Industrial Manufacturing,False,,,0,0,,0,0,0,AVOID,,0,False,False,0%,,,,,,,,,,,,,,,,,,Fresh,,,,,,0,False,2026-06-05 12:45:28,,,,,,,,,,,,,,,,,,,,,,,,,,,,,,,,,False,
INE233A01035,GODREJIND,GODREJ INDUSTRIE,Diversified,True,DISTRESS,Altman Z = 0.88 (bankruptcy zone),0,0,,0,0,0,AVOID,,0,False,False,0%,,CAUTION,OTHER,,,,,0.0,,,,,,,,,0.0,Fresh,,,,,0.0,0,False,2026-06-05 12:45:28,,,,,,,,,,,,,,,,,,,,,,,,,,,,,,,,,False,27.0
INE497S01012,GODAVARIB,GODAVARI BIOREF.,Diversified FMCG,False,,,0,0,,0,0,0,AVOID,,0,False,False,0%,,,,,,,,,,,,,,,,,,Fresh,,,,,,0,False,2026-06-05 12:45:28,,,,,,,,,,,,,,,,,,,,,,,,,,,,,,,,,False,
INE077F01035,GOCLCORP,GOCL CORPN.,Chemicals & Petrochemicals,False,,,0,0,,0,0,0,AVOID,,0,False,False,0%,,,,,,,,,,,,,,,,,,Fresh,,,,,,0,False,2026-06-05 12:45:28,,,,,,,,,,,,,,,,,,,,,,,,,,,,,,,,,False,
INE426D01013,GOACARBON,GOA CARBON,Minerals & Mining,True,CHRONIC_LOSSES,"NP negative 3 of 4 quarters, no turnaround signal",0,0,,0,0,0,AVOID,,0,False,False,0%,,CAUTION,OTHER,,,,,0.0,,,,,,,,,0.0,Fresh,,,,,0.0,0,False,2026-06-05 12:45:28,,,,,,,,,,,,,,,,,,,,,,,,,,,,,,,,,False,
INE113A01013,GNFC,G N F C,Chemicals & Petrochemicals,False,,,0,0,,0,0,0,AVOID,,0,False,False,0%,,,,,,,,,,,,,,,,,,Fresh,,,,,,0,False,2026-06-05 12:45:28,,,,,,,,,,,,,,,,,,,,,,,,,,,,,,,,,False,17.0
INE0CU601026,GMRP&UI,GMR URBAN,Power,True,DISTRESS,Altman Z = 0.48 (bankruptcy zone),0,0,,0,0,0,AVOID,,0,False,False,0%,,CAUTION,OTHER,,,,,0.0,,,,,,,,,0.0,Fresh,,,,,0.0,0,False,2026-06-05 12:45:28,,,,,,,,,,,,,,,,,,,,,,,,,,,,,,,,,False,
INE646C01018,GROBTEA,GROB TEA CO,Agricultural Food & other Products,True,ILLIQUID,Avg daily traded value ₹0.7L < ₹50.0L,0,0,,0,0,0,AVOID,,0,False,False,0%,,CAUTION,OTHER,,,,,0.0,,,,,,,,,0.0,Fresh,,,,,0.0,0,False,2026-06-05 12:45:28,,,,,,,,,,,,,,,,,,,,,,,,,,,,,,,,,False,
INE926B01016,GRANDOAK,NAN,nan,True,ILLIQUID,Avg daily traded value ₹1.1L < ₹50.0L,0,0,,0,0,0,AVOID,,0,False,False,0%,,CAUTION,OTHER,,,,,0.0,,,,,,,,,0.0,Fresh,,,,,0.0,0,False,2026-06-05 12:45:28,,,,,,,,,,,,,,,,,,,,,,,,,,,,,,,,,False,
INE361K01017,GRADIENTE,NAN,nan,True,ILLIQUID,Avg daily traded value ₹7.2L < ₹50.0L,0,0,,0,0,0,AVOID,,0,False,False,0%,,CAUTION,OTHER,,,,,0.0,,,,,,,,,0.0,Fresh,,,,,0.0,0,False,2026-06-05 12:45:28,,,,,,,,,,,,,,,,,,,,,,,,,,,,,,,,,False,
INE0QFE01017,GOYALSALT,GOYAL SALT,Food Products,True,ILLIQUID,Avg daily traded value ₹5.8L < ₹50.0L,0,0,,0,0,0,AVOID,,0,False,False,0%,,CAUTION,OTHER,,,,,0.0,,,,,,,,,0.0,Fresh,,,,,0.0,0,False,2026-06-05 12:45:28,,,,,,,,,,,,,,,,,,,,,,,,,,,,,,,,,False,
INE0L9R01028,GOPAL,GOPAL SNACKS,Food Products,False,,,0,0,,0,0,0,AVOID,,0,False,False,0%,,,,,,,,,,,,,,,,,,Fresh,,,,,,0,False,2026-06-05 12:45:28,,,,,,,,,,,,,,,,,,,,,,,,,,,,,,,,,False,46.0
INE533A01012,GOODYEAR,GOODYEAR INDIA,Auto Components,False,LIQUIDITY,"Avg 20d vol 8,301 < 50K shares/day (micro-illiquid)",0,0,,0,0,0,AVOID,,0,False,False,0%,,CAUTION,OTHER,,,,,0.0,,,,,,,,,0.0,Fresh,,,,,0.0,0,False,2026-06-05 12:45:28,,,,,,,,,,,,,,,,,,,,,,,,,,,,,,,,,False,
INE805A01014,GOLDTECH,AION-TECH SOLUTI,IT - Software,True,ILLIQUID,Avg daily traded value ₹22.6L < ₹50.0L,0,0,,0,0,0,AVOID,,0,False,False,0%,,CAUTION,OTHER,,,,,0.0,,,,,,,,,0.0,Fresh,,,,,0.0,0,False,2026-06-05 12:45:28,,,,,,,,,,,,,,,,,,,,,,,,,,,,,,,,,False,
INE405Y01021,GOLDSTAR,GOLDSTAR POWER,Auto Components,True,ILLIQUID,Avg daily traded value ₹3.7L < ₹50.0L,0,0,,0,0,0,AVOID,,0,False,False,0%,,CAUTION,OTHER,,,,,0.0,,,,,,,,,0.0,Fresh,,,,,0.0,0,False,2026-06-05 12:45:28,,,,,,,,,,,,,,,,,,,,,,,,,,,,,,,,,False,
INE705X01026,GOYALALUM,GOYAL ALUMINIUMS,Commercial Services & Supplies,True,ILLIQUID,Avg daily traded value ₹4.7L < ₹50.0L,0,0,,0,0,0,AVOID,,0,False,False,0%,,CAUTION,OTHER,,,,,0.0,,,,,,,,,0.0,Fresh,,,,,0.0,0,False,2026-06-05 12:45:28,,,,,,,,,,,,,,,,,,,,,,,,,,,,,,,,,False,
INE0POU01017,GRAPHISAD,GRAPHISADS,Media,True,ILLIQUID,Avg daily traded value ₹2.7L < ₹50.0L,0,0,,0,0,0,AVOID,,0,False,False,0%,,CAUTION,OTHER,,,,,0.0,,,,,,,,,0.0,Fresh,,,,,0.0,0,False,2026-06-05 12:45:28,,,,,,,,,,,,,,,,,,,,,,,,,,,,,,,,,False,
INE047A01021,GRASIM,GRASIM INDS,Cement & Cement Products,True,DISTRESS,Altman Z = 0.69 (bankruptcy zone),0,0,,0,0,0,AVOID,,0,False,False,0%,,CAUTION,OTHER,,,,,0.0,,,,,,,,,0.0,Fresh,,,,,0.0,0,False,2026-06-05 12:45:28,,,,,,,,,,,,,,,,,,,,,,,,,,,,,,,,,False,
INE999K01014,GREENPOWER,ORIENT GREEN,Power,True,DISTRESS,Altman Z = 0.70 (bankruptcy zone),0,0,,0,0,0,AVOID,,0,False,False,0%,,CAUTION,OTHER,,,,,0.0,,,,,,,,,0.0,Fresh,,,,,0.0,0,False,2026-06-05 12:45:28,,,,,,,,,,,,,,,,,,,,,,,,,,,,,,,,,False,
INE08ZM01014,GREENPANEL,GREENPANEL INDS.,Consumer Durables,False,,,0,0,,0,0,0,AVOID,,0,False,False,0%,,,,,,,,,,,,,,,,,,Fresh,,,,,,0,False,2026-06-05 12:45:28,,,,,,,,,,,,,,,,,,,,,,,,,,,,,,,,,False,19.0
INE544R01021,GREENLAM,GREENLAM INDUSTR,Consumer Durables,True,CHRONIC_LOSSES,"NP negative 3 of 4 quarters, no turnaround signal",0,0,,0,0,0,AVOID,,0,False,False,0%,,CAUTION,CONSUMPTION,,,,,0.0,,,,,,,,,0.0,Fresh,,,,,0.0,0,False,2026-06-05 12:45:28,,,,,,,,,,,,,,,,,,,,,,,,,,,,,,,,,False,13.0
INE0O7P01015,GREENCHEF,GREENCHEF APPLI.,Consumer Durables,True,ILLIQUID,Avg daily traded value ₹9.3L < ₹50.0L,0,0,,0,0,0,AVOID,,0,False,False,0%,,CAUTION,CONSUMPTION,,,,,0.0,,,,,,,,,0.0,Fresh,,,,,0.0,0,False,2026-06-05 12:45:28,,,,,,,,,,,,,,,,,,,,,,,,,,,,,,,,,False,
INE214F01026,GRAVISSHO,NAN,nan,True,ILLIQUID,Avg daily traded value ₹6.5L < ₹50.0L,0,0,,0,0,0,AVOID,,0,False,False,0%,,CAUTION,OTHER,,,,,0.0,,,,,,,,,0.0,Fresh,,,,,0.0,0,False,2026-06-05 12:45:28,,,,,,,,,,,,,,,,,,,,,,,,,,,,,,,,,False,
INE512B01022,FCSSOFT,FCS SOFTWARE,IT - Services,True,ILLIQUID,Avg daily traded value ₹18.0L < ₹50.0L,0,0,,0,0,0,AVOID,,0,False,False,0%,,CAUTION,OTHER,,,,,0.0,,,,,,,,,0.0,Fresh,,,,,0.0,0,False,2026-06-05 12:45:28,,,,,,,,,,,,,,,,,,,,,,,,,,,,,,,,,False,
INE686Y01026,FINEORG,FINE ORGANIC,Chemicals & Petrochemicals,False,LIQUIDITY,"Avg 20d vol 10,434 < 50K shares/day (micro-illiquid)",0,0,,0,0,0,AVOID,,0,False,False,0%,,CAUTION,OTHER,,,,,0.0,,,,,,,,,0.0,Fresh,,,,,0.0,0,False,2026-06-05 12:45:28,,,,,,,,,,,,,,,,,,,,,,,,,,,,,,,,,False,
INE185E01021,FILATFASH,FILATEX FASH.,Textiles & Apparels,True,DISTRESS,Altman Z = 0.84 (bankruptcy zone),0,0,,0,0,0,AVOID,,0,False,False,0%,,CAUTION,OTHER,,,,,0.0,,,,,,,,,0.0,Fresh,,,,,0.0,0,False,2026-06-05 12:45:28,,,,,,,,,,,,,,,,,,,,,,,,,,,,,,,,,False,25.0
INE0LQQ01019,FIDEL,FIDEL SOFTECH,IT - Software,True,ILLIQUID,Avg daily traded value ₹9.5L < ₹50.0L,0,0,,0,0,0,AVOID,,0,False,False,0%,,CAUTION,OTHER,,,,,0.0,,,,,,,,,0.0,Fresh,,,,,0.0,0,False,2026-06-05 12:45:28,,,,,,,,,,,,,,,,,,,,,,,,,,,,,,,,,False,
INE296C01020,FIBERWEB,FIBERWEB (INDIA),Textiles & Apparels,True,ILLIQUID,Avg daily traded value ₹15.5L < ₹50.0L,0,0,,0,0,0,AVOID,,0,False,False,0%,,CAUTION,OTHER,,,,,0.0,,,,,,,,,0.0,Fresh,,,,,0.0,0,False,2026-06-05 12:45:28,,,,,,,,,,,,,,,,,,,,,,,,,,,,,,,,,False,
INE225B01021,FERMENTA,NAN,nan,False,LIQUIDITY,"Avg 20d vol 20,485 < 50K shares/day (micro-illiquid)",0,0,,0,0,0,AVOID,,0,False,False,0%,,CAUTION,OTHER,,,,,0.0,,,,,,,,,0.0,Fresh,,,,,0.0,0,False,2026-06-05 12:45:28,,,,,,,,,,,,,,,,,,,,,,,,,,,,,,,,,False,9.0
IN9623B01058,FELDVR,FUTURE ENT. DVR,Retailing,True,DISTRESS,Altman Z = -1.56 (bankruptcy zone),0,0,,0,0,0,AVOID,,0,False,False,0%,,CAUTION,OTHER,,,,,0.0,,,,,,,,,0.0,Fresh,,,,,0.0,0,False,2026-06-05 12:45:28,,,,,,,,,,,,,,,,,,,,,,,,,,,,,,,,,False,
INE623B01027,FEL,FUTURE ENTERP.,Retailing,True,DISTRESS,Altman Z = -1.56 (bankruptcy zone),0,0,,0,0,0,AVOID,,0,False,False,0%,,CAUTION,OTHER,,,,,0.0,,,,,,,,,0.0,Fresh,,,,,0.0,0,False,2026-06-05 12:45:28,,,,,,,,,,,,,,,,,,,,,,,,,,,,,,,,,False,
INE963C01033,FAZE3Q,FAZE THREE,Textiles & Apparels,False,LIQUIDITY,"Avg 20d vol 23,386 < 50K shares/day (micro-illiquid)",0,0,,0,0,0,AVOID,,0,False,False,0%,,CAUTION,OTHER,,,,,0.0,,,,,,,,,0.0,Fresh,,,,,0.0,0,False,2026-06-05 12:45:28,,,,,,,,,,,,,,,,,,,,,,,,,,,,,,,,,False,
INE0PQK01013,FALCONTECH,FALCON,Commercial Services & Supplies,True,ILLIQUID,Avg daily traded value ₹2.9L < ₹50.0L,0,0,,0,0,0,AVOID,,0,False,False,0%,,CAUTION,OTHER,,,,,0.0,,,,,,,,,0.0,Fresh,,,,,0.0,0,False,2026-06-05 12:45:28,,,,,,,,,,,,,,,,,,,,,,,,,,,,,,,,,False,
INE0DNW01011,FAIRCHEMOR,FAIRCHEM ORGANIC,Chemicals & Petrochemicals,False,LIQUIDITY,"Avg 20d vol 13,368 < 50K shares/day (micro-illiquid)",0,0,,0,0,0,AVOID,,0,False,False,0%,,CAUTION,OTHER,,,,,0.0,,,,,,,,,0.0,Fresh,,,,,0.0,0,False,2026-06-05 12:45:28,,,,,,,,,,,,,,,,,,,,,,,,,,,,,,,,,False,30.0
INE188A01015,FACT,F A C T,Fertilizers & Agrochemicals,False,,,0,0,,0,0,0,AVOID,,0,False,False,0%,,,,,,,,,,,,,,,,,,Fresh,,,,,,0,False,2026-06-05 12:45:28,,,,,,,,,,,,,,,,,,,,,,,,,,,,,,,,,False,
INE519A01011,FOSECOIND,FOSECO INDIA,Chemicals & Petrochemicals,False,LIQUIDITY,"Avg 20d vol 12,066 < 50K shares/day (micro-illiquid)",0,0,,0,0,0,AVOID,,0,False,False,0%,,CAUTION,OTHER,,,,,0.0,,,,,,,,,0.0,Fresh,,,,,0.0,0,False,2026-06-05 12:45:28,,,,,,,,,,,,,,,,,,,,,,,,,,,,,,,,,False,14.0
INE976E01023,FOODSIN,FOODS & INNS,Food Products,True,ILLIQUID,Avg daily traded value ₹44.7L < ₹50.0L,0,0,,0,0,0,AVOID,,0,False,False,0%,,CAUTION,OTHER,,,,,0.0,,,,,,,,,0.0,Fresh,,,,,0.0,0,False,2026-06-05 12:45:29,,,,,,,,,,,,,,,,,,,,,,,,,,,,,,,,,False,
INE0Q4701019,FONEBOX,FONEBOX RETAIL,Retailing,True,ILLIQUID,Avg daily traded value ₹5.6L < ₹50.0L,0,0,,0,0,0,AVOID,,0,False,False,0%,,CAUTION,OTHER,,,,,0.0,,,,,,,,,0.0,Fresh,,,,,0.0,0,False,2026-06-05 12:45:29,,,,,,,,,,,,,,,,,,,,,,,,,,,,,,,,,False,
INE385O01018,FROG,FROG INNOVATIONS,Telecom -  Equipment & Accessories,False,LIQUIDITY,"Avg 20d vol 29,760 < 50K shares/day (micro-illiquid)",0,0,,0,0,0,AVOID,,0,False,False,0%,,CAUTION,OTHER,,,,,0.0,,,,,,,,,0.0,Fresh,,,,,0.0,0,False,2026-06-05 12:45:29,,,,,,,,,,,,,,,,,,,,,,,,,,,,,,,,,False,
INE572D01014,FRONTSP,NAN,nan,False,LIQUIDITY,"Avg 20d vol 33,473 < 50K shares/day (micro-illiquid)",0,0,,0,0,0,AVOID,,0,False,False,0%,,CAUTION,OTHER,,,,,0.0,,,,,,,,,0.0,Fresh,,,,,0.0,0,False,2026-06-05 12:45:29,,,,,,,,,,,,,,,,,,,,,,,,,,,,,,,,,False,36.0
INE524B01027,GANDHITUBE,GANDHI SPL. TUBE,Industrial Products,False,LIQUIDITY,"Avg 20d vol 18,825 < 50K shares/day (micro-illiquid)",0,0,,0,0,0,AVOID,,0,False,False,0%,,CAUTION,OTHER,,,,,0.0,,,,,,,,,0.0,Fresh,,,,,0.0,0,False,2026-06-05 12:45:29,,,,,,,,,,,,,,,,,,,,,,,,,,,,,,,,,False,10.0
INE717W01049,GANDHAR,GANDHAR OIL REF.,Petroleum Products,False,,,0,0,,0,0,0,AVOID,,0,False,False,0%,,,,,,,,,,,,,,,,,,Fresh,,,,,,0,False,2026-06-05 12:45:29,,,,,,,,,,,,,,,,,,,,,,,,,,,,,,,,,False,
INE600K01018,GALAXYSURF,GALAXY SURFACT.,Chemicals & Petrochemicals,False,LIQUIDITY,"Avg 20d vol 7,581 < 50K shares/day (micro-illiquid)",0,0,,0,0,0,AVOID,,0,False,False,0%,,CAUTION,OTHER,,,,,0.0,,,,,,,,,0.0,Fresh,,,,,0.0,0,False,2026-06-05 12:45:29,,,,,,,,,,,,,,,,,,,,,,,,,,,,,,,,,False,
INE691Z01023,GANGAFORGE,GANGA FORGING,Industrial Products,True,ILLIQUID,Avg daily traded value ₹9.6L < ₹50.0L,0,0,,0,0,0,AVOID,,0,False,False,0%,,CAUTION,OTHER,,,,,0.0,,,,,,,,,0.0,Fresh,,,,,0.0,0,False,2026-06-05 12:45:29,,,,,,,,,,,,,,,,,,,,,,,,,,,,,,,,,False,
INE335W01016,GANGESSECU,GANGES SECURITIE,Agricultural Food & other Products,True,ILLIQUID,Avg daily traded value ₹2.4L < ₹50.0L,0,0,,0,0,0,AVOID,,0,False,False,0%,,CAUTION,OTHER,,,,,0.0,,,,,,,,,0.0,Fresh,,,,,0.0,0,False,2026-06-05 12:45:29,,,,,,,,,,,,,,,,,,,,,,,,,,,,,,,,,False,
INE949P01018,GENUSPAPER,GENUS PAPER & BO,"Paper, Forest & Jute Products",True,ILLIQUID,Avg daily traded value ₹7.1L < ₹50.0L,0,0,,0,0,0,AVOID,,0,False,False,0%,,CAUTION,OTHER,,,,,0.0,,,,,,,,,0.0,Fresh,,,,,0.0,0,False,2026-06-05 12:45:29,,,,,,,,,,,,,,,,,,,,,,,,,,,,,,,,,False,
INE06H201014,GENSOL,GENSOL ENGINEER.,Electrical Equipment,True,DISTRESS,Altman Z = 0.86 (bankruptcy zone),0,0,,0,0,0,AVOID,,0,False,False,0%,,CAUTION,OTHER,,,,,0.0,,,,,,,,,0.0,Fresh,,,,,0.0,0,False,2026-06-05 12:45:29,,,,,,,,,,,,,,,,,,,,,,,,,,,,,,,,,False,
INE854S01022,GENCON,GENERIC ENGINEER,Realty,False,,,0,0,,0,0,0,AVOID,,0,False,False,0%,,,,,,,,,,,,,,,,,,Fresh,,,,,,0,False,2026-06-05 12:45:29,,,,,,,,,,,,,,,,,,,,,,,,,,,,,,,,,False,
INE06XZ01023,GEMAROMA,GEM AROMATICS,Chemicals & Petrochemicals,False,LIQUIDITY,"Avg 20d vol 47,502 < 50K shares/day (micro-illiquid)",0,0,,0,0,0,AVOID,,0,False,False,0%,,CAUTION,OTHER,,,,,0.0,,,,,,,,,0.0,Fresh,,,,,0.0,0,False,2026-06-05 12:45:29,,,,,,,,,,,,,,,,,,,,,,,,,,,,,,,,,False,
INE669X01032,GEEKAYWIRE,GEEKAY WIRES,Industrial Products,True,ILLIQUID,Avg daily traded value ₹19.6L < ₹50.0L,0,0,,0,0,0,AVOID,,0,False,False,0%,,CAUTION,OTHER,,,,,0.0,,,,,,,,,0.0,Fresh,,,,,0.0,0,False,2026-06-05 12:45:29,,,,,,,,,,,,,,,,,,,,,,,,,,,,,,,,,False,
INE916G01016,GEECEE,GEECEE VENT.,Realty,False,LIQUIDITY,"Avg 20d vol 22,372 < 50K shares/day (micro-illiquid)",0,0,,0,0,0,AVOID,,0,False,False,0%,,CAUTION,OTHER,,,,,0.0,,,,,,,,,0.0,Fresh,,,,,0.0,0,False,2026-06-05 12:45:29,,,,,,,,,,,,,,,,,,,,,,,,,,,,,,,,,False,
INE199P01028,GCSL,GRETEX CORPORATE,Capital Markets,False,,,0,0,,0,0,0,AVOID,,0,False,False,0%,,,,,,,,,,,,,,,,,,Fresh,,,,,,0,False,2026-06-05 12:45:29,,,,,,,,,,,,,,,,,,,,,,,,,,,,,,,,,False,
INE336H01023,GAYAPROJ,GAYATRI PROJECTS,Construction,True,DISTRESS,Altman Z = -1.30 (bankruptcy zone),0,0,,0,0,0,AVOID,,0,False,False,0%,,CAUTION,OTHER,,,,,0.0,,,,,,,,,0.0,Fresh,,,,,0.0,0,False,2026-06-05 12:45:29,,,,,,,,,,,,,,,,,,,,,,,,,,,,,,,,,False,31.0
INE287Z01012,GAYAHWS,GAYATRI HIGHWAYS,Transport Infrastructure,True,DISTRESS,Altman Z = -0.75 (bankruptcy zone),0,0,,0,0,0,AVOID,,0,False,False,0%,,CAUTION,OTHER,,,,,0.0,,,,,,,,,0.0,Fresh,,,,,0.0,0,False,2026-06-05 12:45:29,,,,,,,,,,,,,,,,,,,,,,,,,,,,,,,,,False,68.0
INE224E01036,GATECHDVR,GACM TECH-DVR,Finance,True,ILLIQUID,Avg daily traded value ₹6.8L < ₹50.0L,0,0,,0,0,0,AVOID,,0,False,False,0%,,CAUTION,FINANCIALS,,,,,0.0,,,,,,,,,0.0,Fresh,,,,,0.0,0,False,2026-06-05 12:45:29,,,,,,,,,,,,,,,,,,,,,,,,,,,,,,,,,False,53.0
INE224E01028,GATECH,GACM TECH,Finance,True,ILLIQUID,Avg daily traded value ₹48.4L < ₹50.0L,0,0,,0,0,0,AVOID,,0,False,False,0%,,CAUTION,FINANCIALS,,,,,0.0,,,,,,,,,0.0,Fresh,,,,,0.0,0,False,2026-06-05 12:45:29,,,,,,,,,,,,,,,,,,,,,,,,,,,,,,,,,False,53.0
INE538A01037,GFLLIMITED,GFL,Finance,True,ILLIQUID,Avg daily traded value ₹21.1L < ₹50.0L,0,0,,0,0,0,AVOID,,0,False,False,0%,,CAUTION,FINANCIALS,,,,,0.0,,,,,,,,,0.0,Fresh,,,,,0.0,0,False,2026-06-05 12:45:29,,,,,,,,,,,,,,,,,,,,,,,,,,,,,,,,,False,
INE09N301011,FLUOROCHEM,GUJARAT FLUOROCH,Chemicals & Petrochemicals,False,,,0,0,,0,0,0,AVOID,,0,False,False,0%,,,,,,,,,,,,,,,,,,Fresh,,,,,,0,False,2026-06-05 12:45:29,,,,,,,,,,,,,,,,,,,,,,,,,,,,,,,,,False,
INE452O01016,FLFL,FUTURE LIFESTYLE,Retailing,True,DISTRESS,Altman Z = -2.33 (bankruptcy zone),0,0,,0,0,0,AVOID,,0,False,False,0%,,CAUTION,OTHER,,,,,0.0,,,,,,,,,0.0,Fresh,,,,,0.0,0,False,2026-06-05 12:45:29,,,,,,,,,,,,,,,,,,,,,,,,,,,,,,,,,False,
INE060J01017,FLEXITUFF,FLEXITUFF VENT.,Textiles & Apparels,True,CHRONIC_LOSSES,"NP negative 3 of 4 quarters, no turnaround signal",0,0,,0,0,0,AVOID,,0,False,False,0%,,CAUTION,OTHER,,,,,0.0,,,,,,,,,0.0,Fresh,,,,,0.0,0,False,2026-06-05 12:45:29,,,,,,,,,,,,,,,,,,,,,,,,,,,,,,,,,False,
INE734I01027,FINKURVE,FINKURVE FIN.,Finance,True,ILLIQUID,Avg daily traded value ₹33.5L < ₹50.0L,0,0,,0,0,0,AVOID,,0,False,False,0%,,CAUTION,FINANCIALS,,,,,0.0,,,,,,,,,0.0,Fresh,,,,,0.0,0,False,2026-06-05 12:45:29,,,,,,,,,,,,,,,,,,,,,,,,,,,,,,,,,False,
INE02RE01045,FIRSTCRY,BRAINBEES SOLUT.,Retailing,True,CHRONIC_LOSSES,"NP negative 3 of 4 quarters, no turnaround signal",0,0,,0,0,0,AVOID,,0,False,False,0%,,CAUTION,OTHER,,,,,0.0,,,,,,,,,0.0,Fresh,,,,,0.0,0,False,2026-06-05 12:45:29,,,,,,,,,,,,,,,,,,,,,,,,,,,,,,,,,False,
INE360L01017,FMNL,FUTURE MARKET,Commercial Services & Supplies,True,DISTRESS,Altman Z = 0.12 (bankruptcy zone),0,0,,0,0,0,AVOID,,0,False,False,0%,,CAUTION,OTHER,,,,,0.0,,,,,,,,,0.0,Fresh,,,,,0.0,0,False,2026-06-05 12:45:29,,,,,,,,,,,,,,,,,,,,,,,,,,,,,,,,,False,
INE759V01019,HEADSUP,HEADS UP VENTURE,Textiles & Apparels,True,ILLIQUID,Avg daily traded value ₹1.2L < ₹50.0L,0,0,,0,0,0,AVOID,,0,False,False,0%,,CAUTION,OTHER,,,,,0.0,,,,,,,,,0.0,Fresh,,,,,0.0,0,False,2026-06-05 12:45:29,,,,,,,,,,,,,,,,,,,,,,,,,,,,,,,,,False,
INE191I01012,HDIL,H D I L,Realty,True,DISTRESS,Altman Z = -5.64 (bankruptcy zone),0,0,,0,0,0,AVOID,,0,False,False,0%,,CAUTION,OTHER,,,,,0.0,,,,,,,,,0.0,Fresh,,,,,0.0,0,False,2026-06-05 12:45:29,,,,,,,,,,,,,,,,,,,,,,,,,,,,,,,,,False,
INE0SQY01018,GSMFOILS,GSM FOILS,Industrial Products,False,LIQUIDITY,"Avg 20d vol 42,950 < 50K shares/day (micro-illiquid)",0,0,,0,0,0,AVOID,,0,False,False,0%,,CAUTION,OTHER,,,,,0.0,,,,,,,,,0.0,Fresh,,,,,0.0,0,False,2026-06-05 12:45:29,,,,,,,,,,,,,,,,,,,,,,,,,,,,,,,,,False,
INE0JSX01015,GSLSU,GLOBAL SURFACES,Consumer Durables,True,CHRONIC_LOSSES,"NP negative 3 of 4 quarters, no turnaround signal",0,0,,0,0,0,AVOID,,0,False,False,0%,,CAUTION,CONSUMPTION,,,,,0.0,,,,,,,,,0.0,Fresh,,,,,0.0,0,False,2026-06-05 12:45:29,,,,,,,,,,,,,,,,,,,,,,,,,,,,,,,,,False,
INE026A01025,GSFC,G S F C,Fertilizers & Agrochemicals,False,,,0,0,,0,0,0,AVOID,,0,False,False,0%,,,,,,,,,,,,,,,,,,Fresh,,,,,,0,False,2026-06-05 12:45:29,,,,,,,,,,,,,,,,,,,,,,,,,,,,,,,,,False,31.0
INE871H01011,GSS,GSS INFOTECH,IT - Services,True,DISTRESS,Altman Z = 0.12 (bankruptcy zone),0,0,,0,0,0,AVOID,,0,False,False,0%,,CAUTION,OTHER,,,,,0.0,,,,,,,,,0.0,Fresh,,,,,0.0,0,False,2026-06-05 12:45:29,,,,,,,,,,,,,,,,,,,,,,,,,,,,,,,,,False,
INE137I01015,GRPLTD,GRP,Industrial Products,False,LIQUIDITY,"Avg 20d vol 3,807 < 50K shares/day (micro-illiquid)",0,0,,0,0,0,AVOID,,0,False,False,0%,,CAUTION,OTHER,,,,,0.0,,,,,,,,,0.0,Fresh,,,,,0.0,0,False,2026-06-05 12:45:29,,,,,,,,,,,,,,,,,,,,,,,,,,,,,,,,,False,24.0
INE382T01030,GVPTECH,GVP INFOTECH,IT - Software,True,CHRONIC_LOSSES,"NP negative 3 of 4 quarters, no turnaround signal",0,0,,0,0,0,AVOID,,0,False,False,0%,,CAUTION,OTHER,,,,,0.0,,,,,,,,,0.0,Fresh,,,,,0.0,0,False,2026-06-05 12:45:29,,,,,,,,,,,,,,,,,,,,,,,,,,,,,,,,,False,
INE251H01024,GVKPIL,GVK POWER INFRA.,Construction,True,DISTRESS,Altman Z = -0.86 (bankruptcy zone),0,0,,0,0,0,AVOID,,0,False,False,0%,,CAUTION,OTHER,,,,,0.0,,,,,,,,,0.0,Fresh,,,,,0.0,0,False,2026-06-05 12:45:29,,,,,,,,,,,,,,,,,,,,,,,,,,,,,,,,,False,
INE610B01024,GUJRAFFIA,GUJ. RAFFIA INDS,Industrial Products,True,ILLIQUID,Avg daily traded value ₹3.4L < ₹50.0L,0,0,,0,0,0,AVOID,,0,False,False,0%,,CAUTION,OTHER,,,,,0.0,,,,,,,,,0.0,Fresh,,,,,0.0,0,False,2026-06-05 12:45:30,,,,,,,,,,,,,,,,,,,,,,,,,,,,,,,,,False,
INE826C01016,GUJAPOLLO,GUJ APOLLO INDS,Industrial Manufacturing,True,ILLIQUID,Avg daily traded value ₹45.9L < ₹50.0L,0,0,,0,0,0,AVOID,,0,False,False,0%,,CAUTION,OTHER,,,,,0.0,,,,,,,,,0.0,Fresh,,,,,0.0,0,False,2026-06-05 12:45:30,,,,,,,,,,,,,,,,,,,,,,,,,,,,,,,,,False,36.0
INE186A01019,GUJALKALI,GUJARAT ALKALIES,Chemicals & Petrochemicals,False,,,0,0,,0,0,0,AVOID,,0,False,False,0%,,,,,,,,,,,,,,,,,,Fresh,,,,,,0,False,2026-06-05 12:45:30,,,,,,,,,,,,,,,,,,,,,,,,,,,,,,,,,False,
INE869I01013,GTPL,GTPL HATHWAY,Entertainment,True,ILLIQUID,Avg daily traded value ₹18.7L < ₹50.0L,0,0,,0,0,0,AVOID,,0,False,False,0%,,CAUTION,OTHER,,,,,0.0,,,,,,,,,0.0,Fresh,,,,,0.0,0,False,2026-06-05 12:45:30,,,,,,,,,,,,,,,,,,,,,,,,,,,,,,,,,False,50.0
INE221H01019,GTLINFRA,GTL INFRA.,Telecom - Services,True,DISTRESS,Altman Z = -8.71 (bankruptcy zone),0,0,,0,0,0,AVOID,,0,False,False,0%,,CAUTION,OTHER,,,,,0.0,,,,,,,,,0.0,Fresh,,,,,0.0,0,False,2026-06-05 12:45:30,,,,,,,,,,,,,,,,,,,,,,,,,,,,,,,,,False,
INE115S01010,HALDER,HALDER VENTURE,Agricultural Food & other Products,True,ILLIQUID,Avg daily traded value ₹12.7L < ₹50.0L,0,0,,0,0,0,AVOID,,0,False,False,0%,,CAUTION,OTHER,,,,,0.0,,,,,,,,,0.0,Fresh,,,,,0.0,0,False,2026-06-05 12:45:30,,,,,,,,,,,,,,,,,,,,,,,,,,,,,,,,,False,
INE320X01016,HALEOSLABS,HALEOS LABS LIMITED,Pharmaceuticals & Biotechnology,True,ILLIQUID,Avg daily traded value ₹37.9L < ₹50.0L,0,0,,0,0,0,AVOID,,0,False,False,0%,,CAUTION,OTHER,,,,,0.0,,,,,,,,,0.0,Fresh,,,,,0.0,0,False,2026-06-05 12:45:30,,,,,,,,,,,,,,,,,,,,,,,,,,,,,,,,,False,
INE236A01020,HCL-INSYS,HCL INFOSYSTEMS,IT - Hardware,True,DISTRESS,Altman Z = -6.83 (bankruptcy zone),0,0,,0,0,0,AVOID,,0,False,False,0%,,CAUTION,TECHNOLOGY,,,,,0.0,,,,,,,,,0.0,Fresh,,,,,0.0,0,False,2026-06-05 12:45:30,,,,,,,,,,,,,,,,,,,,,,,,,,,,,,,,,False,15.0
INE075I01017,HCG,HEALTH.GLOBAL,Healthcare Services,False,,,0,0,,0,0,0,AVOID,,0,False,False,0%,,,,,,,,,,,,,,,,,,Fresh,,,,,,0,False,2026-06-05 12:45:30,,,,,,,,,,,,,,,,,,,,,,,,,,,,,,,,,False,16.0
INE549A01026,HCC,HIND.CONSTRUCT.,Construction,False,,,0,0,,0,0,0,AVOID,,0,False,False,0%,,,,,,,,,,,,,,,,,,Fresh,,,,,,0,False,2026-06-05 12:45:30,,,,,,,,,,,,,,,,,,,,,,,,,,,,,,,,,False,
INE550B01022,HBSL,HB STOCKHOLDINGS,Finance,True,CHRONIC_LOSSES,"NP negative 3 of 4 quarters, no turnaround signal",0,0,,0,0,0,AVOID,,0,False,False,0%,,CAUTION,FINANCIALS,,,,,0.0,,,,,,,,,0.0,Fresh,,,,,0.0,0,False,2026-06-05 12:45:30,,,,,,,,,,,,,,,,,,,,,,,,,,,,,,,,,False,
INE640B01021,HBESD,NAN,nan,True,ILLIQUID,Avg daily traded value ₹3.7L < ₹50.0L,0,0,,0,0,0,AVOID,,0,False,False,0%,,CAUTION,OTHER,,,,,0.0,,,,,,,,,0.0,Fresh,,,,,0.0,0,False,2026-06-05 12:45:30,,,,,,,,,,,,,,,,,,,,,,,,,,,,,,,,,False,
INE043A01012,GTL,GTL,Telecom - Services,True,DISTRESS,Altman Z = -166.10 (bankruptcy zone),0,0,,0,0,0,AVOID,,0,False,False,0%,,CAUTION,OTHER,,,,,0.0,,,,,,,,,0.0,Fresh,,,,,0.0,0,False,2026-06-05 12:45:30,,,,,,,,,,,,,,,,,,,,,,,,,,,,,,,,,False,
INE979B01015,HAWKINCOOK,NAN,nan,False,LIQUIDITY,"Avg 20d vol 1,256 < 50K shares/day (micro-illiquid)",0,0,,0,0,0,AVOID,,0,False,False,0%,,CAUTION,OTHER,,,,,0.0,,,,,,,,,0.0,Fresh,,,,,0.0,0,False,2026-06-05 12:45:30,,,,,,,,,,,,,,,,,,,,,,,,,,,,,,,,,False,
INE473B01035,HATSUN,HATSUN AGRO,Food Products,False,LIQUIDITY,"Avg 20d vol 25,331 < 50K shares/day (micro-illiquid)",0,0,,0,0,0,AVOID,,0,False,False,0%,,CAUTION,OTHER,,,,,0.0,,,,,,,,,0.0,Fresh,,,,,0.0,0,False,2026-06-05 12:45:30,,,,,,,,,,,,,,,,,,,,,,,,,,,,,,,,,False,16.0
INE982F01036,HATHWAY,HATHWAY CABLE,Entertainment,False,,,0,0,,0,0,0,AVOID,,0,False,False,0%,,,,,,,,,,,,,,,,,,Fresh,,,,,,0,False,2026-06-05 12:45:30,,,,,,,,,,,,,,,,,,,,,,,,,,,,,,,,,False,
INE0JUS01029,HARSHA,HARSHA ENGG INTL,Industrial Products,False,,,0,0,,0,0,0,AVOID,,0,False,False,0%,,,,,,,,,,,,,,,,,,Fresh,,,,,,0,False,2026-06-05 12:45:30,,,,,,,,,,,,,,,,,,,,,,,,,,,,,,,,,False,
INE544A01019,HARRMALAYA,HARRI. MALAYALAM,Industrial Products,True,ILLIQUID,Avg daily traded value ₹30.6L < ₹50.0L,0,0,,0,0,0,AVOID,,0,False,False,0%,,CAUTION,OTHER,,,,,0.0,,,,,,,,,0.0,Fresh,,,,,0.0,0,False,2026-06-05 12:45:30,,,,,,,,,,,,,,,,,,,,,,,,,,,,,,,,,False,10.0
INE293B01029,HAVISHA,SRI HAVISHA,Leisure Services,True,DISTRESS,Altman Z = 0.08 (bankruptcy zone),0,0,,0,0,0,AVOID,,0,False,False,0%,,CAUTION,OTHER,,,,,0.0,,,,,,,,,0.0,Fresh,,,,,0.0,0,False,2026-06-05 12:45:30,,,,,,,,,,,,,,,,,,,,,,,,,,,,,,,,,False,60.0
INE586X01012,GTECJAINX,G-TEC JANIX,Other Consumer Services,True,ILLIQUID,Avg daily traded value ₹14.1L < ₹50.0L,0,0,,0,0,0,AVOID,,0,False,False,0%,,CAUTION,OTHER,,,,,0.0,,,,,,,,,0.0,Fresh,,,,,0.0,0,False,2026-06-05 12:45:30,,,,,,,,,,,,,,,,,,,,,,,,,,,,,,,,,False,
