NSE_SYMBOL,COMPANY,EVENT_DATE,SOURCE,EVENT_TYPE,EVENT_CLASS,IMPACT_TIER,IMPACT_SCORE,SIGNAL_TYPE,QUALITY_CHECK,TIER,COMPOSITE,LIQUIDITY_FLAG,PRICE_CHANGE_3D_PCT,PRICE_STATUS,SUPPRESSED,SUPPRESSED_REASON,ALERT_TEXT,AS_OF_DATE
BLKASHYAP,B.L.KASHYAP AND SONS LTD.,2026-05-06,BSE_LIVE_POLLER,ORDER_WIN,ORDER_WIN,MEGA,9,BUY_SIGNAL_STRONG,WATCH,WATCHLIST_EXTERNAL,52.0,NORMAL,4.62,NORMAL,False,,⚡ ORDER_WIN | BLKASHYAP (B.L.KASHYAP AND SONS LTD.) | Impact: MEGA | Signal: BUY_SIGNAL_STRONG | Tier: WATCHLIST_EXTERNAL | 📌 EVENT TRADE ≠ multibagger position,2026-05-25 10:50
DIFFNKG,Diffusion Engineers Limited,2026-04-30,BSE_LIVE_POLLER,ORDER_WIN,ORDER_WIN,LARGE,8,BUY_SIGNAL_STRONG,CONFIRMED,STRONG,77.0,NORMAL,-1.93,NORMAL,False,,⚡ ORDER_WIN | DIFFNKG (Diffusion Engineers Limited) | Impact: LARGE | Signal: BUY_SIGNAL_STRONG | Tier: STRONG | 📌 EVENT TRADE ≠ multibagger position,2026-05-25 10:50
PARAS,Paras Defence and Space Techno,2026-04-30,BSE_LIVE_POLLER,ORDER_WIN,ORDER_WIN,LARGE,7,BUY_SIGNAL_STRONG,WATCH,WATCHLIST_EXTERNAL,50.0,NORMAL,6.41,NORMAL,False,,⚡ ORDER_WIN | PARAS (Paras Defence and Space Techno) | Impact: LARGE | Signal: BUY_SIGNAL_STRONG | Tier: WATCHLIST_EXTERNAL | 📌 EVENT TRADE ≠ multibagger position,2026-05-25 10:50
ANANDRATHI,Anand Rathi Wealth Ltd,2026-05-25,BSE_PIPELINE,CORPORATE_ACTION,BONUS_SPLIT,,7,BONUS_SPLIT_SIGNAL,CONFIRMED,PRIME,77.0,NORMAL,0.25,NORMAL,False,,⚡ BONUS_SPLIT | ANANDRATHI (Anand Rathi Wealth Ltd) | Signal: BONUS_SPLIT_SIGNAL | Tier: PRIME | 📌 EVENT TRADE ≠ multibagger position,2026-05-25 10:50
WAAREEENER,Waaree Energies Ltd,2026-04-30,BSE_PIPELINE,RESULTS,RESULT,,6,RESULT_EVENT,CONFIRMED,STRONG,74.0,NORMAL,-0.04,NORMAL,False,,⚡ RESULT | WAAREEENER (Waaree Energies Ltd) | Signal: RESULT_EVENT | Tier: STRONG | 📌 EVENT TRADE ≠ multibagger position,2026-05-25 10:50
PRICOLLTD,Pricol Limited,2026-05-05,BSE_LIVE_POLLER,RESULTS,RESULT,,6,RESULT_EVENT,CONFIRMED,STRONG,68.0,NORMAL,2.18,NORMAL,False,,⚡ RESULT | PRICOLLTD (Pricol Limited) | Signal: RESULT_EVENT | Tier: STRONG | 📌 EVENT TRADE ≠ multibagger position,2026-05-25 10:50
ACUTAAS,ACUTAAS CHEMICALS LIMITED,2026-04-30,BSE_LIVE_POLLER,RESULTS,RESULT,,6,RESULT_EVENT,CONFIRMED,STRONG,72.0,NORMAL,2.24,NORMAL,False,,⚡ RESULT | ACUTAAS (ACUTAAS CHEMICALS LIMITED) | Signal: RESULT_EVENT | Tier: STRONG | 📌 EVENT TRADE ≠ multibagger position,2026-05-25 10:50
SONACOMS,Sona BLW Precision Forgings Ltd,2026-05-02,BSE_PIPELINE,RESULTS,RESULT,,6,RESULT_EVENT,CONFIRMED,STRONG,71.0,NORMAL,2.41,NORMAL,False,,⚡ RESULT | SONACOMS (Sona BLW Precision Forgings Ltd) | Signal: RESULT_EVENT | Tier: STRONG | 📌 EVENT TRADE ≠ multibagger position,2026-05-25 10:50
ACUTAAS,ACUTAAS CHEMICALS LIMITED,2026-04-30,BSE_LIVE_POLLER,RESULTS,RESULT,,6,RESULT_EVENT,CONFIRMED,STRONG,72.0,NORMAL,2.24,NORMAL,False,,⚡ RESULT | ACUTAAS (ACUTAAS CHEMICALS LIMITED) | Signal: RESULT_EVENT | Tier: STRONG | 📌 EVENT TRADE ≠ multibagger position,2026-05-25 10:50
SHRIPISTON,Shriram Pistons & Rings Ltd,2026-05-12,BSE_PIPELINE,RESULTS,RESULT,,6,RESULT_EVENT,CONFIRMED,PRIME,87.0,NORMAL,-1.9,NORMAL,False,,⚡ RESULT | SHRIPISTON (Shriram Pistons & Rings Ltd) | Signal: RESULT_EVENT | Tier: PRIME | 📌 EVENT TRADE ≠ multibagger position,2026-05-25 10:50
POLYCAB,Polycab India Limited,2026-05-06,BSE_LIVE_POLLER,RESULTS,RESULT,,6,RESULT_EVENT,CONFIRMED,PRIME,88.0,NORMAL,1.1,NORMAL,False,,⚡ RESULT | POLYCAB (Polycab India Limited) | Signal: RESULT_EVENT | Tier: PRIME | 📌 EVENT TRADE ≠ multibagger position,2026-05-25 10:50
PIDILITIND,PIDILITE INDUSTRIES LTD.,2026-05-11,BSE_LIVE_POLLER,RESULTS,RESULT,,6,RESULT_EVENT,CONFIRMED,STRONG,71.0,NORMAL,1.55,NORMAL,False,,⚡ RESULT | PIDILITIND (PIDILITE INDUSTRIES LTD.) | Signal: RESULT_EVENT | Tier: STRONG | 📌 EVENT TRADE ≠ multibagger position,2026-05-25 10:50
EIHOTEL,EIH Ltd,2026-05-20,BSE_PIPELINE,RESULTS,RESULT,,6,RESULT_EVENT,CONFIRMED,STRONG,75.0,NORMAL,-2.28,NORMAL,False,,⚡ RESULT | EIHOTEL (EIH Ltd) | Signal: RESULT_EVENT | Tier: STRONG | 📌 EVENT TRADE ≠ multibagger position,2026-05-25 10:50
RPGLIFE,RPG Life Sciences Ltd,2026-04-30,BSE_PIPELINE,RESULTS,RESULT,,6,RESULT_EVENT,CONFIRMED,STRONG,64.0,NORMAL,0.5,NORMAL,False,,⚡ RESULT | RPGLIFE (RPG Life Sciences Ltd) | Signal: RESULT_EVENT | Tier: STRONG | 📌 EVENT TRADE ≠ multibagger position,2026-05-25 10:50
JBMA,JBM Auto Ltd,2026-05-12,BSE_PIPELINE,RESULTS,RESULT,,6,RESULT_EVENT,CONFIRMED,STRONG,66.0,NORMAL,1.42,NORMAL,False,,⚡ RESULT | JBMA (JBM Auto Ltd) | Signal: RESULT_EVENT | Tier: STRONG | 📌 EVENT TRADE ≠ multibagger position,2026-05-25 10:50
FORCEMOT,Force Motors Ltd-$,2026-04-30,BSE_PIPELINE,RESULTS,RESULT,,6,RESULT_EVENT,CONFIRMED,STRONG,69.0,NORMAL,3.5,NORMAL,False,,⚡ RESULT | FORCEMOT (Force Motors Ltd-$) | Signal: RESULT_EVENT | Tier: STRONG | 📌 EVENT TRADE ≠ multibagger position,2026-05-25 10:50
NAVINFLUOR,Navin Fluorine International Ltd-$,2026-04-30,BSE_PIPELINE,RESULTS,RESULT,,6,RESULT_EVENT,CONFIRMED,STRONG,76.0,NORMAL,0.7,NORMAL,False,,⚡ RESULT | NAVINFLUOR (Navin Fluorine International Ltd-$) | Signal: RESULT_EVENT | Tier: STRONG | 📌 EVENT TRADE ≠ multibagger position,2026-05-25 10:50
PRICOLLTD,Pricol Limited,2026-05-05,BSE_LIVE_POLLER,RESULTS,RESULT,,6,RESULT_EVENT,CONFIRMED,STRONG,68.0,NORMAL,2.18,NORMAL,False,,⚡ RESULT | PRICOLLTD (Pricol Limited) | Signal: RESULT_EVENT | Tier: STRONG | 📌 EVENT TRADE ≠ multibagger position,2026-05-25 10:50
ACE,Action Construction Equipment Ltd,2026-05-21,BSE_PIPELINE,RESULTS,RESULT,,6,RESULT_EVENT,CONFIRMED,STRONG,74.0,NORMAL,-0.01,NORMAL,False,,⚡ RESULT | ACE (Action Construction Equipment Ltd) | Signal: RESULT_EVENT | Tier: STRONG | 📌 EVENT TRADE ≠ multibagger position,2026-05-25 10:50
UTLSOLAR,Fujiyama Power Systems Limited,2026-05-11,BSE_LIVE_POLLER,RESULTS,RESULT,,6,RESULT_EVENT,CONFIRMED,STRONG,67.0,NORMAL,0.06,NORMAL,False,,⚡ RESULT | UTLSOLAR (Fujiyama Power Systems Limited) | Signal: RESULT_EVENT | Tier: STRONG | 📌 EVENT TRADE ≠ multibagger position,2026-05-25 10:50
ASKAUTOLTD,ASK Automotive Ltd,2026-05-20,BSE_PIPELINE,RESULTS,RESULT,,6,RESULT_EVENT,CONFIRMED,STRONG,66.0,NORMAL,-0.11,NORMAL,False,,⚡ RESULT | ASKAUTOLTD (ASK Automotive Ltd) | Signal: RESULT_EVENT | Tier: STRONG | 📌 EVENT TRADE ≠ multibagger position,2026-05-25 10:50
NEWGEN,Newgen Software Technologies L,2026-04-30,BSE_LIVE_POLLER,RESULTS,RESULT,,6,RESULT_EVENT,CONFIRMED,STRONG,68.0,NORMAL,-5.11,NORMAL,False,,⚡ RESULT | NEWGEN (Newgen Software Technologies L) | Signal: RESULT_EVENT | Tier: STRONG | 📌 EVENT TRADE ≠ multibagger position,2026-05-25 10:50
ACUTAAS,ACUTAAS CHEMICALS LIMITED,2026-04-30,BSE_LIVE_POLLER,RESULTS,RESULT,,6,RESULT_EVENT,CONFIRMED,STRONG,72.0,NORMAL,2.24,NORMAL,False,,⚡ RESULT | ACUTAAS (ACUTAAS CHEMICALS LIMITED) | Signal: RESULT_EVENT | Tier: STRONG | 📌 EVENT TRADE ≠ multibagger position,2026-05-25 10:50
SAILIFE,Sai Life Sciences Limited,2026-05-11,BSE_LIVE_POLLER,RESULTS,RESULT,,6,RESULT_EVENT,CONFIRMED,STRONG,69.0,NORMAL,-1.03,NORMAL,False,,⚡ RESULT | SAILIFE (Sai Life Sciences Limited) | Signal: RESULT_EVENT | Tier: STRONG | 📌 EVENT TRADE ≠ multibagger position,2026-05-25 10:50
ACUTAAS,ACUTAAS CHEMICALS LIMITED,2026-04-30,BSE_LIVE_POLLER,RESULTS,RESULT,,6,RESULT_EVENT,CONFIRMED,STRONG,72.0,NORMAL,2.24,NORMAL,False,,⚡ RESULT | ACUTAAS (ACUTAAS CHEMICALS LIMITED) | Signal: RESULT_EVENT | Tier: STRONG | 📌 EVENT TRADE ≠ multibagger position,2026-05-25 10:50
MOTHERSON,Samvardhana Motherson International Ltd,2026-05-21,BSE_PIPELINE,RESULTS,RESULT,,6,RESULT_EVENT,CONFIRMED,STRONG,65.0,NORMAL,3.57,NORMAL,False,,⚡ RESULT | MOTHERSON (Samvardhana Motherson International Ltd) | Signal: RESULT_EVENT | Tier: STRONG | 📌 EVENT TRADE ≠ multibagger position,2026-05-25 10:50
ATLANTAELE,Atlanta Electricals Limited,2026-05-11,BSE_LIVE_POLLER,RESULTS,RESULT,,6,RESULT_EVENT,CONFIRMED,STRONG,70.0,NORMAL,5.43,NORMAL,False,,⚡ RESULT | ATLANTAELE (Atlanta Electricals Limited) | Signal: RESULT_EVENT | Tier: STRONG | 📌 EVENT TRADE ≠ multibagger position,2026-05-25 10:50
SOUTHWEST,South West Pinnacle Exploration Ltd,2026-05-05,BSE_PIPELINE,RESULTS,RESULT,,6,RESULT_EVENT,CONFIRMED,STRONG,80.0,NORMAL,1.83,NORMAL,False,,⚡ RESULT | SOUTHWEST (South West Pinnacle Exploration Ltd) | Signal: RESULT_EVENT | Tier: STRONG | 📌 EVENT TRADE ≠ multibagger position,2026-05-25 10:50
CAMS,Computer Age Management Services Ltd,2026-05-05,BSE_PIPELINE,RESULTS,RESULT,,6,RESULT_EVENT,CONFIRMED,STRONG,64.0,NORMAL,-2.84,NORMAL,False,,⚡ RESULT | CAMS (Computer Age Management Services Ltd) | Signal: RESULT_EVENT | Tier: STRONG | 📌 EVENT TRADE ≠ multibagger position,2026-05-25 10:50
TATATECH,Tata Technologies Ltd,2026-05-05,BSE_PIPELINE,RESULTS,RESULT,,6,RESULT_EVENT,CONFIRMED,STRONG,76.0,NORMAL,0.42,NORMAL,False,,⚡ RESULT | TATATECH (Tata Technologies Ltd) | Signal: RESULT_EVENT | Tier: STRONG | 📌 EVENT TRADE ≠ multibagger position,2026-05-25 10:50
DLINKINDIA,D-Link (India) Ltd,2026-05-11,BSE_PIPELINE,RESULTS,RESULT,,6,RESULT_EVENT,CONFIRMED,STRONG,80.0,NORMAL,-0.74,NORMAL,False,,⚡ RESULT | DLINKINDIA (D-Link (India) Ltd) | Signal: RESULT_EVENT | Tier: STRONG | 📌 EVENT TRADE ≠ multibagger position,2026-05-25 10:50
BHARATFORG,BHARAT FORGE LTD.,2026-04-30,BSE_LIVE_POLLER,RESULTS,RESULT,,6,RESULT_EVENT,CONFIRMED,STRONG,65.0,NORMAL,2.18,NORMAL,False,,⚡ RESULT | BHARATFORG (BHARAT FORGE LTD.) | Signal: RESULT_EVENT | Tier: STRONG | 📌 EVENT TRADE ≠ multibagger position,2026-05-25 10:50
STEELCAS,Steelcast Ltd,2026-05-21,BSE_PIPELINE,RESULTS,RESULT,,6,RESULT_EVENT,CONFIRMED,STRONG,73.0,NORMAL,3.37,NORMAL,False,,⚡ RESULT | STEELCAS (Steelcast Ltd) | Signal: RESULT_EVENT | Tier: STRONG | 📌 EVENT TRADE ≠ multibagger position,2026-05-25 10:50
ADANIPOWER,Adani Power Ltd,2026-04-30,BSE_PIPELINE,RESULTS,RESULT,,6,RESULT_EVENT,CONFIRMED,STRONG,91.0,NORMAL,0.1,NORMAL,False,,⚡ RESULT | ADANIPOWER (Adani Power Ltd) | Signal: RESULT_EVENT | Tier: STRONG | 📌 EVENT TRADE ≠ multibagger position,2026-05-25 10:50
MAPMYINDIA,C.E. Info Systems Ltd,2026-05-20,BSE_PIPELINE,RESULTS,RESULT,,6,RESULT_EVENT,CONFIRMED,STRONG,70.0,NORMAL,-10.95,NORMAL,False,,⚡ RESULT | MAPMYINDIA (C.E. Info Systems Ltd) | Signal: RESULT_EVENT | Tier: STRONG | 📌 EVENT TRADE ≠ multibagger position,2026-05-25 10:50
NAVINFLUOR,Navin Fluorine International Ltd-$,2026-04-30,BSE_PIPELINE,RESULTS,RESULT,,6,RESULT_EVENT,CONFIRMED,STRONG,76.0,NORMAL,0.7,NORMAL,False,,⚡ RESULT | NAVINFLUOR (Navin Fluorine International Ltd-$) | Signal: RESULT_EVENT | Tier: STRONG | 📌 EVENT TRADE ≠ multibagger position,2026-05-25 10:50
JBCHEPHARM,JB Chemicals & Pharmaceuticals Ltd,2026-05-12,BSE_PIPELINE,RESULTS,RESULT,,6,RESULT_EVENT,CONFIRMED,PRIME,80.0,NORMAL,0.97,NORMAL,False,,⚡ RESULT | JBCHEPHARM (JB Chemicals & Pharmaceuticals Ltd) | Signal: RESULT_EVENT | Tier: PRIME | 📌 EVENT TRADE ≠ multibagger position,2026-05-25 10:50
RAILTEL,RailTel Corporation of India Ltd,2026-05-02,BSE_PIPELINE,RESULTS,RESULT,,6,RESULT_EVENT,CONFIRMED,STRONG,69.0,NORMAL,0.87,NORMAL,False,,⚡ RESULT | RAILTEL (RailTel Corporation of India Ltd) | Signal: RESULT_EVENT | Tier: STRONG | 📌 EVENT TRADE ≠ multibagger position,2026-05-25 10:50
HIRECT,Hind Rectifiers Ltd,2026-05-17,BSE_PIPELINE,RESULTS,RESULT,,6,RESULT_EVENT,CONFIRMED,PRIME,84.0,NORMAL,-2.95,NORMAL,False,,⚡ RESULT | HIRECT (Hind Rectifiers Ltd) | Signal: RESULT_EVENT | Tier: PRIME | 📌 EVENT TRADE ≠ multibagger position,2026-05-25 10:50
INDUSTOWER,Indus Towers Ltd,2026-05-02,BSE_PIPELINE,RESULTS,RESULT,,6,RESULT_EVENT,CONFIRMED,STRONG,78.0,NORMAL,0.31,NORMAL,False,,⚡ RESULT | INDUSTOWER (Indus Towers Ltd) | Signal: RESULT_EVENT | Tier: STRONG | 📌 EVENT TRADE ≠ multibagger position,2026-05-25 10:50
BHARATWIRE,Bharat Wire Ropes Ltd,2026-05-17,BSE_PIPELINE,RESULTS,RESULT,,6,RESULT_EVENT,CONFIRMED,PRIME,81.0,NORMAL,0.38,NORMAL,False,,⚡ RESULT | BHARATWIRE (Bharat Wire Ropes Ltd) | Signal: RESULT_EVENT | Tier: PRIME | 📌 EVENT TRADE ≠ multibagger position,2026-05-25 10:50
INDUSTOWER,Indus Towers Ltd,2026-05-02,BSE_PIPELINE,RESULTS,RESULT,,6,RESULT_EVENT,CONFIRMED,STRONG,78.0,NORMAL,0.31,NORMAL,False,,⚡ RESULT | INDUSTOWER (Indus Towers Ltd) | Signal: RESULT_EVENT | Tier: STRONG | 📌 EVENT TRADE ≠ multibagger position,2026-05-25 10:50
KSB,KSB LIMITED,2026-04-30,BSE_LIVE_POLLER,RESULTS,RESULT,,6,RESULT_EVENT,CONFIRMED,STRONG,68.0,NORMAL,-2.09,NORMAL,False,,⚡ RESULT | KSB (KSB LIMITED) | Signal: RESULT_EVENT | Tier: STRONG | 📌 EVENT TRADE ≠ multibagger position,2026-05-25 10:50
JLHL,Jupiter Life Line Hospitals Ltd,2026-05-17,BSE_PIPELINE,CORPORATE_ACTION,BONUS_SPLIT,,6,BONUS_SPLIT_SIGNAL,WATCH,WATCHLIST_CONFIRMED,53.0,NORMAL,2.16,NORMAL,False,,⚡ BONUS_SPLIT | JLHL (Jupiter Life Line Hospitals Ltd) | Signal: BONUS_SPLIT_SIGNAL | Tier: WATCHLIST_CONFIRMED | 📌 EVENT TRADE ≠ multibagger position,2026-05-25 10:50
MBEL,M & B Engineering Ltd,2026-05-12,BSE_PIPELINE,RESULTS,RESULT,,6,RESULT_EVENT,CONFIRMED,STRONG,76.0,NORMAL,-2.46,NORMAL,False,,⚡ RESULT | MBEL (M & B Engineering Ltd) | Signal: RESULT_EVENT | Tier: STRONG | 📌 EVENT TRADE ≠ multibagger position,2026-05-25 10:50
DYCL,Dynamic Cables Ltd,2026-05-12,BSE_PIPELINE,RESULTS,RESULT,,6,RESULT_EVENT,CONFIRMED,STRONG,73.0,NORMAL,1.64,NORMAL,False,,⚡ RESULT | DYCL (Dynamic Cables Ltd) | Signal: RESULT_EVENT | Tier: STRONG | 📌 EVENT TRADE ≠ multibagger position,2026-05-25 10:50
MBEL,M & B Engineering Ltd,2026-05-12,BSE_PIPELINE,RESULTS,RESULT,,6,RESULT_EVENT,CONFIRMED,STRONG,76.0,NORMAL,-2.46,NORMAL,False,,⚡ RESULT | MBEL (M & B Engineering Ltd) | Signal: RESULT_EVENT | Tier: STRONG | 📌 EVENT TRADE ≠ multibagger position,2026-05-25 10:50
DYCL,Dynamic Cables Ltd,2026-05-12,BSE_PIPELINE,RESULTS,RESULT,,6,RESULT_EVENT,CONFIRMED,STRONG,73.0,NORMAL,1.64,NORMAL,False,,⚡ RESULT | DYCL (Dynamic Cables Ltd) | Signal: RESULT_EVENT | Tier: STRONG | 📌 EVENT TRADE ≠ multibagger position,2026-05-25 10:50
RRKABEL,R R KABEL LIMITED,2026-04-30,BSE_LIVE_POLLER,RESULTS,RESULT,,6,RESULT_EVENT,CONFIRMED,PRIME,80.0,NORMAL,1.5,NORMAL,False,,⚡ RESULT | RRKABEL (R R KABEL LIMITED) | Signal: RESULT_EVENT | Tier: PRIME | 📌 EVENT TRADE ≠ multibagger position,2026-05-25 10:50
MBEL,M & B Engineering Ltd,2026-05-12,BSE_PIPELINE,RESULTS,RESULT,,6,RESULT_EVENT,CONFIRMED,STRONG,76.0,NORMAL,-2.46,NORMAL,False,,⚡ RESULT | MBEL (M & B Engineering Ltd) | Signal: RESULT_EVENT | Tier: STRONG | 📌 EVENT TRADE ≠ multibagger position,2026-05-25 10:50
JBCHEPHARM,J.B.CHEMICALS & PHARMACEUTICAL,2026-05-12,BSE_LIVE_POLLER,RESULTS,RESULT,,6,RESULT_EVENT,CONFIRMED,PRIME,80.0,NORMAL,0.97,NORMAL,False,,⚡ RESULT | JBCHEPHARM (J.B.CHEMICALS & PHARMACEUTICAL) | Signal: RESULT_EVENT | Tier: PRIME | 📌 EVENT TRADE ≠ multibagger position,2026-05-25 10:50
APLAPOLLO,APL Apollo Tubes Ltd,2026-05-02,BSE_PIPELINE,RESULTS,RESULT,,6,RESULT_EVENT,CONFIRMED,STRONG,69.0,NORMAL,0.86,NORMAL,False,,⚡ RESULT | APLAPOLLO (APL Apollo Tubes Ltd) | Signal: RESULT_EVENT | Tier: STRONG | 📌 EVENT TRADE ≠ multibagger position,2026-05-25 10:50
RRKABEL,R R KABEL LIMITED,2026-04-30,BSE_LIVE_POLLER,RESULTS,RESULT,,6,RESULT_EVENT,CONFIRMED,PRIME,80.0,NORMAL,1.5,NORMAL,False,,⚡ RESULT | RRKABEL (R R KABEL LIMITED) | Signal: RESULT_EVENT | Tier: PRIME | 📌 EVENT TRADE ≠ multibagger position,2026-05-25 10:50
AJAXENGG,AJAX Engineering Ltd,2026-05-19,BSE_PIPELINE,RESULTS,RESULT,,6,RESULT_EVENT,CONFIRMED,STRONG,68.0,NORMAL,0.34,NORMAL,False,,⚡ RESULT | AJAXENGG (AJAX Engineering Ltd) | Signal: RESULT_EVENT | Tier: STRONG | 📌 EVENT TRADE ≠ multibagger position,2026-05-25 10:50
ELGIEQUIP,ELGI EQUIPMENTS LTD.,2026-05-12,BSE_LIVE_POLLER,RESULTS,RESULT,,6,RESULT_EVENT,CONFIRMED,STRONG,71.0,NORMAL,3.52,NORMAL,False,,⚡ RESULT | ELGIEQUIP (ELGI EQUIPMENTS LTD.) | Signal: RESULT_EVENT | Tier: STRONG | 📌 EVENT TRADE ≠ multibagger position,2026-05-25 10:50
DYCL,Dynamic Cables Limited,2026-05-12,BSE_LIVE_POLLER,RESULTS,RESULT,,6,RESULT_EVENT,CONFIRMED,STRONG,73.0,NORMAL,1.64,NORMAL,False,,⚡ RESULT | DYCL (Dynamic Cables Limited) | Signal: RESULT_EVENT | Tier: STRONG | 📌 EVENT TRADE ≠ multibagger position,2026-05-25 10:50
IGL,Indraprastha Gas Ltd,2026-05-19,BSE_PIPELINE,RESULTS,RESULT,,6,RESULT_EVENT,CONFIRMED,STRONG,69.0,NORMAL,-1.17,NORMAL,False,,⚡ RESULT | IGL (Indraprastha Gas Ltd) | Signal: RESULT_EVENT | Tier: STRONG | 📌 EVENT TRADE ≠ multibagger position,2026-05-25 10:50
DOMS,DOMS Industries Ltd,2026-05-19,BSE_PIPELINE,RESULTS,RESULT,,6,RESULT_EVENT,CONFIRMED,STRONG,74.0,NORMAL,-5.4,NORMAL,False,,⚡ RESULT | DOMS (DOMS Industries Ltd) | Signal: RESULT_EVENT | Tier: STRONG | 📌 EVENT TRADE ≠ multibagger position,2026-05-25 10:50
USHAMART,USHA MARTIN LTD.,2026-04-30,BSE_LIVE_POLLER,RESULTS,RESULT,,6,RESULT_EVENT,CONFIRMED,STRONG,67.0,NORMAL,-0.9,NORMAL,False,,⚡ RESULT | USHAMART (USHA MARTIN LTD.) | Signal: RESULT_EVENT | Tier: STRONG | 📌 EVENT TRADE ≠ multibagger position,2026-05-25 10:50
LINCOLN,Lincoln Pharmaceuticals Ltd,2026-05-19,BSE_PIPELINE,RESULTS,RESULT,,6,RESULT_EVENT,CONFIRMED,STRONG,72.0,NORMAL,3.35,NORMAL,False,,⚡ RESULT | LINCOLN (Lincoln Pharmaceuticals Ltd) | Signal: RESULT_EVENT | Tier: STRONG | 📌 EVENT TRADE ≠ multibagger position,2026-05-25 10:50
RAMRAT,Ram Ratna Wires Ltd-$,2026-05-19,BSE_PIPELINE,RESULTS,RESULT,,6,RESULT_EVENT,CONFIRMED,STRONG,67.0,NORMAL,1.66,NORMAL,False,,⚡ RESULT | RAMRAT (Ram Ratna Wires Ltd-$) | Signal: RESULT_EVENT | Tier: STRONG | 📌 EVENT TRADE ≠ multibagger position,2026-05-25 10:50
CMSINFO,CMS Info Systems Ltd,2026-05-12,BSE_PIPELINE,RESULTS,RESULT,,6,RESULT_EVENT,CONFIRMED,STRONG,73.0,NORMAL,0.25,NORMAL,False,,⚡ RESULT | CMSINFO (CMS Info Systems Ltd) | Signal: RESULT_EVENT | Tier: STRONG | 📌 EVENT TRADE ≠ multibagger position,2026-05-25 10:50
USHAMART,USHA MARTIN LTD.,2026-04-30,BSE_LIVE_POLLER,RESULTS,RESULT,,6,RESULT_EVENT,CONFIRMED,STRONG,67.0,NORMAL,-0.9,NORMAL,False,,⚡ RESULT | USHAMART (USHA MARTIN LTD.) | Signal: RESULT_EVENT | Tier: STRONG | 📌 EVENT TRADE ≠ multibagger position,2026-05-25 10:50
ENGINERSIN,Engineers India Ltd,2026-05-22,BSE_PIPELINE,RESULTS,RESULT,,6,RESULT_EVENT,CONFIRMED,PRIME,91.0,NORMAL,-11.84,NORMAL,False,,⚡ RESULT | ENGINERSIN (Engineers India Ltd) | Signal: RESULT_EVENT | Tier: PRIME | 📌 EVENT TRADE ≠ multibagger position,2026-05-25 10:50
UNITDSPR,United Spirits Ltd,2026-05-05,BSE_PIPELINE,RESULTS,RESULT,,6,RESULT_EVENT,CONFIRMED,STRONG,76.0,NORMAL,-1.75,NORMAL,False,,⚡ RESULT | UNITDSPR (United Spirits Ltd) | Signal: RESULT_EVENT | Tier: STRONG | 📌 EVENT TRADE ≠ multibagger position,2026-05-25 10:50
INDIAMART,IndiaMART InterMESH Ltd,2026-05-02,BSE_PIPELINE,RESULTS,RESULT,,6,RESULT_EVENT,CONFIRMED,STRONG,81.0,NORMAL,2.39,NORMAL,False,,⚡ RESULT | INDIAMART (IndiaMART InterMESH Ltd) | Signal: RESULT_EVENT | Tier: STRONG | 📌 EVENT TRADE ≠ multibagger position,2026-05-25 10:50
AJANTPHARM,Ajanta Pharma Ltd,2026-05-06,BSE_PIPELINE,RESULTS,RESULT,,6,RESULT_EVENT,CONFIRMED,STRONG,69.0,NORMAL,-4.33,NORMAL,False,,⚡ RESULT | AJANTPHARM (Ajanta Pharma Ltd) | Signal: RESULT_EVENT | Tier: STRONG | 📌 EVENT TRADE ≠ multibagger position,2026-05-25 10:50
ENGINERSIN,Engineers India Ltd,2026-05-22,BSE_PIPELINE,RESULTS,RESULT,,6,RESULT_EVENT,CONFIRMED,PRIME,91.0,NORMAL,-11.84,NORMAL,False,,⚡ RESULT | ENGINERSIN (Engineers India Ltd) | Signal: RESULT_EVENT | Tier: PRIME | 📌 EVENT TRADE ≠ multibagger position,2026-05-25 10:50
SJS,S.J.S. Enterprises Ltd,2026-05-06,BSE_PIPELINE,RESULTS,RESULT,,6,RESULT_EVENT,CONFIRMED,STRONG,72.0,NORMAL,-0.1,NORMAL,False,,⚡ RESULT | SJS (S.J.S. Enterprises Ltd) | Signal: RESULT_EVENT | Tier: STRONG | 📌 EVENT TRADE ≠ multibagger position,2026-05-25 10:50
LICI,Life Insurance Corporation of India,2026-05-22,BSE_PIPELINE,CORPORATE_ACTION,BONUS_SPLIT,,6,BONUS_SPLIT_SIGNAL,WATCH,WATCHLIST_EXTERNAL,57.0,NORMAL,1.18,NORMAL,False,,⚡ BONUS_SPLIT | LICI (Life Insurance Corporation of India) | Signal: BONUS_SPLIT_SIGNAL | Tier: WATCHLIST_EXTERNAL | 📌 EVENT TRADE ≠ multibagger position,2026-05-25 10:50
LODHA,Lodha Developers Ltd,2026-04-25,BSE_PIPELINE,RESULTS,RESULT,,6,RESULT_EVENT,CONFIRMED,STRONG,79.0,NORMAL,-0.61,NORMAL,False,,⚡ RESULT | LODHA (Lodha Developers Ltd) | Signal: RESULT_EVENT | Tier: STRONG | 📌 EVENT TRADE ≠ multibagger position,2026-05-25 10:50
WELCORP,Welspun Corp Ltd,2026-05-22,BSE_PIPELINE,RESULTS,RESULT,,6,RESULT_EVENT,CONFIRMED,STRONG,72.0,NORMAL,-0.25,NORMAL,False,,⚡ RESULT | WELCORP (Welspun Corp Ltd) | Signal: RESULT_EVENT | Tier: STRONG | 📌 EVENT TRADE ≠ multibagger position,2026-05-25 10:50
MCX,Multi Commodity Exchange of India Ltd,2026-05-09,BSE_PIPELINE,RESULTS,RESULT,,6,RESULT_EVENT,CONFIRMED,STRONG,64.0,NORMAL,-4.24,NORMAL,False,,⚡ RESULT | MCX (Multi Commodity Exchange of India Ltd) | Signal: RESULT_EVENT | Tier: STRONG | 📌 EVENT TRADE ≠ multibagger position,2026-05-25 10:50
NAVNETEDUL,Navneet Education Ltd,2026-05-22,BSE_PIPELINE,RESULTS,RESULT,,6,RESULT_EVENT,CONFIRMED,STRONG,75.0,NORMAL,0.25,NORMAL,False,,⚡ RESULT | NAVNETEDUL (Navneet Education Ltd) | Signal: RESULT_EVENT | Tier: STRONG | 📌 EVENT TRADE ≠ multibagger position,2026-05-25 10:50
IXIGO,Le Travenues Technology Ltd,2026-05-06,BSE_PIPELINE,RESULTS,RESULT,,6,RESULT_EVENT,CONFIRMED,STRONG,78.0,NORMAL,5.38,NORMAL,False,,⚡ RESULT | IXIGO (Le Travenues Technology Ltd) | Signal: RESULT_EVENT | Tier: STRONG | 📌 EVENT TRADE ≠ multibagger position,2026-05-25 10:50
SHARDAMOTR,Sharda Motor Industries Ltd,2026-05-22,BSE_PIPELINE,RESULTS,RESULT,,6,RESULT_EVENT,CONFIRMED,STRONG,71.0,NORMAL,-3.35,NORMAL,False,,⚡ RESULT | SHARDAMOTR (Sharda Motor Industries Ltd) | Signal: RESULT_EVENT | Tier: STRONG | 📌 EVENT TRADE ≠ multibagger position,2026-05-25 10:50
DIXON,Dixon Technologies (India) Ltd,2026-05-06,BSE_PIPELINE,RESULTS,RESULT,,6,RESULT_EVENT,CONFIRMED,STRONG,67.0,NORMAL,6.1,NORMAL,False,,⚡ RESULT | DIXON (Dixon Technologies (India) Ltd) | Signal: RESULT_EVENT | Tier: STRONG | 📌 EVENT TRADE ≠ multibagger position,2026-05-25 10:50
AHCL,ANLON HEALTHCARE LIMITED,2026-04-27,BSE_LIVE_POLLER,CORPORATE_ACTION,BONUS_SPLIT,,6,BONUS_SPLIT_SIGNAL,WATCH,WATCHLIST_CONFIRMED,51.0,NORMAL,3.27,NORMAL,False,,⚡ BONUS_SPLIT | AHCL (ANLON HEALTHCARE LIMITED) | Signal: BONUS_SPLIT_SIGNAL | Tier: WATCHLIST_CONFIRMED | 📌 EVENT TRADE ≠ multibagger position,2026-05-25 10:50
DYCL,Dynamic Cables Limited,2026-05-06,BSE_LIVE_POLLER,RESULTS,RESULT,,6,RESULT_EVENT,CONFIRMED,STRONG,73.0,NORMAL,1.64,NORMAL,False,,⚡ RESULT | DYCL (Dynamic Cables Limited) | Signal: RESULT_EVENT | Tier: STRONG | 📌 EVENT TRADE ≠ multibagger position,2026-05-25 10:50
RML,RANE (MADRAS) LTD.,2026-05-06,BSE_LIVE_POLLER,RESULTS,RESULT,,6,RESULT_EVENT,CONFIRMED,STRONG,60.0,NORMAL,3.54,NORMAL,False,,⚡ RESULT | RML (RANE (MADRAS) LTD.) | Signal: RESULT_EVENT | Tier: STRONG | 📌 EVENT TRADE ≠ multibagger position,2026-05-25 10:50
DAMCAPITAL,DAM Capital Advisors Ltd,2026-05-23,BSE_PIPELINE,RESULTS,RESULT,,6,RESULT_EVENT,CONFIRMED,STRONG,66.0,NORMAL,5.65,NORMAL,False,,⚡ RESULT | DAMCAPITAL (DAM Capital Advisors Ltd) | Signal: RESULT_EVENT | Tier: STRONG | 📌 EVENT TRADE ≠ multibagger position,2026-05-25 10:50
LLOYDSME,Lloyds Metals and Energy Ltd,2026-05-06,BSE_PIPELINE,RESULTS,RESULT,,6,RESULT_EVENT,CONFIRMED,PRIME,85.0,NORMAL,4.37,NORMAL,False,,⚡ RESULT | LLOYDSME (Lloyds Metals and Energy Ltd) | Signal: RESULT_EVENT | Tier: PRIME | 📌 EVENT TRADE ≠ multibagger position,2026-05-25 10:50
ACUTAAS,ACUTAAS CHEMICALS LIMITED,2026-05-06,BSE_LIVE_POLLER,RESULTS,RESULT,,6,RESULT_EVENT,CONFIRMED,STRONG,72.0,NORMAL,2.24,NORMAL,False,,⚡ RESULT | ACUTAAS (ACUTAAS CHEMICALS LIMITED) | Signal: RESULT_EVENT | Tier: STRONG | 📌 EVENT TRADE ≠ multibagger position,2026-05-25 10:50
HSCL,Himadri Speciality Chemical Ltd,2026-04-25,BSE_PIPELINE,RESULTS,RESULT,,6,RESULT_EVENT,CONFIRMED,PRIME,89.0,NORMAL,4.29,NORMAL,False,,⚡ RESULT | HSCL (Himadri Speciality Chemical Ltd) | Signal: RESULT_EVENT | Tier: PRIME | 📌 EVENT TRADE ≠ multibagger position,2026-05-25 10:50
MCX,Multi Commodity Exchange of India Ltd,2026-05-09,BSE_PIPELINE,RESULTS,RESULT,,6,RESULT_EVENT,CONFIRMED,STRONG,64.0,NORMAL,-4.24,NORMAL,False,,⚡ RESULT | MCX (Multi Commodity Exchange of India Ltd) | Signal: RESULT_EVENT | Tier: STRONG | 📌 EVENT TRADE ≠ multibagger position,2026-05-25 10:50
AXISCADES,Axiscades Technologies Ltd,2026-05-25,BSE_PIPELINE,RESULTS,RESULT,,6,RESULT_EVENT,CONFIRMED,STRONG,71.0,NORMAL,-2.45,NORMAL,False,,⚡ RESULT | AXISCADES (Axiscades Technologies Ltd) | Signal: RESULT_EVENT | Tier: STRONG | 📌 EVENT TRADE ≠ multibagger position,2026-05-25 10:50
POLYCAB,Polycab India Limited,2026-05-06,BSE_LIVE_POLLER,RESULTS,RESULT,,6,RESULT_EVENT,CONFIRMED,PRIME,88.0,NORMAL,1.1,NORMAL,False,,⚡ RESULT | POLYCAB (Polycab India Limited) | Signal: RESULT_EVENT | Tier: PRIME | 📌 EVENT TRADE ≠ multibagger position,2026-05-25 10:50
EMCURE,Emcure Pharmaceuticals Ltd,2026-05-06,BSE_PIPELINE,RESULTS,RESULT,,6,RESULT_EVENT,CONFIRMED,STRONG,65.0,NORMAL,0.2,NORMAL,False,,⚡ RESULT | EMCURE (Emcure Pharmaceuticals Ltd) | Signal: RESULT_EVENT | Tier: STRONG | 📌 EVENT TRADE ≠ multibagger position,2026-05-25 10:50
ONWARDTEC,Onward Technologies Ltd,2026-05-06,BSE_PIPELINE,RESULTS,RESULT,,6,RESULT_EVENT,CONFIRMED,STRONG,65.0,NORMAL,1.27,NORMAL,False,,⚡ RESULT | ONWARDTEC (Onward Technologies Ltd) | Signal: RESULT_EVENT | Tier: STRONG | 📌 EVENT TRADE ≠ multibagger position,2026-05-25 10:50
ABSLAMC,Aditya Birla Sun Life AMC Ltd,2026-04-25,BSE_PIPELINE,RESULTS,RESULT,,6,RESULT_EVENT,CONFIRMED,STRONG,60.0,NORMAL,-2.43,NORMAL,False,,⚡ RESULT | ABSLAMC (Aditya Birla Sun Life AMC Ltd) | Signal: RESULT_EVENT | Tier: STRONG | 📌 EVENT TRADE ≠ multibagger position,2026-05-25 10:50
EMCURE,Emcure Pharmaceuticals Ltd,2026-05-06,BSE_PIPELINE,RESULTS,RESULT,,6,RESULT_EVENT,CONFIRMED,STRONG,65.0,NORMAL,0.2,NORMAL,False,,⚡ RESULT | EMCURE (Emcure Pharmaceuticals Ltd) | Signal: RESULT_EVENT | Tier: STRONG | 📌 EVENT TRADE ≠ multibagger position,2026-05-25 10:50
ALLTIME,All Time Plastics Ltd,2026-05-23,BSE_PIPELINE,RESULTS,RESULT,,6,RESULT_EVENT,CONFIRMED,STRONG,66.0,NORMAL,3.39,NORMAL,False,,⚡ RESULT | ALLTIME (All Time Plastics Ltd) | Signal: RESULT_EVENT | Tier: STRONG | 📌 EVENT TRADE ≠ multibagger position,2026-05-25 10:50
POLYCAB,Polycab India Limited,2026-05-06,BSE_LIVE_POLLER,RESULTS,RESULT,,6,RESULT_EVENT,CONFIRMED,PRIME,88.0,NORMAL,1.1,NORMAL,False,,⚡ RESULT | POLYCAB (Polycab India Limited) | Signal: RESULT_EVENT | Tier: PRIME | 📌 EVENT TRADE ≠ multibagger position,2026-05-25 10:50
AEROFLEX,Aeroflex Industries Ltd,2026-05-06,BSE_PIPELINE,RESULTS,RESULT,,6,RESULT_EVENT,CONFIRMED,PRIME,80.0,NORMAL,5.57,NORMAL,False,,⚡ RESULT | AEROFLEX (Aeroflex Industries Ltd) | Signal: RESULT_EVENT | Tier: PRIME | 📌 EVENT TRADE ≠ multibagger position,2026-05-25 10:50
HEROMOTOCO,Hero MotoCorp Ltd,2026-05-06,BSE_PIPELINE,RESULTS,RESULT,,6,RESULT_EVENT,CONFIRMED,STRONG,70.0,NORMAL,-0.83,NORMAL,False,,⚡ RESULT | HEROMOTOCO (Hero MotoCorp Ltd) | Signal: RESULT_EVENT | Tier: STRONG | 📌 EVENT TRADE ≠ multibagger position,2026-05-25 10:50
TANLA,Tanla Platforms Ltd,2026-04-25,BSE_PIPELINE,RESULTS,RESULT,,6,RESULT_EVENT,CONFIRMED,STRONG,61.0,NORMAL,-0.89,NORMAL,False,,⚡ RESULT | TANLA (Tanla Platforms Ltd) | Signal: RESULT_EVENT | Tier: STRONG | 📌 EVENT TRADE ≠ multibagger position,2026-05-25 10:50
AVANTEL,Avantel Ltd,2026-04-27,BSE_PIPELINE,RESULTS,RESULT,,6,RESULT_EVENT,CONFIRMED,STRONG,70.0,NORMAL,7.22,NORMAL,False,,⚡ RESULT | AVANTEL (Avantel Ltd) | Signal: RESULT_EVENT | Tier: STRONG | 📌 EVENT TRADE ≠ multibagger position,2026-05-25 10:50
HERITGFOOD,HERITAGE FOODS LIMITED,2026-05-12,BSE_LIVE_POLLER,RESULTS,RESULT,,5,RESULT_EVENT,WATCH,WATCHLIST_CONFIRMED,74.0,NORMAL,-0.21,NORMAL,False,,⚡ RESULT | HERITGFOOD (HERITAGE FOODS LIMITED) | Signal: RESULT_EVENT | Tier: WATCHLIST_CONFIRMED | 📌 EVENT TRADE ≠ multibagger position,2026-05-25 10:50
ZFSTEERING,Z.F.STEERING GEAR (INDIA) LTD.,2026-05-12,BSE_LIVE_POLLER,RESULTS,RESULT,,5,SUPPRESSED,SUPPRESSED,AVOID,0.0,ILLIQUID,-0.68,NORMAL,True,Stock tier=AVOID — event suppressed,⚡ RESULT | ZFSTEERING (Z.F.STEERING GEAR (INDIA) LTD.) | Tier: AVOID | ⚠️ ILLIQUID stock | 📌 EVENT TRADE ≠ multibagger position,2026-05-25 10:50
RENUKA,Shree Renuka Sugars Ltd,2026-05-09,BSE_PIPELINE,RESULTS,RESULT,,5,SUPPRESSED,SUPPRESSED,AVOID,0.0,NORMAL,1.06,NORMAL,True,Stock tier=AVOID — event suppressed,⚡ RESULT | RENUKA (Shree Renuka Sugars Ltd) | Tier: AVOID | 📌 EVENT TRADE ≠ multibagger position,2026-05-25 10:50
RAIN,Rain Industries Ltd,2026-05-09,BSE_PIPELINE,RESULTS,RESULT,,5,SUPPRESSED,SUPPRESSED,AVOID,0.0,NORMAL,1.83,NORMAL,True,Stock tier=AVOID — event suppressed,⚡ RESULT | RAIN (Rain Industries Ltd) | Tier: AVOID | 📌 EVENT TRADE ≠ multibagger position,2026-05-25 10:50
SCI,Shipping Corporation of India Ltd,2026-05-09,BSE_PIPELINE,RESULTS,RESULT,,5,RESULT_EVENT,WATCH,WATCHLIST_CONFIRMED,73.0,NORMAL,-6.21,NORMAL,False,,⚡ RESULT | SCI (Shipping Corporation of India Ltd) | Signal: RESULT_EVENT | Tier: WATCHLIST_CONFIRMED | 📌 EVENT TRADE ≠ multibagger position,2026-05-25 10:50
KKCL,Kewal Kiran Clothing Ltd,2026-05-10,BSE_PIPELINE,RESULTS,RESULT,,5,SUPPRESSED,SUPPRESSED,AVOID,0.0,NORMAL,-2.43,NORMAL,True,Stock tier=AVOID — event suppressed,⚡ RESULT | KKCL (Kewal Kiran Clothing Ltd) | Tier: AVOID | 📌 EVENT TRADE ≠ multibagger position,2026-05-25 10:50
BOMDYEING,Bombay Dyeing & Manufacturing Company Ltd,2026-05-09,BSE_PIPELINE,RESULTS,RESULT,,5,RESULT_EVENT,WATCH,WATCHLIST_EXTERNAL,54.0,NORMAL,4.39,NORMAL,False,,⚡ RESULT | BOMDYEING (Bombay Dyeing & Manufacturing Company Ltd) | Signal: RESULT_EVENT | Tier: WATCHLIST_EXTERNAL | 📌 EVENT TRADE ≠ multibagger position,2026-05-25 10:50
ZFSTEERING,Z.F.STEERING GEAR (INDIA) LTD.,2026-05-12,BSE_LIVE_POLLER,RESULTS,RESULT,,5,SUPPRESSED,SUPPRESSED,AVOID,0.0,ILLIQUID,-0.68,NORMAL,True,Stock tier=AVOID — event suppressed,⚡ RESULT | ZFSTEERING (Z.F.STEERING GEAR (INDIA) LTD.) | Tier: AVOID | ⚠️ ILLIQUID stock | 📌 EVENT TRADE ≠ multibagger position,2026-05-25 10:50
PARKHOSPS,PARK MEDI WORLD LIMITED,2026-05-12,BSE_LIVE_POLLER,RESULTS,RESULT,,5,RESULT_EVENT,WATCH,WATCHLIST_CONFIRMED,50.0,NORMAL,4.73,NORMAL,False,,⚡ RESULT | PARKHOSPS (PARK MEDI WORLD LIMITED) | Signal: RESULT_EVENT | Tier: WATCHLIST_CONFIRMED | 📌 EVENT TRADE ≠ multibagger position,2026-05-25 10:50
PARKHOSPS,PARK MEDI WORLD LIMITED,2026-05-12,BSE_LIVE_POLLER,RESULTS,RESULT,,5,RESULT_EVENT,WATCH,WATCHLIST_CONFIRMED,50.0,NORMAL,4.73,NORMAL,False,,⚡ RESULT | PARKHOSPS (PARK MEDI WORLD LIMITED) | Signal: RESULT_EVENT | Tier: WATCHLIST_CONFIRMED | 📌 EVENT TRADE ≠ multibagger position,2026-05-25 10:50
UPL,UPL LIMITED,2026-05-12,BSE_LIVE_POLLER,RESULTS,RESULT,,5,RESULT_EVENT,WATCH,WATCHLIST_EXTERNAL,41.0,NORMAL,-0.21,NORMAL,False,,⚡ RESULT | UPL (UPL LIMITED) | Signal: RESULT_EVENT | Tier: WATCHLIST_EXTERNAL | 📌 EVENT TRADE ≠ multibagger position,2026-05-25 10:50
PNGSREVA,PNGS Reva Diamond Jewellery Li,2026-05-12,BSE_LIVE_POLLER,RESULTS,RESULT,,5,RESULT_EVENT,WATCH,WATCHLIST_CONFIRMED,49.0,NORMAL,6.88,NORMAL,False,,⚡ RESULT | PNGSREVA (PNGS Reva Diamond Jewellery Li) | Signal: RESULT_EVENT | Tier: WATCHLIST_CONFIRMED | 📌 EVENT TRADE ≠ multibagger position,2026-05-25 10:50
PARKHOSPS,PARK MEDI WORLD LIMITED,2026-05-12,BSE_LIVE_POLLER,RESULTS,RESULT,,5,RESULT_EVENT,WATCH,WATCHLIST_CONFIRMED,50.0,NORMAL,4.73,NORMAL,False,,⚡ RESULT | PARKHOSPS (PARK MEDI WORLD LIMITED) | Signal: RESULT_EVENT | Tier: WATCHLIST_CONFIRMED | 📌 EVENT TRADE ≠ multibagger position,2026-05-25 10:50
MOBIKWIK,One Mobikwik Systems Limited,2026-05-12,BSE_LIVE_POLLER,RESULTS,RESULT,,5,RESULT_EVENT,WATCH,WATCHLIST_EXTERNAL,47.0,NORMAL,-2.8,NORMAL,False,,⚡ RESULT | MOBIKWIK (One Mobikwik Systems Limited) | Signal: RESULT_EVENT | Tier: WATCHLIST_EXTERNAL | 📌 EVENT TRADE ≠ multibagger position,2026-05-25 10:50
SOUTHWEST,South West Pinnacle Exploratio,2026-05-12,BSE_LIVE_POLLER,ORDER_WIN,ORDER_WIN,UNKNOWN,5,WATCH_SIGNAL,CONFIRMED,STRONG,80.0,NORMAL,1.83,NORMAL,False,,⚡ ORDER_WIN | SOUTHWEST (South West Pinnacle Exploratio) | Signal: WATCH_SIGNAL | Tier: STRONG | 📌 EVENT TRADE ≠ multibagger position,2026-05-25 10:50
ADVANCE,Advance Agrolife Ltd,2026-05-09,BSE_PIPELINE,RESULTS,RESULT,,5,RESULT_EVENT,WATCH,WATCHLIST_CONFIRMED,63.0,NORMAL,3.7,NORMAL,False,,⚡ RESULT | ADVANCE (Advance Agrolife Ltd) | Signal: RESULT_EVENT | Tier: WATCHLIST_CONFIRMED | 📌 EVENT TRADE ≠ multibagger position,2026-05-25 10:50
RKSWAMY,R K Swamy Ltd,2026-05-12,BSE_PIPELINE,RESULTS,RESULT,,5,SUPPRESSED,SUPPRESSED,AVOID,0.0,RESTRICTED,6.17,NORMAL,True,Stock tier=AVOID — event suppressed,⚡ RESULT | RKSWAMY (R K Swamy Ltd) | Tier: AVOID | 📌 EVENT TRADE ≠ multibagger position,2026-05-25 10:50
WELSPUNLIV,Welspun Living Ltd,2026-05-12,BSE_PIPELINE,RESULTS,RESULT,,5,RESULT_EVENT,WATCH,WATCHLIST_CONFIRMED,63.0,NORMAL,-0.85,NORMAL,False,,⚡ RESULT | WELSPUNLIV (Welspun Living Ltd) | Signal: RESULT_EVENT | Tier: WATCHLIST_CONFIRMED | 📌 EVENT TRADE ≠ multibagger position,2026-05-25 10:50
ARTEMISMED,Artemis Medicare Services Ltd,2026-05-09,BSE_PIPELINE,RESULTS,RESULT,,5,RESULT_EVENT,NEUTRAL,MONITOR,17.0,NORMAL,-0.8,NORMAL,False,,⚡ RESULT | ARTEMISMED (Artemis Medicare Services Ltd) | Signal: RESULT_EVENT | Tier: MONITOR | 📌 EVENT TRADE ≠ multibagger position,2026-05-25 10:50
RUSTOMJEE,Keystone Realtors Limited,2026-05-12,BSE_LIVE_POLLER,RESULTS,RESULT,,5,RESULT_EVENT,WATCH,WATCHLIST_EXTERNAL,30.0,NORMAL,-1.36,NORMAL,False,,⚡ RESULT | RUSTOMJEE (Keystone Realtors Limited) | Signal: RESULT_EVENT | Tier: WATCHLIST_EXTERNAL | 📌 EVENT TRADE ≠ multibagger position,2026-05-25 10:50
NIITMTS,NIIT Learning Systems Limited,2026-05-12,BSE_LIVE_POLLER,RESULTS,RESULT,,5,RESULT_EVENT,WATCH,WATCHLIST_EXTERNAL,49.0,NORMAL,-11.79,NORMAL,False,,⚡ RESULT | NIITMTS (NIIT Learning Systems Limited) | Signal: RESULT_EVENT | Tier: WATCHLIST_EXTERNAL | 📌 EVENT TRADE ≠ multibagger position,2026-05-25 10:50
BAJAJHCARE,Bajaj Healthcare Ltd,2026-05-09,BSE_PIPELINE,RESULTS,RESULT,,5,RESULT_EVENT,WATCH,WATCHLIST_EXTERNAL,36.0,NORMAL,5.89,NORMAL,False,,⚡ RESULT | BAJAJHCARE (Bajaj Healthcare Ltd) | Signal: RESULT_EVENT | Tier: WATCHLIST_EXTERNAL | 📌 EVENT TRADE ≠ multibagger position,2026-05-25 10:50
KEC,KEC International Ltd,2026-05-17,BSE_PIPELINE,RESULTS,RESULT,,5,RESULT_EVENT,WATCH,WATCHLIST_CONFIRMED,60.0,NORMAL,3.33,NORMAL,False,,⚡ RESULT | KEC (KEC International Ltd) | Signal: RESULT_EVENT | Tier: WATCHLIST_CONFIRMED | 📌 EVENT TRADE ≠ multibagger position,2026-05-25 10:50
KAMATHOTEL,KAMAT HOTELS (INDIA) LTD.,2026-05-12,BSE_LIVE_POLLER,RESULTS,RESULT,,5,RESULT_EVENT,WATCH,WATCHLIST_CONFIRMED,58.0,NORMAL,-0.62,NORMAL,False,,⚡ RESULT | KAMATHOTEL (KAMAT HOTELS (INDIA) LTD.) | Signal: RESULT_EVENT | Tier: WATCHLIST_CONFIRMED | 📌 EVENT TRADE ≠ multibagger position,2026-05-25 10:50
VINATIORGA,VINATI ORGANICS LTD.,2026-05-12,BSE_LIVE_POLLER,RESULTS,RESULT,,5,RESULT_EVENT,WATCH,WATCHLIST_CONFIRMED,58.0,NORMAL,-0.82,NORMAL,False,,⚡ RESULT | VINATIORGA (VINATI ORGANICS LTD.) | Signal: RESULT_EVENT | Tier: WATCHLIST_CONFIRMED | 📌 EVENT TRADE ≠ multibagger position,2026-05-25 10:50
VINATIORGA,VINATI ORGANICS LTD.,2026-05-12,BSE_LIVE_POLLER,RESULTS,RESULT,,5,RESULT_EVENT,WATCH,WATCHLIST_CONFIRMED,58.0,NORMAL,-0.82,NORMAL,False,,⚡ RESULT | VINATIORGA (VINATI ORGANICS LTD.) | Signal: RESULT_EVENT | Tier: WATCHLIST_CONFIRMED | 📌 EVENT TRADE ≠ multibagger position,2026-05-25 10:50
SIL,STANDARD INDUSTRIES LTD.,2026-05-12,BSE_LIVE_POLLER,RESULTS,RESULT,,5,SUPPRESSED,SUPPRESSED,AVOID,0.0,ILLIQUID,0.57,NORMAL,True,Stock tier=AVOID — event suppressed,⚡ RESULT | SIL (STANDARD INDUSTRIES LTD.) | Tier: AVOID | ⚠️ ILLIQUID stock | 📌 EVENT TRADE ≠ multibagger position,2026-05-25 10:50
SESHAPAPER,SESHASAYEE PAPER & BOARDS LTD.,2026-05-12,BSE_LIVE_POLLER,RESULTS,RESULT,,5,SUPPRESSED,SUPPRESSED,AVOID,0.0,RESTRICTED,-1.08,NORMAL,True,Stock tier=AVOID — event suppressed,⚡ RESULT | SESHAPAPER (SESHASAYEE PAPER & BOARDS LTD.) | Tier: AVOID | 📌 EVENT TRADE ≠ multibagger position,2026-05-25 10:50
MOLDTKPAC,MOLD-TEK PACKAGING LIMITED,2026-05-06,BSE_LIVE_POLLER,RESULTS,RESULT,,5,SUPPRESSED,SUPPRESSED,AVOID,0.0,NORMAL,-0.36,NORMAL,True,Stock tier=AVOID — event suppressed,⚡ RESULT | MOLDTKPAC (MOLD-TEK PACKAGING LIMITED) | Tier: AVOID | 📌 EVENT TRADE ≠ multibagger position,2026-05-25 10:50
CAPILLARY,Capillary Technologies India L,2026-05-12,BSE_LIVE_POLLER,RESULTS,RESULT,,5,RESULT_EVENT,NEUTRAL,MONITOR,10.0,NORMAL,-0.39,NORMAL,False,,⚡ RESULT | CAPILLARY (Capillary Technologies India L) | Signal: RESULT_EVENT | Tier: MONITOR | 📌 EVENT TRADE ≠ multibagger position,2026-05-25 10:50
SIL,STANDARD INDUSTRIES LTD.,2026-05-12,BSE_LIVE_POLLER,RESULTS,RESULT,,5,SUPPRESSED,SUPPRESSED,AVOID,0.0,ILLIQUID,0.57,NORMAL,True,Stock tier=AVOID — event suppressed,⚡ RESULT | SIL (STANDARD INDUSTRIES LTD.) | Tier: AVOID | ⚠️ ILLIQUID stock | 📌 EVENT TRADE ≠ multibagger position,2026-05-25 10:50
TGBHOTELS,TGB BANQUETS AND HOTELS LTD.,2026-05-12,BSE_LIVE_POLLER,RESULTS,RESULT,,5,SUPPRESSED,SUPPRESSED,AVOID,0.0,ILLIQUID,-1.73,NORMAL,True,Stock tier=AVOID — event suppressed,⚡ RESULT | TGBHOTELS (TGB BANQUETS AND HOTELS LTD.) | Tier: AVOID | ⚠️ ILLIQUID stock | 📌 EVENT TRADE ≠ multibagger position,2026-05-25 10:50
VGUARD,V-GUARD INDUSTRIES LTD.,2026-05-12,BSE_LIVE_POLLER,RESULTS,RESULT,,5,RESULT_EVENT,WATCH,WATCHLIST_CONFIRMED,60.0,NORMAL,-2.48,NORMAL,False,,⚡ RESULT | VGUARD (V-GUARD INDUSTRIES LTD.) | Signal: RESULT_EVENT | Tier: WATCHLIST_CONFIRMED | 📌 EVENT TRADE ≠ multibagger position,2026-05-25 10:50
RUSTOMJEE,Keystone Realtors Limited,2026-05-12,BSE_LIVE_POLLER,RESULTS,RESULT,,5,RESULT_EVENT,WATCH,WATCHLIST_EXTERNAL,30.0,NORMAL,-1.36,NORMAL,False,,⚡ RESULT | RUSTOMJEE (Keystone Realtors Limited) | Signal: RESULT_EVENT | Tier: WATCHLIST_EXTERNAL | 📌 EVENT TRADE ≠ multibagger position,2026-05-25 10:50
SASKEN,Sasken Technologies Ltd,2026-05-09,BSE_PIPELINE,RESULTS,RESULT,,5,SUPPRESSED,SUPPRESSED,AVOID,0.0,NORMAL,-0.53,NORMAL,True,Stock tier=AVOID — event suppressed,⚡ RESULT | SASKEN (Sasken Technologies Ltd) | Tier: AVOID | 📌 EVENT TRADE ≠ multibagger position,2026-05-25 10:50
OBEROIRLTY,Oberoi Realty Ltd,2026-05-09,BSE_PIPELINE,RESULTS,RESULT,,5,RESULT_EVENT,WATCH,WATCHLIST_CONFIRMED,70.0,NORMAL,2.32,NORMAL,False,,⚡ RESULT | OBEROIRLTY (Oberoi Realty Ltd) | Signal: RESULT_EVENT | Tier: WATCHLIST_CONFIRMED | 📌 EVENT TRADE ≠ multibagger position,2026-05-25 10:50
ETHOSLTD,ETHOS LIMITED,2026-05-12,BSE_LIVE_POLLER,RESULTS,RESULT,,5,SUPPRESSED,SUPPRESSED,AVOID,0.0,NORMAL,3.9,NORMAL,True,Stock tier=AVOID — event suppressed,⚡ RESULT | ETHOSLTD (ETHOS LIMITED) | Tier: AVOID | 📌 EVENT TRADE ≠ multibagger position,2026-05-25 10:50
RAMAPHO,Rama Phosphates Ltd,2026-05-12,BSE_PIPELINE,RESULTS,RESULT,,5,SUPPRESSED,SUPPRESSED,AVOID,0.0,RESTRICTED,2.32,NORMAL,True,Stock tier=AVOID — event suppressed,⚡ RESULT | RAMAPHO (Rama Phosphates Ltd) | Tier: AVOID | 📌 EVENT TRADE ≠ multibagger position,2026-05-25 10:50
NEOGEN,Neogen Chemicals Ltd,2026-05-12,BSE_PIPELINE,RESULTS,RESULT,,5,RESULT_EVENT,WATCH,WATCHLIST_EXTERNAL,49.0,NORMAL,6.77,NORMAL,False,,⚡ RESULT | NEOGEN (Neogen Chemicals Ltd) | Signal: RESULT_EVENT | Tier: WATCHLIST_EXTERNAL | 📌 EVENT TRADE ≠ multibagger position,2026-05-25 10:50
MUTHOOTCAP,Muthoot Capital Services Ltd,2026-05-09,BSE_PIPELINE,RESULTS,RESULT,,5,SUPPRESSED,SUPPRESSED,AVOID,0.0,RESTRICTED,-1.34,NORMAL,True,Stock tier=AVOID — event suppressed,⚡ RESULT | MUTHOOTCAP (Muthoot Capital Services Ltd) | Tier: AVOID | 📌 EVENT TRADE ≠ multibagger position,2026-05-25 10:50
3IINFOLTD,3i Infotech Ltd,2026-05-09,BSE_PIPELINE,RESULTS,RESULT,,5,SUPPRESSED,SUPPRESSED,AVOID,0.0,RESTRICTED,-1.25,NORMAL,True,Stock tier=AVOID — event suppressed,⚡ RESULT | 3IINFOLTD (3i Infotech Ltd) | Tier: AVOID | 📌 EVENT TRADE ≠ multibagger position,2026-05-25 10:50
ACI,Archean Chemical Industries Ltd,2026-05-12,BSE_PIPELINE,RESULTS,RESULT,,5,SUPPRESSED,SUPPRESSED,AVOID,0.0,NORMAL,-0.72,NORMAL,True,Stock tier=AVOID — event suppressed,⚡ RESULT | ACI (Archean Chemical Industries Ltd) | Tier: AVOID | 📌 EVENT TRADE ≠ multibagger position,2026-05-25 10:50
SCI,Shipping Corporation of India Ltd,2026-05-09,BSE_PIPELINE,RESULTS,RESULT,,5,RESULT_EVENT,WATCH,WATCHLIST_CONFIRMED,73.0,NORMAL,-6.21,NORMAL,False,,⚡ RESULT | SCI (Shipping Corporation of India Ltd) | Signal: RESULT_EVENT | Tier: WATCHLIST_CONFIRMED | 📌 EVENT TRADE ≠ multibagger position,2026-05-25 10:50
KPRMILL,K.P.R.MILL LIMITED,2026-05-12,BSE_LIVE_POLLER,RESULTS,RESULT,,5,RESULT_EVENT,WATCH,WATCHLIST_CONFIRMED,70.0,NORMAL,-1.56,NORMAL,False,,⚡ RESULT | KPRMILL (K.P.R.MILL LIMITED) | Signal: RESULT_EVENT | Tier: WATCHLIST_CONFIRMED | 📌 EVENT TRADE ≠ multibagger position,2026-05-25 10:50
HLVLTD,HLV LIMITED,2026-05-12,BSE_LIVE_POLLER,RESULTS,RESULT,,5,SUPPRESSED,SUPPRESSED,AVOID,0.0,ILLIQUID,4.06,NORMAL,True,Stock tier=AVOID — event suppressed,⚡ RESULT | HLVLTD (HLV LIMITED) | Tier: AVOID | ⚠️ ILLIQUID stock | 📌 EVENT TRADE ≠ multibagger position,2026-05-25 10:50
HLVLTD,HLV LIMITED,2026-05-12,BSE_LIVE_POLLER,RESULTS,RESULT,,5,SUPPRESSED,SUPPRESSED,AVOID,0.0,ILLIQUID,4.06,NORMAL,True,Stock tier=AVOID — event suppressed,⚡ RESULT | HLVLTD (HLV LIMITED) | Tier: AVOID | ⚠️ ILLIQUID stock | 📌 EVENT TRADE ≠ multibagger position,2026-05-25 10:50
KPRMILL,K.P.R.MILL LIMITED,2026-05-12,BSE_LIVE_POLLER,RESULTS,RESULT,,5,RESULT_EVENT,WATCH,WATCHLIST_CONFIRMED,70.0,NORMAL,-1.56,NORMAL,False,,⚡ RESULT | KPRMILL (K.P.R.MILL LIMITED) | Signal: RESULT_EVENT | Tier: WATCHLIST_CONFIRMED | 📌 EVENT TRADE ≠ multibagger position,2026-05-25 10:50
SWIGGY,Swiggy Ltd,2026-05-09,BSE_PIPELINE,RESULTS,RESULT,,5,SUPPRESSED,SUPPRESSED,AVOID,0.0,NORMAL,-4.12,NORMAL,True,Stock tier=AVOID — event suppressed,⚡ RESULT | SWIGGY (Swiggy Ltd) | Tier: AVOID | 📌 EVENT TRADE ≠ multibagger position,2026-05-25 10:50
INDHOTEL,Indian Hotels Company Ltd,2026-05-12,BSE_PIPELINE,RESULTS,RESULT,,5,RESULT_EVENT,WATCH,WATCHLIST_CONFIRMED,62.0,NORMAL,-0.38,NORMAL,False,,⚡ RESULT | INDHOTEL (Indian Hotels Company Ltd) | Signal: RESULT_EVENT | Tier: WATCHLIST_CONFIRMED | 📌 EVENT TRADE ≠ multibagger position,2026-05-25 10:50
HERITGFOOD,Heritage Foods Ltd,2026-05-12,BSE_PIPELINE,RESULTS,RESULT,,5,RESULT_EVENT,WATCH,WATCHLIST_CONFIRMED,74.0,NORMAL,-0.21,NORMAL,False,,⚡ RESULT | HERITGFOOD (Heritage Foods Ltd) | Signal: RESULT_EVENT | Tier: WATCHLIST_CONFIRMED | 📌 EVENT TRADE ≠ multibagger position,2026-05-25 10:50
JSWENERGY,JSW Energy Ltd,2026-05-12,BSE_PIPELINE,RESULTS,RESULT,,5,RESULT_EVENT,NEUTRAL,MONITOR,37.0,NORMAL,3.39,NORMAL,False,,⚡ RESULT | JSWENERGY (JSW Energy Ltd) | Signal: RESULT_EVENT | Tier: MONITOR | 📌 EVENT TRADE ≠ multibagger position,2026-05-25 10:50
CHOLAHLDNG,Cholamandalam Financial Holdings Ltd,2026-05-09,BSE_PIPELINE,RESULTS,RESULT,,5,RESULT_EVENT,NEUTRAL,MONITOR,28.0,NORMAL,-4.44,NORMAL,False,,⚡ RESULT | CHOLAHLDNG (Cholamandalam Financial Holdings Ltd) | Signal: RESULT_EVENT | Tier: MONITOR | 📌 EVENT TRADE ≠ multibagger position,2026-05-25 10:50
DBCORP,D B CORP LTD,2026-05-11,BSE_LIVE_POLLER,RESULTS,RESULT,,5,RESULT_EVENT,WATCH,WATCHLIST_CONFIRMED,63.0,NORMAL,-0.61,NORMAL,False,,⚡ RESULT | DBCORP (D B CORP LTD) | Signal: RESULT_EVENT | Tier: WATCHLIST_CONFIRMED | 📌 EVENT TRADE ≠ multibagger position,2026-05-25 10:50
QUESS,Quess Corp Limited,2026-05-11,BSE_LIVE_POLLER,RESULTS,RESULT,,5,SUPPRESSED,SUPPRESSED,AVOID,0.0,NORMAL,-1.32,NORMAL,True,Stock tier=AVOID — event suppressed,⚡ RESULT | QUESS (Quess Corp Limited) | Tier: AVOID | 📌 EVENT TRADE ≠ multibagger position,2026-05-25 10:50
SHALBY,Shalby Limited,2026-05-11,BSE_LIVE_POLLER,RESULTS,RESULT,,5,SUPPRESSED,SUPPRESSED,AVOID,0.0,NORMAL,3.71,NORMAL,True,Stock tier=AVOID — event suppressed,⚡ RESULT | SHALBY (Shalby Limited) | Tier: AVOID | 📌 EVENT TRADE ≠ multibagger position,2026-05-25 10:50
LLOYDSENT,Lloyds Enterprises Ltd,2026-05-09,BSE_PIPELINE,RESULTS,RESULT,,5,SUPPRESSED,SUPPRESSED,AVOID,0.0,NORMAL,-0.98,NORMAL,True,Stock tier=AVOID — event suppressed,⚡ RESULT | LLOYDSENT (Lloyds Enterprises Ltd) | Tier: AVOID | 📌 EVENT TRADE ≠ multibagger position,2026-05-25 10:50
CERA,Cera Sanitaryware Ltd,2026-05-09,BSE_PIPELINE,RESULTS,RESULT,,5,SUPPRESSED,SUPPRESSED,AVOID,0.0,NORMAL,-1.13,NORMAL,True,Stock tier=AVOID — event suppressed,⚡ RESULT | CERA (Cera Sanitaryware Ltd) | Tier: AVOID | 📌 EVENT TRADE ≠ multibagger position,2026-05-25 10:50
AZAD,Azad Engineering Ltd,2026-05-09,BSE_PIPELINE,RESULTS,RESULT,,5,RESULT_EVENT,WATCH,WATCHLIST_CONFIRMED,54.0,NORMAL,6.61,NORMAL,False,,⚡ RESULT | AZAD (Azad Engineering Ltd) | Signal: RESULT_EVENT | Tier: WATCHLIST_CONFIRMED | 📌 EVENT TRADE ≠ multibagger position,2026-05-25 10:50
MPSLTD,MPS Ltd,2026-05-09,BSE_PIPELINE,RESULTS,RESULT,,5,SUPPRESSED,SUPPRESSED,AVOID,0.0,NORMAL,-2.62,NORMAL,True,Stock tier=AVOID — event suppressed,⚡ RESULT | MPSLTD (MPS Ltd) | Tier: AVOID | 📌 EVENT TRADE ≠ multibagger position,2026-05-25 10:50
GODREJIND,Godrej Industries Ltd,2026-05-09,BSE_PIPELINE,RESULTS,RESULT,,5,SUPPRESSED,SUPPRESSED,AVOID,0.0,NORMAL,-0.67,NORMAL,True,Stock tier=AVOID — event suppressed,⚡ RESULT | GODREJIND (Godrej Industries Ltd) | Tier: AVOID | 📌 EVENT TRADE ≠ multibagger position,2026-05-25 10:50
INDOCO,INDOCO REMEDIES LTD.,2026-05-11,BSE_LIVE_POLLER,RESULTS,RESULT,,5,SUPPRESSED,SUPPRESSED,AVOID,0.0,NORMAL,-6.87,NORMAL,True,Stock tier=AVOID — event suppressed,⚡ RESULT | INDOCO (INDOCO REMEDIES LTD.) | Tier: AVOID | 📌 EVENT TRADE ≠ multibagger position,2026-05-25 10:50
BUILDPRO,Shankara Buildpro Limited,2026-05-11,BSE_LIVE_POLLER,RESULTS,RESULT,,5,RESULT_EVENT,NEUTRAL,MONITOR,25.0,NORMAL,-6.04,NORMAL,False,,⚡ RESULT | BUILDPRO (Shankara Buildpro Limited) | Signal: RESULT_EVENT | Tier: MONITOR | 📌 EVENT TRADE ≠ multibagger position,2026-05-25 10:50
RAJRILTD,RAJ RAYON INDUSTRIES LIMITED,2026-05-11,BSE_LIVE_POLLER,RESULTS,RESULT,,5,SUPPRESSED,SUPPRESSED,AVOID,0.0,ILLIQUID,-1.78,NORMAL,True,Stock tier=AVOID — event suppressed,⚡ RESULT | RAJRILTD (RAJ RAYON INDUSTRIES LIMITED) | Tier: AVOID | ⚠️ ILLIQUID stock | 📌 EVENT TRADE ≠ multibagger position,2026-05-25 10:50
MUTHOOTCAP,Muthoot Capital Services Ltd,2026-05-09,BSE_PIPELINE,RESULTS,RESULT,,5,SUPPRESSED,SUPPRESSED,AVOID,0.0,RESTRICTED,-1.34,NORMAL,True,Stock tier=AVOID — event suppressed,⚡ RESULT | MUTHOOTCAP (Muthoot Capital Services Ltd) | Tier: AVOID | 📌 EVENT TRADE ≠ multibagger position,2026-05-25 10:50
SAHYADRI,Sahyadri Industries Ltd,2026-05-10,BSE_PIPELINE,RESULTS,RESULT,,5,SUPPRESSED,SUPPRESSED,AVOID,0.0,RESTRICTED,-0.73,NORMAL,True,Stock tier=AVOID — event suppressed,⚡ RESULT | SAHYADRI (Sahyadri Industries Ltd) | Tier: AVOID | 📌 EVENT TRADE ≠ multibagger position,2026-05-25 10:50
PYRAMID,Pyramid Technoplast Ltd,2026-05-11,BSE_PIPELINE,RESULTS,RESULT,,5,RESULT_EVENT,WATCH,WATCHLIST_CONFIRMED,53.0,NORMAL,1.62,NORMAL,False,,⚡ RESULT | PYRAMID (Pyramid Technoplast Ltd) | Signal: RESULT_EVENT | Tier: WATCHLIST_CONFIRMED | 📌 EVENT TRADE ≠ multibagger position,2026-05-25 10:50
ENIL,Entertainment Network (India) Ltd,2026-05-11,BSE_PIPELINE,RESULTS,RESULT,,5,SUPPRESSED,SUPPRESSED,AVOID,0.0,ILLIQUID,-1.17,NORMAL,True,Stock tier=AVOID — event suppressed,⚡ RESULT | ENIL (Entertainment Network (India) Ltd) | Tier: AVOID | ⚠️ ILLIQUID stock | 📌 EVENT TRADE ≠ multibagger position,2026-05-25 10:50
PRADPME,Pradeep Metals Ltd,2026-05-10,BSE_PIPELINE,RESULTS,RESULT,,5,SUPPRESSED,SUPPRESSED,AVOID,0.0,RESTRICTED,-0.57,NORMAL,True,Stock tier=AVOID — event suppressed,⚡ RESULT | PRADPME (Pradeep Metals Ltd) | Tier: AVOID | 📌 EVENT TRADE ≠ multibagger position,2026-05-25 10:50
BIRLACORPN,Birla Corporation Ltd,2026-05-10,BSE_PIPELINE,RESULTS,RESULT,,5,SUPPRESSED,SUPPRESSED,AVOID,0.0,NORMAL,1.38,NORMAL,True,Stock tier=AVOID — event suppressed,⚡ RESULT | BIRLACORPN (Birla Corporation Ltd) | Tier: AVOID | 📌 EVENT TRADE ≠ multibagger position,2026-05-25 10:50
AARTISURF,Aarti Surfactants Ltd,2026-05-11,BSE_PIPELINE,RESULTS,RESULT,,5,SUPPRESSED,SUPPRESSED,AVOID,0.0,RESTRICTED,-1.77,NORMAL,True,Stock tier=AVOID — event suppressed,⚡ RESULT | AARTISURF (Aarti Surfactants Ltd) | Tier: AVOID | 📌 EVENT TRADE ≠ multibagger position,2026-05-25 10:50
RPTECH,Rashi Peripherals Ltd,2026-05-10,BSE_PIPELINE,RESULTS,RESULT,,5,RESULT_EVENT,WATCH,WATCHLIST_CONFIRMED,60.0,NORMAL,0.41,NORMAL,False,,⚡ RESULT | RPTECH (Rashi Peripherals Ltd) | Signal: RESULT_EVENT | Tier: WATCHLIST_CONFIRMED | 📌 EVENT TRADE ≠ multibagger position,2026-05-25 10:50
JGCHEM,J.G.Chemicals Ltd,2026-05-10,BSE_PIPELINE,RESULTS,RESULT,,5,RESULT_EVENT,WATCH,WATCHLIST_CONFIRMED,77.0,NORMAL,1.12,NORMAL,False,,⚡ RESULT | JGCHEM (J.G.Chemicals Ltd) | Signal: RESULT_EVENT | Tier: WATCHLIST_CONFIRMED | 📌 EVENT TRADE ≠ multibagger position,2026-05-25 10:50
SAMBHV,Sambhv Steel Tubes Ltd,2026-05-11,BSE_PIPELINE,RESULTS,RESULT,,5,RESULT_EVENT,WATCH,WATCHLIST_CONFIRMED,52.0,NORMAL,-3.15,NORMAL,False,,⚡ RESULT | SAMBHV (Sambhv Steel Tubes Ltd) | Signal: RESULT_EVENT | Tier: WATCHLIST_CONFIRMED | 📌 EVENT TRADE ≠ multibagger position,2026-05-25 10:50
ORBTEXP,Orbit Exports Ltd,2026-05-11,BSE_PIPELINE,RESULTS,RESULT,,5,SUPPRESSED,SUPPRESSED,AVOID,0.0,ILLIQUID,3.82,NORMAL,True,Stock tier=AVOID — event suppressed,⚡ RESULT | ORBTEXP (Orbit Exports Ltd) | Tier: AVOID | ⚠️ ILLIQUID stock | 📌 EVENT TRADE ≠ multibagger position,2026-05-25 10:50
KKCL,Kewal Kiran Clothing Ltd,2026-05-11,BSE_PIPELINE,RESULTS,RESULT,,5,SUPPRESSED,SUPPRESSED,AVOID,0.0,NORMAL,-2.43,NORMAL,True,Stock tier=AVOID — event suppressed,⚡ RESULT | KKCL (Kewal Kiran Clothing Ltd) | Tier: AVOID | 📌 EVENT TRADE ≠ multibagger position,2026-05-25 10:50
SAHYADRI,Sahyadri Industries Ltd,2026-05-11,BSE_PIPELINE,RESULTS,RESULT,,5,SUPPRESSED,SUPPRESSED,AVOID,0.0,RESTRICTED,-0.73,NORMAL,True,Stock tier=AVOID — event suppressed,⚡ RESULT | SAHYADRI (Sahyadri Industries Ltd) | Tier: AVOID | 📌 EVENT TRADE ≠ multibagger position,2026-05-25 10:50
WINDMACHIN,Windsor Machines Ltd,2026-05-11,BSE_PIPELINE,RESULTS,RESULT,,5,RESULT_EVENT,WATCH,WATCHLIST_EXTERNAL,43.0,NORMAL,0.14,NORMAL,False,,⚡ RESULT | WINDMACHIN (Windsor Machines Ltd) | Signal: RESULT_EVENT | Tier: WATCHLIST_EXTERNAL | 📌 EVENT TRADE ≠ multibagger position,2026-05-25 10:50
UTKARSHBNK,Utkarsh Small Finance Bank Ltd,2026-05-11,BSE_PIPELINE,RESULTS,RESULT,,5,SUPPRESSED,SUPPRESSED,AVOID,0.0,NORMAL,-0.6,NORMAL,True,Stock tier=AVOID — event suppressed,⚡ RESULT | UTKARSHBNK (Utkarsh Small Finance Bank Ltd) | Tier: AVOID | 📌 EVENT TRADE ≠ multibagger position,2026-05-25 10:50
FRACTAL,Fractal Analytics Ltd,2026-05-12,BSE_PIPELINE,RESULTS,RESULT,,5,RESULT_EVENT,WATCH,WATCHLIST_EXTERNAL,35.0,NORMAL,-1.91,NORMAL,False,,⚡ RESULT | FRACTAL (Fractal Analytics Ltd) | Signal: RESULT_EVENT | Tier: WATCHLIST_EXTERNAL | 📌 EVENT TRADE ≠ multibagger position,2026-05-25 10:50
ABBOTINDIA,Abbott India Ltd,2026-05-12,BSE_PIPELINE,RESULTS,RESULT,,5,SUPPRESSED,SUPPRESSED,AVOID,0.0,NORMAL,0.13,NORMAL,True,Stock tier=AVOID — event suppressed,⚡ RESULT | ABBOTINDIA (Abbott India Ltd) | Tier: AVOID | 📌 EVENT TRADE ≠ multibagger position,2026-05-25 10:50
NUVAMA,Nuvama Wealth Management Ltd,2026-05-12,BSE_PIPELINE,RESULTS,RESULT,,5,RESULT_EVENT,WATCH,WATCHLIST_EXTERNAL,29.0,NORMAL,0.93,NORMAL,False,,⚡ RESULT | NUVAMA (Nuvama Wealth Management Ltd) | Signal: RESULT_EVENT | Tier: WATCHLIST_EXTERNAL | 📌 EVENT TRADE ≠ multibagger position,2026-05-25 10:50
ARFIN,Arfin India Ltd,2026-05-12,BSE_PIPELINE,RESULTS,RESULT,,5,RESULT_EVENT,WATCH,WATCHLIST_EXTERNAL,46.0,NORMAL,6.1,NORMAL,False,,⚡ RESULT | ARFIN (Arfin India Ltd) | Signal: RESULT_EVENT | Tier: WATCHLIST_EXTERNAL | 📌 EVENT TRADE ≠ multibagger position,2026-05-25 10:50
JSWENERGY,JSW Energy Ltd,2026-05-12,BSE_PIPELINE,RESULTS,RESULT,,5,RESULT_EVENT,NEUTRAL,MONITOR,37.0,NORMAL,3.39,NORMAL,False,,⚡ RESULT | JSWENERGY (JSW Energy Ltd) | Signal: RESULT_EVENT | Tier: MONITOR | 📌 EVENT TRADE ≠ multibagger position,2026-05-25 10:50
METROGLOBL,Metroglobal Ltd,2026-05-12,BSE_PIPELINE,RESULTS,RESULT,,5,SUPPRESSED,SUPPRESSED,AVOID,0.0,ILLIQUID,0.08,NORMAL,True,Stock tier=AVOID — event suppressed,⚡ RESULT | METROGLOBL (Metroglobal Ltd) | Tier: AVOID | ⚠️ ILLIQUID stock | 📌 EVENT TRADE ≠ multibagger position,2026-05-25 10:50
NELCO,Nelco Ltd,2026-05-12,BSE_PIPELINE,RESULTS,RESULT,,5,SUPPRESSED,SUPPRESSED,AVOID,0.0,NORMAL,0.18,NORMAL,True,Stock tier=AVOID — event suppressed,⚡ RESULT | NELCO (Nelco Ltd) | Tier: AVOID | 📌 EVENT TRADE ≠ multibagger position,2026-05-25 10:50
ADVENZYMES,Advanced Enzyme Technologies Ltd,2026-05-09,BSE_PIPELINE,RESULTS,RESULT,,5,RESULT_EVENT,WATCH,WATCHLIST_CONFIRMED,47.0,NORMAL,-2.89,NORMAL,False,,⚡ RESULT | ADVENZYMES (Advanced Enzyme Technologies Ltd) | Signal: RESULT_EVENT | Tier: WATCHLIST_CONFIRMED | 📌 EVENT TRADE ≠ multibagger position,2026-05-25 10:50
IRMENERGY,IRM Energy Ltd,2026-05-09,BSE_PIPELINE,RESULTS,RESULT,,5,SUPPRESSED,SUPPRESSED,AVOID,0.0,NORMAL,0.14,NORMAL,True,Stock tier=AVOID — event suppressed,⚡ RESULT | IRMENERGY (IRM Energy Ltd) | Tier: AVOID | 📌 EVENT TRADE ≠ multibagger position,2026-05-25 10:50
PREMCO,Premco Global Ltd-$,2026-05-12,BSE_PIPELINE,RESULTS,RESULT,,5,SUPPRESSED,SUPPRESSED,AVOID,0.0,ILLIQUID,-0.94,NORMAL,True,Stock tier=AVOID — event suppressed,⚡ RESULT | PREMCO (Premco Global Ltd-$) | Tier: AVOID | ⚠️ ILLIQUID stock | 📌 EVENT TRADE ≠ multibagger position,2026-05-25 10:50
PAISALO,Paisalo Digital Ltd,2026-05-11,BSE_PIPELINE,RESULTS,RESULT,,5,RESULT_EVENT,WATCH,WATCHLIST_EXTERNAL,66.0,NORMAL,6.12,NORMAL,False,,⚡ RESULT | PAISALO (Paisalo Digital Ltd) | Signal: RESULT_EVENT | Tier: WATCHLIST_EXTERNAL | 📌 EVENT TRADE ≠ multibagger position,2026-05-25 10:50
PNGSREVA,PNGS Reva Diamond Jewellery Ltd,2026-05-12,BSE_PIPELINE,RESULTS,RESULT,,5,RESULT_EVENT,WATCH,WATCHLIST_CONFIRMED,49.0,NORMAL,6.88,NORMAL,False,,⚡ RESULT | PNGSREVA (PNGS Reva Diamond Jewellery Ltd) | Signal: RESULT_EVENT | Tier: WATCHLIST_CONFIRMED | 📌 EVENT TRADE ≠ multibagger position,2026-05-25 10:50
JTLIND,JTL Industries Ltd,2026-05-12,BSE_PIPELINE,RESULTS,RESULT,,5,RESULT_EVENT,WATCH,WATCHLIST_CONFIRMED,57.0,NORMAL,5.13,NORMAL,False,,⚡ RESULT | JTLIND (JTL Industries Ltd) | Signal: RESULT_EVENT | Tier: WATCHLIST_CONFIRMED | 📌 EVENT TRADE ≠ multibagger position,2026-05-25 10:50
GILLANDERS,Gillanders Arbuthnot & Company Ltd,2026-05-12,BSE_PIPELINE,RESULTS,RESULT,,5,SUPPRESSED,SUPPRESSED,AVOID,0.0,ILLIQUID,1.29,NORMAL,True,Stock tier=AVOID — event suppressed,⚡ RESULT | GILLANDERS (Gillanders Arbuthnot & Company Ltd) | Tier: AVOID | ⚠️ ILLIQUID stock | 📌 EVENT TRADE ≠ multibagger position,2026-05-25 10:50
MOLDTKPAC,Mold-Tek Packaging Ltd,2026-05-12,BSE_PIPELINE,RESULTS,RESULT,,5,SUPPRESSED,SUPPRESSED,AVOID,0.0,NORMAL,-0.36,NORMAL,True,Stock tier=AVOID — event suppressed,⚡ RESULT | MOLDTKPAC (Mold-Tek Packaging Ltd) | Tier: AVOID | 📌 EVENT TRADE ≠ multibagger position,2026-05-25 10:50
GILLANDERS,Gillanders Arbuthnot & Company Ltd,2026-05-12,BSE_PIPELINE,RESULTS,RESULT,,5,SUPPRESSED,SUPPRESSED,AVOID,0.0,ILLIQUID,1.29,NORMAL,True,Stock tier=AVOID — event suppressed,⚡ RESULT | GILLANDERS (Gillanders Arbuthnot & Company Ltd) | Tier: AVOID | ⚠️ ILLIQUID stock | 📌 EVENT TRADE ≠ multibagger position,2026-05-25 10:50
MAGADSUGAR,Magadh Sugar & Energy Ltd,2026-05-12,BSE_PIPELINE,RESULTS,RESULT,,5,SUPPRESSED,SUPPRESSED,AVOID,0.0,NORMAL,0.66,NORMAL,True,Stock tier=AVOID — event suppressed,⚡ RESULT | MAGADSUGAR (Magadh Sugar & Energy Ltd) | Tier: AVOID | 📌 EVENT TRADE ≠ multibagger position,2026-05-25 10:50
TATAINVEST,Tata Investment Corporation Ltd,2026-05-09,BSE_PIPELINE,RESULTS,RESULT,,5,RESULT_EVENT,NEUTRAL,MONITOR,56.0,NORMAL,0.78,NORMAL,False,,⚡ RESULT | TATAINVEST (Tata Investment Corporation Ltd) | Signal: RESULT_EVENT | Tier: MONITOR | 📌 EVENT TRADE ≠ multibagger position,2026-05-25 10:50
JSWENERGY,JSW Energy Ltd,2026-05-12,BSE_PIPELINE,RESULTS,RESULT,,5,RESULT_EVENT,NEUTRAL,MONITOR,37.0,NORMAL,3.39,NORMAL,False,,⚡ RESULT | JSWENERGY (JSW Energy Ltd) | Signal: RESULT_EVENT | Tier: MONITOR | 📌 EVENT TRADE ≠ multibagger position,2026-05-25 10:50
SATIN,Satin Creditcare Network Ltd,2026-05-12,BSE_PIPELINE,RESULTS,RESULT,,5,RESULT_EVENT,NEUTRAL,MONITOR,33.0,NORMAL,-5.5,NORMAL,False,,⚡ RESULT | SATIN (Satin Creditcare Network Ltd) | Signal: RESULT_EVENT | Tier: MONITOR | 📌 EVENT TRADE ≠ multibagger position,2026-05-25 10:50
PREMCO,Premco Global Ltd-$,2026-05-12,BSE_PIPELINE,RESULTS,RESULT,,5,SUPPRESSED,SUPPRESSED,AVOID,0.0,ILLIQUID,-0.94,NORMAL,True,Stock tier=AVOID — event suppressed,⚡ RESULT | PREMCO (Premco Global Ltd-$) | Tier: AVOID | ⚠️ ILLIQUID stock | 📌 EVENT TRADE ≠ multibagger position,2026-05-25 10:50
CORONA,Corona Remedies Ltd,2026-05-12,BSE_PIPELINE,RESULTS,RESULT,,5,SUPPRESSED,SUPPRESSED,AVOID,0.0,NORMAL,-5.46,NORMAL,True,Stock tier=AVOID — event suppressed,⚡ RESULT | CORONA (Corona Remedies Ltd) | Tier: AVOID | 📌 EVENT TRADE ≠ multibagger position,2026-05-25 10:50
BUTTERFLY,Butterfly Gandhimathi Appliances Ltd,2026-05-12,BSE_PIPELINE,RESULTS,RESULT,,5,RESULT_EVENT,WATCH,WATCHLIST_CONFIRMED,58.0,NORMAL,-2.39,NORMAL,False,,⚡ RESULT | BUTTERFLY (Butterfly Gandhimathi Appliances Ltd) | Signal: RESULT_EVENT | Tier: WATCHLIST_CONFIRMED | 📌 EVENT TRADE ≠ multibagger position,2026-05-25 10:50
INDHOTEL,Indian Hotels Company Ltd,2026-05-12,BSE_PIPELINE,RESULTS,RESULT,,5,RESULT_EVENT,WATCH,WATCHLIST_CONFIRMED,62.0,NORMAL,-0.38,NORMAL,False,,⚡ RESULT | INDHOTEL (Indian Hotels Company Ltd) | Signal: RESULT_EVENT | Tier: WATCHLIST_CONFIRMED | 📌 EVENT TRADE ≠ multibagger position,2026-05-25 10:50
PPAP,PPAP Automotive Ltd,2026-05-12,BSE_PIPELINE,RESULTS,RESULT,,5,SUPPRESSED,SUPPRESSED,AVOID,0.0,RESTRICTED,-0.96,NORMAL,True,Stock tier=AVOID — event suppressed,⚡ RESULT | PPAP (PPAP Automotive Ltd) | Tier: AVOID | 📌 EVENT TRADE ≠ multibagger position,2026-05-25 10:50
ROSSTECH,Rossell Techsys Ltd,2026-05-12,BSE_PIPELINE,RESULTS,RESULT,,5,RESULT_EVENT,WATCH,WATCHLIST_EXTERNAL,38.0,NORMAL,2.45,NORMAL,False,,⚡ RESULT | ROSSTECH (Rossell Techsys Ltd) | Signal: RESULT_EVENT | Tier: WATCHLIST_EXTERNAL | 📌 EVENT TRADE ≠ multibagger position,2026-05-25 10:50
BOMDYEING,Bombay Dyeing & Manufacturing Company Ltd,2026-05-09,BSE_PIPELINE,RESULTS,RESULT,,5,RESULT_EVENT,WATCH,WATCHLIST_EXTERNAL,54.0,NORMAL,4.39,NORMAL,False,,⚡ RESULT | BOMDYEING (Bombay Dyeing & Manufacturing Company Ltd) | Signal: RESULT_EVENT | Tier: WATCHLIST_EXTERNAL | 📌 EVENT TRADE ≠ multibagger position,2026-05-25 10:50
GRINDWELL,Grindwell Norton Ltd-$,2026-05-09,BSE_PIPELINE,RESULTS,RESULT,,5,RESULT_EVENT,WATCH,WATCHLIST_CONFIRMED,62.0,NORMAL,3.49,NORMAL,False,,⚡ RESULT | GRINDWELL (Grindwell Norton Ltd-$) | Signal: RESULT_EVENT | Tier: WATCHLIST_CONFIRMED | 📌 EVENT TRADE ≠ multibagger position,2026-05-25 10:50
ANANTRAJ,Anant Raj Ltd-$,2026-05-12,BSE_PIPELINE,RESULTS,RESULT,,5,RESULT_EVENT,WATCH,WATCHLIST_CONFIRMED,60.0,NORMAL,4.46,NORMAL,False,,⚡ RESULT | ANANTRAJ (Anant Raj Ltd-$) | Signal: RESULT_EVENT | Tier: WATCHLIST_CONFIRMED | 📌 EVENT TRADE ≠ multibagger position,2026-05-25 10:50
MANORAMA,Manorama Industries Ltd,2026-05-12,BSE_PIPELINE,RESULTS,RESULT,,5,RESULT_EVENT,WATCH,WATCHLIST_CONFIRMED,76.0,NORMAL,1.09,NORMAL,False,,⚡ RESULT | MANORAMA (Manorama Industries Ltd) | Signal: RESULT_EVENT | Tier: WATCHLIST_CONFIRMED | 📌 EVENT TRADE ≠ multibagger position,2026-05-25 10:50
DBCORP,D B CORP LTD,2026-05-11,BSE_LIVE_POLLER,RESULTS,RESULT,,5,RESULT_EVENT,WATCH,WATCHLIST_CONFIRMED,63.0,NORMAL,-0.61,NORMAL,False,,⚡ RESULT | DBCORP (D B CORP LTD) | Signal: RESULT_EVENT | Tier: WATCHLIST_CONFIRMED | 📌 EVENT TRADE ≠ multibagger position,2026-05-25 10:50
IDFCFIRSTB,IDFC First Bank Ltd,2026-04-25,BSE_PIPELINE,RESULTS,RESULT,,5,RESULT_EVENT,WATCH,WATCHLIST_CONFIRMED,58.0,NORMAL,1.58,NORMAL,False,,⚡ RESULT | IDFCFIRSTB (IDFC First Bank Ltd) | Signal: RESULT_EVENT | Tier: WATCHLIST_CONFIRMED | 📌 EVENT TRADE ≠ multibagger position,2026-05-25 10:50
EPACKPEB,Epack Prefab Technologies Ltd,2026-05-17,BSE_PIPELINE,RESULTS,RESULT,,5,RESULT_EVENT,WATCH,WATCHLIST_CONFIRMED,58.0,NORMAL,-1.13,NORMAL,False,,⚡ RESULT | EPACKPEB (Epack Prefab Technologies Ltd) | Signal: RESULT_EVENT | Tier: WATCHLIST_CONFIRMED | 📌 EVENT TRADE ≠ multibagger position,2026-05-25 10:50
ARIHANTCAP,Arihant Capital Markets Ltd,2026-05-22,BSE_PIPELINE,RESULTS,RESULT,,5,RESULT_EVENT,WATCH,WATCHLIST_EXTERNAL,37.0,NORMAL,-2.18,NORMAL,False,,⚡ RESULT | ARIHANTCAP (Arihant Capital Markets Ltd) | Signal: RESULT_EVENT | Tier: WATCHLIST_EXTERNAL | 📌 EVENT TRADE ≠ multibagger position,2026-05-25 10:50
LXCHEM,Laxmi Organic Industries Ltd,2026-05-22,BSE_PIPELINE,RESULTS,RESULT,,5,RESULT_EVENT,WATCH,WATCHLIST_EXTERNAL,46.0,NORMAL,-3.15,NORMAL,False,,⚡ RESULT | LXCHEM (Laxmi Organic Industries Ltd) | Signal: RESULT_EVENT | Tier: WATCHLIST_EXTERNAL | 📌 EVENT TRADE ≠ multibagger position,2026-05-25 10:50
ADSL,Allied Digital Services Ltd,2026-05-22,BSE_PIPELINE,RESULTS,RESULT,,5,SUPPRESSED,SUPPRESSED,AVOID,0.0,NORMAL,-1.88,NORMAL,True,Stock tier=AVOID — event suppressed,⚡ RESULT | ADSL (Allied Digital Services Ltd) | Tier: AVOID | 📌 EVENT TRADE ≠ multibagger position,2026-05-25 10:50
PRESTIGE,Prestige Estates Projects Ltd,2026-05-22,BSE_PIPELINE,RESULTS,RESULT,,5,SUPPRESSED,SUPPRESSED,AVOID,0.0,NORMAL,0.83,NORMAL,True,Stock tier=AVOID — event suppressed,⚡ RESULT | PRESTIGE (Prestige Estates Projects Ltd) | Tier: AVOID | 📌 EVENT TRADE ≠ multibagger position,2026-05-25 10:50
RPOWER,Reliance Power Ltd,2026-05-22,BSE_PIPELINE,RESULTS,RESULT,,5,SUPPRESSED,SUPPRESSED,AVOID,0.0,NORMAL,-0.11,NORMAL,True,Stock tier=AVOID — event suppressed,⚡ RESULT | RPOWER (Reliance Power Ltd) | Tier: AVOID | 📌 EVENT TRADE ≠ multibagger position,2026-05-25 10:50
REPCOHOME,Repco Home Finance Ltd,2026-05-22,BSE_PIPELINE,RESULTS,RESULT,,5,RESULT_EVENT,NEUTRAL,MONITOR,32.0,NORMAL,-1.83,NORMAL,False,,⚡ RESULT | REPCOHOME (Repco Home Finance Ltd) | Signal: RESULT_EVENT | Tier: MONITOR | 📌 EVENT TRADE ≠ multibagger position,2026-05-25 10:50
ATL,Allcargo Terminals Ltd,2026-05-22,BSE_PIPELINE,RESULTS,RESULT,,5,SUPPRESSED,SUPPRESSED,AVOID,0.0,RESTRICTED,4.09,NORMAL,True,Stock tier=AVOID — event suppressed,⚡ RESULT | ATL (Allcargo Terminals Ltd) | Tier: AVOID | 📌 EVENT TRADE ≠ multibagger position,2026-05-25 10:50
WAKEFIT,Wakefit Innovations Ltd,2026-05-22,BSE_PIPELINE,RESULTS,RESULT,,5,RESULT_EVENT,NEUTRAL,MONITOR,30.0,NORMAL,-6.78,NORMAL,False,,⚡ RESULT | WAKEFIT (Wakefit Innovations Ltd) | Signal: RESULT_EVENT | Tier: MONITOR | 📌 EVENT TRADE ≠ multibagger position,2026-05-25 10:50
NIRAJ,Niraj Cement Structurals Ltd,2026-05-22,BSE_PIPELINE,RESULTS,RESULT,,5,SUPPRESSED,SUPPRESSED,AVOID,0.0,RESTRICTED,-1.13,NORMAL,True,Stock tier=AVOID — event suppressed,⚡ RESULT | NIRAJ (Niraj Cement Structurals Ltd) | Tier: AVOID | 📌 EVENT TRADE ≠ multibagger position,2026-05-25 10:50
CEWATER,Concord Enviro Systems Ltd,2026-05-23,BSE_PIPELINE,RESULTS,RESULT,,5,SUPPRESSED,SUPPRESSED,AVOID,0.0,NORMAL,-3.19,NORMAL,True,Stock tier=AVOID — event suppressed,⚡ RESULT | CEWATER (Concord Enviro Systems Ltd) | Tier: AVOID | 📌 EVENT TRADE ≠ multibagger position,2026-05-25 10:50
CHEMCON,Chemcon Speciality Chemicals Ltd,2026-05-22,BSE_PIPELINE,RESULTS,RESULT,,5,SUPPRESSED,SUPPRESSED,AVOID,0.0,NORMAL,2.69,NORMAL,True,Stock tier=AVOID — event suppressed,⚡ RESULT | CHEMCON (Chemcon Speciality Chemicals Ltd) | Tier: AVOID | 📌 EVENT TRADE ≠ multibagger position,2026-05-25 10:50
BIKAJI,Bikaji Foods International Ltd,2026-05-22,BSE_PIPELINE,RESULTS,RESULT,,5,RESULT_EVENT,WATCH,WATCHLIST_CONFIRMED,65.0,NORMAL,-3.69,NORMAL,False,,⚡ RESULT | BIKAJI (Bikaji Foods International Ltd) | Signal: RESULT_EVENT | Tier: WATCHLIST_CONFIRMED | 📌 EVENT TRADE ≠ multibagger position,2026-05-25 10:50
AMBALALSA,Ambalal Sarabhai Enterprises Ltd,2026-05-22,BSE_PIPELINE,RESULTS,RESULT,,5,SUPPRESSED,SUPPRESSED,AVOID,0.0,RESTRICTED,5.12,NORMAL,True,Stock tier=AVOID — event suppressed,⚡ RESULT | AMBALALSA (Ambalal Sarabhai Enterprises Ltd) | Tier: AVOID | 📌 EVENT TRADE ≠ multibagger position,2026-05-25 10:50
FLAIR,Flair Writing Industries Ltd,2026-05-22,BSE_PIPELINE,RESULTS,RESULT,,5,RESULT_EVENT,WATCH,WATCHLIST_CONFIRMED,58.0,NORMAL,-11.41,NORMAL,False,,⚡ RESULT | FLAIR (Flair Writing Industries Ltd) | Signal: RESULT_EVENT | Tier: WATCHLIST_CONFIRMED | 📌 EVENT TRADE ≠ multibagger position,2026-05-25 10:50
LICI,Life Insurance Corporation of India,2026-05-22,BSE_PIPELINE,RESULTS,RESULT,,5,RESULT_EVENT,WATCH,WATCHLIST_EXTERNAL,57.0,NORMAL,1.18,NORMAL,False,,⚡ RESULT | LICI (Life Insurance Corporation of India) | Signal: RESULT_EVENT | Tier: WATCHLIST_EXTERNAL | 📌 EVENT TRADE ≠ multibagger position,2026-05-25 10:50
LUXIND,Lux Industries Ltd,2026-05-22,BSE_PIPELINE,RESULTS,RESULT,,5,SUPPRESSED,SUPPRESSED,AVOID,0.0,NORMAL,-5.15,NORMAL,True,Stock tier=AVOID — event suppressed,⚡ RESULT | LUXIND (Lux Industries Ltd) | Tier: AVOID | 📌 EVENT TRADE ≠ multibagger position,2026-05-25 10:50
MAANALU,Maan Aluminium Ltd,2026-05-22,BSE_PIPELINE,RESULTS,RESULT,,5,SUPPRESSED,SUPPRESSED,AVOID,0.0,NORMAL,5.05,NORMAL,True,Stock tier=AVOID — event suppressed,⚡ RESULT | MAANALU (Maan Aluminium Ltd) | Tier: AVOID | 📌 EVENT TRADE ≠ multibagger position,2026-05-25 10:50
QUICKHEAL,Quick Heal Technologies Ltd,2026-05-22,BSE_PIPELINE,RESULTS,RESULT,,5,SUPPRESSED,SUPPRESSED,AVOID,0.0,NORMAL,-3.67,NORMAL,True,Stock tier=AVOID — event suppressed,⚡ RESULT | QUICKHEAL (Quick Heal Technologies Ltd) | Tier: AVOID | 📌 EVENT TRADE ≠ multibagger position,2026-05-25 10:50
ASHOKA,Ashoka Buildcon Ltd,2026-05-22,BSE_PIPELINE,RESULTS,RESULT,,5,RESULT_EVENT,WATCH,WATCHLIST_CONFIRMED,55.0,NORMAL,-0.67,NORMAL,False,,⚡ RESULT | ASHOKA (Ashoka Buildcon Ltd) | Signal: RESULT_EVENT | Tier: WATCHLIST_CONFIRMED | 📌 EVENT TRADE ≠ multibagger position,2026-05-25 10:50
SWELECTES,Swelect Energy Systems Ltd-$,2026-05-22,BSE_PIPELINE,RESULTS,RESULT,,5,SUPPRESSED,SUPPRESSED,AVOID,0.0,NORMAL,1.0,NORMAL,True,Stock tier=AVOID — event suppressed,⚡ RESULT | SWELECTES (Swelect Energy Systems Ltd-$) | Tier: AVOID | 📌 EVENT TRADE ≠ multibagger position,2026-05-25 10:50
VAIBHAVGBL,Vaibhav Global Ltd,2026-05-22,BSE_PIPELINE,RESULTS,RESULT,,5,RESULT_EVENT,WATCH,WATCHLIST_CONFIRMED,55.0,NORMAL,-1.4,NORMAL,False,,⚡ RESULT | VAIBHAVGBL (Vaibhav Global Ltd) | Signal: RESULT_EVENT | Tier: WATCHLIST_CONFIRMED | 📌 EVENT TRADE ≠ multibagger position,2026-05-25 10:50
INNOVANA,Innovana Thinklabs Ltd,2026-05-21,BSE_PIPELINE,RESULTS,RESULT,,5,SUPPRESSED,SUPPRESSED,AVOID,0.0,RESTRICTED,-5.56,NORMAL,True,Stock tier=AVOID — event suppressed,⚡ RESULT | INNOVANA (Innovana Thinklabs Ltd) | Tier: AVOID | 📌 EVENT TRADE ≠ multibagger position,2026-05-25 10:50
MIRCELECTR,Mirc Electronics Ltd,2026-05-21,BSE_PIPELINE,RESULTS,RESULT,,5,SUPPRESSED,SUPPRESSED,AVOID,0.0,NORMAL,0.15,NORMAL,True,Stock tier=AVOID — event suppressed,⚡ RESULT | MIRCELECTR (Mirc Electronics Ltd) | Tier: AVOID | 📌 EVENT TRADE ≠ multibagger position,2026-05-25 10:50
XPROINDIA,Xpro India Ltd,2026-05-21,BSE_PIPELINE,RESULTS,RESULT,,5,SUPPRESSED,SUPPRESSED,AVOID,0.0,NORMAL,4.64,NORMAL,True,Stock tier=AVOID — event suppressed,⚡ RESULT | XPROINDIA (Xpro India Ltd) | Tier: AVOID | 📌 EVENT TRADE ≠ multibagger position,2026-05-25 10:50
ARVSMART,Arvind SmartSpaces Ltd,2026-05-21,BSE_PIPELINE,RESULTS,RESULT,,5,RESULT_EVENT,WATCH,WATCHLIST_CONFIRMED,65.0,NORMAL,4.92,NORMAL,False,,⚡ RESULT | ARVSMART (Arvind SmartSpaces Ltd) | Signal: RESULT_EVENT | Tier: WATCHLIST_CONFIRMED | 📌 EVENT TRADE ≠ multibagger position,2026-05-25 10:50
SOMICONVEY,Somi Conveyor Beltings Ltd,2026-05-21,BSE_PIPELINE,RESULTS,RESULT,,5,SUPPRESSED,SUPPRESSED,AVOID,0.0,ILLIQUID,-6.26,NORMAL,True,Stock tier=AVOID — event suppressed,⚡ RESULT | SOMICONVEY (Somi Conveyor Beltings Ltd) | Tier: AVOID | ⚠️ ILLIQUID stock | 📌 EVENT TRADE ≠ multibagger position,2026-05-25 10:50
ANUHPHR,Anuh Pharma Ltd,2026-05-21,BSE_PIPELINE,RESULTS,RESULT,,5,SUPPRESSED,SUPPRESSED,AVOID,0.0,RESTRICTED,-5.24,NORMAL,True,Stock tier=AVOID — event suppressed,⚡ RESULT | ANUHPHR (Anuh Pharma Ltd) | Tier: AVOID | 📌 EVENT TRADE ≠ multibagger position,2026-05-25 10:50
AKCAPIT,AK Capital Services Ltd,2026-05-21,BSE_PIPELINE,RESULTS,RESULT,,5,SUPPRESSED,SUPPRESSED,AVOID,0.0,ILLIQUID,1.51,NORMAL,True,Stock tier=AVOID — event suppressed,⚡ RESULT | AKCAPIT (AK Capital Services Ltd) | Tier: AVOID | ⚠️ ILLIQUID stock | 📌 EVENT TRADE ≠ multibagger position,2026-05-25 10:50
DRAGARWQ,Dr Agarwals Eye Hospital Ltd-$,2026-05-21,BSE_PIPELINE,RESULTS,RESULT,,5,SUPPRESSED,SUPPRESSED,AVOID,0.0,RESTRICTED,1.33,NORMAL,True,Stock tier=AVOID — event suppressed,⚡ RESULT | DRAGARWQ (Dr Agarwals Eye Hospital Ltd-$) | Tier: AVOID | 📌 EVENT TRADE ≠ multibagger position,2026-05-25 10:50
OAL,Oriental Aromatics Ltd-$,2026-05-21,BSE_PIPELINE,RESULTS,RESULT,,5,SUPPRESSED,SUPPRESSED,AVOID,0.0,RESTRICTED,3.12,NORMAL,True,Stock tier=AVOID — event suppressed,⚡ RESULT | OAL (Oriental Aromatics Ltd-$) | Tier: AVOID | 📌 EVENT TRADE ≠ multibagger position,2026-05-25 10:50
OAL,Oriental Aromatics Ltd-$,2026-05-21,BSE_PIPELINE,RESULTS,RESULT,,5,SUPPRESSED,SUPPRESSED,AVOID,0.0,RESTRICTED,3.12,NORMAL,True,Stock tier=AVOID — event suppressed,⚡ RESULT | OAL (Oriental Aromatics Ltd-$) | Tier: AVOID | 📌 EVENT TRADE ≠ multibagger position,2026-05-25 10:50
DJML,DJ Mediaprint & Logistics Ltd,2026-05-21,BSE_PIPELINE,RESULTS,RESULT,,5,RESULT_EVENT,WATCH,WATCHLIST_CONFIRMED,61.0,NORMAL,1.61,NORMAL,False,,⚡ RESULT | DJML (DJ Mediaprint & Logistics Ltd) | Signal: RESULT_EVENT | Tier: WATCHLIST_CONFIRMED | 📌 EVENT TRADE ≠ multibagger position,2026-05-25 10:50
EPACK,EPACK Durable Ltd,2026-05-21,BSE_PIPELINE,RESULTS,RESULT,,5,RESULT_EVENT,WATCH,WATCHLIST_CONFIRMED,57.0,NORMAL,-3.26,NORMAL,False,,⚡ RESULT | EPACK (EPACK Durable Ltd) | Signal: RESULT_EVENT | Tier: WATCHLIST_CONFIRMED | 📌 EVENT TRADE ≠ multibagger position,2026-05-25 10:50
ANUHPHR,Anuh Pharma Ltd,2026-05-21,BSE_PIPELINE,RESULTS,RESULT,,5,SUPPRESSED,SUPPRESSED,AVOID,0.0,RESTRICTED,-5.24,NORMAL,True,Stock tier=AVOID — event suppressed,⚡ RESULT | ANUHPHR (Anuh Pharma Ltd) | Tier: AVOID | 📌 EVENT TRADE ≠ multibagger position,2026-05-25 10:50
MOSCHIP,Moschip Technologies Ltd,2026-05-21,BSE_PIPELINE,RESULTS,RESULT,,5,RESULT_EVENT,WATCH,WATCHLIST_CONFIRMED,59.0,NORMAL,-3.4,NORMAL,False,,⚡ RESULT | MOSCHIP (Moschip Technologies Ltd) | Signal: RESULT_EVENT | Tier: WATCHLIST_CONFIRMED | 📌 EVENT TRADE ≠ multibagger position,2026-05-25 10:50
HCL-INSYS,HCL Infosystems Ltd,2026-05-21,BSE_PIPELINE,RESULTS,RESULT,,5,SUPPRESSED,SUPPRESSED,AVOID,0.0,RESTRICTED,0.17,NORMAL,True,Stock tier=AVOID — event suppressed,⚡ RESULT | HCL-INSYS (HCL Infosystems Ltd) | Tier: AVOID | 📌 EVENT TRADE ≠ multibagger position,2026-05-25 10:50
PRESTIGE,Prestige Estates Projects Ltd,2026-05-22,BSE_PIPELINE,RESULTS,RESULT,,5,SUPPRESSED,SUPPRESSED,AVOID,0.0,NORMAL,0.83,NORMAL,True,Stock tier=AVOID — event suppressed,⚡ RESULT | PRESTIGE (Prestige Estates Projects Ltd) | Tier: AVOID | 📌 EVENT TRADE ≠ multibagger position,2026-05-25 10:50
GOKEX,Gokaldas Exports Ltd,2026-05-23,BSE_PIPELINE,RESULTS,RESULT,,5,RESULT_EVENT,WATCH,WATCHLIST_EXTERNAL,52.0,NORMAL,0.85,NORMAL,False,,⚡ RESULT | GOKEX (Gokaldas Exports Ltd) | Signal: RESULT_EVENT | Tier: WATCHLIST_EXTERNAL | 📌 EVENT TRADE ≠ multibagger position,2026-05-25 10:50
NEOGEN,Neogen Chemicals Ltd,2026-05-17,BSE_PIPELINE,RESULTS,RESULT,,5,RESULT_EVENT,WATCH,WATCHLIST_EXTERNAL,49.0,NORMAL,6.77,NORMAL,False,,⚡ RESULT | NEOGEN (Neogen Chemicals Ltd) | Signal: RESULT_EVENT | Tier: WATCHLIST_EXTERNAL | 📌 EVENT TRADE ≠ multibagger position,2026-05-25 10:50
MAJESAUT,Majestic Auto Ltd-$,2026-05-25,BSE_PIPELINE,RESULTS,RESULT,,5,SUPPRESSED,SUPPRESSED,AVOID,0.0,ILLIQUID,7.38,NORMAL,True,Stock tier=AVOID — event suppressed,⚡ RESULT | MAJESAUT (Majestic Auto Ltd-$) | Tier: AVOID | ⚠️ ILLIQUID stock | 📌 EVENT TRADE ≠ multibagger position,2026-05-25 10:50
BELRISE,Belrise Industries Ltd,2026-05-25,BSE_PIPELINE,RESULTS,RESULT,,5,RESULT_EVENT,WATCH,WATCHLIST_CONFIRMED,53.0,NORMAL,3.39,NORMAL,False,,⚡ RESULT | BELRISE (Belrise Industries Ltd) | Signal: RESULT_EVENT | Tier: WATCHLIST_CONFIRMED | 📌 EVENT TRADE ≠ multibagger position,2026-05-25 10:50
UNIVCABLES,Universal Cables Ltd,2026-05-25,BSE_PIPELINE,RESULTS,RESULT,,5,RESULT_EVENT,WATCH,WATCHLIST_EXTERNAL,38.0,NORMAL,1.67,NORMAL,False,,⚡ RESULT | UNIVCABLES (Universal Cables Ltd) | Signal: RESULT_EVENT | Tier: WATCHLIST_EXTERNAL | 📌 EVENT TRADE ≠ multibagger position,2026-05-25 10:50
DOLLAR,Dollar Industries Ltd,2026-05-25,BSE_PIPELINE,RESULTS,RESULT,,5,RESULT_EVENT,WATCH,WATCHLIST_CONFIRMED,70.0,NORMAL,4.49,NORMAL,False,,⚡ RESULT | DOLLAR (Dollar Industries Ltd) | Signal: RESULT_EVENT | Tier: WATCHLIST_CONFIRMED | 📌 EVENT TRADE ≠ multibagger position,2026-05-25 10:50
IPL,India Pesticides Ltd,2026-05-25,BSE_PIPELINE,RESULTS,RESULT,,5,SUPPRESSED,SUPPRESSED,AVOID,0.0,NORMAL,0.99,NORMAL,True,Stock tier=AVOID — event suppressed,⚡ RESULT | IPL (India Pesticides Ltd) | Tier: AVOID | 📌 EVENT TRADE ≠ multibagger position,2026-05-25 10:50
ANURAS,Anupam Rasayan India Ltd,2026-05-25,BSE_PIPELINE,RESULTS,RESULT,,5,RESULT_EVENT,WATCH,WATCHLIST_EXTERNAL,39.0,NORMAL,0.35,NORMAL,False,,⚡ RESULT | ANURAS (Anupam Rasayan India Ltd) | Signal: RESULT_EVENT | Tier: WATCHLIST_EXTERNAL | 📌 EVENT TRADE ≠ multibagger position,2026-05-25 10:50
GLOSTERLTD,Gloster Ltd,2026-05-25,BSE_PIPELINE,RESULTS,RESULT,,5,SUPPRESSED,SUPPRESSED,AVOID,0.0,RESTRICTED,-0.5,NORMAL,True,Stock tier=AVOID — event suppressed,⚡ RESULT | GLOSTERLTD (Gloster Ltd) | Tier: AVOID | 📌 EVENT TRADE ≠ multibagger position,2026-05-25 10:50
IITL,Industrial Investment Trust Ltd,2026-05-25,BSE_PIPELINE,RESULTS,RESULT,,5,SUPPRESSED,SUPPRESSED,AVOID,0.0,NORMAL,5.1,NORMAL,True,Stock tier=AVOID — event suppressed,⚡ RESULT | IITL (Industrial Investment Trust Ltd) | Tier: AVOID | 📌 EVENT TRADE ≠ multibagger position,2026-05-25 10:50
DIGJAMLMTD,Digjam Ltd,2026-05-25,BSE_PIPELINE,RESULTS,RESULT,,5,SUPPRESSED,SUPPRESSED,AVOID,0.0,ILLIQUID,1.75,NORMAL,True,Stock tier=AVOID — event suppressed,⚡ RESULT | DIGJAMLMTD (Digjam Ltd) | Tier: AVOID | ⚠️ ILLIQUID stock | 📌 EVENT TRADE ≠ multibagger position,2026-05-25 10:50
GOKEX,Gokaldas Exports Ltd,2026-05-23,BSE_PIPELINE,RESULTS,RESULT,,5,RESULT_EVENT,WATCH,WATCHLIST_EXTERNAL,52.0,NORMAL,0.85,NORMAL,False,,⚡ RESULT | GOKEX (Gokaldas Exports Ltd) | Signal: RESULT_EVENT | Tier: WATCHLIST_EXTERNAL | 📌 EVENT TRADE ≠ multibagger position,2026-05-25 10:50
SAIPARENT,Sai Parenterals Ltd,2026-05-25,BSE_PIPELINE,RESULTS,RESULT,,5,RESULT_EVENT,NEUTRAL,MONITOR,70.0,NORMAL,2.82,NORMAL,False,,⚡ RESULT | SAIPARENT (Sai Parenterals Ltd) | Signal: RESULT_EVENT | Tier: MONITOR | 📌 EVENT TRADE ≠ multibagger position,2026-05-25 10:50
SAIPARENT,Sai Parenterals Ltd,2026-05-25,BSE_PIPELINE,RESULTS,RESULT,,5,RESULT_EVENT,NEUTRAL,MONITOR,70.0,NORMAL,2.82,NORMAL,False,,⚡ RESULT | SAIPARENT (Sai Parenterals Ltd) | Signal: RESULT_EVENT | Tier: MONITOR | 📌 EVENT TRADE ≠ multibagger position,2026-05-25 10:50
UNIVCABLES,Universal Cables Ltd,2026-05-25,BSE_PIPELINE,RESULTS,RESULT,,5,RESULT_EVENT,WATCH,WATCHLIST_EXTERNAL,38.0,NORMAL,1.67,NORMAL,False,,⚡ RESULT | UNIVCABLES (Universal Cables Ltd) | Signal: RESULT_EVENT | Tier: WATCHLIST_EXTERNAL | 📌 EVENT TRADE ≠ multibagger position,2026-05-25 10:50
GLOSTERLTD,Gloster Ltd,2026-05-25,BSE_PIPELINE,RESULTS,RESULT,,5,SUPPRESSED,SUPPRESSED,AVOID,0.0,RESTRICTED,-0.5,NORMAL,True,Stock tier=AVOID — event suppressed,⚡ RESULT | GLOSTERLTD (Gloster Ltd) | Tier: AVOID | 📌 EVENT TRADE ≠ multibagger position,2026-05-25 10:50
TOLINS,Tolins Tyres Ltd,2026-05-25,BSE_PIPELINE,RESULTS,RESULT,,5,RESULT_EVENT,WATCH,WATCHLIST_CONFIRMED,62.0,RESTRICTED,1.69,NORMAL,False,,⚡ RESULT | TOLINS (Tolins Tyres Ltd) | Signal: RESULT_EVENT | Tier: WATCHLIST_CONFIRMED | 📌 EVENT TRADE ≠ multibagger position,2026-05-25 10:50
UNIVCABLES,Universal Cables Ltd,2026-05-25,BSE_PIPELINE,RESULTS,RESULT,,5,RESULT_EVENT,WATCH,WATCHLIST_EXTERNAL,38.0,NORMAL,1.67,NORMAL,False,,⚡ RESULT | UNIVCABLES (Universal Cables Ltd) | Signal: RESULT_EVENT | Tier: WATCHLIST_EXTERNAL | 📌 EVENT TRADE ≠ multibagger position,2026-05-25 10:50
STUDDS,Studds Accessories Ltd,2026-05-25,BSE_PIPELINE,RESULTS,RESULT,,5,SUPPRESSED,SUPPRESSED,AVOID,0.0,NORMAL,0.94,NORMAL,True,Stock tier=AVOID — event suppressed,⚡ RESULT | STUDDS (Studds Accessories Ltd) | Tier: AVOID | 📌 EVENT TRADE ≠ multibagger position,2026-05-25 10:50
BI,Bilcare Ltd-$,2026-05-23,BSE_PIPELINE,RESULTS,RESULT,,5,SUPPRESSED,SUPPRESSED,AVOID,0.0,ILLIQUID,0.39,NORMAL,True,Stock tier=AVOID — event suppressed,⚡ RESULT | BI (Bilcare Ltd-$) | Tier: AVOID | ⚠️ ILLIQUID stock | 📌 EVENT TRADE ≠ multibagger position,2026-05-25 10:50
BALKRISHNA,Balkrishna Paper Mills Ltd,2026-05-23,BSE_PIPELINE,RESULTS,RESULT,,5,SUPPRESSED,SUPPRESSED,AVOID,0.0,ILLIQUID,-0.11,NORMAL,True,Stock tier=AVOID — event suppressed,⚡ RESULT | BALKRISHNA (Balkrishna Paper Mills Ltd) | Tier: AVOID | ⚠️ ILLIQUID stock | 📌 EVENT TRADE ≠ multibagger position,2026-05-25 10:50
ADROITINFO,Adroit Infotech Ltd,2026-05-23,BSE_PIPELINE,RESULTS,RESULT,,5,SUPPRESSED,SUPPRESSED,AVOID,0.0,ILLIQUID,-3.82,NORMAL,True,Stock tier=AVOID — event suppressed,⚡ RESULT | ADROITINFO (Adroit Infotech Ltd) | Tier: AVOID | ⚠️ ILLIQUID stock | 📌 EVENT TRADE ≠ multibagger position,2026-05-25 10:50
TRIGYN,Trigyn Technologies Ltd,2026-05-23,BSE_PIPELINE,RESULTS,RESULT,,5,SUPPRESSED,SUPPRESSED,AVOID,0.0,ILLIQUID,4.43,NORMAL,True,Stock tier=AVOID — event suppressed,⚡ RESULT | TRIGYN (Trigyn Technologies Ltd) | Tier: AVOID | ⚠️ ILLIQUID stock | 📌 EVENT TRADE ≠ multibagger position,2026-05-25 10:50
ADROITINFO,Adroit Infotech Ltd,2026-05-23,BSE_PIPELINE,RESULTS,RESULT,,5,SUPPRESSED,SUPPRESSED,AVOID,0.0,ILLIQUID,-3.82,NORMAL,True,Stock tier=AVOID — event suppressed,⚡ RESULT | ADROITINFO (Adroit Infotech Ltd) | Tier: AVOID | ⚠️ ILLIQUID stock | 📌 EVENT TRADE ≠ multibagger position,2026-05-25 10:50
QUINT,Quint Digital Ltd,2026-05-23,BSE_PIPELINE,RESULTS,RESULT,,5,SUPPRESSED,SUPPRESSED,AVOID,0.0,ILLIQUID,0.4,NORMAL,True,Stock tier=AVOID — event suppressed,⚡ RESULT | QUINT (Quint Digital Ltd) | Tier: AVOID | ⚠️ ILLIQUID stock | 📌 EVENT TRADE ≠ multibagger position,2026-05-25 10:50
S&SPOWER,S&S Power Switchgear Ltd,2026-05-23,BSE_PIPELINE,RESULTS,RESULT,,5,SUPPRESSED,SUPPRESSED,AVOID,0.0,ILLIQUID,0.32,NORMAL,True,Stock tier=AVOID — event suppressed,⚡ RESULT | S&SPOWER (S&S Power Switchgear Ltd) | Tier: AVOID | ⚠️ ILLIQUID stock | 📌 EVENT TRADE ≠ multibagger position,2026-05-25 10:50
INDIGOPNTS,Indigo Paints Ltd,2026-05-23,BSE_PIPELINE,RESULTS,RESULT,,5,RESULT_EVENT,WATCH,WATCHLIST_CONFIRMED,63.0,NORMAL,4.99,NORMAL,False,,⚡ RESULT | INDIGOPNTS (Indigo Paints Ltd) | Signal: RESULT_EVENT | Tier: WATCHLIST_CONFIRMED | 📌 EVENT TRADE ≠ multibagger position,2026-05-25 10:50
FORTIS,Fortis Healthcare Ltd,2026-05-23,BSE_PIPELINE,RESULTS,RESULT,,5,RESULT_EVENT,WATCH,WATCHLIST_CONFIRMED,43.0,NORMAL,-0.02,NORMAL,False,,⚡ RESULT | FORTIS (Fortis Healthcare Ltd) | Signal: RESULT_EVENT | Tier: WATCHLIST_CONFIRMED | 📌 EVENT TRADE ≠ multibagger position,2026-05-25 10:50
RAMCOCEM,The Ramco Cements Ltd,2026-05-23,BSE_PIPELINE,RESULTS,RESULT,,5,SUPPRESSED,SUPPRESSED,AVOID,0.0,NORMAL,0.87,NORMAL,True,Stock tier=AVOID — event suppressed,⚡ RESULT | RAMCOCEM (The Ramco Cements Ltd) | Tier: AVOID | 📌 EVENT TRADE ≠ multibagger position,2026-05-25 10:50
INDPRUD,Industrial & Prudential Investment Company Ltd,2026-05-23,BSE_PIPELINE,RESULTS,RESULT,,5,SUPPRESSED,SUPPRESSED,AVOID,0.0,ILLIQUID,0.46,NORMAL,True,Stock tier=AVOID — event suppressed,⚡ RESULT | INDPRUD (Industrial & Prudential Investment Company Ltd) | Tier: AVOID | ⚠️ ILLIQUID stock | 📌 EVENT TRADE ≠ multibagger position,2026-05-25 10:50
KOVAI,Kovai Medical Center & Hospital Ltd,2026-05-23,BSE_PIPELINE,RESULTS,RESULT,,5,SUPPRESSED,SUPPRESSED,AVOID,0.0,NORMAL,0.96,NORMAL,True,Stock tier=AVOID — event suppressed,⚡ RESULT | KOVAI (Kovai Medical Center & Hospital Ltd) | Tier: AVOID | 📌 EVENT TRADE ≠ multibagger position,2026-05-25 10:50
GREENLAM,Greenlam Industries Ltd,2026-05-23,BSE_PIPELINE,RESULTS,RESULT,,5,SUPPRESSED,SUPPRESSED,AVOID,0.0,NORMAL,1.55,NORMAL,True,Stock tier=AVOID — event suppressed,⚡ RESULT | GREENLAM (Greenlam Industries Ltd) | Tier: AVOID | 📌 EVENT TRADE ≠ multibagger position,2026-05-25 10:50
AEGISLOG,Aegis Logistics Ltd,2026-05-23,BSE_PIPELINE,RESULTS,RESULT,,5,RESULT_EVENT,WATCH,WATCHLIST_CONFIRMED,67.0,NORMAL,3.42,NORMAL,False,,⚡ RESULT | AEGISLOG (Aegis Logistics Ltd) | Signal: RESULT_EVENT | Tier: WATCHLIST_CONFIRMED | 📌 EVENT TRADE ≠ multibagger position,2026-05-25 10:50
AEGISVOPAK,Aegis Vopak Terminals Ltd,2026-05-23,BSE_PIPELINE,RESULTS,RESULT,,5,RESULT_EVENT,WATCH,WATCHLIST_EXTERNAL,21.0,NORMAL,4.15,NORMAL,False,,⚡ RESULT | AEGISVOPAK (Aegis Vopak Terminals Ltd) | Signal: RESULT_EVENT | Tier: WATCHLIST_EXTERNAL | 📌 EVENT TRADE ≠ multibagger position,2026-05-25 10:50
SCHAND,S Chand and Company Ltd,2026-05-23,BSE_PIPELINE,RESULTS,RESULT,,5,SUPPRESSED,SUPPRESSED,AVOID,0.0,RESTRICTED,-1.27,NORMAL,True,Stock tier=AVOID — event suppressed,⚡ RESULT | SCHAND (S Chand and Company Ltd) | Tier: AVOID | 📌 EVENT TRADE ≠ multibagger position,2026-05-25 10:50
20MICRONS,20 Microns Ltd,2026-05-23,BSE_PIPELINE,RESULTS,RESULT,,5,RESULT_EVENT,WATCH,WATCHLIST_CONFIRMED,62.0,NORMAL,7.16,NORMAL,False,,⚡ RESULT | 20MICRONS (20 Microns Ltd) | Signal: RESULT_EVENT | Tier: WATCHLIST_CONFIRMED | 📌 EVENT TRADE ≠ multibagger position,2026-05-25 10:50
YATRA,Yatra Online Ltd,2026-05-23,BSE_PIPELINE,RESULTS,RESULT,,5,RESULT_EVENT,NEUTRAL,MONITOR,31.0,NORMAL,7.48,NORMAL,False,,⚡ RESULT | YATRA (Yatra Online Ltd) | Signal: RESULT_EVENT | Tier: MONITOR | 📌 EVENT TRADE ≠ multibagger position,2026-05-25 10:50
MAXESTATES,Max Estates Ltd,2026-05-23,BSE_PIPELINE,RESULTS,RESULT,,5,RESULT_EVENT,WATCH,WATCHLIST_EXTERNAL,47.0,NORMAL,5.68,NORMAL,False,,⚡ RESULT | MAXESTATES (Max Estates Ltd) | Signal: RESULT_EVENT | Tier: WATCHLIST_EXTERNAL | 📌 EVENT TRADE ≠ multibagger position,2026-05-25 10:50
CAPACITE,Capacite Infraprojects Ltd,2026-05-21,BSE_PIPELINE,RESULTS,RESULT,,5,RESULT_EVENT,WATCH,WATCHLIST_CONFIRMED,68.0,NORMAL,-3.95,NORMAL,False,,⚡ RESULT | CAPACITE (Capacite Infraprojects Ltd) | Signal: RESULT_EVENT | Tier: WATCHLIST_CONFIRMED | 📌 EVENT TRADE ≠ multibagger position,2026-05-25 10:50
HCL-INSYS,HCL Infosystems Ltd,2026-05-21,BSE_PIPELINE,RESULTS,RESULT,,5,SUPPRESSED,SUPPRESSED,AVOID,0.0,RESTRICTED,0.17,NORMAL,True,Stock tier=AVOID — event suppressed,⚡ RESULT | HCL-INSYS (HCL Infosystems Ltd) | Tier: AVOID | 📌 EVENT TRADE ≠ multibagger position,2026-05-25 10:50
WALCHANNAG,Walchandnagar Industries Ltd,2026-05-21,BSE_PIPELINE,RESULTS,RESULT,,5,SUPPRESSED,SUPPRESSED,AVOID,0.0,NORMAL,-1.96,NORMAL,True,Stock tier=AVOID — event suppressed,⚡ RESULT | WALCHANNAG (Walchandnagar Industries Ltd) | Tier: AVOID | 📌 EVENT TRADE ≠ multibagger position,2026-05-25 10:50
DIGITIDE,Digitide Solutions Ltd,2026-05-19,BSE_PIPELINE,RESULTS,RESULT,,5,RESULT_EVENT,WATCH,WATCHLIST_EXTERNAL,31.0,NORMAL,-0.81,NORMAL,False,,⚡ RESULT | DIGITIDE (Digitide Solutions Ltd) | Signal: RESULT_EVENT | Tier: WATCHLIST_EXTERNAL | 📌 EVENT TRADE ≠ multibagger position,2026-05-25 10:50
MANGLMCEM,Mangalam Cement Ltd,2026-05-17,BSE_PIPELINE,RESULTS,RESULT,,5,SUPPRESSED,SUPPRESSED,AVOID,0.0,NORMAL,2.18,NORMAL,True,Stock tier=AVOID — event suppressed,⚡ RESULT | MANGLMCEM (Mangalam Cement Ltd) | Tier: AVOID | 📌 EVENT TRADE ≠ multibagger position,2026-05-25 10:50
ASHIKA,Ashika Credit Capital Ltd,2026-05-18,BSE_PIPELINE,RESULTS,RESULT,,5,RESULT_EVENT,NEUTRAL,MONITOR,38.0,NORMAL,-1.84,NORMAL,False,,⚡ RESULT | ASHIKA (Ashika Credit Capital Ltd) | Signal: RESULT_EVENT | Tier: MONITOR | 📌 EVENT TRADE ≠ multibagger position,2026-05-25 10:50
BALMLAWRIE,Balmer Lawrie & Company Ltd,2026-05-18,BSE_PIPELINE,RESULTS,RESULT,,5,RESULT_EVENT,WATCH,WATCHLIST_CONFIRMED,63.0,NORMAL,-1.97,NORMAL,False,,⚡ RESULT | BALMLAWRIE (Balmer Lawrie & Company Ltd) | Signal: RESULT_EVENT | Tier: WATCHLIST_CONFIRMED | 📌 EVENT TRADE ≠ multibagger position,2026-05-25 10:50
BALMLAWRIE,Balmer Lawrie & Company Ltd,2026-05-18,BSE_PIPELINE,RESULTS,RESULT,,5,RESULT_EVENT,WATCH,WATCHLIST_CONFIRMED,63.0,NORMAL,-1.97,NORMAL,False,,⚡ RESULT | BALMLAWRIE (Balmer Lawrie & Company Ltd) | Signal: RESULT_EVENT | Tier: WATCHLIST_CONFIRMED | 📌 EVENT TRADE ≠ multibagger position,2026-05-25 10:50
SUPERSPIN,Super Spinning Mills Ltd,2026-05-18,BSE_PIPELINE,RESULTS,RESULT,,5,SUPPRESSED,SUPPRESSED,AVOID,0.0,ILLIQUID,1.0,NORMAL,True,Stock tier=AVOID — event suppressed,⚡ RESULT | SUPERSPIN (Super Spinning Mills Ltd) | Tier: AVOID | ⚠️ ILLIQUID stock | 📌 EVENT TRADE ≠ multibagger position,2026-05-25 10:50
3MINDIA,3M India Ltd,2026-05-18,BSE_PIPELINE,RESULTS,RESULT,,5,SUPPRESSED,SUPPRESSED,AVOID,0.0,NORMAL,4.73,NORMAL,True,Stock tier=AVOID — event suppressed,⚡ RESULT | 3MINDIA (3M India Ltd) | Tier: AVOID | 📌 EVENT TRADE ≠ multibagger position,2026-05-25 10:50
RPOWER,Reliance Power Ltd,2026-05-18,BSE_PIPELINE,RESULTS,RESULT,,5,SUPPRESSED,SUPPRESSED,AVOID,0.0,NORMAL,-0.11,NORMAL,True,Stock tier=AVOID — event suppressed,⚡ RESULT | RPOWER (Reliance Power Ltd) | Tier: AVOID | 📌 EVENT TRADE ≠ multibagger position,2026-05-25 10:50
ONMOBILE,OnMobile Global Ltd,2026-05-19,BSE_PIPELINE,RESULTS,RESULT,,5,SUPPRESSED,SUPPRESSED,AVOID,0.0,NORMAL,-0.2,NORMAL,True,Stock tier=AVOID — event suppressed,⚡ RESULT | ONMOBILE (OnMobile Global Ltd) | Tier: AVOID | 📌 EVENT TRADE ≠ multibagger position,2026-05-25 10:50
SAATVIKGL,Saatvik Green Energy Ltd,2026-05-21,BSE_PIPELINE,RESULTS,RESULT,,5,RESULT_EVENT,WATCH,WATCHLIST_CONFIRMED,62.0,NORMAL,-2.79,NORMAL,False,,⚡ RESULT | SAATVIKGL (Saatvik Green Energy Ltd) | Signal: RESULT_EVENT | Tier: WATCHLIST_CONFIRMED | 📌 EVENT TRADE ≠ multibagger position,2026-05-25 10:50
PURVA,Puravankara Ltd,2026-05-19,BSE_PIPELINE,RESULTS,RESULT,,5,SUPPRESSED,SUPPRESSED,AVOID,0.0,NORMAL,-3.21,NORMAL,True,Stock tier=AVOID — event suppressed,⚡ RESULT | PURVA (Puravankara Ltd) | Tier: AVOID | 📌 EVENT TRADE ≠ multibagger position,2026-05-25 10:50
JKPAPER,JK Paper Ltd,2026-05-19,BSE_PIPELINE,RESULTS,RESULT,,5,SUPPRESSED,SUPPRESSED,AVOID,0.0,NORMAL,-4.14,NORMAL,True,Stock tier=AVOID — event suppressed,⚡ RESULT | JKPAPER (JK Paper Ltd) | Tier: AVOID | 📌 EVENT TRADE ≠ multibagger position,2026-05-25 10:50
KMSUGAR,K M Sugar Mills Ltd,2026-05-19,BSE_PIPELINE,RESULTS,RESULT,,5,RESULT_EVENT,WATCH,WATCHLIST_EXTERNAL,48.0,RESTRICTED,-0.9,NORMAL,False,,⚡ RESULT | KMSUGAR (K M Sugar Mills Ltd) | Signal: RESULT_EVENT | Tier: WATCHLIST_EXTERNAL | 📌 EVENT TRADE ≠ multibagger position,2026-05-25 10:50
63MOONS,63 Moons Technologies Ltd,2026-05-19,BSE_PIPELINE,RESULTS,RESULT,,5,SUPPRESSED,SUPPRESSED,AVOID,0.0,NORMAL,-2.47,NORMAL,True,Stock tier=AVOID — event suppressed,⚡ RESULT | 63MOONS (63 Moons Technologies Ltd) | Tier: AVOID | 📌 EVENT TRADE ≠ multibagger position,2026-05-25 10:50
GNFC,Gujarat Narmada Valley Fertilizers & Chemicals Ltd,2026-05-19,BSE_PIPELINE,RESULTS,RESULT,,5,SUPPRESSED,SUPPRESSED,AVOID,0.0,NORMAL,-7.21,NORMAL,True,Stock tier=AVOID — event suppressed,⚡ RESULT | GNFC (Gujarat Narmada Valley Fertilizers & Chemicals Ltd) | Tier: AVOID | 📌 EVENT TRADE ≠ multibagger position,2026-05-25 10:50
ATLANTAA,Atlantaa Ltd,2026-05-19,BSE_PIPELINE,RESULTS,RESULT,,5,SUPPRESSED,SUPPRESSED,AVOID,0.0,RESTRICTED,-5.25,NORMAL,True,Stock tier=AVOID — event suppressed,⚡ RESULT | ATLANTAA (Atlantaa Ltd) | Tier: AVOID | 📌 EVENT TRADE ≠ multibagger position,2026-05-25 10:50
MONTECARLO,Monte Carlo Fashions Ltd,2026-05-19,BSE_PIPELINE,RESULTS,RESULT,,5,SUPPRESSED,SUPPRESSED,AVOID,0.0,NORMAL,-5.13,NORMAL,True,Stock tier=AVOID — event suppressed,⚡ RESULT | MONTECARLO (Monte Carlo Fashions Ltd) | Tier: AVOID | 📌 EVENT TRADE ≠ multibagger position,2026-05-25 10:50
DELHIVERY,Delhivery Ltd,2026-05-17,BSE_PIPELINE,RESULTS,RESULT,,5,RESULT_EVENT,WATCH,WATCHLIST_CONFIRMED,67.0,NORMAL,-2.57,NORMAL,False,,⚡ RESULT | DELHIVERY (Delhivery Ltd) | Signal: RESULT_EVENT | Tier: WATCHLIST_CONFIRMED | 📌 EVENT TRADE ≠ multibagger position,2026-05-25 10:50
VALIANTORG,Valiant Organics Ltd,2026-05-17,BSE_PIPELINE,RESULTS,RESULT,,5,SUPPRESSED,SUPPRESSED,AVOID,0.0,NORMAL,-5.59,NORMAL,True,Stock tier=AVOID — event suppressed,⚡ RESULT | VALIANTORG (Valiant Organics Ltd) | Tier: AVOID | 📌 EVENT TRADE ≠ multibagger position,2026-05-25 10:50
INDIACEM,India Cements Ltd,2026-04-25,BSE_PIPELINE,RESULTS,RESULT,,5,RESULT_EVENT,WATCH,WATCHLIST_EXTERNAL,46.0,NORMAL,-1.44,NORMAL,False,,⚡ RESULT | INDIACEM (India Cements Ltd) | Signal: RESULT_EVENT | Tier: WATCHLIST_EXTERNAL | 📌 EVENT TRADE ≠ multibagger position,2026-05-25 10:50
NEOGEN,Neogen Chemicals Ltd,2026-05-17,BSE_PIPELINE,RESULTS,RESULT,,5,RESULT_EVENT,WATCH,WATCHLIST_EXTERNAL,49.0,NORMAL,6.77,NORMAL,False,,⚡ RESULT | NEOGEN (Neogen Chemicals Ltd) | Signal: RESULT_EVENT | Tier: WATCHLIST_EXTERNAL | 📌 EVENT TRADE ≠ multibagger position,2026-05-25 10:50
PRADPME,Pradeep Metals Ltd,2026-05-17,BSE_PIPELINE,RESULTS,RESULT,,5,SUPPRESSED,SUPPRESSED,AVOID,0.0,RESTRICTED,-0.57,NORMAL,True,Stock tier=AVOID — event suppressed,⚡ RESULT | PRADPME (Pradeep Metals Ltd) | Tier: AVOID | 📌 EVENT TRADE ≠ multibagger position,2026-05-25 10:50
MAITHANALL,Maithan Alloys Ltd,2026-05-17,BSE_PIPELINE,RESULTS,RESULT,,5,SUPPRESSED,SUPPRESSED,AVOID,0.0,NORMAL,-0.68,NORMAL,True,Stock tier=AVOID — event suppressed,⚡ RESULT | MAITHANALL (Maithan Alloys Ltd) | Tier: AVOID | 📌 EVENT TRADE ≠ multibagger position,2026-05-25 10:50
GENUSPOWER,Genus Power Infrastructures Ltd-$,2026-05-17,BSE_PIPELINE,RESULTS,RESULT,,5,RESULT_EVENT,WATCH,WATCHLIST_CONFIRMED,60.0,NORMAL,2.81,NORMAL,False,,⚡ RESULT | GENUSPOWER (Genus Power Infrastructures Ltd-$) | Signal: RESULT_EVENT | Tier: WATCHLIST_CONFIRMED | 📌 EVENT TRADE ≠ multibagger position,2026-05-25 10:50
IDEA,Vodafone Idea Ltd,2026-05-17,BSE_PIPELINE,RESULTS,RESULT,,5,SUPPRESSED,SUPPRESSED,AVOID,0.0,NORMAL,1.55,NORMAL,True,Stock tier=AVOID — event suppressed,⚡ RESULT | IDEA (Vodafone Idea Ltd) | Tier: AVOID | 📌 EVENT TRADE ≠ multibagger position,2026-05-25 10:50
DELHIVERY,Delhivery Ltd,2026-05-17,BSE_PIPELINE,RESULTS,RESULT,,5,RESULT_EVENT,WATCH,WATCHLIST_CONFIRMED,67.0,NORMAL,-2.57,NORMAL,False,,⚡ RESULT | DELHIVERY (Delhivery Ltd) | Signal: RESULT_EVENT | Tier: WATCHLIST_CONFIRMED | 📌 EVENT TRADE ≠ multibagger position,2026-05-25 10:50
WCIL,Western Carriers (India) Ltd,2026-05-17,BSE_PIPELINE,RESULTS,RESULT,,5,RESULT_EVENT,WATCH,WATCHLIST_CONFIRMED,59.0,RESTRICTED,0.97,NORMAL,False,,⚡ RESULT | WCIL (Western Carriers (India) Ltd) | Signal: RESULT_EVENT | Tier: WATCHLIST_CONFIRMED | 📌 EVENT TRADE ≠ multibagger position,2026-05-25 10:50
STYRENIX,Styrenix Performance Materials Ltd,2026-05-17,BSE_PIPELINE,RESULTS,RESULT,,5,SUPPRESSED,SUPPRESSED,AVOID,0.0,NORMAL,-1.97,NORMAL,True,Stock tier=AVOID — event suppressed,⚡ RESULT | STYRENIX (Styrenix Performance Materials Ltd) | Tier: AVOID | 📌 EVENT TRADE ≠ multibagger position,2026-05-25 10:50
INDTERRAIN,Indian Terrain Fashions Ltd,2026-05-17,BSE_PIPELINE,RESULTS,RESULT,,5,SUPPRESSED,SUPPRESSED,AVOID,0.0,ILLIQUID,2.24,NORMAL,True,Stock tier=AVOID — event suppressed,⚡ RESULT | INDTERRAIN (Indian Terrain Fashions Ltd) | Tier: AVOID | ⚠️ ILLIQUID stock | 📌 EVENT TRADE ≠ multibagger position,2026-05-25 10:50
3PLAND,3P Land Holdings Ltd,2026-05-17,BSE_PIPELINE,RESULTS,RESULT,,5,SUPPRESSED,SUPPRESSED,AVOID,0.0,ILLIQUID,-3.69,NORMAL,True,Stock tier=AVOID — event suppressed,⚡ RESULT | 3PLAND (3P Land Holdings Ltd) | Tier: AVOID | ⚠️ ILLIQUID stock | 📌 EVENT TRADE ≠ multibagger position,2026-05-25 10:50
POWERGRID,Power Grid Corporation of India Ltd,2026-05-17,BSE_PIPELINE,RESULTS,RESULT,,5,RESULT_EVENT,WATCH,WATCHLIST_EXTERNAL,46.0,NORMAL,-1.44,NORMAL,False,,⚡ RESULT | POWERGRID (Power Grid Corporation of India Ltd) | Signal: RESULT_EVENT | Tier: WATCHLIST_EXTERNAL | 📌 EVENT TRADE ≠ multibagger position,2026-05-25 10:50
KOKUYOCMLN,Kokuyo Camlin Ltd-$,2026-05-17,BSE_PIPELINE,RESULTS,RESULT,,5,SUPPRESSED,SUPPRESSED,AVOID,0.0,RESTRICTED,1.23,NORMAL,True,Stock tier=AVOID — event suppressed,⚡ RESULT | KOKUYOCMLN (Kokuyo Camlin Ltd-$) | Tier: AVOID | 📌 EVENT TRADE ≠ multibagger position,2026-05-25 10:50
COCHINSHIP,Cochin Shipyard Ltd,2026-05-17,BSE_PIPELINE,RESULTS,RESULT,,5,RESULT_EVENT,WATCH,WATCHLIST_CONFIRMED,47.0,NORMAL,2.85,NORMAL,False,,⚡ RESULT | COCHINSHIP (Cochin Shipyard Ltd) | Signal: RESULT_EVENT | Tier: WATCHLIST_CONFIRMED | 📌 EVENT TRADE ≠ multibagger position,2026-05-25 10:50
ROTO,Roto Pumps Ltd,2026-05-17,BSE_PIPELINE,RESULTS,RESULT,,5,RESULT_EVENT,WATCH,WATCHLIST_CONFIRMED,57.0,NORMAL,1.86,NORMAL,False,,⚡ RESULT | ROTO (Roto Pumps Ltd) | Signal: RESULT_EVENT | Tier: WATCHLIST_CONFIRMED | 📌 EVENT TRADE ≠ multibagger position,2026-05-25 10:50
KWIL,Kwality Walls (India) Ltd,2026-05-17,BSE_PIPELINE,RESULTS,RESULT,,5,RESULT_EVENT,NEUTRAL,MONITOR,26.0,NORMAL,-1.12,NORMAL,False,,⚡ RESULT | KWIL (Kwality Walls (India) Ltd) | Signal: RESULT_EVENT | Tier: MONITOR | 📌 EVENT TRADE ≠ multibagger position,2026-05-25 10:50
LINC,Linc Ltd-$,2026-05-17,BSE_PIPELINE,RESULTS,RESULT,,5,RESULT_EVENT,WATCH,WATCHLIST_CONFIRMED,64.0,NORMAL,2.57,NORMAL,False,,⚡ RESULT | LINC (Linc Ltd-$) | Signal: RESULT_EVENT | Tier: WATCHLIST_CONFIRMED | 📌 EVENT TRADE ≠ multibagger position,2026-05-25 10:50
IGPL,IG Petrochemicals Ltd,2026-05-19,BSE_PIPELINE,RESULTS,RESULT,,5,SUPPRESSED,SUPPRESSED,AVOID,0.0,NORMAL,0.26,NORMAL,True,Stock tier=AVOID — event suppressed,⚡ RESULT | IGPL (IG Petrochemicals Ltd) | Tier: AVOID | 📌 EVENT TRADE ≠ multibagger position,2026-05-25 10:50
ELDEHSG,Eldeco Housing & Industries Ltd,2026-05-19,BSE_PIPELINE,RESULTS,RESULT,,5,SUPPRESSED,SUPPRESSED,AVOID,0.0,ILLIQUID,0.57,NORMAL,True,Stock tier=AVOID — event suppressed,⚡ RESULT | ELDEHSG (Eldeco Housing & Industries Ltd) | Tier: AVOID | ⚠️ ILLIQUID stock | 📌 EVENT TRADE ≠ multibagger position,2026-05-25 10:50
VISAKAIND,Visaka Industries Ltd,2026-05-19,BSE_PIPELINE,RESULTS,RESULT,,5,SUPPRESSED,SUPPRESSED,AVOID,0.0,NORMAL,-1.79,NORMAL,True,Stock tier=AVOID — event suppressed,⚡ RESULT | VISAKAIND (Visaka Industries Ltd) | Tier: AVOID | 📌 EVENT TRADE ≠ multibagger position,2026-05-25 10:50
HATSUN,Hatsun Agro Product Ltd,2026-05-20,BSE_PIPELINE,RESULTS,RESULT,,5,SUPPRESSED,SUPPRESSED,AVOID,0.0,NORMAL,-2.44,NORMAL,True,Stock tier=AVOID — event suppressed,⚡ RESULT | HATSUN (Hatsun Agro Product Ltd) | Tier: AVOID | 📌 EVENT TRADE ≠ multibagger position,2026-05-25 10:50
CRAMC,Canara Robeco Asset Management Company Ltd,2026-05-20,BSE_PIPELINE,RESULTS,RESULT,,5,RESULT_EVENT,NEUTRAL,MONITOR,18.0,NORMAL,0.57,NORMAL,False,,⚡ RESULT | CRAMC (Canara Robeco Asset Management Company Ltd) | Signal: RESULT_EVENT | Tier: MONITOR | 📌 EVENT TRADE ≠ multibagger position,2026-05-25 10:50
JKIL,J. Kumar Infraprojects Ltd,2026-05-20,BSE_PIPELINE,RESULTS,RESULT,,5,RESULT_EVENT,WATCH,WATCHLIST_CONFIRMED,68.0,NORMAL,0.92,NORMAL,False,,⚡ RESULT | JKIL (J. Kumar Infraprojects Ltd) | Signal: RESULT_EVENT | Tier: WATCHLIST_CONFIRMED | 📌 EVENT TRADE ≠ multibagger position,2026-05-25 10:50
BUILDPRO,Shankara Buildpro Ltd,2026-05-20,BSE_PIPELINE,RESULTS,RESULT,,5,RESULT_EVENT,NEUTRAL,MONITOR,25.0,NORMAL,-6.04,NORMAL,False,,⚡ RESULT | BUILDPRO (Shankara Buildpro Ltd) | Signal: RESULT_EVENT | Tier: MONITOR | 📌 EVENT TRADE ≠ multibagger position,2026-05-25 10:50
HCG,HealthCare Global Enterprises Ltd,2026-05-20,BSE_PIPELINE,RESULTS,RESULT,,5,SUPPRESSED,SUPPRESSED,AVOID,0.0,NORMAL,1.15,NORMAL,True,Stock tier=AVOID — event suppressed,⚡ RESULT | HCG (HealthCare Global Enterprises Ltd) | Tier: AVOID | 📌 EVENT TRADE ≠ multibagger position,2026-05-25 10:50
MAXESTATES,Max Estates Ltd,2026-05-20,BSE_PIPELINE,RESULTS,RESULT,,5,RESULT_EVENT,WATCH,WATCHLIST_EXTERNAL,47.0,NORMAL,5.68,NORMAL,False,,⚡ RESULT | MAXESTATES (Max Estates Ltd) | Signal: RESULT_EVENT | Tier: WATCHLIST_EXTERNAL | 📌 EVENT TRADE ≠ multibagger position,2026-05-25 10:50
PIIND,PI Industries Ltd,2026-05-20,BSE_PIPELINE,RESULTS,RESULT,,5,RESULT_EVENT,WATCH,WATCHLIST_CONFIRMED,57.0,NORMAL,-11.0,NORMAL,False,,⚡ RESULT | PIIND (PI Industries Ltd) | Signal: RESULT_EVENT | Tier: WATCHLIST_CONFIRMED | 📌 EVENT TRADE ≠ multibagger position,2026-05-25 10:50
BANSWRAS,Banswara Syntex Ltd-$,2026-05-20,BSE_PIPELINE,RESULTS,RESULT,,5,SUPPRESSED,SUPPRESSED,AVOID,0.0,RESTRICTED,5.77,NORMAL,True,Stock tier=AVOID — event suppressed,⚡ RESULT | BANSWRAS (Banswara Syntex Ltd-$) | Tier: AVOID | 📌 EVENT TRADE ≠ multibagger position,2026-05-25 10:50
HIMATSEIDE,Himatsingka Seide Ltd,2026-05-20,BSE_PIPELINE,RESULTS,RESULT,,5,SUPPRESSED,SUPPRESSED,AVOID,0.0,NORMAL,0.67,NORMAL,True,Stock tier=AVOID — event suppressed,⚡ RESULT | HIMATSEIDE (Himatsingka Seide Ltd) | Tier: AVOID | 📌 EVENT TRADE ≠ multibagger position,2026-05-25 10:50
RUPA,Rupa & Company Ltd,2026-05-20,BSE_PIPELINE,RESULTS,RESULT,,5,SUPPRESSED,SUPPRESSED,AVOID,0.0,NORMAL,0.01,NORMAL,True,Stock tier=AVOID — event suppressed,⚡ RESULT | RUPA (Rupa & Company Ltd) | Tier: AVOID | 📌 EVENT TRADE ≠ multibagger position,2026-05-25 10:50
DJML,DJ Mediaprint & Logistics Ltd,2026-05-21,BSE_PIPELINE,RESULTS,RESULT,,5,RESULT_EVENT,WATCH,WATCHLIST_CONFIRMED,61.0,NORMAL,1.61,NORMAL,False,,⚡ RESULT | DJML (DJ Mediaprint & Logistics Ltd) | Signal: RESULT_EVENT | Tier: WATCHLIST_CONFIRMED | 📌 EVENT TRADE ≠ multibagger position,2026-05-25 10:50
VEEDOL,Veedol Corporation Ltd,2026-05-21,BSE_PIPELINE,RESULTS,RESULT,,5,SUPPRESSED,SUPPRESSED,AVOID,0.0,NORMAL,-0.18,NORMAL,True,Stock tier=AVOID — event suppressed,⚡ RESULT | VEEDOL (Veedol Corporation Ltd) | Tier: AVOID | 📌 EVENT TRADE ≠ multibagger position,2026-05-25 10:50
ANUHPHR,Anuh Pharma Ltd,2026-05-21,BSE_PIPELINE,RESULTS,RESULT,,5,SUPPRESSED,SUPPRESSED,AVOID,0.0,RESTRICTED,-5.24,NORMAL,True,Stock tier=AVOID — event suppressed,⚡ RESULT | ANUHPHR (Anuh Pharma Ltd) | Tier: AVOID | 📌 EVENT TRADE ≠ multibagger position,2026-05-25 10:50
MOSCHIP,Moschip Technologies Ltd,2026-05-21,BSE_PIPELINE,RESULTS,RESULT,,5,RESULT_EVENT,WATCH,WATCHLIST_CONFIRMED,59.0,NORMAL,-3.4,NORMAL,False,,⚡ RESULT | MOSCHIP (Moschip Technologies Ltd) | Signal: RESULT_EVENT | Tier: WATCHLIST_CONFIRMED | 📌 EVENT TRADE ≠ multibagger position,2026-05-25 10:50
AKCAPIT,AK Capital Services Ltd,2026-05-21,BSE_PIPELINE,RESULTS,RESULT,,5,SUPPRESSED,SUPPRESSED,AVOID,0.0,ILLIQUID,1.51,NORMAL,True,Stock tier=AVOID — event suppressed,⚡ RESULT | AKCAPIT (AK Capital Services Ltd) | Tier: AVOID | ⚠️ ILLIQUID stock | 📌 EVENT TRADE ≠ multibagger position,2026-05-25 10:50
MEDPLUS,Medplus Health Services Ltd,2026-05-21,BSE_PIPELINE,RESULTS,RESULT,,5,RESULT_EVENT,WATCH,WATCHLIST_CONFIRMED,59.0,NORMAL,-3.84,NORMAL,False,,⚡ RESULT | MEDPLUS (Medplus Health Services Ltd) | Signal: RESULT_EVENT | Tier: WATCHLIST_CONFIRMED | 📌 EVENT TRADE ≠ multibagger position,2026-05-25 10:50
PTC,PTC India Ltd,2026-05-20,BSE_PIPELINE,RESULTS,RESULT,,5,RESULT_EVENT,WATCH,WATCHLIST_CONFIRMED,60.0,NORMAL,-6.45,NORMAL,False,,⚡ RESULT | PTC (PTC India Ltd) | Signal: RESULT_EVENT | Tier: WATCHLIST_CONFIRMED | 📌 EVENT TRADE ≠ multibagger position,2026-05-25 10:50
RKSWAMY,R K Swamy Ltd,2026-05-20,BSE_PIPELINE,RESULTS,RESULT,,5,SUPPRESSED,SUPPRESSED,AVOID,0.0,RESTRICTED,6.17,NORMAL,True,Stock tier=AVOID — event suppressed,⚡ RESULT | RKSWAMY (R K Swamy Ltd) | Tier: AVOID | 📌 EVENT TRADE ≠ multibagger position,2026-05-25 10:50
ELCIDIN,EL CID Investments Ltd,2026-05-19,BSE_PIPELINE,RESULTS,RESULT,,5,SUPPRESSED,SUPPRESSED,AVOID,0.0,ILLIQUID,3.7,NORMAL,True,Stock tier=AVOID — event suppressed,⚡ RESULT | ELCIDIN (EL CID Investments Ltd) | Tier: AVOID | ⚠️ ILLIQUID stock | 📌 EVENT TRADE ≠ multibagger position,2026-05-25 10:50
ARSHIYA,Arshiya Ltd,2026-05-20,BSE_PIPELINE,RESULTS,RESULT,,5,SUPPRESSED,SUPPRESSED,AVOID,0.0,ILLIQUID,3.42,NORMAL,True,Stock tier=AVOID — event suppressed,⚡ RESULT | ARSHIYA (Arshiya Ltd) | Tier: AVOID | ⚠️ ILLIQUID stock | 📌 EVENT TRADE ≠ multibagger position,2026-05-25 10:50
MUFIN,Mufin Green Finance Ltd,2026-05-19,BSE_PIPELINE,RESULTS,RESULT,,5,RESULT_EVENT,WATCH,WATCHLIST_CONFIRMED,76.0,NORMAL,1.88,NORMAL,False,,⚡ RESULT | MUFIN (Mufin Green Finance Ltd) | Signal: RESULT_EVENT | Tier: WATCHLIST_CONFIRMED | 📌 EVENT TRADE ≠ multibagger position,2026-05-25 10:50
SAMHI,Samhi Hotels Ltd,2026-05-19,BSE_PIPELINE,RESULTS,RESULT,,5,SUPPRESSED,SUPPRESSED,AVOID,0.0,NORMAL,4.67,NORMAL,True,Stock tier=AVOID — event suppressed,⚡ RESULT | SAMHI (Samhi Hotels Ltd) | Tier: AVOID | 📌 EVENT TRADE ≠ multibagger position,2026-05-25 10:50
IOC,Indian Oil Corporation Ltd,2026-05-19,BSE_PIPELINE,RESULTS,RESULT,,5,RESULT_EVENT,WATCH,WATCHLIST_EXTERNAL,42.0,NORMAL,3.31,NORMAL,False,,⚡ RESULT | IOC (Indian Oil Corporation Ltd) | Signal: RESULT_EVENT | Tier: WATCHLIST_EXTERNAL | 📌 EVENT TRADE ≠ multibagger position,2026-05-25 10:50
PURVA,Puravankara Ltd,2026-05-19,BSE_PIPELINE,RESULTS,RESULT,,5,SUPPRESSED,SUPPRESSED,AVOID,0.0,NORMAL,-3.21,NORMAL,True,Stock tier=AVOID — event suppressed,⚡ RESULT | PURVA (Puravankara Ltd) | Tier: AVOID | 📌 EVENT TRADE ≠ multibagger position,2026-05-25 10:50
HCG,HealthCare Global Enterprises Ltd,2026-05-20,BSE_PIPELINE,RESULTS,RESULT,,5,SUPPRESSED,SUPPRESSED,AVOID,0.0,NORMAL,1.15,NORMAL,True,Stock tier=AVOID — event suppressed,⚡ RESULT | HCG (HealthCare Global Enterprises Ltd) | Tier: AVOID | 📌 EVENT TRADE ≠ multibagger position,2026-05-25 10:50
BLUSPRING,Bluspring Enterprises Ltd,2026-05-20,BSE_PIPELINE,RESULTS,RESULT,,5,SUPPRESSED,SUPPRESSED,AVOID,0.0,NORMAL,-3.65,NORMAL,True,Stock tier=AVOID — event suppressed,⚡ RESULT | BLUSPRING (Bluspring Enterprises Ltd) | Tier: AVOID | 📌 EVENT TRADE ≠ multibagger position,2026-05-25 10:50
SIYSIL,Siyaram Silk Mills Ltd-$,2026-05-20,BSE_PIPELINE,RESULTS,RESULT,,5,RESULT_EVENT,WATCH,WATCHLIST_CONFIRMED,59.0,NORMAL,-2.98,NORMAL,False,,⚡ RESULT | SIYSIL (Siyaram Silk Mills Ltd-$) | Signal: RESULT_EVENT | Tier: WATCHLIST_CONFIRMED | 📌 EVENT TRADE ≠ multibagger position,2026-05-25 10:50
ADVENTHTL,Advent Hotels International Ltd,2026-05-20,BSE_PIPELINE,RESULTS,RESULT,,5,RESULT_EVENT,WATCH,WATCHLIST_EXTERNAL,33.0,NORMAL,-4.13,NORMAL,False,,⚡ RESULT | ADVENTHTL (Advent Hotels International Ltd) | Signal: RESULT_EVENT | Tier: WATCHLIST_EXTERNAL | 📌 EVENT TRADE ≠ multibagger position,2026-05-25 10:50
AYMSYNTEX,AYM Syntex Ltd,2026-05-20,BSE_PIPELINE,RESULTS,RESULT,,5,SUPPRESSED,SUPPRESSED,AVOID,0.0,RESTRICTED,-10.75,NORMAL,True,Stock tier=AVOID — event suppressed,⚡ RESULT | AYMSYNTEX (AYM Syntex Ltd) | Tier: AVOID | 📌 EVENT TRADE ≠ multibagger position,2026-05-25 10:50
OMPOWER,Om Power Transmission Ltd,2026-05-20,BSE_PIPELINE,RESULTS,RESULT,,5,RESULT_EVENT,NEUTRAL,MONITOR,38.0,NORMAL,0.35,NORMAL,False,,⚡ RESULT | OMPOWER (Om Power Transmission Ltd) | Signal: RESULT_EVENT | Tier: MONITOR | 📌 EVENT TRADE ≠ multibagger position,2026-05-25 10:50
KTKBANK,Karnataka Bank Ltd,2026-05-20,BSE_PIPELINE,RESULTS,RESULT,,5,RESULT_EVENT,WATCH,WATCHLIST_EXTERNAL,52.0,NORMAL,6.76,NORMAL,False,,⚡ RESULT | KTKBANK (Karnataka Bank Ltd) | Signal: RESULT_EVENT | Tier: WATCHLIST_EXTERNAL | 📌 EVENT TRADE ≠ multibagger position,2026-05-25 10:50
ARSHIYA,Arshiya Ltd,2026-05-20,BSE_PIPELINE,RESULTS,RESULT,,5,SUPPRESSED,SUPPRESSED,AVOID,0.0,ILLIQUID,3.42,NORMAL,True,Stock tier=AVOID — event suppressed,⚡ RESULT | ARSHIYA (Arshiya Ltd) | Tier: AVOID | ⚠️ ILLIQUID stock | 📌 EVENT TRADE ≠ multibagger position,2026-05-25 10:50
AUTOAXLES,Automotive Axles Ltd,2026-05-20,BSE_PIPELINE,RESULTS,RESULT,,5,SUPPRESSED,SUPPRESSED,AVOID,0.0,NORMAL,3.18,NORMAL,True,Stock tier=AVOID — event suppressed,⚡ RESULT | AUTOAXLES (Automotive Axles Ltd) | Tier: AVOID | 📌 EVENT TRADE ≠ multibagger position,2026-05-25 10:50
TRANSWORLD,Transworld Shipping Lines Ltd,2026-05-20,BSE_PIPELINE,RESULTS,RESULT,,5,SUPPRESSED,SUPPRESSED,AVOID,0.0,RESTRICTED,-3.21,NORMAL,True,Stock tier=AVOID — event suppressed,⚡ RESULT | TRANSWORLD (Transworld Shipping Lines Ltd) | Tier: AVOID | 📌 EVENT TRADE ≠ multibagger position,2026-05-25 10:50
ANTHEM,Anthem Biosciences Ltd,2026-05-20,BSE_PIPELINE,RESULTS,RESULT,,5,RESULT_EVENT,WATCH,WATCHLIST_CONFIRMED,53.0,NORMAL,-1.3,NORMAL,False,,⚡ RESULT | ANTHEM (Anthem Biosciences Ltd) | Signal: RESULT_EVENT | Tier: WATCHLIST_CONFIRMED | 📌 EVENT TRADE ≠ multibagger position,2026-05-25 10:50
IDEA,Vodafone Idea Ltd,2026-05-17,BSE_PIPELINE,RESULTS,RESULT,,5,SUPPRESSED,SUPPRESSED,AVOID,0.0,NORMAL,1.55,NORMAL,True,Stock tier=AVOID — event suppressed,⚡ RESULT | IDEA (Vodafone Idea Ltd) | Tier: AVOID | 📌 EVENT TRADE ≠ multibagger position,2026-05-25 10:50
MAFATIND,MAFATLAL INDUSTRIES LTD.,2026-05-06,BSE_LIVE_POLLER,RESULTS,RESULT,,5,SUPPRESSED,SUPPRESSED,AVOID,0.0,RESTRICTED,0.19,NORMAL,True,Stock tier=AVOID — event suppressed,⚡ RESULT | MAFATIND (MAFATLAL INDUSTRIES LTD.) | Tier: AVOID | 📌 EVENT TRADE ≠ multibagger position,2026-05-25 10:50
RADICO,RADICO KHAITAN LTD.,2026-05-06,BSE_LIVE_POLLER,RESULTS,RESULT,,5,RESULT_EVENT,WATCH,WATCHLIST_CONFIRMED,65.0,NORMAL,-1.08,NORMAL,False,,⚡ RESULT | RADICO (RADICO KHAITAN LTD.) | Signal: RESULT_EVENT | Tier: WATCHLIST_CONFIRMED | 📌 EVENT TRADE ≠ multibagger position,2026-05-25 10:50
WINDLAS,Windlas Biotech Limited,2026-04-30,BSE_LIVE_POLLER,ORDER_WIN,ORDER_WIN,UNKNOWN,5,WATCH_SIGNAL,CONFIRMED,STRONG,60.0,NORMAL,2.94,NORMAL,False,,⚡ ORDER_WIN | WINDLAS (Windlas Biotech Limited) | Signal: WATCH_SIGNAL | Tier: STRONG | 📌 EVENT TRADE ≠ multibagger position,2026-05-25 10:50
BAJAJFINSV,BAJAJ FINSERV LTD.,2026-04-30,BSE_LIVE_POLLER,RESULTS,RESULT,,5,RESULT_EVENT,WATCH,WATCHLIST_EXTERNAL,62.0,NORMAL,0.93,NORMAL,False,,⚡ RESULT | BAJAJFINSV (BAJAJ FINSERV LTD.) | Signal: RESULT_EVENT | Tier: WATCHLIST_EXTERNAL | 📌 EVENT TRADE ≠ multibagger position,2026-05-25 10:50
BAJAJFINSV,BAJAJ FINSERV LTD.,2026-04-30,BSE_LIVE_POLLER,RESULTS,RESULT,,5,RESULT_EVENT,WATCH,WATCHLIST_EXTERNAL,62.0,NORMAL,0.93,NORMAL,False,,⚡ RESULT | BAJAJFINSV (BAJAJ FINSERV LTD.) | Signal: RESULT_EVENT | Tier: WATCHLIST_EXTERNAL | 📌 EVENT TRADE ≠ multibagger position,2026-05-25 10:50
BALKRISIND,BALKRISHNA INDUSTRIES LTD.,2026-04-30,BSE_LIVE_POLLER,ORDER_WIN,ORDER_WIN,UNKNOWN,5,WATCH_SIGNAL,CONFIRMED,STRONG,65.0,NORMAL,3.77,NORMAL,False,,⚡ ORDER_WIN | BALKRISIND (BALKRISHNA INDUSTRIES LTD.) | Signal: WATCH_SIGNAL | Tier: STRONG | 📌 EVENT TRADE ≠ multibagger position,2026-05-25 10:50
PCBL,PCBL Chemical Limited,2026-04-30,BSE_LIVE_POLLER,RESULTS,RESULT,,5,RESULT_EVENT,WATCH,WATCHLIST_EXTERNAL,46.0,NORMAL,7.18,NORMAL,False,,⚡ RESULT | PCBL (PCBL Chemical Limited) | Signal: RESULT_EVENT | Tier: WATCHLIST_EXTERNAL | 📌 EVENT TRADE ≠ multibagger position,2026-05-25 10:50
IDBI,IDBI BANK LTD.,2026-04-30,BSE_LIVE_POLLER,RESULTS,RESULT,,5,RESULT_EVENT,WATCH,WATCHLIST_EXTERNAL,36.0,NORMAL,-1.24,NORMAL,False,,⚡ RESULT | IDBI (IDBI BANK LTD.) | Signal: RESULT_EVENT | Tier: WATCHLIST_EXTERNAL | 📌 EVENT TRADE ≠ multibagger position,2026-05-25 10:50
PRICOLLTD,Pricol Limited,2026-04-30,BSE_LIVE_POLLER,ORDER_WIN,ORDER_WIN,UNKNOWN,5,WATCH_SIGNAL,CONFIRMED,STRONG,68.0,NORMAL,2.18,NORMAL,False,,⚡ ORDER_WIN | PRICOLLTD (Pricol Limited) | Signal: WATCH_SIGNAL | Tier: STRONG | 📌 EVENT TRADE ≠ multibagger position,2026-05-25 10:50
PRICOLLTD,Pricol Limited,2026-04-30,BSE_LIVE_POLLER,ORDER_WIN,ORDER_WIN,UNKNOWN,5,WATCH_SIGNAL,CONFIRMED,STRONG,68.0,NORMAL,2.18,NORMAL,False,,⚡ ORDER_WIN | PRICOLLTD (Pricol Limited) | Signal: WATCH_SIGNAL | Tier: STRONG | 📌 EVENT TRADE ≠ multibagger position,2026-05-25 10:50
EDELWEISS,EDELWEISS FINANCIAL SERVICES L,2026-04-30,BSE_LIVE_POLLER,RESULTS,RESULT,,5,RESULT_EVENT,NEUTRAL,MONITOR,36.0,NORMAL,0.98,NORMAL,False,,⚡ RESULT | EDELWEISS (EDELWEISS FINANCIAL SERVICES L) | Signal: RESULT_EVENT | Tier: MONITOR | 📌 EVENT TRADE ≠ multibagger position,2026-05-25 10:50
IDBI,IDBI BANK LTD.,2026-04-30,BSE_LIVE_POLLER,RESULTS,RESULT,,5,RESULT_EVENT,WATCH,WATCHLIST_EXTERNAL,36.0,NORMAL,-1.24,NORMAL,False,,⚡ RESULT | IDBI (IDBI BANK LTD.) | Signal: RESULT_EVENT | Tier: WATCHLIST_EXTERNAL | 📌 EVENT TRADE ≠ multibagger position,2026-05-25 10:50
SUZLON,SUZLON ENERGY LTD.,2026-04-30,BSE_LIVE_POLLER,ORDER_WIN,ORDER_WIN,UNKNOWN,5,WATCH_SIGNAL,CONFIRMED,STRONG,67.0,NORMAL,1.59,NORMAL,False,,⚡ ORDER_WIN | SUZLON (SUZLON ENERGY LTD.) | Signal: WATCH_SIGNAL | Tier: STRONG | 📌 EVENT TRADE ≠ multibagger position,2026-05-25 10:50
5PAISA,5paisa Capital Limited,2026-04-30,BSE_LIVE_POLLER,RESULTS,RESULT,,5,RESULT_EVENT,WATCH,WATCHLIST_CONFIRMED,44.0,NORMAL,1.44,NORMAL,False,,⚡ RESULT | 5PAISA (5paisa Capital Limited) | Signal: RESULT_EVENT | Tier: WATCHLIST_CONFIRMED | 📌 EVENT TRADE ≠ multibagger position,2026-05-25 10:50
CHOLAFIN,CHOLAMANDALAM INVESTMENT AND F,2026-04-30,BSE_LIVE_POLLER,RESULTS,RESULT,,5,RESULT_EVENT,NEUTRAL,MONITOR,30.0,NORMAL,1.88,NORMAL,False,,⚡ RESULT | CHOLAFIN (CHOLAMANDALAM INVESTMENT AND F) | Signal: RESULT_EVENT | Tier: MONITOR | 📌 EVENT TRADE ≠ multibagger position,2026-05-25 10:50
HFCL,HFCL LIMITED,2026-04-30,BSE_LIVE_POLLER,RESULTS,RESULT,,5,RESULT_EVENT,WATCH,WATCHLIST_CONFIRMED,56.0,NORMAL,7.27,NORMAL,False,,⚡ RESULT | HFCL (HFCL LIMITED) | Signal: RESULT_EVENT | Tier: WATCHLIST_CONFIRMED | 📌 EVENT TRADE ≠ multibagger position,2026-05-25 10:50
HFCL,HFCL LIMITED,2026-04-30,BSE_LIVE_POLLER,RESULTS,RESULT,,5,RESULT_EVENT,WATCH,WATCHLIST_CONFIRMED,56.0,NORMAL,7.27,NORMAL,False,,⚡ RESULT | HFCL (HFCL LIMITED) | Signal: RESULT_EVENT | Tier: WATCHLIST_CONFIRMED | 📌 EVENT TRADE ≠ multibagger position,2026-05-25 10:50
BHARATWIRE,Bharat Wire Ropes Limited,2026-04-30,BSE_LIVE_POLLER,ORDER_WIN,ORDER_WIN,UNKNOWN,5,WATCH_SIGNAL,CONFIRMED,PRIME,81.0,NORMAL,0.38,NORMAL,False,,⚡ ORDER_WIN | BHARATWIRE (Bharat Wire Ropes Limited) | Signal: WATCH_SIGNAL | Tier: PRIME | 📌 EVENT TRADE ≠ multibagger position,2026-05-25 10:50
VIJAYA,Vijaya Diagnostic Centre Limit,2026-04-30,BSE_LIVE_POLLER,RESULTS,RESULT,,5,RESULT_EVENT,WATCH,WATCHLIST_CONFIRMED,56.0,NORMAL,-5.61,NORMAL,False,,⚡ RESULT | VIJAYA (Vijaya Diagnostic Centre Limit) | Signal: RESULT_EVENT | Tier: WATCHLIST_CONFIRMED | 📌 EVENT TRADE ≠ multibagger position,2026-05-25 10:50
HFCL,HFCL LIMITED,2026-04-30,BSE_LIVE_POLLER,RESULTS,RESULT,,5,RESULT_EVENT,WATCH,WATCHLIST_CONFIRMED,56.0,NORMAL,7.27,NORMAL,False,,⚡ RESULT | HFCL (HFCL LIMITED) | Signal: RESULT_EVENT | Tier: WATCHLIST_CONFIRMED | 📌 EVENT TRADE ≠ multibagger position,2026-05-25 10:50
KRITI,Kriti Industries India Ltd-$,2026-04-30,BSE_PIPELINE,RESULTS,RESULT,,5,SUPPRESSED,SUPPRESSED,AVOID,0.0,RESTRICTED,2.42,NORMAL,True,Stock tier=AVOID — event suppressed,⚡ RESULT | KRITI (Kriti Industries India Ltd-$) | Tier: AVOID | 📌 EVENT TRADE ≠ multibagger position,2026-05-25 10:50
SARLAPOLY,Sarla Performance Fibers Ltd-$,2026-04-30,BSE_PIPELINE,RESULTS,RESULT,,5,RESULT_EVENT,WATCH,WATCHLIST_CONFIRMED,63.0,NORMAL,-0.03,NORMAL,False,,⚡ RESULT | SARLAPOLY (Sarla Performance Fibers Ltd-$) | Signal: RESULT_EVENT | Tier: WATCHLIST_CONFIRMED | 📌 EVENT TRADE ≠ multibagger position,2026-05-25 10:50
FIVESTAR,Five-Star Business Finance Ltd,2026-04-30,BSE_PIPELINE,RESULTS,RESULT,,5,RESULT_EVENT,WATCH,WATCHLIST_CONFIRMED,72.0,NORMAL,-1.72,NORMAL,False,,⚡ RESULT | FIVESTAR (Five-Star Business Finance Ltd) | Signal: RESULT_EVENT | Tier: WATCHLIST_CONFIRMED | 📌 EVENT TRADE ≠ multibagger position,2026-05-25 10:50
FIVESTAR,Five-Star Business Finance Ltd,2026-04-30,BSE_PIPELINE,RESULTS,RESULT,,5,RESULT_EVENT,WATCH,WATCHLIST_CONFIRMED,72.0,NORMAL,-1.72,NORMAL,False,,⚡ RESULT | FIVESTAR (Five-Star Business Finance Ltd) | Signal: RESULT_EVENT | Tier: WATCHLIST_CONFIRMED | 📌 EVENT TRADE ≠ multibagger position,2026-05-25 10:50
SOMANYCERA,Somany Ceramics Ltd,2026-04-30,BSE_PIPELINE,RESULTS,RESULT,,5,RESULT_EVENT,WATCH,WATCHLIST_CONFIRMED,57.0,NORMAL,5.42,NORMAL,False,,⚡ RESULT | SOMANYCERA (Somany Ceramics Ltd) | Signal: RESULT_EVENT | Tier: WATCHLIST_CONFIRMED | 📌 EVENT TRADE ≠ multibagger position,2026-05-25 10:50
BAJFINANCE,Bajaj Finance Ltd,2026-04-30,BSE_PIPELINE,RESULTS,RESULT,,5,RESULT_EVENT,NEUTRAL,MONITOR,32.0,NORMAL,-0.76,NORMAL,False,,⚡ RESULT | BAJFINANCE (Bajaj Finance Ltd) | Signal: RESULT_EVENT | Tier: MONITOR | 📌 EVENT TRADE ≠ multibagger position,2026-05-25 10:50
INDIANB,Indian Bank,2026-04-30,BSE_PIPELINE,RESULTS,RESULT,,5,RESULT_EVENT,WATCH,WATCHLIST_CONFIRMED,67.0,NORMAL,1.08,NORMAL,False,,⚡ RESULT | INDIANB (Indian Bank) | Signal: RESULT_EVENT | Tier: WATCHLIST_CONFIRMED | 📌 EVENT TRADE ≠ multibagger position,2026-05-25 10:50
FEDERALBNK,Federal Bank Ltd,2026-04-30,BSE_PIPELINE,RESULTS,RESULT,,5,RESULT_EVENT,WATCH,WATCHLIST_CONFIRMED,72.0,NORMAL,0.21,NORMAL,False,,⚡ RESULT | FEDERALBNK (Federal Bank Ltd) | Signal: RESULT_EVENT | Tier: WATCHLIST_CONFIRMED | 📌 EVENT TRADE ≠ multibagger position,2026-05-25 10:50
SHREDIGCEM,Shree Digvijay Cement Company Ltd-$,2026-04-30,BSE_PIPELINE,RESULTS,RESULT,,5,SUPPRESSED,SUPPRESSED,AVOID,0.0,RESTRICTED,-1.31,NORMAL,True,Stock tier=AVOID — event suppressed,⚡ RESULT | SHREDIGCEM (Shree Digvijay Cement Company Ltd-$) | Tier: AVOID | 📌 EVENT TRADE ≠ multibagger position,2026-05-25 10:50
MASFIN,MAS Financial Services Ltd,2026-04-30,BSE_PIPELINE,RESULTS,RESULT,,5,RESULT_EVENT,NEUTRAL,MONITOR,32.0,NORMAL,-1.54,NORMAL,False,,⚡ RESULT | MASFIN (MAS Financial Services Ltd) | Signal: RESULT_EVENT | Tier: MONITOR | 📌 EVENT TRADE ≠ multibagger position,2026-05-25 10:50
ADOR,Ador Welding Ltd,2026-04-30,BSE_PIPELINE,RESULTS,RESULT,,5,SUPPRESSED,SUPPRESSED,AVOID,0.0,NORMAL,1.6,NORMAL,True,Stock tier=AVOID — event suppressed,⚡ RESULT | ADOR (Ador Welding Ltd) | Tier: AVOID | 📌 EVENT TRADE ≠ multibagger position,2026-05-25 10:50
BAJFINANCE,Bajaj Finance Ltd,2026-04-30,BSE_PIPELINE,RESULTS,RESULT,,5,RESULT_EVENT,NEUTRAL,MONITOR,32.0,NORMAL,-0.76,NORMAL,False,,⚡ RESULT | BAJFINANCE (Bajaj Finance Ltd) | Signal: RESULT_EVENT | Tier: MONITOR | 📌 EVENT TRADE ≠ multibagger position,2026-05-25 10:50
RELTD,Ravindra Energy Ltd,2026-04-30,BSE_PIPELINE,RESULTS,RESULT,,5,SUPPRESSED,SUPPRESSED,AVOID,0.0,NORMAL,2.91,NORMAL,True,Stock tier=AVOID — event suppressed,⚡ RESULT | RELTD (Ravindra Energy Ltd) | Tier: AVOID | 📌 EVENT TRADE ≠ multibagger position,2026-05-25 10:50
BAJAJFINSV,BAJAJ FINSERV LTD.,2026-04-30,BSE_LIVE_POLLER,RESULTS,RESULT,,5,RESULT_EVENT,WATCH,WATCHLIST_EXTERNAL,62.0,NORMAL,0.93,NORMAL,False,,⚡ RESULT | BAJAJFINSV (BAJAJ FINSERV LTD.) | Signal: RESULT_EVENT | Tier: WATCHLIST_EXTERNAL | 📌 EVENT TRADE ≠ multibagger position,2026-05-25 10:50
SAHYADRI,SAHYADRI INDUSTRIES LTD.,2026-04-30,BSE_LIVE_POLLER,RESULTS,RESULT,,5,SUPPRESSED,SUPPRESSED,AVOID,0.0,RESTRICTED,-0.73,NORMAL,True,Stock tier=AVOID — event suppressed,⚡ RESULT | SAHYADRI (SAHYADRI INDUSTRIES LTD.) | Tier: AVOID | 📌 EVENT TRADE ≠ multibagger position,2026-05-25 10:50
BHARTIHEXA,Bharti Hexacom Ltd,2026-05-02,BSE_PIPELINE,RESULTS,RESULT,,5,RESULT_EVENT,WATCH,WATCHLIST_CONFIRMED,62.0,NORMAL,-4.31,NORMAL,False,,⚡ RESULT | BHARTIHEXA (Bharti Hexacom Ltd) | Signal: RESULT_EVENT | Tier: WATCHLIST_CONFIRMED | 📌 EVENT TRADE ≠ multibagger position,2026-05-25 10:50
UEL,Ujaas Energy Ltd,2026-05-02,BSE_PIPELINE,RESULTS,RESULT,,5,SUPPRESSED,SUPPRESSED,AVOID,0.0,ILLIQUID,-2.04,NORMAL,True,Stock tier=AVOID — event suppressed,⚡ RESULT | UEL (Ujaas Energy Ltd) | Tier: AVOID | ⚠️ ILLIQUID stock | 📌 EVENT TRADE ≠ multibagger position,2026-05-25 10:50
BHARTIARTL,Bharti Airtel Ltd,2026-05-02,BSE_PIPELINE,RESULTS,RESULT,,5,RESULT_EVENT,WATCH,WATCHLIST_EXTERNAL,50.0,NORMAL,-2.2,NORMAL,False,,⚡ RESULT | BHARTIARTL (Bharti Airtel Ltd) | Signal: RESULT_EVENT | Tier: WATCHLIST_EXTERNAL | 📌 EVENT TRADE ≠ multibagger position,2026-05-25 10:50
PRUDENT,Prudent Corporate Advisory Services Ltd,2026-05-02,BSE_PIPELINE,RESULTS,RESULT,,5,SUPPRESSED,SUPPRESSED,AVOID,0.0,NORMAL,-2.88,NORMAL,True,Stock tier=AVOID — event suppressed,⚡ RESULT | PRUDENT (Prudent Corporate Advisory Services Ltd) | Tier: AVOID | 📌 EVENT TRADE ≠ multibagger position,2026-05-25 10:50
SUNDRMFAST,Sundram Fasteners Ltd,2026-05-02,BSE_PIPELINE,RESULTS,RESULT,,5,RESULT_EVENT,WATCH,WATCHLIST_CONFIRMED,55.0,NORMAL,0.12,NORMAL,False,,⚡ RESULT | SUNDRMFAST (Sundram Fasteners Ltd) | Signal: RESULT_EVENT | Tier: WATCHLIST_CONFIRMED | 📌 EVENT TRADE ≠ multibagger position,2026-05-25 10:50
SUNDRMFAST,Sundram Fasteners Ltd,2026-05-02,BSE_PIPELINE,RESULTS,RESULT,,5,RESULT_EVENT,WATCH,WATCHLIST_CONFIRMED,55.0,NORMAL,0.12,NORMAL,False,,⚡ RESULT | SUNDRMFAST (Sundram Fasteners Ltd) | Signal: RESULT_EVENT | Tier: WATCHLIST_CONFIRMED | 📌 EVENT TRADE ≠ multibagger position,2026-05-25 10:50
METROGLOBL,Metroglobal Ltd,2026-05-02,BSE_PIPELINE,RESULTS,RESULT,,5,SUPPRESSED,SUPPRESSED,AVOID,0.0,ILLIQUID,0.08,NORMAL,True,Stock tier=AVOID — event suppressed,⚡ RESULT | METROGLOBL (Metroglobal Ltd) | Tier: AVOID | ⚠️ ILLIQUID stock | 📌 EVENT TRADE ≠ multibagger position,2026-05-25 10:50
RKFORGE,Ramkrishna Forgings Ltd,2026-05-02,BSE_PIPELINE,RESULTS,RESULT,,5,RESULT_EVENT,WATCH,WATCHLIST_CONFIRMED,52.0,NORMAL,-2.36,NORMAL,False,,⚡ RESULT | RKFORGE (Ramkrishna Forgings Ltd) | Signal: RESULT_EVENT | Tier: WATCHLIST_CONFIRMED | 📌 EVENT TRADE ≠ multibagger position,2026-05-25 10:50
EVEREADY,Eveready Industries India Ltd,2026-05-02,BSE_PIPELINE,RESULTS,RESULT,,5,RESULT_EVENT,WATCH,WATCHLIST_CONFIRMED,62.0,NORMAL,-0.3,NORMAL,False,,⚡ RESULT | EVEREADY (Eveready Industries India Ltd) | Signal: RESULT_EVENT | Tier: WATCHLIST_CONFIRMED | 📌 EVENT TRADE ≠ multibagger position,2026-05-25 10:50
EQUITASBNK,Equitas Small Finance Bank Ltd,2026-05-02,BSE_PIPELINE,RESULTS,RESULT,,5,RESULT_EVENT,WATCH,WATCHLIST_EXTERNAL,52.0,NORMAL,-2.21,NORMAL,False,,⚡ RESULT | EQUITASBNK (Equitas Small Finance Bank Ltd) | Signal: RESULT_EVENT | Tier: WATCHLIST_EXTERNAL | 📌 EVENT TRADE ≠ multibagger position,2026-05-25 10:50
ESAFSFB,ESAF Small Finance Bank Ltd,2026-05-02,BSE_PIPELINE,RESULTS,RESULT,,5,RESULT_EVENT,WATCH,WATCHLIST_EXTERNAL,41.0,NORMAL,0.64,NORMAL,False,,⚡ RESULT | ESAFSFB (ESAF Small Finance Bank Ltd) | Signal: RESULT_EVENT | Tier: WATCHLIST_EXTERNAL | 📌 EVENT TRADE ≠ multibagger position,2026-05-25 10:50
ASTERDM,Aster DM Healthcare Ltd,2026-05-02,BSE_PIPELINE,RESULTS,RESULT,,5,RESULT_EVENT,WATCH,WATCHLIST_CONFIRMED,59.0,NORMAL,1.03,NORMAL,False,,⚡ RESULT | ASTERDM (Aster DM Healthcare Ltd) | Signal: RESULT_EVENT | Tier: WATCHLIST_CONFIRMED | 📌 EVENT TRADE ≠ multibagger position,2026-05-25 10:50
ACC,ACC Ltd,2026-05-02,BSE_PIPELINE,RESULTS,RESULT,,5,RESULT_EVENT,WATCH,WATCHLIST_CONFIRMED,52.0,NORMAL,0.05,NORMAL,False,,⚡ RESULT | ACC (ACC Ltd) | Signal: RESULT_EVENT | Tier: WATCHLIST_CONFIRMED | 📌 EVENT TRADE ≠ multibagger position,2026-05-25 10:50
CENTRALBK,Central Bank of India,2026-05-02,BSE_PIPELINE,RESULTS,RESULT,,5,RESULT_EVENT,NEUTRAL,MONITOR,21.0,NORMAL,-8.14,NORMAL,False,,⚡ RESULT | CENTRALBK (Central Bank of India) | Signal: RESULT_EVENT | Tier: MONITOR | 📌 EVENT TRADE ≠ multibagger position,2026-05-25 10:50
WELSPLSOL,Welspun Specialty Solutions Ltd,2026-05-02,BSE_PIPELINE,RESULTS,RESULT,,5,RESULT_EVENT,NEUTRAL,MONITOR,70.0,NORMAL,5.2,NORMAL,False,,⚡ RESULT | WELSPLSOL (Welspun Specialty Solutions Ltd) | Signal: RESULT_EVENT | Tier: MONITOR | 📌 EVENT TRADE ≠ multibagger position,2026-05-25 10:50
SILVERTUC,Silver Touch Technologies Ltd,2026-05-02,BSE_PIPELINE,RESULTS,RESULT,,5,RESULT_EVENT,WATCH,WATCHLIST_CONFIRMED,67.0,NORMAL,0.43,NORMAL,False,,⚡ RESULT | SILVERTUC (Silver Touch Technologies Ltd) | Signal: RESULT_EVENT | Tier: WATCHLIST_CONFIRMED | 📌 EVENT TRADE ≠ multibagger position,2026-05-25 10:50
CGCL,Capri Global Capital Ltd,2026-05-02,BSE_PIPELINE,RESULTS,RESULT,,5,RESULT_EVENT,WATCH,WATCHLIST_EXTERNAL,69.0,NORMAL,4.53,NORMAL,False,,⚡ RESULT | CGCL (Capri Global Capital Ltd) | Signal: RESULT_EVENT | Tier: WATCHLIST_EXTERNAL | 📌 EVENT TRADE ≠ multibagger position,2026-05-25 10:50
PILITA,Pil Italica Lifestyle Limited,2026-04-30,BSE_LIVE_POLLER,RESULTS,RESULT,,5,SUPPRESSED,SUPPRESSED,AVOID,0.0,ILLIQUID,-0.5,NORMAL,True,Stock tier=AVOID — event suppressed,⚡ RESULT | PILITA (Pil Italica Lifestyle Limited) | Tier: AVOID | ⚠️ ILLIQUID stock | 📌 EVENT TRADE ≠ multibagger position,2026-05-25 10:50
CGCL,Capri Global Capital Ltd,2026-05-02,BSE_PIPELINE,RESULTS,RESULT,,5,RESULT_EVENT,WATCH,WATCHLIST_EXTERNAL,69.0,NORMAL,4.53,NORMAL,False,,⚡ RESULT | CGCL (Capri Global Capital Ltd) | Signal: RESULT_EVENT | Tier: WATCHLIST_EXTERNAL | 📌 EVENT TRADE ≠ multibagger position,2026-05-25 10:50
IDEAFORGE,Ideaforge Technology Ltd,2026-05-02,BSE_PIPELINE,RESULTS,RESULT,,5,SUPPRESSED,SUPPRESSED,AVOID,0.0,NORMAL,-0.12,NORMAL,True,Stock tier=AVOID — event suppressed,⚡ RESULT | IDEAFORGE (Ideaforge Technology Ltd) | Tier: AVOID | 📌 EVENT TRADE ≠ multibagger position,2026-05-25 10:50
SUNDRMFAST,Sundram Fasteners Ltd,2026-05-02,BSE_PIPELINE,RESULTS,RESULT,,5,RESULT_EVENT,WATCH,WATCHLIST_CONFIRMED,55.0,NORMAL,0.12,NORMAL,False,,⚡ RESULT | SUNDRMFAST (Sundram Fasteners Ltd) | Signal: RESULT_EVENT | Tier: WATCHLIST_CONFIRMED | 📌 EVENT TRADE ≠ multibagger position,2026-05-25 10:50
JYOTISTRUC,Jyoti Structures Ltd,2026-05-02,BSE_PIPELINE,RESULTS,RESULT,,5,SUPPRESSED,SUPPRESSED,AVOID,0.0,NORMAL,-0.4,NORMAL,True,Stock tier=AVOID — event suppressed,⚡ RESULT | JYOTISTRUC (Jyoti Structures Ltd) | Tier: AVOID | 📌 EVENT TRADE ≠ multibagger position,2026-05-25 10:50
SIS,SIS Ltd,2026-05-02,BSE_PIPELINE,RESULTS,RESULT,,5,RESULT_EVENT,WATCH,WATCHLIST_CONFIRMED,52.0,NORMAL,-2.89,NORMAL,False,,⚡ RESULT | SIS (SIS Ltd) | Signal: RESULT_EVENT | Tier: WATCHLIST_CONFIRMED | 📌 EVENT TRADE ≠ multibagger position,2026-05-25 10:50
PUNJABCHEM,Punjab Chemicals & Crop Protection Ltd-$,2026-05-02,BSE_PIPELINE,RESULTS,RESULT,,5,SUPPRESSED,SUPPRESSED,AVOID,0.0,RESTRICTED,-0.16,NORMAL,True,Stock tier=AVOID — event suppressed,⚡ RESULT | PUNJABCHEM (Punjab Chemicals & Crop Protection Ltd-$) | Tier: AVOID | 📌 EVENT TRADE ≠ multibagger position,2026-05-25 10:50
FILATEX,Filatex India Ltd-$,2026-05-02,BSE_PIPELINE,RESULTS,RESULT,,5,RESULT_EVENT,WATCH,WATCHLIST_CONFIRMED,58.0,NORMAL,-0.8,NORMAL,False,,⚡ RESULT | FILATEX (Filatex India Ltd-$) | Signal: RESULT_EVENT | Tier: WATCHLIST_CONFIRMED | 📌 EVENT TRADE ≠ multibagger position,2026-05-25 10:50
ZENTEC,ZEN Technologies Ltd,2026-05-02,BSE_PIPELINE,RESULTS,RESULT,,5,RESULT_EVENT,WATCH,WATCHLIST_CONFIRMED,54.0,NORMAL,1.83,NORMAL,False,,⚡ RESULT | ZENTEC (ZEN Technologies Ltd) | Signal: RESULT_EVENT | Tier: WATCHLIST_CONFIRMED | 📌 EVENT TRADE ≠ multibagger position,2026-05-25 10:50
NDRAUTO,NDR Auto Components Limited,2026-04-30,BSE_LIVE_POLLER,ORDER_WIN,ORDER_WIN,UNKNOWN,5,WATCH_SIGNAL,CONFIRMED,STRONG,67.0,NORMAL,0.04,NORMAL,False,,⚡ ORDER_WIN | NDRAUTO (NDR Auto Components Limited) | Signal: WATCH_SIGNAL | Tier: STRONG | 📌 EVENT TRADE ≠ multibagger position,2026-05-25 10:50
KAJARIACER,KAJARIA CERAMICS LTD.,2026-04-30,BSE_LIVE_POLLER,RESULTS,RESULT,,5,RESULT_EVENT,WATCH,WATCHLIST_CONFIRMED,54.0,NORMAL,0.46,NORMAL,False,,⚡ RESULT | KAJARIACER (KAJARIA CERAMICS LTD.) | Signal: RESULT_EVENT | Tier: WATCHLIST_CONFIRMED | 📌 EVENT TRADE ≠ multibagger position,2026-05-25 10:50
PARADEEP,Paradeep Phosphates Limited,2026-04-30,BSE_LIVE_POLLER,RESULTS,RESULT,,5,RESULT_EVENT,WATCH,WATCHLIST_CONFIRMED,63.0,NORMAL,2.59,NORMAL,False,,⚡ RESULT | PARADEEP (Paradeep Phosphates Limited) | Signal: RESULT_EVENT | Tier: WATCHLIST_CONFIRMED | 📌 EVENT TRADE ≠ multibagger position,2026-05-25 10:50
PPLPHARMA,PIRAMAL PHARMA LIMITED,2026-04-30,BSE_LIVE_POLLER,RESULTS,RESULT,,5,SUPPRESSED,SUPPRESSED,AVOID,0.0,NORMAL,1.39,NORMAL,True,Stock tier=AVOID — event suppressed,⚡ RESULT | PPLPHARMA (PIRAMAL PHARMA LIMITED) | Tier: AVOID | 📌 EVENT TRADE ≠ multibagger position,2026-05-25 10:50
SHAKTIPUMP,SHAKTI PUMPS (INDIA) LTD.,2026-05-06,BSE_LIVE_POLLER,RESULTS,RESULT,,5,RESULT_EVENT,WATCH,WATCHLIST_CONFIRMED,62.0,NORMAL,0.48,NORMAL,False,,⚡ RESULT | SHAKTIPUMP (SHAKTI PUMPS (INDIA) LTD.) | Signal: RESULT_EVENT | Tier: WATCHLIST_CONFIRMED | 📌 EVENT TRADE ≠ multibagger position,2026-05-25 10:50
ORIENTCEM,ORIENT CEMENT LTD,2026-04-30,BSE_LIVE_POLLER,RESULTS,RESULT,,5,SUPPRESSED,SUPPRESSED,AVOID,0.0,NORMAL,0.64,NORMAL,True,Stock tier=AVOID — event suppressed,⚡ RESULT | ORIENTCEM (ORIENT CEMENT LTD) | Tier: AVOID | 📌 EVENT TRADE ≠ multibagger position,2026-05-25 10:50
MOTILALOFS,Motilal Oswal Financial Services Ltd,2026-04-30,BSE_PIPELINE,RESULTS,RESULT,,5,RESULT_EVENT,WATCH,WATCHLIST_CONFIRMED,55.0,NORMAL,-0.18,NORMAL,False,,⚡ RESULT | MOTILALOFS (Motilal Oswal Financial Services Ltd) | Signal: RESULT_EVENT | Tier: WATCHLIST_CONFIRMED | 📌 EVENT TRADE ≠ multibagger position,2026-05-25 10:50
NDTV,New Delhi Television Ltd,2026-04-30,BSE_PIPELINE,RESULTS,RESULT,,5,SUPPRESSED,SUPPRESSED,AVOID,0.0,NORMAL,-1.8,NORMAL,True,Stock tier=AVOID — event suppressed,⚡ RESULT | NDTV (New Delhi Television Ltd) | Tier: AVOID | 📌 EVENT TRADE ≠ multibagger position,2026-05-25 10:50
MOIL,Moil Ltd,2026-04-30,BSE_PIPELINE,RESULTS,RESULT,,5,RESULT_EVENT,WATCH,WATCHLIST_EXTERNAL,38.0,NORMAL,1.79,NORMAL,False,,⚡ RESULT | MOIL (Moil Ltd) | Signal: RESULT_EVENT | Tier: WATCHLIST_EXTERNAL | 📌 EVENT TRADE ≠ multibagger position,2026-05-25 10:50
RBLBANK,RBL Bank Ltd,2026-04-25,BSE_PIPELINE,RESULTS,RESULT,,5,RESULT_EVENT,WATCH,WATCHLIST_EXTERNAL,52.0,NORMAL,3.31,NORMAL,False,,⚡ RESULT | RBLBANK (RBL Bank Ltd) | Signal: RESULT_EVENT | Tier: WATCHLIST_EXTERNAL | 📌 EVENT TRADE ≠ multibagger position,2026-05-25 10:50
MRPL,Mangalore Refinery and Petrochemicals Ltd,2026-04-25,BSE_PIPELINE,RESULTS,RESULT,,5,RESULT_EVENT,WATCH,WATCHLIST_CONFIRMED,56.0,NORMAL,2.34,NORMAL,False,,⚡ RESULT | MRPL (Mangalore Refinery and Petrochemicals Ltd) | Signal: RESULT_EVENT | Tier: WATCHLIST_CONFIRMED | 📌 EVENT TRADE ≠ multibagger position,2026-05-25 10:50
TNPL,Tamil Nadu Newsprint & Papers Ltd,2026-04-25,BSE_PIPELINE,RESULTS,RESULT,,5,SUPPRESSED,SUPPRESSED,AVOID,0.0,NORMAL,-0.18,NORMAL,True,Stock tier=AVOID — event suppressed,⚡ RESULT | TNPL (Tamil Nadu Newsprint & Papers Ltd) | Tier: AVOID | 📌 EVENT TRADE ≠ multibagger position,2026-05-25 10:50
SAMPANN,Sampann Utpadan India Ltd,2026-04-25,BSE_PIPELINE,RESULTS,RESULT,,5,SUPPRESSED,SUPPRESSED,AVOID,0.0,ILLIQUID,-0.64,NORMAL,True,Stock tier=AVOID — event suppressed,⚡ RESULT | SAMPANN (Sampann Utpadan India Ltd) | Tier: AVOID | ⚠️ ILLIQUID stock | 📌 EVENT TRADE ≠ multibagger position,2026-05-25 10:50
ASAL,Automotive Stampings and Assemblies Ltd,2026-04-25,BSE_PIPELINE,RESULTS,RESULT,,5,SUPPRESSED,SUPPRESSED,AVOID,0.0,NORMAL,2.26,NORMAL,True,Stock tier=AVOID — event suppressed,⚡ RESULT | ASAL (Automotive Stampings and Assemblies Ltd) | Tier: AVOID | 📌 EVENT TRADE ≠ multibagger position,2026-05-25 10:50
SBFC,SBFC Finance Ltd,2026-04-25,BSE_PIPELINE,RESULTS,RESULT,,5,RESULT_EVENT,NEUTRAL,MONITOR,55.0,NORMAL,0.44,NORMAL,False,,⚡ RESULT | SBFC (SBFC Finance Ltd) | Signal: RESULT_EVENT | Tier: MONITOR | 📌 EVENT TRADE ≠ multibagger position,2026-05-25 10:50
INDIACEM,India Cements Ltd,2026-04-25,BSE_PIPELINE,RESULTS,RESULT,,5,RESULT_EVENT,WATCH,WATCHLIST_EXTERNAL,46.0,NORMAL,-1.44,NORMAL,False,,⚡ RESULT | INDIACEM (India Cements Ltd) | Signal: RESULT_EVENT | Tier: WATCHLIST_EXTERNAL | 📌 EVENT TRADE ≠ multibagger position,2026-05-25 10:50
SURANASOL,Surana Solar Ltd,2026-04-25,BSE_PIPELINE,RESULTS,RESULT,,5,SUPPRESSED,SUPPRESSED,AVOID,0.0,RESTRICTED,3.96,NORMAL,True,Stock tier=AVOID — event suppressed,⚡ RESULT | SURANASOL (Surana Solar Ltd) | Tier: AVOID | 📌 EVENT TRADE ≠ multibagger position,2026-05-25 10:50
IDFCFIRSTB,IDFC First Bank Ltd,2026-04-25,BSE_PIPELINE,RESULTS,RESULT,,5,RESULT_EVENT,WATCH,WATCHLIST_CONFIRMED,58.0,NORMAL,1.58,NORMAL,False,,⚡ RESULT | IDFCFIRSTB (IDFC First Bank Ltd) | Signal: RESULT_EVENT | Tier: WATCHLIST_CONFIRMED | 📌 EVENT TRADE ≠ multibagger position,2026-05-25 10:50
IEX,Indian Energy Exchange Ltd,2026-04-25,BSE_PIPELINE,RESULTS,RESULT,,5,RESULT_EVENT,WATCH,WATCHLIST_CONFIRMED,51.0,NORMAL,1.27,NORMAL,False,,⚡ RESULT | IEX (Indian Energy Exchange Ltd) | Signal: RESULT_EVENT | Tier: WATCHLIST_CONFIRMED | 📌 EVENT TRADE ≠ multibagger position,2026-05-25 10:50
UTIAMC,UTI Asset Management Company Ltd,2026-04-25,BSE_PIPELINE,RESULTS,RESULT,,5,RESULT_EVENT,WATCH,WATCHLIST_CONFIRMED,40.0,NORMAL,1.69,NORMAL,False,,⚡ RESULT | UTIAMC (UTI Asset Management Company Ltd) | Signal: RESULT_EVENT | Tier: WATCHLIST_CONFIRMED | 📌 EVENT TRADE ≠ multibagger position,2026-05-25 10:50
SUNDRMFAST,Sundram Fasteners Ltd,2026-04-25,BSE_PIPELINE,RESULTS,RESULT,,5,RESULT_EVENT,WATCH,WATCHLIST_CONFIRMED,55.0,NORMAL,0.12,NORMAL,False,,⚡ RESULT | SUNDRMFAST (Sundram Fasteners Ltd) | Signal: RESULT_EVENT | Tier: WATCHLIST_CONFIRMED | 📌 EVENT TRADE ≠ multibagger position,2026-05-25 10:50
KARURVYSYA,Karur Vysya Bank Ltd,2026-04-25,BSE_PIPELINE,RESULTS,RESULT,,5,RESULT_EVENT,WATCH,WATCHLIST_CONFIRMED,81.0,NORMAL,-1.77,NORMAL,False,,⚡ RESULT | KARURVYSYA (Karur Vysya Bank Ltd) | Signal: RESULT_EVENT | Tier: WATCHLIST_CONFIRMED | 📌 EVENT TRADE ≠ multibagger position,2026-05-25 10:50
SHRIRAMFIN,Shriram Finance Ltd,2026-04-25,BSE_PIPELINE,RESULTS,RESULT,,5,RESULT_EVENT,WATCH,WATCHLIST_CONFIRMED,72.0,NORMAL,1.47,NORMAL,False,,⚡ RESULT | SHRIRAMFIN (Shriram Finance Ltd) | Signal: RESULT_EVENT | Tier: WATCHLIST_CONFIRMED | 📌 EVENT TRADE ≠ multibagger position,2026-05-25 10:50
SPLPETRO,Supreme Petrochem Ltd,2026-04-25,BSE_PIPELINE,RESULTS,RESULT,,5,RESULT_EVENT,WATCH,WATCHLIST_CONFIRMED,59.0,NORMAL,-2.11,NORMAL,False,,⚡ RESULT | SPLPETRO (Supreme Petrochem Ltd) | Signal: RESULT_EVENT | Tier: WATCHLIST_CONFIRMED | 📌 EVENT TRADE ≠ multibagger position,2026-05-25 10:50
BLUESTONE,BlueStone Jewellery and Lifestyle Ltd,2026-04-25,BSE_PIPELINE,RESULTS,RESULT,,5,RESULT_EVENT,NEUTRAL,MONITOR,30.0,NORMAL,2.47,NORMAL,False,,⚡ RESULT | BLUESTONE (BlueStone Jewellery and Lifestyle Ltd) | Signal: RESULT_EVENT | Tier: MONITOR | 📌 EVENT TRADE ≠ multibagger position,2026-05-25 10:50
FINOPB,Fino Payments Bank Ltd,2026-04-30,BSE_PIPELINE,RESULTS,RESULT,,5,RESULT_EVENT,NEUTRAL,MONITOR,23.0,NORMAL,1.64,NORMAL,False,,⚡ RESULT | FINOPB (Fino Payments Bank Ltd) | Signal: RESULT_EVENT | Tier: MONITOR | 📌 EVENT TRADE ≠ multibagger position,2026-05-25 10:50
IEX,Indian Energy Exchange Ltd,2026-04-25,BSE_PIPELINE,RESULTS,RESULT,,5,RESULT_EVENT,WATCH,WATCHLIST_CONFIRMED,51.0,NORMAL,1.27,NORMAL,False,,⚡ RESULT | IEX (Indian Energy Exchange Ltd) | Signal: RESULT_EVENT | Tier: WATCHLIST_CONFIRMED | 📌 EVENT TRADE ≠ multibagger position,2026-05-25 10:50
HINDCOMPOS,Hindustan Composites Ltd,2026-04-25,BSE_PIPELINE,RESULTS,RESULT,,5,SUPPRESSED,SUPPRESSED,AVOID,0.0,RESTRICTED,-1.63,NORMAL,True,Stock tier=AVOID — event suppressed,⚡ RESULT | HINDCOMPOS (Hindustan Composites Ltd) | Tier: AVOID | 📌 EVENT TRADE ≠ multibagger position,2026-05-25 10:50
CIEINDIA,CIE Automotive India Ltd,2026-04-25,BSE_PIPELINE,RESULTS,RESULT,,5,RESULT_EVENT,WATCH,WATCHLIST_CONFIRMED,56.0,NORMAL,-2.88,NORMAL,False,,⚡ RESULT | CIEINDIA (CIE Automotive India Ltd) | Signal: RESULT_EVENT | Tier: WATCHLIST_CONFIRMED | 📌 EVENT TRADE ≠ multibagger position,2026-05-25 10:50
CHENNPETRO,Chennai Petroleum Corporation Ltd,2026-04-25,BSE_PIPELINE,RESULTS,RESULT,,5,RESULT_EVENT,WATCH,WATCHLIST_EXTERNAL,41.0,NORMAL,3.48,NORMAL,False,,⚡ RESULT | CHENNPETRO (Chennai Petroleum Corporation Ltd) | Signal: RESULT_EVENT | Tier: WATCHLIST_EXTERNAL | 📌 EVENT TRADE ≠ multibagger position,2026-05-25 10:50
ADANIGREEN,Adani Green Energy Ltd,2026-04-25,BSE_PIPELINE,RESULTS,RESULT,,5,RESULT_EVENT,WATCH,WATCHLIST_EXTERNAL,50.0,NORMAL,-1.12,NORMAL,False,,⚡ RESULT | ADANIGREEN (Adani Green Energy Ltd) | Signal: RESULT_EVENT | Tier: WATCHLIST_EXTERNAL | 📌 EVENT TRADE ≠ multibagger position,2026-05-25 10:50
WENDT,Wendt (India) Ltd,2026-04-25,BSE_PIPELINE,RESULTS,RESULT,,5,SUPPRESSED,SUPPRESSED,AVOID,0.0,NORMAL,0.99,NORMAL,True,Stock tier=AVOID — event suppressed,⚡ RESULT | WENDT (Wendt (India) Ltd) | Tier: AVOID | 📌 EVENT TRADE ≠ multibagger position,2026-05-25 10:50
SHRIRAMFIN,Shriram Finance Ltd,2026-04-25,BSE_PIPELINE,RESULTS,RESULT,,5,RESULT_EVENT,WATCH,WATCHLIST_CONFIRMED,72.0,NORMAL,1.47,NORMAL,False,,⚡ RESULT | SHRIRAMFIN (Shriram Finance Ltd) | Signal: RESULT_EVENT | Tier: WATCHLIST_CONFIRMED | 📌 EVENT TRADE ≠ multibagger position,2026-05-25 10:50
M&MFIN,Mahindra & Mahindra Financial Services Ltd,2026-04-25,BSE_PIPELINE,RESULTS,RESULT,,5,RESULT_EVENT,NEUTRAL,MONITOR,33.0,NORMAL,-6.29,NORMAL,False,,⚡ RESULT | M&MFIN (Mahindra & Mahindra Financial Services Ltd) | Signal: RESULT_EVENT | Tier: MONITOR | 📌 EVENT TRADE ≠ multibagger position,2026-05-25 10:50
BEPL,Bhansali Engineering Polymers Ltd-$,2026-04-25,BSE_PIPELINE,RESULTS,RESULT,,5,RESULT_EVENT,WATCH,WATCHLIST_CONFIRMED,52.0,NORMAL,0.07,NORMAL,False,,⚡ RESULT | BEPL (Bhansali Engineering Polymers Ltd-$) | Signal: RESULT_EVENT | Tier: WATCHLIST_CONFIRMED | 📌 EVENT TRADE ≠ multibagger position,2026-05-25 10:50
MRPL,Mangalore Refinery and Petrochemicals Ltd,2026-04-25,BSE_PIPELINE,RESULTS,RESULT,,5,RESULT_EVENT,WATCH,WATCHLIST_CONFIRMED,56.0,NORMAL,2.34,NORMAL,False,,⚡ RESULT | MRPL (Mangalore Refinery and Petrochemicals Ltd) | Signal: RESULT_EVENT | Tier: WATCHLIST_CONFIRMED | 📌 EVENT TRADE ≠ multibagger position,2026-05-25 10:50
SPLPETRO,Supreme Petrochem Ltd,2026-04-25,BSE_PIPELINE,RESULTS,RESULT,,5,RESULT_EVENT,WATCH,WATCHLIST_CONFIRMED,59.0,NORMAL,-2.11,NORMAL,False,,⚡ RESULT | SPLPETRO (Supreme Petrochem Ltd) | Signal: RESULT_EVENT | Tier: WATCHLIST_CONFIRMED | 📌 EVENT TRADE ≠ multibagger position,2026-05-25 10:50
CANFINHOME,Can Fin Homes Ltd,2026-04-25,BSE_PIPELINE,RESULTS,RESULT,,5,RESULT_EVENT,NEUTRAL,MONITOR,36.0,NORMAL,1.69,NORMAL,False,,⚡ RESULT | CANFINHOME (Can Fin Homes Ltd) | Signal: RESULT_EVENT | Tier: MONITOR | 📌 EVENT TRADE ≠ multibagger position,2026-05-25 10:50
RBLBANK,RBL Bank Ltd,2026-04-25,BSE_PIPELINE,RESULTS,RESULT,,5,RESULT_EVENT,WATCH,WATCHLIST_EXTERNAL,52.0,NORMAL,3.31,NORMAL,False,,⚡ RESULT | RBLBANK (RBL Bank Ltd) | Signal: RESULT_EVENT | Tier: WATCHLIST_EXTERNAL | 📌 EVENT TRADE ≠ multibagger position,2026-05-25 10:50
ASAL,Automotive Stampings and Assemblies Ltd,2026-04-25,BSE_PIPELINE,RESULTS,RESULT,,5,SUPPRESSED,SUPPRESSED,AVOID,0.0,NORMAL,2.26,NORMAL,True,Stock tier=AVOID — event suppressed,⚡ RESULT | ASAL (Automotive Stampings and Assemblies Ltd) | Tier: AVOID | 📌 EVENT TRADE ≠ multibagger position,2026-05-25 10:50
CENTRALBK,Central Bank of India,2026-04-25,BSE_PIPELINE,RESULTS,RESULT,,5,RESULT_EVENT,NEUTRAL,MONITOR,21.0,NORMAL,-8.14,NORMAL,False,,⚡ RESULT | CENTRALBK (Central Bank of India) | Signal: RESULT_EVENT | Tier: MONITOR | 📌 EVENT TRADE ≠ multibagger position,2026-05-25 10:50
MICEL,MIC Electronics Ltd,2026-04-25,BSE_PIPELINE,RESULTS,RESULT,,5,RESULT_EVENT,WATCH,WATCHLIST_EXTERNAL,46.0,NORMAL,-2.39,NORMAL,False,,⚡ RESULT | MICEL (MIC Electronics Ltd) | Signal: RESULT_EVENT | Tier: WATCHLIST_EXTERNAL | 📌 EVENT TRADE ≠ multibagger position,2026-05-25 10:50
SGMART,SG Mart Ltd,2026-04-25,BSE_PIPELINE,RESULTS,RESULT,,5,RESULT_EVENT,WATCH,WATCHLIST_CONFIRMED,64.0,NORMAL,2.36,NORMAL,False,,⚡ RESULT | SGMART (SG Mart Ltd) | Signal: RESULT_EVENT | Tier: WATCHLIST_CONFIRMED | 📌 EVENT TRADE ≠ multibagger position,2026-05-25 10:50
MICEL,MIC Electronics Ltd,2026-04-25,BSE_PIPELINE,RESULTS,RESULT,,5,RESULT_EVENT,WATCH,WATCHLIST_EXTERNAL,46.0,NORMAL,-2.39,NORMAL,False,,⚡ RESULT | MICEL (MIC Electronics Ltd) | Signal: RESULT_EVENT | Tier: WATCHLIST_EXTERNAL | 📌 EVENT TRADE ≠ multibagger position,2026-05-25 10:50
SYSTMTXC,Systematix Corporate Services Ltd,2026-04-30,BSE_PIPELINE,RESULTS,RESULT,,5,RESULT_EVENT,WATCH,WATCHLIST_CONFIRMED,38.0,RESTRICTED,-1.33,NORMAL,False,,⚡ RESULT | SYSTMTXC (Systematix Corporate Services Ltd) | Signal: RESULT_EVENT | Tier: WATCHLIST_CONFIRMED | 📌 EVENT TRADE ≠ multibagger position,2026-05-25 10:50
MPHASIS,Mphasis Ltd,2026-04-30,BSE_PIPELINE,RESULTS,RESULT,,5,RESULT_EVENT,WATCH,WATCHLIST_CONFIRMED,52.0,NORMAL,0.09,NORMAL,False,,⚡ RESULT | MPHASIS (Mphasis Ltd) | Signal: RESULT_EVENT | Tier: WATCHLIST_CONFIRMED | 📌 EVENT TRADE ≠ multibagger position,2026-05-25 10:50
EPIGRAL,Epigral Limited,2026-04-30,BSE_LIVE_POLLER,RESULTS,RESULT,,5,RESULT_EVENT,WATCH,WATCHLIST_CONFIRMED,63.0,NORMAL,0.94,NORMAL,False,,⚡ RESULT | EPIGRAL (Epigral Limited) | Signal: RESULT_EVENT | Tier: WATCHLIST_CONFIRMED | 📌 EVENT TRADE ≠ multibagger position,2026-05-25 10:50
JYOTHYLAB,JYOTHY LABS LIMITED,2026-04-30,BSE_LIVE_POLLER,RESULTS,RESULT,,5,RESULT_EVENT,WATCH,WATCHLIST_CONFIRMED,67.0,NORMAL,-4.57,NORMAL,False,,⚡ RESULT | JYOTHYLAB (JYOTHY LABS LIMITED) | Signal: RESULT_EVENT | Tier: WATCHLIST_CONFIRMED | 📌 EVENT TRADE ≠ multibagger position,2026-05-25 10:50
ADANIPORTS,ADANI PORTS AND SPECIAL ECONOM,2026-04-30,BSE_LIVE_POLLER,ORDER_WIN,ORDER_WIN,UNKNOWN,5,WATCH_SIGNAL,CONFIRMED,PRIME,87.0,NORMAL,1.37,NORMAL,False,,⚡ ORDER_WIN | ADANIPORTS (ADANI PORTS AND SPECIAL ECONOM) | Signal: WATCH_SIGNAL | Tier: PRIME | 📌 EVENT TRADE ≠ multibagger position,2026-05-25 10:50
GOKULAGRO,Gokul Agro Resources Ltd,2026-04-30,BSE_LIVE_POLLER,RESULTS,RESULT,,5,RESULT_EVENT,WATCH,WATCHLIST_CONFIRMED,68.0,NORMAL,-6.55,NORMAL,False,,⚡ RESULT | GOKULAGRO (Gokul Agro Resources Ltd) | Signal: RESULT_EVENT | Tier: WATCHLIST_CONFIRMED | 📌 EVENT TRADE ≠ multibagger position,2026-05-25 10:50
SANOFICONR,Sanofi Consumer Healthcare Ind,2026-04-30,BSE_LIVE_POLLER,RESULTS,RESULT,,5,SUPPRESSED,SUPPRESSED,AVOID,0.0,NORMAL,-1.13,NORMAL,True,Stock tier=AVOID — event suppressed,⚡ RESULT | SANOFICONR (Sanofi Consumer Healthcare Ind) | Tier: AVOID | 📌 EVENT TRADE ≠ multibagger position,2026-05-25 10:50
BHAGYANGR,BHAGYANAGAR INDIA LTD.,2026-04-30,BSE_LIVE_POLLER,RESULTS,RESULT,,5,RESULT_EVENT,WATCH,WATCHLIST_EXTERNAL,47.0,NORMAL,-4.17,NORMAL,False,,⚡ RESULT | BHAGYANGR (BHAGYANAGAR INDIA LTD.) | Signal: RESULT_EVENT | Tier: WATCHLIST_EXTERNAL | 📌 EVENT TRADE ≠ multibagger position,2026-05-25 10:50
ABBOTINDIA,ABBOTT INDIA LTD.,2026-04-30,BSE_LIVE_POLLER,RESULTS,RESULT,,5,SUPPRESSED,SUPPRESSED,AVOID,0.0,NORMAL,0.13,NORMAL,True,Stock tier=AVOID — event suppressed,⚡ RESULT | ABBOTINDIA (ABBOTT INDIA LTD.) | Tier: AVOID | 📌 EVENT TRADE ≠ multibagger position,2026-05-25 10:50
KSL,KALYANI STEELS LTD.,2026-04-30,BSE_LIVE_POLLER,RESULTS,RESULT,,5,RESULT_EVENT,WATCH,WATCHLIST_CONFIRMED,62.0,NORMAL,0.82,NORMAL,False,,⚡ RESULT | KSL (KALYANI STEELS LTD.) | Signal: RESULT_EVENT | Tier: WATCHLIST_CONFIRMED | 📌 EVENT TRADE ≠ multibagger position,2026-05-25 10:50
MCX,MULTI COMMODITY EXCHANGE OF IN,2026-04-30,BSE_LIVE_POLLER,ORDER_WIN,ORDER_WIN,UNKNOWN,5,WATCH_SIGNAL,CONFIRMED,STRONG,64.0,NORMAL,-4.24,NORMAL,False,,⚡ ORDER_WIN | MCX (MULTI COMMODITY EXCHANGE OF IN) | Signal: WATCH_SIGNAL | Tier: STRONG | 📌 EVENT TRADE ≠ multibagger position,2026-05-25 10:50
BAJAJHFL,Bajaj Housing Finance Limited,2026-04-27,BSE_LIVE_POLLER,RESULTS,RESULT,,5,RESULT_EVENT,NEUTRAL,MONITOR,33.0,NORMAL,-0.99,NORMAL,False,,⚡ RESULT | BAJAJHFL (Bajaj Housing Finance Limited) | Signal: RESULT_EVENT | Tier: MONITOR | 📌 EVENT TRADE ≠ multibagger position,2026-05-25 10:50
CUB,CITY UNION BANK LTD.,2026-04-27,BSE_LIVE_POLLER,RESULTS,RESULT,,5,RESULT_EVENT,WATCH,WATCHLIST_EXTERNAL,30.0,NORMAL,-1.02,NORMAL,False,,⚡ RESULT | CUB (CITY UNION BANK LTD.) | Signal: RESULT_EVENT | Tier: WATCHLIST_EXTERNAL | 📌 EVENT TRADE ≠ multibagger position,2026-05-25 10:50
KANSAINER,KANSAI NEROLAC PAINTS LTD.,2026-04-27,BSE_LIVE_POLLER,RESULTS,RESULT,,5,RESULT_EVENT,WATCH,WATCHLIST_CONFIRMED,57.0,NORMAL,1.13,NORMAL,False,,⚡ RESULT | KANSAINER (KANSAI NEROLAC PAINTS LTD.) | Signal: RESULT_EVENT | Tier: WATCHLIST_CONFIRMED | 📌 EVENT TRADE ≠ multibagger position,2026-05-25 10:50
PIRAMALFIN,Piramal Finance Limited,2026-04-27,BSE_LIVE_POLLER,RESULTS,RESULT,,5,RESULT_EVENT,WATCH,WATCHLIST_EXTERNAL,68.0,NORMAL,1.2,NORMAL,False,,⚡ RESULT | PIRAMALFIN (Piramal Finance Limited) | Signal: RESULT_EVENT | Tier: WATCHLIST_EXTERNAL | 📌 EVENT TRADE ≠ multibagger position,2026-05-25 10:50
PIRAMALFIN,Piramal Finance Limited,2026-04-27,BSE_LIVE_POLLER,RESULTS,RESULT,,5,RESULT_EVENT,WATCH,WATCHLIST_EXTERNAL,68.0,NORMAL,1.2,NORMAL,False,,⚡ RESULT | PIRAMALFIN (Piramal Finance Limited) | Signal: RESULT_EVENT | Tier: WATCHLIST_EXTERNAL | 📌 EVENT TRADE ≠ multibagger position,2026-05-25 10:50
PIRAMALFIN,Piramal Finance Limited,2026-04-27,BSE_LIVE_POLLER,RESULTS,RESULT,,5,RESULT_EVENT,WATCH,WATCHLIST_EXTERNAL,68.0,NORMAL,1.2,NORMAL,False,,⚡ RESULT | PIRAMALFIN (Piramal Finance Limited) | Signal: RESULT_EVENT | Tier: WATCHLIST_EXTERNAL | 📌 EVENT TRADE ≠ multibagger position,2026-05-25 10:50
AAVAS,AAVAS Financiers Limited,2026-04-27,BSE_LIVE_POLLER,RESULTS,RESULT,,5,RESULT_EVENT,NEUTRAL,MONITOR,29.0,NORMAL,4.53,NORMAL,False,,⚡ RESULT | AAVAS (AAVAS Financiers Limited) | Signal: RESULT_EVENT | Tier: MONITOR | 📌 EVENT TRADE ≠ multibagger position,2026-05-25 10:50
VBL,Varun Beverages Limited,2026-04-27,BSE_LIVE_POLLER,RESULTS,RESULT,,5,RESULT_EVENT,WATCH,WATCHLIST_CONFIRMED,69.0,NORMAL,4.79,NORMAL,False,,⚡ RESULT | VBL (Varun Beverages Limited) | Signal: RESULT_EVENT | Tier: WATCHLIST_CONFIRMED | 📌 EVENT TRADE ≠ multibagger position,2026-05-25 10:50
VBL,Varun Beverages Limited,2026-04-27,BSE_LIVE_POLLER,RESULTS,RESULT,,5,RESULT_EVENT,WATCH,WATCHLIST_CONFIRMED,69.0,NORMAL,4.79,NORMAL,False,,⚡ RESULT | VBL (Varun Beverages Limited) | Signal: RESULT_EVENT | Tier: WATCHLIST_CONFIRMED | 📌 EVENT TRADE ≠ multibagger position,2026-05-25 10:50
GREAVESCOT,GREAVES COTTON LTD.,2026-04-27,BSE_LIVE_POLLER,RESULTS,RESULT,,5,RESULT_EVENT,WATCH,WATCHLIST_EXTERNAL,42.0,NORMAL,-0.38,NORMAL,False,,⚡ RESULT | GREAVESCOT (GREAVES COTTON LTD.) | Signal: RESULT_EVENT | Tier: WATCHLIST_EXTERNAL | 📌 EVENT TRADE ≠ multibagger position,2026-05-25 10:50
CSBBANK,CSB Bank Limited,2026-04-27,BSE_LIVE_POLLER,RESULTS,RESULT,,5,RESULT_EVENT,NEUTRAL,MONITOR,0.0,NORMAL,0.44,NORMAL,False,,⚡ RESULT | CSBBANK (CSB Bank Limited) | Signal: RESULT_EVENT | Tier: MONITOR | 📌 EVENT TRADE ≠ multibagger position,2026-05-25 10:50
WONDERLA,WONDERLA HOLIDAYS LTD,2026-04-27,BSE_LIVE_POLLER,RESULTS,RESULT,,5,RESULT_EVENT,WATCH,WATCHLIST_EXTERNAL,49.0,NORMAL,0.54,NORMAL,False,,⚡ RESULT | WONDERLA (WONDERLA HOLIDAYS LTD) | Signal: RESULT_EVENT | Tier: WATCHLIST_EXTERNAL | 📌 EVENT TRADE ≠ multibagger position,2026-05-25 10:50
SPLPETRO,SUPREME PETROCHEM LTD.,2026-04-27,BSE_LIVE_POLLER,RESULTS,RESULT,,5,RESULT_EVENT,WATCH,WATCHLIST_CONFIRMED,59.0,NORMAL,-2.11,NORMAL,False,,⚡ RESULT | SPLPETRO (SUPREME PETROCHEM LTD.) | Signal: RESULT_EVENT | Tier: WATCHLIST_CONFIRMED | 📌 EVENT TRADE ≠ multibagger position,2026-05-25 10:50
IDBI,IDBI BANK LTD.,2026-04-27,BSE_LIVE_POLLER,RESULTS,RESULT,,5,RESULT_EVENT,WATCH,WATCHLIST_EXTERNAL,36.0,NORMAL,-1.24,NORMAL,False,,⚡ RESULT | IDBI (IDBI BANK LTD.) | Signal: RESULT_EVENT | Tier: WATCHLIST_EXTERNAL | 📌 EVENT TRADE ≠ multibagger position,2026-05-25 10:50
ACMESOLAR,ACME Solar Holdings Ltd,2026-04-27,BSE_PIPELINE,RESULTS,RESULT,,5,RESULT_EVENT,WATCH,WATCHLIST_EXTERNAL,43.0,NORMAL,2.6,NORMAL,False,,⚡ RESULT | ACMESOLAR (ACME Solar Holdings Ltd) | Signal: RESULT_EVENT | Tier: WATCHLIST_EXTERNAL | 📌 EVENT TRADE ≠ multibagger position,2026-05-25 10:50
UCOBANK,UCO Bank,2026-04-26,BSE_PIPELINE,RESULTS,RESULT,,5,RESULT_EVENT,NEUTRAL,MONITOR,23.0,NORMAL,-0.12,NORMAL,False,,⚡ RESULT | UCOBANK (UCO Bank) | Signal: RESULT_EVENT | Tier: MONITOR | 📌 EVENT TRADE ≠ multibagger position,2026-05-25 10:50
NATHBIOGEN,Nath Bio-Genes (India) Ltd,2026-04-26,BSE_PIPELINE,RESULTS,RESULT,,5,RESULT_EVENT,NEUTRAL,MONITOR,28.0,NORMAL,7.84,NORMAL,False,,⚡ RESULT | NATHBIOGEN (Nath Bio-Genes (India) Ltd) | Signal: RESULT_EVENT | Tier: MONITOR | 📌 EVENT TRADE ≠ multibagger position,2026-05-25 10:50
MEESHO,Meesho Ltd,2026-04-26,BSE_PIPELINE,RESULTS,RESULT,,5,RESULT_EVENT,NEUTRAL,MONITOR,33.0,NORMAL,3.27,NORMAL,False,,⚡ RESULT | MEESHO (Meesho Ltd) | Signal: RESULT_EVENT | Tier: MONITOR | 📌 EVENT TRADE ≠ multibagger position,2026-05-25 10:50
OBEROIRLTY,Oberoi Realty Ltd,2026-05-02,BSE_PIPELINE,RESULTS,RESULT,,5,RESULT_EVENT,WATCH,WATCHLIST_CONFIRMED,70.0,NORMAL,2.32,NORMAL,False,,⚡ RESULT | OBEROIRLTY (Oberoi Realty Ltd) | Signal: RESULT_EVENT | Tier: WATCHLIST_CONFIRMED | 📌 EVENT TRADE ≠ multibagger position,2026-05-25 10:50
MRF,MRF LTD.,2026-04-30,BSE_LIVE_POLLER,RESULTS,RESULT,,5,SUPPRESSED,SUPPRESSED,AVOID,0.0,NORMAL,0.04,NORMAL,True,Stock tier=AVOID — event suppressed,⚡ RESULT | MRF (MRF LTD.) | Tier: AVOID | 📌 EVENT TRADE ≠ multibagger position,2026-05-25 10:50
ADVANIHOTR,Advani Hotels & Resorts (India) Ltd,2026-05-25,BSE_PIPELINE,RESULTS,RESULT,,5,SUPPRESSED,SUPPRESSED,AVOID,0.0,ILLIQUID,1.23,NORMAL,True,Stock tier=AVOID — event suppressed,⚡ RESULT | ADVANIHOTR (Advani Hotels & Resorts (India) Ltd) | Tier: AVOID | ⚠️ ILLIQUID stock | 📌 EVENT TRADE ≠ multibagger position,2026-05-25 10:50
PETRONET,PETRONET LNG LTD.,2026-05-04,BSE_LIVE_POLLER,RESULTS,RESULT,,5,RESULT_EVENT,WATCH,WATCHLIST_CONFIRMED,60.0,NORMAL,2.72,NORMAL,False,,⚡ RESULT | PETRONET (PETRONET LNG LTD.) | Signal: RESULT_EVENT | Tier: WATCHLIST_CONFIRMED | 📌 EVENT TRADE ≠ multibagger position,2026-05-25 10:50
OIL,OIL INDIA LTD.,2026-05-05,BSE_LIVE_POLLER,RESULTS,RESULT,,5,RESULT_EVENT,WATCH,WATCHLIST_CONFIRMED,63.0,NORMAL,-0.39,NORMAL,False,,⚡ RESULT | OIL (OIL INDIA LTD.) | Signal: RESULT_EVENT | Tier: WATCHLIST_CONFIRMED | 📌 EVENT TRADE ≠ multibagger position,2026-05-25 10:50
PRAXIS,Praxis Home Retail Limited,2026-05-04,BSE_LIVE_POLLER,RESULTS,RESULT,,5,SUPPRESSED,SUPPRESSED,AVOID,0.0,ILLIQUID,-3.45,NORMAL,True,Stock tier=AVOID — event suppressed,⚡ RESULT | PRAXIS (Praxis Home Retail Limited) | Tier: AVOID | ⚠️ ILLIQUID stock | 📌 EVENT TRADE ≠ multibagger position,2026-05-25 10:50
IOC,INDIAN OIL CORPORATION LTD.,2026-05-04,BSE_LIVE_POLLER,RESULTS,RESULT,,5,RESULT_EVENT,WATCH,WATCHLIST_EXTERNAL,42.0,NORMAL,3.31,NORMAL,False,,⚡ RESULT | IOC (INDIAN OIL CORPORATION LTD.) | Signal: RESULT_EVENT | Tier: WATCHLIST_EXTERNAL | 📌 EVENT TRADE ≠ multibagger position,2026-05-25 10:50
MANAPPURAM,Manappuram Finance Ltd,2026-05-04,BSE_LIVE_POLLER,RESULTS,RESULT,,5,RESULT_EVENT,NEUTRAL,MONITOR,30.0,NORMAL,2.79,NORMAL,False,,⚡ RESULT | MANAPPURAM (Manappuram Finance Ltd) | Signal: RESULT_EVENT | Tier: MONITOR | 📌 EVENT TRADE ≠ multibagger position,2026-05-25 10:50
SHANTIGEAR,SHANTHI GEARS LTD.,2026-05-05,BSE_LIVE_POLLER,RESULTS,RESULT,,5,SUPPRESSED,SUPPRESSED,AVOID,0.0,RESTRICTED,-0.36,NORMAL,True,Stock tier=AVOID — event suppressed,⚡ RESULT | SHANTIGEAR (SHANTHI GEARS LTD.) | Tier: AVOID | 📌 EVENT TRADE ≠ multibagger position,2026-05-25 10:50
GODREJPROP,GODREJ PROPERTIES LTD,2026-05-04,BSE_LIVE_POLLER,RESULTS,RESULT,,5,RESULT_EVENT,WATCH,WATCHLIST_EXTERNAL,37.0,NORMAL,1.02,NORMAL,False,,⚡ RESULT | GODREJPROP (GODREJ PROPERTIES LTD) | Signal: RESULT_EVENT | Tier: WATCHLIST_EXTERNAL | 📌 EVENT TRADE ≠ multibagger position,2026-05-25 10:50
SHANTIGEAR,SHANTHI GEARS LTD.,2026-05-05,BSE_LIVE_POLLER,RESULTS,RESULT,,5,SUPPRESSED,SUPPRESSED,AVOID,0.0,RESTRICTED,-0.36,NORMAL,True,Stock tier=AVOID — event suppressed,⚡ RESULT | SHANTIGEAR (SHANTHI GEARS LTD.) | Tier: AVOID | 📌 EVENT TRADE ≠ multibagger position,2026-05-25 10:50
RKFORGE,RAMKRISHNA FORGINGS LTD.,2026-05-04,BSE_LIVE_POLLER,RESULTS,RESULT,,5,RESULT_EVENT,WATCH,WATCHLIST_CONFIRMED,52.0,NORMAL,-2.36,NORMAL,False,,⚡ RESULT | RKFORGE (RAMKRISHNA FORGINGS LTD.) | Signal: RESULT_EVENT | Tier: WATCHLIST_CONFIRMED | 📌 EVENT TRADE ≠ multibagger position,2026-05-25 10:50
AMBUJACEM,AMBUJA CEMENTS LTD.,2026-05-05,BSE_LIVE_POLLER,RESULTS,RESULT,,5,RESULT_EVENT,WATCH,WATCHLIST_CONFIRMED,59.0,NORMAL,1.08,NORMAL,False,,⚡ RESULT | AMBUJACEM (AMBUJA CEMENTS LTD.) | Signal: RESULT_EVENT | Tier: WATCHLIST_CONFIRMED | 📌 EVENT TRADE ≠ multibagger position,2026-05-25 10:50
RHETAN,Rhetan TMT Ltd,2026-05-04,BSE_PIPELINE,RESULTS,RESULT,,5,RESULT_EVENT,WATCH,WATCHLIST_EXTERNAL,46.0,NORMAL,6.13,NORMAL,False,,⚡ RESULT | RHETAN (Rhetan TMT Ltd) | Signal: RESULT_EVENT | Tier: WATCHLIST_EXTERNAL | 📌 EVENT TRADE ≠ multibagger position,2026-05-25 10:50
SHANTIGEAR,SHANTHI GEARS LTD.,2026-05-05,BSE_LIVE_POLLER,RESULTS,RESULT,,5,SUPPRESSED,SUPPRESSED,AVOID,0.0,RESTRICTED,-0.36,NORMAL,True,Stock tier=AVOID — event suppressed,⚡ RESULT | SHANTIGEAR (SHANTHI GEARS LTD.) | Tier: AVOID | 📌 EVENT TRADE ≠ multibagger position,2026-05-25 10:50
KANPRPLA,Kanpur Plastipack Ltd,2026-05-04,BSE_PIPELINE,RESULTS,RESULT,,5,SUPPRESSED,SUPPRESSED,AVOID,0.0,RESTRICTED,6.72,NORMAL,True,Stock tier=AVOID — event suppressed,⚡ RESULT | KANPRPLA (Kanpur Plastipack Ltd) | Tier: AVOID | 📌 EVENT TRADE ≠ multibagger position,2026-05-25 10:50
ASHOKAMET,Ashoka Metcast Ltd,2026-05-04,BSE_PIPELINE,RESULTS,RESULT,,5,SUPPRESSED,SUPPRESSED,AVOID,0.0,ILLIQUID,-0.69,NORMAL,True,Stock tier=AVOID — event suppressed,⚡ RESULT | ASHOKAMET (Ashoka Metcast Ltd) | Tier: AVOID | ⚠️ ILLIQUID stock | 📌 EVENT TRADE ≠ multibagger position,2026-05-25 10:50
ATLASCYCLE,ATLAS CYCLES (HARYANA) LTD.,2026-05-05,BSE_LIVE_POLLER,RESULTS,RESULT,,5,SUPPRESSED,SUPPRESSED,AVOID,0.0,ILLIQUID,-0.87,NORMAL,True,Stock tier=AVOID — event suppressed,⚡ RESULT | ATLASCYCLE (ATLAS CYCLES (HARYANA) LTD.) | Tier: AVOID | ⚠️ ILLIQUID stock | 📌 EVENT TRADE ≠ multibagger position,2026-05-25 10:50
SMCGLOBAL,SMC Global Securities Ltd,2026-05-04,BSE_PIPELINE,RESULTS,RESULT,,5,SUPPRESSED,SUPPRESSED,AVOID,0.0,NORMAL,-0.18,NORMAL,True,Stock tier=AVOID — event suppressed,⚡ RESULT | SMCGLOBAL (SMC Global Securities Ltd) | Tier: AVOID | 📌 EVENT TRADE ≠ multibagger position,2026-05-25 10:50
NETWEB,Netweb Technologies India Ltd,2026-05-04,BSE_PIPELINE,RESULTS,RESULT,,5,RESULT_EVENT,WATCH,WATCHLIST_CONFIRMED,74.0,NORMAL,2.8,NORMAL,False,,⚡ RESULT | NETWEB (Netweb Technologies India Ltd) | Signal: RESULT_EVENT | Tier: WATCHLIST_CONFIRMED | 📌 EVENT TRADE ≠ multibagger position,2026-05-25 10:50
LGBBROSLTD,LG Balakrishnan & Bros Ltd,2026-05-04,BSE_PIPELINE,RESULTS,RESULT,,5,SUPPRESSED,SUPPRESSED,AVOID,0.0,NORMAL,-0.67,NORMAL,True,Stock tier=AVOID — event suppressed,⚡ RESULT | LGBBROSLTD (LG Balakrishnan & Bros Ltd) | Tier: AVOID | 📌 EVENT TRADE ≠ multibagger position,2026-05-25 10:50
DMART,Avenue Supermarts Ltd,2026-05-04,BSE_PIPELINE,RESULTS,RESULT,,5,RESULT_EVENT,WATCH,WATCHLIST_CONFIRMED,72.0,NORMAL,-2.81,NORMAL,False,,⚡ RESULT | DMART (Avenue Supermarts Ltd) | Signal: RESULT_EVENT | Tier: WATCHLIST_CONFIRMED | 📌 EVENT TRADE ≠ multibagger position,2026-05-25 10:50
RHETAN,Rhetan TMT Ltd,2026-05-04,BSE_PIPELINE,RESULTS,RESULT,,5,RESULT_EVENT,WATCH,WATCHLIST_EXTERNAL,46.0,NORMAL,6.13,NORMAL,False,,⚡ RESULT | RHETAN (Rhetan TMT Ltd) | Signal: RESULT_EVENT | Tier: WATCHLIST_EXTERNAL | 📌 EVENT TRADE ≠ multibagger position,2026-05-25 10:50
BLUECOAST,BLUE COAST HOTELS LTD.,2026-05-05,BSE_LIVE_POLLER,RESULTS,RESULT,,5,SUPPRESSED,SUPPRESSED,AVOID,0.0,ILLIQUID,1.36,NORMAL,True,Stock tier=AVOID — event suppressed,⚡ RESULT | BLUECOAST (BLUE COAST HOTELS LTD.) | Tier: AVOID | ⚠️ ILLIQUID stock | 📌 EVENT TRADE ≠ multibagger position,2026-05-25 10:50
DALMIASUG,Dalmia Bharat Sugar and Industries Ltd,2026-05-06,BSE_PIPELINE,RESULTS,RESULT,,5,RESULT_EVENT,WATCH,WATCHLIST_EXTERNAL,53.0,NORMAL,-0.18,NORMAL,False,,⚡ RESULT | DALMIASUG (Dalmia Bharat Sugar and Industries Ltd) | Signal: RESULT_EVENT | Tier: WATCHLIST_EXTERNAL | 📌 EVENT TRADE ≠ multibagger position,2026-05-25 10:50
KANPRPLA,Kanpur Plastipack Ltd,2026-05-04,BSE_PIPELINE,RESULTS,RESULT,,5,SUPPRESSED,SUPPRESSED,AVOID,0.0,RESTRICTED,6.72,NORMAL,True,Stock tier=AVOID — event suppressed,⚡ RESULT | KANPRPLA (Kanpur Plastipack Ltd) | Tier: AVOID | 📌 EVENT TRADE ≠ multibagger position,2026-05-25 10:50
RAYMONDREL,Raymond Realty Ltd,2026-05-06,BSE_PIPELINE,RESULTS,RESULT,,5,RESULT_EVENT,WATCH,WATCHLIST_EXTERNAL,30.0,NORMAL,-3.82,NORMAL,False,,⚡ RESULT | RAYMONDREL (Raymond Realty Ltd) | Signal: RESULT_EVENT | Tier: WATCHLIST_EXTERNAL | 📌 EVENT TRADE ≠ multibagger position,2026-05-25 10:50
ASHOKAMET,Ashoka Metcast Ltd,2026-05-04,BSE_PIPELINE,RESULTS,RESULT,,5,SUPPRESSED,SUPPRESSED,AVOID,0.0,ILLIQUID,-0.69,NORMAL,True,Stock tier=AVOID — event suppressed,⚡ RESULT | ASHOKAMET (Ashoka Metcast Ltd) | Tier: AVOID | ⚠️ ILLIQUID stock | 📌 EVENT TRADE ≠ multibagger position,2026-05-25 10:50
PAUSHAKLTD,Paushak Ltd,2026-05-06,BSE_PIPELINE,RESULTS,RESULT,,5,SUPPRESSED,SUPPRESSED,AVOID,0.0,RESTRICTED,0.02,NORMAL,True,Stock tier=AVOID — event suppressed,⚡ RESULT | PAUSHAKLTD (Paushak Ltd) | Tier: AVOID | 📌 EVENT TRADE ≠ multibagger position,2026-05-25 10:50
PETRONET,PETRONET LNG LTD.,2026-05-04,BSE_LIVE_POLLER,RESULTS,RESULT,,5,RESULT_EVENT,WATCH,WATCHLIST_CONFIRMED,60.0,NORMAL,2.72,NORMAL,False,,⚡ RESULT | PETRONET (PETRONET LNG LTD.) | Signal: RESULT_EVENT | Tier: WATCHLIST_CONFIRMED | 📌 EVENT TRADE ≠ multibagger position,2026-05-25 10:50
WOCKPHARMA,Wockhardt Ltd,2026-05-04,BSE_PIPELINE,RESULTS,RESULT,,5,SUPPRESSED,SUPPRESSED,AVOID,0.0,NORMAL,-2.77,NORMAL,True,Stock tier=AVOID — event suppressed,⚡ RESULT | WOCKPHARMA (Wockhardt Ltd) | Tier: AVOID | 📌 EVENT TRADE ≠ multibagger position,2026-05-25 10:50
SCILAL,Shipping Corporation of India Land and Assets Ltd,2026-05-06,BSE_PIPELINE,RESULTS,RESULT,,5,RESULT_EVENT,NEUTRAL,MONITOR,55.0,NORMAL,-2.23,NORMAL,False,,⚡ RESULT | SCILAL (Shipping Corporation of India Land and Assets Ltd) | Signal: RESULT_EVENT | Tier: MONITOR | 📌 EVENT TRADE ≠ multibagger position,2026-05-25 10:50
SGMART,SG Mart Ltd,2026-05-04,BSE_PIPELINE,RESULTS,RESULT,,5,RESULT_EVENT,WATCH,WATCHLIST_CONFIRMED,64.0,NORMAL,2.36,NORMAL,False,,⚡ RESULT | SGMART (SG Mart Ltd) | Signal: RESULT_EVENT | Tier: WATCHLIST_CONFIRMED | 📌 EVENT TRADE ≠ multibagger position,2026-05-25 10:50
GSFC,GUJARAT STATE FERTILIZERS & CH,2026-05-05,BSE_LIVE_POLLER,RESULTS,RESULT,,5,SUPPRESSED,SUPPRESSED,AVOID,0.0,NORMAL,-4.17,NORMAL,True,Stock tier=AVOID — event suppressed,⚡ RESULT | GSFC (GUJARAT STATE FERTILIZERS & CH) | Tier: AVOID | 📌 EVENT TRADE ≠ multibagger position,2026-05-25 10:50
QUESS,Quess Corp Ltd,2026-05-05,BSE_PIPELINE,RESULTS,RESULT,,5,SUPPRESSED,SUPPRESSED,AVOID,0.0,NORMAL,-1.32,NORMAL,True,Stock tier=AVOID — event suppressed,⚡ RESULT | QUESS (Quess Corp Ltd) | Tier: AVOID | 📌 EVENT TRADE ≠ multibagger position,2026-05-25 10:50
IIFLCAPS,IIFL Capital Services Ltd,2026-05-05,BSE_PIPELINE,RESULTS,RESULT,,5,RESULT_EVENT,WATCH,WATCHLIST_CONFIRMED,65.0,NORMAL,-0.17,NORMAL,False,,⚡ RESULT | IIFLCAPS (IIFL Capital Services Ltd) | Signal: RESULT_EVENT | Tier: WATCHLIST_CONFIRMED | 📌 EVENT TRADE ≠ multibagger position,2026-05-25 10:50
PREMCO,PREMCO GLOBAL LTD.,2026-05-05,BSE_LIVE_POLLER,RESULTS,RESULT,,5,SUPPRESSED,SUPPRESSED,AVOID,0.0,ILLIQUID,-0.94,NORMAL,True,Stock tier=AVOID — event suppressed,⚡ RESULT | PREMCO (PREMCO GLOBAL LTD.) | Tier: AVOID | ⚠️ ILLIQUID stock | 📌 EVENT TRADE ≠ multibagger position,2026-05-25 10:50
AARTIIND,Aarti Industries Ltd,2026-05-05,BSE_PIPELINE,RESULTS,RESULT,,5,RESULT_EVENT,WATCH,WATCHLIST_CONFIRMED,59.0,NORMAL,1.48,NORMAL,False,,⚡ RESULT | AARTIIND (Aarti Industries Ltd) | Signal: RESULT_EVENT | Tier: WATCHLIST_CONFIRMED | 📌 EVENT TRADE ≠ multibagger position,2026-05-25 10:50
NAZARA,Nazara Technologies Limited,2026-05-05,BSE_LIVE_POLLER,RESULTS,RESULT,,5,RESULT_EVENT,WATCH,WATCHLIST_CONFIRMED,70.0,NORMAL,-3.88,NORMAL,False,,⚡ RESULT | NAZARA (Nazara Technologies Limited) | Signal: RESULT_EVENT | Tier: WATCHLIST_CONFIRMED | 📌 EVENT TRADE ≠ multibagger position,2026-05-25 10:50
VINATIORGA,VINATI ORGANICS LTD.,2026-05-05,BSE_LIVE_POLLER,RESULTS,RESULT,,5,RESULT_EVENT,WATCH,WATCHLIST_CONFIRMED,58.0,NORMAL,-0.82,NORMAL,False,,⚡ RESULT | VINATIORGA (VINATI ORGANICS LTD.) | Signal: RESULT_EVENT | Tier: WATCHLIST_CONFIRMED | 📌 EVENT TRADE ≠ multibagger position,2026-05-25 10:50
NATHBIOGEN,Nath Bio-Genes (India) Ltd,2026-05-05,BSE_PIPELINE,RESULTS,RESULT,,5,RESULT_EVENT,NEUTRAL,MONITOR,28.0,NORMAL,7.84,NORMAL,False,,⚡ RESULT | NATHBIOGEN (Nath Bio-Genes (India) Ltd) | Signal: RESULT_EVENT | Tier: MONITOR | 📌 EVENT TRADE ≠ multibagger position,2026-05-25 10:50
DABUR,Dabur India Ltd,2026-05-05,BSE_PIPELINE,RESULTS,RESULT,,5,RESULT_EVENT,WATCH,WATCHLIST_CONFIRMED,65.0,NORMAL,-0.39,NORMAL,False,,⚡ RESULT | DABUR (Dabur India Ltd) | Signal: RESULT_EVENT | Tier: WATCHLIST_CONFIRMED | 📌 EVENT TRADE ≠ multibagger position,2026-05-25 10:50
UPL,UPL Ltd,2026-05-05,BSE_PIPELINE,RESULTS,RESULT,,5,RESULT_EVENT,WATCH,WATCHLIST_EXTERNAL,41.0,NORMAL,-0.21,NORMAL,False,,⚡ RESULT | UPL (UPL Ltd) | Signal: RESULT_EVENT | Tier: WATCHLIST_EXTERNAL | 📌 EVENT TRADE ≠ multibagger position,2026-05-25 10:50
BANDHANBNK,Bandhan Bank Limited,2026-05-05,BSE_LIVE_POLLER,RESULTS,RESULT,,5,RESULT_EVENT,WATCH,WATCHLIST_EXTERNAL,47.0,NORMAL,1.78,NORMAL,False,,⚡ RESULT | BANDHANBNK (Bandhan Bank Limited) | Signal: RESULT_EVENT | Tier: WATCHLIST_EXTERNAL | 📌 EVENT TRADE ≠ multibagger position,2026-05-25 10:50
GAYAPROJ,Gayatri Projects Ltd,2026-05-05,BSE_PIPELINE,RESULTS,RESULT,,5,SUPPRESSED,SUPPRESSED,AVOID,0.0,RESTRICTED,-2.27,NORMAL,True,Stock tier=AVOID — event suppressed,⚡ RESULT | GAYAPROJ (Gayatri Projects Ltd) | Tier: AVOID | 📌 EVENT TRADE ≠ multibagger position,2026-05-25 10:50
VIKRAMSOLR,Vikram Solar Ltd,2026-05-05,BSE_PIPELINE,RESULTS,RESULT,,5,RESULT_EVENT,WATCH,WATCHLIST_EXTERNAL,50.0,NORMAL,-0.84,NORMAL,False,,⚡ RESULT | VIKRAMSOLR (Vikram Solar Ltd) | Signal: RESULT_EVENT | Tier: WATCHLIST_EXTERNAL | 📌 EVENT TRADE ≠ multibagger position,2026-05-25 10:50
NACLIND,NACL Industries Ltd,2026-05-04,BSE_PIPELINE,RESULTS,RESULT,,5,SUPPRESSED,SUPPRESSED,AVOID,0.0,NORMAL,-2.65,NORMAL,True,Stock tier=AVOID — event suppressed,⚡ RESULT | NACLIND (NACL Industries Ltd) | Tier: AVOID | 📌 EVENT TRADE ≠ multibagger position,2026-05-25 10:50
ONMOBILE,OnMobile Global Ltd,2026-05-04,BSE_PIPELINE,RESULTS,RESULT,,5,SUPPRESSED,SUPPRESSED,AVOID,0.0,NORMAL,-0.2,NORMAL,True,Stock tier=AVOID — event suppressed,⚡ RESULT | ONMOBILE (OnMobile Global Ltd) | Tier: AVOID | 📌 EVENT TRADE ≠ multibagger position,2026-05-25 10:50
TIPSFILMS,Tips Films Ltd,2026-05-04,BSE_PIPELINE,RESULTS,RESULT,,5,SUPPRESSED,SUPPRESSED,AVOID,0.0,ILLIQUID,1.15,NORMAL,True,Stock tier=AVOID — event suppressed,⚡ RESULT | TIPSFILMS (Tips Films Ltd) | Tier: AVOID | ⚠️ ILLIQUID stock | 📌 EVENT TRADE ≠ multibagger position,2026-05-25 10:50
HAL,Hindustan Aeronautics Ltd,2026-05-04,BSE_PIPELINE,RESULTS,RESULT,,5,RESULT_EVENT,WATCH,WATCHLIST_CONFIRMED,60.0,NORMAL,0.81,NORMAL,False,,⚡ RESULT | HAL (Hindustan Aeronautics Ltd) | Signal: RESULT_EVENT | Tier: WATCHLIST_CONFIRMED | 📌 EVENT TRADE ≠ multibagger position,2026-05-25 10:50
SHANTIGEAR,SHANTHI GEARS LTD.,2026-05-05,BSE_LIVE_POLLER,RESULTS,RESULT,,5,SUPPRESSED,SUPPRESSED,AVOID,0.0,RESTRICTED,-0.36,NORMAL,True,Stock tier=AVOID — event suppressed,⚡ RESULT | SHANTIGEAR (SHANTHI GEARS LTD.) | Tier: AVOID | 📌 EVENT TRADE ≠ multibagger position,2026-05-25 10:50
WOCKPHARMA,Wockhardt Ltd,2026-05-04,BSE_PIPELINE,RESULTS,RESULT,,5,SUPPRESSED,SUPPRESSED,AVOID,0.0,NORMAL,-2.77,NORMAL,True,Stock tier=AVOID — event suppressed,⚡ RESULT | WOCKPHARMA (Wockhardt Ltd) | Tier: AVOID | 📌 EVENT TRADE ≠ multibagger position,2026-05-25 10:50
RTNPOWER,RattanIndia Power Ltd,2026-05-04,BSE_PIPELINE,RESULTS,RESULT,,5,SUPPRESSED,SUPPRESSED,AVOID,0.0,NORMAL,-0.33,NORMAL,True,Stock tier=AVOID — event suppressed,⚡ RESULT | RTNPOWER (RattanIndia Power Ltd) | Tier: AVOID | 📌 EVENT TRADE ≠ multibagger position,2026-05-25 10:50
AARTISURF,Aarti Surfactants Ltd,2026-05-04,BSE_PIPELINE,RESULTS,RESULT,,5,SUPPRESSED,SUPPRESSED,AVOID,0.0,RESTRICTED,-1.77,NORMAL,True,Stock tier=AVOID — event suppressed,⚡ RESULT | AARTISURF (Aarti Surfactants Ltd) | Tier: AVOID | 📌 EVENT TRADE ≠ multibagger position,2026-05-25 10:50
EXIDEIND,Exide Industries Ltd,2026-05-04,BSE_PIPELINE,RESULTS,RESULT,,5,SUPPRESSED,SUPPRESSED,AVOID,0.0,NORMAL,-1.42,NORMAL,True,Stock tier=AVOID — event suppressed,⚡ RESULT | EXIDEIND (Exide Industries Ltd) | Tier: AVOID | 📌 EVENT TRADE ≠ multibagger position,2026-05-25 10:50
AMBUJACEM,Ambuja Cements Ltd,2026-05-04,BSE_PIPELINE,RESULTS,RESULT,,5,RESULT_EVENT,WATCH,WATCHLIST_CONFIRMED,59.0,NORMAL,1.08,NORMAL,False,,⚡ RESULT | AMBUJACEM (Ambuja Cements Ltd) | Signal: RESULT_EVENT | Tier: WATCHLIST_CONFIRMED | 📌 EVENT TRADE ≠ multibagger position,2026-05-25 10:50
ABCAPITAL,Aditya Birla Capital Ltd,2026-05-04,BSE_PIPELINE,RESULTS,RESULT,,5,RESULT_EVENT,NEUTRAL,MONITOR,34.0,NORMAL,1.74,NORMAL,False,,⚡ RESULT | ABCAPITAL (Aditya Birla Capital Ltd) | Signal: RESULT_EVENT | Tier: MONITOR | 📌 EVENT TRADE ≠ multibagger position,2026-05-25 10:50
JYOTHYLAB,Jyothy Labs Ltd,2026-05-04,BSE_PIPELINE,RESULTS,RESULT,,5,RESULT_EVENT,WATCH,WATCHLIST_CONFIRMED,67.0,NORMAL,-4.57,NORMAL,False,,⚡ RESULT | JYOTHYLAB (Jyothy Labs Ltd) | Signal: RESULT_EVENT | Tier: WATCHLIST_CONFIRMED | 📌 EVENT TRADE ≠ multibagger position,2026-05-25 10:50
SMCGLOBAL,SMC Global Securities Ltd,2026-05-04,BSE_PIPELINE,RESULTS,RESULT,,5,SUPPRESSED,SUPPRESSED,AVOID,0.0,NORMAL,-0.18,NORMAL,True,Stock tier=AVOID — event suppressed,⚡ RESULT | SMCGLOBAL (SMC Global Securities Ltd) | Tier: AVOID | 📌 EVENT TRADE ≠ multibagger position,2026-05-25 10:50
ALKYLAMINE,ALKYL AMINES CHEMICALS LTD.,2026-05-05,BSE_LIVE_POLLER,RESULTS,RESULT,,5,RESULT_EVENT,WATCH,WATCHLIST_EXTERNAL,49.0,NORMAL,-2.63,NORMAL,False,,⚡ RESULT | ALKYLAMINE (ALKYL AMINES CHEMICALS LTD.) | Signal: RESULT_EVENT | Tier: WATCHLIST_EXTERNAL | 📌 EVENT TRADE ≠ multibagger position,2026-05-25 10:50
MAFATIND,Mafatlal Industries Ltd-$,2026-05-06,BSE_PIPELINE,RESULTS,RESULT,,5,SUPPRESSED,SUPPRESSED,AVOID,0.0,RESTRICTED,0.19,NORMAL,True,Stock tier=AVOID — event suppressed,⚡ RESULT | MAFATIND (Mafatlal Industries Ltd-$) | Tier: AVOID | 📌 EVENT TRADE ≠ multibagger position,2026-05-25 10:50
PLATIND,Platinum Industries Ltd,2026-05-06,BSE_PIPELINE,RESULTS,RESULT,,5,RESULT_EVENT,NEUTRAL,MONITOR,27.0,NORMAL,-1.45,NORMAL,False,,⚡ RESULT | PLATIND (Platinum Industries Ltd) | Signal: RESULT_EVENT | Tier: MONITOR | 📌 EVENT TRADE ≠ multibagger position,2026-05-25 10:50
INDIASHLTR,India Shelter Finance Corporation Ltd,2026-05-02,BSE_PIPELINE,RESULTS,RESULT,,5,RESULT_EVENT,WATCH,WATCHLIST_EXTERNAL,64.0,NORMAL,0.76,NORMAL,False,,⚡ RESULT | INDIASHLTR (India Shelter Finance Corporation Ltd) | Signal: RESULT_EVENT | Tier: WATCHLIST_EXTERNAL | 📌 EVENT TRADE ≠ multibagger position,2026-05-25 10:50
SBIN,State Bank of India,2026-05-02,BSE_PIPELINE,RESULTS,RESULT,,5,RESULT_EVENT,WATCH,WATCHLIST_CONFIRMED,74.0,NORMAL,0.04,NORMAL,False,,⚡ RESULT | SBIN (State Bank of India) | Signal: RESULT_EVENT | Tier: WATCHLIST_CONFIRMED | 📌 EVENT TRADE ≠ multibagger position,2026-05-25 10:50
KOTAKBANK,Kotak Mahindra Bank Ltd,2026-05-02,BSE_PIPELINE,RESULTS,RESULT,,5,RESULT_EVENT,WATCH,WATCHLIST_EXTERNAL,38.0,NORMAL,0.58,NORMAL,False,,⚡ RESULT | KOTAKBANK (Kotak Mahindra Bank Ltd) | Signal: RESULT_EVENT | Tier: WATCHLIST_EXTERNAL | 📌 EVENT TRADE ≠ multibagger position,2026-05-25 10:50
EPIGRAL,Epigral Ltd,2026-05-02,BSE_PIPELINE,RESULTS,RESULT,,5,RESULT_EVENT,WATCH,WATCHLIST_CONFIRMED,63.0,NORMAL,0.94,NORMAL,False,,⚡ RESULT | EPIGRAL (Epigral Ltd) | Signal: RESULT_EVENT | Tier: WATCHLIST_CONFIRMED | 📌 EVENT TRADE ≠ multibagger position,2026-05-25 10:50
IRMENERGY,IRM Energy Ltd,2026-05-02,BSE_PIPELINE,RESULTS,RESULT,,5,SUPPRESSED,SUPPRESSED,AVOID,0.0,NORMAL,0.14,NORMAL,True,Stock tier=AVOID — event suppressed,⚡ RESULT | IRMENERGY (IRM Energy Ltd) | Tier: AVOID | 📌 EVENT TRADE ≠ multibagger position,2026-05-25 10:50
ETHOSLTD,Ethos Ltd,2026-05-06,BSE_PIPELINE,RESULTS,RESULT,,5,SUPPRESSED,SUPPRESSED,AVOID,0.0,NORMAL,3.9,NORMAL,True,Stock tier=AVOID — event suppressed,⚡ RESULT | ETHOSLTD (Ethos Ltd) | Tier: AVOID | 📌 EVENT TRADE ≠ multibagger position,2026-05-25 10:50
SHILCTECH,Shilchar Technologies Ltd,2026-05-06,BSE_PIPELINE,RESULTS,RESULT,,5,RESULT_EVENT,WATCH,WATCHLIST_CONFIRMED,58.0,NORMAL,0.69,NORMAL,False,,⚡ RESULT | SHILCTECH (Shilchar Technologies Ltd) | Signal: RESULT_EVENT | Tier: WATCHLIST_CONFIRMED | 📌 EVENT TRADE ≠ multibagger position,2026-05-25 10:50
RAJTV,Raj Television Network Ltd,2026-05-06,BSE_PIPELINE,RESULTS,RESULT,,5,SUPPRESSED,SUPPRESSED,AVOID,0.0,ILLIQUID,-0.48,NORMAL,True,Stock tier=AVOID — event suppressed,⚡ RESULT | RAJTV (Raj Television Network Ltd) | Tier: AVOID | ⚠️ ILLIQUID stock | 📌 EVENT TRADE ≠ multibagger position,2026-05-25 10:50
INDIASHLTR,India Shelter Finance Corporation Ltd,2026-05-02,BSE_PIPELINE,RESULTS,RESULT,,5,RESULT_EVENT,WATCH,WATCHLIST_EXTERNAL,64.0,NORMAL,0.76,NORMAL,False,,⚡ RESULT | INDIASHLTR (India Shelter Finance Corporation Ltd) | Signal: RESULT_EVENT | Tier: WATCHLIST_EXTERNAL | 📌 EVENT TRADE ≠ multibagger position,2026-05-25 10:50
BHAGERIA,Bhageria Industries Ltd,2026-05-02,BSE_PIPELINE,RESULTS,RESULT,,5,SUPPRESSED,SUPPRESSED,AVOID,0.0,RESTRICTED,0.29,NORMAL,True,Stock tier=AVOID — event suppressed,⚡ RESULT | BHAGERIA (Bhageria Industries Ltd) | Tier: AVOID | 📌 EVENT TRADE ≠ multibagger position,2026-05-25 10:50
DCMSHRIRAM,DCM Shriram Ltd,2026-05-06,BSE_PIPELINE,RESULTS,RESULT,,5,RESULT_EVENT,WATCH,WATCHLIST_CONFIRMED,53.0,NORMAL,1.23,NORMAL,False,,⚡ RESULT | DCMSHRIRAM (DCM Shriram Ltd) | Signal: RESULT_EVENT | Tier: WATCHLIST_CONFIRMED | 📌 EVENT TRADE ≠ multibagger position,2026-05-25 10:50
LT,LARSEN & TOUBRO LTD.,2026-05-06,BSE_LIVE_POLLER,ORDER_WIN,ORDER_WIN,UNKNOWN,5,WATCH_SIGNAL,CONFIRMED,STRONG,72.0,NORMAL,1.12,NORMAL,False,,⚡ ORDER_WIN | LT (LARSEN & TOUBRO LTD.) | Signal: WATCH_SIGNAL | Tier: STRONG | 📌 EVENT TRADE ≠ multibagger position,2026-05-25 10:50
INDIASHLTR,India Shelter Finance Corporation Ltd,2026-05-02,BSE_PIPELINE,RESULTS,RESULT,,5,RESULT_EVENT,WATCH,WATCHLIST_EXTERNAL,64.0,NORMAL,0.76,NORMAL,False,,⚡ RESULT | INDIASHLTR (India Shelter Finance Corporation Ltd) | Signal: RESULT_EVENT | Tier: WATCHLIST_EXTERNAL | 📌 EVENT TRADE ≠ multibagger position,2026-05-25 10:50
NILAINFRA,Nila Infrastructures Ltd,2026-05-02,BSE_PIPELINE,RESULTS,RESULT,,5,SUPPRESSED,SUPPRESSED,AVOID,0.0,ILLIQUID,2.54,NORMAL,True,Stock tier=AVOID — event suppressed,⚡ RESULT | NILAINFRA (Nila Infrastructures Ltd) | Tier: AVOID | ⚠️ ILLIQUID stock | 📌 EVENT TRADE ≠ multibagger position,2026-05-25 10:50
KOTAKBANK,Kotak Mahindra Bank Ltd,2026-05-02,BSE_PIPELINE,RESULTS,RESULT,,5,RESULT_EVENT,WATCH,WATCHLIST_EXTERNAL,38.0,NORMAL,0.58,NORMAL,False,,⚡ RESULT | KOTAKBANK (Kotak Mahindra Bank Ltd) | Signal: RESULT_EVENT | Tier: WATCHLIST_EXTERNAL | 📌 EVENT TRADE ≠ multibagger position,2026-05-25 10:50
EPIGRAL,Epigral Ltd,2026-05-02,BSE_PIPELINE,RESULTS,RESULT,,5,RESULT_EVENT,WATCH,WATCHLIST_CONFIRMED,63.0,NORMAL,0.94,NORMAL,False,,⚡ RESULT | EPIGRAL (Epigral Ltd) | Signal: RESULT_EVENT | Tier: WATCHLIST_CONFIRMED | 📌 EVENT TRADE ≠ multibagger position,2026-05-25 10:50
KPIGREEN,KPI Green Energy Limited,2026-05-06,BSE_LIVE_POLLER,RESULTS,RESULT,,5,RESULT_EVENT,WATCH,WATCHLIST_CONFIRMED,70.0,NORMAL,-2.56,NORMAL,False,,⚡ RESULT | KPIGREEN (KPI Green Energy Limited) | Signal: RESULT_EVENT | Tier: WATCHLIST_CONFIRMED | 📌 EVENT TRADE ≠ multibagger position,2026-05-25 10:50
NITTAGELA,Nitta Gelatin India Ltd-$,2026-05-02,BSE_PIPELINE,RESULTS,RESULT,,5,SUPPRESSED,SUPPRESSED,AVOID,0.0,NORMAL,7.98,NORMAL,True,Stock tier=AVOID — event suppressed,⚡ RESULT | NITTAGELA (Nitta Gelatin India Ltd-$) | Tier: AVOID | 📌 EVENT TRADE ≠ multibagger position,2026-05-25 10:50
SIS,SIS Ltd,2026-05-02,BSE_PIPELINE,RESULTS,RESULT,,5,RESULT_EVENT,WATCH,WATCHLIST_CONFIRMED,52.0,NORMAL,-2.89,NORMAL,False,,⚡ RESULT | SIS (SIS Ltd) | Signal: RESULT_EVENT | Tier: WATCHLIST_CONFIRMED | 📌 EVENT TRADE ≠ multibagger position,2026-05-25 10:50
ABREL,ADITYA BIRLA REAL ESTATE LIMIT,2026-05-06,BSE_LIVE_POLLER,RESULTS,RESULT,,5,SUPPRESSED,SUPPRESSED,AVOID,0.0,NORMAL,-1.69,NORMAL,True,Stock tier=AVOID — event suppressed,⚡ RESULT | ABREL (ADITYA BIRLA REAL ESTATE LIMIT) | Tier: AVOID | 📌 EVENT TRADE ≠ multibagger position,2026-05-25 10:50
SOUTHBANK,SOUTH INDIAN BANK LTD.,2026-05-06,BSE_LIVE_POLLER,RESULTS,RESULT,,5,RESULT_EVENT,WATCH,WATCHLIST_CONFIRMED,63.0,NORMAL,5.08,NORMAL,False,,⚡ RESULT | SOUTHBANK (SOUTH INDIAN BANK LTD.) | Signal: RESULT_EVENT | Tier: WATCHLIST_CONFIRMED | 📌 EVENT TRADE ≠ multibagger position,2026-05-25 10:50
METROGLOBL,Metroglobal Ltd,2026-05-02,BSE_PIPELINE,RESULTS,RESULT,,5,SUPPRESSED,SUPPRESSED,AVOID,0.0,ILLIQUID,0.08,NORMAL,True,Stock tier=AVOID — event suppressed,⚡ RESULT | METROGLOBL (Metroglobal Ltd) | Tier: AVOID | ⚠️ ILLIQUID stock | 📌 EVENT TRADE ≠ multibagger position,2026-05-25 10:50
RENUKA,Shree Renuka Sugars Ltd,2026-05-02,BSE_PIPELINE,RESULTS,RESULT,,5,SUPPRESSED,SUPPRESSED,AVOID,0.0,NORMAL,1.06,NORMAL,True,Stock tier=AVOID — event suppressed,⚡ RESULT | RENUKA (Shree Renuka Sugars Ltd) | Tier: AVOID | 📌 EVENT TRADE ≠ multibagger position,2026-05-25 10:50
PUNJABCHEM,Punjab Chemicals & Crop Protection Ltd-$,2026-05-02,BSE_PIPELINE,RESULTS,RESULT,,5,SUPPRESSED,SUPPRESSED,AVOID,0.0,RESTRICTED,-0.16,NORMAL,True,Stock tier=AVOID — event suppressed,⚡ RESULT | PUNJABCHEM (Punjab Chemicals & Crop Protection Ltd-$) | Tier: AVOID | 📌 EVENT TRADE ≠ multibagger position,2026-05-25 10:50
NILASPACES,Nila Spaces Ltd,2026-05-02,BSE_PIPELINE,RESULTS,RESULT,,5,RESULT_EVENT,WATCH,WATCHLIST_CONFIRMED,70.0,NORMAL,-1.9,NORMAL,False,,⚡ RESULT | NILASPACES (Nila Spaces Ltd) | Signal: RESULT_EVENT | Tier: WATCHLIST_CONFIRMED | 📌 EVENT TRADE ≠ multibagger position,2026-05-25 10:50
CGPOWER,CG Power and Industrial Soluti,2026-05-06,BSE_LIVE_POLLER,RESULTS,RESULT,,5,RESULT_EVENT,WATCH,WATCHLIST_CONFIRMED,64.0,NORMAL,5.65,NORMAL,False,,⚡ RESULT | CGPOWER (CG Power and Industrial Soluti) | Signal: RESULT_EVENT | Tier: WATCHLIST_CONFIRMED | 📌 EVENT TRADE ≠ multibagger position,2026-05-25 10:50
FILATEX,Filatex India Ltd-$,2026-05-02,BSE_PIPELINE,RESULTS,RESULT,,5,RESULT_EVENT,WATCH,WATCHLIST_CONFIRMED,58.0,NORMAL,-0.8,NORMAL,False,,⚡ RESULT | FILATEX (Filatex India Ltd-$) | Signal: RESULT_EVENT | Tier: WATCHLIST_CONFIRMED | 📌 EVENT TRADE ≠ multibagger position,2026-05-25 10:50
BAJAJHCARE,Bajaj Healthcare Ltd,2026-05-02,BSE_PIPELINE,RESULTS,RESULT,,5,RESULT_EVENT,WATCH,WATCHLIST_EXTERNAL,36.0,NORMAL,5.89,NORMAL,False,,⚡ RESULT | BAJAJHCARE (Bajaj Healthcare Ltd) | Signal: RESULT_EVENT | Tier: WATCHLIST_EXTERNAL | 📌 EVENT TRADE ≠ multibagger position,2026-05-25 10:50
RAYMONDREL,Raymond Realty Ltd,2026-05-06,BSE_PIPELINE,RESULTS,RESULT,,5,RESULT_EVENT,WATCH,WATCHLIST_EXTERNAL,30.0,NORMAL,-3.82,NORMAL,False,,⚡ RESULT | RAYMONDREL (Raymond Realty Ltd) | Signal: RESULT_EVENT | Tier: WATCHLIST_EXTERNAL | 📌 EVENT TRADE ≠ multibagger position,2026-05-25 10:50
SOMANYCERA,SOMANY CERAMICS LTD.,2026-05-04,BSE_LIVE_POLLER,RESULTS,RESULT,,5,RESULT_EVENT,WATCH,WATCHLIST_CONFIRMED,57.0,NORMAL,5.42,NORMAL,False,,⚡ RESULT | SOMANYCERA (SOMANY CERAMICS LTD.) | Signal: RESULT_EVENT | Tier: WATCHLIST_CONFIRMED | 📌 EVENT TRADE ≠ multibagger position,2026-05-25 10:50
MAFATIND,Mafatlal Industries Ltd-$,2026-05-06,BSE_PIPELINE,RESULTS,RESULT,,5,SUPPRESSED,SUPPRESSED,AVOID,0.0,RESTRICTED,0.19,NORMAL,True,Stock tier=AVOID — event suppressed,⚡ RESULT | MAFATIND (Mafatlal Industries Ltd-$) | Tier: AVOID | 📌 EVENT TRADE ≠ multibagger position,2026-05-25 10:50
NETWEB,Netweb Technologies India Ltd,2026-05-04,BSE_PIPELINE,RESULTS,RESULT,,5,RESULT_EVENT,WATCH,WATCHLIST_CONFIRMED,74.0,NORMAL,2.8,NORMAL,False,,⚡ RESULT | NETWEB (Netweb Technologies India Ltd) | Signal: RESULT_EVENT | Tier: WATCHLIST_CONFIRMED | 📌 EVENT TRADE ≠ multibagger position,2026-05-25 10:50
AADHARHFC,Aadhar Housing Finance Ltd,2026-05-06,BSE_PIPELINE,RESULTS,RESULT,,5,RESULT_EVENT,WATCH,WATCHLIST_CONFIRMED,74.0,NORMAL,0.58,NORMAL,False,,⚡ RESULT | AADHARHFC (Aadhar Housing Finance Ltd) | Signal: RESULT_EVENT | Tier: WATCHLIST_CONFIRMED | 📌 EVENT TRADE ≠ multibagger position,2026-05-25 10:50
LGBBROSLTD,LG Balakrishnan & Bros Ltd,2026-05-04,BSE_PIPELINE,RESULTS,RESULT,,5,SUPPRESSED,SUPPRESSED,AVOID,0.0,NORMAL,-0.67,NORMAL,True,Stock tier=AVOID — event suppressed,⚡ RESULT | LGBBROSLTD (LG Balakrishnan & Bros Ltd) | Tier: AVOID | 📌 EVENT TRADE ≠ multibagger position,2026-05-25 10:50
SPANDANA,Spandana Sphoorty Financial Ltd,2026-05-06,BSE_PIPELINE,RESULTS,RESULT,,5,RESULT_EVENT,WATCH,WATCHLIST_EXTERNAL,60.0,NORMAL,0.39,NORMAL,False,,⚡ RESULT | SPANDANA (Spandana Sphoorty Financial Ltd) | Signal: RESULT_EVENT | Tier: WATCHLIST_EXTERNAL | 📌 EVENT TRADE ≠ multibagger position,2026-05-25 10:50
NITTAGELA,NITTA GELATIN INDIA LTD.,2026-05-04,BSE_LIVE_POLLER,RESULTS,RESULT,,5,SUPPRESSED,SUPPRESSED,AVOID,0.0,NORMAL,7.98,NORMAL,True,Stock tier=AVOID — event suppressed,⚡ RESULT | NITTAGELA (NITTA GELATIN INDIA LTD.) | Tier: AVOID | 📌 EVENT TRADE ≠ multibagger position,2026-05-25 10:50
SHANKARA,Shankara Building Products Ltd,2026-05-06,BSE_PIPELINE,RESULTS,RESULT,,5,RESULT_EVENT,WATCH,WATCHLIST_CONFIRMED,65.0,RESTRICTED,0.4,NORMAL,False,,⚡ RESULT | SHANKARA (Shankara Building Products Ltd) | Signal: RESULT_EVENT | Tier: WATCHLIST_CONFIRMED | 📌 EVENT TRADE ≠ multibagger position,2026-05-25 10:50
POONAWALLA,Poonawalla Fincorp Ltd,2026-05-06,BSE_PIPELINE,RESULTS,RESULT,,5,RESULT_EVENT,NEUTRAL,MONITOR,32.0,NORMAL,-1.17,NORMAL,False,,⚡ RESULT | POONAWALLA (Poonawalla Fincorp Ltd) | Signal: RESULT_EVENT | Tier: MONITOR | 📌 EVENT TRADE ≠ multibagger position,2026-05-25 10:50
LMW,LMW Limited,2026-05-04,BSE_LIVE_POLLER,RESULTS,RESULT,,5,SUPPRESSED,SUPPRESSED,AVOID,0.0,NORMAL,-3.16,NORMAL,True,Stock tier=AVOID — event suppressed,⚡ RESULT | LMW (LMW Limited) | Tier: AVOID | 📌 EVENT TRADE ≠ multibagger position,2026-05-25 10:50
TVSHLTD,TVS Holdings Ltd,2026-05-06,BSE_PIPELINE,RESULTS,RESULT,,5,SUPPRESSED,SUPPRESSED,AVOID,0.0,NORMAL,0.66,NORMAL,True,Stock tier=AVOID — event suppressed,⚡ RESULT | TVSHLTD (TVS Holdings Ltd) | Tier: AVOID | 📌 EVENT TRADE ≠ multibagger position,2026-05-25 10:50
SRF,SRF Ltd,2026-05-06,BSE_PIPELINE,RESULTS,RESULT,,5,SUPPRESSED,SUPPRESSED,AVOID,0.0,NORMAL,0.08,NORMAL,True,Stock tier=AVOID — event suppressed,⚡ RESULT | SRF (SRF Ltd) | Tier: AVOID | 📌 EVENT TRADE ≠ multibagger position,2026-05-25 10:50
VTL,VARDHMAN TEXTILES LTD.,2026-05-04,BSE_LIVE_POLLER,RESULTS,RESULT,,5,RESULT_EVENT,WATCH,WATCHLIST_CONFIRMED,66.0,NORMAL,-0.5,NORMAL,False,,⚡ RESULT | VTL (VARDHMAN TEXTILES LTD.) | Signal: RESULT_EVENT | Tier: WATCHLIST_CONFIRMED | 📌 EVENT TRADE ≠ multibagger position,2026-05-25 10:50
GHCL,GHCL Ltd,2026-05-06,BSE_PIPELINE,RESULTS,RESULT,,5,RESULT_EVENT,WATCH,WATCHLIST_CONFIRMED,53.0,NORMAL,-2.22,NORMAL,False,,⚡ RESULT | GHCL (GHCL Ltd) | Signal: RESULT_EVENT | Tier: WATCHLIST_CONFIRMED | 📌 EVENT TRADE ≠ multibagger position,2026-05-25 10:50
KRITI,Kriti Industries India Ltd-$,2026-05-06,BSE_PIPELINE,RESULTS,RESULT,,5,SUPPRESSED,SUPPRESSED,AVOID,0.0,RESTRICTED,2.42,NORMAL,True,Stock tier=AVOID — event suppressed,⚡ RESULT | KRITI (Kriti Industries India Ltd-$) | Tier: AVOID | 📌 EVENT TRADE ≠ multibagger position,2026-05-25 10:50
PREMCO,PREMCO GLOBAL LTD.,2026-05-05,BSE_LIVE_POLLER,RESULTS,RESULT,,5,SUPPRESSED,SUPPRESSED,AVOID,0.0,ILLIQUID,-0.94,NORMAL,True,Stock tier=AVOID — event suppressed,⚡ RESULT | PREMCO (PREMCO GLOBAL LTD.) | Tier: AVOID | ⚠️ ILLIQUID stock | 📌 EVENT TRADE ≠ multibagger position,2026-05-25 10:50
VENKEYS,Venkys (India) Ltd,2026-05-06,BSE_PIPELINE,RESULTS,RESULT,,5,SUPPRESSED,SUPPRESSED,AVOID,0.0,NORMAL,-1.13,NORMAL,True,Stock tier=AVOID — event suppressed,⚡ RESULT | VENKEYS (Venkys (India) Ltd) | Tier: AVOID | 📌 EVENT TRADE ≠ multibagger position,2026-05-25 10:50
ATHERENERG,Ather Energy Limited,2026-05-04,BSE_LIVE_POLLER,RESULTS,RESULT,,5,SUPPRESSED,SUPPRESSED,AVOID,0.0,NORMAL,-2.91,NORMAL,True,Stock tier=AVOID — event suppressed,⚡ RESULT | ATHERENERG (Ather Energy Limited) | Tier: AVOID | 📌 EVENT TRADE ≠ multibagger position,2026-05-25 10:50
TCS,Tata Consultancy Services Ltd,2026-05-06,BSE_PIPELINE,RESULTS,RESULT,,5,RESULT_EVENT,WATCH,WATCHLIST_CONFIRMED,56.0,NORMAL,-0.42,NORMAL,False,,⚡ RESULT | TCS (Tata Consultancy Services Ltd) | Signal: RESULT_EVENT | Tier: WATCHLIST_CONFIRMED | 📌 EVENT TRADE ≠ multibagger position,2026-05-25 10:50
MAFATIND,Mafatlal Industries Ltd-$,2026-05-06,BSE_PIPELINE,RESULTS,RESULT,,5,SUPPRESSED,SUPPRESSED,AVOID,0.0,RESTRICTED,0.19,NORMAL,True,Stock tier=AVOID — event suppressed,⚡ RESULT | MAFATIND (Mafatlal Industries Ltd-$) | Tier: AVOID | 📌 EVENT TRADE ≠ multibagger position,2026-05-25 10:50
AEROFLEX,Aeroflex Industries Ltd,2026-05-06,BSE_PIPELINE,RESULTS,ORDER_WIN,UNKNOWN,5,WATCH_SIGNAL,CONFIRMED,PRIME,80.0,NORMAL,5.57,NORMAL,False,,⚡ ORDER_WIN | AEROFLEX (Aeroflex Industries Ltd) | Signal: WATCH_SIGNAL | Tier: PRIME | 📌 EVENT TRADE ≠ multibagger position,2026-05-25 10:50
LMW,LMW Limited,2026-05-04,BSE_LIVE_POLLER,RESULTS,RESULT,,5,SUPPRESSED,SUPPRESSED,AVOID,0.0,NORMAL,-3.16,NORMAL,True,Stock tier=AVOID — event suppressed,⚡ RESULT | LMW (LMW Limited) | Tier: AVOID | 📌 EVENT TRADE ≠ multibagger position,2026-05-25 10:50
PRADPME,PRADEEP METALS LTD.,2026-04-30,BSE_LIVE_POLLER,ORDER_WIN,ORDER_WIN,UNKNOWN,4,SUPPRESSED,SUPPRESSED,AVOID,0.0,RESTRICTED,-0.57,NORMAL,True,Stock tier=AVOID — event suppressed,⚡ ORDER_WIN | PRADPME (PRADEEP METALS LTD.) | Tier: AVOID | 📌 EVENT TRADE ≠ multibagger position,2026-05-25 10:50
GOKULAGRO,Gokul Agro Resources Ltd,2026-04-30,BSE_LIVE_POLLER,ORDER_WIN,ORDER_WIN,UNKNOWN,4,WATCH_SIGNAL,WATCH,WATCHLIST_CONFIRMED,68.0,NORMAL,-6.55,NORMAL,False,,⚡ ORDER_WIN | GOKULAGRO (Gokul Agro Resources Ltd) | Signal: WATCH_SIGNAL | Tier: WATCHLIST_CONFIRMED | 📌 EVENT TRADE ≠ multibagger position,2026-05-25 10:50
ABBOTINDIA,ABBOTT INDIA LTD.,2026-04-30,BSE_LIVE_POLLER,ORDER_WIN,ORDER_WIN,UNKNOWN,4,SUPPRESSED,SUPPRESSED,AVOID,0.0,NORMAL,0.13,NORMAL,True,Stock tier=AVOID — event suppressed,⚡ ORDER_WIN | ABBOTINDIA (ABBOTT INDIA LTD.) | Tier: AVOID | 📌 EVENT TRADE ≠ multibagger position,2026-05-25 10:50
HONASA,Honasa Consumer Ltd,2026-05-22,BSE_PIPELINE,RESULTS,RESULT,,4,LIKELY_PRICED_IN,CONFIRMED,STRONG,69.0,NORMAL,8.42,PRICED_IN,False,,⚡ RESULT | HONASA (Honasa Consumer Ltd) | Signal: LIKELY_PRICED_IN | ⚠️ Likely priced in (+8.4% in 3d) | Tier: STRONG | 📌 EVENT TRADE ≠ multibagger position,2026-05-25 10:50
SARVESHWAR,Sarveshwar Foods Limited,2026-04-27,BSE_LIVE_POLLER,ORDER_WIN,ORDER_WIN,UNKNOWN,4,SUPPRESSED,SUPPRESSED,AVOID,0.0,RESTRICTED,-0.27,NORMAL,True,Stock tier=AVOID — event suppressed,⚡ ORDER_WIN | SARVESHWAR (Sarveshwar Foods Limited) | Tier: AVOID | 📌 EVENT TRADE ≠ multibagger position,2026-05-25 10:50
GOLDIAM,GOLDIAM INTERNATIONAL LTD.,2026-05-11,BSE_LIVE_POLLER,ORDER_WIN,ORDER_WIN,UNKNOWN,4,WATCH_SIGNAL,WATCH,WATCHLIST_CONFIRMED,55.0,NORMAL,3.04,NORMAL,False,,⚡ ORDER_WIN | GOLDIAM (GOLDIAM INTERNATIONAL LTD.) | Signal: WATCH_SIGNAL | Tier: WATCHLIST_CONFIRMED | 📌 EVENT TRADE ≠ multibagger position,2026-05-25 10:50
HONASA,Honasa Consumer Limited,2026-05-11,BSE_LIVE_POLLER,RESULTS,RESULT,,4,LIKELY_PRICED_IN,CONFIRMED,STRONG,69.0,NORMAL,8.42,PRICED_IN,False,,⚡ RESULT | HONASA (Honasa Consumer Limited) | Signal: LIKELY_PRICED_IN | ⚠️ Likely priced in (+8.4% in 3d) | Tier: STRONG | 📌 EVENT TRADE ≠ multibagger position,2026-05-25 10:50
ANUHPHR,ANUH PHARMA LTD.,2026-04-30,BSE_LIVE_POLLER,ORDER_WIN,ORDER_WIN,UNKNOWN,4,SUPPRESSED,SUPPRESSED,AVOID,0.0,RESTRICTED,-5.24,NORMAL,True,Stock tier=AVOID — event suppressed,⚡ ORDER_WIN | ANUHPHR (ANUH PHARMA LTD.) | Tier: AVOID | 📌 EVENT TRADE ≠ multibagger position,2026-05-25 10:50
LAXMIDENTL,Laxmi Dental Ltd,2026-05-22,BSE_PIPELINE,RESULTS,RESULT,,4,LIKELY_PRICED_IN,CONFIRMED,STRONG,70.0,NORMAL,22.05,PRICED_IN,False,,⚡ RESULT | LAXMIDENTL (Laxmi Dental Ltd) | Signal: LIKELY_PRICED_IN | ⚠️ Likely priced in (+22.1% in 3d) | Tier: STRONG | 📌 EVENT TRADE ≠ multibagger position,2026-05-25 10:50
LIKHITHA,Likhitha Infrastructure Limite,2026-05-06,BSE_LIVE_POLLER,ORDER_WIN,ORDER_WIN,UNKNOWN,4,SUPPRESSED,SUPPRESSED,AVOID,0.0,RESTRICTED,3.37,NORMAL,True,Stock tier=AVOID — event suppressed,⚡ ORDER_WIN | LIKHITHA (Likhitha Infrastructure Limite) | Tier: AVOID | 📌 EVENT TRADE ≠ multibagger position,2026-05-25 10:50
BEPL,Bhansali Engineering Polymers Ltd-$,2026-04-25,BSE_PIPELINE,RESULTS,ORDER_WIN,UNKNOWN,4,WATCH_SIGNAL,WATCH,WATCHLIST_CONFIRMED,52.0,NORMAL,0.07,NORMAL,False,,⚡ ORDER_WIN | BEPL (Bhansali Engineering Polymers Ltd-$) | Signal: WATCH_SIGNAL | Tier: WATCHLIST_CONFIRMED | 📌 EVENT TRADE ≠ multibagger position,2026-05-25 10:50
PANACEABIO,PANACEA BIOTEC LTD.,2026-04-30,BSE_LIVE_POLLER,ORDER_WIN,ORDER_WIN,UNKNOWN,4,SUPPRESSED,SUPPRESSED,AVOID,0.0,NORMAL,0.52,NORMAL,True,Stock tier=AVOID — event suppressed,⚡ ORDER_WIN | PANACEABIO (PANACEA BIOTEC LTD.) | Tier: AVOID | 📌 EVENT TRADE ≠ multibagger position,2026-05-25 10:50
BALKRISHNA,Balkrishna Paper Mills Ltd,2026-05-23,BSE_PIPELINE,RESULTS,ORDER_WIN,UNKNOWN,4,SUPPRESSED,SUPPRESSED,AVOID,0.0,ILLIQUID,-0.11,NORMAL,True,Stock tier=AVOID — event suppressed,⚡ ORDER_WIN | BALKRISHNA (Balkrishna Paper Mills Ltd) | Tier: AVOID | ⚠️ ILLIQUID stock | 📌 EVENT TRADE ≠ multibagger position,2026-05-25 10:50
LAXMIDENTL,Laxmi Dental Ltd,2026-05-22,BSE_PIPELINE,RESULTS,RESULT,,4,LIKELY_PRICED_IN,CONFIRMED,STRONG,70.0,NORMAL,22.05,PRICED_IN,False,,⚡ RESULT | LAXMIDENTL (Laxmi Dental Ltd) | Signal: LIKELY_PRICED_IN | ⚠️ Likely priced in (+22.1% in 3d) | Tier: STRONG | 📌 EVENT TRADE ≠ multibagger position,2026-05-25 10:50
SEPC,SEPC LIMITED,2026-05-06,BSE_LIVE_POLLER,ORDER_WIN,ORDER_WIN,UNKNOWN,4,SUPPRESSED,SUPPRESSED,AVOID,0.0,NORMAL,6.69,NORMAL,True,Stock tier=AVOID — event suppressed,⚡ ORDER_WIN | SEPC (SEPC LIMITED) | Tier: AVOID | 📌 EVENT TRADE ≠ multibagger position,2026-05-25 10:50
TVSHLTD,TVS Holdings Ltd,2026-04-25,BSE_PIPELINE,ORDER_WIN,ORDER_WIN,UNKNOWN,4,SUPPRESSED,SUPPRESSED,AVOID,0.0,NORMAL,0.66,NORMAL,True,Stock tier=AVOID — event suppressed,⚡ ORDER_WIN | TVSHLTD (TVS Holdings Ltd) | Tier: AVOID | 📌 EVENT TRADE ≠ multibagger position,2026-05-25 10:50
SHYAMTEL,SHYAM TELECOM LTD.,2026-04-27,BSE_LIVE_POLLER,ORDER_WIN,ORDER_WIN,UNKNOWN,4,SUPPRESSED,SUPPRESSED,AVOID,0.0,ILLIQUID,-5.83,NORMAL,True,Stock tier=AVOID — event suppressed,⚡ ORDER_WIN | SHYAMTEL (SHYAM TELECOM LTD.) | Tier: AVOID | ⚠️ ILLIQUID stock | 📌 EVENT TRADE ≠ multibagger position,2026-05-25 10:50
BBL,BHARAT BIJLEE LTD.,2026-04-27,BSE_LIVE_POLLER,ORDER_WIN,ORDER_WIN,UNKNOWN,4,WATCH_SIGNAL,WATCH,WATCHLIST_CONFIRMED,51.0,NORMAL,3.77,NORMAL,False,,⚡ ORDER_WIN | BBL (BHARAT BIJLEE LTD.) | Signal: WATCH_SIGNAL | Tier: WATCHLIST_CONFIRMED | 📌 EVENT TRADE ≠ multibagger position,2026-05-25 10:50
UGROCAP,UGRO CAPITAL LIMITED,2026-04-27,BSE_LIVE_POLLER,ORDER_WIN,ORDER_WIN,UNKNOWN,4,WATCH_SIGNAL,NEUTRAL,MONITOR,25.0,NORMAL,1.03,NORMAL,False,,⚡ ORDER_WIN | UGROCAP (UGRO CAPITAL LIMITED) | Signal: WATCH_SIGNAL | Tier: MONITOR | 📌 EVENT TRADE ≠ multibagger position,2026-05-25 10:50
WALCHANNAG,Walchandnagar Industries Ltd,2026-05-21,BSE_PIPELINE,RESULTS,ORDER_WIN,UNKNOWN,4,SUPPRESSED,SUPPRESSED,AVOID,0.0,NORMAL,-1.96,NORMAL,True,Stock tier=AVOID — event suppressed,⚡ ORDER_WIN | WALCHANNAG (Walchandnagar Industries Ltd) | Tier: AVOID | 📌 EVENT TRADE ≠ multibagger position,2026-05-25 10:50
MTNL,MAHANAGAR TELEPHONE NIGAM LTD.,2026-04-27,BSE_LIVE_POLLER,ORDER_WIN,ORDER_WIN,UNKNOWN,4,SUPPRESSED,SUPPRESSED,AVOID,0.0,NORMAL,0.76,NORMAL,True,Stock tier=AVOID — event suppressed,⚡ ORDER_WIN | MTNL (MAHANAGAR TELEPHONE NIGAM LTD.) | Tier: AVOID | 📌 EVENT TRADE ≠ multibagger position,2026-05-25 10:50
STOVEKRAFT,STOVE KRAFT LIMITED,2026-04-27,BSE_LIVE_POLLER,ORDER_WIN,ORDER_WIN,UNKNOWN,4,SUPPRESSED,SUPPRESSED,AVOID,0.0,NORMAL,3.09,NORMAL,True,Stock tier=AVOID — event suppressed,⚡ ORDER_WIN | STOVEKRAFT (STOVE KRAFT LIMITED) | Tier: AVOID | 📌 EVENT TRADE ≠ multibagger position,2026-05-25 10:50
CHOICEIN,CHOICE INTERNATIONAL LTD.,2026-04-27,BSE_LIVE_POLLER,ORDER_WIN,ORDER_WIN,UNKNOWN,4,WATCH_SIGNAL,WATCH,WATCHLIST_CONFIRMED,81.0,NORMAL,2.69,NORMAL,False,,⚡ ORDER_WIN | CHOICEIN (CHOICE INTERNATIONAL LTD.) | Signal: WATCH_SIGNAL | Tier: WATCHLIST_CONFIRMED | 📌 EVENT TRADE ≠ multibagger position,2026-05-25 10:50
TARIL,TRANSFORMERS AND RECTIFIERS (I,2026-04-27,BSE_LIVE_POLLER,ORDER_WIN,ORDER_WIN,UNKNOWN,4,WATCH_SIGNAL,WATCH,WATCHLIST_CONFIRMED,59.0,NORMAL,4.44,NORMAL,False,,⚡ ORDER_WIN | TARIL (TRANSFORMERS AND RECTIFIERS (I) | Signal: WATCH_SIGNAL | Tier: WATCHLIST_CONFIRMED | 📌 EVENT TRADE ≠ multibagger position,2026-05-25 10:50
ADVANCE,Advance Agrolife Limited,2026-04-27,BSE_LIVE_POLLER,ORDER_WIN,ORDER_WIN,UNKNOWN,4,WATCH_SIGNAL,WATCH,WATCHLIST_CONFIRMED,63.0,NORMAL,3.7,NORMAL,False,,⚡ ORDER_WIN | ADVANCE (Advance Agrolife Limited) | Signal: WATCH_SIGNAL | Tier: WATCHLIST_CONFIRMED | 📌 EVENT TRADE ≠ multibagger position,2026-05-25 10:50
FILATFASH,FILATEX FASHIONS LTD.,2026-05-11,BSE_LIVE_POLLER,ORDER_WIN,ORDER_WIN,UNKNOWN,4,SUPPRESSED,SUPPRESSED,AVOID,0.0,RESTRICTED,0.0,NORMAL,True,Stock tier=AVOID — event suppressed,⚡ ORDER_WIN | FILATFASH (FILATEX FASHIONS LTD.) | Tier: AVOID | 📌 EVENT TRADE ≠ multibagger position,2026-05-25 10:50
AURIONPRO,Aurionpro Solutions Ltd,2026-05-12,BSE_PIPELINE,RESULTS,RESULT,,4,LIKELY_PRICED_IN,CONFIRMED,STRONG,59.0,NORMAL,12.05,PRICED_IN,False,,⚡ RESULT | AURIONPRO (Aurionpro Solutions Ltd) | Signal: LIKELY_PRICED_IN | ⚠️ Likely priced in (+12.1% in 3d) | Tier: STRONG | 📌 EVENT TRADE ≠ multibagger position,2026-05-25 10:50
TPHQ,Teamo Productions HQ Limited,2026-04-30,BSE_LIVE_POLLER,ORDER_WIN,ORDER_WIN,UNKNOWN,4,SUPPRESSED,SUPPRESSED,AVOID,0.0,ILLIQUID,1.96,NORMAL,True,Stock tier=AVOID — event suppressed,⚡ ORDER_WIN | TPHQ (Teamo Productions HQ Limited) | Tier: AVOID | ⚠️ ILLIQUID stock | 📌 EVENT TRADE ≠ multibagger position,2026-05-25 10:50
CNL,CREATIVE NEWTECH LIMITED,2026-05-12,BSE_LIVE_POLLER,ORDER_WIN,ORDER_WIN,UNKNOWN,4,SUPPRESSED,SUPPRESSED,AVOID,0.0,RESTRICTED,3.15,NORMAL,True,Stock tier=AVOID — event suppressed,⚡ ORDER_WIN | CNL (CREATIVE NEWTECH LIMITED) | Tier: AVOID | 📌 EVENT TRADE ≠ multibagger position,2026-05-25 10:50
EMBDL,nan,2026-05-04,BSE_LIVE_POLLER,ORDER_WIN,ORDER_WIN,UNKNOWN,4,SUPPRESSED,SUPPRESSED,AVOID,0.0,NORMAL,-8.94,NORMAL,True,Stock tier=AVOID — event suppressed,⚡ ORDER_WIN | EMBDL (nan) | Tier: AVOID | 📌 EVENT TRADE ≠ multibagger position,2026-05-25 10:50
SUPRIYA,Supriya Lifescience Limited,2026-04-30,BSE_LIVE_POLLER,ORDER_WIN,ORDER_WIN,UNKNOWN,4,WATCH_SIGNAL,WATCH,WATCHLIST_CONFIRMED,51.0,NORMAL,7.42,NORMAL,False,,⚡ ORDER_WIN | SUPRIYA (Supriya Lifescience Limited) | Signal: WATCH_SIGNAL | Tier: WATCHLIST_CONFIRMED | 📌 EVENT TRADE ≠ multibagger position,2026-05-25 10:50
MOHITIND,MOHIT INDUSTRIES LTD.,2026-04-30,BSE_LIVE_POLLER,ORDER_WIN,ORDER_WIN,UNKNOWN,4,SUPPRESSED,SUPPRESSED,AVOID,0.0,ILLIQUID,-0.56,NORMAL,True,Stock tier=AVOID — event suppressed,⚡ ORDER_WIN | MOHITIND (MOHIT INDUSTRIES LTD.) | Tier: AVOID | ⚠️ ILLIQUID stock | 📌 EVENT TRADE ≠ multibagger position,2026-05-25 10:50
PPL,Prakash Pipes Limited,2026-04-30,BSE_LIVE_POLLER,ORDER_WIN,ORDER_WIN,UNKNOWN,4,WATCH_SIGNAL,WATCH,WATCHLIST_CONFIRMED,58.0,NORMAL,5.84,NORMAL,False,,⚡ ORDER_WIN | PPL (Prakash Pipes Limited) | Signal: WATCH_SIGNAL | Tier: WATCHLIST_CONFIRMED | 📌 EVENT TRADE ≠ multibagger position,2026-05-25 10:50
VINNY,VINNY OVERSEAS LIMITED,2026-04-30,BSE_LIVE_POLLER,ORDER_WIN,ORDER_WIN,UNKNOWN,4,SUPPRESSED,SUPPRESSED,AVOID,0.0,ILLIQUID,-1.75,NORMAL,True,Stock tier=AVOID — event suppressed,⚡ ORDER_WIN | VINNY (VINNY OVERSEAS LIMITED) | Tier: AVOID | ⚠️ ILLIQUID stock | 📌 EVENT TRADE ≠ multibagger position,2026-05-25 10:50
PIXTRANS,PIX TRANSMISSIONS LTD.,2026-05-12,BSE_LIVE_POLLER,ORDER_WIN,ORDER_WIN,UNKNOWN,4,SUPPRESSED,SUPPRESSED,AVOID,0.0,NORMAL,5.97,NORMAL,True,Stock tier=AVOID — event suppressed,⚡ ORDER_WIN | PIXTRANS (PIX TRANSMISSIONS LTD.) | Tier: AVOID | 📌 EVENT TRADE ≠ multibagger position,2026-05-25 10:50
PRAKASH,PRAKASH INDUSTRIES LTD.,2026-04-30,BSE_LIVE_POLLER,ORDER_WIN,ORDER_WIN,UNKNOWN,4,WATCH_SIGNAL,NEUTRAL,MONITOR,44.0,NORMAL,-2.3,NORMAL,False,,⚡ ORDER_WIN | PRAKASH (PRAKASH INDUSTRIES LTD.) | Signal: WATCH_SIGNAL | Tier: MONITOR | 📌 EVENT TRADE ≠ multibagger position,2026-05-25 10:50
BAJAJST,BAJAJ STEEL INDUSTRIES LTD.,2026-05-12,BSE_LIVE_POLLER,ORDER_WIN,ORDER_WIN,UNKNOWN,4,SUPPRESSED,SUPPRESSED,AVOID,0.0,RESTRICTED,-0.85,NORMAL,True,Stock tier=AVOID — event suppressed,⚡ ORDER_WIN | BAJAJST (BAJAJ STEEL INDUSTRIES LTD.) | Tier: AVOID | 📌 EVENT TRADE ≠ multibagger position,2026-05-25 10:50
RAJTV,RAJ TELEVISION NETWORK LTD.,2026-04-30,BSE_LIVE_POLLER,ORDER_WIN,ORDER_WIN,UNKNOWN,4,SUPPRESSED,SUPPRESSED,AVOID,0.0,ILLIQUID,-0.48,NORMAL,True,Stock tier=AVOID — event suppressed,⚡ ORDER_WIN | RAJTV (RAJ TELEVISION NETWORK LTD.) | Tier: AVOID | ⚠️ ILLIQUID stock | 📌 EVENT TRADE ≠ multibagger position,2026-05-25 10:50
SPANDANA,Spandana Sphoorty Financial Li,2026-04-30,BSE_LIVE_POLLER,ORDER_WIN,ORDER_WIN,UNKNOWN,4,WATCH_SIGNAL,WATCH,WATCHLIST_EXTERNAL,60.0,NORMAL,0.39,NORMAL,False,,⚡ ORDER_WIN | SPANDANA (Spandana Sphoorty Financial Li) | Signal: WATCH_SIGNAL | Tier: WATCHLIST_EXTERNAL | 📌 EVENT TRADE ≠ multibagger position,2026-05-25 10:50
VIDYAWIRES,VIDYA WIRES LIMITED,2026-04-30,BSE_LIVE_POLLER,ORDER_WIN,ORDER_WIN,UNKNOWN,4,WATCH_SIGNAL,WATCH,WATCHLIST_CONFIRMED,75.0,NORMAL,0.31,NORMAL,False,,⚡ ORDER_WIN | VIDYAWIRES (VIDYA WIRES LIMITED) | Signal: WATCH_SIGNAL | Tier: WATCHLIST_CONFIRMED | 📌 EVENT TRADE ≠ multibagger position,2026-05-25 10:50
3MINDIA,3M INDIA LTD.,2026-04-30,BSE_LIVE_POLLER,ORDER_WIN,ORDER_WIN,UNKNOWN,4,SUPPRESSED,SUPPRESSED,AVOID,0.0,NORMAL,4.73,NORMAL,True,Stock tier=AVOID — event suppressed,⚡ ORDER_WIN | 3MINDIA (3M INDIA LTD.) | Tier: AVOID | 📌 EVENT TRADE ≠ multibagger position,2026-05-25 10:50
ARKADE,ARKADE DEVELOPERS LIMITED,2026-04-30,BSE_LIVE_POLLER,ORDER_WIN,ORDER_WIN,UNKNOWN,4,WATCH_SIGNAL,WATCH,WATCHLIST_CONFIRMED,74.0,NORMAL,-0.88,NORMAL,False,,⚡ ORDER_WIN | ARKADE (ARKADE DEVELOPERS LIMITED) | Signal: WATCH_SIGNAL | Tier: WATCHLIST_CONFIRMED | 📌 EVENT TRADE ≠ multibagger position,2026-05-25 10:50
EUROPRATIK,EURO PRATIK SALES LIMITED,2026-04-30,BSE_LIVE_POLLER,ORDER_WIN,ORDER_WIN,UNKNOWN,4,WATCH_SIGNAL,WATCH,WATCHLIST_CONFIRMED,55.0,NORMAL,-0.15,NORMAL,False,,⚡ ORDER_WIN | EUROPRATIK (EURO PRATIK SALES LIMITED) | Signal: WATCH_SIGNAL | Tier: WATCHLIST_CONFIRMED | 📌 EVENT TRADE ≠ multibagger position,2026-05-25 10:50
ACI,Archean Chemical Industries Li,2026-05-12,BSE_LIVE_POLLER,ORDER_WIN,ORDER_WIN,UNKNOWN,4,SUPPRESSED,SUPPRESSED,AVOID,0.0,NORMAL,-0.72,NORMAL,True,Stock tier=AVOID — event suppressed,⚡ ORDER_WIN | ACI (Archean Chemical Industries Li) | Tier: AVOID | 📌 EVENT TRADE ≠ multibagger position,2026-05-25 10:50
NILKAMAL,NILKAMAL LTD.,2026-04-30,BSE_LIVE_POLLER,ORDER_WIN,ORDER_WIN,UNKNOWN,4,SUPPRESSED,SUPPRESSED,AVOID,0.0,NORMAL,-1.86,NORMAL,True,Stock tier=AVOID — event suppressed,⚡ ORDER_WIN | NILKAMAL (NILKAMAL LTD.) | Tier: AVOID | 📌 EVENT TRADE ≠ multibagger position,2026-05-25 10:50
VINATIORGA,VINATI ORGANICS LTD.,2026-04-30,BSE_LIVE_POLLER,ORDER_WIN,ORDER_WIN,UNKNOWN,4,WATCH_SIGNAL,WATCH,WATCHLIST_CONFIRMED,58.0,NORMAL,-0.82,NORMAL,False,,⚡ ORDER_WIN | VINATIORGA (VINATI ORGANICS LTD.) | Signal: WATCH_SIGNAL | Tier: WATCHLIST_CONFIRMED | 📌 EVENT TRADE ≠ multibagger position,2026-05-25 10:50
SHILCTECH,SHILCHAR TECHNOLOGIES LTD.,2026-04-30,BSE_LIVE_POLLER,ORDER_WIN,ORDER_WIN,UNKNOWN,4,WATCH_SIGNAL,WATCH,WATCHLIST_CONFIRMED,58.0,NORMAL,0.69,NORMAL,False,,⚡ ORDER_WIN | SHILCTECH (SHILCHAR TECHNOLOGIES LTD.) | Signal: WATCH_SIGNAL | Tier: WATCHLIST_CONFIRMED | 📌 EVENT TRADE ≠ multibagger position,2026-05-25 10:50
SHILCTECH,SHILCHAR TECHNOLOGIES LTD.,2026-04-30,BSE_LIVE_POLLER,ORDER_WIN,ORDER_WIN,UNKNOWN,4,WATCH_SIGNAL,WATCH,WATCHLIST_CONFIRMED,58.0,NORMAL,0.69,NORMAL,False,,⚡ ORDER_WIN | SHILCTECH (SHILCHAR TECHNOLOGIES LTD.) | Signal: WATCH_SIGNAL | Tier: WATCHLIST_CONFIRMED | 📌 EVENT TRADE ≠ multibagger position,2026-05-25 10:50
MANOMAY,Manomay Tex India Limited,2026-04-30,BSE_LIVE_POLLER,ORDER_WIN,ORDER_WIN,UNKNOWN,4,WATCH_SIGNAL,WATCH,WATCHLIST_EXTERNAL,56.0,NORMAL,2.91,NORMAL,False,,⚡ ORDER_WIN | MANOMAY (Manomay Tex India Limited) | Signal: WATCH_SIGNAL | Tier: WATCHLIST_EXTERNAL | 📌 EVENT TRADE ≠ multibagger position,2026-05-25 10:50
HERITGFOOD,HERITAGE FOODS LIMITED,2026-05-12,BSE_LIVE_POLLER,ORDER_WIN,ORDER_WIN,UNKNOWN,4,WATCH_SIGNAL,WATCH,WATCHLIST_CONFIRMED,74.0,NORMAL,-0.21,NORMAL,False,,⚡ ORDER_WIN | HERITGFOOD (HERITAGE FOODS LIMITED) | Signal: WATCH_SIGNAL | Tier: WATCHLIST_CONFIRMED | 📌 EVENT TRADE ≠ multibagger position,2026-05-25 10:50
GUJAPOLLO,GUJARAT APOLLO INDUSTRIES LTD.,2026-04-30,BSE_LIVE_POLLER,ORDER_WIN,ORDER_WIN,UNKNOWN,4,SUPPRESSED,SUPPRESSED,AVOID,0.0,RESTRICTED,0.93,NORMAL,True,Stock tier=AVOID — event suppressed,⚡ ORDER_WIN | GUJAPOLLO (GUJARAT APOLLO INDUSTRIES LTD.) | Tier: AVOID | 📌 EVENT TRADE ≠ multibagger position,2026-05-25 10:50
SMARTWORKS,SMARTWORKS COWORKING SPACES LI,2026-04-30,BSE_LIVE_POLLER,RESULTS,ORDER_WIN,UNKNOWN,4,SUPPRESSED,SUPPRESSED,AVOID,0.0,NORMAL,5.04,NORMAL,True,Stock tier=AVOID — event suppressed,⚡ ORDER_WIN | SMARTWORKS (SMARTWORKS COWORKING SPACES LI) | Tier: AVOID | 📌 EVENT TRADE ≠ multibagger position,2026-05-25 10:50
SADBHIN,Sadbhav Infrastructure Project,2026-04-30,BSE_LIVE_POLLER,ORDER_WIN,ORDER_WIN,UNKNOWN,4,SUPPRESSED,SUPPRESSED,AVOID,0.0,ILLIQUID,-5.67,NORMAL,True,Stock tier=AVOID — event suppressed,⚡ ORDER_WIN | SADBHIN (Sadbhav Infrastructure Project) | Tier: AVOID | ⚠️ ILLIQUID stock | 📌 EVENT TRADE ≠ multibagger position,2026-05-25 10:50
VIDYAWIRES,VIDYA WIRES LIMITED,2026-04-30,BSE_LIVE_POLLER,ORDER_WIN,ORDER_WIN,UNKNOWN,4,WATCH_SIGNAL,WATCH,WATCHLIST_CONFIRMED,75.0,NORMAL,0.31,NORMAL,False,,⚡ ORDER_WIN | VIDYAWIRES (VIDYA WIRES LIMITED) | Signal: WATCH_SIGNAL | Tier: WATCHLIST_CONFIRMED | 📌 EVENT TRADE ≠ multibagger position,2026-05-25 10:50
ROSSTECH,Rossell Techsys Limited,2026-04-30,BSE_LIVE_POLLER,ORDER_WIN,ORDER_WIN,UNKNOWN,4,WATCH_SIGNAL,WATCH,WATCHLIST_EXTERNAL,38.0,NORMAL,2.45,NORMAL,False,,⚡ ORDER_WIN | ROSSTECH (Rossell Techsys Limited) | Signal: WATCH_SIGNAL | Tier: WATCHLIST_EXTERNAL | 📌 EVENT TRADE ≠ multibagger position,2026-05-25 10:50
MMFL,M.M.FORGINGS LTD.,2026-04-30,BSE_LIVE_POLLER,ORDER_WIN,ORDER_WIN,UNKNOWN,4,SUPPRESSED,WATCH,WATCHLIST_CONFIRMED,41.0,ILLIQUID,0.0,NO_DATA,True,ILLIQUID — Event Pulse suppressed,⚡ ORDER_WIN | MMFL (M.M.FORGINGS LTD.) | Tier: WATCHLIST_CONFIRMED | ⚠️ ILLIQUID stock | 📌 EVENT TRADE ≠ multibagger position,2026-05-25 10:50
PRIMESECU,PRIME SECURITIES LTD.,2026-04-30,BSE_LIVE_POLLER,ORDER_WIN,ORDER_WIN,UNKNOWN,4,SUPPRESSED,SUPPRESSED,AVOID,0.0,NORMAL,0.52,NORMAL,True,Stock tier=AVOID — event suppressed,⚡ ORDER_WIN | PRIMESECU (PRIME SECURITIES LTD.) | Tier: AVOID | 📌 EVENT TRADE ≠ multibagger position,2026-05-25 10:50
MARSONS,MARSONS LIMITED,2026-04-30,BSE_LIVE_POLLER,ORDER_WIN,ORDER_WIN,UNKNOWN,4,WATCH_SIGNAL,WATCH,WATCHLIST_EXTERNAL,41.0,NORMAL,3.98,NORMAL,False,,⚡ ORDER_WIN | MARSONS (MARSONS LIMITED) | Signal: WATCH_SIGNAL | Tier: WATCHLIST_EXTERNAL | 📌 EVENT TRADE ≠ multibagger position,2026-05-25 10:50
ABCAPITAL,Aditya Birla Capital Ltd,2026-04-30,BSE_LIVE_POLLER,ORDER_WIN,ORDER_WIN,UNKNOWN,4,WATCH_SIGNAL,NEUTRAL,MONITOR,34.0,NORMAL,1.74,NORMAL,False,,⚡ ORDER_WIN | ABCAPITAL (Aditya Birla Capital Ltd) | Signal: WATCH_SIGNAL | Tier: MONITOR | 📌 EVENT TRADE ≠ multibagger position,2026-05-25 10:50
AURIONPRO,AURIONPRO SOLUTIONS LTD.,2026-05-12,BSE_LIVE_POLLER,RESULTS,RESULT,,4,LIKELY_PRICED_IN,CONFIRMED,STRONG,59.0,NORMAL,12.05,PRICED_IN,False,,⚡ RESULT | AURIONPRO (AURIONPRO SOLUTIONS LTD.) | Signal: LIKELY_PRICED_IN | ⚠️ Likely priced in (+12.1% in 3d) | Tier: STRONG | 📌 EVENT TRADE ≠ multibagger position,2026-05-25 10:50
TALBROAUTO,Talbros Automotive Components Ltd,2026-05-21,BSE_PIPELINE,RESULTS,RESULT,,4,LIKELY_PRICED_IN,CONFIRMED,STRONG,76.0,NORMAL,8.64,PRICED_IN,False,,⚡ RESULT | TALBROAUTO (Talbros Automotive Components Ltd) | Signal: LIKELY_PRICED_IN | ⚠️ Likely priced in (+8.6% in 3d) | Tier: STRONG | 📌 EVENT TRADE ≠ multibagger position,2026-05-25 10:50
MORARJEE,MORARJEE TEXTILES LTD.,2026-05-12,BSE_LIVE_POLLER,ORDER_WIN,ORDER_WIN,UNKNOWN,4,SUPPRESSED,SUPPRESSED,AVOID,0.0,ILLIQUID,3.04,NORMAL,True,Stock tier=AVOID — event suppressed,⚡ ORDER_WIN | MORARJEE (MORARJEE TEXTILES LTD.) | Tier: AVOID | ⚠️ ILLIQUID stock | 📌 EVENT TRADE ≠ multibagger position,2026-05-25 10:50
MOTISONS,Motisons Jewellers Limited,2026-04-30,BSE_LIVE_POLLER,ORDER_WIN,ORDER_WIN,UNKNOWN,4,WATCH_SIGNAL,WATCH,WATCHLIST_CONFIRMED,59.0,NORMAL,1.71,NORMAL,False,,⚡ ORDER_WIN | MOTISONS (Motisons Jewellers Limited) | Signal: WATCH_SIGNAL | Tier: WATCHLIST_CONFIRMED | 📌 EVENT TRADE ≠ multibagger position,2026-05-25 10:50
DIACABS,DIAMOND POWER INFRASTRUCTURE L,2026-04-30,BSE_LIVE_POLLER,ORDER_WIN,ORDER_WIN,UNKNOWN,4,SUPPRESSED,SUPPRESSED,AVOID,0.0,NORMAL,1.72,NORMAL,True,Stock tier=AVOID — event suppressed,⚡ ORDER_WIN | DIACABS (DIAMOND POWER INFRASTRUCTURE L) | Tier: AVOID | 📌 EVENT TRADE ≠ multibagger position,2026-05-25 10:50
ALKYLAMINE,ALKYL AMINES CHEMICALS LTD.,2026-04-30,BSE_LIVE_POLLER,ORDER_WIN,ORDER_WIN,UNKNOWN,4,WATCH_SIGNAL,WATCH,WATCHLIST_EXTERNAL,49.0,NORMAL,-2.63,NORMAL,False,,⚡ ORDER_WIN | ALKYLAMINE (ALKYL AMINES CHEMICALS LTD.) | Signal: WATCH_SIGNAL | Tier: WATCHLIST_EXTERNAL | 📌 EVENT TRADE ≠ multibagger position,2026-05-25 10:50
RETAIL,JHS SVENDGAARD RETAIL VENTURES,2026-04-30,BSE_LIVE_POLLER,ORDER_WIN,ORDER_WIN,UNKNOWN,4,SUPPRESSED,SUPPRESSED,AVOID,0.0,ILLIQUID,-1.28,NORMAL,True,Stock tier=AVOID — event suppressed,⚡ ORDER_WIN | RETAIL (JHS SVENDGAARD RETAIL VENTURES) | Tier: AVOID | ⚠️ ILLIQUID stock | 📌 EVENT TRADE ≠ multibagger position,2026-05-25 10:50
JSWDULUX,JSW Dulux Limited,2026-05-12,BSE_LIVE_POLLER,ORDER_WIN,ORDER_WIN,UNKNOWN,4,SUPPRESSED,SUPPRESSED,AVOID,0.0,NORMAL,-1.1,NORMAL,True,Stock tier=AVOID — event suppressed,⚡ ORDER_WIN | JSWDULUX (JSW Dulux Limited) | Tier: AVOID | 📌 EVENT TRADE ≠ multibagger position,2026-05-25 10:50
NRAIL,N.R.AGARWAL INDUSTRIES LTD.,2026-04-30,BSE_LIVE_POLLER,ORDER_WIN,ORDER_WIN,UNKNOWN,4,SUPPRESSED,SUPPRESSED,AVOID,0.0,RESTRICTED,-1.62,NORMAL,True,Stock tier=AVOID — event suppressed,⚡ ORDER_WIN | NRAIL (N.R.AGARWAL INDUSTRIES LTD.) | Tier: AVOID | 📌 EVENT TRADE ≠ multibagger position,2026-05-25 10:50
FRONTSP,FRONTIER SPRINGS LTD.,2026-04-30,BSE_LIVE_POLLER,ORDER_WIN,ORDER_WIN,UNKNOWN,4,SUPPRESSED,SUPPRESSED,AVOID,0.0,NORMAL,-1.46,NORMAL,True,Stock tier=AVOID — event suppressed,⚡ ORDER_WIN | FRONTSP (FRONTIER SPRINGS LTD.) | Tier: AVOID | 📌 EVENT TRADE ≠ multibagger position,2026-05-25 10:50
AFIL,Akme Fintrade (India) Limited,2026-04-30,BSE_LIVE_POLLER,ORDER_WIN,ORDER_WIN,UNKNOWN,4,WATCH_SIGNAL,WATCH,WATCHLIST_EXTERNAL,65.0,NORMAL,4.08,NORMAL,False,,⚡ ORDER_WIN | AFIL (Akme Fintrade (India) Limited) | Signal: WATCH_SIGNAL | Tier: WATCHLIST_EXTERNAL | 📌 EVENT TRADE ≠ multibagger position,2026-05-25 10:50
GVT&D,GE Vernova T&D India Ltd,2026-05-02,BSE_PIPELINE,RESULTS,RESULT,,3,LIKELY_PRICED_IN,WATCH,WATCHLIST_CONFIRMED,54.0,NORMAL,10.59,PRICED_IN,False,,⚡ RESULT | GVT&D (GE Vernova T&D India Ltd) | Signal: LIKELY_PRICED_IN | ⚠️ Likely priced in (+10.6% in 3d) | Tier: WATCHLIST_CONFIRMED | 📌 EVENT TRADE ≠ multibagger position,2026-05-25 10:50
SHREERAMA,Shree Rama Multi-Tech Ltd,2026-05-09,BSE_PIPELINE,RESULTS,RESULT,,3,LIKELY_PRICED_IN,WATCH,WATCHLIST_CONFIRMED,49.0,RESTRICTED,9.83,PRICED_IN,False,,⚡ RESULT | SHREERAMA (Shree Rama Multi-Tech Ltd) | Signal: LIKELY_PRICED_IN | ⚠️ Likely priced in (+9.8% in 3d) | Tier: WATCHLIST_CONFIRMED | 📌 EVENT TRADE ≠ multibagger position,2026-05-25 10:50
SPORTKING,Sportking India Ltd,2026-05-17,BSE_PIPELINE,RESULTS,RESULT,,3,LIKELY_PRICED_IN,WATCH,WATCHLIST_CONFIRMED,65.0,NORMAL,15.94,PRICED_IN,False,,⚡ RESULT | SPORTKING (Sportking India Ltd) | Signal: LIKELY_PRICED_IN | ⚠️ Likely priced in (+15.9% in 3d) | Tier: WATCHLIST_CONFIRMED | 📌 EVENT TRADE ≠ multibagger position,2026-05-25 10:50
NOVARTIND,NOVARTIS INDIA LTD.,2026-05-12,BSE_LIVE_POLLER,RESULTS,RESULT,,3,SUPPRESSED,SUPPRESSED,AVOID,0.0,NORMAL,12.85,PRICED_IN,True,Stock tier=AVOID — event suppressed,⚡ RESULT | NOVARTIND (NOVARTIS INDIA LTD.) | ⚠️ Likely priced in (+12.8% in 3d) | Tier: AVOID | 📌 EVENT TRADE ≠ multibagger position,2026-05-25 10:50
JARO,Jaro Institute of Technology M,2026-05-12,BSE_LIVE_POLLER,RESULTS,RESULT,,3,LIKELY_PRICED_IN,WATCH,WATCHLIST_CONFIRMED,54.0,NORMAL,13.75,PRICED_IN,False,,⚡ RESULT | JARO (Jaro Institute of Technology M) | Signal: LIKELY_PRICED_IN | ⚠️ Likely priced in (+13.8% in 3d) | Tier: WATCHLIST_CONFIRMED | 📌 EVENT TRADE ≠ multibagger position,2026-05-25 10:50
POLYPLEX,Polyplex Corporation Ltd,2026-05-25,BSE_PIPELINE,RESULTS,RESULT,,3,SUPPRESSED,SUPPRESSED,AVOID,0.0,NORMAL,8.49,PRICED_IN,True,Stock tier=AVOID — event suppressed,⚡ RESULT | POLYPLEX (Polyplex Corporation Ltd) | ⚠️ Likely priced in (+8.5% in 3d) | Tier: AVOID | 📌 EVENT TRADE ≠ multibagger position,2026-05-25 10:50
KDDL,KDDL LTD.,2026-05-12,BSE_LIVE_POLLER,RESULTS,RESULT,,3,LIKELY_PRICED_IN,WATCH,WATCHLIST_CONFIRMED,64.0,NORMAL,28.74,PRICED_IN,False,,⚡ RESULT | KDDL (KDDL LTD.) | Signal: LIKELY_PRICED_IN | ⚠️ Likely priced in (+28.7% in 3d) | Tier: WATCHLIST_CONFIRMED | 📌 EVENT TRADE ≠ multibagger position,2026-05-25 10:50
SHEMAROO,Shemaroo Entertainment Ltd,2026-05-17,BSE_PIPELINE,RESULTS,RESULT,,3,SUPPRESSED,SUPPRESSED,AVOID,0.0,ILLIQUID,9.16,PRICED_IN,True,Stock tier=AVOID — event suppressed,⚡ RESULT | SHEMAROO (Shemaroo Entertainment Ltd) | ⚠️ Likely priced in (+9.2% in 3d) | Tier: AVOID | ⚠️ ILLIQUID stock | 📌 EVENT TRADE ≠ multibagger position,2026-05-25 10:50
SPORTKING,Sportking India Ltd,2026-05-17,BSE_PIPELINE,RESULTS,RESULT,,3,LIKELY_PRICED_IN,WATCH,WATCHLIST_CONFIRMED,65.0,NORMAL,15.94,PRICED_IN,False,,⚡ RESULT | SPORTKING (Sportking India Ltd) | Signal: LIKELY_PRICED_IN | ⚠️ Likely priced in (+15.9% in 3d) | Tier: WATCHLIST_CONFIRMED | 📌 EVENT TRADE ≠ multibagger position,2026-05-25 10:50
SPARC,Sun Pharma Advanced Research Company Ltd,2026-05-19,BSE_PIPELINE,RESULTS,RESULT,,3,SUPPRESSED,SUPPRESSED,AVOID,0.0,NORMAL,16.69,PRICED_IN,True,Stock tier=AVOID — event suppressed,⚡ RESULT | SPARC (Sun Pharma Advanced Research Company Ltd) | ⚠️ Likely priced in (+16.7% in 3d) | Tier: AVOID | 📌 EVENT TRADE ≠ multibagger position,2026-05-25 10:50
POLYPLEX,Polyplex Corporation Ltd,2026-05-25,BSE_PIPELINE,RESULTS,RESULT,,3,SUPPRESSED,SUPPRESSED,AVOID,0.0,NORMAL,8.49,PRICED_IN,True,Stock tier=AVOID — event suppressed,⚡ RESULT | POLYPLEX (Polyplex Corporation Ltd) | ⚠️ Likely priced in (+8.5% in 3d) | Tier: AVOID | 📌 EVENT TRADE ≠ multibagger position,2026-05-25 10:50
IBULLSLTD,Indiabulls Ltd,2026-04-26,BSE_PIPELINE,RESULTS,RESULT,,3,SUPPRESSED,SUPPRESSED,AVOID,0.0,NORMAL,8.6,PRICED_IN,True,Stock tier=AVOID — event suppressed,⚡ RESULT | IBULLSLTD (Indiabulls Ltd) | ⚠️ Likely priced in (+8.6% in 3d) | Tier: AVOID | 📌 EVENT TRADE ≠ multibagger position,2026-05-25 10:50
GRPLTD,GRP Ltd,2026-05-12,BSE_PIPELINE,RESULTS,RESULT,,3,SUPPRESSED,SUPPRESSED,AVOID,0.0,RESTRICTED,11.98,PRICED_IN,True,Stock tier=AVOID — event suppressed,⚡ RESULT | GRPLTD (GRP Ltd) | ⚠️ Likely priced in (+12.0% in 3d) | Tier: AVOID | 📌 EVENT TRADE ≠ multibagger position,2026-05-25 10:50
OMAXAUTO,Omax Autos Ltd,2026-05-04,BSE_PIPELINE,RESULTS,RESULT,,3,LIKELY_PRICED_IN,WATCH,WATCHLIST_CONFIRMED,57.0,NORMAL,8.04,PRICED_IN,False,,⚡ RESULT | OMAXAUTO (Omax Autos Ltd) | Signal: LIKELY_PRICED_IN | ⚠️ Likely priced in (+8.0% in 3d) | Tier: WATCHLIST_CONFIRMED | 📌 EVENT TRADE ≠ multibagger position,2026-05-25 10:50
TAKE,Take Solutions Ltd,2026-05-21,BSE_PIPELINE,RESULTS,RESULT,,3,SUPPRESSED,SUPPRESSED,AVOID,0.0,RESTRICTED,14.38,PRICED_IN,True,Stock tier=AVOID — event suppressed,⚡ RESULT | TAKE (Take Solutions Ltd) | ⚠️ Likely priced in (+14.4% in 3d) | Tier: AVOID | 📌 EVENT TRADE ≠ multibagger position,2026-05-25 10:50
NOVARTIND,NOVARTIS INDIA LTD.,2026-05-12,BSE_LIVE_POLLER,RESULTS,RESULT,,3,SUPPRESSED,SUPPRESSED,AVOID,0.0,NORMAL,12.85,PRICED_IN,True,Stock tier=AVOID — event suppressed,⚡ RESULT | NOVARTIND (NOVARTIS INDIA LTD.) | ⚠️ Likely priced in (+12.8% in 3d) | Tier: AVOID | 📌 EVENT TRADE ≠ multibagger position,2026-05-25 10:50
MUFTI,Credo Brands Marketing Ltd,2026-05-22,BSE_PIPELINE,RESULTS,RESULT,,3,LIKELY_PRICED_IN,WATCH,WATCHLIST_CONFIRMED,63.0,NORMAL,14.54,PRICED_IN,False,,⚡ RESULT | MUFTI (Credo Brands Marketing Ltd) | Signal: LIKELY_PRICED_IN | ⚠️ Likely priced in (+14.5% in 3d) | Tier: WATCHLIST_CONFIRMED | 📌 EVENT TRADE ≠ multibagger position,2026-05-25 10:50
PREMIERPOL,Premier Polyfilm Ltd,2026-05-11,BSE_PIPELINE,RESULTS,RESULT,,3,SUPPRESSED,SUPPRESSED,AVOID,0.0,RESTRICTED,8.47,PRICED_IN,True,Stock tier=AVOID — event suppressed,⚡ RESULT | PREMIERPOL (Premier Polyfilm Ltd) | ⚠️ Likely priced in (+8.5% in 3d) | Tier: AVOID | 📌 EVENT TRADE ≠ multibagger position,2026-05-25 10:50
SUDARCOLOR,Sudarshan Colorants India Ltd,2026-05-12,BSE_PIPELINE,RESULTS,RESULT,,3,SUPPRESSED,SUPPRESSED,AVOID,0.0,RESTRICTED,8.7,PRICED_IN,True,Stock tier=AVOID — event suppressed,⚡ RESULT | SUDARCOLOR (Sudarshan Colorants India Ltd) | ⚠️ Likely priced in (+8.7% in 3d) | Tier: AVOID | 📌 EVENT TRADE ≠ multibagger position,2026-05-25 10:50
IVP,IVP Ltd,2026-05-22,BSE_PIPELINE,RESULTS,RESULT,,3,SUPPRESSED,SUPPRESSED,AVOID,0.0,RESTRICTED,12.98,PRICED_IN,True,Stock tier=AVOID — event suppressed,⚡ RESULT | IVP (IVP Ltd) | ⚠️ Likely priced in (+13.0% in 3d) | Tier: AVOID | 📌 EVENT TRADE ≠ multibagger position,2026-05-25 10:50
JAYBARMARU,Jay Bharat Maruti Ltd,2026-05-20,BSE_PIPELINE,RESULTS,RESULT,,3,LIKELY_PRICED_IN,WATCH,WATCHLIST_CONFIRMED,39.0,NORMAL,38.69,PRICED_IN,False,,⚡ RESULT | JAYBARMARU (Jay Bharat Maruti Ltd) | Signal: LIKELY_PRICED_IN | ⚠️ Likely priced in (+38.7% in 3d) | Tier: WATCHLIST_CONFIRMED | 📌 EVENT TRADE ≠ multibagger position,2026-05-25 10:50
KRITINUT,Kriti Nutrients Ltd,2026-04-30,BSE_PIPELINE,RESULTS,RESULT,,3,SUPPRESSED,SUPPRESSED,AVOID,0.0,ILLIQUID,12.73,PRICED_IN,True,Stock tier=AVOID — event suppressed,⚡ RESULT | KRITINUT (Kriti Nutrients Ltd) | ⚠️ Likely priced in (+12.7% in 3d) | Tier: AVOID | ⚠️ ILLIQUID stock | 📌 EVENT TRADE ≠ multibagger position,2026-05-25 10:50
OMAXAUTO,Omax Autos Ltd,2026-05-04,BSE_PIPELINE,RESULTS,RESULT,,3,LIKELY_PRICED_IN,WATCH,WATCHLIST_CONFIRMED,57.0,NORMAL,8.04,PRICED_IN,False,,⚡ RESULT | OMAXAUTO (Omax Autos Ltd) | Signal: LIKELY_PRICED_IN | ⚠️ Likely priced in (+8.0% in 3d) | Tier: WATCHLIST_CONFIRMED | 📌 EVENT TRADE ≠ multibagger position,2026-05-25 10:50
ASIANENE,Asian Energy Services Ltd,2026-05-20,BSE_PIPELINE,RESULTS,RESULT,,3,LIKELY_PRICED_IN,WATCH,WATCHLIST_CONFIRMED,73.0,NORMAL,15.67,PRICED_IN,False,,⚡ RESULT | ASIANENE (Asian Energy Services Ltd) | Signal: LIKELY_PRICED_IN | ⚠️ Likely priced in (+15.7% in 3d) | Tier: WATCHLIST_CONFIRMED | 📌 EVENT TRADE ≠ multibagger position,2026-05-25 10:50
MUKTAARTS,Mukta Arts Ltd,2026-05-23,BSE_PIPELINE,RESULTS,RESULT,,3,SUPPRESSED,SUPPRESSED,AVOID,0.0,ILLIQUID,19.54,PRICED_IN,True,Stock tier=AVOID — event suppressed,⚡ RESULT | MUKTAARTS (Mukta Arts Ltd) | ⚠️ Likely priced in (+19.5% in 3d) | Tier: AVOID | ⚠️ ILLIQUID stock | 📌 EVENT TRADE ≠ multibagger position,2026-05-25 10:50
SPECIALITY,Speciality Restaurants Ltd,2026-05-20,BSE_PIPELINE,RESULTS,RESULT,,3,SUPPRESSED,SUPPRESSED,AVOID,0.0,RESTRICTED,8.08,PRICED_IN,True,Stock tier=AVOID — event suppressed,⚡ RESULT | SPECIALITY (Speciality Restaurants Ltd) | ⚠️ Likely priced in (+8.1% in 3d) | Tier: AVOID | 📌 EVENT TRADE ≠ multibagger position,2026-05-25 10:50
NGLFINE,NGL Fine Chem Ltd,2026-05-22,BSE_PIPELINE,RESULTS,RESULT,,3,SUPPRESSED,SUPPRESSED,AVOID,0.0,NORMAL,20.17,PRICED_IN,True,Stock tier=AVOID — event suppressed,⚡ RESULT | NGLFINE (NGL Fine Chem Ltd) | ⚠️ Likely priced in (+20.2% in 3d) | Tier: AVOID | 📌 EVENT TRADE ≠ multibagger position,2026-05-25 10:50
TCC,TCC Concept Ltd,2026-05-23,BSE_PIPELINE,RESULTS,RESULT,,3,SUPPRESSED,SUPPRESSED,AVOID,0.0,RESTRICTED,8.39,PRICED_IN,True,Stock tier=AVOID — event suppressed,⚡ RESULT | TCC (TCC Concept Ltd) | ⚠️ Likely priced in (+8.4% in 3d) | Tier: AVOID | 📌 EVENT TRADE ≠ multibagger position,2026-05-25 10:50
OMAXAUTO,Omax Autos Ltd,2026-05-04,BSE_PIPELINE,RESULTS,RESULT,,3,LIKELY_PRICED_IN,WATCH,WATCHLIST_CONFIRMED,57.0,NORMAL,8.04,PRICED_IN,False,,⚡ RESULT | OMAXAUTO (Omax Autos Ltd) | Signal: LIKELY_PRICED_IN | ⚠️ Likely priced in (+8.0% in 3d) | Tier: WATCHLIST_CONFIRMED | 📌 EVENT TRADE ≠ multibagger position,2026-05-25 10:50
YASHO,YASHO INDUSTRIES LIMITED,2026-05-11,BSE_LIVE_POLLER,RESULTS,RESULT,,3,SUPPRESSED,SUPPRESSED,AVOID,0.0,NORMAL,11.33,PRICED_IN,True,Stock tier=AVOID — event suppressed,⚡ RESULT | YASHO (YASHO INDUSTRIES LIMITED) | ⚠️ Likely priced in (+11.3% in 3d) | Tier: AVOID | 📌 EVENT TRADE ≠ multibagger position,2026-05-25 10:50
PREMIERPOL,Premier Polyfilm Ltd,2026-05-10,BSE_PIPELINE,RESULTS,RESULT,,3,SUPPRESSED,SUPPRESSED,AVOID,0.0,RESTRICTED,8.47,PRICED_IN,True,Stock tier=AVOID — event suppressed,⚡ RESULT | PREMIERPOL (Premier Polyfilm Ltd) | ⚠️ Likely priced in (+8.5% in 3d) | Tier: AVOID | 📌 EVENT TRADE ≠ multibagger position,2026-05-25 10:50
ALKALI,Alkali Metals Ltd,2026-05-19,BSE_PIPELINE,RESULTS,RESULT,,3,SUPPRESSED,SUPPRESSED,AVOID,0.0,ILLIQUID,10.02,PRICED_IN,True,Stock tier=AVOID — event suppressed,⚡ RESULT | ALKALI (Alkali Metals Ltd) | ⚠️ Likely priced in (+10.0% in 3d) | Tier: AVOID | ⚠️ ILLIQUID stock | 📌 EVENT TRADE ≠ multibagger position,2026-05-25 10:50
COCKERILL,John Cockerill India Ltd-$,2026-05-19,BSE_PIPELINE,RESULTS,RESULT,,3,SUPPRESSED,SUPPRESSED,AVOID,0.0,NORMAL,14.3,PRICED_IN,True,Stock tier=AVOID — event suppressed,⚡ RESULT | COCKERILL (John Cockerill India Ltd-$) | ⚠️ Likely priced in (+14.3% in 3d) | Tier: AVOID | 📌 EVENT TRADE ≠ multibagger position,2026-05-25 10:50
EXCELSOFT,Excelsoft Technologies Ltd,2026-05-23,BSE_PIPELINE,RESULTS,RESULT,,3,LIKELY_PRICED_IN,WATCH,WATCHLIST_EXTERNAL,37.0,NORMAL,8.77,PRICED_IN,False,,⚡ RESULT | EXCELSOFT (Excelsoft Technologies Ltd) | Signal: LIKELY_PRICED_IN | ⚠️ Likely priced in (+8.8% in 3d) | Tier: WATCHLIST_EXTERNAL | 📌 EVENT TRADE ≠ multibagger position,2026-05-25 10:50
GOCOLORS,Go Fashion (India) Limited,2026-04-30,BSE_LIVE_POLLER,RESULTS,RESULT,,3,LIKELY_PRICED_IN,WATCH,WATCHLIST_CONFIRMED,70.0,NORMAL,17.14,PRICED_IN,False,,⚡ RESULT | GOCOLORS (Go Fashion (India) Limited) | Signal: LIKELY_PRICED_IN | ⚠️ Likely priced in (+17.1% in 3d) | Tier: WATCHLIST_CONFIRMED | 📌 EVENT TRADE ≠ multibagger position,2026-05-25 10:50
JNKINDIA,JNK India Ltd,2026-05-21,BSE_PIPELINE,RESULTS,RESULT,,3,SUPPRESSED,SUPPRESSED,AVOID,0.0,NORMAL,9.52,PRICED_IN,True,Stock tier=AVOID — event suppressed,⚡ RESULT | JNKINDIA (JNK India Ltd) | ⚠️ Likely priced in (+9.5% in 3d) | Tier: AVOID | 📌 EVENT TRADE ≠ multibagger position,2026-05-25 10:50
SANSERA,Sansera Engineering Ltd,2026-05-21,BSE_PIPELINE,RESULTS,RESULT,,3,LIKELY_PRICED_IN,WATCH,WATCHLIST_CONFIRMED,56.0,NORMAL,19.08,PRICED_IN,False,,⚡ RESULT | SANSERA (Sansera Engineering Ltd) | Signal: LIKELY_PRICED_IN | ⚠️ Likely priced in (+19.1% in 3d) | Tier: WATCHLIST_CONFIRMED | 📌 EVENT TRADE ≠ multibagger position,2026-05-25 10:50
TRITURBINE,Triveni Turbine Ltd,2026-05-19,BSE_PIPELINE,RESULTS,RESULT,,3,LIKELY_PRICED_IN,WATCH,WATCHLIST_CONFIRMED,66.0,NORMAL,10.8,PRICED_IN,False,,⚡ RESULT | TRITURBINE (Triveni Turbine Ltd) | Signal: LIKELY_PRICED_IN | ⚠️ Likely priced in (+10.8% in 3d) | Tier: WATCHLIST_CONFIRMED | 📌 EVENT TRADE ≠ multibagger position,2026-05-25 10:50
PROTEAN,Protean eGov Technologies Ltd,2026-05-21,BSE_PIPELINE,RESULTS,RESULT,,3,SUPPRESSED,SUPPRESSED,AVOID,0.0,NORMAL,18.04,PRICED_IN,True,Stock tier=AVOID — event suppressed,⚡ RESULT | PROTEAN (Protean eGov Technologies Ltd) | ⚠️ Likely priced in (+18.0% in 3d) | Tier: AVOID | 📌 EVENT TRADE ≠ multibagger position,2026-05-25 10:50
YASHO,YASHO INDUSTRIES LIMITED,2026-04-30,BSE_LIVE_POLLER,ORDER_WIN,ORDER_WIN,UNKNOWN,2,SUPPRESSED,SUPPRESSED,AVOID,0.0,NORMAL,11.33,PRICED_IN,True,Stock tier=AVOID — event suppressed,⚡ ORDER_WIN | YASHO (YASHO INDUSTRIES LIMITED) | ⚠️ Likely priced in (+11.3% in 3d) | Tier: AVOID | 📌 EVENT TRADE ≠ multibagger position,2026-05-25 10:50
RAMCOSYS,Ramco Systems Ltd,2026-05-22,BSE_PIPELINE,RESULTS,ORDER_WIN,UNKNOWN,2,SUPPRESSED,SUPPRESSED,AVOID,0.0,NORMAL,19.16,PRICED_IN,True,Stock tier=AVOID — event suppressed,⚡ ORDER_WIN | RAMCOSYS (Ramco Systems Ltd) | ⚠️ Likely priced in (+19.2% in 3d) | Tier: AVOID | 📌 EVENT TRADE ≠ multibagger position,2026-05-25 10:50
SURYALA,SURYALATA SPINNING MILLS LTD.,2026-04-30,BSE_LIVE_POLLER,ORDER_WIN,ORDER_WIN,UNKNOWN,2,SUPPRESSED,SUPPRESSED,AVOID,0.0,ILLIQUID,8.25,PRICED_IN,True,Stock tier=AVOID — event suppressed,⚡ ORDER_WIN | SURYALA (SURYALATA SPINNING MILLS LTD.) | ⚠️ Likely priced in (+8.2% in 3d) | Tier: AVOID | ⚠️ ILLIQUID stock | 📌 EVENT TRADE ≠ multibagger position,2026-05-25 10:50
HONAUT,HONEYWELL AUTOMATION INDIA LTD,2026-04-30,BSE_LIVE_POLLER,ORDER_WIN,ORDER_WIN,UNKNOWN,2,SUPPRESSED,SUPPRESSED,AVOID,0.0,NORMAL,21.77,PRICED_IN,True,Stock tier=AVOID — event suppressed,⚡ ORDER_WIN | HONAUT (HONEYWELL AUTOMATION INDIA LTD) | ⚠️ Likely priced in (+21.8% in 3d) | Tier: AVOID | 📌 EVENT TRADE ≠ multibagger position,2026-05-25 10:50
TAKE,TAKE SOLUTIONS LTD.,2026-04-30,BSE_LIVE_POLLER,ORDER_WIN,ORDER_WIN,UNKNOWN,2,SUPPRESSED,SUPPRESSED,AVOID,0.0,RESTRICTED,14.38,PRICED_IN,True,Stock tier=AVOID — event suppressed,⚡ ORDER_WIN | TAKE (TAKE SOLUTIONS LTD.) | ⚠️ Likely priced in (+14.4% in 3d) | Tier: AVOID | 📌 EVENT TRADE ≠ multibagger position,2026-05-25 10:50
