ISIN,NSE_SYMBOL,BSE_CODE,NAME,INDUSTRY GROUP,INDUSTRY
INE862Y01015,BANKA,,Banka Bioloo,Construction,Civil Construction
INE419A01022,KOTARISUG,,Kothari Sugars,Agricultural Food & other Products,Sugar
INE0CJD01029,KMEW,543273,Knowledge Marine,Engineering Services,Dredging
INE157H01023,KMSUGAR,532673,KM Sugar Mills,Agricultural Food & other Products,Sugar
INE0KNW01016,KNAGRI,,KN Agri Resource,Agricultural Food & other Products,Edible Oil
INE634I01029,KNRCON,532942,KNR Construct.,Construction,Civil Construction
INE760A01029,KOKUYOCMLN,523207,Kokuyo Camlin,Household Products,Stationary
INE094I01018,KOLTEPATIL,532924,Kolte Patil Dev.,Realty,"Residential, Commercial Projects"
INE082A01010,KOPRAN,524280,Kopran,Pharmaceuticals & Biotechnology,Pharmaceuticals
INE720A01015,KOTHARIPET,,Kothari Petroche,Chemicals & Petrochemicals,Petrochemicals
INE602G01020,KITEX,521248,Kitex Garments,Textiles & Apparels,Garments & Apparels
INE823A01017,KOTHARIPRO,530299,Kothari Products,Commercial Services & Supplies,Trading & Distributors
INE0J0B01017,KOTYARK,544726,Kotyark Indust.,Petroleum Products,Refineries & Marketing
INE127T01021,KPEL,539686,K.P. Energy,Power,Power Generation
INE542W01025,KPIGREEN,542323,KPI Green Energy,Power,Power Generation
INE220B01022,KPIL,522287,Kalpataru Proj.,Construction,Civil Construction
INE04I401011,KPITTECH,542651,KPIT Technologi.,IT - Software,Computers - Software & Consulting
INE930H01031,KPRMILL,532889,K P R Mill Ltd,Textiles & Apparels,Other Textile Products
INE401H01017,KKCL,532732,Kewal Kir.Cloth.,Textiles & Apparels,Garments & Apparels
INE811A01020,KIRLPNU,505283,Kirl.Pneumatic,Industrial Products,"Compressors, Pumps & Diesel Engines"
INE506W01012,KRISHANA,,Krishana Phosch.,Fertilizers & Agrochemicals,Fertilizers
INE834I01025,KHADIM,540775,Khadim India,Consumer Durables,Footwear
INE291D01011,KDDL,532054,KDDL Ltd,Consumer Durables,"Gems, Jewellery And Watches"
INE389H01022,KEC,532714,KEC International,Construction,Civil Construction
INE878B01027,KEI,517569,KEI Industries,Industrial Products,Cables - Electricals
INE164B01030,KELLTONTEC,519602,Kellton Tech,IT - Services,IT Enabled Services
INE202H01019,KERNEX,532686,Kernex Microsys.,Transport Services,Transport Related Services
INE681C01015,KEYFINSERV,512597,Keynote Finan.,Capital Markets,Stockbroking & Allied
INE138Y01010,KFINTECH,543720,KFin Technolog.,Capital Markets,"Depositories, Clearing Houses and Other Intermediaries"
INE060B01014,KHANDSE,531892,Khandwala Sec.,Capital Markets,Stockbroking & Allied
INE250A01039,KIRLOSIND,500243,Kirloskar Indus.,Industrial Products,Other Industrial Products
INE729D01010,KILITCH,524500,Kilitch Drugs,Pharmaceuticals & Biotechnology,Pharmaceuticals
INE967H01025,KIMS,543308,Krishna Institu.,Healthcare Services,Hospital
INE473D01015,KINGFA,524019,Kingfa Science,Industrial Products,Plastic Products - Industrial
INE880L01014,KIOCL,540680,KIOCL,Ferrous Metals,Sponge Iron
INE415I01015,KIRIINDUS,532967,Kiri Industries,Chemicals & Petrochemicals,Dyes And Pigments
INE732A01036,KIRLOSBROS,500241,Kirl. Brothers,Industrial Products,"Compressors, Pumps & Diesel Engines"
INE146L01010,KIRLOSENG,533293,Kirloskar Oil,Industrial Products,"Compressors, Pumps & Diesel Engines"
INE001B01026,KRBL,530813,KRBL,Agricultural Food & other Products,Other Agricultural Products
INE0GGO01015,KRISHIVAL,544416,Krishival Foods,Food Products,Other Food Products
INE805C01028,KCP,590066,K C P,Cement & Cement Products,Cement & Cement Products
INE908V01012,LIBAS,,Libas Consumer,Textiles & Apparels,Garments & Apparels
INE801V01019,LAXMICOT,,Laxmi Cotspin,Textiles & Apparels,Other Textile Products
INE0WO601020,LAXMIDENTL,544339,Laxmi Dental,Healthcare Equipment & Supplies,Medical Equipment & Supplies
INE0G1L01017,LEMERITE,,Le Merite Export,Textiles & Apparels,Other Textile Products
INE970X01018,LEMONTREE,541233,Lemon Tree Hotel,Leisure Services,Hotels & Resorts
INE500X01013,LEXUS,,Lexus Granito,Consumer Durables,"Furniture, Home Furnishing"
INE337A01034,LGBBROSLTD,500250,L G Balakrishnan,Auto Components,Auto Components & Equipments
INE258Y01016,LGHL,,Laxmi Goldorna,Consumer Durables,"Gems, Jewellery And Watches"
INE557B01019,LIBERTSHOE,526596,Liberty Shoes,Consumer Durables,Footwear
INE0I7C01011,LATENTVIEW,543398,Latent View,IT - Software,Computers - Software & Consulting
INE802B01027,LINC,531241,Linc,Household Products,Stationary
INE405C01035,LINCOLN,531633,Lincoln Pharma.,Pharmaceuticals & Biotechnology,Pharmaceuticals
INE473A01011,LINDEINDIA,523457,Linde India,Chemicals & Petrochemicals,Industrial Gases
INE093R01011,LLOYDSENGG,539992,Lloyds Engineeri,Industrial Manufacturing,Industrial Products
INE080I01025,LLOYDSENT,512463,Lloyds Enterpris,Metals & Minerals Trading,Trading - Metals
INE281B01032,LLOYDSME,512455,Lloyds Metals,Minerals & Mining,Industrial Minerals
INE670K01029,LODHA,543287,Lodha Developers,Realty,"Residential, Commercial Projects"
INE947Q01028,LAURUSLABS,540222,Laurus Labs,Pharmaceuticals & Biotechnology,Pharmaceuticals
INE670X01014,LASA,540702,Lasa Supergeneri,Pharmaceuticals & Biotechnology,Pharmaceuticals
INE0J5601015,KRISHNADEF,,Krishna Defence,Aerospace & Defense,Aerospace & Defense
INE907A01026,KSL,500235,Kalyani Steels,Industrial Products,Iron & Steel Products
INE00Z501029,KRITIKA,,Kritika Wires,Industrial Products,Iron & Steel Products
INE0ATZ01017,KRONOX,544187,Kronox Lab,Chemicals & Petrochemicals,Specialty Chemicals
INE0O6601022,KROSS,544253,Kross Ltd,Auto Components,Auto Components & Equipments
INE08LI01020,KRSNAA,543328,Krsnaa Diagnost.,Healthcare Services,Healthcare Service Provider
INE0QN801017,KRYSTAL,544149,Krystal Integrat,Commercial Services & Supplies,Diversified Commercial Services
INE999A01023,KSB,500249,KSB,Industrial Products,"Compressors, Pumps & Diesel Engines"
INE987S01020,KSHINTL,544664,KSH Internationa,Industrial Products,Cables - Electricals
INE0D6I01023,KSOLVES,543599,Ksolves India,IT - Software,Computers - Software & Consulting
INE059D01020,LAOPALA,526947,La Opala RG,Consumer Durables,Glass - Consumer
INE529I01021,KUANTUM,532937,Kuantum Papers,"Paper, Forest & Jute Products",Paper & Paper Products
INE548Z01017,LAGNAM,,Lagnam Spintex,Textiles & Apparels,Other Textile Products
INE740X01023,LAL,540952,Lorenzini Appar.,Textiles & Apparels,Garments & Apparels
INE600L01024,LALPATHLAB,539524,Dr Lal Pathlabs,Healthcare Services,Healthcare Service Provider
INE112F01022,LAMBODHARA,590075,Lambodhara Text.,Textiles & Apparels,Other Textile Products
INE572G01025,LANCORHOL,509048,Lancor Holdings,Realty,"Residential, Commercial Projects"
INE559R01029,LANDMARK,543714,Landmark Cars,Automobiles,Auto Dealer
INE790B01024,KCPSUGIND,533192,KCP Sugar &Inds.,Agricultural Food & other Products,Sugar
INE918Z01012,KAYNES,543664,Kaynes Tech,Industrial Manufacturing,Industrial Products
INE864K01010,IRIS,540735,IRIS Regtech Solutions,IT - Software,Software Products
INE0MB501011,JGCHEM,544138,J.G.Chemicals,Chemicals & Petrochemicals,Commodity Chemicals
INE571B01036,JAYBARMARU,520066,Jay Bharat Maru.,Auto Components,Auto Components & Equipments
INE903A01025,JAYKAY,500306,Jaykay Enter.,Aerospace & Defense,Aerospace & Defense
INE854B01010,JAYNECOIND,522285,Jayaswal Neco,Industrial Products,Iron & Steel Products
INE364A01020,JAYSREETEA,509715,Jay Shree Tea,Agricultural Food & other Products,Tea & Coffee
INE572A01036,JBCHEPHARM,506943,J B Chemicals &,Pharmaceuticals & Biotechnology,Pharmaceuticals
INE927D01051,JBMA,532605,JBM Auto,Auto Components,Auto Components & Equipments
INE982V01025,JETFREIGHT,543420,Jet Freight,Transport Services,Logistics Solution Provider
INE544H01014,JHS,532771,JHS Sven.Lab.,Personal Products,Personal Care
INE039O01029,JASH,544402,Jash Engineering,Industrial Manufacturing,Industrial Products
INE796G01012,JINDALPHOT,532624,Jindal Photo,Finance,Investment Company
INE197D01010,JINDALPOLY,500227,Jindal Poly Film,Industrial Products,Packaging
INE324A01032,JINDALSAW,500378,Jindal Saw,Industrial Products,Iron & Steel Products
INE749A01030,JINDALSTEL,532286,Jindal Steel,Ferrous Metals,Iron & Steel
INE742C01031,JINDRILL,511034,Jindal Drilling,Oil,Offshore Support Solution Drilling
INE247D01039,JINDWORLD,531543,Jindal Worldwide,Textiles & Apparels,Other Textile Products
INE758E01017,JIOFIN,543940,Jio Financial,Finance,Investment Company
INE785A01026,JAYAGROGN,524330,Jayant Agro Org.,Chemicals & Petrochemicals,Specialty Chemicals
INE00YJ01010,JARO,544534,Jaro Institute,Other Consumer Services,E-Learning
INE175A01038,JISLJALEQS,500219,Jain Irrigation,Industrial Products,Plastic Products - Industrial
INE056801025,IVALUE,544523,Ivalue Infosolut,IT - Services,IT Enabled Services
INE07U701015,IRMENERGY,544004,IRM Energy,Gas,LPG/CNG/PNG/LNG Supplier
INE566K01011,ISFT,533181,Intrasoft Tech.,Retailing,E-Retail/ E-Commerce
INE858B01029,ISGEC,533033,ISGEC Heavy,Construction,Civil Construction
INE561M01018,ISHANCH,531109,Ishan Dyes,Chemicals & Petrochemicals,Specialty Chemicals
INE154A01025,ITC,500875,ITC,Diversified FMCG,Diversified FMCG
INE353K01014,ITDC,532189,I T D C,Leisure Services,Hotels & Resorts
INE248A01017,ITI,523610,ITI,Telecom -  Equipment & Accessories,Telecom -  Equipment & Accessories
INE043C01018,IVP,507580,IVP,Chemicals & Petrochemicals,Specialty Chemicals
INE039C01032,JAMNAAUTO,520051,Jamna Auto Inds.,Auto Components,Auto Components & Equipments
INE0HV901016,IXIGO,544192,Le Travenues,Leisure Services,"Tour, Travel Related Services"
INE848A01014,IZMO,532341,IZMO,IT - Services,IT Enabled Services
INE199G01027,JAGRAN,532705,Jagran Prakashan,Media,Print Media
INE048B01035,JAGSNPHARM,507789,Jagsonpal Pharma,Pharmaceuticals & Biotechnology,Pharmaceuticals
INE070D01027,JAICORPLTD,512237,Jai Corp,Industrial Products,Plastic Products - Industrial
INE0YD401026,JAINREC,544537,Jain Resource,Diversified Metals,Diversified Metals
INE696V01013,JAIPURKURT,,Nandani Creation,Textiles & Apparels,Garments & Apparels
IN9175A01010,JISLDVREQS,570004,Jain Irrigat-DVR,Industrial Products,Plastic Products - Industrial
INE823G01014,JKCEMENT,532644,J K Cements,Cement & Cement Products,Cement & Cement Products
INE641C01019,KAVDEFENCE,590041,Kavveri Defence,Telecom -  Equipment & Accessories,Telecom -  Equipment & Accessories
INE314G01014,KALYANIFRG,,Kalyani Forge,Industrial Products,Castings & Forgings
INE209L01016,JWL,533272,Jupiter Wagons,Industrial Manufacturing,Railway Wagons
INE668F01031,JYOTHYLAB,532926,Jyothy Labs,Household Products,Household Products
INE980O01024,JYOTICNC,544081,Jyoti CNC Auto.,Industrial Manufacturing,Industrial Products
INE197A01024,JYOTISTRUC,513250,Jyoti Structures,Electrical Equipment,Heavy Electrical Equipment
INE900B01029,KABRAEXTRU,524109,Kabra Extrusion,Industrial Manufacturing,Industrial Products
INE217B01036,KAJARIACER,500233,Kajaria Ceramics,Consumer Durables,Ceramics
INE438K01021,KALAMANDIR,543989,Sai Silks,Retailing,Speciality Retail
INE303R01014,KALYANKJIL,543278,Kalyan Jewellers,Consumer Durables,"Gems, Jewellery And Watches"
INE696F01016,JUNIPER,544129,Juniper Hotels,Leisure Services,Hotels & Resorts
INE967C01018,KAMATHOTEL,526668,Kamat Hotels,Leisure Services,Hotels & Resorts
INE390H01020,KAMDHENU,532741,Kamdhenu,Industrial Products,Iron & Steel Products
INE879E01037,KANANIIND,506184,Kanani Industrie,Consumer Durables,"Gems, Jewellery And Watches"
INE694E01014,KANPRPLA,507779,Kanpur Plastipa.,Industrial Products,Packaging
INE531A01024,KANSAINER,500165,Kansai Nerolac,Consumer Durables,Paints
INE542Z01028,KAPSTON,,Kapston Services,Commercial Services & Supplies,Diversified Commercial Services
INE725L01011,KARMAENG,533451,Karma Energy Ltd,Power,Power Generation
INE599M01018,JUSTDIAL,535648,Just Dial,Retailing,Internet & Catalogue Retail
INE700A01033,JUBLPHARMA,530019,Jubilant Pharmo,Pharmaceuticals & Biotechnology,Pharmaceuticals
INE576I01022,JKIL,532940,J Kumar Infra,Construction,Civil Construction
INE351F01018,JPPOWER,532627,JP Power Ven.,Power,Power Generation
INE786A01032,JKLAKSHMI,500380,JK Lakshmi Cem.,Cement & Cement Products,Cement & Cement Products
INE789E01012,JKPAPER,532162,JK Paper,"Paper, Forest & Jute Products",Paper & Paper Products
INE573A01042,JKTYRE,530007,JK Tyre & Indust,Auto Components,Tyres & Rubber Products
INE682M01012,JLHL,543980,Jupiter Life Lin,Healthcare Services,Hospital
INE0OAF01028,JNKINDIA,544167,JNK,Industrial Manufacturing,Industrial Products
INE839G01010,JOCIL,,Jocil,Chemicals & Petrochemicals,Commodity Chemicals
INE147P01019,JPOLYINVST,536773,Jindal Poly Inve,Finance,Investment Company
INE220G01021,JSL,532508,Jindal Stain.,Ferrous Metals,Iron & Steel
INE0BY001018,JUBLINGREA,543271,Jubilant Ingrev.,Chemicals & Petrochemicals,Specialty Chemicals
INE0J5801029,JSLL,544476,Jeena Sikho,Pharmaceuticals & Biotechnology,Pharmaceuticals
INE121E01018,JSWENERGY,533148,JSW Energy,Power,Power Generation
INE880J01026,JSWINFRA,543994,JSW Infrast,Transport Infrastructure,Port & Port services
INE019A01038,JSWSTEEL,500228,JSW Steel,Ferrous Metals,Iron & Steel
INE643A01035,JTEKTINDIA,520057,JTEKT India,Auto Components,Auto Components & Equipments
INE391J01032,JTLIND,534600,JTL Industries,Industrial Products,Iron & Steel Products
INE797F01020,JUBLFOOD,533155,Jubilant Food.,Leisure Services,Restaurants
INE846D01012,LORDSCHLO,500284,Lords Chloro,Chemicals & Petrochemicals,Commodity Chemicals
INE0V9Q01010,LOTUSDEV,544469,Sri Lotus,Realty,"Residential, Commercial Projects"
INE947I01017,LOTUSEYE,532998,Lotus Eye Hospit,Healthcare Services,Hospital
INE752G01015,MSPL,532650,MSP Steel & Pow.,Industrial Products,Iron & Steel Products
INE338I01027,MOTILALOFS,532892,Motil.Oswal.Fin.,Capital Markets,Stockbroking & Allied
INE0FRK01020,MOTISONS,544053,Motisons Jewel,Consumer Durables,"Gems, Jewellery And Watches"
INE861B01023,MOTOGENFIN,501343,Motor & Gen Fin,Commercial Services & Supplies,Diversified Commercial Services
INE356A01018,MPHASIS,526299,Mphasis,IT - Software,Computers - Software & Consulting
INE943D01017,MPSLTD,532440,MPS,Other Consumer Services,E-Learning
INE883A01011,MRF,500290,MRF,Auto Components,Tyres & Rubber Products
INE103A01014,MRPL,500109,M R P L,Petroleum Products,Refineries & Marketing
INE255X01014,MSTCLTD,542597,MSTC,Commercial Services & Supplies,Trading & Distributors
INE935B01025,MOSCHIP,532407,Moschip Tech.,IT - Hardware,Computers Hardware & Equipments
INE0FS801015,MSUMI,543498,Motherson Wiring,Auto Components,Auto Components & Equipments
INE864I01014,MTARTECH,543270,MTAR Technologie,Aerospace & Defense,Aerospace & Defense
INE08KJ01020,MUFIN,542774,Mufin Green,Finance,Non Banking Financial Company (NBFC)
INE220Q01020,MUFTI,544058,Credo Brands,Retailing,Speciality Retail
INE304A01026,MUKANDLTD,500460,Mukand,Ferrous Metals,Iron & Steel
INE0CG401037,MUKKA,544135,Mukka Proteins,Food Products,Animal Feed
INE672B01032,MUNJALAU,520059,Munjal Auto Inds,Auto Components,Auto Components & Equipments
INE775A01035,MOTHERSON,517334,Samvardh. Mothe.,Auto Components,Auto Components & Equipments
INE083A01026,MOREPENLAB,500288,Morepen Labs.,Pharmaceuticals & Biotechnology,Pharmaceuticals
INE296G01013,MUTHOOTCAP,511766,Muthoot Cap.Serv,Finance,Non Banking Financial Company (NBFC)
INE832A01018,MODIRUBBER,,Modi Rubber,Auto Components,Tyres & Rubber Products
INE997Y01027,MITTAL,,Mittal Life Styl,Textiles & Apparels,Garments & Apparels
INE964W01021,MKPL,543919,M K Proteins,Agricultural Food & other Products,Edible Oil
INE227C01017,MMFL,522241,M M Forgings,Auto Components,Auto Components & Equipments
INE511Y01018,MMP,,MMP Industries,Non - Ferrous Metals,Aluminium
INE123F01029,MMTC,513377,MMTC,Commercial Services & Supplies,Trading & Distributors
INE0HLU01028,MOBIKWIK,544305,One Mobikwik,Financial Technology (Fintech),Financial Technology (Fintech)
INE537F01012,MODINATUR,519003,Modi Naturals,Agricultural Food & other Products,Other Agricultural Products
INE737D01021,MODISONLTD,506261,Modison,Electrical Equipment,Other Electrical Equipment
INE950M01013,MONTECARLO,538836,Monte Carlo Fas.,Textiles & Apparels,Garments & Apparels
INE954E01012,MOHITIND,531453,Mohit Industries,Textiles & Apparels,Other Textile Products
INE514Y01020,MOKSH,,Moksh Ornaments,Consumer Durables,"Gems, Jewellery And Watches"
INE0CT101020,MOL,543331,Meghmani Organi.,Fertilizers & Agrochemicals,Pesticides & Agrochemicals
INE835B01035,MOLDTECH,526263,Mold-Tek Technol,Construction,Civil Construction
INE893J01029,MOLDTKPAC,533080,Mold-Tek Pack.,Industrial Products,Packaging
INE903D01011,MONARCH,511551,Monarch Networth,Capital Markets,Stockbroking & Allied
INE296Q01012,MONEYBOXX,538446,Moneyboxx Fin.,Finance,Non Banking Financial Company (NBFC)
INE692B01014,MURUDCERA,515037,Murudesh.Ceramic,Consumer Durables,Ceramics
INE046W01019,MUTHOOTMF,544055,Muthoot Microfin,Finance,Microfinance Institutions
INE597L01014,LOVABLE,533343,Lovable Lingerie,Textiles & Apparels,Garments & Apparels
INE136S01016,NEOGEN,542665,Neogen Chemicals,Chemicals & Petrochemicals,Specialty Chemicals
INE868B01028,NCC,500294,NCC,Construction,Civil Construction
INE732C01016,NCLIND,502168,NCL Industries,Cement & Cement Products,Cement & Cement Products
INE875G01048,NDL,532641,Nandan Denim,Textiles & Apparels,Other Textile Products
INE07OG01012,NDRAUTO,543214,NDR Auto Compon.,Auto Components,Auto Components & Equipments
INE553C01016,NECCLTD,534615,North Eastn.Car.,Transport Services,Logistics Solution Provider
INE189I01024,NELCAST,532864,Nelcast,Industrial Products,Castings & Forgings
INE045B01015,NELCO,504112,NELCO,IT - Hardware,Computers Hardware & Equipments
INE428V01029,NEPHROPLUS,544647,Nephrocare Health Services,Healthcare Services,Healthcare Service Provider
INE418L01047,NAZARA,543280,Nazara Technolo.,Entertainment,Digital Entertainment
INE317F01035,NESCO,505355,NESCO,Commercial Services & Supplies,Diversified Commercial Services
INE0NT901020,NETWEB,543945,Netweb Technol.,IT - Services,IT Enabled Services
INE870H01013,NETWORK18,532798,Netwrk.18 Media,Entertainment,Media & Entertainment
INE794A01010,NEULANDLAB,524558,Neuland Labs.,Pharmaceuticals & Biotechnology,Pharmaceuticals
INE619B01017,NEWGEN,540900,Newgen Software,IT - Software,Computers - Software & Consulting
INE870D01012,NFL,523630,Natl.Fertilizer,Fertilizers & Agrochemicals,Fertilizers
INE887E01022,NGLFINE,524774,NGL Fine Chem,Pharmaceuticals & Biotechnology,Pharmaceuticals
INE095N01031,NBCC,534309,NBCC,Construction,Civil Construction
INE060A01024,NAVNETEDUL,508989,Navneet Educat.,Printing & Publication,Printing & Publication
INE0KNT01012,MVGJL,543995,Manoj Vaibhav,Consumer Durables,"Gems, Jewellery And Watches"
INE117Z01011,NARMADA,543643,Narmada Agrobase,Food Products,Animal Feed
INE0JYY01011,MWL,,Mangalam World.,Metals & Minerals Trading,Trading - Metals
INE295D01020,NACLIND,524709,NACL Industries,Fertilizers & Agrochemicals,Pesticides & Agrochemicals
INE123B01028,NAGREEKEXP,521109,Nagreeka Exports,Textiles & Apparels,Other Textile Products
INE049I01012,NAHARCAP,532952,Nahar Capital,Finance,Investment Company
INE289A01011,NAHARINDUS,519136,Nahar Indl. Ent.,Textiles & Apparels,Other Textile Products
INE308A01027,NAHARPOLY,523391,Nahar Poly,Industrial Products,Packaging
INE298J01013,NAM-INDIA,540767,Nippon Life Ind.,Capital Markets,Asset Management Company
INE936B01015,NATCAPSUQ,,Natural Capsules,Pharmaceuticals & Biotechnology,Pharmaceuticals
INE268H01044,NAVKARURB,531494,Navkar Urban.,Construction,Civil Construction
INE987B01026,NATCOPHARM,524816,Natco Pharma,Pharmaceuticals & Biotechnology,Pharmaceuticals
INE448G01010,NATHBIOGEN,537291,Nath Bio-Genes,Agricultural Food & other Products,Other Agricultural Products
INE139A01034,NATIONALUM,532234,Natl. Aluminium,Non - Ferrous Metals,Aluminium
INE663F01032,NAUKRI,532777,Info Edg.(India),Retailing,Internet & Catalogue Retail
INE725A01030,NAVA,513023,Nava,Power,Power Generation
INE048G01026,NAVINFLUOR,532504,Navin Fluo.Intl.,Chemicals & Petrochemicals,Specialty Chemicals
INE278M01019,NAVKARCORP,539332,Navkar Corporat.,Transport Services,Logistics Solution Provider
INE828O01033,MITCON,,Mitcon Consult.,Commercial Services & Supplies,Consulting Services
INE771A01026,MIRZAINT,526642,Mirza Internatio,Consumer Durables,Leather And Leather Products
INE110B01017,MINDTECK,517344,Mindteck (India),IT - Software,Computers - Software & Consulting
INE201A01024,MANALIPETC,500268,Manali Petrochem,Chemicals & Petrochemicals,Petrochemicals
INE271B01025,MAHSEAMLES,500265,Mah. Seamless,Industrial Products,Iron & Steel Products
INE683C01011,MAITHANALL,590078,Maithan Alloys,Ferrous Metals,Ferro & Silica Manganese
INE389C01015,MALLCOM,539400,Mallcom (India),Industrial Products,Other Industrial Products
INE0TO701015,MAMATA,544318,Mamata Machinery,Industrial Manufacturing,Industrial Products
INE859Q01017,MANAKALUCO,539045,Manaksia Alumi.,Non - Ferrous Metals,Aluminium
INE830Q01018,MANAKCOAT,539046,Manaksia Coated,Industrial Products,Iron & Steel Products
INE015D01022,MANAKSIA,532932,Manaksia,Industrial Products,Iron & Steel Products
INE939X01013,MANBA,544262,Manba Finance,Finance,Non Banking Financial Company (NBFC)
INE813A01018,MAHLIFE,532313,Mahindra Life.,Realty,"Residential, Commercial Projects"
INE545L01039,MANCREDIT,505850,Mangal Credit,Finance,Non Banking Financial Company (NBFC)
INE347A01017,MANGLMCEM,502157,Mangalam Cement,Cement & Cement Products,Cement & Cement Products
INE993A01026,MANINDS,513269,Man Industries,Industrial Products,Iron & Steel Products
INE949H01023,MANINFRA,533169,Man Infra,Construction,Civil Construction
INE634S01028,MANKIND,543904,Mankind Pharma,Pharmaceuticals & Biotechnology,Pharmaceuticals
INE784W01015,MANOMAY,540396,Manomay Tex Indi,Textiles & Apparels,Other Textile Products
INE00VM01036,MANORAMA,541974,Manorama Indust.,Food Products,Other Food Products
INE766P01016,MAHLOG,540768,Mahindra Logis.,Transport Services,Logistics Solution Provider
INE263W01010,MAHESHWARI,,Maheshwari Logi.,Diversified,Diversified
INE842C01021,MINDACORP,538962,Minda Corp,Auto Components,Auto Components & Equipments
INE150G01020,LUXIND,539542,Lux Industries,Textiles & Apparels,Garments & Apparels
INE018A01030,LT,500510,Larsen & Toubro,Construction,Civil Construction
INE818H01020,LTFOODS,532783,L T Foods,Agricultural Food & other Products,Other Agricultural Products
INE214T01019,LTM,540005,LTIMindtree,IT - Software,Computers - Software & Consulting
INE010V01017,LTTS,540115,L&T Technology,IT - Services,IT Enabled Services
INE162B01018,LUMAXIND,517206,Lumax Industries,Auto Components,Auto Components & Equipments
INE872H01027,LUMAXTECH,532796,Lumax Auto Tech.,Auto Components,Auto Components & Equipments
INE326A01037,LUPIN,500257,Lupin,Pharmaceuticals & Biotechnology,Pharmaceuticals
INE576O01020,LXCHEM,543277,Laxmi Organic,Chemicals & Petrochemicals,Specialty Chemicals
INE215D01010,MAHEPC,523754,Mahindra EPC,Industrial Manufacturing,Industrial Products
INE933A01014,LYKALABS,500259,Lyka Labs,Pharmaceuticals & Biotechnology,Pharmaceuticals
INE101A01026,M&M,500520,M & M,Automobiles,Passenger Cars & Utility Vehicles
INE215I01027,MAANALU,532906,Maan Aluminium,Non - Ferrous Metals,Aluminium
INE155Z01011,MACPOWER,,Macpower CNC,Industrial Manufacturing,Industrial Products
INE925C01016,MADHAV,515093,Madhav Marbles,Consumer Durables,Granites & Marbles
INE347W01011,MAGADSUGAR,540650,Magadh Sugar,Agricultural Food & other Products,Sugar
INE387I01016,MAGNUM,532896,Magnum Ventures,"Paper, Forest & Jute Products",Paper & Paper Products
INE867A01022,MANUGRAPH,505324,Manugraph India,Industrial Manufacturing,Industrial Products
INE825V01034,MANYAVAR,543463,Vedant Fashions,Retailing,Speciality Retail
INE0BV301023,MAPMYINDIA,543425,C.E. Info System,IT - Software,Software Products
INE071D01033,MENONBE,523828,Menon Bearings,Auto Components,Auto Components & Equipments
INE745G01043,MCX,534091,Multi Comm. Exc.,Capital Markets,Exchange and Data Platform
INE474Q01031,MEDANTA,543654,Global Health,Healthcare Services,Hospital
INE456Z01021,MEDIASSIST,544088,Medi Assist Ser.,Insurance,Insurance Distributors
INE646B01010,MEDICAMEQ,531146,Medicamen Biotec,Pharmaceuticals & Biotechnology,Pharmaceuticals
INE630Y01024,MEDICO,540937,Medico Remedies,Pharmaceuticals & Biotechnology,Pharmaceuticals
INE804L01022,MEDPLUS,543427,Medplus Health,Retailing,Pharmacy Retail
INE00EM01016,MEGASTAR,541352,Megastar Foods,Food Products,Other Food Products
INE317I01021,METROBRAND,543426,Metro Brands,Consumer Durables,Footwear
INE182D01020,MARATHON,503101,Marathon Nextgen,Realty,"Residential, Commercial Projects"
INE112L01020,METROPOLIS,542650,Metropolis Healt,Healthcare Services,Healthcare Service Provider
INE0APB01032,MGEL,544273,Mangalam Global,Agricultural Food & other Products,Other Agricultural Products
INE002S01010,MGL,539957,Mahanagar Gas,Gas,LPG/CNG/PNG/LNG Supplier
INE112D01035,MHLXMIRU,514450,Mahalaxmi Rubtec,Textiles & Apparels,Other Textile Products
INE998I01010,MHRIL,533088,Mahindra Holiday,Leisure Services,Hotels & Resorts
INE287C01037,MICEL,532850,MIC Electronics,Industrial Products,Other Industrial Products
INE099Z01011,MIDHANI,541195,Mishra Dhatu Nig,Aerospace & Defense,Aerospace & Defense
INE613C01026,MCLOUD,538891,Magellanic Cloud,IT - Software,Computers - Software & Consulting
INE912H01013,MBLINFRA,533152,MBL Infrast,Construction,Civil Construction
INE08N601015,MBEL,544470,M & B Engineer.,Construction,Civil Construction
INE900L01010,MBAPL,,M B Agro Prod.,Fertilizers & Agrochemicals,Fertilizers
INE196A01026,MARICO,531642,Marico,Agricultural Food & other Products,Edible Oil
INE01JE01028,MARINE,,Marine Electric.,Industrial Manufacturing,Industrial Products
INE0FW001016,MARKOLINES,543364,Markolines Pavem,Construction,Civil Construction
INE750C01026,MARKSANS,524404,Marksans Pharma,Pharmaceuticals & Biotechnology,Pharmaceuticals
INE415B01044,MARSONS,517467,Marsons,Electrical Equipment,Other Electrical Equipment
INE585B01010,MARUTI,532500,Maruti Suzuki,Automobiles,Passenger Cars & Utility Vehicles
INE348L01012,MASFIN,540749,MAS FINANC SER,Finance,Non Banking Financial Company (NBFC)
INE759A01021,MASTEK,523704,Mastek,IT - Software,Computers - Software & Consulting
INE677D01037,MASTERTR,511768,Master Trust,Capital Markets,Stockbroking & Allied
INE866R01028,MATRIMONY,540704,Matrimony.com,Retailing,Internet & Catalogue Retail
INE03EI01018,MAXESTATES,544008,Max Estates,Realty,"Residential, Commercial Projects"
INE027H01010,MAXHEALTH,543220,Max Healthcare,Healthcare Services,Hospital
INE0CG601016,MAXIND,543223,Max India Ltd,Finance,Holding Company
INE040D01038,MAYURUNIQ,522249,Mayur Uniquoters,Consumer Durables,Leather And Leather Products
INE249Z01020,MAZDOCK,543237,Mazagon Dock,Industrial Manufacturing,Ship Building & Allied Services
INE01GN01025,IRISDOREME,,Iris Clothings,Textiles & Apparels,Garments & Apparels
INE053F01010,IRFC,543257,I R F C,Finance,Financial Institution
INE021O01019,DODLA,543306,Dodla Dairy,Food Products,Dairy Products
INE079J01017,GATEWAY,543489,Gateway Distri,Transport Services,Logistics Solution Provider
INE845D01014,GANECOS,514167,Ganesha Ecosphe.,Textiles & Apparels,Other Textile Products
INE388A01029,GANESHBE,500153,Ganesh Benzopl.,Oil,Oil Storage & Transportation
INE652V01016,GANESHCP,544528,Ganesh Consumer,Food Products,Packaged Foods
INE460C01014,GANESHHOU,526367,Ganesh Housing,Realty,"Residential, Commercial Projects"
INE691Z01023,GANGAFORGE,,Ganga Forging,Industrial Products,Castings & Forgings
INE276A01018,GARFIBRES,509557,Garware Tech.,Textiles & Apparels,Other Textile Products
INE0JVO01026,GARUDA,544271,Garuda Cons,Construction,Civil Construction
INE199P01028,GCSL,543324,Gretex Corporate,Capital Markets,Other Capital Market related Services
INE717W01049,GANDHAR,544029,Gandhar Oil Ref.,Petroleum Products,Lubricants
INE669X01032,GEEKAYWIRE,,Geekay Wires,Industrial Products,Iron & Steel Products
INE854S01022,GENCON,539407,Generic Engineer,Realty,"Residential, Commercial Projects"
INE727B01026,GENESYS,506109,Genesys Intl.,IT - Services,IT Enabled Services
INE949P01018,GENUSPAPER,538961,Genus Paper & Bo,"Paper, Forest & Jute Products",Paper & Paper Products
INE955D01029,GENUSPOWER,530343,Genus Power,Electrical Equipment,Other Electrical Equipment
INE007B01023,GEOJITFSL,532285,Geojit Fin. Ser.,Capital Markets,Stockbroking & Allied
INE017A01032,GESHIP,500620,GE Shipping Co,Transport Services,Shipping
INE524B01027,GANDHITUBE,513108,Gandhi Spl. Tube,Industrial Products,Iron & Steel Products
INE297H01019,GALLANTT,532726,Gallantt Ispat L,Industrial Products,Iron & Steel Products
INE289B01019,GICHSGFIN,511676,GIC Housing Fin,Finance,Housing Finance Company
INE976E01023,FOODSIN,507552,Foods & Inns,Food Products,Packaged Foods
INE734I01027,FINKURVE,508954,Finkurve Fin.,Finance,Non Banking Financial Company (NBFC)
INE183A01024,FINPIPE,500940,Finolex Inds.,Industrial Products,Plastic Products - Industrial
INE02RE01045,FIRSTCRY,544226,Brainbees Solut.,Retailing,E-Retail/ E-Commerce
INE128S01021,FIVESTAR,543663,Five-Star Bus.Fi,Finance,Non Banking Financial Company (NBFC)
INE00Y201027,FLAIR,544030,Flair Writing,Household Products,Stationary
INE09N301011,FLUOROCHEM,542812,Gujarat Fluoroch,Chemicals & Petrochemicals,Specialty Chemicals
INE529A01010,FMGOETZE,505744,Federal-Mogul Go,Auto Components,Auto Components & Equipments
INE061F01013,FORTIS,532843,Fortis Health.,Healthcare Services,Hospital
INE600K01018,GALAXYSURF,540935,Galaxy Surfact.,Chemicals & Petrochemicals,Specialty Chemicals
INE519A01011,FOSECOIND,500150,Foseco India,Chemicals & Petrochemicals,Specialty Chemicals
INE684F01012,FSL,532809,Firstsour.Solu.,Commercial Services & Supplies,Business Process Outsourcing (BPO)/ Knowledge Process Outsourcing (KPO)
INE139R01012,FUSION,543652,Fusion Finance,Finance,Microfinance Institutions
INE524A01029,GABRIEL,505714,Gabriel India,Auto Components,Auto Components & Equipments
INE036B01030,GAEL,524226,Guj. Ambuja Exp,Agricultural Food & other Products,Other Agricultural Products
INE129A01019,GAIL,532155,GAIL (India),Gas,Gas Transmission/Marketing
INE0RE001014,GALAPREC,544244,Gala Precis. Eng,Industrial Manufacturing,Industrial Products
INE539A01019,GHCL,500171,GHCL,Chemicals & Petrochemicals,Commodity Chemicals
INE047B01011,GILLANDERS,532716,Gillanders Arbut,Agricultural Food & other Products,Tea & Coffee
INE235A01022,FINCABLES,500144,Finolex Cables,Industrial Products,Cables - Electricals
INE484J01027,GODREJPROP,533150,Godrej Propert.,Realty,"Residential, Commercial Projects"
INE077F01035,GOCLCORP,506480,GOCL Corpn.,Chemicals & Petrochemicals,Explosives
INE0BJS01011,GOCOLORS,543401,Go Fashion (I),Retailing,Speciality Retail
INE497S01012,GODAVARIB,544279,Godavari Bioref.,Diversified FMCG,Diversified FMCG
INE260B01028,GODFRYPHLP,500163,Godfrey Phillips,Cigarettes & Tobacco Products,Cigarettes & Tobacco Products
INE850D01014,GODREJAGRO,540743,Godrej Agrovet,Food Products,Animal Feed
INE102D01028,GODREJCP,532424,Godrej Consumer,Personal Products,Personal Care
INE233A01035,GODREJIND,500164,Godrej Industrie,Diversified,Diversified
INE887G01027,GOKEX,532630,Gokaldas Exports,Textiles & Apparels,Garments & Apparels
INE113A01013,GNFC,500670,G N F C,Chemicals & Petrochemicals,Commodity Chemicals
INE020J01029,GOKUL,532980,Gokul Refoils,Agricultural Food & other Products,Edible Oil
INE314T01033,GOKULAGRO,539725,Gokul Agro,Agricultural Food & other Products,Edible Oil
INE025B01025,GOLDIAM,526729,Goldiam Intl.,Consumer Durables,"Gems, Jewellery And Watches"
INE805A01014,GOLDTECH,531439,Aion-Tech Soluti,IT - Software,Software Products
INE127I01024,GOODLUCK,530655,Goodluck India,Industrial Products,Iron & Steel Products
INE0L9R01028,GOPAL,544140,Gopal Snacks,Food Products,Packaged Foods
INE705X01026,GOYALALUM,541152,Goyal Aluminiums,Commercial Services & Supplies,Trading & Distributors
INE426D01013,GOACARBON,509567,Goa Carbon,Minerals & Mining,Industrial Minerals
INE934S01014,GNA,540124,GNA Axles,Auto Components,Auto Components & Equipments
INE322A01010,GILLETTE,507815,Gillette India,Personal Products,Personal Care
INE291W01037,GLOBAL,,Global Education,Other Consumer Services,Education
INE424C01010,GINNIFILA,590025,Ginni Filaments,Textiles & Apparels,Other Textile Products
INE162A01010,GIPCL,517300,Guj Inds. Power,Power,Power Generation
INE1AG301022,GKENERGY,544525,GK Energy,Construction,Civil Construction
INE528A01020,GKWLIMITED,,GKW,Finance,Investment Company
INE068V01023,GLAND,543245,Gland Pharma,Pharmaceuticals & Biotechnology,Pharmaceuticals
INE159A01016,GLAXO,500660,Glaxosmi. Pharma,Pharmaceuticals & Biotechnology,Pharmaceuticals
INE935A01035,GLENMARK,532296,Glenmark Pharma.,Pharmaceuticals & Biotechnology,Pharmaceuticals
INE792H01019,GLOBALVECT,532773,Global Vectra,Transport Services,Airline
INE0CU601026,GMRP&UI,543490,GMR Urban,Power,Power Generation
INE581X01021,GLOBE,,Globe Enterprises,Textiles & Apparels,Other Textile Products
INE615I01010,GLOBUSSPR,533104,Globus Spirits,Beverages,Breweries & Distilleries
INE350Z01018,GLOSTERLTD,542351,Gloster Ltd,"Paper, Forest & Jute Products",Jute & Jute Products
INE075D01018,GMBREW,507488,G M Breweries,Beverages,Breweries & Distilleries
INE131A01031,GMDCLTD,532181,G M D C,Minerals & Mining,Industrial Minerals
INE541A01023,GMMPFAUDLR,505255,GMM Pfaudler,Industrial Manufacturing,Industrial Products
INE397H01017,LOKESHMACH,532740,Lokesh Mach.,Industrial Manufacturing,Industrial Products
INE686Y01026,FINEORG,541557,Fine Organic,Chemicals & Petrochemicals,Specialty Chemicals
INE816B01035,FILATEX,526227,Filatex India,Textiles & Apparels,Other Textile Products
INE202E01016,IREDA,544026,Indian Renewable,Finance,Financial Institution
INE158B01016,EIMCOELECO,523708,Eimco Elecon(I),Industrial Manufacturing,Industrial Products
INE06HJ01020,ECOSMOBLTY,544239,Ecos (India),Transport Services,Road Transport
INE066A01021,EICHERMOT,505200,Eicher Motors,Automobiles,2/3 Wheelers
INE126A01031,EIDPARRY,500125,EID Parry,Food Products,Other Food Products
INE0LLY01014,EIEL,544290,Enviro Infra,Other Utilities,Water Supply & Management
INE546V01010,EIFFL,,Euro India Fresh,Food Products,Packaged Foods
INE276C01014,EIHAHOTELS,523127,EIH Assoc.Hotels,Leisure Services,Hotels & Resorts
INE230A01023,EIHOTEL,500840,EIH,Leisure Services,Hotels & Resorts
INE184H01027,EKC,532684,Everest Kanto,Industrial Manufacturing,Industrial Products
INE18JU01028,EBGNG,544455,GNG Electronics,IT - Hardware,Computers Hardware & Equipments
INE668G01021,ELDEHSG,523329,Eldeco Housing,Realty,"Residential, Commercial Projects"
INE205B01031,ELECON,505700,Elecon Engg.Co,Electrical Equipment,Heavy Electrical Equipment
INE086A01029,ELECTCAST,500128,Electrost.Cast.,Industrial Products,Iron & Steel Products
INE285A01027,ELGIEQUIP,522074,Elgi Equipments,Industrial Products,"Compressors, Pumps & Diesel Engines"
INE819L01012,ELGIRUBCO,,Elgi Rubber Co,Industrial Products,Rubber
INE050401020,ELIN,543725,Elin Electronics,Consumer Durables,Household Appliances
INE548C01032,EMAMILTD,531162,Emami,Personal Products,Personal Care
INE738I01010,ECLERX,532927,eClerx Services,Commercial Services & Supplies,Business Process Outsourcing (BPO)/ Knowledge Process Outsourcing (KPO)
INE07O001026,EASEMYTRIP,543272,Easy Trip Plann.,Leisure Services,"Tour, Travel Related Services"
INE069I01010,EMBDL,532832,Embassy Develop,Realty,"Residential, Commercial Projects"
INE506A01018,DREDGECORP,523618,Dredging Corpn.,Engineering Services,Dredging
INE325C01035,DOLLAR,541403,Dollar Industrie,Textiles & Apparels,Garments & Apparels
INE321T01012,DOMS,544045,DOMS Industries,Household Products,Stationary
INE668D01028,DONEAR,512519,Donear Inds.,Textiles & Apparels,Other Textile Products
INE266Y01019,DPABHUSHAN,544161,D.P. Abhushan,Consumer Durables,"Gems, Jewellery And Watches"
INE864X01013,DPWIRES,543962,D P Wires,Industrial Products,Iron & Steel Products
INE03RS01027,DRCSYSTEMS,543268,DRC Systems,IT - Software,Computers - Software & Consulting
INE0JS101016,DREAMFOLKS,543591,Dreamfolks Servi,Transport Infrastructure,Airport & Airport services
INE089A01031,DRREDDY,500124,Dr Reddy's Labs,Pharmaceuticals & Biotechnology,Pharmaceuticals
INE255Z01019,E2E,,E2E Networks,IT - Services,IT Enabled Services
INE417B01040,DSSL,532365,Dynacons Sys.,IT - Services,IT Enabled Services
INE341R01014,DTIL,,Dhunseri Tea,Agricultural Food & other Products,Tea & Coffee
INE477B01010,DVL,523736,Dhunseri Vent.,Diversified,Diversified
INE366A01041,DWARKESH,532610,Dwarikesh Sugar,Agricultural Food & other Products,Sugar
INE600Y01019,DYCL,540795,Dynamic Cables,Industrial Products,Cables - Electricals
INE221B01012,DYNAMATECH,505242,Dynamatic Tech.,Industrial Manufacturing,Industrial Products
INE256H01015,DYNPRO,532707,Dynemic Products,Chemicals & Petrochemicals,Specialty Chemicals
INE830C01026,EMAMIPAP,533208,Emami Paper,"Paper, Forest & Jute Products",Paper & Paper Products
INE168P01015,EMCURE,544210,Emcure Pharma,Pharmaceuticals & Biotechnology,Pharmaceuticals
INE737H01014,FIEMIND,532768,Fiem Industries,Auto Components,Auto Components & Equipments
INE201K01015,EXPLEOSOL,533121,Expleo Solutions,IT - Services,IT Enabled Services
INE505V01016,EUROBOND,544461,Euro Panel,Industrial Products,"Aluminium, Copper & Zinc Products"
INE198501012,EUROPRATIK,544519,Euro Pratik Sale,Consumer Durables,"Furniture, Home Furnishing"
INE128A01029,EVEREADY,531508,Eveready Inds.,Household Products,Household Products
INE295A01018,EVERESTIND,508906,Everest Inds.,Other Construction Materials,Other Construction Materials
INE369A01029,EXCELINDUS,500650,Excel Industries,Chemicals & Petrochemicals,Specialty Chemicals
INE777F01014,EXICOM,544133,Exicom Tele-Sys.,Electrical Equipment,Heavy Electrical Equipment
INE302A01020,EXIDEIND,500086,Exide Inds.,Auto Components,Auto Components & Equipments
INE0GFE01026,EXXARO,543327,Exxaro Tiles,Consumer Durables,Ceramics
INE04TZ01018,ETHOSLTD,543532,Ethos,Consumer Durables,"Gems, Jewellery And Watches"
INE188A01015,FACT,590024,F A C T,Fertilizers & Agrochemicals,Fertilizers
INE0DNW01011,FAIRCHEMOR,543252,Fairchem Organic,Chemicals & Petrochemicals,Specialty Chemicals
INE963C01033,FAZE3Q,530079,Faze Three,Textiles & Apparels,Other Textile Products
INE045J01034,FCL,533333,Fineotex Chem,Chemicals & Petrochemicals,Specialty Chemicals
INE258B01022,FDC,531599,FDC,Pharmaceuticals & Biotechnology,Pharmaceuticals
INE007N01010,FEDFINA,544027,Fedbank Financi.,Finance,Non Banking Financial Company (NBFC)
INE296C01020,FIBERWEB,507910,Fiberweb (India),Textiles & Apparels,Other Textile Products
INE0KCE01017,EUREKAFORB,543482,Eureka Forbes,Consumer Durables,Household Appliances
INE758T01015,ETERNAL,543320,Eternal,Retailing,E-Retail/ E-Commerce
INE02YR01019,EMIL,543626,Electronics Mart,Retailing,Diversified Retail
INE265F01028,ENIL,532700,Ent.Network,Entertainment,Media & Entertainment
INE296H01011,EMKAY,532737,Emk.Global Fin.,Capital Markets,Stockbroking & Allied
INE753K01015,EMMBI,533161,Emmbi Industries,Industrial Products,Packaging
INE0OV601013,EMSLIMITED,543983,EMS,Other Utilities,Waste Management
INE01QM01018,EMUDHRA,543533,eMudhra,IT - Services,IT Enabled Services
INE913H01037,ENDURANCE,540153,Endurance Tech.,Auto Components,Auto Components & Equipments
INE306C01019,ENERGYDEV,532219,Energy Devl.Co.,Power,Power Generation
INE510A01028,ENGINERSIN,532178,Engineers India,Construction,Civil Construction
INE010601016,ENTERO,544122,Entero Healthcar,Retailing,Pharmacy Retail
INE778B01029,ESTER,500136,Ester Industries,Industrial Products,Packaging
INE0G5901015,EPACK,544095,Epack Durable,Consumer Durables,Household Appliances
INE0MLS01022,EPACKPEB,544540,EPack PrefabTech,Industrial Manufacturing,Industrial Products
INE071N01016,EPIGRAL,543332,Epigral,Chemicals & Petrochemicals,Specialty Chemicals
INE255A01020,EPL,500135,EPL Ltd,Industrial Products,Packaging
INE406M01024,ERIS,540596,ERIS Lifescience,Pharmaceuticals & Biotechnology,Pharmaceuticals
INE284A01012,ESABINDIA,500133,Esab India,Industrial Products,Other Industrial Products
INE042A01014,ESCORTS,500495,Escorts Kubota,"Agricultural, Commercial & Construction Vehicles",Tractors
INE177H01039,GPIL,532734,Godawari Power,Industrial Products,Iron & Steel Products
INE517F01014,GPPL,533248,Guj Pipavav Port,Transport Infrastructure,Port & Port services
INE486R01017,GPTHEALTH,544131,GPT Healthcare,Healthcare Services,Hospital
INE919H01018,IMFA,533047,Indian Metals,Ferrous Metals,Ferro & Silica Manganese
INE203G01027,IGL,532514,Indraprastha Gas,Gas,LPG/CNG/PNG/LNG Supplier
INE204A01010,IGPL,500199,I G Petrochems,Chemicals & Petrochemicals,Commodity Chemicals
INE489L01022,IIFLCAPS,542773,IIFL Capital,Capital Markets,Stockbroking & Allied
INE886A01014,IITL,501295,Indl. Inv. Trust,Finance,Investment Company
INE0LOJ01019,IKIO,543923,IKIO Tech,Consumer Durables,Consumer Electronics
INE115Q01022,IKS,544309,Inventurus Knowl,IT - Services,IT Enabled Services
INE172N01012,IMAGICAA,539056,Imagica. Enter.,Leisure Services,Amusement Parks/ Other Recreation
INE0LGX01024,INA,543620,Insolation Ener,Power,Power Generation
INE188B01013,IGARASHI,517380,Igarashi Motors,Auto Components,Auto Components & Equipments
INE452L01012,INCREDIBLE,538365,Incredible Indus,Industrial Products,Iron & Steel Products
INE841B01017,INDBANK,511473,Indbank Merchant,Capital Markets,Stockbroking & Allied
INE065X01017,INDGN,544172,Indegene,Healthcare Services,"Healthcare Research, Analytics & Technology"
INE053A01029,INDHOTEL,500850,Indian Hotels Co,Leisure Services,Hotels & Resorts
INE383A01012,INDIACEM,530005,India Cements,Cement & Cement Products,Cement & Cement Products
INE560A01023,INDIAGLYCO,500201,India Glycols,Beverages,Breweries & Distilleries
INE933S01016,INDIAMART,542726,Indiamart Inter.,Retailing,Internet & Catalogue Retail
INE0Q9301021,IGIL,544311,International Ge,Commercial Services & Supplies,Diversified Commercial Services
INE133Y01011,IFGLEXPOR,540774,IFGL Refractori.,Industrial Products,Electrodes & Refractories
INE323C01030,INDIANHUME,504741,Indian Hume Pipe,Industrial Manufacturing,Industrial Products
INE501G01024,HTMEDIA,532662,H T Media,Media,Print Media
INE0J5401028,HONASA,544014,Honasa Consumer,Personal Products,Personal Care
INE671A01010,HONAUT,517174,Honeywell Auto,Industrial Manufacturing,Industrial Products
INE634A01018,HONDAPOWER,522064,Honda India,Industrial Manufacturing,Industrial Products
INE0GSL01024,HPAL,543433,HP Adhesives,Chemicals & Petrochemicals,Specialty Chemicals
INE05X901010,HPIL,543645,Hindprakash Indu,Chemicals & Petrochemicals,Dyes And Pigments
INE495S01016,HPL,540136,HPL Electric,Industrial Manufacturing,Industrial Products
INE019C01026,HSCL,500184,Himadri Special,Chemicals & Petrochemicals,Carbon Black
INE703H01016,HUBTOWN,532799,Hubtown,Realty,"Residential, Commercial Projects"
INE559A01017,IFBIND,505726,IFB Industries,Consumer Durables,Household Appliances
INE275B01026,HUHTAMAKI,509820,Huhtamaki India,Industrial Products,Packaging
INE965B01022,HYBRIDFIN,500262,Hybrid Financial,Capital Markets,Stockbroking & Allied
INE0V6F01027,HYUNDAI,544274,Hyundai Motor I,Automobiles,Passenger Cars & Utility Vehicles
INE520Y01019,ICEMAKE,,ICE Make Refrig.,Industrial Manufacturing,Industrial Products
INE483B01026,ICIL,521016,Indo Count Inds.,Textiles & Apparels,Other Textile Products
INE725G01011,ICRA,532835,ICRA,Capital Markets,Ratings
INE022Q01020,IEX,540750,Indian Energy Ex,Capital Markets,Exchange and Data Platform
INE061A01014,INDIANCARD,509692,Indian CardCloth,Textiles & Apparels,Other Textile Products
INE922K01024,INDIASHLTR,544044,INDIA SHELTE FIN,Finance,Housing Finance Company
INE390G01014,GPTINFRA,533761,GPT Infraproject,Construction,Civil Construction
INE878H01024,INVENTURE,533506,Inventure Grow.,Capital Markets,Stockbroking & Allied
INE616N01034,INOXINDIA,544046,Inox India,Industrial Products,Other Industrial Products
INE066P01011,INOXWIND,539083,Inox Wind,Electrical Equipment,Heavy Electrical Equipment
INE070I01018,INSECTICID,532851,Insecticid.India,Fertilizers & Agrochemicals,Pesticides & Agrochemicals
INE020G01017,INSPIRISYS,532774,Inspirisys Sol.,IT - Services,IT Enabled Services
INE306R01017,INTELLECT,538835,Intellect Design,IT - Software,Computers - Software & Consulting
INE00M901018,INTERARCH,544232,Interarch Build.,Construction,Civil Construction
INE575C01027,INTLCONV,509709,Intl. Conveyors,Industrial Manufacturing,Industrial Products
INE242A01010,IOC,530965,I O C L,Petroleum Products,Refineries & Marketing
INE403Y01018,INNOVANA,544302,Innovana Think.,IT - Software,Computers - Software & Consulting
INE485C01029,IOLCP,524164,IOL Chemicals,Pharmaceuticals & Biotechnology,Pharmaceuticals
INE570A01022,IONEXCHANG,500214,ION Exchange,Other Utilities,Water Supply & Management
INE571A01038,IPCALAB,524494,Ipca Labs.,Pharmaceuticals & Biotechnology,Pharmaceuticals
INE0D6701023,IPL,543311,India Pesticides,Fertilizers & Agrochemicals,Pesticides & Agrochemicals
INE821I01022,IRB,532947,IRB Infra.Devl.,Construction,Civil Construction
INE962Y01021,IRCON,541956,Ircon Intl.,Construction,Civil Construction
INE335Y01020,IRCTC,542830,I R C T C,Leisure Services,"Tour, Travel Related Services"
INE510W01014,INOXGREEN,543667,Inox Green,Power,Power Generation
INE0DUT01020,INNOVACAP,544067,Innova Captab,Pharmaceuticals & Biotechnology,Pharmaceuticals
INE646L01027,INDIGO,539448,Interglobe Aviat,Transport Services,Airline
INE896L01010,INDOSTAR,541336,Indostar Capital,Finance,Non Banking Financial Company (NBFC)
INE09VQ01012,INDIGOPNTS,543258,Indigo Paints,Consumer Durables,Paints
INE092B01025,INDNIPPON,532240,India Nipp.Elec.,Auto Components,Auto Components & Equipments
INE760F01028,INDOAMIN,524648,Indo Amines,Chemicals & Petrochemicals,Specialty Chemicals
INE803D01021,INDOBORAX,524342,Indo Borax & Ch.,Chemicals & Petrochemicals,Commodity Chemicals
INE873D01024,INDOCO,532612,Indoco Remedies,Pharmaceuticals & Biotechnology,Pharmaceuticals
INE622H01018,INDOFARM,544328,Indo Farm Equip.,"Agricultural, Commercial & Construction Vehicles",Tractors
INE156A01020,INDORAMA,500207,Indo Rama Synth.,Textiles & Apparels,Other Textile Products
INE337M01021,INDOTHAI,533676,Indo Thai Sec.,Capital Markets,Stockbroking & Allied
INE177A01018,INGERRAND,500210,Ingersoll-Rand,Industrial Products,"Compressors, Pumps & Diesel Engines"
INE250Z01010,INDOUS,541304,Indo US Bio-Tech,Agricultural Food & other Products,Other Agricultural Products
INE681B01017,INDRAMEDCO,532150,Indrapr.Medical,Healthcare Services,Hospital
INE915B01019,INDSWFTLAB,532305,Ind-Swift Labs.,Pharmaceuticals & Biotechnology,Pharmaceuticals
INE611L01021,INDTERRAIN,533329,Indian Terrain,Textiles & Apparels,Garments & Apparels
INE121J01017,INDUSTOWER,534816,Indus Towers,Telecom - Services,Telecom - Infrastructure
INE344S01016,INFOBEAN,543644,InfoBeans Tech.,IT - Software,Computers - Software & Consulting
INE009A01021,INFY,500209,Infosys,IT - Software,Computers - Software & Consulting
INE481N01025,HOMEFIRST,543259,Home First Finan,Finance,Housing Finance Company
INE254N01026,HNDFDS,519126,Hindustan Foods,Diversified FMCG,Diversified FMCG
INE871K01015,HMVL,533217,Hindustan Media,Media,Print Media
INE255D01024,GULPOLY,532457,Gulshan Polyols,Agricultural Food & other Products,Other Agricultural Products
INE742B01025,GUFICBIO,509079,Gufic BioScience,Pharmaceuticals & Biotechnology,Pharmaceuticals
INE186A01019,GUJALKALI,530001,Gujarat Alkalies,Chemicals & Petrochemicals,Commodity Chemicals
INE826C01016,GUJAPOLLO,522217,Guj Apollo Inds,Industrial Manufacturing,Industrial Products
INE844O01030,GUJGASLTD,539336,Gujarat Gas,Gas,LPG/CNG/PNG/LNG Supplier
INE942C01045,GUJTHEM,506879,Guj. Themis Bio.,Pharmaceuticals & Biotechnology,Pharmaceuticals
INE635Q01029,GULFOILLUB,538567,Gulf Oil Lubric.,Petroleum Products,Lubricants
INE586G01017,GULFPETRO,532543,GP Petroleums,Petroleum Products,Lubricants
INE878A01011,GVPIL,532309,GE Power,Electrical Equipment,Heavy Electrical Equipment
INE586X01012,GTECJAINX,,G-Tec Janix,Other Consumer Services,E-Learning
INE200A01026,GVT&D,522275,GE Vernova T&D,Electrical Equipment,Heavy Electrical Equipment
INE066F01020,HAL,541154,Hind.Aeronautics,Aerospace & Defense,Aerospace & Defense
INE115S01010,HALDER,,Halder Venture,Agricultural Food & other Products,Other Agricultural Products
INE320X01016,HALEOSLABS,540679,Haleos Labs Limited,Pharmaceuticals & Biotechnology,Pharmaceuticals
INE330T01021,HAPPYFORGE,544057,Happy Forgings,Industrial Products,Castings & Forgings
INE626Z01029,HARDWYN,541276,Hardwyn India,Consumer Durables,"Furniture, Home Furnishing"
INE00EV01017,HARIOMPIPE,543517,Hariom Pipe,Industrial Products,Iron & Steel Products
INE869I01013,GTPL,540602,GTPL Hathway,Entertainment,TV Broadcasting & Software Production
INE0JSX01015,GSLSU,543829,Global Surfaces,Consumer Durables,Granites & Marbles
INE0ECP01024,HMAAGRO,543929,HMA Agro Inds.,Food Products,Meat Products including Poultry
INE461C01038,GREENPLY,526797,Greenply Industr,Consumer Durables,Plywood Boards/ Laminates
INE101D01020,GRANULES,532482,Granules India,Pharmaceuticals & Biotechnology,Pharmaceuticals
INE371A01025,GRAPHITE,509488,Graphite India,Industrial Products,Electrodes & Refractories
INE047A01021,GRASIM,500300,Grasim Inds,Cement & Cement Products,Cement & Cement Products
INE024L01027,GRAVITA,533282,Gravita India,Minerals & Mining,Industrial Minerals
INE224A01026,GREAVESCOT,501455,Greaves Cotton,Industrial Products,"Compressors, Pumps & Diesel Engines"
INE544R01021,GREENLAM,538979,Greenlam Industr,Consumer Durables,Plywood Boards/ Laminates
INE08ZM01014,GREENPANEL,542857,Greenpanel Inds.,Consumer Durables,Plywood Boards/ Laminates
INE999K01014,GREENPOWER,533263,Orient Green,Power,Power Generation
INE026A01025,GSFC,500690,G S F C,Fertilizers & Agrochemicals,Fertilizers
INE536A01023,GRINDWELL,506076,Grindwell Norton,Industrial Products,Abrasives & Bearings
INE201P01022,GRINFRA,543317,G R Infraproject,Construction,Civil Construction
INE192H01020,GRMOVER,531449,GRM Overseas,Agricultural Food & other Products,Other Agricultural Products
INE646C01018,GROBTEA,,Grob Tea Co,Agricultural Food & other Products,Tea & Coffee
INE137I01015,GRPLTD,509152,GRP,Industrial Products,Rubber
INE382Z01011,GRSE,542011,Garden Reach Sh.,Aerospace & Defense,Aerospace & Defense
INE291A01017,GRWRHITECH,500655,Garware Hi Tech,Industrial Products,Plastic Products - Industrial
INE544A01019,HARRMALAYA,,Harri. Malayalam,Industrial Products,Rubber
INE0JUS01029,HARSHA,543600,Harsha Engg Intl,Industrial Products,Other Industrial Products
INE982F01036,HATHWAY,533162,Hathway Cable,Entertainment,TV Broadcasting & Software Production
INE030A01027,HINDUNILVR,500696,Hind. Unilever,Diversified FMCG,Diversified FMCG
INE475B01022,HIKAL,524735,Hikal,Pharmaceuticals & Biotechnology,Pharmaceuticals
INE049A01027,HIMATSEIDE,514043,Himatsing. Seide,Textiles & Apparels,Other Textile Products
INE038A01020,HINDALCO,500440,Hindalco Inds.,Non - Ferrous Metals,Aluminium
INE310C01029,HINDCOMPOS,509635,Hind.Composites,Auto Components,Auto Components & Equipments
INE531E01026,HINDCOPPER,513599,Hindustan Copper,Non - Ferrous Metals,Copper
INE345A01011,HINDOILEXP,500186,Hind.Oil Explor.,Oil,Oil Exploration & Production
INE094A01015,HINDPETRO,500104,H P C L,Petroleum Products,Refineries & Marketing
INE05AN01011,HINDWAREAP,542905,Hindware Home In,Consumer Durables,Sanitary Ware
INE473B01035,HATSUN,531531,Hatsun Agro,Food Products,Dairy Products
INE267A01025,HINDZINC,500188,Hindustan Zinc,Non - Ferrous Metals,Zinc
INE835D01023,HIRECT,504036,Hind Rectifiers,Industrial Manufacturing,Industrial Products
INE598C01011,HISARMETAL,,Hisar Met.Inds.,Industrial Products,Iron & Steel Products
INE106T01025,HITECH,543411,Hi-Tech Pipes,Industrial Products,Iron & Steel Products
INE120D01012,HITECHCORP,526217,Hitech Corp.,Industrial Products,Packaging
INE461D01028,HLEGLAS,522215,HLE Glascoat,Industrial Manufacturing,Industrial Products
INE102A01024,HLVLTD,500193,HLV,Leisure Services,Hotels & Resorts
INE170I01016,HGS,532859,Hinduja Global,Commercial Services & Supplies,Business Process Outsourcing (BPO)/ Knowledge Process Outsourcing (KPO)
INE596H01014,HGM,532761,Handson Global,IT - Services,IT Enabled Services
INE926X01010,HGINFRA,541019,H.G. Infra Engg.,Construction,Civil Construction
INE548A01028,HFCL,500183,HFCL,Telecom - Services,Telecom - Infrastructure
INE176B01034,HAVELLS,517354,Havells India,Consumer Durables,Consumer Electronics
INE293B01029,HAVISHA,531322,Sri Havisha,Leisure Services,Hotels & Resorts
INE292B01021,HBLENGINE,517271,HBL Engineering,Industrial Products,Other Industrial Products
INE549A01026,HCC,500185,Hind.Construct.,Construction,Civil Construction
INE075I01017,HCG,539787,Health.Global,Healthcare Services,Hospital
INE860A01027,HCLTECH,532281,HCL Technologies,IT - Software,Computers - Software & Consulting
INE558R01013,HECPROJECT,,HEC Infra Proj.,Construction,Civil Construction
INE545A01024,HEG,509631,HEG,Industrial Products,Electrodes & Refractories
INE578A01017,HEIDELBERG,500292,Heidelberg Cem.,Cement & Cement Products,Cement & Cement Products
INE694N01015,HERANBA,543266,Heranba Inds,Fertilizers & Agrochemicals,Pesticides & Agrochemicals
INE978A01027,HERITGFOOD,519552,Heritage Foods,Food Products,Dairy Products
INE158A01026,HEROMOTOCO,500182,Hero Motocorp,Automobiles,2/3 Wheelers
INE782E01017,HESTERBIO,524669,Hester Bios,Pharmaceuticals & Biotechnology,Pharmaceuticals
INE750M01017,HEXATRADEX,534328,Hexa Tradex,Finance,Investment Company
INE093A01041,HEXT,544362,Hexaware Tech.,IT - Software,Computers - Software & Consulting
INE410P01011,NH,539551,Narayana Hrudaya,Healthcare Services,Hospital
INE848E01016,NHPC,533098,NHPC Ltd,Power,Power Generation
INE161A01038,NIITLTD,500304,NIIT,Other Consumer Services,Education
INE0EK901012,TARC,543249,TARC Ltd,Realty,"Residential, Commercial Projects"
INE398R01022,SYNGENE,539268,Syngene Intl.,Healthcare Services,"Healthcare Research, Analytics & Technology"
INE0DYJ01015,SYRMA,543573,Syrma SGS Tech.,Industrial Manufacturing,Industrial Products
INE356B01024,SYSTMTXC,526506,Systematix Corp.,Capital Markets,Stockbroking & Allied
INE586B01026,TAJGVK,532390,TajGVK Hotels,Leisure Services,Hotels & Resorts
INE187D01029,TALBROAUTO,505160,Talbros Auto.,Auto Components,Auto Components & Equipments
INE483C01032,TANLA,532790,Tanla Platforms,IT - Software,Software Products
INE555Z01020,TARACHAND,,Tara Chand Infra,Commercial Services & Supplies,Diversified Commercial Services
INE763I01026,TARIL,532928,T R I L,Electrical Equipment,Heavy Electrical Equipment
INE225D01027,SYMPHONY,517385,Symphony,Consumer Durables,Household Appliances
INE924H01018,TARMAT,532869,Tarmat,Construction,Civil Construction
INE144Z01023,TARSONS,543399,Tarsons Products,Healthcare Equipment & Supplies,Medical Equipment & Supplies
INE488B01017,TASTYBITE,519091,Tasty Bite Eat.,Food Products,Packaged Foods
INE092A01019,TATACHEM,500770,Tata Chemicals,Chemicals & Petrochemicals,Commodity Chemicals
INE151A01013,TATACOMM,500483,Tata Comm,Telecom - Services,Telecom - Cellular & Fixed line services
INE192A01025,TATACONSUM,500800,Tata Consumer,Agricultural Food & other Products,Tea & Coffee
INE670A01012,TATAELXSI,500408,Tata Elxsi,IT - Software,Computers - Software & Consulting
INE312C01025,SYNCOMF,524470,Syncom Formul.,Pharmaceuticals & Biotechnology,Pharmaceuticals
INE00M201021,SWSOLAR,542760,Sterling & Wils.,Construction,Civil Construction
INE081A01020,TATASTEEL,500470,Tata Steel,Ferrous Metals,Iron & Steel
INE335A01020,SURYAROSNI,500336,Surya Roshni,Industrial Products,Iron & Steel Products
INE07RO01027,SUPRIYA,543434,Supriya Lifesci.,Pharmaceuticals & Biotechnology,Pharmaceuticals
INE843S01025,SURAJEST,544054,Suraj Estate,Realty,"Residential, Commercial Projects"
INE713C01016,SURAJLTD,531638,Suraj,Industrial Products,Iron & Steel Products
INE877V01027,SURAKSHA,544293,Suraksha Diagno.,Healthcare Services,Healthcare Service Provider
INE272L01022,SURANASOL,533298,Surana Solar,Electrical Equipment,Heavy Electrical Equipment
INE130B01031,SURANAT&P,517530,Surana Telecom,Power,Power Generation
INE713B01026,SURYALAXMI,521200,Suryalak. Cott.,Textiles & Apparels,Other Textile Products
INE645H01027,SUTLEJTEX,532782,Sutlej Textiles,Textiles & Apparels,Other Textile Products
INE00H001014,SWIGGY,544285,Swiggy,Retailing,E-Retail/ E-Commerce
INE018401013,SUVIDHAA,543281,Suvidhaa Info.,Financial Technology (Fintech),Financial Technology (Fintech)
INE442P01014,SUYOG,537259,Suyog Telematics,Telecom - Services,Telecom - Infrastructure
INE040H01021,SUZLON,532667,Suzlon Energy,Electrical Equipment,Heavy Electrical Equipment
INE00CE01017,SVLL,,Shree Vasu Logis,Transport Services,Logistics Solution Provider
INE665A01038,SWANCORP,503310,Swan Corp,Chemicals & Petrochemicals,Petrochemicals
INE277A01016,SWARAJENG,500407,Swaraj Engines,Industrial Products,"Compressors, Pumps & Diesel Engines"
INE409B01013,SWELECTES,532051,Swelect Energy,Electrical Equipment,Heavy Electrical Equipment
INE245A01021,TATAPOWER,500400,Tata Power Co.,Power,Integrated Power Utilities
INE142M01025,TATATECH,544028,Tata Technolog.,IT - Services,IT Enabled Services
INE822E01011,SUPREME,530677,Supreme Holdings,Realty,"Residential, Commercial Projects"
INE480M01011,THOMASCOTT,533941,Thomas Scott,Textiles & Apparels,Garments & Apparels
INE085J01014,THANGAMAYL,533158,Thangamayil Jew.,Consumer Durables,"Gems, Jewellery And Watches"
INE924D01017,THEINVEST,530023,The Invest.Trust,Finance,Other Financial Services
INE121N01019,THEJO,,Thejo Engg.,Industrial Manufacturing,Industrial Products
INE0AQ201015,THELEELA,544408,Leela Palaces Hotels,Leisure Services,Hotels & Resorts
INE083B01024,THEMISMED,530199,Themis Medicare,Pharmaceuticals & Biotechnology,Pharmaceuticals
INE152A01029,THERMAX,500411,Thermax,Electrical Equipment,Heavy Electrical Equipment
INE332A01027,THOMASCOOK,500413,Thomas Cook (I),Leisure Services,"Tour, Travel Related Services"
INE594H01019,THYROCARE,539871,Thyrocare Tech.,Healthcare Services,Healthcare Service Provider
INE804H01012,TFL,532812,Transwar.Fin.,Finance,Non Banking Financial Company (NBFC)
INE133E01013,TI,507205,Tilaknagar Inds.,Beverages,Breweries & Distilleries
INE545H01011,TIIL,532804,Technocraf.Inds.,Industrial Products,Iron & Steel Products
INE974X01010,TIINDIA,540762,Tube Investments,Auto Components,Auto Components & Equipments
INE806C01018,TIL,505196,TIL,"Agricultural, Commercial & Construction Vehicles",Construction Vehicles
INE508G01029,TIMETECHNO,532856,Time Technoplast,Industrial Products,Plastic Products - Industrial
INE325A01013,TIMKEN,522113,Timken India,Industrial Products,Abrasives & Bearings
INE015C01016,TINNARUBR,530475,Tinna Rubber,Industrial Products,Rubber
INE797H01018,TGBHOTELS,532845,TGB Banquets,Leisure Services,Hotels & Resorts
INE305A01023,TFCILTD,526650,Tour. Fin. Corp.,Finance,Financial Institution
INE0GK401011,TATVA,543321,Tatva Chintan,Chemicals & Petrochemicals,Specialty Chemicals
INE985S01024,TEAMLEASE,539658,Team Lease Serv.,Commercial Services & Supplies,Diversified Commercial Services
INE673O01025,TBOTEK,544174,TBO Tek,Leisure Services,"Tour, Travel Related Services"
INE760L01018,TBZ,534369,T B Z,Consumer Durables,"Gems, Jewellery And Watches"
INE688A01022,TCI,532349,Transport Corp.,Transport Services,Logistics Solution Provider
INE586V01016,TCIEXP,540212,TCI Express,Transport Services,Logistics Solution Provider
INE822C01015,TCPLPACK,523301,TCPL Packaging,Industrial Products,Packaging
INE467B01029,TCS,532540,TCS,IT - Software,Computers - Software & Consulting
INE419M01027,TDPOWERSYS,533553,TD Power Systems,Electrical Equipment,Heavy Electrical Equipment
INE669C01036,TECHM,532755,Tech Mahindra,IT - Software,Computers - Software & Consulting
INE621L01012,TEXRAIL,533326,Texmaco Rail,Industrial Manufacturing,Industrial Products
INE285K01026,TECHNOE,542141,Techno Elec.Engg,Construction,Civil Construction
INE011K01018,TEGA,543413,Tega Inds.,Industrial Manufacturing,Industrial Products
INE010J01012,TEJASNET,540595,Tejas Networks,Telecom -  Equipment & Accessories,Telecom -  Equipment & Accessories
INE869Y01010,TEMBO,,Tembo Global,Industrial Products,Iron & Steel Products
INE482B01010,TERASOFT,533982,Tera Software,IT - Services,IT Enabled Services
INE435C01024,TEXINFRA,505400,Texmaco Infrast.,Commercial Services & Supplies,Diversified Commercial Services
INE141K01013,TEXMOPIPES,533164,Texmo Pipes,Industrial Products,Plastic Products - Industrial
INE195A01028,SUPREMEIND,509930,Supreme Inds.,Industrial Products,Plastic Products - Industrial
INE399C01030,SUPRAJIT,532509,Suprajit Engg.,Auto Components,Auto Components & Equipments
INE937C01029,NILAINFRA,530377,Nila Infrastruct,Realty,"Residential, Commercial Projects"
INE073K01018,SONACOMS,543300,Sona BLW Precis.,Auto Components,Auto Components & Equipments
INE624Z01016,SOLARA,541540,Solara Active,Pharmaceuticals & Biotechnology,Pharmaceuticals
INE343H01029,SOLARINDS,532725,Solar Industries,Chemicals & Petrochemicals,Explosives
INE0TY101024,SOLARWORLD,544532,Solarworld Ene.,Construction,Civil Construction
INE880Y01017,SOLEX,,Solex Energy,Electrical Equipment,Heavy Electrical Equipment
INE355A01028,SOMANYCERA,531548,Somany Ceramics,Consumer Durables,Ceramics
INE314C01013,SOMATEX,521034,Soma Textiles,Textiles & Apparels,Other Textile Products
INE323J01019,SOMICONVEY,533001,Somi Conv.Belt.,Industrial Manufacturing,Industrial Products
INE00LM01029,SONAMLTD,,Sonam,Consumer Durables,Consumer Electronics
INE734N01019,SNOWMAN,538635,Snowman Logistic,Transport Services,Logistics Solution Provider
INE269A01021,SONATSOFTW,532221,Sonata Software,IT - Software,Computers - Software & Consulting
INE980Y01015,SOUTHWEST,543986,South West Pinn.,Commercial Services & Supplies,Diversified Commercial Services
INE212I01016,SPAL,540048,S P Apparels,Textiles & Apparels,Garments & Apparels
INE572J01011,SPANDANA,542759,Spandana Sphoort,Finance,Microfinance Institutions
INE970N01027,SPCENET,,Spacenet Enterpr,Commercial Services & Supplies,Trading & Distributors
INE247M01014,SPECIALITY,534425,Speciality Rest.,Leisure Services,Restaurants
INE01EO01010,SPECTRUM,544386,Spectrum Electr.,Industrial Manufacturing,Industrial Products
INE671H01015,SOBHA,532784,Sobha,Realty,"Residential, Commercial Projects"
INE812G01025,SMSPHARMA,532815,SMS Pharma.,Pharmaceuticals & Biotechnology,Pharmaceuticals
INE663A01033,SPLPETRO,500405,Supreme Petroch.,Chemicals & Petrochemicals,Petrochemicals
INE076B01028,SIYSIL,503811,Siyaram Silk,Textiles & Apparels,Other Textile Products
INE625X01026,SILVERTUC,543525,Silver Touch,IT - Software,Computers - Software & Consulting
INE059B01024,SIMPLEXINF,523838,Simplex Infra,Construction,Civil Construction
INE985A01022,SINCLAIR,523023,Sinclairs Hotels,Leisure Services,Hotels & Resorts
INE325D01025,SINDHUTRAD,532029,Sindhu Trade,Transport Services,Logistics Solution Provider
INE129Z01016,SINTERCOM,,Sintercom India,Auto Components,Auto Components & Equipments
INE792Z01011,SIRCA,543686,Sirca Paints,Consumer Durables,Paints
INE285J01028,SIS,540673,SIS,Other Consumer Services,Other Consumer Services
INE284S01014,SJS,543387,SJS Enterprises,Auto Components,Auto Components & Equipments
INE294B01019,SMLMAH,505192,SML Mahindra,"Agricultural, Commercial & Construction Vehicles",Commercial Vehicles
INE002L01015,SJVN,533206,SJVN,Power,Power Generation
INE640A01023,SKFINDIA,500472,SKF India,Industrial Products,Abrasives & Bearings
INE439E01022,SKIPPER,538562,Skipper,Electrical Equipment,Heavy Electrical Equipment
INE411D01023,SKMEGGPROD,532143,SKM Egg Prod.,Food Products,Meat Products including Poultry
INE01IU01018,SKYGOLD,541967,Sky Gold & Diam.,Consumer Durables,"Gems, Jewellery And Watches"
INE0NAZ01010,SMARTWORKS,544447,Smartworks Cowor,Commercial Services & Supplies,Diversified Commercial Services
INE103C01036,SMCGLOBAL,543263,SMC Global Sec.,Capital Markets,Stockbroking & Allied
INE147A01011,SPIC,590030,S P I C,Fertilizers & Agrochemicals,Fertilizers
INE937A01023,SPMLINFRA,500402,SPML Infra,Construction,Civil Construction
INE712B01010,SUPERHOUSE,523283,Superhouse Ltd,Consumer Durables,Leather And Leather Products
INE0Q3R01026,SUNCLAY,544066,Sundaram Clayton,Auto Components,Auto Components & Equipments
INE287B01021,SUBROS,517168,Subros,Industrial Products,Other Industrial Products
INE492A01029,SUDARCOLOR,506390,Sudarshan Colorants,Chemicals & Petrochemicals,Dyes And Pigments
INE659A01023,SUDARSCHEM,506655,Sudarshan Chem.,Chemicals & Petrochemicals,Dyes And Pigments
INE450E01029,SUKHJITS,524542,Sukhjit Starch,Agricultural Food & other Products,Other Agricultural Products
INE142Q01026,SULA,543711,Sula Vineyards,Beverages,Breweries & Distilleries
INE235C01036,SUMEETINDS,514211,Sumeet Industrie,Textiles & Apparels,Other Textile Products
INE258G01013,SUMICHEM,542920,Sumitomo Chemi.,Fertilizers & Agrochemicals,Pesticides & Agrochemicals
INE108E01023,SUNDARAM,533166,Sundaram Multi.,Household Products,Stationary
INE04VU01023,STYL,544533,Seshaasai Tech.,Financial Technology (Fintech),Financial Technology (Fintech)
INE073D01013,SUNDRMBRAK,590072,Sundaram Brake,Auto Components,Auto Components & Equipments
INE387A01021,SUNDRMFAST,500403,Sundram Fasten.,Auto Components,Auto Components & Equipments
INE209A01019,SUNDROP,500215,Sundrop Brands,Agricultural Food & other Products,Edible Oil
INE947A01014,SUNFLAG,500404,Sunflag Iron,Industrial Products,Iron & Steel Products
INE044A01036,SUNPHARMA,524715,Sun Pharma.Inds.,Pharmaceuticals & Biotechnology,Pharmaceuticals
INE805D01034,SUNTECK,512179,Sunteck Realty,Realty,"Residential, Commercial Projects"
INE424H01027,SUNTV,532733,Sun TV Network,Entertainment,TV Broadcasting & Software Production
INE189B01011,STYRENIX,506222,Styrenix Perfor.,Chemicals & Petrochemicals,Specialty Chemicals
INE00IN01015,STOVEKRAFT,543260,Stove Kraft,Consumer Durables,Household Appliances
INE885H01029,SPORTKING,539221,Sportking India,Textiles & Apparels,Other Textile Products
INE802C01033,SSWL,513262,Steel Str. Wheel,Auto Components,Auto Components & Equipments
INE099F01013,SREEL,535601,Sreeleathers,Consumer Durables,Footwear
INE647A01010,SRF,503806,SRF,Chemicals & Petrochemicals,Commodity Chemicals
INE559N01010,SRGHFL,,SRG Housing,Finance,Housing Finance Company
INE917H01012,SRHHYPOLTD,532842,Sr.Rayala.Hypo,Chemicals & Petrochemicals,Commodity Chemicals
INE0R6Z01013,SRM,544158,SRM Contractors,Construction,Civil Construction
INE19GK01015,SRTL,544716,Shree Ram Twist.,Textiles & Apparels,Other Textile Products
INE0PQ101010,SSDL,544230,Saraswati Saree,Textiles & Apparels,Garments & Apparels
INE0RYC01010,STALLION,544342,Stallion India,Chemicals & Petrochemicals,Industrial Gases
INE334A01023,STERTOOLS,530759,Sterling Tools,Auto Components,Auto Components & Equipments
INE01A001028,STANLEY,544202,Stanley Lifesty.,Consumer Durables,"Furniture, Home Furnishing"
INE939A01011,STAR,532531,Strides Pharma,Pharmaceuticals & Biotechnology,Pharmaceuticals
INE460H01021,STARCEMENT,540575,Star Cement,Cement & Cement Products,Cement & Cement Products
INE733A01018,STARPAPER,516022,Star Paper Mills,"Paper, Forest & Jute Products",Paper & Paper Products
INE992I01013,STARTECK,512381,Starteck Fin.,Finance,Non Banking Financial Company (NBFC)
INE395H01011,STEELCITY,,Steel City Sec.,Capital Markets,Stockbroking & Allied
INE503B01021,STEELXIND,534748,Steel Exchange,Industrial Products,Iron & Steel Products
INE0LQS01015,TIPSFILMS,543614,Tips Films,Entertainment,"Film Production, Distribution & Exhibition"
INE716B01029,TIPSMUSIC,532375,Tips Music,Entertainment,Media & Entertainment
INE338A01024,TIRUMALCHM,500412,Thirumalai Chem.,Chemicals & Petrochemicals,Commodity Chemicals
INE366I01010,VRLLOG,539118,VRL Logistics,Transport Services,Logistics Solution Provider
INE807F01027,VIYASH,512529,Viyash Scientific,Pharmaceuticals & Biotechnology,Pharmaceuticals
INE709A01018,VLSFINANCE,511333,VLS Finance,Finance,Investment Company
INE665J01013,VMART,534976,V-Mart Retail,Retailing,Diversified Retail
INE01EA01019,VMM,544307,Vishal Mega Mart,Retailing,Diversified Retail
INE540H01012,VOLTAMP,532757,Volt.Transform.,Electrical Equipment,Heavy Electrical Equipment
INE226A01021,VOLTAS,500575,Voltas,Consumer Durables,Household Appliances
INE0S2V01010,VRAJ,544204,Vraj Iron,Ferrous Metals,Sponge Iron
INE050M01012,VSSL,534392,Vardhman Special,Industrial Products,Iron & Steel Products
INE270I01022,VISHNU,516072,Vishnu Chemicals,Chemicals & Petrochemicals,Specialty Chemicals
INE0QTF01015,VSTL,544124,Vibhor Steel,Industrial Products,Iron & Steel Products
INE764D01017,VSTTILLERS,531266,VST Till. Tract.,"Agricultural, Commercial & Construction Vehicles",Tractors
INE825A01020,VTL,502986,Vardhman Textile,Textiles & Apparels,Other Textile Products
INE377N01017,WAAREEENER,544277,Waaree Energies,Electrical Equipment,Other Electrical Equipment
INE299N01021,WAAREERTL,534618,Waaree Renewab.,Electrical Equipment,Other Electrical Equipment
INE956G01038,WABAG,533269,Va Tech Wabag,Other Utilities,Water Supply & Management
INE711A01022,WALCHANNAG,507410,Walchan. Inds.,Industrial Manufacturing,Industrial Products
INE430N01022,VISHWARAJ,542852,Vishwaraj Sugar,Agricultural Food & other Products,Sugar
INE392A01021,VISAKAIND,509055,Visaka Industrie,Cement & Cement Products,Cement & Cement Products
INE855C01023,WEBELSOLAR,517498,Websol Energy,Electrical Equipment,Other Electrical Equipment
INE161L01027,VIKASLIFE,542655,Vikas Lifecare,Commercial Services & Supplies,Trading & Distributors
INE918N01018,VETO,539331,Veto Switchgears,Consumer Durables,Consumer Electronics
INE273D01027,VGL,514274,Varvee Global,Textiles & Apparels,Other Textile Products
INE951I01027,VGUARD,532953,V-Guard Industri,Consumer Durables,Household Appliances
INE632C01026,VIDHIING,531717,Vidhi Specialty,Chemicals & Petrochemicals,Specialty Chemicals
INE14UN01029,VIDYAWIRES,544633,Vidya Wires,Industrial Products,"Aluminium, Copper & Zinc Products"
INE043W01024,VIJAYA,543350,Vijaya Diagnost.,Healthcare Services,Healthcare Service Provider
INE806A01020,VIKASECO,530961,Vikas Ecotech,Chemicals & Petrochemicals,Specialty Chemicals
INE078V01014,VIKRAMSOLR,544488,Vikram Solar,Electrical Equipment,Other Electrical Equipment
INE539B01017,VIRINCHI,532372,Virinchi,IT - Software,Software Products
INE579C01029,VIMTALABS,524394,Vimta Labs,Healthcare Services,"Healthcare Research, Analytics & Technology"
INE498Q01014,VINCOFE,538920,Vintage Coffee,Commercial Services & Supplies,Trading & Distributors
INE707A01012,VINDHYATEL,517015,Vindhya Telelink,Telecom - Services,Telecom - Infrastructure
INE01KI01027,VINNY,543670,Vinny Overseas,Textiles & Apparels,Garments & Apparels
INE250B01029,VINYLINDIA,524129,Vinyl Chemicals,Chemicals & Petrochemicals,Trading - Chemicals
INE054A01027,VIPIND,507880,V I P Inds.,Consumer Durables,Plastic Products - Consumer
INE946H01037,VIPULLTD,511726,Vipul Ltd,Realty,"Residential, Commercial Projects"
INE0CJF01024,WCIL,544258,Western Carriers,Transport Services,Logistics Solution Provider
INE080A01014,WEIZMANIND,,Weizmann,Textiles & Apparels,Other Textile Products
INE615H01020,TITAGARH,532966,Titagarh Rail,Industrial Manufacturing,Railway Wagons
INE058B01018,ZENITHEXPO,512553,Zenith Exports,Consumer Durables,Leather And Leather Products
INE0JO301016,YATHARTH,543950,Yatharth Hospit.,Healthcare Services,Hospital
INE0JR601024,YATRA,543992,Yatra Online,Leisure Services,"Tour, Travel Related Services"
INE384C01016,YUKEN,522108,Yuken India,Industrial Products,"Compressors, Pumps & Diesel Engines"
INE07K301024,ZAGGLE,543985,Zaggle Prepaid,IT - Services,IT Enabled Services
INE256A01028,ZEEL,505537,Zee Entertainmen,Entertainment,TV Broadcasting & Software Production
INE565L01011,ZEELEARN,533287,Zee Learn,Other Consumer Services,Education
INE966H01019,ZEEMEDIA,532794,Zee Media,Entertainment,TV Broadcasting & Software Production
INE520A01027,ZENSARTECH,504067,Zensar Tech.,IT - Software,Computers - Software & Consulting
INE547B01028,XTGLOBAL,531225,XT Global Infot.,IT - Software,Computers - Software & Consulting
INE251B01027,ZENTEC,533339,Zen Technologies,Aerospace & Defense,Aerospace & Defense
INE342J01019,ZFCVINDIA,533023,ZF Commercial,Auto Components,Auto Components & Equipments
INE206B01013,ZODIACLOTH,,Zodiac Cloth. Co,Textiles & Apparels,Garments & Apparels
INE358U01012,ZOTA,,Zota Health Care,Pharmaceuticals & Biotechnology,Pharmaceuticals
INE840M01016,ZUARI,534742,Zuari Agro Chem.,Fertilizers & Agrochemicals,Fertilizers
INE217A01012,ZUARIIND,500780,Zuari Industries,Agricultural Food & other Products,Sugar
INE010B01027,ZYDUSLIFE,532321,Zydus Lifesci.,Pharmaceuticals & Biotechnology,Pharmaceuticals
INE616Z01012,YASHO,541167,Yasho Industries,Chemicals & Petrochemicals,Specialty Chemicals
INE445C01015,XPROINDIA,590013,XPRO India,Industrial Products,Packaging
INE02WG01024,WEL,543449,Wonder Electric.,Consumer Durables,Household Appliances
INE0H5O01029,WINDLAS,543329,Windlas Biotech,Pharmaceuticals & Biotechnology,Pharmaceuticals
INE191B01025,WELCORP,532144,Welspun Corp,Industrial Products,Iron & Steel Products
INE625G01013,WELENT,532553,Welspun Enterp,Construction,Civil Construction
INE192B01031,WELSPUNLIV,514162,Welspun Living,Textiles & Apparels,Other Textile Products
INE274C01019,WENDT,505412,Wendt India,Industrial Products,Abrasives & Bearings
INE274F01020,WESTLIFE,505533,Westlife Food,Leisure Services,Restaurants
INE715A01015,WHEELS,590073,Wheels India,Auto Components,Auto Components & Equipments
INE716A01013,WHIRLPOOL,500238,Whirlpool India,Consumer Durables,Household Appliances
INE052A01021,WINDMACHIN,522029,Windsor Machines,Industrial Manufacturing,Industrial Products
INE01P501012,XELPMOC,542367,Xelpmoc Design,IT - Software,Software Products
INE215F01023,WIPL,,W I Plywoods,Consumer Durables,Plywood Boards/ Laminates
INE075A01022,WIPRO,507685,Wipro,IT - Software,Computers - Software & Consulting
INE049B01025,WOCKPHARMA,532300,Wockhardt,Pharmaceuticals & Biotechnology,Pharmaceuticals
INE066O01014,WONDERLA,538268,Wonderla Holiday,Leisure Services,Amusement Parks/ Other Recreation
INE196Y01018,WORTHPERI,544577,Worth Peripheral,Industrial Products,Packaging
INE976A01021,WSTCSTPAPR,500444,West Coast Paper,"Paper, Forest & Jute Products",Paper & Paper Products
INE692G01013,XCHANGING,532616,Xchanging Sol.,IT - Software,Computers - Software & Consulting
INE188Y01031,VERTOZ,,Vertoz,Media,Advertising & Media Agencies
INE0IQ001011,VERANDA,543514,Veranda Learning,Other Consumer Services,E-Learning
INE411B01019,VENUSREM,526953,Venus Remedies,Pharmaceuticals & Biotechnology,Pharmaceuticals
INE494B01023,TVSMOTOR,532343,TVS Motor Co.,Automobiles,2/3 Wheelers
INE0MWH01014,TRUALT,544545,TruAlt Bioenergy,Agricultural Food & other Products,Other Agricultural Products
INE202Z01029,TSFINV,,Tsf Investments,Finance,Investment Company
INE910C01018,TTKHLTCARE,507747,TTK Healthcare,Diversified,Diversified
INE690A01028,TTKPRESTIG,517506,TTK Prestige,Consumer Durables,Household Appliances
INE592B01024,TTL,514142,T T,Textiles & Apparels,Other Textile Products
INE236G01019,TVSELECT,532513,TVS Elec.,IT - Hardware,Computers Hardware & Equipments
INE105A01035,TVSHLTD,520056,TVS Holdings,Finance,Investment Company
INE395N01027,TVSSCS,543965,TVS Supply,Transport Services,Logistics Solution Provider
INE256C01024,TRIVENI,532356,Triven.Engg.Ind.,Agricultural Food & other Products,Sugar
INE421C01016,TVSSRICHAK,509243,TVS Srichakra,Auto Components,Tyres & Rubber Products
INE038F01029,TVTODAY,532515,T.V. Today Netw.,Entertainment,TV Broadcasting & Software Production
INE686F01025,UBL,532478,United Breweries,Beverages,Breweries & Distilleries
INE139B01016,UCAL,500464,Ucal,Auto Components,Auto Components & Equipments
INE851I01011,UDS,543996,Updater Services,Commercial Services & Supplies,Diversified Commercial Services
INE899L01030,UEL,533644,Ujaas Energy,Power,Power Generation
INE382M01027,UFBL,543283,United Foodbrands,Leisure Services,Restaurants
INE615R01029,TRU,540268,TruCap Finance,Finance,Non Banking Financial Company (NBFC)
INE152M01016,TRITURBINE,533655,Triveni Turbine,Electrical Equipment,Heavy Electrical Equipment
INE0JA001018,VENUSPIPES,543528,Venus Pipes,Industrial Products,Iron & Steel Products
INE336X01012,TOTAL,,Total Transport,Transport Services,Logistics Solution Provider
INE280A01028,TITAN,500114,Titan Company,Consumer Durables,"Gems, Jewellery And Watches"
INE155A01022,TMPV,500570,Tata Motors PVeh,Automobiles,Passenger Cars & Utility Vehicles
INE148A01019,TNPETRO,500777,T N Petro Prod.,Chemicals & Petrochemicals,Petrochemicals
INE107A01015,TNPL,531426,T N Newsprint,"Paper, Forest & Jute Products",Paper & Paper Products
INE0RWQ01014,TOLINS,544254,Tolins Tyres,Auto Components,Tyres & Rubber Products
INE685A01028,TORNTPHARM,500420,Torrent Pharma.,Pharmaceuticals & Biotechnology,Pharmaceuticals
INE813H01021,TORNTPOWER,532779,Torrent Power,Power,Integrated Power Utilities
INE486Y01013,TOUCHWOOD,,Touchwood Enter.,Other Consumer Services,Other Consumer Services
INE948A01012,TRIGYN,517562,Trigyn Techno.,IT - Software,Computers - Software & Consulting
INE413G01022,TPLPLASTEH,526582,TPL Plastech,Industrial Products,Packaging
INE454P01035,TRANSRAILL,544317,Transrail Light,Electrical Equipment,Heavy Electrical Equipment
INE757B01015,TRANSWORLD,520151,Transworld Shipp,Transport Services,Shipping
INE103V01028,TRAVELFOOD,544443,Travel Food,Leisure Services,Restaurants
INE00CA01015,TREJHARA,542233,Trejhara Solutio,IT - Software,Computers - Software & Consulting
INE849A01020,TRENT,500251,Trent,Retailing,Speciality Retail
INE064C01022,TRIDENT,521064,Trident,Textiles & Apparels,Other Textile Products
INE516A01017,UFLEX,500148,Uflex,Industrial Products,Packaging
INE527H01019,UFO,539141,UFO Moviez,Entertainment,"Film Production, Distribution & Exhibition"
INE071E01023,UGARSUGAR,530363,Ugar Sugar Works,Agricultural Food & other Products,Sugar
INE565V01010,VALIANTORG,540145,Valiant Organics,Chemicals & Petrochemicals,Specialty Chemicals
INE12UR01024,UTLSOLAR,544613,Fujiyama Power,Electrical Equipment,Other Electrical Equipment
INE786F01031,UTTAMSUGAR,532729,Uttam Sug.Mills,Agricultural Food & other Products,Sugar
INE152C01025,UYFINCORP,530579,U. Y. Fincorp,Finance,Non Banking Financial Company (NBFC)
INE945H01021,V2RETAIL,532867,V2 Retail,Retailing,Speciality Retail
INE694D01016,VADILALIND,519156,Vadilal Inds.,Food Products,Dairy Products
INE884A01027,VAIBHAVGBL,532156,Vaibhav Global,Consumer Durables,"Gems, Jewellery And Watches"
INE051B01021,VAKRANGEE,511431,Vakrangee,IT - Services,IT Enabled Services
INE665L01035,VARROC,541578,Varroc Engineer,Auto Components,Auto Components & Equipments
INE583D01011,UGROCAP,511742,Ugro Capital,Finance,Non Banking Financial Company (NBFC)
INE590L01019,VASWANI,533576,Vaswani Industri,Ferrous Metals,Sponge Iron
INE200M01039,VBL,540180,Varun Beverages,Beverages,Other Beverages
INE098201036,VCL,,Vaxtex Cotfab,Textiles & Apparels,Garments & Apparels
INE205A01025,VEDL,500295,Vedanta,Diversified Metals,Diversified Metals
INE484C01030,VEEDOL,590005,Veedol Corporat,Petroleum Products,Lubricants
INE398A01010,VENKEYS,523261,Venky's (India),Food Products,Meat Products including Poultry
INE781S01027,VENTIVE,544321,Ventive Hospital,Leisure Services,Hotels & Resorts
INE094J01016,UTIAMC,543238,UTI AMC,Capital Markets,Asset Management Company
INE0N0Y01013,USK,543861,Udayshivakumar,Construction,Civil Construction
INE228A01035,USHAMART,517146,Usha Martin,Industrial Products,Iron & Steel Products
INE550C01020,URJA,526987,Urja Global,Electrical Equipment,Other Electrical Equipment
INE481G01011,ULTRACEMCO,532538,UltraTech Cem.,Cement & Cement Products,Cement & Cement Products
INE0GIU01018,UMAEXPORTS,543513,Uma Exports,Commercial Services & Supplies,Trading & Distributors
INE398B01018,UMIYA-MRO,532376,Umiya Buildcon,Telecom -  Equipment & Accessories,Telecom -  Equipment & Accessories
INE351A01035,UNICHEMLAB,506690,Unichem Labs.,Pharmaceuticals & Biotechnology,Pharmaceuticals
INE961D01019,UNIDT,522014,United Drilling,Industrial Manufacturing,Industrial Products
INE00U401027,UNIECOM,544227,Unicommerce,IT - Software,Software Products
INE0U3I01011,UNIMECH,544322,Unimech Aero.,Aerospace & Defense,Aerospace & Defense
INE244O01017,UNIPARTS,543689,Uniparts India,Auto Components,Auto Components & Equipments
INE854D01024,UNITDSPR,532432,United Spirits,Beverages,Breweries & Distilleries
INE562X01013,UNIVASTU,,Univastu India,Construction,Civil Construction
INE279A01012,UNIVCABLES,504212,Universal Cables,Industrial Products,Cables - Electricals
INE405E01023,UNOMINDA,532539,Uno Minda,Auto Components,Auto Components & Equipments
INE628A01036,UPL,512070,UPL,Fertilizers & Agrochemicals,Pesticides & Agrochemicals
INE568Z01015,URAVIDEF,543930,Uravi Defence &,Auto Components,Auto Components & Equipments
INE0CAZ01013,URBANCO,544515,Urban Company,Retailing,E-Retail/ E-Commerce
INE203Y01012,SILLYMONKS,,Silly Monks,Entertainment,Media & Entertainment
INE173A01025,SIL,530017,Standard Inds.,Realty,Real Estate related services
INE112X01025,SIKKO,,Sikko Industries,Fertilizers & Agrochemicals,Pesticides & Agrochemicals
INE633B01018,POLYPLEX,524051,Polyplex Corpn,Industrial Products,Packaging
INE195J01029,PNCINFRA,539150,PNC Infratech,Construction,Civil Construction
INE953R01016,PNGJL,544256,P N Gadgil Jewe.,Consumer Durables,"Gems, Jewellery And Watches"
INE063E01053,POCL,532626,Pondy Oxides,Diversified Metals,Diversified Metals
INE637C01025,POKARNA,532486,Pokarna,Consumer Durables,Granites & Marbles
INE417T01026,POLICYBZR,543390,PB Fintech.,Financial Technology (Fintech),Financial Technology (Fintech)
INE455K01017,POLYCAB,542652,Polycab India,Industrial Products,Cables - Electricals
INE205C01021,POLYMED,531768,Poly Medicure,Healthcare Equipment & Supplies,Medical Equipment & Supplies
INE511C01022,POONAWALLA,524000,Poonawalla Fin,Finance,Non Banking Financial Company (NBFC)
INE859A01011,PNBGILTS,532366,PNB Gilts,Finance,Investment Company
INE752E01010,POWERGRID,532898,Power Grid Corpn,Power,Power - Transmission
INE07Y701011,POWERINDIA,543187,Hitachi Energy,Electrical Equipment,Heavy Electrical Equipment
INE211R01019,POWERMECH,539302,Power Mech Proj.,Construction,Civil Construction
INE050001010,PPL,542684,Prakash Pipes,Industrial Products,Plastic Products - Industrial
INE0DK501011,PPLPHARMA,543635,Piramal Pharma,Pharmaceuticals & Biotechnology,Pharmaceuticals
INE505C01016,PRAENG,531746,Prajay Engineers,Realty,"Residential, Commercial Projects"
INE074A01025,PRAJIND,522205,Praj Industries,Industrial Manufacturing,Industrial Products
INE392B01011,PNC,532387,Prit Nandy Comm.,Entertainment,"Film Production, Distribution & Exhibition"
INE083C01022,PLASTIBLEN,523648,Plastiblends (I),Chemicals & Petrochemicals,Specialty Chemicals
INE696K01024,PRAKASHSTL,533239,Prakash Steelage,Industrial Products,Iron & Steel Products
INE211B01039,PHOENIXLTD,503100,Phoenix Mills,Realty,"Residential, Commercial Projects"
INE347G01014,PETRONET,532522,Petronet LNG,Gas,LPG/CNG/PNG/LNG Supplier
INE182A01018,PFIZER,500680,Pfizer,Pharmaceuticals & Biotechnology,Pharmaceuticals
INE560K01014,PFS,533344,PTC India Fin,Finance,Non Banking Financial Company (NBFC)
INE457L01029,PGEL,533581,PG Electroplast,Consumer Durables,Consumer Electronics
INE179A01014,PGHH,500459,P & G Hygiene,Personal Products,Personal Care
INE199A01012,PGHL,500126,P & G Health Ltd,Pharmaceuticals & Biotechnology,Pharmaceuticals
INE940H01022,PGIL,532808,Pearl Global Ind,Textiles & Apparels,Garments & Apparels
INE318A01026,PIDILITIND,500331,Pidilite Inds.,Chemicals & Petrochemicals,Specialty Chemicals
INE431F01018,PKTEA,,The Peria Karamalai Tea,Agricultural Food & other Products,Tea & Coffee
INE557Z01018,PIGL,543912,Power & Instrum.,Electrical Equipment,Other Electrical Equipment
INE603J01030,PIIND,523642,P I Industries,Fertilizers & Agrochemicals,Pesticides & Agrochemicals
INE417C01014,PILANIINVS,539883,Pilani Invest.,Finance,Holding Company
INE156C01018,PIONEEREMB,514300,Pion. Embroider.,Textiles & Apparels,Other Textile Products
INE202B01038,PIRAMALFIN,544597,Piramal Finance.,Finance,Housing Finance Company
INE450D01021,PITTIENG,513519,Pitti Engg.,Industrial Manufacturing,Industrial Products
INE751B01018,PIXTRANS,500333,Pix Transmission,Industrial Products,Rubber
INE603A01013,PRAKASH,506022,Prakash Industri,Ferrous Metals,Iron & Steel
INE484I01029,PRECAM,539636,Precision Camshf,Auto Components,Auto Components & Equipments
INE562B01019,RAJSREESUG,500354,Rajshree Sugars,Agricultural Food & other Products,Sugar
INE583V01021,RADHIKAJWE,540125,Radhika Jeweltec,Consumer Durables,"Gems, Jewellery And Watches"
INE362A01016,PVP,517556,PVP Ventures,Realty,"Residential, Commercial Projects"
INE191H01014,PVRINOX,532689,PVR Inox,Entertainment,"Film Production, Distribution & Exhibition"
INE772T01024,PVSL,544144,Popular Vehicles,Automobiles,Auto Dealer
INE0MIS01010,PYRAMID,543969,Pyramid Technopl,Industrial Products,Packaging
INE0LRY01011,QUADFUTURE,544336,Quadrant Future,Industrial Products,Cables - Electricals
INE615P01015,QUESS,539978,Quess Corp,Commercial Services & Supplies,Diversified Commercial Services
INE704B01017,RACLGEAR,520073,RACL Geartech,Auto Components,Auto Components & Equipments
INE855R01021,RADIANTCMS,543732,Radiant Cash,Commercial Services & Supplies,Diversified Commercial Services
INE277B01014,PUNJABCHEM,506618,Punjab Chemicals,Fertilizers & Agrochemicals,Pesticides & Agrochemicals
INE944F01028,RADICO,532497,Radico Khaitan,Beverages,Breweries & Distilleries
INE919I01024,RADIOCITY,540366,Music Broadcast,Entertainment,Media & Entertainment
INE0DD101019,RAILTEL,543265,Railtel Corpn.,Telecom - Services,Other Telecom Services
INE855B01025,RAIN,500339,Rain Industries,Chemicals & Petrochemicals,Petrochemicals
INE961O01016,RAINBOW,543524,Rainbow Child.,Healthcare Services,Hospital
INE00KV01022,RAJMET,,Rajnandini Metal,Industrial Products,"Aluminium, Copper & Zinc Products"
INE535F01024,RAJOOENG,522257,Rajoo Engineers,Industrial Manufacturing,Industrial Products
INE323I01011,PURVA,532891,Puravankara,Realty,"Residential, Commercial Projects"
INE034D01049,PTL,509220,PTL Enterprises,Commercial Services & Supplies,Diversified Commercial Services
INE283A01014,PRECOT,,Precot,Textiles & Apparels,Other Textile Products
INE689W01016,PRINCEPIPE,542907,Prince Pipes,Industrial Products,Plastic Products - Industrial
INE372C01037,PRECWIRE,523539,Prec. Wires (I),Industrial Products,"Aluminium, Copper & Zinc Products"
INE863B01029,PREMEXPLN,526247,Prem. Explosives,Chemicals & Petrochemicals,Explosives
INE0BS701011,PREMIERENE,544238,Premier Energies,Electrical Equipment,Other Electrical Equipment
INE811K01011,PRESTIGE,533274,Prestige Estates,Realty,"Residential, Commercial Projects"
INE726V01018,PRICOLLTD,540293,Pricol Ltd,Auto Components,Auto Components & Equipments
INE032B01021,PRIMESECU,500337,Prime Securities,Finance,Other Financial Services
INE607A01022,PRIMO,506852,Primo Chemicals,Chemicals & Petrochemicals,Commodity Chemicals
INE583R01029,PRITIKAUTO,539359,Pritika Auto,Auto Components,Auto Components & Equipments
INE596F01018,PTCIL,539006,PTC Industries,Industrial Products,Other Industrial Products
INE959A01019,PRIVISCL,530117,Privi Speci.,Chemicals & Petrochemicals,Specialty Chemicals
INE004A01022,PROTEAN,544021,Protean eGov,IT - Services,IT Enabled Services
INE195N01013,PROZONER,534675,Prozone Realty,Realty,"Residential, Commercial Projects"
INE010A01011,PRSMJOHNSN,500338,Prism Johnson,Cement & Cement Products,Cement & Cement Products
INE00F201020,PRUDENT,543527,Prudent Corp.,Capital Markets,Financial Products Distributor
INE488V01015,PSPPROJECT,540544,PSP Projects,Construction,Civil Construction
INE877F01012,PTC,532524,PTC India,Power,Power Trading
INE262H01021,PERSISTENT,533179,Persistent Systems,IT - Software,Computers - Software & Consulting
INE932A01024,PENIND,513228,Pennar Industrie,Industrial Manufacturing,Industrial Products
INE111Q01021,PDSL,538730,PDS,Textiles & Apparels,Trading - Textile Products
INE0LXG01040,OLAELEC,544225,Ola Electric,Automobiles,2/3 Wheelers
INE118D01016,NUVOCO,543334,Nuvoco Vistas,Cement & Cement Products,Cement & Cement Products
INE388Y01029,NYKAA,543384,FSN E-Commerce,Retailing,E-Retail/ E-Commerce
INE959C01023,OAL,500078,Oriental Aromat.,Chemicals & Petrochemicals,Specialty Chemicals
INE426Z01016,OBCL,541206,Orissa Bengal,Transport Services,Logistics Solution Provider
INE093I01010,OBEROIRLTY,533273,Oberoi Realty,Realty,"Residential, Commercial Projects"
INE881D01027,OFSS,532466,Oracle Fin.Serv.,IT - Software,Software Products
INE274J01014,OIL,533106,Oil India,Oil,Oil Exploration & Production
INE260D01016,OLECTRA,532439,Olectra Greentec,Automobiles,Passenger Cars & Utility Vehicles
INE096B01018,NUCLEUS,531209,Nucleus Soft.,IT - Software,Software Products
INE1BZC01019,OMFREIGHT,544564,Om Freight Forwa,Transport Services,Logistics Solution Provider
INE239D01028,OMINFRAL,531092,Om Infra,Construction,Civil Construction
INE840Y01029,ONEPOINT,544748,One Point One,Commercial Services & Supplies,Business Process Outsourcing (BPO)/ Knowledge Process Outsourcing (KPO)
INE213A01029,ONGC,500312,O N G C,Oil,Oil Exploration & Production
INE809I01019,ONMOBILE,532944,OnMobile Global,Media,Web based media and service
INE229A01017,ONWARDTEC,517536,Onward Technolog,IT - Services,IT Enabled Services
INE350C01017,OPTIEMUS,530135,Optiemus Infra.,Telecom -  Equipment & Accessories,Telecom -  Equipment & Accessories
INE0DSF01015,NURECA,543264,Nureca,Healthcare Equipment & Supplies,Medical Equipment & Supplies
INE733E01010,NTPC,532555,NTPC,Power,Power Generation
INE865T01018,PDMJEPAPER,539785,Pudumjee Paper,"Paper, Forest & Jute Products",Paper & Paper Products
INE584A01023,NMDC,526371,NMDC,Minerals & Mining,Industrial Minerals
INE00S901012,NILASPACES,542231,Nila Spaces,Realty,"Residential, Commercial Projects"
INE310A01015,NILKAMAL,523385,Nilkamal Ltd,Consumer Durables,Plastic Products - Consumer
INE567A01028,NIPPOBATRY,504058,Indo National,Household Products,Household Products
INE858F01012,NITCO,532722,Nitco,Consumer Durables,Ceramics
INE229H01012,NITINSPIN,532698,Nitin Spinners,Textiles & Apparels,Other Textile Products
INE439T01012,NITIRAJ,,Nitiraj Engineer,Consumer Durables,Consumer Electronics
INE589A01014,NLCINDIA,513683,NLC India,Power,Power Generation
INE163A01018,NOCIL,500730,NOCIL,Chemicals & Petrochemicals,Specialty Chemicals
INE023A01030,NSIL,532256,Nalwa Sons Invst,Finance,Investment Company
INE369C01017,NORBTEAEXP,519528,Norben Tea,Agricultural Food & other Products,Tea & Coffee
INE850M01015,NORTHARC,544260,Northern ARC,Finance,Non Banking Financial Company (NBFC)
INE02H701025,NOVAAGRI,544100,Nova Agritech,Fertilizers & Agrochemicals,Fertilizers
INE0FFK01017,NPST,544396,Network People,IT - Services,IT Enabled Services
INE740D01017,NRAIL,516082,N R Agarwal Inds,"Paper, Forest & Jute Products",Paper & Paper Products
INE349A01021,NRBBEARING,530367,NRB Bearings,Auto Components,Auto Components & Equipments
INE0JM501013,NRL,,Nupur Recyclers,Metals & Minerals Trading,Trading - Metals
INE231G01010,ORBTEXP,512626,Orbit Exports,Textiles & Apparels,Other Textile Products
INE215B01022,ORCHASP,532271,Orchasp Ltd,IT - Software,Computers - Software & Consulting
INE191A01027,ORCHPHARMA,524372,Orchid Pharma,Pharmaceuticals & Biotechnology,Pharmaceuticals
INE124Y01028,PASHUPATI,544448,Pashupati Cotsp.,Textiles & Apparels,Other Textile Products
INE305C01029,PANAMAPET,524820,Panama Petrochem,Petroleum Products,Lubricants
INE697V01011,PANSARI,,Pansari Develop.,Realty,"Residential, Commercial Projects"
INE074B01023,PARACABLES,530555,Paramount Comm.,Industrial Products,Cables - Electricals
INE088F01024,PARADEEP,543530,Paradeep Phosph.,Fertilizers & Agrochemicals,Fertilizers
INE883N01014,PARAGMILK,539889,Parag Milk Foods,Food Products,Dairy Products
INE045601023,PARAS,543367,Paras Defence,Aerospace & Defense,Aerospace & Defense
INE988S01028,PARKHOTELS,544111,Apeejay Surrend.,Leisure Services,Hotels & Resorts
INE818B01023,PASUPTAC,500456,Pasupati Acrylon,Chemicals & Petrochemicals,Petrochemicals
INE730A01022,ORICONENT,513121,Oricon Enterpris,Industrial Products,Packaging
INE619A01035,PATANJALI,500368,Patanjali Foods,Agricultural Food & other Products,Edible Oil
INE244B01030,PATELENG,531120,Patel Engineerin,Construction,Civil Construction
INE529D01014,PATINTLOG,526381,Patel Integrated,Transport Services,Logistics Solution Provider
INE111F01024,PAUSHAKLTD,532742,Paushak,Chemicals & Petrochemicals,Specialty Chemicals
INE982J01020,PAYTM,543396,One 97,Financial Technology (Fintech),Financial Technology (Fintech)
INE602A01031,PCBL,506590,PCBL Chemical,Chemicals & Petrochemicals,Carbon Black
INE785M01021,PCJEWELLER,534809,PC Jeweller,Consumer Durables,"Gems, Jewellery And Watches"
INE895W01019,PANACHE,,Panache Digilife,IT - Services,IT Enabled Services
INE922B01023,PANACEABIO,531349,Panacea Biotec,Pharmaceuticals & Biotechnology,Pharmaceuticals
INE471W01019,PALASHSECU,540648,Palash Securi.,Food Products,Packaged Foods
INE551D01018,PAKKA,516030,Pakka,"Paper, Forest & Jute Products",Paper & Paper Products
INE998H01012,ORIENTALTL,532817,Oriental Trimex,Consumer Durables,Granites & Marbles
INE607D01018,ORIENTBELL,530365,Orient Bell,Consumer Durables,Ceramics
INE876N01018,ORIENTCEM,535754,Orient Cement,Cement & Cement Products,Cement & Cement Products
INE569C01020,ORIENTCER,504879,Orient Ceratech,Industrial Products,Electrodes & Refractories
INE142Z01019,ORIENTELEC,541301,Orient Electric,Consumer Durables,Household Appliances
INE750A01020,ORIENTHOT,500314,Oriental Hotels,Leisure Services,Hotels & Resorts
INE609C01024,ORIENTLTD,526325,Orient Press,Industrial Products,Packaging
INE592A01026,ORIENTPPR,502420,Orient Paper,"Paper, Forest & Jute Products",Paper & Paper Products
INE0PPK01015,ORIENTTECH,544235,Orient Tech.,IT - Services,IT Enabled Services
INE749B01020,ORTINGLOBE,,Ortin Global,Pharmaceuticals & Biotechnology,Pharmaceuticals
INE143A01010,OSWALGREEN,539290,Oswal Green Tech,Finance,Investment Company
INE00IK01029,OSWALSEEDS,,Shreeoswal Seeds,Agricultural Food & other Products,Other Agricultural Products
INE0S3G01027,PACEDIGITK,544550,Pace Digitek,Telecom - Services,Telecom - Infrastructure
INE761H01022,PAGEIND,532827,Page Industries,Textiles & Apparels,Garments & Apparels
INE420C01059,PAISALO,532900,Paisalo Digital,Finance,Non Banking Financial Company (NBFC)
INE451D01029,RAJRATAN,517522,Rajratan Global,Auto Components,Auto Components & Equipments
INE952H01027,RAJTV,532826,Raj Television,Entertainment,TV Broadcasting & Software Production
INE0KGZ01021,SIGNPOST,544117,Signpost India,Media,Advertising & Media Agencies
INE513A01022,SCHAEFFLER,505790,Schaeffler India,Auto Components,Auto Components & Equipments
INE453D01025,SARLAPOLY,526885,Sarla Performanc,Textiles & Apparels,Other Textile Products
INE231F01020,SASKEN,532663,Sasken Technol.,IT - Services,IT Enabled Services
INE836B01017,SATIN,539404,Satin Creditcare,Finance,Microfinance Institutions
INE04AK01028,SBC,542725,SBC Exports,Textiles & Apparels,Garments & Apparels
INE386D01027,SBCL,513097,Shivalik Bimetal,Industrial Products,Iron & Steel Products
INE423Y01016,SBFC,543959,SBFC Finance,Finance,Non Banking Financial Company (NBFC)
INE05ST01028,SBGLP,543218,Suratwwala Busi.,Realty,"Residential, Commercial Projects"
INE807K01035,SCHAND,540497,S Chand & Compan,Printing & Publication,Printing & Publication
INE385C01021,SARDAEN,504614,Sarda Energy,Ferrous Metals,Iron & Steel
INE839M01018,SCHNEIDER,534139,Schneider Elect.,Electrical Equipment,Heavy Electrical Equipment
INE109A01011,SCI,523598,S C I,Transport Services,Shipping
INE0PB301013,SCILAL,544142,Shipping Land,Finance,Investment Company
INE480C01038,SDBL,507514,Som Distilleries,Beverages,Breweries & Distilleries
INE497B01018,SEAMECLTD,526807,SEAMEC Ltd,Transport Services,Shipping
INE602W01027,SENCO,543936,Senco Gold,Consumer Durables,"Gems, Jewellery And Watches"
INE0RB801010,SENORES,544319,Senores Pharma.,Pharmaceuticals & Biotechnology,Pharmaceuticals
INE979A01025,SAREGAMA,532163,Saregama India,Entertainment,Media & Entertainment
INE806T01020,SAPPHIRE,543397,Sapphire Foods,Leisure Services,Restaurants
INE782X01033,SERVOTECH,,Servotech Renew,Electrical Equipment,Other Electrical Equipment
INE08U801020,SAMHI,543984,Samhi Hotels,Leisure Services,Hotels & Resorts
INE732S01012,SAKAR,,Sakar Healthcare,Pharmaceuticals & Biotechnology,Pharmaceuticals
INE623A01011,SAKHTISUG,507315,Sakthi Sugars,Agricultural Food & other Products,Sugar
INE667G01023,SAKSOFT,590051,Saksoft,IT - Software,Computers - Software & Consulting
INE170V01027,SALASAR,540642,Salasar Techno,Industrial Manufacturing,Industrial Products
INE498E01010,SALONA,590056,Salona Cotspin,Textiles & Apparels,Other Textile Products
INE457F01013,SALZERELEC,517059,Salzer Electron.,Electrical Equipment,Other Electrical Equipment
INE699B01027,SAMBHAAV,511630,Sambhaav Media,Media,Electronic Media
INE735M01018,SAMPANN,534598,Sampann Utpadan,Industrial Products,Rubber
INE08NE01025,SANSTAR,544217,Sanstar,Agricultural Food & other Products,Other Agricultural Products
INE0JPD01013,SANATHAN,544314,Sanathan Textile,Textiles & Apparels,Other Textile Products
INE278H01035,SANDHAR,541163,Sandhar Tech,Auto Components,Auto Components & Equipments
INE149K01016,SANDUMA,504918,Sandur Manganese,Consumable Fuels,Coal
INE495C01010,SANGAMIND,514234,Sangam India,Textiles & Apparels,Other Textile Products
INE989A01032,SANGHVIMOV,530073,Sanghvi Movers,Commercial Services & Supplies,Diversified Commercial Services
INE058A01010,SANOFI,500674,Sanofi India,Pharmaceuticals & Biotechnology,Pharmaceuticals
INE953O01021,SANSERA,543358,Sansera Enginee.,Auto Components,Auto Components & Equipments
INE964H01014,SEPC,532945,SEPC,Construction,Civil Construction
INE630A01024,SESHAPAPER,502450,Seshasayee Paper,"Paper, Forest & Jute Products",Paper & Paper Products
INE613A01020,RALLIS,500355,Rallis India,Fertilizers & Agrochemicals,Pesticides & Agrochemicals
INE231C01019,SHREYANIND,516016,Shreyans Inds.,"Paper, Forest & Jute Products",Paper & Paper Products
INE500L01026,SHK,539450,S H Kelkar & Co.,Chemicals & Petrochemicals,Specialty Chemicals
INE498B01024,SHOPERSTOP,532638,Shoppers Stop,Retailing,Diversified Retail
INE715Y01031,SHRADHA,,Shradha Realty,Realty,"Residential, Commercial Projects"
INE232A01011,SHREDIGCEM,502180,Sh. Digvijay Cem,Cement & Cement Products,Cement & Cement Products
INE070A01015,SHREECEM,500387,Shree Cement,Cement & Cement Products,Cement & Cement Products
INE712K01011,SHREEPUSHK,539334,Sh.Pushkar Chem.,Chemicals & Petrochemicals,Dyes And Pigments
INE879A01019,SHREERAMA,532310,Sh. Rama Multi.,Industrial Products,Packaging
INE1B3L01017,SHRINGARMS,544512,Shringar House,Consumer Durables,"Gems, Jewellery And Watches"
INE705C01020,SHIVATEX,511108,Shiva Texyarn,Textiles & Apparels,Other Textile Products
INE526E01018,SHRIPISTON,544344,Shriram Pistons,Auto Components,Auto Components & Equipments
INE217L01019,SHRIRAMPPS,543419,Shriram Properti,Realty,"Residential, Commercial Projects"
INE979R01011,SHYAMCENT,539252,Shyam Century,Ferrous Metals,Ferro & Silica Manganese
INE810G01011,SHYAMMETL,543299,Shyam Metalics,Industrial Products,Iron & Steel Products
INE529F01035,SIGIND,512131,Signet Industrie,Commercial Services & Supplies,Trading & Distributors
INE0A0S01028,SIGMA,543917,Sigma Solve,IT - Services,IT Enabled Services
INE903U01023,SIGNATURE,543990,SignatureGlobal,Realty,"Residential, Commercial Projects"
INE719F01016,SHIVAUM,,Shiv Aum Steels,Commercial Services & Supplies,Trading & Distributors
INE788J01021,SHIVALIK,539148,Shivalik Rasayan,Fertilizers & Agrochemicals,Pesticides & Agrochemicals
INE0M4D01010,SETL,544333,Standard Engineering Technology,Industrial Manufacturing,Industrial Products
INE908D01010,SHAKTIPUMP,531431,Shakti Pumps,Industrial Products,"Compressors, Pumps & Diesel Engines"
INE916U01025,SFL,540203,Sheela Foam,Consumer Durables,"Furniture, Home Furnishing"
INE618R01015,SGFIN,539199,SG Finserve,Finance,Non Banking Financial Company (NBFC)
INE00QT01015,SGIL,541929,Synergy Green,Industrial Products,Castings & Forgings
INE353H01010,SGL,532730,STL Global,Textiles & Apparels,Other Textile Products
INE385F01024,SGMART,512329,SG Mart,Metals & Minerals Trading,Trading - Metals
INE482J01021,SHAH,533275,Shah Metacorp,Industrial Products,Iron & Steel Products
INE151G01028,SHAILY,501423,Shaily Engineer.,Industrial Products,Plastic Products - Industrial
INE597J01018,SHALBY,540797,Shalby,Healthcare Services,Hospital
INE790G01031,SHILPAMED,530549,Shilpa Medicare,Pharmaceuticals & Biotechnology,Pharmaceuticals
INE849C01026,SHALPAINTS,509874,Shalimar Paints,Consumer Durables,Paints
INE933X01016,SHANTI,,Shanti Overseas,Agricultural Food & other Products,Edible Oil
INE06ZD01017,SHANTIGOLD,544459,Shanti Gold,Consumer Durables,"Gems, Jewellery And Watches"
INE221J01015,SHARDACROP,538666,Sharda Cropchem,Fertilizers & Agrochemicals,Pesticides & Agrochemicals
INE597I01028,SHARDAMOTR,535602,Sharda Motor,Auto Components,Auto Components & Equipments
INE932X01026,SHAREINDIA,540725,Share India Sec.,Capital Markets,Stockbroking & Allied
INE363M01019,SHEMAROO,538685,Shemaroo Entert.,Entertainment,Media & Entertainment
INE570L01029,SAILIFE,544306,Sai Life,Pharmaceuticals & Biotechnology,Pharmaceuticals
INE114A01011,SAIL,500113,S A I L,Ferrous Metals,Iron & Steel
INE280H01015,SAHYADRI,532841,Sahyadri Industr,Other Construction Materials,Other Construction Materials
INE612J01015,REPCOHOME,535322,Repco Home Fin,Finance,Housing Finance Company
INE131B01039,RELAXO,530517,Relaxo Footwear,Consumer Durables,Footwear
INE750D01016,RELCHEMQ,503162,Rel. Chemotex,Textiles & Apparels,Other Textile Products
INE375Y01018,RELIABLE,544207,Reliable Data,Finance,Other Financial Services
INE002A01018,RELIANCE,500325,Reliance Industries,Petroleum Products,Refineries & Marketing
INE621H01010,RELIGARE,532915,Religare Enterp.,Finance,Investment Company
INE206N01018,RELTD,504341,Ravindra Energy,Electrical Equipment,Other Electrical Equipment
INE474C01023,REMSONSIND,530919,Remsons Ind,Auto Components,Auto Components & Equipments
INE461B01014,REPRO,532687,Repro India,Printing & Publication,Printing & Publication
INE0LXT01019,REDTAPE,543957,Redtape,Consumer Durables,Footwear
INE688D01026,RESPONIND,505509,Responsive Ind,Consumer Durables,"Furniture, Home Furnishing"
INE722H01024,RGL,532923,Renaiss. Global,Consumer Durables,"Gems, Jewellery And Watches"
INE0KKN01029,RHETAN,543590,Rhetan TMT Ltd,Industrial Products,Iron & Steel Products
INE743M01012,RHIM,534076,RHI Magnesita,Industrial Products,Electrodes & Refractories
INE508K01013,RHL,543901,Robust Hotels,Leisure Services,Hotels & Resorts
INE209B01025,RICOAUTO,520008,Rico Auto Inds,Auto Components,Auto Components & Equipments
INE0N2P01017,RISHABH,543977,Rishabh Instrum.,Electrical Equipment,Other Electrical Equipment
INE056I01025,REFEX,532884,Refex Industries,Chemicals & Petrochemicals,Industrial Gases
INE891D01026,REDINGTON,532805,Redington,Commercial Services & Supplies,Trading & Distributors
INE229C01021,SAGCEM,502090,Sagar Cements,Cement & Cement Products,Cement & Cement Products
INE625B01014,RANASUG,507490,Rana Sugars,Agricultural Food & other Products,Sugar
INE809A01032,RAMAPHO,524037,Rama Phosphates,Fertilizers & Agrochemicals,Fertilizers
INE230R01035,RAMASTEEL,539309,Rama Steel Tubes,Industrial Products,Iron & Steel Products
INE331A01037,RAMCOCEM,500260,The Ramco Cement,Cement & Cement Products,Cement & Cement Products
INE614A01028,RAMCOIND,532369,Ramco Inds.,Other Construction Materials,Other Construction Materials
INE246B01019,RAMCOSYS,532370,Ramco Systems,IT - Software,Software Products
INE874I01013,RAMKY,533262,Ramky Infra,Construction,Civil Construction
INE207E01023,RAMRAT,522281,Ram Ratna Wires,Electrical Equipment,Other Electrical Equipment
INE384A01010,RANEHOLDIN,505800,Rane Holdings,Finance,Holding Company
INE027A01015,RCF,524230,R C F,Fertilizers & Agrochemicals,Fertilizers
INE0CLI01024,RATEGAIN,543417,Rategain Travel,IT - Software,Computers - Software & Consulting
INE703B01027,RATNAMANI,520111,Ratnamani Metals,Industrial Products,Iron & Steel Products
INE05CZ01011,RATNAVEER,543978,Ratnaveer Precis,Industrial Products,Iron & Steel Products
INE301A01014,RAYMOND,500330,Raymond,Realty,"Residential, Commercial Projects"
INE02ID01020,RAYMONDLSL,544240,Raymond Lifestyl,Textiles & Apparels,Other Textile Products
INE07T201019,RBA,543248,Restaurant Brand,Leisure Services,Restaurants
INE0PEQ01016,RBZJEWEL,544060,RBZ Jewellers Lt,Consumer Durables,"Gems, Jewellery And Watches"
INE01EG01016,RITCO,542383,Ritco Logistics,Transport Services,Logistics Solution Provider
INE320J01015,RITES,541556,Rites,Construction,Civil Construction
INE722J01012,RKDL,533294,Ravikumar Distll,Beverages,Breweries & Distilleries
INE895B01021,RUPA,533552,Rupa & Co,Textiles & Apparels,Garments & Apparels
INE411H01032,RSYSTEMS,532735,R Systems Intl.,IT - Services,IT Enabled Services
INE834M01019,RTNINDIA,534597,RattanIndia Ent,Retailing,E-Retail/ E-Commerce
INE399K01017,RTNPOWER,533122,RattanIndia Pow.,Power,Power Generation
INE642C01025,RUBFILA,500367,Rubfila Intl.,Industrial Products,Rubber
INE301D01026,RUBYMILLS,503169,Ruby Mills,Textiles & Apparels,Other Textile Products
INE413B01023,RUCHINFRA,509020,Ruchi Infrastr.,Commercial Services & Supplies,Diversified Commercial Services
INE803H01014,RUCHIRA,532785,Ruchira Papers,"Paper, Forest & Jute Products",Paper & Paper Products
INE573K01025,RUSHIL,533470,Rushil Decor,Consumer Durables,Plywood Boards/ Laminates
INE786W01010,RKEC,,RKEC Projects,Construction,Civil Construction
INE263M01029,RUSTOMJEE,543669,Keystone Realtor,Realty,"Residential, Commercial Projects"
INE09E501017,RVHL,543251,Ravinder Heights,Realty,"Residential, Commercial Projects"
INE415G01027,RVNL,542649,Rail Vikas,Construction,Civil Construction
INE0DAB01012,RVTH,544246,Revathi Equip,Industrial Manufacturing,Industrial Products
INE13B501022,SAATVIKGL,544526,Saatvik Green,Electrical Equipment,Other Electrical Equipment
INE429E01023,SAFARI,523025,Safari Inds.,Consumer Durables,Plastic Products - Consumer
INE976T01013,SAGARDEEP,,Sagardeep Alloys,Industrial Products,"Aluminium, Copper & Zinc Products"
INE611A01016,RSWM,500350,RSWM Ltd,Textiles & Apparels,Other Textile Products
INE777K01022,RRKABEL,543981,R R Kabel,Industrial Products,Cables - Electricals
INE0J1F01024,RPTECH,544119,Rashi Peripheral,IT - Hardware,Computers Hardware & Equipments
INE425Y01011,RPSGVENT,542333,RPSG Ventures,Commercial Services & Supplies,Business Process Outsourcing (BPO)/ Knowledge Process Outsourcing (KPO)
INE399G01023,RKFORGE,532527,Ramkrishna Forg.,Auto Components,Auto Components & Equipments
INE0NQ801033,RKSWAMY,544136,R K Swamy,Media,Advertising & Media Agencies
INE219Y01026,RMDRIP,544456,R M Drip & Sprin,Industrial Products,Plastic Products - Industrial
INE050H01012,RML,532661,Rane (Madras),Auto Components,Auto Components & Equipments
INE012Q01039,RNBDENIMS,538119,R&B Denims,Textiles & Apparels,Other Textile Products
INE283H01019,ROHLTD,532699,Royal Orch.Hotel,Leisure Services,Hotels & Resorts
INE645S01024,ROLEXRINGS,543325,Rolex Rings,Auto Components,Auto Components & Equipments
INE02A801020,ROSSARI,543213,Rossari Biotech,Chemicals & Petrochemicals,Specialty Chemicals
INE847C01020,ROSSELLIND,533168,Rossell India,Agricultural Food & other Products,Tea & Coffee
INE535D01037,ROTO,517500,Roto Pumps,Industrial Products,"Compressors, Pumps & Diesel Engines"
INE450U01017,ROUTE,543228,Route Mobile,Telecom - Services,Other Telecom Services
INE912T01018,RPEL,539837,Raghav Product.,Industrial Products,Electrodes & Refractories
INE614G01033,RPOWER,532939,Reliance Power,Power,Power Generation
INE324L01013,RPPINFRA,533284,RPP Infra Proj.,Construction,Civil Construction
INE760W01023,RPPL,,Rajshree Polypac,Industrial Products,Packaging
INE966A01022,DOLATALGO,505526,Dolat Algotech,Capital Markets,Stockbroking & Allied
INE768C01028,ZYDUSWELL,531335,Zydus Wellness,Food Products,Packaged Foods
INE031B01049,AJANTPHARM,532331,Ajanta Pharma,Pharmaceuticals & Biotechnology,Pharmaceuticals
INE021A01026,ASIANPAINT,500820,Asian Paints,Consumer Durables,Paints
INE276G01015,ASIANENE,530355,Asian Energy,Oil,Oil Equipment & Services
INE208A01029,ASHOKLEY,500477,Ashok Leyland,"Agricultural, Commercial & Construction Vehicles",Commercial Vehicles
INE760Y01011,ASHOKAMET,540923,Ashoka Metcast,Metals & Minerals Trading,Trading - Metals
INE442H01029,ASHOKA,533271,Ashoka Buildcon,Construction,Civil Construction
INE440A01010,ASHIMASYN,514286,Ashima,Textiles & Apparels,Other Textile Products
INE365D01021,ASHIANA,523716,Ashiana Housing,Realty,"Residential, Commercial Projects"
INE348A01023,ASHAPURMIN,527001,Ashapura Minech.,Minerals & Mining,Industrial Minerals
INE073G01016,ASALCBR,507526,Assoc.Alcohols,Beverages,Breweries & Distilleries
INE900C01027,ASAL,520119,Automotive Stamp,Auto Components,Auto Components & Equipments
INE228I01012,ASAHISONG,532853,Asahi Songwon,Chemicals & Petrochemicals,Dyes And Pigments
INE439A01020,ASAHIINDIA,515030,Asahi India Glas,Auto Components,Auto Components & Equipments
INE034S01021,ARVSMART,539301,Arvind SmartSp.,Realty,"Residential, Commercial Projects"
INE955V01021,ARVINDFASN,542484,Arvind Fashions.,Retailing,Speciality Retail
INE034A01011,ARVIND,500101,Arvind Ltd,Textiles & Apparels,Garments & Apparels
INE006Z01016,ARVEE,,Arvee Laborat.,Chemicals & Petrochemicals,Specialty Chemicals
INE363A01022,ASIANHOTNR,500023,Asian Hotels (N),Leisure Services,Hotels & Resorts
INE349W01017,AVADHSUGAR,540649,Avadh Sugar,Agricultural Food & other Products,Sugar
INE549H01021,ARSSBL,544530,Anand Rathi Shar,Capital Markets,Stockbroking & Allied
INE022I01019,ASIANTILES,532888,Asian Granito,Consumer Durables,Ceramics
INE446A01025,ATLASCYCLE,505029,Atlas Cycles,Consumer Durables,Cycles
INE285H01022,ATLANTAA,532759,Atlantaa,Construction,Civil Construction
INE399L01023,ATGL,542066,Adani Total Gas,Gas,LPG/CNG/PNG/LNG Supplier
INE09KD01013,ATAM,543236,Atam Valves,Industrial Manufacturing,Industrial Products
INE0ALR01029,ATALREAL,543911,Atal Realtech,Realty,"Residential, Commercial Projects"
INE203A01020,ASTRAZEN,506820,Astrazeneca Phar,Pharmaceuticals & Biotechnology,Pharmaceuticals
INE386C01029,ASTRAMICRO,532493,Astra Microwave,Aerospace & Defense,Aerospace & Defense
INE006I01046,ASTRAL,532830,Astral,Industrial Products,Plastic Products - Industrial
INE914M01019,ASTERDM,540975,Aster DM Health.,Healthcare Services,Hospital
INE563J01010,ASTEC,533138,Astec Lifescienc,Fertilizers & Agrochemicals,Pesticides & Agrochemicals
INE584F01014,MANGALAM,532637,Mangalam Drugs,Pharmaceuticals & Biotechnology,Pharmaceuticals
INE991I01015,ASPINWALL,,Aspinwall & Co,Transport Services,Logistics Solution Provider
INE855F01042,ASMS,532694,Bartronics India,IT - Services,IT Enabled Services
INE458B01036,BHAGYANGR,512296,Bhagyanagar Ind,Non - Ferrous Metals,Copper
INE491J01022,ASKAUTOLTD,544022,ASK Automotive,Auto Components,Auto Components & Equipments
INE738V01013,ARTNIRMAN,,Art Nirman Ltd,Realty,"Residential, Commercial Projects"
INE570D01018,ARROWGREEN,516064,Arrow Greentech,Industrial Products,Packaging
INE005I01014,AMDIND,532828,AMD Industries,Industrial Products,Packaging
INE702C01027,APLAPOLLO,533758,APL Apollo Tubes,Industrial Products,Iron & Steel Products
INE116A01032,APCOTEXIND,523694,Apcotex Industri,Industrial Products,Rubber
INE071F01012,APCL,518091,Anjani Portland,Cement & Cement Products,Cement & Cement Products
INE372A01015,APARINDS,532259,Apar Inds.,Electrical Equipment,Other Electrical Equipment
INE930P01018,ANURAS,543275,Anupam Rasayan,Chemicals & Petrochemicals,Specialty Chemicals
INE294Z01018,ANUP,542460,The Anup Enginee,Industrial Manufacturing,Industrial Products
INE489G01022,ANUHPHR,506260,Anuh Pharma,Pharmaceuticals & Biotechnology,Pharmaceuticals
INE0CZ201020,ANTHEM,544449,Anthem Bioscienc,Pharmaceuticals & Biotechnology,Biotechnology
INE414B01021,ANTGRAPHIC,,Antarctica,Industrial Products,Packaging
INE02AR01019,ANMOL,542437,Anmol India,Consumable Fuels,Trading - Coal
INE732I01021,ANGELONE,543235,Angel One,Capital Markets,Stockbroking & Allied
INE715B01021,ANDHRSUGAR,590062,Andhra Sugars,Chemicals & Petrochemicals,Commodity Chemicals
INE435A01051,ANDHRAPAP,502330,Andhra Paper,"Paper, Forest & Jute Products",Paper & Paper Products
INE242C01024,ANANTRAJ,515055,Anant Raj,Realty,"Residential, Commercial Projects"
INE463V01026,ANANDRATHI,543415,Anand Rathi Wea.,Capital Markets,Financial Products Distributor
INE098F01031,AMRUTANJAN,590006,Amrutanjan Healt,Pharmaceuticals & Biotechnology,Pharmaceuticals
INE346W01013,APEX,540692,Apex Frozen Food,Food Products,Seafood
INE901L01018,APLLTD,533573,Alembic Pharma,Pharmaceuticals & Biotechnology,Pharmaceuticals
INE210C01013,AROGRANITE,513729,Aro Granite Inds,Consumer Durables,Granites & Marbles
INE713T01028,APOLLO,540879,Apollo Micro Sys,Aerospace & Defense,Aerospace & Defense
INE109C01017,ARMANFIN,531179,Arman Financial,Finance,Non Banking Financial Company (NBFC)
INE0QRL01017,ARKADE,544261,Arkade,Realty,"Residential, Commercial Projects"
INE0H9P01028,ARIS,544419,Arisinfra Solu.,Other Construction Materials,Other Construction Materials
INE643K01018,ARIHANTSUP,506194,Arihant Super.,Realty,"Residential, Commercial Projects"
INE420B01036,ARIHANTCAP,511605,Arihant Capital,Capital Markets,Stockbroking & Allied
INE298I01015,ARIES,532935,Aries Agro,Fertilizers & Agrochemicals,Fertilizers
INE784R01023,ARFIN,539151,Arfin India,Non - Ferrous Metals,Aluminium
INE885A01032,ARE&M,500008,Amara Raja Ener.,Auto Components,Auto Components & Equipments
INE731A01020,ARCHIES,532212,Archies,Consumer Durables,Leisure Products
INE877I01016,ARCHIDPLY,532994,Archidply Inds.,Consumer Durables,Plywood Boards/ Laminates
INE266F01018,APTECHT,532475,Aptech,Other Consumer Services,Education
INE451F01024,APOLSINHOT,,Apollo Sindoori,Leisure Services,Hotels & Resorts
INE438A01022,APOLLOTYRE,500877.0,Apollo Tyres,Auto Components,Tyres & Rubber Products
INE126J01016,APOLLOPIPE,531761,Apollo Pipes,Industrial Products,Plastic Products - Industrial
INE437A01024,APOLLOHOSP,508869,Apollo Hospitals,Healthcare Services,Hospital
INE100A01010,ATUL,500027,Atul,Chemicals & Petrochemicals,Specialty Chemicals
INE951D01028,ATULAUTO,531795,Atul Auto,"Agricultural, Commercial & Construction Vehicles",Commercial Vehicles
INE824Q01011,MANAKSTEEL,539044,Manaksia Steels,Ferrous Metals,Iron & Steel
INE629D01020,BANSWRAS,503722,Banswara Syntex,Textiles & Apparels,Other Textile Products
INE319Y01024,TIRUPATIFL,,Tirupati Forge,Industrial Products,Castings & Forgings
INE0B9K01025,BANSALWIRE,544209,Bansal Wire Inds,Industrial Products,Iron & Steel Products
INE07S101038,PAVNAIND,543915,Pavna Industries,Auto Components,Auto Components & Equipments
INE863I01016,BANG,532946,Bang Overseas,Textiles & Apparels,Garments & Apparels
INE06XZ01023,GEMAROMA,544491,Gem Aromatics,Chemicals & Petrochemicals,Specialty Chemicals
INE213C01025,BANCOINDIA,500039,Banco Products,Auto Components,Auto Components & Equipments
INE459A01010,BANARISUG,500041,Bannari Amm.Sug.,Agricultural Food & other Products,Sugar
INE655B01011,BANARBEADS,526849,Banaras Beads,Consumer Durables,"Gems, Jewellery And Watches"
INE119A01028,BALRAMCHIN,500038,Balrampur Chini,Agricultural Food & other Products,Sugar
INE083D01012,BALPHARMA,524824,Bal Pharma,Pharmaceuticals & Biotechnology,Pharmaceuticals
INE164A01016,BALMLAWRIE,523319,Balmer Lawrie,Diversified,Diversified
INE787D01026,BALKRISIND,502355,Balkrishna Inds,Auto Components,Tyres & Rubber Products
INE902B01017,S&SPOWER,517273,S & S Power Swit,Electrical Equipment,Other Electrical Equipment
INE050E01027,BALAMINES,530999,Balaji Amines,Chemicals & Petrochemicals,Specialty Chemicals
INE794B01026,BALAJITELE,532382,Balaji Telefilms,Entertainment,Media & Entertainment
INE692Z01013,AFFORDABLE,541402,Affordable Robo.,Industrial Manufacturing,Industrial Products
INE373A01013,BASF,500042,BASF India,Chemicals & Petrochemicals,Specialty Chemicals
INE925Y01036,AURIGROW,,Auri Grow India,Industrial Manufacturing,Industrial Products
INE505Y01010,VINEETLAB,543298,Vineet Laborator,Pharmaceuticals & Biotechnology,Pharmaceuticals
INE495P01020,BECTORFOOD,543253,Mrs Bectors,Food Products,Packaged Foods
INE520H01022,BEARDSELL,,Beardsell,Industrial Products,Other Industrial Products
INE171Z01026,BDL,541143,Bharat Dynamics,Aerospace & Defense,Aerospace & Defense
INE888C01040,SADHNANIQ,506642,Sadhana Nitro,Chemicals & Petrochemicals,Commodity Chemicals
INE977Y01011,BCONCEPTS,543442,Brand Concepts,Retailing,Speciality Retail
INE412G01024,BCLIND,524332,BCL Industries,Beverages,Breweries & Distilleries
INE01EE01011,BBTCL,,B&B Triplewall,Industrial Products,Packaging
INE050A01025,BBTC,501425,The Bombay Burmah,Food Products,Packaged Foods
INE676A01027,BBOX,500463,Black Box,IT - Services,IT Enabled Services
INE464A01036,BBL,503960,Bharat Bijlee,Electrical Equipment,Other Electrical Equipment
INE462A01022,BAYERCROP,506285,Bayer Crop Sci.,Fertilizers & Agrochemicals,Pesticides & Agrochemicals
INE437B01014,KAKATCEM,,Kakatiya Cement,Cement & Cement Products,Cement & Cement Products
INE176A01028,BATAINDIA,500043,Bata India,Consumer Durables,Footwear
INE186H01022,BASML,532674,Bannari Amm Spg.,Textiles & Apparels,Other Textile Products
INE618N01022,BALAXI,,Balaxi Pharma,Pharmaceuticals & Biotechnology,Pharmaceuticals
INE0S2G01011,BALAJEE,544249,Shree TirupatiBa,Industrial Products,Packaging
INE134B01017,KECL,533193,Kirl. Electric,Electrical Equipment,Other Electrical Equipment
INE0D0K01022,SIGACHI,543389,Sigachi Indust.,Pharmaceuticals & Biotechnology,Pharmaceuticals
INE306A01021,BAJAJHIND,500032,Bajaj Hindusthan,Agricultural Food & other Products,Sugar
INE488D01021,AVTNPL,519105,AVT Natural Prod,Agricultural Food & other Products,Other Agricultural Products
INE652Z01025,AVROIND,543512,Avro India,Consumer Durables,Plastic Products - Consumer
INE323B01024,AVONMORE,511589,Avonmore Capital,Finance,Non Banking Financial Company (NBFC)
INE027T01023,RUDRA,539226,Rudra Global,Industrial Products,Iron & Steel Products
INE679V01027,AVL,540205,Aditya Vision,Retailing,Speciality Retail
INE680Z01018,AVG,543910,AVG Logistics,Transport Services,Logistics Solution Provider
INE871C01038,AVANTIFEED,512573,Avanti Feeds,Food Products,Animal Feed
INE005B01027,AVANTEL,532406,Avantel,Aerospace & Defense,Aerospace & Defense
INE0LCL01028,AVALON,543896,Avalon Tech,Electrical Equipment,Other Electrical Equipment
INE449A01011,AUTOAXLES,505010,Automotive Axles,Auto Components,Auto Components & Equipments
INE898S01029,AURUM,539289,Aurum Proptech,IT - Services,IT Enabled Services
INE406A01037,AUROPHARMA,524804,Aurobindo Pharma,Pharmaceuticals & Biotechnology,Pharmaceuticals
INE798K01010,KRITINUT,533210,Kriti Nutrients,Agricultural Food & other Products,Edible Oil
INE013801027,KSHITIJPOL,,Kshitij Polyline,Chemicals & Petrochemicals,Printing Inks
INE132H01018,AURIONPRO,532668,Aurionpro Sol.,IT - Software,Computers - Software & Consulting
INE108V01019,AWFIS,544181,AWFIS Space,Commercial Services & Supplies,Diversified Commercial Services
INE107F01022,WANBURY,524212,Wanbury,Pharmaceuticals & Biotechnology,Pharmaceuticals
INE01BK01022,AWHCL,543254,Antony Waste han,Other Utilities,Waste Management
INE116D01028,BAGFILMS,532507,BAG Films,Entertainment,TV Broadcasting & Software Production
INE377Y01014,BAJAJHFL,544252,Bajaj Housing,Finance,Housing Finance Company
INE411U01027,BAJAJHCARE,539872,Bajaj Healthcare,Pharmaceuticals & Biotechnology,Pharmaceuticals
INE193E01025,BAJAJELEC,500031,Bajaj Electrical,Consumer Durables,Household Appliances
INE933K01021,BAJAJCON,533229,Bajaj Consumer,Personal Products,Personal Care
INE917I01010,BAJAJ-AUTO,532977,Bajaj Auto,Automobiles,2/3 Wheelers
INE020D01022,BAIDFIN,511724,Baid Finserv,Finance,Non Banking Financial Company (NBFC)
INE878I01022,BAFNAPH,532989,Bafna Pharma.,Pharmaceuticals & Biotechnology,Pharmaceuticals
INE699H01024,AWL,543458,AWL Agri Busine.,Agricultural Food & other Products,Edible Oil
INE02IJ01035,AZAD,544061,Azad Engineering,Electrical Equipment,Heavy Electrical Equipment
INE193B01039,AYMSYNTEX,508933,AYM Syntex,Textiles & Apparels,Other Textile Products
INE731C01018,KHAITANLTD,590068,Khaitan (India),Consumer Durables,Consumer Electronics
INE02EZ01022,AXITA,542285,Axita Cotton,Textiles & Apparels,Other Textile Products
INE555B01013,AXISCADES,532395,AXISCADES Tech.,Aerospace & Defense,Aerospace & Defense
INE885F01015,MASKINVEST,,MASK INVESTMENTS,Finance,Investment Company
INE275D01022,AMNPLST,506248,Amines & Plast.,Chemicals & Petrochemicals,Commodity Chemicals
INE079A01024,AMBUJACEM,500425,Ambuja Cements,Cement & Cement Products,Cement & Cement Products
INE728Z01015,SOFTTECH,543470,Softtech Enginee,IT - Software,Computers - Software & Consulting
INE912L01015,ONELIFECAP,533632,Onelife Capital,Capital Markets,Stockbroking & Allied
INE718H01014,AUTOIND,532797,Autoline Industr,Auto Components,Auto Components & Equipments
INE01FR01028,STYLEBAAZA,544243,Baazar Style,Retailing,Speciality Retail
INE178C01020,SMARTLINK,532419,Smartlink Hold.,IT - Hardware,Computers Hardware & Equipments
INE644Y01017,SHIVAMILLS,540961,Shiva Mills,Textiles & Apparels,Other Textile Products
INE0SII01026,QPOWER,544367,Quality Power El,Electrical Equipment,Heavy Electrical Equipment
INE600A01035,PILITA,500327,Pil Italica Life,Consumer Durables,Plastic Products - Consumer
INE236Y01012,NGIL,541418,Nakoda Group,Food Products,Packaged Foods
INE831A01028,MIRCELECTR,500279,MIRC Electronics,Consumer Durables,Consumer Electronics
INE370D01013,MANORG,514418,Mangalam Organic,Chemicals & Petrochemicals,Commodity Chemicals
INE0Q3J01015,KRN,544263,KRN Heat Exchan,Industrial Products,Other Industrial Products
INE138C01024,KANORICHEM,506525,Kanoria Chem.,Industrial Manufacturing,Industrial Products
INE091G01026,JAIBALAJI,532976,Jai Balaji Inds.,Ferrous Metals,Iron & Steel
INE332H01014,INDOTECH,532717,Indo Tech.Trans.,Electrical Equipment,Heavy Electrical Equipment
INE349Y01013,IDEAFORGE,543932,Ideaforge Tech,Aerospace & Defense,Aerospace & Defense
INE418N01035,ESSENTIA,535958,Integra Essentia,Commercial Services & Supplies,Trading & Distributors
INE788H01017,HILTON,532847,Hilton Met.Forg.,Industrial Products,Castings & Forgings
INE360L01017,FMNL,533296,Future Market,Commercial Services & Supplies,Diversified Commercial Services
INE08KP01019,DCMNVL,542729,DCM Nouvelle,Textiles & Apparels,Other Textile Products
INE368U01029,UNITEDPOLY,544756,United Polyfab,Textiles & Apparels,Other Textile Products
INE754X01016,AARVI,,Aarvi Encon,Commercial Services & Supplies,Diversified Commercial Services
INE09EO01013,AARTISURF,543210,Aarti Surfactant,Chemicals & Petrochemicals,Specialty Chemicals
INE0LRU01027,AARTIPHARM,543748,Aarti Pharma,Pharmaceuticals & Biotechnology,Pharmaceuticals
INE769A01020,AARTIIND,524208,Aarti Industries,Chemicals & Petrochemicals,Specialty Chemicals
INE767A01016,AARTIDRUGS,524348,Aarti Drugs,Pharmaceuticals & Biotechnology,Pharmaceuticals
INE01C001026,AARTECH,542580,Aartech Solonics,Electrical Equipment,Heavy Electrical Equipment
INE721Z01010,AARON,,Aaron Industries,Industrial Manufacturing,Industrial Products
INE883F01010,AADHARHFC,544176,Aadhar Hsg. Fin.,Finance,Housing Finance Company
INE619I01012,A2ZINFRA,533292,A2Z Infra Engg.,Construction,Civil Construction
INE111B01023,63MOONS,526881,63 Moons Tech.,IT - Software,Computers - Software & Consulting
INE618L01018,5PAISA,540776,5paisa Capital,Capital Markets,Stockbroking & Allied
INE470A01017,3MINDIA,523395,3M India,Diversified,Diversified
INE748C01038,3IINFOLTD,532628,3i Infotech,IT - Software,Computers - Software & Consulting
INE466L01038,360ONE,542772,360 ONE,Capital Markets,Stockbroking & Allied
INE144J01027,20MICRONS,533022,20 Microns,Minerals & Mining,Industrial Minerals
INE841L01016,DEEDEV,544198,DEE Development,Industrial Manufacturing,Industrial Products
INE879I01012,DBREALTY,533160,Valor Estate,Leisure Services,Hotels & Resorts
INE792B01012,AMBICAAGAR,532335,Ambica Agarbat.,Household Products,Household Products
INE474E01029,BHANDARI,512608,Bhandari Hosiery,Textiles & Apparels,Other Textile Products
INE06WU01026,LAXMIINDIA,544465,Laxmi India Fin.,Finance,Non Banking Financial Company (NBFC)
INE995D01025,CHEMBOND,530871,Chembond Materi.,Chemicals & Petrochemicals,Specialty Chemicals
INE0INJ01017,PLAZACABLE,544003,Plaza Wires,Industrial Products,Cables - Electricals
INE526B01014,CALSOFT,532386,California Soft.,IT - Software,Computers - Software & Consulting
INE06IR01021,OSIAHYPER,,Osia Hyper Reta.,Retailing,Diversified Retail
INE090B01011,OMAXAUTO,520021,Omax Autos,Auto Components,Auto Components & Equipments
INE636A01039,MAWANASUG,523371,Mawana Sugars,Agricultural Food & other Products,Sugar
INE479D01038,KRITI,526423,Kriti Industries,Industrial Products,Plastic Products - Industrial
INE227G01018,INDOWIND,532894,Indowind Energy,Power,Power Generation
INE506Z01015,DHRUV,,Dhruv Consultanc,Commercial Services & Supplies,Consulting Services
INE521J01018,CPCAP,,CP Capital,Finance,Non Banking Financial Company (NBFC)
INE008Z01020,SRPL,,Shree Ram Prote.,Agricultural Food & other Products,Edible Oil
INE224M01013,BGLOBAL,,Bharatiya Glob.,IT - Services,IT Enabled Services
INE583L01014,AGSTRA,,AGS Transact,Financial Technology (Fintech),Financial Technology (Fintech)
INE505A01010,DMCC,506405,DMCC Speciality,Chemicals & Petrochemicals,Specialty Chemicals
INE023H01027,NECLIFE,532649,Nectar Lifesci.,Pharmaceuticals & Biotechnology,Pharmaceuticals
INE032Z01020,BSHSL,544757,Bombay Super Hyb,Agricultural Food & other Products,Other Agricultural Products
INE218C01016,AUSOMENT,509009,Ausom Enter.,Consumer Durables,"Gems, Jewellery And Watches"
INE783X01023,CHEMFAB,541269,Chemfab Alka.,Chemicals & Petrochemicals,Commodity Chemicals
INE450G01024,VIPCLOTHNG,532613,VIP Clothing,Textiles & Apparels,Garments & Apparels
INE617A01013,SEMAC,505368,Semac Construct,Construction,Civil Construction
INE087A01019,KESORAMIND,502937,Kesoram Inds.,Cement & Cement Products,Cement & Cement Products
INE076C01018,IFBAGRO,507438,IFB Agro Inds.,Beverages,Breweries & Distilleries
INE518E01015,ZIMLAB,541400,Zim Laboratories,Pharmaceuticals & Biotechnology,Pharmaceuticals
INE082W01014,WEWIN,543535,We Win Ltd,Commercial Services & Supplies,Business Process Outsourcing (BPO)/ Knowledge Process Outsourcing (KPO)
INE906O01029,TIGERLOGS,536264,Tiger Logistics,Transport Services,Logistics Solution Provider
INE754A01055,SUBEXLTD,532348,Subex,IT - Software,Software Products
INE089C01029,STLTECH,532374,Sterlite Tech.,Telecom -  Equipment & Accessories,Telecom -  Equipment & Accessories
INE0MHO01029,REGAAL,544485,Regaal Resources,Agricultural Food & other Products,Other Agricultural Products
INE367G01038,PFOCUS,532748,Prime Focus,Entertainment,Media & Entertainment
INE368I01016,NIRAJ,532986,Niraj Cement,Construction,Civil Construction
INE882A01013,MARALOVER,521018,Maral Overseas,Textiles & Apparels,Other Textile Products
INE938A01021,LCCINFOTEC,532019,LCC Infotech,Other Consumer Services,Education
INE262Z01023,LATTEYS,,Latteys Industri,Industrial Products,"Compressors, Pumps & Diesel Engines"
INE216P01012,AAVAS,541988,AAVAS Financiers,Finance,Housing Finance Company
INE117A01022,ABB,500002,A B B,Electrical Equipment,Heavy Electrical Equipment
INE358A01014,ABBOTINDIA,500488,Abbott India,Pharmaceuticals & Biotechnology,Pharmaceuticals
INE737W01013,AKASH,,Akash InfraProj.,Construction,Civil Construction
INE298G01035,AJMERA,513349,Ajmera Realty,Realty,"Residential, Commercial Projects"
INE274Y01021,AJAXENGG,544356,Ajax Engineering,"Agricultural, Commercial & Construction Vehicles",Construction Vehicles
INE801L01010,AIROLAM,,Airo Lam,Consumer Durables,Plywood Boards/ Laminates
INE645W01026,AIRAN,543811,Airan,IT - Services,IT Enabled Services
INE206F01022,AIIL,539177,Authum Invest,Finance,Non Banking Financial Company (NBFC)
INE212H01026,AIAENG,532683,AIA Engineering,Industrial Products,Castings & Forgings
INE758C01029,AHLUCONT,532811,Ahluwalia Contr.,Construction,Civil Construction
INE926K01017,AHLEAST,533227,Asian Hotels (E),Leisure Services,Hotels & Resorts
INE00PV01013,AHLADA,,Ahlada Engineers,Consumer Durables,"Furniture, Home Furnishing"
INE0Y8W01025,AHCL,544497,Anlon Healthcare,Pharmaceuticals & Biotechnology,Pharmaceuticals
INE740V01019,AGROPHOS,,Agro Phos India,Fertilizers & Agrochemicals,Fertilizers
INE976R01033,AGIIL,539042,AGI Infra,Realty,"Residential, Commercial Projects"
INE415A01038,AGI,500187,AGI Greenpac,Industrial Products,Packaging
INE943P01029,AGARWALEYE,544350,Dr Agarwal's Hea,Healthcare Services,Hospital
INE204E01012,AGARIND,531921,Agarwal Indl.,Chemicals & Petrochemicals,Petrochemicals
INE820Y01021,AJOONI,,Ajooni Biotech,Food Products,Animal Feed
INE00Y801016,AKG,,AKG Exim,Commercial Services & Supplies,Trading & Distributors
INE08PH01015,ABCOTS,544522,AB Cotspin,Textiles & Apparels,Other Textile Products
INE642Z01026,AKI,542020,AKI India,Consumer Durables,Leather And Leather Products
INE371P01015,AMBER,540902,Amber Enterp.,Consumer Durables,Household Appliances
INE084K01015,AMANTA,544502,Amanta Healthcar,Pharmaceuticals & Biotechnology,Pharmaceuticals
INE326B01035,ALMONDZ,531400,Almondz Global,Capital Markets,Stockbroking & Allied
INE0GV601021,ALLTIME,544479,All Time Plastic,Consumer Durables,Houseware
INE835G01018,ALLDIGI,532633,Alldigi Tech,Commercial Services & Supplies,Business Process Outsourcing (BPO)/ Knowledge Process Outsourcing (KPO)
INE540L01014,ALKEM,539523,Alkem Lab,Pharmaceuticals & Biotechnology,Pharmaceuticals
INE03Q201024,ALIVUS,543322,Alivus Life,Pharmaceuticals & Biotechnology,Pharmaceuticals
INE062D01024,ALICON,531147,Alicon Cast.,Auto Components,Auto Components & Equipments
INE598D01035,ALGOQUANT,505725,Algoquant Fin,Finance,Other Financial Services
INE426A01027,ALEMBICLTD,506235,Alembic,Realty,"Residential, Commercial Projects"
INE155C01010,ALBERTDAVD,524075,Albert David,Pharmaceuticals & Biotechnology,Pharmaceuticals
INE914E01040,ALANKIT,531082,Alankit,Commercial Services & Supplies,Diversified Commercial Services
INE09XN01023,AKUMS,544222,Akums Drugs,Pharmaceuticals & Biotechnology,Pharmaceuticals
INE542B01011,AKSHARCHEM,524598,AksharChem (I),Chemicals & Petrochemicals,Dyes And Pigments
INE256Z01025,AKSHAR,541303,Akshar Spintex,Textiles & Apparels,Other Textile Products
INE00ZE01026,AFSL,,Abans Financial,Finance,Holding Company
INE00WC01027,AFFLE,542752,Affle 3i,IT - Services,IT Enabled Services
INE101I01011,AFCONS,544280,Afcons Infrastr.,Construction,Civil Construction
INE0BWX01014,AETHER,543534,Aether Industri.,Chemicals & Petrochemicals,Specialty Chemicals
INE931S01010,ADANIENSOL,539254,Adani Energy Sol,Power,Power Distribution
INE00FF01025,ACUTAAS,543349,Acutaas Chemical,Pharmaceuticals & Biotechnology,Pharmaceuticals
INE622W01025,ACMESOLAR,544283,ACME Solar Hold.,Power,Power Generation
INE128X01021,ACI,543657,Archean Chemical,Chemicals & Petrochemicals,Specialty Chemicals
INE543V01017,ACEINTEG,,Ace Integrated,Commercial Services & Supplies,Diversified Commercial Services
INE731H01025,ACE,532762,Action Const.Eq.,"Agricultural, Commercial & Construction Vehicles",Construction Vehicles
INE648Z01023,ACCURACY,544598,Accuracy Shippi.,Transport Services,Logistics Solution Provider
INE793A01012,ACCELYA,532268,Accelya Solution,IT - Software,Computers - Software & Consulting
INE012A01025,ACC,500410,ACC,Cement & Cement Products,Cement & Cement Products
INE404A01024,ABSLAMC,543374,Aditya AMC,Capital Markets,Asset Management Company
INE055A01016,ABREL,500040,A B Real Estate,"Paper, Forest & Jute Products",Paper & Paper Products
INE251C01025,ABMINTLLTD,,A B M Internatl.,Commercial Services & Supplies,Trading & Distributors
INE00YB01025,ABINFRA,544281,A B Infrabuild,Construction,Civil Construction
INE647O01011,ABFRL,535755,Aditya Bir. Fas.,Retailing,Speciality Retail
INE552Z01027,ABDL,544203,Allied Blenders,Beverages,Breweries & Distilleries
INE423A01024,ADANIENT,512599,Adani Enterp.,Metals & Minerals Trading,Trading - Minerals
INE364U01010,ADANIGREEN,541450,Adani Green,Power,Power Generation
INE742F01042,ADANIPORTS,532921,Adani Ports,Transport Infrastructure,Port & Port services
INE199C01026,ADVANIHOTR,523269,Advani Hotels.,Leisure Services,Hotels & Resorts
INE035801013,AERONEU,,Aeroflex Neu,Industrial Products,Packaging
INE024001021,AEROFLEX,543972,Aeroflex,Industrial Products,Iron & Steel Products
INE065D01027,AEROENTER,511076,Aeroflex Enter.,Industrial Products,Iron & Steel Products
INE757T01025,AEPL,542670,Artemis Electri.,Electrical Equipment,Other Electrical Equipment
INE208C01025,AEGISLOG,500003,Aegis Logistics,Gas,Trading - Gas
INE837H01020,ADVENZYMES,540025,Advanced Enzyme,Pharmaceuticals & Biotechnology,Biotechnology
INE1B0W01010,ADVANCE,544562,Advance Agrolife,Fertilizers & Agrochemicals,Pesticides & Agrochemicals
INE814H01029,ADANIPOWER,533096,Adani Power,Power,Integrated Power Utilities
INE0ALI01010,ADVAIT,543230,Advait Energy,Industrial Products,Cables - Electricals
INE102I01027,ADSL,532875,Allied Digital,IT - Services,IT Enabled Services
INE737B01033,ADROITINFO,532172,Adroit Info.,IT - Services,IT Enabled Services
INE045A01017,ADOR,517041,Ador Welding,Industrial Products,Other Industrial Products
INE0CHO01012,ADL,,Archidply Decor,Consumer Durables,Plywood Boards/ Laminates
INE982B01027,ADFFOODS,519183,ADF Foods,Food Products,Packaged Foods
INE844K01012,BEDMUTHA,,Bedmutha Indus.,Industrial Products,Iron & Steel Products
INE0Z4F01028,ATLANTAELE,544527,Atlanta Electric,Electrical Equipment,Heavy Electrical Equipment
INE263A01024,BEL,500049,Bharat Electron,Aerospace & Defense,Aerospace & Defense
INE663B01015,CONTROLPR,522295,Control Print,IT - Hardware,Computers Hardware & Equipments
INE338H01029,CONCORDBIO,543960,Concord Biotech,Pharmaceuticals & Biotechnology,Pharmaceuticals
INE501Y01019,SCPL,540757,Sheetal Cool,Food Products,Dairy Products
INE111A01025,CONCOR,531344,Container Corpn.,Transport Services,Logistics Solution Provider
INE344T01014,BELLACASA,539399,Bella Casa Fashi,Textiles & Apparels,Garments & Apparels
INE453B01029,COMPUSOFT,532339,Compucom Soft.,Other Consumer Services,Education
INE658G01014,SALSTEEL,532604,S.A.L Steel,Ferrous Metals,Sponge Iron
INE259A01022,COLPAL,500830,Colgate-Palmoliv,Personal Products,Personal Care
INE03QK01018,COHANCE,543064,Cohance Life,Pharmaceuticals & Biotechnology,Pharmaceuticals
INE591G01025,COFORGE,532541,Coforge,IT - Software,Computers - Software & Consulting
INE335K01011,COFFEEDAY,539436,Coffee Day Enter,Leisure Services,Restaurants
INE0V9V01010,DHANLAXMI,,Dhanlaxmi Crop,Agricultural Food & other Products,Other Agricultural Products
INE704P01025,COCHINSHIP,540678,Cochin Shipyard,Industrial Manufacturing,Ship Building & Allied Services
INE377E01024,COASTCORP,501831,Coastal Corporat,Food Products,Seafood
INE522F01014,COALINDIA,533278,Coal India,Consumable Fuels,Coal
INE985W01018,CNL,544631,Creative Newtech,Commercial Services & Supplies,Trading & Distributors
INE552D01024,CONFIPET,526829,Confidence Petro,Gas,LPG/CNG/PNG/LNG Supplier
INE792I01017,CORDSCABLE,532941,Cords Cable,Industrial Products,Cables - Electricals
INE932C01012,TOKYOPLAST,,Tokyo Plast Intl,Consumer Durables,Plastic Products - Consumer
INE169A01031,COROMANDEL,506395,Coromandel Inter,Fertilizers & Agrochemicals,Fertilizers
INE0I3401014,DBOL,543593,Dhampur Bio,Agricultural Food & other Products,Sugar
INE491V01019,CROWN,,Crown Lifters,Industrial Manufacturing,Industrial Products
INE299U01018,CROMPTON,539876,Crompton Gr. Con,Consumer Durables,Household Appliances
INE0S4R01014,CRIZAC,544439,Crizac,Retailing,Internet & Catalogue Retail
INE007A01025,CRISIL,500092,CRISIL,Finance,Other Financial Services
INE559D01011,CREST,,Crest Ventures,Finance,Non Banking Financial Company (NBFC)
INE748Z01013,SUMIT,,Sumit Woods,Realty,"Residential, Commercial Projects"
INE084Q01012,RACE,537785,Race Eco,Other Utilities,Waste Management
INE741K01010,CREDITACC,541770,CreditAcc. Gram.,Finance,Microfinance Institutions
INE185E01021,FILATFASH,532022,Filatex Fash.,Textiles & Apparels,Garments & Apparels
INE00LO01017,CRAFTSMAN,543276,Craftsman Auto,Auto Components,Auto Components & Equipments
INE819V01029,CPPLUS,544466,Aditya Infotech,Industrial Manufacturing,Industrial Products
INE695B01025,COUNCODOS,531624,Country Condo,Realty,"Residential, Commercial Projects"
INE646X01014,ASTRON,540824,Astron Paper,"Paper, Forest & Jute Products",Paper & Paper Products
INE757A01017,COSMOFIRST,508814,Cosmo First,Industrial Products,Packaging
INE925R01014,CMSINFO,543441,CMS Info Systems,Commercial Services & Supplies,Diversified Commercial Services
INE0A1101019,DCI,543636,DC Infotech,IT - Hardware,Computers Hardware & Equipments
INE419D01026,CLSEL,530307,Chamanlal Setia,Agricultural Food & other Products,Other Agricultural Products
INE201M01029,CLEDUCATE,540403,CL Educate,Other Consumer Services,Education
INE180C01042,CGCL,531595,Capri Global,Finance,Non Banking Financial Company (NBFC)
INE037Z01029,CEWATER,544315,Concord Enviro,Other Utilities,Waste Management
INE486A01021,CESC,500084,CESC,Power,Integrated Power Utilities
INE739E01017,CERA,532443,Cera Sanitary.,Consumer Durables,Sanitary Ware
INE348B01021,CENTURYPLY,532548,Century Plyboard,Consumer Durables,Plywood Boards/ Laminates
INE320B01020,CENTUM,517544,Centum Electron,Industrial Manufacturing,Industrial Products
INE660C01027,CENTRUM,501150,Centrum Capital,Finance,Other Financial Services
INE343B01030,RAJESHEXPO,531500,Rajesh Exports,Consumer Durables,"Gems, Jewellery And Watches"
INE281A01026,CENTEXT,500083,Century Extrus.,Industrial Products,"Aluminium, Copper & Zinc Products"
INE485A01015,CENTENKA,500280,Century Enka,Textiles & Apparels,Other Textile Products
INE686A01026,CEMPRO,509496,Cemindia Project,Construction,Civil Construction
INE0LMW01024,CELLO,544012,Cello World,Consumer Durables,Houseware
INE185H01016,CELEBRITY,532695,Celebrity Fash.,Textiles & Apparels,Garments & Apparels
INE016Q01014,CEINSYS,538734,Ceinsys Tech,IT - Software,Computers - Software & Consulting
INE0AG901020,CEIGALL,544223,Ceigall India,Construction,Civil Construction
INE067A01029,CGPOWER,500093,CG Power & Ind,Electrical Equipment,Heavy Electrical Equipment
INE642Y01029,HINDCON,,Hindcon Chemical,Chemicals & Petrochemicals,Specialty Chemicals
INE427F01016,CHALET,542399,Chalet Hotels,Leisure Services,Hotels & Resorts
INE536H01010,CIEINDIA,532756,CIE Automotive,Auto Components,Auto Components & Equipments
INE268L01046,SHEKHAWATI,533301,Shekhawati Inds,Textiles & Apparels,Other Textile Products
INE227W01023,CLEAN,543318,Clean Science,Chemicals & Petrochemicals,Specialty Chemicals
INE059A01026,CIPLA,500087,Cipla,Pharmaceuticals & Biotechnology,Pharmaceuticals
INE039B01026,CINEVISTA,532324,Cinevista,Entertainment,Media & Entertainment
INE704H01022,CINELINE,532807,Cineline India,Entertainment,"Film Production, Distribution & Exhibition"
INE345H01024,CIFL,530879,Capital India,Finance,Non Banking Financial Company (NBFC)
INE149A01033,CHOLAHLDNG,504973,Chola Financial,Finance,Investment Company
INE085A01013,CHAMBLFERT,500085,Chambal Fert.,Fertilizers & Agrochemicals,Fertilizers
INE102B01014,CHOICEIN,531358,Choice Intl.,Finance,Holding Company
INE974B01016,CHEVIOT,526817,Cheviot Company,"Paper, Forest & Jute Products",Jute & Jute Products
INE927C01020,DIGISPICE,517214,DigiSpice Tech.,IT - Services,IT Enabled Services
INE178A01016,CHENNPETRO,500110,C P C L,Petroleum Products,Refineries & Marketing
INE488A01050,CHEMPLASTS,543336,Chemplast Sanmar,Chemicals & Petrochemicals,Commodity Chemicals
INE03YM01018,CHEMCON,543233,Chemcon Special.,Chemicals & Petrochemicals,Specialty Chemicals
INE627H01017,CTE,532801,Cambridge Tech.,IT - Software,Computers - Software & Consulting
INE144D01012,CUBEXTUB,526027,Cubex Tubings,Industrial Products,"Aluminium, Copper & Zinc Products"
INE482A01020,CEATLTD,500878,CEAT,Auto Components,Tyres & Rubber Products
INE320L01011,DHUNINV,,Dhunseri Invest.,Finance,Non Banking Financial Company (NBFC)
INE435G01025,DHANUKA,507717,Dhanuka Agritech,Fertilizers & Agrochemicals,Pesticides & Agrochemicals
INE274V01019,SHANKARA,540425,Shankara Building,Retailing,Speciality Retail
INE041A01016,DHAMPURSUG,500119,Dhampur Sugar,Agricultural Food & other Products,Sugar
INE03JI01017,DGCONTENT,542685,Digicontent,Media,Advertising & Media Agencies
INE872J01023,DEVYANI,543330,Devyani Intl.,Leisure Services,Restaurants
INE0VOV01021,DEVX,544513,Dev Accele.,Commercial Services & Supplies,Diversified Commercial Services
INE060X01034,DEVIT,543462,Dev Information,IT - Services,IT Enabled Services
INE0R4L01018,DENTA,544345,Denta Water,Other Utilities,Water Supply & Management
INE947J01015,DEN,533137,Den Networks,Entertainment,TV Broadcasting & Software Production
INE393A01011,DELTAMAGNT,504286,Delta Manufact.,Industrial Products,Other Industrial Products
INE345B01019,CEREBRAINT,532413,Cerebra Integr.,IT - Hardware,Computers Hardware & Equipments
INE813V01022,MCL,,Madhav Copper,Industrial Products,"Aluminium, Copper & Zinc Products"
INE124G01033,DELTACORP,532848,Delta Corp,Leisure Services,Amusement Parks/ Other Recreation
INE726L01027,DELPHIFX,533452,Delphi World,Finance,Other Financial Services
INE148O01028,DELHIVERY,543529,Delhivery,Transport Services,Logistics Solution Provider
INE00OQ01016,DHARMAJ,543687,Dharmaj Crop,Fertilizers & Agrochemicals,Pesticides & Agrochemicals
INE138A01028,PENINLAND,503031,Peninsula Land,Realty,"Residential, Commercial Projects"
INE298A01020,CUMMINSIND,500480,Cummins India,Industrial Products,"Compressors, Pumps & Diesel Engines"
INE591D01014,DIAMINESQ,500120,Diamines & Chem.,Chemicals & Petrochemicals,Specialty Chemicals
INE192R01011,DMART,540376,Avenue Super.,Retailing,Diversified Retail
INE250K01012,DLINKINDIA,533146,D-Link India,IT - Hardware,Computers Hardware & Equipments
INE271C01023,DLF,532868,DLF,Realty,"Residential, Commercial Projects"
INE0B1K01014,DJML,543193,DJ Mediaprint,Transport Services,Logistics Solution Provider
INE935N01020,DIXON,540699,Dixon Technolog.,Consumer Durables,Consumer Electronics
INE451L01014,MAHASTEEL,513554,Mahamaya Steel,Industrial Products,Iron & Steel Products
INE361B01024,DIVISLAB,532488,Divi's Lab.,Pharmaceuticals & Biotechnology,Pharmaceuticals
INE753U01022,DIVGIITTS,543812,Divgi Torq,Auto Components,Auto Components & Equipments
INE0JWS01017,VALIANTLAB,543998,Valiant Laborato,Pharmaceuticals & Biotechnology,Pharmaceuticals
INE731U01028,DIGJAMLMTD,539979,Digjam,Textiles & Apparels,Other Textile Products
INE970D01010,LOYALTEX,,Loyal Textile,Textiles & Apparels,Other Textile Products
INE190H01024,SAKUMA,532713,Sakuma Exports,Commercial Services & Supplies,Trading & Distributors
INE184O01015,DIFFNKG,544264,Diffusion Eng,Industrial Products,Other Industrial Products
INE303A01010,DICIND,500089,DIC India,Chemicals & Petrochemicals,Printing Inks
INE393P01035,DIAMONDYD,540724,Prataap Snacks,Food Products,Packaged Foods
INE048C01025,VHLTD,523796,Viceroy Hotels,Leisure Services,Hotels & Resorts
INE0FHS01024,DEEPINDS,543288,Deep Industries,Oil,Oil Equipment & Services
INE288B01029,DEEPAKNTR,506401,Deepak Nitrite,Chemicals & Petrochemicals,Specialty Chemicals
INE501A01019,DEEPAKFERT,500645,Deepak Fertilis.,Chemicals & Petrochemicals,Commodity Chemicals
INE0IX101010,DATAPATTNS,543428,Data Pattern,Aerospace & Defense,Aerospace & Defense
INE365B01017,DATAMATICS,532528,Datamatics Glob.,IT - Services,IT Enabled Services
INE688Y01022,DANGEE,,Dangee Dums,Food Products,Packaged Foods
INE497D01022,DAMODARIND,521220,Damodar Indust.,Textiles & Apparels,Other Textile Products
INE284H01025,DAMCAPITAL,544316,Dam Capital Advi,Capital Markets,Stockbroking & Allied
INE495A01022,DALMIASUG,500097,Dalmia Bharat,Agricultural Food & other Products,Sugar
INE962C01035,EASTSILK,590022,ESI,Textiles & Apparels,Other Textile Products
INE00R701025,DALBHARAT,542216,Dalmia BharatLtd,Cement & Cement Products,Cement & Cement Products
INE707C01018,CAPTRUST,511505,Capital Trust,Finance,Non Banking Financial Company (NBFC)
INE016A01026,DABUR,500096,Dabur India,Personal Products,Personal Care
INE055S01018,CYIENTDLM,543933,Cyient DLM,Industrial Manufacturing,Industrial Products
INE136B01020,CYIENT,532175,Cyient,IT - Services,IT Enabled Services
INE214A01019,CYBERTECH,532173,Cybertech Sys.,IT - Software,Computers - Software & Consulting
INE198H01019,AAREYDRUGS,524412,Aarey Drugs,Pharmaceuticals & Biotechnology,Pharmaceuticals
INE509F01029,CUPID,530843,Cupid,Personal Products,Personal Care
INE179G01029,DAVANGERE,543267,Davangere Sugar,Diversified FMCG,Diversified FMCG
INE950I01011,DBCORP,533151,D B Corp,Media,Print Media
INE0OPA01019,DBEIL,544276,Deepak Builders,Construction,Civil Construction
INE0KL801015,DCXINDIA,543650,DCX Systems,Aerospace & Defense,Aerospace & Defense
INE942G01012,MCLEODRUSS,532654,Mcleod Russel,Agricultural Food & other Products,Tea & Coffee
INE159N01027,VIJIFIN,537820,Viji Finance,Finance,Non Banking Financial Company (NBFC)
INE745B01028,KHAICHEM,507794,Khaitan Chemical,Fertilizers & Agrochemicals,Fertilizers
INE0L4K01016,VITAL,,Vital Chemtech,Chemicals & Petrochemicals,Specialty Chemicals
INE583C01021,DECCANCE,502137,Deccan Cements,Cement & Cement Products,Cement & Cement Products
INE0HR601026,DDEVPLSTIK,543547,DDev Plastiks,Chemicals & Petrochemicals,Specialty Chemicals
INE500A01029,DCW,500117,DCW,Chemicals & Petrochemicals,Petrochemicals
INE917M01012,DBL,540047,Dilip Buildcon,Construction,Civil Construction
INE843D01027,DCMSRIND,523369,DCM Shriram Inds,Agricultural Food & other Products,Sugar
INE499A01024,DCMSHRIRAM,523367,DCM Shriram,Diversified,Diversified
INE498A01018,DCM,502820,DCM,IT - Services,IT Enabled Services
INE127B01011,HITECHGEAR,522073,The Hi-Tech Gear,Auto Components,Auto Components & Equipments
INE385W01011,DCAL,540701,Dishman Carbogen,Pharmaceuticals & Biotechnology,Pharmaceuticals
INE921B01025,DBSTOCKBRO,530393,DB Intl.Stock,Capital Markets,Stockbroking & Allied
INE324X01026,SARVESHWAR,543688,Sarveshwar Foods,Agricultural Food & other Products,Other Agricultural Products
INE073V01015,COMSYN,539986,Commerl. Synbags,Industrial Products,Packaging
INE416D01022,BLISSGVS,506197,Bliss GVS Pharma,Pharmaceuticals & Biotechnology,Pharmaceuticals
INE304W01038,BLUESTONE,544484,Bluestone Jewel,Consumer Durables,"Gems, Jewellery And Watches"
INE03NU01014,BRIGHOTEL,544457,Brigade Hotel,Leisure Services,Hotels & Resorts
INE0KBH01020,BLUEJET,544009,Blue Jet Health,Pharmaceuticals & Biotechnology,Pharmaceuticals
INE397D01024,BHARTIARTL,532454,Bharti Airtel,Telecom - Services,Telecom - Cellular & Fixed line services
INE343G01021,BHARTIHEXA,544162,Bharti Hexacom,Telecom - Services,Telecom - Cellular & Fixed line services
INE216A01030,BRITANNIA,500825,Britannia Inds.,Food Products,Packaged Foods
INE727S01012,BRNL,540700,Bharat Road,Construction,Civil Construction
INE118H01025,BSE,,BSE,Capital Markets,Exchange and Data Platform
INE594B01012,BSL,514045,BSL,Textiles & Apparels,Other Textile Products
INE233B01017,BLUEDART,526612,Blue Dart Expres,Transport Services,Logistics Solution Provider
INE836A01035,BSOFT,532400,Birlasoft Ltd,IT - Software,Computers - Software & Consulting
INE257A01026,BHEL,500103,B H E L,Electrical Equipment,Heavy Electrical Equipment
INE0EEJ01023,BTML,543767,Bodhi Tree,Entertainment,Digital Entertainment
INE893I01013,VASCONEQ,533156,Vascon Engineers,Realty,"Residential, Commercial Projects"
INE800A01015,BIRLACABLE,500060,Birla Cable,Telecom -  Equipment & Accessories,Telecom -  Equipment & Accessories
INE916Y01027,AFIL,544200,Akme Fintrade,Finance,Non Banking Financial Company (NBFC)
INE0NLT01010,BLSE,544107,BLS E-Services,IT - Services,IT Enabled Services
INE153T01027,BLS,540073,BLS Internat.,Leisure Services,"Tour, Travel Related Services"
INE295F01017,BUTTERFLY,517421,Butterfly Gan Ap,Consumer Durables,Household Appliances
INE350H01032,BLKASHYAP,532719,B.L.Kashyap,Construction,Civil Construction
INE139I01011,BVCL,532916,Barak Valley,Cement & Cement Products,Cement & Cement Products
INE0PKD01011,MEIL,544492,Mangal Electrica,Electrical Equipment,Other Electrical Equipment
INE412U01025,BIGBLOC,540061,BIGBLOC Const.,Cement & Cement Products,Cement & Cement Products
INE871H01011,GSS,532951,GSS Infotech,IT - Services,IT Enabled Services
INE741L01018,DUCON,534674,Ducon Tech,Industrial Manufacturing,Industrial Products
INE258A01024,BEML,500048,BEML Ltd,"Agricultural, Commercial & Construction Vehicles",Construction Vehicles
INE472A01039,BLUESTARCO,500067,Blue Star,Consumer Durables,Household Appliances
INE791I01019,BRIGADE,532929,Brigade Enterpr.,Realty,"Residential, Commercial Projects"
INE481Z01011,UNIINFO,,Uniinfo Telecom,Telecom - Services,Other Telecom Services
INE316L01019,BHARATWIRE,539799,Bharat Wire,Industrial Products,Iron & Steel Products
INE465A01025,BHARATFORG,500493,Bharat Forge,Auto Components,Auto Components & Equipments
INE02PY01013,BOROLTD,543212,Borosil,Consumer Durables,Houseware
INE666D01022,BORORENEW,502219,Borosil Renew.,Industrial Products,Glass - Industrial
INE0B9A01018,BONLON,543211,Bonlon Industrie,Diversified Metals,Diversified Metals
INE02L001032,BOROSCI,544184,Borosil Scienti.,Industrial Products,Glass - Industrial
INE414D01027,BHAGCHEM,531719,Bhagiradha Chem.,Fertilizers & Agrochemicals,Pesticides & Agrochemicals
INE753W01010,SANGINITA,,Sanginita Chemi.,Chemicals & Petrochemicals,Specialty Chemicals
INE032A01023,BOMDYEING,500020,Bombay Dyeing,Textiles & Apparels,Other Textile Products
INE338D01028,BODALCHEM,524370,Bodal Chemicals,Chemicals & Petrochemicals,Dyes And Pigments
INE165B01029,RSSOFTWARE,517447,R S Software (I),IT - Software,Computers - Software & Consulting
INE561C01019,BHARATGEAR,505688,Bharat Gears,Auto Components,Auto Components & Equipments
INE087B01017,ANIKINDS,519383,Anik Industries,Commercial Services & Supplies,Trading & Distributors
INE351Y01019,BETA,,Beta Drugs Ltd,Pharmaceuticals & Biotechnology,Pharmaceuticals
INE052T01021,BESTAGRO,539660,Best Agrolife,Fertilizers & Agrochemicals,Pesticides & Agrochemicals
INE838B01021,BHARATRAS,590021,Bharat Rasayan,Fertilizers & Agrochemicals,Pesticides & Agrochemicals
INE782A01015,BOSCH-HCIL,523398,Bosch Home Comfort,Consumer Durables,Household Appliances
INE463A01038,BERGEPAINT,509480,Berger Paints,Consumer Durables,Paints
INE955I01044,SEJALLTD,532993,Sejal Glass,Industrial Products,Glass - Industrial
INE965W01036,BMWVENTLTD,544543,BMW Ventures,Metals & Minerals Trading,Trading - Metals
INE637H01024,SHIVAMAUTO,,Shivam Autotech,Auto Components,Auto Components & Equipments
INE395U01014,NINSYS,539843,NINtec Systems,IT - Software,Computers - Software & Consulting
INE323A01026,BOSCHLTD,500530,Bosch,Auto Components,Auto Components & Equipments
INE415D01024,BHARATSE,523229,Bharat Seats,Auto Components,Auto Components & Equipments
INE029A01011,BPCL,500547,B P C L,Petroleum Products,Refineries & Marketing
INE110A01019,BPL,500074,BPL,Consumer Durables,Consumer Electronics
INE060901027,LIKHITHA,543240,Likhitha Infra.,Construction,Civil Construction
INE354C01027,BHAGERIA,530803,Bhageria Indust.,Chemicals & Petrochemicals,Dyes And Pigments
INE309M01020,PREMIERPOL,514354,Premier Polyfilm,Industrial Products,Plastic Products - Industrial
INE319B01014,BYKE,531373,The Byke Hospi.,Leisure Services,Hotels & Resorts
INE650L01011,BROOKS,533543,Brooks Lab.,Pharmaceuticals & Biotechnology,Pharmaceuticals
INE596I01020,CAMS,543232,Cams Services,Capital Markets,"Depositories, Clearing Houses and Other Intermediaries"
INE483S01020,CCAVENUE,539807,AvenuesAI,Financial Technology (Fintech),Financial Technology (Fintech)
INE172A01027,CASTROLIND,500870,Castrol India,Petroleum Products,Lubricants
INE550B01022,HBSL,,HB Stockholdings,Finance,Non Banking Financial Company (NBFC)
INE218G01033,PALREDTEC,532521,Palred Technolog,IT - Services,IT Enabled Services
INE482D01024,CARYSIL,524091,Carysil,Consumer Durables,Household Appliances
INE376G01013,BIOCON,532523,Biocon,Pharmaceuticals & Biotechnology,Pharmaceuticals
INE829A01014,BIOFILCHEM,,Biofil Chemicals,Pharmaceuticals & Biotechnology,Pharmaceuticals
INE00RL01028,HILINFRA,544477,Highway Infra,Transport Infrastructure,"Road AssetsToll, Annuity, Hybrid-Annuity"
INE120A01034,CARBORUNIV,513375,Carborundum Uni.,Industrial Products,Abrasives & Bearings
INE865C01022,BIRLAMONEY,532974,Adit.Birla Money,Capital Markets,Stockbroking & Allied
INE068L01024,CANTABIL,533267,Cantabil Retail,Textiles & Apparels,Garments & Apparels
INE264T01014,CAPACITE,540710,Capacit'e Infra.,Construction,Civil Construction
INE290S01011,CARTRADE,543333,Cartrade Tech,Retailing,E-Retail/ E-Commerce
INE557A01011,BIRLANU,509675,BirlaNu Ltd,Consumer Durables,"Furniture, Home Furnishing"
INE894V01022,BELRISE,544405,Belrise Industri,Auto Components,Auto Components & Equipments
INE0V7W01012,CARRARO,544320,Carraro India,Auto Components,Auto Components & Equipments
INE240C01028,UMESLTD,532398,Usha Mart. Edu.,Other Consumer Services,E-Learning
INE475E01026,CAPLIPOINT,524742,Caplin Point Lab,Pharmaceuticals & Biotechnology,Pharmaceuticals
INE087Z01024,AAKASH,,Aakash Explor.,Oil,Offshore Support Solution Drilling
INE972X01022,VAISHALI,,Vaishali Pharma,Pharmaceuticals & Biotechnology,Pharmaceuticals
INE0AE001013,VPRPL,543974,Vishnu Prakash R,Construction,Civil Construction
INE421D01022,CCL,519600,CCL Products,Agricultural Food & other Products,Tea & Coffee
INE00E101023,BIKAJI,543653,Bikaji Foods,Food Products,Packaged Foods
INE828A01016,BIL,526666,Bhartiya Intl.,Consumer Durables,Leather And Leather Products
INE052I01032,CAMLINFINE,532834,Camlin Fine,Chemicals & Petrochemicals,Specialty Chemicals
INE278Y01022,CAMPUS,543523,Campus Activewe.,Consumer Durables,Footwear
INE736A01011,CDSL,,C D S L,Capital Markets,"Depositories, Clearing Houses and Other Intermediaries"
INE290A01027,NAHARSPING,500296,Nahar Spinning,Textiles & Apparels,Other Textile Products
INE0SJA01013,VMSTMT,544521,VMS TMT,Industrial Products,Iron & Steel Products
INE340A01012,BIRLACORPN,500335,Birla Corpn.,Cement & Cement Products,Cement & Cement Products
INE542F01020,SWANDEF,533107,Swan Defence,Industrial Manufacturing,Ship Building & Allied Services
INE0UIZ01018,BLACKBUCK,544288,Blackbuck,Transport Services,Transport Related Services
INE652F01027,CCHHL,526550,Country Club Hos,Leisure Services,Hotels & Resorts
INE245I01016,NAGREEKCAP,532895,Nagreeka Cap.,Finance,Investment Company
INE791A01024,BLBLIMITED,532290,BLB,Finance,Investment Company
INE429I01024,CCCL,532902,C C C L,Realty,"Residential, Commercial Projects"
INE752H01013,CARERATING,534804,CARE Ratings,Capital Markets,Ratings
INE0HQI01014,BEWLTD,,BEW Engg,Industrial Manufacturing,Industrial Products
INE0NPI01014,SRIVASAVI,,Srivasavi Adhes.,Industrial Products,Other Industrial Products
INE02OY01016,RILINFRA,,Rachana Infra.,Construction,Civil Construction
INE332S01011,EMKAYTOOLS,,Emkay Taps & Cut,Industrial Manufacturing,Industrial Products
INE0M3I01029,AMBEY,,Ambey Laborator.,Fertilizers & Agrochemicals,Pesticides & Agrochemicals
INE238Y01018,TIRUPATI,,Shree Tirupati,Industrial Products,Plastic Products - Industrial
INE0P4701011,SAHAJSOLAR,,Sahaj Solar,Electrical Equipment,Other Electrical Equipment
INE142A01012,OSWALAGRO,500317,Oswal Agro Mills,Commercial Services & Supplies,Trading & Distributors
INE0IGO01011,DESTINY,,Destiny Logistic,Transport Services,Logistics Solution Provider
INE961Y01015,MAHICKRA,,Mahickra Chem.,Chemicals & Petrochemicals,Dyes And Pigments
INE635Y01015,AISL,,ANI Integrated,Commercial Services & Supplies,Diversified Commercial Services
INE0O7P01015,GREENCHEF,,Greenchef Appli.,Consumer Durables,Household Appliances
INE0PT101017,CHAVDA,,Chavda Infra Ltd,Construction,Civil Construction
INE0HS001028,COOLCAPS,,Cool Caps,Industrial Products,Packaging
INE0P1P01017,MARINETRAN,,Marinetrans Indi,Transport Services,Logistics Solution Provider
INE0MRE01011,INFINIUM,,Infinium Pharma,Pharmaceuticals & Biotechnology,Pharmaceuticals
INE105J01010,RPGLIFE,532983,RPG LifeScience.,Pharmaceuticals & Biotechnology,Pharmaceuticals
INE0N5H01017,JIWANRAM,,Jiwanram Sheo,Industrial Products,Other Industrial Products
INE0JHH01011,DOLLEX,,Dollex Agrotech,Agricultural Food & other Products,Sugar
INE0PS301014,INDIFRA,,Indifra Ltd,Gas,Gas Transmission/Marketing
INE0OVI01010,SANGANI,,Sangani Hospital,Healthcare Services,Hospital
INE662A01027,SUPERSPIN,521180,Super Spinning,Textiles & Apparels,Other Textile Products
INE05DH01017,ATMASTCO,,Atmastco Ltd,Construction,Civil Construction
INE512B01022,FCSSOFT,532666,FCS Software,IT - Services,IT Enabled Services
INE0PS501019,GLOBALPET,,Global Pet Indus,Industrial Manufacturing,Industrial Products
INE306L01010,QUICKHEAL,539678,Quick Heal Tech,IT - Software,Software Products
INE082101010,ARISTO,,Aristo Bio-Tech,Fertilizers & Agrochemicals,Pesticides & Agrochemicals
INE04LG01015,PAR,,Par Drugs & Che.,Pharmaceuticals & Biotechnology,Pharmaceuticals
INE003A01024,SIEMENS,500550,Siemens,Electrical Equipment,Heavy Electrical Equipment
INE721A01047,SHRIRAMFIN,511218,Shriram Finance,Finance,Non Banking Financial Company (NBFC)
INE148I01020,SAMMAANCAP,535789,Sammaan Capital,Finance,Housing Finance Company
INE12NJ01018,SAMBHV,544430,Sambhv Steel,Industrial Products,Iron & Steel Products
INE0BYP01024,OSWALPUMPS,544418,Oswal Pumps,Industrial Products,"Compressors, Pumps & Diesel Engines"
INE1FF001016,JKIPL,544547,Jinkushal Indus.,"Agricultural, Commercial & Construction Vehicles","Dealers-Commercial Vehicles, Tractors, Construction Vehicles"
INE0V9N01017,PRIZOR,,Prizor Viztech,Industrial Manufacturing,Industrial Products
INE901X01013,FELIX,,Felix Industries,Other Utilities,Water Supply & Management
INE405Y01021,GOLDSTAR,,Goldstar Power,Auto Components,Auto Components & Equipments
INE0NA301016,RBMINFRA,,RBM Infracon,Commercial Services & Supplies,Diversified Commercial Services
INE0OLS01010,VINYAS,,Vinyas Innovativ,Industrial Manufacturing,Industrial Products
INE0KZA01016,SKP,,SKP Bearing,Industrial Products,Abrasives & Bearings
INE0HPK01020,DUGLOBAL,,DU Digital,Leisure Services,"Tour, Travel Related Services"
INE0PC901019,BIRDYS,,Grill Splendour,Leisure Services,Restaurants
INE623Y01011,WTICAB,,Wise Travel,Transport Services,Road Transport
INE00D001018,REXPIPES,,Rex Pipes&Cables,Industrial Products,Plastic Products - Industrial
INE0NNS01018,NSLNISP,543768,NMDC Steel,Ferrous Metals,Iron & Steel
INE460Q01014,SCML,,Sharp Chucks and,Industrial Products,Castings & Forgings
INE0LCW01025,ISHAN,,Ishan Internat.,Industrial Manufacturing,Industrial Products
INE0ONG01011,NTPCGREEN,544289,NTPC Green Ene.,Power,Power Generation
INE0W2G01015,SAGILITY,544282,Sagility,IT - Services,IT Enabled Services
INE0R7R01018,ITALIANE,,Italian Edibles,Food Products,Packaged Foods
INE994V01012,PROLIFE,,Prolife Indust.,Chemicals & Petrochemicals,Dyes And Pigments
INE531F01023,NUVAMA,543988,Nuvama Wealth,Capital Markets,Stockbroking & Allied
INE0NCC01015,ARIHANTACA,,Arihant Academy,Other Consumer Services,Education
INE0P7201019,DRONE,,Drone Destinatio,Other Consumer Services,Education
INE0OIP01012,MONOPHARMA,,Mono Pharmacare,Pharmaceuticals & Biotechnology,Pharmaceuticals
INE0KTW01013,VEEKAYEM,,Veekayem Fash.,Textiles & Apparels,Garments & Apparels
INE0R4701017,ALPEXSOLAR,,Alpex Solar,Electrical Equipment,Other Electrical Equipment
INE149O01018,NIBE,535136,NIBE,Aerospace & Defense,Aerospace & Defense
INE00F301010,UWCSL,,Ultra Wiring,Auto Components,Auto Components & Equipments
INE19RI01016,TENNIND,544612,Tenneco Clean,Auto Components,Auto Components & Equipments
INE342G01023,NIITMTS,543952,NIIT Learning,Other Consumer Services,Education
INE0M7001010,TAPIFRUIT,,Tapi Fruit,Food Products,Packaged Foods
INE0LF301013,AGNI,,Agni Green,Construction,Civil Construction
INE0JW501011,SPRL,,SP Refractories,Industrial Products,Electrodes & Refractories
INE0N7F01017,HOMESFY,,Homesfy Realty,Realty,Real Estate related services
INE0MGM01017,ANNAPURNA,,Annapurna Swadi.,Food Products,Packaged Foods
INE326T01011,NIRAJISPAT,,Niraj Ispat Ind.,Consumer Durables,Plastic Products - Consumer
INE0QJ901011,DIGIKORE,,Digikore Studios,Entertainment,Media & Entertainment
INE289C01025,TEAMGTY,511559,Team India Guar.,Finance,Non Banking Financial Company (NBFC)
INE0PUC01020,SARTELE,,Sar Televenture,Telecom - Services,Telecom - Infrastructure
INE217G01035,EQUIPPP,590057,Equippp Social,IT - Software,Computers - Software & Consulting
INE0QW501012,BABAFP,,Baba Food,Food Products,Other Food Products
INE995S01015,NIVABUPA,544286,Niva Bupa Health,Insurance,General Insurance
INE0O7A01017,PRAMARA,,Pramara Promotio,Media,Advertising & Media Agencies
INE747K01017,TARAPUR,533203,Tarapur Trans,Electrical Equipment,Heavy Electrical Equipment
INE0RJM01010,NAMAN,,Naman Industries Proxima,Consumer Durables,"Furniture, Home Furnishing"
INE0P6701019,MADHUSUDAN,,Madhusudan Masa,Food Products,Other Food Products
INE335X01014,PULZ,,Pulz Electronics,Consumer Durables,Consumer Electronics
INE0PW501021,NEWJAISA,,Newjaisa Tech,IT - Hardware,Computers Hardware & Equipments
INE495B01038,SUVEN,530239,Suven Life Scie.,Healthcare Services,"Healthcare Research, Analytics & Technology"
INE0PQK01013,FALCONTECH,,Falcon,Commercial Services & Supplies,Diversified Commercial Services
INE0R6C01012,PURVFLEXI,,Purv Flexi,Industrial Products,Plastic Products - Industrial
INE0OB201016,AATMAJ,,Aatmaj Health,Healthcare Services,Hospital
INE1B6101010,SHREEJISPG,544490,Shreeji Ship. Gl,Transport Services,Shipping
INE113X01015,ACCORD,,Accord Synergy,Telecom - Services,Other Telecom Services
INE0Q6H01012,SONAMAC,,Sona Machinery,Industrial Manufacturing,Industrial Products
INE0LR101013,ANLON,,Anlon Tech,Commercial Services & Supplies,Diversified Commercial Services
INE0N5801013,DENTALKART,,Vasa Denticity,Healthcare Equipment & Supplies,Medical Equipment & Supplies
INE0QRV01016,ABSMARINE,,ABS Marine,Transport Services,Shipping
INE0LXA01019,HOLMARC,,Holmarc Opto,Industrial Products,Other Industrial Products
INE0RJH01010,RBS,,Ramdevbaba Sol.,Agricultural Food & other Products,Edible Oil
INE0O4R01018,KDL,,Kore Digital,Telecom - Services,Telecom - Infrastructure
INE338Y01016,OMFURN,,Omfurn India,Consumer Durables,"Furniture, Home Furnishing"
INE0SMA01017,SLONE,,Slone Infosys.,IT - Hardware,Computers Hardware & Equipments
INE0Q5D01013,ACCENTMIC,,Accent Microcell,Pharmaceuticals & Biotechnology,Pharmaceuticals
INE0Q2V01012,KLL,,Kaushalya,Retailing,E-Retail/ E-Commerce
INE0ECC01022,MAXPOSURE,,Maxposure,Entertainment,Media & Entertainment
INE0PK601023,OCCLLTD,544278,OCCL,Chemicals & Petrochemicals,Commodity Chemicals
INE054301028,ODIGMA,544301,Odigma Consultan,IT - Services,IT Enabled Services
INE0I3Y01014,BMETRICS,,Bombay Metrics,Commercial Services & Supplies,Trading & Distributors
INE0SCO01019,DPEL,,Divine Power,Industrial Products,Cables - Electricals
INE123C01018,TAINWALCHM,,Tainwala Chem.,Industrial Products,Plastic Products - Industrial
INE0AZY01017,VILAS,,Vilas Transcore,Industrial Products,Other Industrial Products
INE0RRU01016,IEML,,Indian Emuls,Chemicals & Petrochemicals,Specialty Chemicals
INE0SK801018,DELAPLEX,,Delaplex,IT - Software,Computers - Software & Consulting
INE0LEX01011,SAHANA,,Sahana Systems,IT - Services,IT Enabled Services
INE0UH301010,OMNI,544720,Omnitech Engg.,Industrial Manufacturing,Industrial Products
INE0MRA01019,RITEZONE,,Rite Zone,Chemicals & Petrochemicals,Specialty Chemicals
INE0OCC01013,BASILIC,,Basilic Fly Stud,Entertainment,Media & Entertainment
INE013P01021,ONESOURCE,544292,OneSource Speci.,Pharmaceuticals & Biotechnology,Pharmaceuticals
INE0MO401019,VIAZ,,Viaz Tyres,Auto Components,Tyres & Rubber Products
INE0MGA01012,KARNIKA,,Karnika Industri,Textiles & Apparels,Garments & Apparels
INE660A01013,SUNDARMFIN,590071,Sundaram Finance,Finance,Non Banking Financial Company (NBFC)
INE0NNZ01013,INFOLLION,,Infollion Resea.,Commercial Services & Supplies,Diversified Commercial Services
INE0LP301011,PWL,544609,Physicswallah,Other Consumer Services,E-Learning
INE0SOY01013,TAC,,TAC Infosec,IT - Software,Computers - Software & Consulting
INE546Y01022,PRAXIS,540901,Praxis Home,Retailing,Speciality Retail
INE0IJY01014,TIMESCAN,,Timescan Logist.,Transport Services,Logistics Solution Provider
INE0OMO01025,CELLECOR,,Cellecor Gadgets,Consumer Durables,Consumer Electronics
INE0LVM01018,GRCL,,Gayatri Rubbers,Industrial Products,Rubber
INE12UN01015,SHADOWFAX,544685,Shadowfax Technologies,Transport Services,Logistics Solution Provider
INE00U801010,PARIN,,Parin Enterpris.,Consumer Durables,"Furniture, Home Furnishing"
INE838E01017,PONNIERODE,532460,Ponni Sug.Erode,Agricultural Food & other Products,Sugar
INE020B01018,RECLTD,532955,REC Ltd,Finance,Financial Institution
INE035D01020,SOTL,524667,Savita Oil Tech,Petroleum Products,Lubricants
INE0K5H01010,SADHAV,,Sadhav Shipping,Transport Services,Shipping
INE0OL001018,SPECTSTM,,Spectrum Talent,Commercial Services & Supplies,Diversified Commercial Services
INE0S1L01013,EMMIL,,Energy-Mission,Industrial Manufacturing,Industrial Products
INE0S7E01015,GPECO,,GP Eco Solutions,Electrical Equipment,Other Electrical Equipment
INE0N2D01013,TBI,,TBI Corn,Agricultural Food & other Products,Other Agricultural Products
INE067901012,UMA,,Uma Converter,Industrial Products,Packaging
INE0DZ701010,DYNAMIC,,Dynamic Services,Commercial Services & Supplies,Diversified Commercial Services
INE024D01016,PRUDMOULI,500342,Pruden. Sugar,Agricultural Food & other Products,Sugar
INE371C01013,PODDARMENT,524570,Poddar Pigments,Chemicals & Petrochemicals,Dyes And Pigments
INE0OPC01015,INM,,Interiors & More,Consumer Durables,"Furniture, Home Furnishing"
INE1RDG01013,PNGSREVA,544718,PNGS Reva Diamo.,Consumer Durables,"Gems, Jewellery And Watches"
INE0O1M01015,QFIL,,Quality Foils,Industrial Products,Iron & Steel Products
INE0R7401011,CGRAPHICS,,Creative Graphic,Industrial Products,Other Industrial Products
INE572E01012,PNBHOUSING,540173,PNB Housing,Finance,Housing Finance Company
INE04VX01019,SHEETAL,,Sheetal Univer.,Agricultural Food & other Products,Other Agricultural Products
INE0O0001013,CELLPOINT,,Cell Point,Retailing,Speciality Retail
INE0POU01017,GRAPHISAD,,Graphisads,Media,Advertising & Media Agencies
INE978G01016,SPLIL,532651,SPL Industries,Textiles & Apparels,Trading - Textile Products
INE239T01016,KKVAPOW,,KKV Agro Powers,Consumer Durables,"Gems, Jewellery And Watches"
INE0NVI01020,TRANSTEEL,,Transteel Seatin,Consumer Durables,"Furniture, Home Furnishing"
INE573R01012,SEYAIND,524324,Seya Industries,Chemicals & Petrochemicals,Specialty Chemicals
INE0O6N01012,AGUL,,A G Universal,Industrial Products,Iron & Steel Products
INE0OWX01025,KEL,,Kundan Edifice,Consumer Durables,Consumer Electronics
INE095I01015,PPAP,532934,PPAP Automotive,Auto Components,Auto Components & Equipments
INE430U01019,RADIOWALLA,,Radiowalla,Entertainment,Media & Entertainment
INE0TD401015,MARC,,Marc Technocrats,Commercial Services & Supplies,Consulting Services
INE0BTR01012,SYNOPTICS,,Synoptics Techno,IT - Services,IT Enabled Services
INE0CDK01019,MAKS,,Maks Energy,Industrial Products,"Compressors, Pumps & Diesel Engines"
INE974Z01015,PRITI,,Priti Internati.,Consumer Durables,"Furniture, Home Furnishing"
INE523B01011,AKSHOPTFBR,532351,Aksh Optifibre,Telecom -  Equipment & Accessories,Telecom -  Equipment & Accessories
INE0S3D01016,WINSOL,,Winsol Engineers,Construction,Civil Construction
INE0QA601016,PRATHAM,,Pratham EPC,Construction,Civil Construction
INE0PSK01027,SAAKSHI,,Saakshi Medtech,Electrical Equipment,Other Electrical Equipment
INE00ER01015,ONDOOR,,On Door Concepts,Retailing,Diversified Retail
INE575Z01010,MDL,,Marvel Decor,Consumer Durables,"Furniture, Home Furnishing"
INE06PV01010,CMNL,,Chaman Metallics,Ferrous Metals,Sponge Iron
INE02KC01010,JAINAM,,Jainam Ferro,Ferrous Metals,Ferro & Silica Manganese
INE631A01022,SHANTIGEAR,522034,Shanthi Gears,Industrial Manufacturing,Industrial Products
INE0R3T01013,MANDEEP,,Mandeep Auto,Auto Components,Auto Components & Equipments
INE0PTR01012,ROCKINGDCE,,Rockingdeals Cir,Commercial Services & Supplies,Trading & Distributors
INE0QQM01017,VR,,V R Infraspace,Realty,"Residential, Commercial Projects"
INE639X01027,BEACON,,Beacon Trust.,Capital Markets,"Depositories, Clearing Houses and Other Intermediaries"
INE0PLZ01012,SUNREST,,Sunrest Lifescie,Pharmaceuticals & Biotechnology,Pharmaceuticals
INE0ON201012,SSFL,,Srivari Spices &,Food Products,Other Food Products
INE017W01010,SMLT,540393,Sarthak Metals,Industrial Products,Iron & Steel Products
INE0K4D01020,QUICKTOUCH,,Quicktouch Tech,IT - Software,Computers - Software & Consulting
INE0U9101019,EFFWA,,Effwa Infra,Other Utilities,Waste Management
INE0O4M01019,MCON,,MCON Rasayan,Other Construction Materials,Other Construction Materials
INE0GXK01018,VMARCIND,,V-Marc India,Industrial Products,Cables - Electricals
INE0J1E01027,KCK,,KCK Industries,Agricultural Food & other Products,Other Agricultural Products
INE0OUW01013,DURLAX,,Durlax Top,Consumer Durables,"Furniture, Home Furnishing"
INE0NZW01014,PATTECH,,Pattech Fitwell,Industrial Products,Castings & Forgings
INE0OMF01015,SHRITECH,,Shri Techtex,Industrial Products,Plastic Products - Industrial
INE06MH01016,GOLDKART,,Goldkart Jewels,Consumer Durables,"Gems, Jewellery And Watches"
INE0CAJ01017,AILIMITED,,Abhishek Integr.,Construction,Civil Construction
INE0I0M01023,PRABHA,544379,Prabha Energy,Oil,Oil Exploration & Production
INE0S3X01014,ENFUSE,,Enfuse Solutions,IT - Services,IT Enabled Services
INE0RUV01018,AIMTRON,,Aimtron,Industrial Manufacturing,Industrial Products
INE583B01015,SANDESH,,Sandesh,Media,Print Media
INE0BX301013,PROSTARM,544410,Prostarm Info,Electrical Equipment,Other Electrical Equipment
INE0OJW01016,ROSSTECH,544294,Rossell Techsys,Aerospace & Defense,Aerospace & Defense
INE0RPM01017,SATIPOLY,,Sati Poly,Industrial Products,Packaging
INE0ONE01016,PROV,,Proventus Agro.,Food Products,Other Food Products
INE0KN801013,PROPEQUITY,,P.E. Analytics,Realty,Real Estate related services
INE239C01020,STYLAMIND,526951,Stylam Industrie,Consumer Durables,Plywood Boards/ Laminates
INE0O1S01012,MAGSON,,Magson Retail,Food Products,Packaged Foods
INE0STM01017,ALUWIND,,Aluwind Infra,Industrial Products,"Aluminium, Copper & Zinc Products"
INE0URU01010,GLOBALE,544234,Globale Tessile,Textiles & Apparels,Trading - Textile Products
INE0J6L01013,NIDAN,,Nidan Laborator.,Healthcare Services,Healthcare Service Provider
INE577L01016,STEL,533316,STEL Holdings,Finance,Investment Company
INE090Y01013,CADSYS,,Cadsys (India),Commercial Services & Supplies,Business Process Outsourcing (BPO)/ Knowledge Process Outsourcing (KPO)
INE01II01013,SILGO,,Silgo Retail,Consumer Durables,"Gems, Jewellery And Watches"
INE134E01011,PFC,532810,Power Fin.Corpn.,Finance,Financial Institution
INE0V3U01015,GLOBECIVIL,544424,Globe Civil,Construction,Civil Construction
INE0UOS01011,SANOFICONR,544250,Sanofi Consumer,Pharmaceuticals & Biotechnology,Pharmaceuticals
INE0J6801010,KORE,,Jay Jalaram Tech,Retailing,Diversified Retail
INE0R8B01010,PATELRMART,544487,Patel Retail,Retailing,Diversified Retail
INE0QPI01025,SUDEEPPHRM,544619,Sudeep Pharma,Pharmaceuticals & Biotechnology,Pharmaceuticals
INE0R8C01018,GGBL,,Ganesh Green,Electrical Equipment,Other Electrical Equipment
INE340Z01019,CONTI,,Continental Seed,Commercial Services & Supplies,Trading & Distributors
INE0P0001010,APS,,Australian Prem,Electrical Equipment,Heavy Electrical Equipment
INE06ZX01015,PARTYCRUS,,Party Cruisers,Other Consumer Services,Other Consumer Services
INE866K01023,WAAREEINDO,533257,Indosolar,Electrical Equipment,Heavy Electrical Equipment
INE0QFE01017,GOYALSALT,,Goyal Salt,Food Products,Other Food Products
INE376Y01016,MILTON,,Milton Industri.,Consumer Durables,Plywood Boards/ Laminates
INE119201023,PARKHOSPS,544645,Park Medi World,Healthcare Services,Hospital
INE519C01017,SUMMITSEC,533306,Summit Securitie,Finance,Investment Company
INE105Y01019,MPTODAY,,Madhya Prad. Tod,Media,Print Media
INE0KFF01017,EFACTOR,,E Factor Experie,Other Consumer Services,Other Consumer Services
INE0TNX01015,REFRACTORY,,Refractory Shap.,Industrial Products,Electrodes & Refractories
INE933B01012,SIGMAADV,532408,Sigma Advanced System,Aerospace & Defense,Aerospace & Defense
INE0OJM01017,MASTER,,Master Component,Industrial Products,Plastic Products - Industrial
INE024F01011,SHILCTECH,531201,Shilchar Tech.,Electrical Equipment,Other Electrical Equipment
INE124E01038,STEELCAS,513517,Steelcast,Industrial Products,Castings & Forgings
INE0N7S01028,MOS,,MOS Utility,Financial Technology (Fintech),Financial Technology (Fintech)
INE01NE01012,SRD,542232,Shankar Lal Ram.,Chemicals & Petrochemicals,Trading - Chemicals
INE00XB01019,SEDEMAC,544723,Sedemac Mechatro,Auto Components,Auto Components & Equipments
INE650K01021,SECURKLOUD,512161,SecureKloud Tech,IT - Services,IT Enabled Services
INE0KZ301010,KONTOR,,Kontor Space,Commercial Services & Supplies,Diversified Commercial Services
INE0QEI01011,KONSTELEC,,Konstelec Engg.,Construction,Civil Construction
INE0PZA01015,SAIFL,,Sameera Agro,Agricultural Food & other Products,Other Agricultural Products
INE0BTM01013,SECMARK,543234,Secmark Consult.,IT - Software,Computers - Software & Consulting
INE00UG01014,KHFM,,KHFM Hospitality,Commercial Services & Supplies,Diversified Commercial Services
INE364Z01019,REPL,,Rudrabhish. Ent.,Construction,Civil Construction
INE0PDJ01013,ROXHITECH,,ROX Hi-Tech,IT - Services,IT Enabled Services
INE0OXV01027,TUNWAL,,Tunwal E-Motors,Automobiles,2/3 Wheelers
INE15B701018,PINELABS,544606,Pine Labs,Financial Technology (Fintech),Financial Technology (Fintech)
INE090501011,SCODATUBES,544411,Scoda Tubes,Industrial Products,Iron & Steel Products
INE985P01012,GRETEX,,Gretex Industrie,Entertainment,Media & Entertainment
INE03DD01011,RETAIL,544197,JHS Svend.Retail,Retailing,Diversified Retail
INE170E01023,SATIA,539201,Satia Industries,"Paper, Forest & Jute Products",Paper & Paper Products
INE046A01015,RIIL,523445,Rel. Indl. Infra,Transport Services,Logistics Solution Provider
INE0LWY01029,TRIDHYA,,Tridhya Tech,Commercial Services & Supplies,Diversified Commercial Services
INE923A01015,SILINV,521194,SIL Investments,Finance,Investment Company
INE0MLZ01019,PHANTOMFX,,Phantom Digital,Entertainment,Media & Entertainment
INE0S8401018,DCG,,DCG Cables,Industrial Products,Cables - Electricals
INE533D01032,RAJRILTD,530699,Raj Rayon Inds.,Textiles & Apparels,Other Textile Products
INE546C01010,PICCADIL,530305,Piccadily Agro,Beverages,Breweries & Distilleries
INE0H4B01011,LRRPL,,Lead Reclaim,Industrial Products,Rubber
INE0MLA01012,AGARWALFT,,Agarwal Float,Industrial Products,Glass - Industrial
INE0QWN01013,ZENITHDRUG,,Zenith Drugs,Pharmaceuticals & Biotechnology,Pharmaceuticals
INE0PPS01018,ZEAL,,Zeal Global Serv,Transport Services,Logistics Solution Provider
INE018E01016,SBICARD,543066,SBI Cards,Finance,Non Banking Financial Company (NBFC)
INE626A01014,SAURASHCEM,502175,Saurashtra Cem.,Cement & Cement Products,Cement & Cement Products
INE0R3501012,HRHNEXT,,HRH Next,Commercial Services & Supplies,Business Process Outsourcing (BPO)/ Knowledge Process Outsourcing (KPO)
INE792X01016,TRANSWIND,,Transwind Infra.,Commercial Services & Supplies,Diversified Commercial Services
INE0JWV01011,DENEERS,,De Neers Tools,Industrial Products,Iron & Steel Products
INE0IA701014,VIVO,,Vivo Collaborat.,Telecom - Services,Other Telecom Services
INE610C01014,ARENTERP,526662,Rajdarshan Inds,Metals & Minerals Trading,Trading - Minerals
INE0BTI01037,KAMOPAINTS,543747,Kamdhenu Venture,Consumer Durables,Paints
INE116G01013,VARDHACRLC,,Vardhman Acrylic,Textiles & Apparels,Other Textile Products
INE227J01012,KALPATARU,544423,Kalpat.,Realty,"Residential, Commercial Projects"
INE818A01017,ANTELOPUS,530075,Antelopus Selan,Oil,Oil Exploration & Production
INE03CC01015,JUBLCPL,544355,Jubilant Agri,Chemicals & Petrochemicals,Specialty Chemicals
INE824G01012,JSWHL,532642,JSW Holdings,Finance,Investment Company
INE0O0201019,URBAN,,Urban Enviro,Other Utilities,Waste Management
INE718I01012,JSWCEMENT,544480,JSW Cement,Cement & Cement Products,Cement & Cement Products
INE0QBU01012,CPS,,C P S Shapers,Textiles & Apparels,Garments & Apparels
INE852O01025,APTUS,543335,Aptus Value Hou.,Finance,Housing Finance Company
INE0Q4701019,FONEBOX,,Fonebox Retail,Retailing,Speciality Retail
INE780C01023,JMFINANCIL,523405,JM Financial,Finance,Holding Company
INE412C01023,JMA,,Jullundur Motor,Auto Components,Trading - Auto components
INE0SQY01018,GSMFOILS,,GSM Foils,Industrial Products,Packaging
INE02S501018,SHREEOSFM,,Shree OSFM,Transport Services,Road Transport
INE0GMR01016,SWARAJ,,Swaraj Suiting,Textiles & Apparels,Other Textile Products
INE0A1E01018,SIDDHIKA,,Siddhika Coatins,Consumer Durables,Paints
INE050B01023,IVC,511208,IL&FS Inv.Manag.,Capital Markets,Asset Management Company
INE379A01028,ITCHOTELS,544325,ITC Hotels,Leisure Services,Hotels & Resorts
INE0LEZ01016,ATHERENERG,544397,Ather Energy,Automobiles,2/3 Wheelers
INE0NN701020,ATL,543954,Allcargo Termi,Transport Infrastructure,Port & Port services
INE781A01025,INTENTECH,532326,Intense Tech.,IT - Services,IT Enabled Services
INE386A01023,VESUVIUS,520113,Vesuvius India,Industrial Products,Electrodes & Refractories
INE701A01023,VHL,500439,Vardhman Hold.,Finance,Investment Company
INE501X01029,AYE,544699,Aye Finance,Finance,Non Banking Financial Company (NBFC)
INE06ST01018,INDIQUBE,544454,Indiqube Spaces,Commercial Services & Supplies,Diversified Commercial Services
INE918I01026,BAJAJFINSV,532978,Bajaj Finserv,Finance,Holding Company
INE118A01012,BAJAJHLDNG,500490,Bajaj Holdings,Finance,Holding Company
INE606A01024,AMJLAND,500343,AMJ Land Holdin.,Realty,"Residential, Commercial Projects"
INE02EE01019,IPSL,,Integrated Perso,Commercial Services & Supplies,Diversified Commercial Services
INE0KQN01018,BAJEL,544042,Bajel Projects,Electrical Equipment,Heavy Electrical Equipment
INE0LA901015,JFLLIFE,,JFL Life,Pharmaceuticals & Biotechnology,Pharmaceuticals
INE458F01011,UNITEDTEA,,United Nilgiri,Agricultural Food & other Products,Tea & Coffee
INE0PIC01017,HIGREEN,,Hi-Green Carbon,Other Utilities,Waste Management
INE455I01029,KSCL,532899,Kaveri Seed Co.,Agricultural Food & other Products,Other Agricultural Products
INE449G01018,AGRITECH,537292,Agri-Tech India,Agricultural Food & other Products,Other Agricultural Products
INE08NJ01024,ARABIAN,,Arabian Petrol.,Petroleum Products,Lubricants
INE0STN01015,SILKFLEX,,Silkflex Polymer,Chemicals & Petrochemicals,Specialty Chemicals
INE075Z01011,CMRSL,,Cyber Media Res.,Media,Advertising & Media Agencies
INE0RCG01017,KCEIL,,Kay Cee,Construction,Civil Construction
INE0RDE01010,SIGNORIA,,Signoria Creatio,Textiles & Apparels,Garments & Apparels
INE844A01013,PEARLPOLY,,Pearl Polymers,Consumer Durables,Plastic Products - Consumer
INE0OFK01019,CRAYONS,,Crayons Advertis,Media,Advertising & Media Agencies
INE709Z01015,VERA,,Vera Synthetic,Textiles & Apparels,Other Textile Products
INE0R1601012,PRESSTONIC,,Presstonic Engi.,Industrial Manufacturing,Industrial Products
INE773I01017,ALKALI,533029,Alkali Metals,Chemicals & Petrochemicals,Specialty Chemicals
INE234I01028,KAUSHALYA,532925,Kaushalya Infra.,Leisure Services,Hotels & Resorts
INE0R7301013,RULKA,,Rulka,Construction,Civil Construction
INE150B01039,ALKYLAMINE,506767,Alkyl Amines,Chemicals & Petrochemicals,Specialty Chemicals
INE418H01029,ALLCARGO,532749,Allcargo Logist.,Transport Services,Logistics Solution Provider
INE029L01018,KICL,,Kalyani Invest.,Finance,Investment Company
INE029Q01017,BAHETI,,Baheti Recycling,Industrial Products,"Aluminium, Copper & Zinc Products"
INE385I01010,ALPA,532878,Alpa Laboratorie,Pharmaceuticals & Biotechnology,Pharmaceuticals
INE137C01018,ALPHAGEO,526397,Alphageo (India),Oil,Offshore Support Solution Drilling
INE0BZQ01011,RCDL,,Rajgor Castor,Agricultural Food & other Products,Edible Oil
INE121R01077,AMAGI,544679,Amagi Media Labs,IT - Services,IT Enabled Services
INE055C01020,KEEPLEARN,526677,DSJ Keep Learn,Other Consumer Services,Education
INE0DEZ01013,K2INFRA,,K2 Infragen,Construction,Civil Construction
INE540G01014,AMBIKCO,531978,Ambika Cotton,Textiles & Apparels,Other Textile Products
INE0QHG01026,SUPREMEPWR,,Supreme Power,Electrical Equipment,Other Electrical Equipment
INE0O9T01021,BAJAJINDEF,544364,Indef Manufactur,Industrial Manufacturing,Industrial Products
INE296A01032,BAJFINANCE,500034,Bajaj Finance,Finance,Non Banking Financial Company (NBFC)
INE947N01017,AEQUS,544634,Aequs,Aerospace & Defense,Aerospace & Defense
INE02ZQ01018,CORONA,544644,Corona Remedies,Pharmaceuticals & Biotechnology,Pharmaceuticals
INE121A01024,CHOLAFIN,511243,Cholaman.Inv.&Fn,Finance,Non Banking Financial Company (NBFC)
INE916G01016,GEECEE,532764,GeeCee Vent.,Realty,"Residential, Commercial Projects"
INE647U01026,CLEANMAX,544717,Clean Max Enviro,Power,Power Generation
INE224E01036,GATECHDVR,570005,GACM Tech-DVR,Finance,Other Financial Services
INE224E01028,GATECH,531723,GACM Tech,Finance,Other Financial Services
INE335W01016,GANGESSECU,540647,Ganges Securitie,Agricultural Food & other Products,Tea & Coffee
INE212S01015,FRACTAL,544700,Fractal Analyt.,IT - Software,Computers - Software & Consulting
INE451A01017,FORCEMOT,500033,Force Motors,Automobiles,Passenger Cars & Utility Vehicles
INE025A01027,CONSOFINVT,,Cons. Finvest,Finance,Non Banking Financial Company (NBFC)
INE593W01028,FOCUS,,Focus Lighting,Consumer Durables,Consumer Electronics
INE558D01021,CORALFINAC,531556,Coral India Fin.,Commercial Services & Supplies,Diversified Commercial Services
INE060J01017,FLEXITUFF,533638,Flexituff Vent.,Textiles & Apparels,Other Textile Products
INE771F01041,FISCHER,524743,Fischer Medical,Healthcare Equipment & Supplies,Medical Equipment & Supplies
INE0P6P01016,CPEDU,544499,Career Point Edu,Other Consumer Services,Education
INE0PA801013,GHCLTEXTIL,543918,GHCL Textiles,Textiles & Apparels,Other Textile Products
INE100D01014,WSI,504220,W S Inds.,Construction,Civil Construction
INE230B01021,CREATIVEYE,532392,Creative Eye,Entertainment,Media & Entertainment
INE0HF201011,FABTECH,544558,Fabtech Tech.,Healthcare Services,"Healthcare Research, Analytics & Technology"
INE718F01018,CSLFINANCE,530067,CSL Finance,Finance,Non Banking Financial Company (NBFC)
INE606N01019,EXCELSOFT,544617,Excelsoft Tech.,IT - Services,IT Enabled Services
INE063P01018,EQUITASBNK,543243,Equitas Sma. Fin,Banks,Other Bank
INE1NPP01017,ENRIN,544390,Siemens Ener.Ind,Electrical Equipment,Heavy Electrical Equipment
INE1C6T01020,EMMVEE,544608,Emmvee Photovol.,Electrical Equipment,Other Electrical Equipment
INE244A01016,DENORA,590031,DE Nora India,Industrial Products,Electrodes & Refractories
INE886D01026,EFCIL,512008,EFC (I),Commercial Services & Supplies,Diversified Commercial Services
INE532F01054,EDELWEISS,532922,Edelweiss.Fin.,Finance,Holding Company
INE0PSC01024,DIGIDRIVE,544079,Digidrive Dist.,Retailing,E-Retail/ E-Commerce
INE920A01037,DOLPHIN,522261,Dolphin Offshore,Oil,Offshore Support Solution Drilling
INE538A01037,GFLLIMITED,500173,GFL,Finance,Holding Company
INE947T01022,GICL,,Globe Intl. Car.,Transport Services,Logistics Solution Provider
INE547E01014,IMPAL,590065,India Motor Part,Auto Components,Trading - Auto components
INE243D01012,BFUTILITIE,532430,BF Utilities,Transport Infrastructure,"Road AssetsToll, Annuity, Hybrid-Annuity"
INE011E01029,BALUFORGE,531112,Balu Forge,Industrial Products,Castings & Forgings
INE530B01024,IIFL,532636,IIFL Finance,Finance,Non Banking Financial Company (NBFC)
INE05J901018,IGCL,544432,Indogulf Cropsci,Fertilizers & Agrochemicals,Pesticides & Agrochemicals
INE039A01010,IFCI,500106,IFCI,Finance,Financial Institution
INE01R501028,VIKRAN,544496,Vikran Engg.,Construction,Civil Construction
INE410B01037,VINATIORGA,524200,Vinati Organics,Chemicals & Petrochemicals,Specialty Chemicals
INE726G01019,ICICIPRULI,540133,ICICI Pru Life,Insurance,Life Insurance
INE346A01027,ICICIAMC,544658,ICICI AMC,Capital Markets,Asset Management Company
INE613B01010,ICDSLTD,,ICDS,Commercial Services & Supplies,Diversified Commercial Services
INE031A01017,HUDCO,540530,H U D C O,Finance,Financial Institution
INE425B01027,BCG,532368,Brightcom Group,IT - Services,IT Enabled Services
INE922A01025,BEPL,500052,Bhansali Engg.,Chemicals & Petrochemicals,Specialty Chemicals
INE878K01010,BFINVEST,533303,BF Investment,Finance,Holding Company
INE05XR01022,BHARATCOAL,544678,Bharat Coking,Consumable Fuels,Coal
INE0ILV01024,CAPILLARY,544614,Capillary Tech.,IT - Software,Software Products
INE0AJG01018,HEMIPROP,543242,Hemisphere Prop,Commercial Services & Supplies,Diversified Commercial Services
INE759V01019,HEADSUP,540210,Heads UP Venture,Textiles & Apparels,Trading - Textile Products
INE370E01029,VIVIDHA,506146,Visagar Polytex,Textiles & Apparels,Garments & Apparels
INE127D01025,HDFCAMC,541729,HDFC AMC,Capital Markets,Asset Management Company
INE756I01012,HDBFS,544429,HDB FINANC SER,Finance,Non Banking Financial Company (NBFC)
INE419U01012,HAPPSTMNDS,543227,Happiest Minds,IT - Software,Computers - Software & Consulting
INE710A01016,VSTIND,509966,VST Industries,Cigarettes & Tobacco Products,Cigarettes & Tobacco Products
INE382T01030,GVPTECH,,GVP Infotech,IT - Software,Computers - Software & Consulting
INE16SF01016,BORANA,544404,Borana Weaves,Textiles & Apparels,Other Textile Products
INE0E7301029,WAKEFIT,544642,Wakefit Innovati,Consumer Durables,"Furniture, Home Furnishing"
INE658T01017,WEALTH,544536,Wealth First Por,Finance,Other Financial Services
INE477A01020,CANFINHOME,511196,Can Fin Homes,Finance,Housing Finance Company
INE389K01018,WELINV,533252,Welspun Investme,Finance,Investment Company
INE802W01023,BOHRAIND,,Bohra Industries,Fertilizers & Agrochemicals,Fertilizers
INE0S6S01017,HOACFOODS,,Hoac Foods,Food Products,Other Food Products
INE0INX01018,AEGISVOPAK,544407,Aegis Vopak Term,Oil,Oil Storage & Transportation
INE00NH01017,CLSL,,Crop Life Scienc,Fertilizers & Agrochemicals,Pesticides & Agrochemicals
INE036A01016,RELINFRA,,Reliance Infra.,Power,Integrated Power Utilities
INE333I01044,NEUEON,,Neueon Corporation,Electrical Equipment,Heavy Electrical Equipment
INE0LQQ01019,FIDEL,,Fidel Softech,IT - Software,Computers - Software & Consulting
INE586O01011,DEEM,,Deem Roll-Tech,Industrial Products,Iron & Steel Products
INE998U01015,PCCL,,Petro Carbon,Minerals & Mining,Industrial Minerals
INE0PE401018,MEDIORG,,Medicamen Organ.,Pharmaceuticals & Biotechnology,Pharmaceuticals
INE597Z01014,COMMITTED,,Committed Cargo,Transport Services,Logistics Solution Provider
INE0PXD01014,PLADAINFO,,Plada Infotech S,Commercial Services & Supplies,Business Process Outsourcing (BPO)/ Knowledge Process Outsourcing (KPO)
INE065J01024,TPHQ,533048,Teamo Production,Construction,Civil Construction
INE414G01012,MUTHOOTFIN,533398,Muthoot Finance,Finance,Non Banking Financial Company (NBFC)
INE0CBM01019,USASEEDS,,Upsurge Seeds,Agricultural Food & other Products,Other Agricultural Products
INE0HMF01019,TRACXN,543638,Tracxn Technolo.,Commercial Services & Supplies,Data Processing Services
INE577A01027,MUNJALSHOW,520043,Munjal Showa,Auto Components,Auto Components & Equipments
INE0M2X01012,ALLETEC,,All E Tech,IT - Software,Computers - Software & Consulting
INE0S7801010,ASPIRE,,Aspire & Innovat,Consumer Durables,Household Appliances
INE0F3301020,SJLOGISTIC,,S J Logistics (I,Transport Services,Logistics Solution Provider
INE0NR701018,KRISHCA,,Krishca Strapp.,Industrial Products,Iron & Steel Products
INE0SWN01019,TRUST,,Trust Fintech,IT - Software,Software Products
INE0ORS01017,PENTAGON,,Pentagon Rubber,Industrial Products,Rubber
INE391D01019,TRF,,TRF,Industrial Manufacturing,Industrial Products
INE0S4Y01010,SHREEKARNI,,Shree Karni,Textiles & Apparels,Other Textile Products
INE0I3H01019,VELS,,Vels Film,Entertainment,"Film Production, Distribution & Exhibition"
INE0Q1W01012,EFORCE,,Electro Force,Electrical Equipment,Other Electrical Equipment
INE0FMW01018,QMSMEDI,,QMS Medical,Healthcare Equipment & Supplies,Medical Equipment & Supplies
INE0NLB01018,VERTEXPLUS,,Vertexplus Tech.,IT - Services,IT Enabled Services
INE0S9101013,WINNY,,Winny Immigratio,Leisure Services,"Tour, Travel Related Services"
INE0BHK01012,VISAMAN,,Visaman Global,Industrial Products,Iron & Steel Products
INE0Q7P01013,KODYTECH,,Kody Technolab,IT - Software,Computers - Software & Consulting
INE376C01038,CLCIND,,CLC Industries,Textiles & Apparels,Other Textile Products
INE591A01010,OILCOUNTUB,500313,Oil Country,Oil,Oil Equipment & Services
INE0PZK01014,MICROPRO,,Micropro Softwar,IT - Software,Computers - Software & Consulting
INE0NUL01018,AUROIMPEX,,Auro Impex,Industrial Products,Electrodes & Refractories
INE0GOJ01027,QUADPRO,,Quadpro ITeS,IT - Services,IT Enabled Services
INE0MM001019,SHERA,,Shera Energy,Industrial Products,"Aluminium, Copper & Zinc Products"
INE450S01011,MHHL,,Mohini Health,Healthcare Equipment & Supplies,Medical Equipment & Supplies
INE117B01020,CURAA,,Cura Tech.,IT - Software,Computers - Software & Consulting
INE0QD201012,TECHLABS,,Trident Techlabs,IT - Software,Computers - Software & Consulting
INE0MJQ01020,PRITIKA,,Pritika Engineer,Auto Components,Auto Components & Equipments
INE239A01024,NESTLEIND,500790,Nestle India,Food Products,Packaged Foods
INE0P8B01020,GAUDIUMIVF,544709,Gaudium IVF,Healthcare Services,Healthcare Service Provider
INE0MEG01014,VIVIANA,,Viviana Power,Construction,Civil Construction
INE01IH01015,SYLVANPLY,,Sylvan Plyboard,Consumer Durables,Plywood Boards/ Laminates
INE0ISZ01012,ZTECH,,Z-Tech (India),Other Utilities,Waste Management
INE531R01010,MEGATHERM,,Megatherm Indu.,Industrial Products,Other Industrial Products
INE0R9I01021,ENSER,,Enser,IT - Services,IT Enabled Services
INE388G01026,TICL,532738,Twamev Constr.,Construction,Civil Construction
INE155G01029,NDTV,532529,NDTV,Entertainment,TV Broadcasting & Software Production
INE0JZA01018,SONUINFRA,,Sonu Infratech,Construction,Civil Construction
INE0O5T01011,REMUS,,Remus Pharma.,Pharmaceuticals & Biotechnology,Pharmaceuticals
INE0O7401018,IBLFL,,IBL Finance,Finance,Non Banking Financial Company (NBFC)
INE756C01015,NDGL,,Naga Dhunseri,Finance,Non Banking Financial Company (NBFC)
INE0O7R01011,SYSTANGO,,Systango Tech,IT - Software,Computers - Software & Consulting
INE03V001013,UNIVPHOTO,,Universus Photo,Consumer Durables,Consumer Electronics
INE365I01020,NBIFIN,,NBI Indl. Fin.,Finance,Non Banking Financial Company (NBFC)
INE0SRI01019,VERITAAS,,Veritaas Adver.,Media,Advertising & Media Agencies
INE0T7B01010,SPCL,,Shivalic Power,Electrical Equipment,Other Electrical Equipment
INE0Q9601016,WOMANCART,,Womancart,Retailing,E-Retail/ E-Commerce
INE0N4G01012,PARAGON,,Paragon Fine,Chemicals & Petrochemicals,Dyes And Pigments
INE0SH001010,MASON,,Mason Infratech,Realty,"Residential, Commercial Projects"
INE01ZJ01015,SURANI,,Surani Steel Tub,Industrial Products,Iron & Steel Products
INE040M01013,TREEHOUSE,533540,Tree House Edu.,Other Consumer Services,Education
INE0R9401019,AVPINFRA,,AVP Infracon,Construction,Civil Construction
INE0PQ001012,VISHNUINFR,,Vishnusurya Pro.,Other Construction Materials,Other Construction Materials
INE105C01023,3PLAND,516092,3P Land Hold.,Finance,Investment Company
INE0D0U01013,AAATECH,543671,AAA Technologies,Commercial Services & Supplies,Consulting Services
INE0JRD01019,DTL,,Diensten Tech,Commercial Services & Supplies,Diversified Commercial Services
INE0CFG01012,PRLIND,,Premier Roadline,Transport Services,Logistics Solution Provider
INE0HKW01018,PRECISION,,Precision Metal.,Auto Components,Auto Components & Equipments
INE288A01013,MAHSCOOTER,500266,Mah. Scooters,Finance,Investment Company
INE843B01013,MAHAPEXLTD,523384,Maha Rashtra Apx,Finance,Other Financial Services
INE0QJL01014,TCL,,Thaai,Auto Components,Auto Components & Equipments
INE414A01015,MADRASFERT,590134,Madras Fertilize,Fertilizers & Agrochemicals,Fertilizers
INE0JR301013,MADHAVBAUG,,Vaidya Sane,Healthcare Equipment & Supplies,Medical Equipment & Supplies
INE385O01018,FROG,,Frog Innovations,Telecom -  Equipment & Accessories,Telecom -  Equipment & Accessories
INE774D01024,M&MFIN,532720,M & M Fin. Serv.,Finance,Non Banking Financial Company (NBFC)
INE674K01013,ABCAPITAL,540691,Aditya Birla Cap,Finance,Investment Company
INE0OSJ01014,VINSYS,,Vinsys IT Serv.,Other Consumer Services,Education
INE0QP001012,MARCO,,Marco Cables,Industrial Products,Cables - Electricals
INE498L01015,LTF,533519,L&T Finance Ltd,Finance,Non Banking Financial Company (NBFC)
INE197J01017,LPDC,533012,Landmark Prop.,Realty,Real Estate related services
INE269B01029,LMW,500252,LMW,Industrial Manufacturing,Industrial Products
INE666E01020,ACL,532141,Andhra Cements,Cement & Cement Products,Cement & Cement Products
INE0JFJ01011,BAWEJA,,Baweja Studios L,Entertainment,"Film Production, Distribution & Exhibition"
INE0SUN01013,NEPHROCARE,,Nephro Care,Healthcare Services,Hospital
INE115A01026,LICHSGFIN,500253,LIC Housing Fin.,Finance,Housing Finance Company
INE037A01022,UNIENTER,500429,Uniphos Enter.,Chemicals & Petrochemicals,Trading - Chemicals
INE850E01012,LFIC,,Lak. Fin. & Indl,Finance,Investment Company
INE0KT901015,AMEYA,,Ameya Precision,Industrial Products,Other Industrial Products
INE522D01027,MANAPPURAM,531213,Manappuram Fin.,Finance,Non Banking Financial Company (NBFC)
INE142K01011,LYPSAGEMS,534532,Lypsa Gems,Consumer Durables,"Gems, Jewellery And Watches"
INE253B01015,21STCENMGM,526921,21st Cent. Mgmt.,Capital Markets,Other Capital Market related Services
INE0GN101014,DKEGL,,D.K. Enterprises,Industrial Products,Packaging
INE0ITO01014,ESFL,,Essen Speciality,Consumer Durables,Plastic Products - Consumer
INE0QG301017,CANARYS,,Canarys Automa.,IT - Software,Computers - Software & Consulting
INE180A01020,MFSL,500271,Max Financial,Insurance,Life Insurance
INE0US801024,MFML,544233,Mahalaxmi Fab.,Textiles & Apparels,Other Textile Products
INE0OGG01015,DHTL,,Docmode Health,Other Consumer Services,E-Learning
INE0TGX01019,CHEMBONDCH,544450,Chembond Chemic.,Chemicals & Petrochemicals,Specialty Chemicals
INE0SGC01015,MVKAGRO,,M.V.K. Agro,Agricultural Food & other Products,Sugar
INE0PCL01011,SAROJA,,Saroja Pharma In,Chemicals & Petrochemicals,Specialty Chemicals
INE0P1Q01015,SERVICE,,Service Care Ltd,Commercial Services & Supplies,Diversified Commercial Services
INE0VDM01015,MEESHO,544632,Meesho,Retailing,E-Retail/ E-Commerce
INE0LZO01015,DUCOL,,Ducol Organics,Chemicals & Petrochemicals,Dyes And Pigments
INE0L0L01012,MODIS,543539,Modi's Navnirman,Realty,"Residential, Commercial Projects"
INE360C01024,DPSCLTD,,India Power Corp,Power,Integrated Power Utilities
INE0OUT01019,ORIANA,,Oriana Power Ltd,Electrical Equipment,Other Electrical Equipment
INE518X01015,CBAZAAR,,Net Avenue,Retailing,E-Retail/ E-Commerce
INE490G01020,MOIL,533286,MOIL,Minerals & Mining,Industrial Minerals
INE0Q9Q01017,SHANTHALA,,Shanthala FMCG,Cigarettes & Tobacco Products,Cigarettes & Tobacco Products
INE0O3O01017,SEL,,Sungarner Energ.,Electrical Equipment,Other Electrical Equipment
INE885E01042,MAZDA,523792,Mazda,Industrial Manufacturing,Industrial Products
INE794W01014,MODTHREAD,,Modern Threads,Textiles & Apparels,Other Textile Products
INE0TQE01026,GLOTTIS,544557,Glottis,Transport Services,Logistics Solution Provider
INE0OPS01011,OLIL,,OneClick Logisti,Transport Services,Logistics Solution Provider
INE01Z401013,SHUBHLAXMI,,Shubhlaxmi Jewel,Consumer Durables,"Gems, Jewellery And Watches"
INE550H01011,SUPREMEINF,532904,Supreme Infra.,Construction,Civil Construction
INE226H01026,SADBHAV,532710,Sadbhav Engg.,Construction,Civil Construction
INE020801028,SPENCERS,542337,Spencer's Retail,Retailing,Diversified Retail
INE863T01013,JITFINFRA,540311,JITF Infra Logis,Other Utilities,Water Supply & Management
INE692A01016,UNIONBANK,532477,Union Bank (I),Banks,Public Sector Bank
INE778K01012,EMAMIREAL,533218,Emami Realty Ltd,Realty,"Residential, Commercial Projects"
INE472M01018,MTEDUCARE,534312,MT Educare,Other Consumer Services,Education
INE03HW01020,VLEGOV,543958,VL E-Governance,IT - Services,IT Enabled Services
INE632X01030,SHRENIK,,Shrenik,"Paper, Forest & Jute Products",Paper & Paper Products
INE0TO601017,YASHOPTICS,,Yash Optics,Consumer Durables,Diversified consumer products
INE070C01037,COMPINFO,,Compuage Info.,IT - Hardware,Computers Hardware & Equipments
INE551Q01028,VSCL,,Vadivarhe Speci.,Chemicals & Petrochemicals,Specialty Chemicals
INE528G01035,YESBANK,532648,Yes Bank,Banks,Private Sector Bank
INE075B01020,SICALLOG,520086,Sical Logistics,Transport Services,Logistics Solution Provider
INE764L01010,SADBHIN,539346,Sadbhav Infra.,Construction,Civil Construction
INE08S201019,YCCL,,Yasons Chemex,Chemicals & Petrochemicals,Dyes And Pigments
INE575P01011,STARHEALTH,543412,Star Health Insu,Insurance,General Insurance
INE062A01020,SBIN,500112,SBI,Banks,Public Sector Bank
INE691A01018,UCOBANK,532505,UCO Bank,Banks,Public Sector Bank
INE1TAE01010,TMCV,544569,Tata Motors,"Agricultural, Commercial & Construction Vehicles",Commercial Vehicles
INE668A01016,TMB,543596,T N Merc. Bank,Banks,Private Sector Bank
INE672A01026,TATAINVEST,501301,Tata Inv.Corpn.,Finance,Investment Company
INE551W01018,UJJIVANSFB,542904,Ujjivan Small,Banks,Other Bank
INE428Q01011,SURYODAY,543279,Suryoday Small,Banks,Other Bank
INE878E01021,SETCO,505075,Setco Automotive,Auto Components,Auto Components & Equipments
INE0S2E01016,VISHWAS,,Vishwas Agri,Agricultural Food & other Products,Other Agricultural Products
INE0PLQ01011,MAITREYA,,Maitreya Medica.,Healthcare Services,Hospital
INE526G01021,VIVIMEDLAB,532660,Vivimed Labs.,Pharmaceuticals & Biotechnology,Pharmaceuticals
INE561H01026,PARSVNATH,532780,Parsvnath Devl.,Realty,"Residential, Commercial Projects"
INE105I01020,SELMC,532886,SEL Mfg. Co,Textiles & Apparels,Other Textile Products
INE683A01023,SOUTHBANK,532218,South Ind.Bank,Banks,Private Sector Bank
INE0O3901029,TREL,543955,TransIndia Real,Transport Services,Logistics Solution Provider
INE0O2D01012,SOTAC,,Sotac Pharma.,Pharmaceuticals & Biotechnology,Pharmaceuticals
INE00C401011,MAL,,Mangalam Alloys,Industrial Products,Iron & Steel Products
INE735W01017,UTKARSHBNK,543942,Utkarsh Small F.,Banks,Other Bank
INE142I01023,TAKE,532890,Take Solutions,Healthcare Services,"Healthcare Research, Analytics & Technology"
INE835A01029,VARDMNPOLY,514175,Vardhman Polytex,Textiles & Apparels,Other Textile Products
INE0R8M01017,OWAIS,,Owais Metal,Ferrous Metals,Ferro & Silica Manganese
INE251H01024,GVKPIL,532708,GVK Power Infra.,Construction,Civil Construction
INE016M01021,DNAMEDIA,540789,Diligent Media,Media,Electronic Media
INE776C01039,GMRAIRPORT,532754,GMR Airports,Transport Infrastructure,Airport & Airport services
INE177F01017,KOVAI,523323,Kovai Medical,Healthcare Services,Hospital
INE266D01021,GRAUWEIL,505710,Grauer & Weil,Chemicals & Petrochemicals,Commodity Chemicals
INE669E01016,IDEA,532822,Vodafone Idea,Telecom - Services,Telecom - Cellular & Fixed line services
INE008A01015,IDBI,500116,IDBI Bank,Banks,Private Sector Bank
INE090A01021,ICICIBANK,532174,ICICI Bank,Banks,Private Sector Bank
INE976G01028,RBLBANK,540065,RBL Bank,Banks,Private Sector Bank
INE278R01034,DHARAN,,Dharan Infra-EPC,Realty,"Residential, Commercial Projects"
INE795G01014,HDFCLIFE,540777,HDFC Life Insur.,Insurance,Life Insurance
INE040A01034,HDFCBANK,500180,HDFC Bank,Banks,Private Sector Bank
INE0N7W01012,BLAL,543898,BEML Land Assets,Finance,Investment Company
INE06H201014,GENSOL,,Gensol Engineer.,Electrical Equipment,Other Electrical Equipment
INE353A01023,NDLVENTURE,500189,NDL Ventures,Finance,Other Financial Services
INE087H01022,RENUKA,532670,Sh.Renuka Sugar,Agricultural Food & other Products,Sugar
INE476A01022,CANBK,532483,Canara Bank,Banks,Public Sector Bank
INE491A01021,CUB,532210,City Union Bank,Banks,Private Sector Bank
INE747B01016,NEXTMEDIA,532416,Next Mediaworks,Entertainment,Media & Entertainment
INE533A01012,GOODYEAR,500168,Goodyear India,Auto Components,Tyres & Rubber Products
INE646H01017,CAPITALSFB,544120,Capital Small,Banks,Other Bank
INE03JT01014,GODIGIT,544179,Go Digit General,Insurance,General Insurance
INE483A01010,CENTRALBK,532885,Central Bank,Banks,Public Sector Bank
INE0V0W01025,GKSL,544666,Gujarat Kidney,Healthcare Services,Hospital
INE481Y01014,GICRE,540755,General Insuranc,Insurance,General Insurance
INE287Z01012,GAYAHWS,541546,Gayatri Highways,Transport Infrastructure,"Road AssetsToll, Annuity, Hybrid-Annuity"
INE02NC01014,FINOPB,543386,Fino Payments,Banks,Other Bank
INE047O01014,NIBL,535458,NRB Indl Bearing,Industrial Products,Abrasives & Bearings
INE171A01029,FEDERALBNK,500469,Federal Bank,Banks,Private Sector Bank
INE092T01019,IDFCFIRSTB,539437,IDFC First Bank,Banks,Private Sector Bank
INE084A01016,BANKINDIA,532149,Bank of India,Banks,Public Sector Bank
INE028A01039,BANKBARODA,532134,Bank of Baroda,Banks,Public Sector Bank
INE545U01014,BANDHANBNK,541153,Bandhan Bank,Banks,Private Sector Bank
INE278G01037,CYBERMEDIA,532640,Cyber Media Ind,Media,Electronic Media
INE608A01012,PSB,533295,Pun. & Sind Bank,Banks,Public Sector Bank
INE383H01017,MALUPAPER,532728,Malu Paper,"Paper, Forest & Jute Products",Paper & Paper Products
INE457A01014,MAHABANK,532525,Bank of Maha,Banks,Public Sector Bank
INE378D01032,MADHUCON,531497,Madhucon Project,Construction,Civil Construction
INE614B01018,KTKBANK,532652,Karnataka Bank,Banks,Private Sector Bank
INE268B01013,KREBSBIO,524518,Krebs Biochem,Pharmaceuticals & Biotechnology,Pharmaceuticals
INE874F01027,RADAAN,590070,Radaan Media.,Entertainment,Media & Entertainment
INE374B01019,MUKTAARTS,532357,Mukta Arts,Entertainment,"Film Production, Distribution & Exhibition"
INE237A01036,KOTAKBANK,500247,Kotak Mah. Bank,Banks,Private Sector Bank
INE884B01025,KIRLFER,500245,Kirl. Ferrous,Ferrous Metals,Pig Iron
INE270A01029,ALOKINDS,521070,Alok Industries,Textiles & Apparels,Other Textile Products
INE717A01029,KENNAMET,505890,Kennametal India,Industrial Manufacturing,Industrial Products
INE587G01015,KAYA,539276,Kaya Ltd,Leisure Services,Wellness
INE036D01028,KARURVYSYA,590003,Karur Vysya Bank,Banks,Private Sector Bank
INE953L01027,JSFB,544118,Jana Small Finan,Banks,Other Bank
INE278B01020,RAMANEWS,500356,Shree Rama News.,"Paper, Forest & Jute Products",Paper & Paper Products
INE168A01041,J&KBANK,532209,J & K Bank,Banks,Private Sector Bank
INE949L01017,AUBANK,540611,AU Small Finance,Banks,Other Bank
INE565A01014,IOB,532388,I O B,Banks,Public Sector Bank
INE095A01012,INDUSINDBK,532187,IndusInd Bank,Banks,Private Sector Bank
INE238A01034,AXISBANK,532215,Axis Bank,Banks,Private Sector Bank
INE562A01011,INDIANB,532814,Indian Bank,Banks,Public Sector Bank
INE679A01013,CSBBANK,542867,CSB Bank,Banks,Private Sector Bank
INE160A01022,PNB,532461,Punjab Natl.Bank,Banks,Public Sector Bank
INE308E01029,SVPGLOB,505590,SVP Global,Textiles & Apparels,Other Textile Products
INE822G01016,ELECTHERM,526608,Electrotherm(I),Industrial Products,Iron & Steel Products
INE800H01010,OMAXE,532880,Omaxe,Realty,"Residential, Commercial Projects"
INE680A01011,DHANBANK,532180,Dhanlaxmi Bank,Banks,Private Sector Bank
INE234A01025,NOVARTIND,500672,Novartis India,Pharmaceuticals & Biotechnology,Pharmaceuticals
INE542C01019,NKIND,519494,N K Industries,Agricultural Food & other Products,Edible Oil
INE162C01024,PARASPETRO,521246,Paras Petrofils,Finance,Investment Company
INE725E01024,ORISSAMINE,590086,Orissa Minerals,Minerals & Mining,Industrial Minerals
INE294G01026,ROML,533093,Raj Oil Mills,Agricultural Food & other Products,Edible Oil
INE503A01015,DCBBANK,532772,DCB Bank,Banks,Private Sector Bank
INE818W01011,ESAFSFB,544020,ESAF Small Fin,Banks,Other Bank
INE369I01014,IL&FSENGG,532907,IL&FS Engg.,Construction,Civil Construction
INE836F01026,DISHTV,532839,Dish TV India,Entertainment,TV Broadcasting & Software Production
INE454M01024,NAGAFERT,539917,Nagarjuna Fert.,Fertilizers & Agrochemicals,Fertilizers
INE0G1D01014,MEGAFLEX,,Mega Flex Plast.,Industrial Products,Packaging
INE975G01012,IL&FSTRANS,533177,IL&FS Transport,Construction,Civil Construction
INE860T01019,SABEVENTS,,SAB Events,Media,Electronic Media
INE440L01017,TIJARIA,533629,Tijaria Polypipe,Industrial Products,Plastic Products - Industrial
INE436A01026,ANSALAPI,,Ansal Properties,Realty,"Residential, Commercial Projects"
INE416A01051,AQYLON,530943,Aqylon Nexus,Entertainment,TV Broadcasting & Software Production
INE033B01011,QUINTEGRA,,Quintegra Soln.,IT - Software,Computers - Software & Consulting
INE429F01012,SKIL,,SKIL Infrastr,Construction,Civil Construction
INE08KD01015,ASCOM,,Ascom Leasing &,Finance,Non Banking Financial Company (NBFC)
INE09FA01019,YUDIZ,,Yudiz Solutions,IT - Software,Computers - Software & Consulting
INE262A01018,HMT,500191,HMT,Industrial Manufacturing,Industrial Products
INE216H01027,EDUCOMP,,Educomp Sol.,Other Consumer Services,Education
INE080B01012,KOHINOOR,512559,Kohinoor Foods,Agricultural Food & other Products,Other Agricultural Products
INE0TNW01017,QUESTLAB,,Quest Laborato.,Pharmaceuticals & Biotechnology,Pharmaceuticals
INE661I01014,BGRENERGY,532930,BGR Energy Sys.,Construction,Civil Construction
INE614Z01017,GIRIRAJ,,Giriraj Civil,Construction,Civil Construction
INE517B01013,TTML,532371,Tata Tele. Mah.,Telecom - Services,Telecom - Cellular & Fixed line services
INE517M01028,POLYSIL,,Polysil Irrigati,Industrial Products,Plastic Products - Industrial
INE871L01013,TVVISION,540083,TV Vision,Entertainment,TV Broadcasting & Software Production
INE126M01010,IBULLSLTD,533520,Indiabulls,Commercial Services & Supplies,Diversified Commercial Services
INE0PMR01017,AKIKO,,Akiko,Finance,Other Financial Services
INE781B01015,NOIDATOLL,532481,Noida Tollbridg.,Transport Infrastructure,"Road AssetsToll, Annuity, Hybrid-Annuity"
INE0OK701014,NIRMAN,,Nirman Agri,Agricultural Food & other Products,Other Agricultural Products
NAN,TGL,,Teerth Gopicon,Construction,Civil Construction
INE330H01018,RCOM,532712,Reliance Communi,Telecom - Services,Telecom - Cellular & Fixed line services
INE104Y01012,MANAV,,Manav Infra,Construction,Civil Construction
INE748T01016,SIMBHALS,,Simbhaoli Sugar,Agricultural Food & other Products,Sugar
INE0J1Y01017,LICI,543526,Life Insurance,Insurance,Life Insurance
INE023M01027,SETUINFRA,,Setubandhan Inf.,Construction,Civil Construction
INE153A01019,MTNL,500108,M T N L,Telecom - Services,Telecom - Cellular & Fixed line services
INE28GN01010,ADVENTHTL,544446,Advent Hotels,Leisure Services,Hotels & Resorts
INE694A01020,UNITECH,507878,Unitech,Realty,"Residential, Commercial Projects"
INE524L01026,KRIDHANINF,533482,Kridhan Infra,Construction,Civil Construction
INE669A01022,INFOMEDIA,509069,Infomedia Press,Printing & Publication,Printing & Publication
INE022C01012,EUROTEXIND,521014,Eurotex Industri,Textiles & Apparels,Other Textile Products
INE989C01038,DIACABS,522163,Diamond Power,Electrical Equipment,Other Electrical Equipment
INE470Y01017,NIACL,540769,New India Assura,Insurance,General Insurance
INE657B01025,BLUECHIP,531936,Blue Chip India,Finance,Investment Company
INE210A01017,WILLAMAGOR,519224,Williamson Magor,Finance,Investment Company
INE776I01010,MEP,539126,MEP Infrast.,Transport Infrastructure,"Road AssetsToll, Annuity, Hybrid-Annuity"
INE122M01019,ESSARSHPNG,533704,Essar Shipping,Transport Services,Shipping
INE221H01019,GTLINFRA,532775,GTL Infra.,Telecom - Services,Telecom - Infrastructure
INE043A01012,GTL,500160,GTL,Telecom - Services,Other Telecom Services
INE123W01016,SBILIFE,540719,SBI Life Insuran,Insurance,Life Insurance
INE911B01018,TCIFINANCE,501242,TCI Finance,Finance,Non Banking Financial Company (NBFC)
INE232I01014,SPARC,532872,SPARC,Pharmaceuticals & Biotechnology,Pharmaceuticals
INE927A01040,ROLLT,502448,Rollatainers,Industrial Products,Packaging
INE540A01017,GLFL,,Guj. Lease Fin.,Finance,Other Financial Services
INE336H01023,GAYAPROJ,532767,Gayatri Projects,Construction,Civil Construction
INE965H01011,SITINET,532795,Siti Networks,Entertainment,TV Broadcasting & Software Production
INE784B01035,WINSOME,514348,Winsome Yarns,Textiles & Apparels,Other Textile Products
INE0N6D01014,MOXSH,,Moxsh Overseas,Other Consumer Services,Education
INE277C01012,REGENCERAM,,Regency Ceramics,Consumer Durables,Ceramics
INE318D01020,ZENITHSTL,531845,Zenith Steel,Industrial Products,Iron & Steel Products
INE0SAK01011,BLUEPEBBLE,,Blue Pebble,Other Consumer Services,Other Consumer Services
INE02CV01017,DRSDILIP,,DRS Dilip Road,Transport Services,Logistics Solution Provider
INE349X01015,JALAN,,Jalan Transol.,Transport Services,Logistics Solution Provider
INE968D01022,ARSHIYA,506074,Arshiya,Transport Services,Logistics Solution Provider
INE0DZ101013,SABAR,,Sabar Flex India,Industrial Products,Packaging
INE875R01011,BALKRISHNA,539251,Balkrishna Paper,"Paper, Forest & Jute Products",Paper & Paper Products
INE1SPP01016,KSR,544615,KSR Footwear,Commercial Services & Supplies,Trading & Distributors
INE421A01028,ABAN,,Aban Offshore,Oil,Offshore Support Solution Drilling
INE411Y01011,DIL,,Debock Industrie,Leisure Services,Hotels & Resorts
INE236A01020,HCL-INSYS,500179,HCL Infosystems,IT - Hardware,Computers Hardware & Equipments
INE0PRF01011,UNIHEALTH,,Unihealth Hosp,Healthcare Services,Hospital
INE640C01011,SHAHALLOYS,513436,Shah Alloys,Industrial Products,Iron & Steel Products
INE765G01017,ICICIGI,540716,ICICI Lombard,Insurance,General Insurance
INE00WS01056,GSTL,,Globesecure Tech,IT - Services,IT Enabled Services
INE136T01014,AHIMSA,,Ahimsa Industrie,Industrial Products,Plastic Products - Industrial
INE782L01012,SANCO,,Sanco Industries,Industrial Products,Plastic Products - Industrial
INE655A01013,STCINDIA,512531,S T C,Commercial Services & Supplies,Trading & Distributors
INE014B01011,TECILCHEM,506680,TECIL Chemical,Chemicals & Petrochemicals,Commodity Chemicals
INE2J8701016,SKFINDUS,544572,SKF India Indus.,Industrial Products,Abrasives & Bearings
INE976I01016,TATACAP,544574,Tata Capital,Finance,Non Banking Financial Company (NBFC)
INE0PT501018,PLATIND,544134,Platinum Industr,Chemicals & Petrochemicals,Specialty Chemicals
INE534A01028,GFSTEELS,,Grand Foundry,Industrial Products,Iron & Steel Products
INE887D01016,TCC,512038,TCC Concept,Commercial Services & Supplies,Trading & Distributors
INE071A01013,BILVYAPAR,,BIL Vyapar,Finance,Holding Company
INE141D01018,TNTELE,523419,T N Telecom.,Telecom -  Equipment & Accessories,Telecom -  Equipment & Accessories
INE275F01019,UNIVAFOODS,,Univa Foods,Leisure Services,Hotels & Resorts
INE00Q601028,STUDDS,544599,Studds Accessor.,Auto Components,Auto Components & Equipments
INE890C01046,SANWARIA,519260,Sanwaria Consum.,Food Products,Other Food Products
INE16NZ01023,ORKLAINDIA,544595,Orkla India,Food Products,Other Food Products
INE623B01027,FEL,523574,Future Enterp.,Retailing,Diversified Retail
INE0XAD01024,MIDWESTLTD,544587,Midwest,Consumer Durables,Granites & Marbles
INE761Y01019,ZODIAC,543416,Zodiac Energy,Construction,Civil Construction
INE0U4101014,BLUSPRING,544414,Bluspring Enter.,Commercial Services & Supplies,Diversified Commercial Services
INE610B01024,GUJRAFFIA,523836,Guj. Raffia Inds,Industrial Products,Packaging
INE0U4701011,DIGITIDE,544413,Digitide Solutio,IT - Services,IT Enabled Services
INE891B01012,DCMFINSERV,511611,DCM Financial,Finance,Investment Company
INE01TY01017,CANHLIFE,544583,Canara HSBC,Insurance,Life Insurance
INE085001019,WEWORK,544570,Wework India,Commercial Services & Supplies,Diversified Commercial Services
INE218I01013,CRAMC,544580,Canara Robeco,Capital Markets,Asset Management Company
INE025R01021,ARTEMISMED,542919,Artemis Medicare,Healthcare Services,Hospital
INE236E01022,ELLEN,544421,Ellen.Indl.Gas,Chemicals & Petrochemicals,Industrial Gases
IN9623B01058,FELDVR,570002,Future Ent. DVR,Retailing,Diversified Retail
INE319Z01021,SUPREMEENG,,Supreme Engg.,Industrial Products,Iron & Steel Products
INE03KJ01013,SHIGAN,,Shigan Quantum,Auto Components,Auto Components & Equipments
INE342A01018,PREMIER,500540,Premier,Industrial Manufacturing,Industrial Products
INE635A01023,SHYAMTEL,517411,Shyam Telecom,Commercial Services & Supplies,Trading & Distributors
INE1SY401010,RAYMONDREL,544420,Raymond Realty,Realty,"Residential, Commercial Projects"
INE0HOQ01053,GROWW,544603,Billionbrains,Capital Markets,Stockbroking & Allied
INE472B01011,BLUECOAST,531495,Blu.Coast Hotel.,Leisure Services,Hotels & Resorts
INE1VXE01018,STLNETWORK,544395,STL Networks,Telecom - Services,Other Telecom Services
INE750R01016,AARNAV,539562,Aarnav Fashions,Textiles & Apparels,Trading - Textile Products
INE506V01022,RUBICON,544578,Rubicon Research,Pharmaceuticals & Biotechnology,Pharmaceuticals
INE14LE01019,ABLBL,544403,A B Lifestyle,Retailing,Speciality Retail
INE0OFM01015,DSFCL,544703,DCM Shriram Fine Chemicals,Chemicals & Petrochemicals,Specialty Chemicals
INE324D01010,LGEINDIA,544576,LG Electronics,Consumer Durables,Household Appliances
INE956O01016,LENSKART,544600,Lenskart Solut.,Retailing,Speciality Retail
INE0VTV01012,ANONDITA,,Anondita Medi.,Personal Products,Personal Care
INE113601012,REXPRO,,Rexpro Enter.,Consumer Durables,"Furniture, Home Furnishing"
INE0DHF01018,IPHL,,Indian Phosphate,Chemicals & Petrochemicals,Specialty Chemicals
INE0UL701015,SHUBHSHREE,,Shubhshree Bio.,Industrial Products,Other Industrial Products
INE1H7V01011,PARTH,,Parth Electrical,Electrical Equipment,Other Electrical Equipment
INE1V4601019,SHRIKANHA,,Shri Kanha Stain,Industrial Products,Iron & Steel Products
INE0FPO01018,PHOGLOBAL,,Phoenix Overseas,Commercial Services & Supplies,Trading & Distributors
INE0U2N01013,SUNLITE,,Sunlite Recycli.,Industrial Products,"Aluminium, Copper & Zinc Products"
INE0Y5H01014,TECHD,,TechD Cybersec.,IT - Services,IT Enabled Services
INE0WVU01018,ONYX,,Onyx Biotec,Pharmaceuticals & Biotechnology,Pharmaceuticals
INE0X3M01010,BLUEWATER,,Blue Water,Transport Services,Logistics Solution Provider
INE0SUH01015,ENVIRO,,Envirotech Sys.,Industrial Products,Other Industrial Products
INE12E301017,GCHOTELS,,Grand Continent,Leisure Services,Hotels & Resorts
INE0VCK01011,FLYSBS,,FlySBS Aviation,Transport Services,Airline
INE0TO501019,HVAX,,HVAX Technolog.,Construction,Civil Construction
INE0PCU01012,RAJINDLTD,,Rajputana Indu.,Industrial Products,"Aluminium, Copper & Zinc Products"
INE0VZS01015,LAKSHYA,,Lakshya Powertec,Construction,Civil Construction
INE17WC01013,TEJASCARGO,,Tejas Cargo,Transport Services,Logistics Solution Provider
INE0LAA01017,ASHALOG,,Ashapura Logi.,Transport Services,Logistics Solution Provider
INE16VK01010,TSC,,TSC India,Leisure Services,"Tour, Travel Related Services"
INE0XWS01018,TAURIAN,,Taurian MPS,Industrial Manufacturing,Industrial Products
INE10VS01016,SAWALIYA,,Sawaliya Food,Agricultural Food & other Products,Other Agricultural Products
INE0RHD01013,ETML,,Emerald Tyre,Auto Components,Tyres & Rubber Products
INE1KEC01023,EPWINDIA,,EPW India,IT - Hardware,Computers Hardware & Equipments
INE1AE401014,JAYESH,,Jayesh Logistics,Transport Services,Logistics Solution Provider
INE0S2W01018,PARAMATRIX,,Paramatrix Tech.,IT - Software,Computers - Software & Consulting
INE0VG601013,PELATRO,,Pelatro,Media,Web based media and service
INE0YAL01017,PPSL,,Picturepost Stu.,Entertainment,"Film Production, Distribution & Exhibition"
INE0TLP01015,WHITEFORCE,,Happy Square,Commercial Services & Supplies,Diversified Commercial Services
INE04Q901010,DCCL,,Dar Credit & Cap,Finance,Non Banking Financial Company (NBFC)
INE0YHV01011,OBSCP,,OBSC Perfection,Auto Components,Auto Components & Equipments
INE0RBQ01018,SAHASRA,,Sahasra Electro.,Industrial Products,Other Industrial Products
INE15DO01012,KEN,,Ken Enter.,Textiles & Apparels,Other Textile Products
INE875B01015,NIMBSPROJ,511714,,,
INE0JQS01019,TECHERA,,Techera Enginee.,Aerospace & Defense,Aerospace & Defense
INE14W901010,RTL,,Rama Telecom,Telecom - Services,Telecom - Infrastructure
INE0VJG01014,PRANIK,,Pranik Logistics,Transport Services,Logistics Solution Provider
INE0SYV01018,TROM,,Trom Industries,Electrical Equipment,Heavy Electrical Equipment
INE1DV401010,MONOLITH,,Monolithisch Ind,Industrial Products,Electrodes & Refractories
INE713R01022,GSPCROP,544733,,,
INE019J01013,HEALTHX,533259,,,
INE00SW01015,BCPL,542057,,,
INE0ADB01012,INNOVISION,544732,,,
INE413D01011,ARIHANT,531381,,,
INE133A01011,JSWDULUX,500710,,,
INE05TO01019,AMIRCHAND,544743,,,
INE12F801023,KISSHT,544754,,,
INE1KU201016,AVANA,,Avana Electrosystems,Electrical Equipment,Heavy Electrical Equipment
INE2KCE01013,KWIL,544622,Kwality Wall's,Food Products,Dairy Products
INE688J01023,LANDSMILL,533090,,,
INE981B01011,CMICABLES,,CMI,Industrial Products,Cables - Electricals
INE217K01011,RHFL,540709,Reliance Home,Finance,Housing Finance Company
INE220J01025,FCONSUMER,,Future Consumer,Retailing,Diversified Retail
INE1DLF01018,SHIVASHRIT,,Shivashrit Foods,Food Products,Other Food Products
INE0PXC01024,ETL,,Emkay Tools,Industrial Manufacturing,Industrial Products
INE0PLX01017,GREENLEAF,,Greenleaf Envi.,Other Utilities,Waste Management
INE05HV01027,CMPDI,544739,,,
INE17VO01028,STUDIOLSD,,Studio LSD,Entertainment,Media & Entertainment
INE13ZD01013,KAYTEX,,Kaytex Fabrics,Textiles & Apparels,Garments & Apparels
INE0T0L01014,KALANA,,Kalana Ispat,Industrial Products,Iron & Steel Products
INE1CW901027,SPEB,,SPEB Adhesives,Chemicals & Petrochemicals,Specialty Chemicals
INE0SN801015,SILKY,,Silky Overseas,Textiles & Apparels,Other Textile Products
INE0TTG01017,ARUNAYA,,Arunaya Organics,Chemicals & Petrochemicals,Dyes And Pigments
INE1ARD01016,SACHEEROME,,Sacheerome,Chemicals & Petrochemicals,Specialty Chemicals
INE0SA001017,RNFI,,RNFI Services,Finance,Other Financial Services
INE0SI601032,ANYA,,Anya Polytech &,Fertilizers & Agrochemicals,Fertilizers
INE0VRH01015,VGINFOTECH,,Virtual Galaxy,IT - Software,Software Products
INE1MTV01019,KRMAYURVED,,KRM Ayurveda,Pharmaceuticals & Biotechnology,Pharmaceuticals
INE09A801015,GML,,Galaxy Medicare,Healthcare Equipment & Supplies,Medical Equipment & Supplies
INE24OJ01011,BUILDPRO,544517,Shankara Buildpro,Retailing,Speciality Retail
INE0ZTO01018,MAYASHEEL,,Mayasheel Vent.,Construction,Civil Construction
INE0XUS01012,PSRAJ,,P S Raj Steels,Industrial Products,Iron & Steel Products
INE0TZX01019,ARMOUR,,Armour Security,Commercial Services & Supplies,Diversified Commercial Services
INE0QNI01012,BOSS,,Boss Packaging,Industrial Manufacturing,Industrial Products
INE0QX901013,RAPIDFLEET,,Rapid Fleet,Transport Services,Logistics Solution Provider
INE14GK01016,SMARTEN,,Smarten Power,Electrical Equipment,Other Electrical Equipment
INE0OU201013,DCMSIL,544702,DCM Shriram Intl,Textiles & Apparels,Other Textile Products
INE0B2N01016,CHANDAN,,Chandan Healthca,Healthcare Services,Healthcare Service Provider
INE0QYI01019,DIVYADHAN,,Divyadhan Recy.,Textiles & Apparels,Other Textile Products
INE704V01015,DIRL,,Dhanuka Infra Realty,Realty,"Residential, Commercial Projects"
INE0SQH01013,BIKEWO,,Bikewo Green,Automobiles,Auto Dealer
INE19QH01010,SPUNWEB,,Spunweb Nonwoven,Textiles & Apparels,Other Textile Products
INE0TFB01017,AVIANSH,,Avi Ansh,Textiles & Apparels,Other Textile Products
INE176J01011,SICAGEN,533014,,,
INE0EAS01014,CONNPLEX,,Connplex Cinemas,Entertainment,"Film Production, Distribution & Exhibition"
INE08NZ01012,NAMOEWASTE,,Namo eWaste,Other Utilities,Waste Management
INE124401014,AARADHYA,,Aaradhya Dis.,"Paper, Forest & Jute Products",Paper & Paper Products
INE0FLF01015,NIKITA,,Nikita Greentech Recycling,"Paper, Forest & Jute Products",Paper & Paper Products
INE00MT01022,SAJHOTELS,,Saj Hotels,Leisure Services,Hotels & Resorts
INE1OIC01018,SNEHAA,,Snehaa Organics,Chemicals & Petrochemicals,Specialty Chemicals
INE0U1T01012,CHETANA,,Chetana Educa.,Printing & Publication,Printing & Publication
INE0ZOL01023,EMAPARTNER,,EMA Partners,Commercial Services & Supplies,Diversified Commercial Services
INE0R3101011,MIEL,,Manglam Infra,Commercial Services & Supplies,Consulting Services
INE0PCY01014,AKANKSHA,,Akanksha Power,Electrical Equipment,Other Electrical Equipment
INE1CRP01016,SHYAMDHANI,,Shyam Dhani Ind.,Food Products,Other Food Products
INE1CRQ01014,CURRENT,,Current Infra.,Construction,Civil Construction
INE651C01018,LAKPRE,506079,Lak. Prec. Screw,Auto Components,Auto Components & Equipments
INE1EF801010,CSSL,,Clear Secured,Commercial Services & Supplies,Diversified Commercial Services
INE17GV01016,PATILAUTOM,,Patil Automation,Industrial Manufacturing,Industrial Products
INE0VZX01015,RNPL,,Renol Polychem,Chemicals & Petrochemicals,Specialty Chemicals
INE0RFP01011,SSEGL,,Sathlokhar Sys.,Construction,Civil Construction
INE0XUD01014,BRANDMAN,,Brandman Retail,Consumer Durables,Footwear
INE0MVO01012,RAPPID,,Rappid Valves,Industrial Products,Other Industrial Products
INE0LS001014,USHAFIN,,Usha Financial,Finance,Non Banking Financial Company (NBFC)
INE0XJ501010,INVICTA,,Invicta Diagnos.,Healthcare Services,Healthcare Service Provider
INE0SZ301012,BULKCORP,,Bulkcorp Inter.,Industrial Products,Packaging
INE0MYZ01012,INFLUX,,Influx Health.,Pharmaceuticals & Biotechnology,Pharmaceuticals
INE0U4H01011,MPEL,,Manas Polymers,Industrial Products,Plastic Products - Industrial
INE0Z7N01017,TANKUP,,Tankup Engi.,Industrial Products,Other Industrial Products
INE0PQ601019,BALAJIPHOS,,Balaji Phos.,Fertilizers & Agrochemicals,Fertilizers
INE0TG801013,PARAMOUNT,,Paramount Dye,Textiles & Apparels,Other Textile Products
INE0SMR01011,UHTL,,United Heat,Industrial Products,Other Industrial Products
INE154801018,PUSHPA,,Pushpa Jewellers,Consumer Durables,"Gems, Jewellery And Watches"
INE0EDU01014,FINBUD,,Finbud Financial,Financial Technology (Fintech),Financial Technology (Fintech)
INE0YSH01017,INTEGRITY,,Integrity Infra.,Construction,Civil Construction
INE1OOJ01011,APSISAERO,,Apsis Aerocom,,
INE0ZI101018,GANGABATH,,Ganga Bath Fitt.,Consumer Durables,Sanitary Ware
INE702Y01013,SMVD,,SMVD Poly Pack,Industrial Products,Plastic Products - Industrial
INE0I7D01019,FOCE,,Foce India,Consumer Durables,"Gems, Jewellery And Watches"
INE638A01035,SINGERIND,505729,,,
INE0RDH01021,ADDICTIVE,,Addictive Learn,Other Consumer Services,E-Learning
INE0EO401019,ROYALARC,,Royal Arc Ele.,Industrial Products,Electrodes & Refractories
INE0SGZ01016,SUNTECH,,Suntech Infra.,Construction,Civil Construction
INE0YRN01025,DHARIWAL,,Dhariwalcorp,Chemicals & Petrochemicals,Trading - Chemicals
INE1BZN01016,CURIS,,Curis Lifescien.,Pharmaceuticals & Biotechnology,Pharmaceuticals
INE19I001020,EXIMROUTES,,Exim Routes,"Paper, Forest & Jute Products",Paper & Paper Products
INE0NB801022,SATKARTAR,,Sat Kartar,Pharmaceuticals & Biotechnology,Pharmaceuticals
INE0U7V01015,C2C,,C2C Advanced,Aerospace & Defense,Aerospace & Defense
INE749Y01014,PARAMPARA,,Parampara Dairy,Industrial Products,Packaging
INE0U0201016,BALCO,,Solve Plastic,Industrial Products,Plastic Products - Industrial
INE11HG01018,CHAMUNDA,,Chamunda Ele.,Commercial Services & Supplies,Diversified Commercial Services
INE1TY801010,GJL,,Grover Jewells,Consumer Durables,"Gems, Jewellery And Watches"
INE0IJF01013,SELLOWRAP,,Sellowrap Indus.,Auto Components,Auto Components & Equipments
INE1A6Q01010,ASHWINI,,Ashwini Contain.,Transport Services,Road Transport
INE0YJV01017,SHEEL,,Sheel Bio.,Commercial Services & Supplies,Diversified Commercial Services
INE1J6M01010,ACETEC,,Acetech E-Commerce,Retailing,E-Retail/ E-Commerce
INE0WL201014,CUDML,,Cash UR Drive,Media,Advertising & Media Agencies
INE0U6N01014,SFML,,Supreme Facility,Commercial Services & Supplies,Diversified Commercial Services
INE0V0Q01019,ATCENERGY,,ATC Energies,Electrical Equipment,Other Electrical Equipment
INE0TP801012,NMSTEEL,,Newmalayalam St.,Industrial Products,Iron & Steel Products
INE0R4Z01018,BRACEPORT,,Brace Port,Transport Services,Logistics Solution Provider
INE0YU901016,DANISH,,Danish Power,Electrical Equipment,Heavy Electrical Equipment
INE0DM401012,SHRIAHIMSA,,Shri Ahimsa,Food Products,Other Food Products
INE15B101011,OPTIVALUE,,Optivalue Tek,IT - Services,IT Enabled Services
INE0SMY01017,JAYBEE,,Jay Bee Laminati,Industrial Products,Iron & Steel Products
INE0T9I01011,IDEALTECHO,,Ideal Technopl.,Industrial Products,Packaging
INE0XIL01012,JAINIK,,Jainik Power,Non - Ferrous Metals,Aluminium
INE0H9F01037,SAIPARENT,544742,,,
INE861D01011,SAHLIBHFI,511754,,,
INE313L01016,RSL,544731,,,
INE0F8901022,VICTORYEV,,Victory Ele.,Automobiles,2/3 Wheelers
INE0X7G01013,MARUSHIKA,,Marushika Tech.,IT - Hardware,Computers Hardware & Equipments
INE01YQ01013,AUSL,,Aditya Ultra,Industrial Products,Iron & Steel Products
INE448V01019,ALCODIS,,Alcokraft Dist.,Beverages,Breweries & Distilleries
INE124101010,SAMAY,,Samay Project,Construction,Civil Construction
INE0XRN01019,DELTIC,,Delta Auto.,Automobiles,2/3 Wheelers
INE17D601016,SAFEENTP,,Safe Enterprises,Consumer Durables,"Furniture, Home Furnishing"
INE0UCN01017,SAVY,,Savy Infra,Construction,Civil Construction
INE0VA601019,HPTL,,HP Telecom,Commercial Services & Supplies,Trading & Distributors
INE0S1D01010,INNOMET,,Innomet Advanced,Diversified Metals,Diversified Metals
INE0S3H01017,POSITRON,,Positron Energy,Commercial Services & Supplies,Diversified Commercial Services
INE1K8Y01018,MUNISH,,Munish Forge,Industrial Products,Castings & Forgings
INE0XM301010,MMEL,,Moving Media,Commercial Services & Supplies,Diversified Commercial Services
INE0J1P01015,RICHA,,Richa Info,IT - Hardware,Computers Hardware & Equipments
INE10A501018,MAXVOLT,,Maxvolt Energy,Auto Components,Auto Components & Equipments
INE0TR001017,VIESL,,Vision Infra,Commercial Services & Supplies,Diversified Commercial Services
INE1GYP01013,AAKAAR,,Aakaar Medical,Personal Products,Personal Care
INE0SBP01018,ESPRIT,,Esprit Stones,Consumer Durables,Granites & Marbles
INE11HF01010,EEPL,,Eppeltone Ene.,Electrical Equipment,Other Electrical Equipment
INE104101014,NRVANDANA,,N R Vandana,Textiles & Apparels,Garments & Apparels
INE0RMF01018,OSELDEVICE,,OSEL Devices,Healthcare Equipment & Supplies,Medical Equipment & Supplies
INE191I01012,HDIL,532873,H D I L,Realty,"Residential, Commercial Projects"
INE1CEJ01017,E2ERAIL,,E to E Transportation,Construction,Civil Construction
INE0SQZ01015,FWSTC,,Flywings Simula.,Other Consumer Services,Education
INE0QTE01018,GAJANAND,,Gajanand Inter.,Textiles & Apparels,Other Textile Products
INE0BSN01013,SATECH,,S A Tech Soft.,IT - Software,Computers - Software & Consulting
INE433T01015,ENCOMPAS,,Encompass Design,Commercial Services & Supplies,Trading & Distributors
INE0P8X01016,AGARWALTUF,,Agarwal Toughene,Industrial Products,Glass - Industrial
INE0QX401014,BARFLEX,,Barflex Polyfilm,Industrial Products,Packaging
INE0SHE01019,THESL,,Thinking Hats,Other Consumer Services,Other Consumer Services
INE0U0J01015,YAAP,,Yaap Digital,Media,Advertising & Media Agencies
INE0XOW01017,KKJEWELS,,Kabra Jewels,Consumer Durables,"Gems, Jewellery And Watches"
INE0LQG01010,APRAMEYA,,Aprameya Enginee,Healthcare Equipment & Supplies,Medical Equipment & Supplies
INE632Q01018,MRIL,,Mahendra Realtor,Construction,Civil Construction
INE17CQ01015,BAGDIGITAL,,B.A.G. Converge.,Entertainment,Digital Entertainment
INE1XWN01017,STRIDERS,,Striders Impex,Consumer Durables,Leisure Products
INE0S7C01019,DECCANTRAN,,Deccan Transcon,Transport Services,Logistics Solution Provider
INE0M1F01011,PREMIUM,,Premium Plast,Auto Components,Auto Components & Equipments
INE21UM01018,NEOCHEM,,Neochem Bio,Chemicals & Petrochemicals,Specialty Chemicals
INE1FL101016,SHETHJI,,Shreeji Global,Agricultural Food & other Products,Other Agricultural Products
INE1CCX01012,GURUNANAK,,Gurunanak Agri.,"Agricultural, Commercial & Construction Vehicles",Tractors
INE2HJL01019,DHARARAIL,,Dhara Rail Pro.,Commercial Services & Supplies,Diversified Commercial Services
INE691G01015,IMPEXFERRO,532614,Impex Ferro Tech,Ferrous Metals,Ferro & Silica Manganese
INE14DW01018,SATTVAENGG,,Sattva Eng.,Other Utilities,Water Supply & Management
INE0X6F01017,SDREAMS,,S D Retail,Textiles & Apparels,Garments & Apparels
INE0SVY01018,KATARIA,,Kataria Indust.,Industrial Manufacturing,Industrial Products
INE0QR801013,SPPPOLY,,SPP Polymer,Industrial Products,Packaging
INE0N1401016,NEELAM,,Neelam Linens,Textiles & Apparels,Other Textile Products
INE0TSF01011,AESTHETIK,,Aesthetik Engi.,Construction,Civil Construction
INE0YKW01013,FORGEAUTO,,Forge Auto,Auto Components,Auto Components & Equipments
INE0VG001016,AMCL,,ANB Metal,Industrial Products,"Aluminium, Copper & Zinc Products"
INE0RYR01018,SUBAHOTELS,,Suba Hotels,Leisure Services,Hotels & Resorts
INE0P4T01013,ARVINDPORT,,Arvind Port &,Transport Services,Shipping
INE0P5R01014,PURPLEUTED,,Purple United,Textiles & Apparels,Garments & Apparels
INE1YNB01019,MOBILISE,,Mobilise App,IT - Software,Software Products
INE0OO201011,WOL3D,,WOL 3D India,Industrial Products,Other Industrial Products
INE0XW001014,BIOPOL,,Biopol Chemicals,Chemicals & Petrochemicals,Specialty Chemicals
INE0TD101011,IDENTICAL,,Identical Brains,Entertainment,Media & Entertainment
INE06IJ01010,UTSSAV,,Utssav CZ Gold,Consumer Durables,"Gems, Jewellery And Watches"
INE0T4V01015,APEXECO,,Apex Ecotech,Other Utilities,Water Supply & Management
INE0NON01025,SHKSIL,,Shri Hare-Krish.,Ferrous Metals,Sponge Iron
INE0B2801011,UNILEX,,Unilex Colour &C,Chemicals & Petrochemicals,Dyes And Pigments
INE1M3T01017,JYOTIGLOBL,,Jyoti Global,Industrial Products,Packaging
INE0VHU01019,RAJPUTANA,,Rajputana Bio.,Chemicals & Petrochemicals,Petrochemicals
INE849L01019,ORTEL,539015,Ortel Commu.,Entertainment,TV Broadcasting & Software Production
INE0MOT01016,KANDARP,,Kandarp Digi,Commercial Services & Supplies,Business Process Outsourcing (BPO)/ Knowledge Process Outsourcing (KPO)
INE0CQA01020,PRIMECAB,,Prime Cable Ind.,Industrial Products,Cables - Electricals
INE0R0201012,LAMOSAIC,,Lamosaic India,Consumer Durables,Plywood Boards/ Laminates
INE241X01014,VOLERCAR,,Voler Car,Transport Services,Road Transport
INE0RXB01022,JEYYAM,,Jeyyam Global,Food Products,Other Food Products
INE0VBS01016,ECOLINE,,Ecoline Exim,Industrial Products,Packaging
INE0U2M01015,VDEAL,,Vdeal System,Electrical Equipment,Other Electrical Equipment
INE0T8T01010,ACCPL,,Accretion Pha.,Pharmaceuticals & Biotechnology,Pharmaceuticals
INE0WL801011,AERON,,Aeron Composites,Industrial Products,Other Industrial Products
INE0QXL01015,VLINFRA,,V.L.Infraproject,Construction,Civil Construction
INE0KZF01015,QVCEL,,QVC Exports,Ferrous Metals,Ferro & Silica Manganese
INE0R9101015,ELGNZ,,Eleganz Interior,Commercial Services & Supplies,Diversified Commercial Services
INE0RVQ01016,MYMUDRA,,My Mudra Fin.,Finance,Other Financial Services
INE0CTB01014,SOCL,,Sundrex Oil,Petroleum Products,Lubricants
INE0R0J01010,MACOBSTECH,,Macobs Technolo.,Personal Products,Personal Care
INE0VJT01017,PROFX,,Pro FX,Consumer Durables,Consumer Electronics
INE1ERK01013,MANILAM,,Manilam Industries,Consumer Durables,Plywood Boards/ Laminates
INE0RQZ01017,ESCONET,,Esconet,IT - Hardware,Computers Hardware & Equipments
INE0ZRC01017,BHADORA,,Bhadora Indust.,Industrial Products,Cables - Electricals
INE0L2Y01011,ARHAM,,Arham Tech,Consumer Durables,Consumer Electronics
INE0KLO01025,ACTIVEINFR,,Active Infra.,Realty,"Residential, Commercial Projects"
INE10QL01011,READYMIX,,Readymix Cons.,Construction,Civil Construction
INE1DM601016,VIGOR,,Vigor Plast,Industrial Products,Plastic Products - Industrial
INE921L01032,POWERICA,544744,,,
INE0U2501017,FORCAS,,Forcas Studio,Textiles & Apparels,Garments & Apparels
INE132901013,MGSL,,Matrix Geo Sol.,IT - Services,IT Enabled Services
INE11J101017,CEDAAR,,Cedaar Textile,Textiles & Apparels,Other Textile Products
INE0YDV01010,ARCIIL,,ARC Insulation,Industrial Products,Other Industrial Products
INE0UYG01015,ABHAPOWER,,Abha Power,Industrial Products,Castings & Forgings
INE0TVT01024,GANESHIN,,Ganesh Infra.,Construction,Civil Construction
INE0Q6001012,PSFL,,Paramount Specia,Industrial Products,Other Industrial Products
INE0UQ601012,CLASSICEIL,,Classic Electrod,Industrial Products,Other Industrial Products
INE106I01010,ANKITMETAL,532870,Ankit Met.Power,Ferrous Metals,Iron & Steel
INE452O01016,FLFL,536507,Future Lifestyle,Retailing,Diversified Retail
INE973A01010,GOLDENTOBC,500151,Golden Tobacco,Realty,"Residential, Commercial Projects"
INE161G01027,MORARJEE,532621,Morarjee Text.,Textiles & Apparels,Other Textile Products
INE132C01027,SURYALA,514138,,,
INE372E01025,BIRLAPREC,522105,,,
INE116C01012,ZFSTEERING,505163,,,
INE572D01014,FRONTSP,522195,,,
INE951M01037,RRIL,531307,,,
INE967G01019,ZSARACOM,512020,,,
INE819A01049,COMFINTE,531216,,,
INE515A01019,COCKERILL,500147,,,
INE525F01025,BLIL,532485,,,
INE280B01018,ELANTAS,500123,,,
INE131C01011,DISAQ,500068,,,
INE761G01016,BLACKROSE,514183,,,
INE979B01015,HAWKINCOOK,508486,,,
INE640B01021,HBESD,532334,,,
INE616F01022,RSDFIN,539875,,,
INE524T01011,TAALTECH,539956,,,
INE934C01018,DRAGARWQ,526783,,,
INE506D01020,HALDYNGL,515147,,,
INE225B01021,FERMENTA,506414,,,
INE489D01011,BNALTD,508136,,,
INE214F01026,GRAVISSHO,509546,,,
INE417D01020,FEDDERSHOL,511628,,,
INE318C01014,SAYAJIHOTL,,,,
INE361K01017,GRADIENTE,,,,
INE25E901019,OMPOWER,544750,,,
INE765D01022,WPIL,505872,,,
INE928C01010,DAICHI,526821,,,
INE926B01016,GRANDOAK,523862,,,
INE207H01018,GNRL,513536,,,
INE864J01012,TAMBOLIIN,,,,
INE927X01018,ELCIDIN,503681,,,
INE274K01012,BTTL,533108,,,
INE099G01011,SCANSTL,511672,,,
INE945F01025,DECNGOLD,512068,,,
INE579B01039,ELPROINTL,504000,,,
INE440T01028,SEIL,539921,,,
INE185C01017,SAPPL,538795,,,
INE669R01026,ELITECON,539533,,,
INE731F01037,WELSPLSOL,500365,,,
INE015B01018,WIMPLAST,526586,,,
INE770A01010,PRADPME,513532,,,
INE469A01019,BIMETAL,505681,,,
INE200D01020,MMWL,512267,,,
INE689O01013,MERCANTILE,538942,,,
INE650G01029,MENNPIS,531727,,,
INE00HZ01011,BNAGROCHEM,526125,,,
INE070Y01023,ITTL,,Innovative Tyres,Auto Components,Tyres & Rubber Products
INE435D01014,MCCHRLS-B,507836,,,
INE064A01026,TIMEX,500414,,,
INE994E01018,3BBLACKBIO,532067,,,
INE986A01012,BI,526853,,,
INE201B01022,MAJESAUT,500267,,,
INE605D01012,NEAGI,,,,
INE270B01035,MAFATIND,500264,,,
INE405A01021,ULTRAMAR,506685,,,
INE631R01026,MADHAVIPL,539894,,,
INE850B01026,ABMKNO,531161,,,
INE085D01033,METROGLOBL,500159,,,
INE1AII01014,IWARE,,Iware Supplych.,Transport Services,Logistics Solution Provider
INE0UOY01019,MEDISTEP,,Medistep Health.,Personal Products,Personal Care
INE00C501018,AMBANIORGO,,Ambani Orgochem,Chemicals & Petrochemicals,Specialty Chemicals
INE0WL901019,VIJAYPD,,Vijaypd Ceutical,Electrical Equipment,Heavy Electrical Equipment
INE0SVO01019,SIDDHICOTS,,Siddhi Cotspin,Textiles & Apparels,Other Textile Products
INE365O01028,ABANSENT,512165,,,
INE0SMX01019,CKKRETAIL,,C K K Retail,Agricultural Food & other Products,Sugar
INE156901014,NEPTUNE,,Neptune Pet.,Chemicals & Petrochemicals,Petrochemicals
INE0SFW01015,FRESHARA,,Freshara Agro,Food Products,Other Food Products
INE166R01015,NATIONSTD,504882,,,
INE0NA501011,DIVINEHIRA,,Divine Hira Jew.,Consumer Durables,"Gems, Jewellery And Watches"
INE011H01014,RAJVIR,,Rajvir Inds.,Textiles & Apparels,Other Textile Products
INE001E01012,PREMCO,530331,,,
INE321M01017,SONAL,538943,,,
INE722B01019,PRAVEG,531637,,,
INE687A01016,TRANSPEK,506687,,,
INE366C01021,ACSTECH,530745,,,
INE438E01032,SIKA,523606,,,
INE515C01023,LAHOTIOV,531842,,,
INE232E01013,VELJAN,505232,,,
INE083K01017,BENGALASM,533095,,,
INE213D01015,BEEKAY,539018,,,
INE177C01022,BATLIBOI,522004,,,
INE265B01019,NITTAGELA,506532,,,
INE704G01024,BAJAJST,507944,,,
INE910A01012,NIRLON,500307,,,
INE620D01011,INDPRUD,501298,,,
INE402H01015,SHBAJRG,526981,,,
INE325G01010,AVAILFC,531310,,,
INE155E01016,INVPRECQ,504786,,,
INE314H01012,TECHNVISN,501421,,,
INE194D01017,ASTAR,,,,
INE586E01020,IWP,540954,,,
INE220Z01013,SHINDL,519397,,,
INE094B01013,ASHIKA,543766,,,
INE641R01017,QUINT,539515,,,
INE445D01013,NILE,530129,,,
INE296E01026,RAJPALAYAM,532503,,,
INE411F01010,KAMAHOLD,532468,,,
INE746D01014,PIONRINV,507864,,,
INE432A01017,AMBALALSA,500009,,,
INE555P01013,KIRANVYPAR,537750,,,
INE997I01012,SHRIKRISH,,,,
INE338F01015,KLBRENG-B,522101,,,
INE291E01019,PML,539113,,,
INE701G01012,AKCAPIT,530499,,,
INE077P01034,THACKER,509945,,,
INE972A01020,KOTIC,509732,,,
INE403F01017,THAKDEV,526654,,,
INE552U01010,KPL,539997,,,
INE037B01020,SHARDUL,512393,,,
