NSE_SYMBOL,COMPANY,TIER,COMPOSITE,Q_SCORE,REGIME,MACRO_STRESS,RECOMMENDED_SIZE_PCT,LIQUIDITY_FLAG,SECTOR_PHASE,SECTOR_OVERRIDE,ENTRY_TIMING_SCORE,ENTRY_TIMING_SCORE_RAW,SIGNAL_FRESHNESS,ABOVE_50DMA,DISTANCE_FROM_200DMA_PCT,ATR_14,STOP_LOSS_PCT,EXIT_SIGNAL,EXIT_REASON,LTCG_FLAG,LTCG_NOTE,BEAR_ALPHA_TRACK,BEAR_ALPHA_SCORE,CONVICTION_SCORE,PRIME_CONVICTION,DMA200_PRICE,ENTRY_ZONE_LOW,ENTRY_ZONE_HIGH,ENTRY_ZONE_NOTE,MAX_SLOTS,AS_OF_DATE,ROE,LOW_ROE_FLAG,EXTREME_VAL_FLAG,STRUCTURAL_MOAT,DRAWDOWN_RISK,WARNINGS,COMMODITY_CYCLE_FLAG,S_LOW_DEBT,BLACKSTONE_ELIGIBLE,BUY_NOW,BUY_NOW_SAFE,BUY_NOW_BALANCED,BUY_NOW_COMMODITY,PORTFOLIO_HEAT_PCT,PRIME_COUNT,AVG_PRIME_COMPOSITE
LUMAXTECH,LUMAX AUTO TECH.,PRIME,92.0,20.0,CAUTION,3.5,8.58,NORMAL,LATE_CYCLE,False,1,2,EXPIRED,False,11.77,76.7357,5.57,HOLD,,False,,A,15.49,4,True,1478.52,1434.16,1552.45,Near 200DMA — ideal dip entry zone,7,2026-06-18,19.02,False,False,False,False,,0,False,False,False,False,False,False,48.3,6,89.0
GESHIP,GE SHIPPING CO,PRIME,92.0,17.0,CAUTION,3.5,8.58,NORMAL,LATE_CYCLE,False,2,2,AGING,False,14.6,63.1786,5.4,HOLD,,False,,A,29.96,3,False,1225.45,1188.69,1286.72,Near 200DMA — ideal dip entry zone,7,2026-06-18,16.44,False,False,False,True,DRAWDOWN_RISK(vel=-10.0),0,True,True,False,False,False,False,48.3,6,89.0
KRISHANA,KRISHANA PHOSCH.,PRIME,91.0,20.0,CAUTION,3.5,8.4,NORMAL,LATE_CYCLE,False,2,3,EXPIRED,True,23.25,21.3135,3.77,PARTIAL_EXIT,EXTENDED: 7.4× ATR above 200DMA,False,,A,13.05,5,True,550.47,635.82,667.79,Extended — wait for ATR pullback,7,2026-06-18,22.55,False,False,False,False,,0,False,False,False,False,False,False,48.3,6,89.0
AIIL,AUTHUM INVEST,STRONG,91.0,20.0,CAUTION,3.5,5.0,NORMAL,LATE_CYCLE,False,2,3,EXPIRED,True,1.71,25.4428,5.56,HOLD,,False,,A,12.62,3,False,539.5,523.31,566.48,Near 200DMA — ideal dip entry zone,7,2026-06-18,28.87,False,False,False,True,DRAWDOWN_RISK(vel=-20.0),0,False,False,False,False,False,False,48.3,6,89.0
ALGOQUANT,ALGOQUANT FIN,WATCHLIST_CONFIRMED,89.0,20.0,CAUTION,3.5,3.0,NORMAL,LATE_CYCLE,False,2,3,EXPIRED,True,2.3,2.8621,5.79,HOLD,,False,,A,12.0,3,False,57.98,56.24,60.88,Near 200DMA — ideal dip entry zone,7,2026-06-18,31.59,False,False,False,True,DRAWDOWN_RISK(vel=-26.0),0,False,False,False,False,False,False,48.3,6,89.0
ADANIPOWER,ADANI POWER,STRONG,88.0,20.0,CAUTION,3.5,5.0,NORMAL,TOPPING,False,2,2,FRESH,True,34.57,7.9357,4.32,PARTIAL_EXIT,EXTENDED: 9.6× ATR above 200DMA,False,,A,12.0,4,False,163.78,204.53,216.43,Extended — wait for ATR pullback,7,2026-06-18,22.96,False,False,False,True,DRAWDOWN_RISK(vel=-16.0),0,False,False,False,False,False,False,48.3,6,89.0
RELIABLE,RELIABLE DATA,WATCHLIST_CONFIRMED,88.0,11.0,CAUTION,3.5,3.0,RESTRICTED,LATE_CYCLE,False,2,3,EXPIRED,True,11.81,7.9736,6.2,EXIT,DETERIORATING (vel=-25.0 forensic=-5 regime=CAUTION),False,,A,5.83,3,False,138.04,133.9,144.94,Near 200DMA — ideal dip entry zone,7,2026-06-18,15.79,False,False,False,True,DRAWDOWN_RISK(vel=-25.0),0,False,False,False,False,False,False,48.3,6,89.0
KISSHT,NAN,MONITOR,88.0,1.0,CAUTION,3.5,0.5,NORMAL,nan,False,1,2,EXPIRED,True,11.54,16.9793,7.35,HOLD,,False,,,0.0,3,False,248.48,241.03,260.9,Near 200DMA — ideal dip entry zone,7,2026-06-18,,False,False,False,True,DRAWDOWN_RISK(vel=-62.0),0,False,False,False,False,False,False,48.3,6,89.0
MAHABANK,BANK OF MAHA,STRONG,87.0,5.0,CAUTION,3.5,5.0,NORMAL,LATE_CYCLE,False,3,3,FRESH,True,40.49,2.8134,3.75,PARTIAL_EXIT,PROFIT_ZONE: +40% above 200DMA | EXTENDED: 13.0× ATR above 200DMA,False,,A,27.42,5,False,64.16,84.51,88.73,Extended — wait for ATR pullback,7,2026-06-18,21.17,False,False,False,True,DRAWDOWN_RISK(vel=-20.0),0,False,False,False,False,False,False,48.3,6,89.0
SHRIPISTON,SHRIRAM PISTONS,PRIME,87.0,20.0,CAUTION,3.5,7.7,NORMAL,LATE_CYCLE,False,3,3,FRESH,True,23.33,136.35,4.42,PARTIAL_EXIT,EXTENDED: 6.3× ATR above 200DMA,False,,A,15.42,6,True,3003.37,3431.3,3635.82,Extended — wait for ATR pullback,7,2026-06-18,21.17,False,False,False,False,,0,False,False,False,False,False,False,48.3,6,89.0
MEDIASSIST,MEDI ASSIST SER.,WATCHLIST_CONFIRMED,87.0,20.0,CAUTION,3.5,3.0,NORMAL,TOPPING,False,1,1,EXPIRED,False,-15.81,13.8929,4.59,HOLD,,False,,A,12.0,2,False,431.72,352.55,440.35,Below 200DMA — enter on recovery above 200DMA,7,2026-06-18,16.78,False,False,False,True,DRAWDOWN_RISK(vel=-32.0),0,False,False,False,False,False,False,48.3,6,89.0
SKYGOLD,SKY GOLD & DIAM.,WATCHLIST_CONFIRMED,87.0,19.0,CAUTION,3.5,3.0,NORMAL,LATE_CYCLE,False,2,3,EXPIRED,True,43.9,32.7571,7.51,PARTIAL_EXIT,PROFIT_ZONE: +44% above 200DMA | EXTENDED: 7.0× ATR above 200DMA,False,,A,11.5,4,False,363.68,457.84,506.97,Extended — wait for ATR pullback,7,2026-06-18,19.4,False,False,False,False,,0,False,False,False,False,False,False,48.3,6,89.0
ENGINERSIN,ENGINEERS INDIA,STRONG,86.0,20.0,CAUTION,3.5,5.0,NORMAL,TOPPING,False,2,2,FRESH,True,17.8,9.8414,4.86,HOLD,,False,,A,38.11,3,False,206.45,223.51,238.27,Extended — wait for ATR pullback,7,2026-06-18,21.72,False,False,False,False,,0,True,True,False,False,False,False,48.3,6,89.0
ADANIPORTS,ADANI PORTS,PRIME,86.0,19.0,CAUTION,3.5,7.52,NORMAL,BASING,False,2,2,FRESH,True,21.34,42.4131,2.78,PARTIAL_EXIT,EXTENDED: 9.2× ATR above 200DMA,False,,A,16.61,5,True,1506.97,1743.77,1807.39,Extended — wait for ATR pullback,7,2026-06-18,19.41,False,False,False,False,,0,False,False,False,False,False,False,48.3,6,89.0
PGIL,PEARL GLOBAL IND,STRONG,86.0,20.0,CAUTION,3.5,5.0,NORMAL,LATE_CYCLE,False,2,3,EXPIRED,True,10.32,69.5429,5.03,HOLD,,False,,A,20.24,4,False,1504.39,1459.26,1579.61,Near 200DMA — ideal dip entry zone,7,2026-06-18,21.49,False,False,False,False,,0,False,False,False,False,False,False,48.3,6,89.0
MAYURUNIQ,MAYUR UNIQUOTERS,PRIME,86.0,20.0,CAUTION,3.5,7.52,NORMAL,LATE_CYCLE,False,3,3,FRESH,True,49.98,40.1929,5.83,PARTIAL_EXIT,PROFIT_ZONE: +50% above 200DMA | EXTENDED: 10.3× ATR above 200DMA,False,,A,21.82,6,True,551.26,746.36,806.65,Extended — wait for ATR pullback,7,2026-06-18,15.62,False,False,False,False,,0,True,True,False,False,False,False,48.3,6,89.0
HSCL,HIMADRI SPECIAL,STRONG,85.0,20.0,CAUTION,3.5,5.0,NORMAL,TOPPING,False,2,2,FRESH,True,42.12,35.5821,6.09,PARTIAL_EXIT,PROFIT_ZONE: +42% above 200DMA | EXTENDED: 8.3× ATR above 200DMA,False,,A,13.33,4,False,493.32,629.94,683.31,Extended — wait for ATR pullback,7,2026-06-18,14.93,False,False,False,True,DRAWDOWN_RISK(vel=-10.0),0,False,False,False,False,False,False,48.3,6,89.0
BSE,BSE,STRONG,84.0,20.0,CAUTION,3.5,5.0,NORMAL,LATE_CYCLE,False,2,3,EXPIRED,True,36.43,163.1071,4.89,PARTIAL_EXIT,EXTENDED: 8.9× ATR above 200DMA,False,,A,14.14,5,False,2931.31,3672.99,3917.65,Extended — wait for ATR pullback,7,2026-06-18,29.97,False,False,True,False,,0,True,True,False,False,False,False,48.3,6,89.0
POLYCAB,POLYCAB INDIA,STRONG,83.0,20.0,CAUTION,3.5,5.0,NORMAL,TOPPING,False,2,2,FRESH,True,26.85,229.1429,2.77,PARTIAL_EXIT,EXTENDED: 11.6× ATR above 200DMA,False,,A,16.87,5,False,7825.09,9468.21,9811.93,Extended — wait for ATR pullback,7,2026-06-18,25.96,False,False,False,False,,0,True,True,False,False,False,False,48.3,6,89.0
KPEL,K.P. ENERGY,STRONG,82.0,20.0,CAUTION,3.5,5.0,NORMAL,TOPPING,False,1,2,EXPIRED,True,0.36,13.6321,4.61,HOLD,,False,,A,14.67,3,False,353.87,343.25,371.56,Near 200DMA — ideal dip entry zone,7,2026-06-18,36.83,False,False,False,True,DRAWDOWN_RISK(vel=-14.0),0,False,False,False,False,False,False,48.3,6,89.0
KMEW,KNOWLEDGE MARINE,STRONG,82.0,20.0,CAUTION,3.5,5.0,NORMAL,MID_CYCLE,False,2,3,EXPIRED,True,31.35,111.0643,6.42,PARTIAL_EXIT,EXTENDED: 5.9× ATR above 200DMA,False,,A,12.0,4,False,1580.46,1853.77,2020.37,Extended — wait for ATR pullback,7,2026-06-18,22.91,False,False,False,False,,0,False,False,False,False,False,False,48.3,6,89.0
TIPSMUSIC,TIPS MUSIC,STRONG,82.0,20.0,CAUTION,3.5,5.0,NORMAL,TOPPING,False,2,2,FRESH,True,14.56,26.1714,4.88,HOLD,,False,,A,33.33,3,False,561.23,544.39,589.29,Near 200DMA — ideal dip entry zone,7,2026-06-18,79.49,False,False,False,True,DRAWDOWN_RISK(vel=-12.0),0,True,True,False,False,False,False,48.3,6,89.0
CPPLUS,ADITYA INFOTECH,WATCHLIST_CONFIRMED,82.0,19.0,CAUTION,3.5,3.0,NORMAL,LATE_CYCLE,False,3,3,FRESH,True,88.23,201.3142,7.22,EXIT,PROFIT_ZONE: +88% above 200DMA | EXTENDED: 14.7× ATR above 200DMA,False,,A,11.5,5,False,1778.81,2945.57,3247.54,Extended — wait for ATR pullback,7,2026-06-18,34.53,False,True,False,False,HIGH_PE(78x vs ind 30x),0,True,True,False,False,False,False,48.3,6,89.0
TBOTEK,TBO TEK,STRONG,82.0,19.0,CAUTION,3.5,5.0,NORMAL,LATE_CYCLE,False,3,3,FRESH,True,1.98,65.2214,5.38,HOLD,,False,,A,11.5,5,False,1427.29,1384.47,1498.65,Near 200DMA — ideal dip entry zone,7,2026-06-18,19.24,False,False,False,False,,0,False,False,False,False,False,False,48.3,6,89.0
GABRIEL,GABRIEL INDIA,STRONG,82.0,20.0,CAUTION,3.5,5.0,NORMAL,LATE_CYCLE,False,3,3,FRESH,True,5.84,49.9857,5.34,HOLD,,False,,A,12.0,6,False,1061.27,1029.43,1114.33,Near 200DMA — ideal dip entry zone,7,2026-06-18,20.7,False,False,False,False,,0,True,True,False,False,False,False,48.3,6,89.0
EBGNG,GNG ELECTRONICS,STRONG,81.0,20.0,CAUTION,3.5,5.0,NORMAL,LATE_CYCLE,False,2,3,EXPIRED,True,27.38,24.8643,6.61,PARTIAL_EXIT,EXTENDED: 5.0× ATR above 200DMA,False,,A,12.0,4,False,354.31,401.57,438.87,Extended — wait for ATR pullback,7,2026-06-18,30.4,False,True,False,False,HIGH_PE(43x vs ind 13x),0,False,False,False,False,False,False,48.3,6,89.0
CEMPRO,CEMINDIA PROJECT,STRONG,81.0,20.0,CAUTION,3.5,5.0,NORMAL,TOPPING,False,1,2,EXPIRED,True,55.28,67.568,6.85,EXIT,PROFIT_ZONE: +55% above 200DMA | EXTENDED: 9.7× ATR above 200DMA,False,,A,15.67,3,False,762.5,1048.86,1150.22,Extended — wait for ATR pullback,7,2026-06-18,20.33,False,False,False,False,,0,False,False,False,False,False,False,48.3,6,89.0
TORNTPHARM,TORRENT PHARMA.,STRONG,81.0,20.0,CAUTION,3.5,5.0,NORMAL,LATE_CYCLE,False,3,3,FRESH,True,12.16,122.4571,3.31,HOLD,,False,,A,22.44,6,False,3961.01,3842.18,4159.06,Near 200DMA — ideal dip entry zone,7,2026-06-18,25.18,False,False,False,False,,0,False,False,False,False,False,False,48.3,6,89.0
SANGHVIMOV,SANGHVI MOVERS,STRONG,81.0,16.0,CAUTION,3.5,5.0,NORMAL,LATE_CYCLE,False,3,3,FRESH,True,27.21,19.95,5.75,PARTIAL_EXIT,EXTENDED: 5.7× ATR above 200DMA,False,,A,18.2,5,False,327.42,376.6,406.52,Extended — wait for ATR pullback,7,2026-06-18,13.7,False,False,False,False,,0,False,False,False,False,False,False,48.3,6,89.0
IKS,INVENTURUS KNOWL,STRONG,81.0,20.0,CAUTION,3.5,5.0,NORMAL,CORRECTION,False,1,2,EXPIRED,True,3.9,52.8572,3.88,HOLD,,False,,A,12.0,3,False,1574.74,1527.5,1653.48,Near 200DMA — ideal dip entry zone,7,2026-06-18,27.16,False,False,False,False,,0,False,False,False,False,False,False,48.3,6,89.0
ITDC,I T D C,STRONG,81.0,20.0,CAUTION,3.5,5.0,NORMAL,LATE_CYCLE,False,2,3,EXPIRED,True,10.9,36.85,7.11,HOLD,,False,,A,18.76,3,False,561.08,544.25,589.13,Near 200DMA — ideal dip entry zone,7,2026-06-18,22.42,False,False,False,False,,0,True,True,False,False,False,False,48.3,6,89.0
SOLARINDS,SOLAR INDUSTRIES,STRONG,80.0,20.0,CAUTION,3.5,5.0,NORMAL,TOPPING,False,1,2,EXPIRED,True,22.5,571.7143,3.93,PARTIAL_EXIT,EXTENDED: 6.9× ATR above 200DMA,False,,A,12.76,3,False,14250.87,16313.57,17171.14,Extended — wait for ATR pullback,7,2026-06-18,27.57,False,True,False,True,HIGH_PE(82x vs ind 25x) | DRAWDOWN_RISK(vel=-10.0),0,False,False,False,False,False,False,48.3,6,89.0
ABB,A B B,STRONG,80.0,20.0,CAUTION,3.5,5.0,NORMAL,TOPPING,False,1,2,EXPIRED,True,24.25,188.5714,3.16,PARTIAL_EXIT,EXTENDED: 9.2× ATR above 200DMA,False,,A,18.85,5,False,5765.88,6786.86,7069.71,Extended — wait for ATR pullback,7,2026-06-18,22.39,False,True,False,False,HIGH_PE(80x vs ind 31x),0,True,True,False,False,False,False,48.3,6,89.0
TRAVELFOOD,TRAVEL FOOD,WATCHLIST_CONFIRMED,80.0,20.0,CAUTION,3.5,3.0,NORMAL,LATE_CYCLE,False,3,3,FRESH,True,6.22,57.5643,5.24,HOLD,,False,,A,12.0,4,False,1240.35,1203.14,1302.37,Near 200DMA — ideal dip entry zone,7,2026-06-18,34.47,False,False,False,False,,0,False,False,False,False,False,False,48.3,6,89.0
RATEGAIN,RATEGAIN TRAVEL,STRONG,80.0,17.0,CAUTION,3.5,5.0,NORMAL,BASING,False,1,2,EXPIRED,True,40.56,35.4964,4.81,PARTIAL_EXIT,PROFIT_ZONE: +41% above 200DMA | EXTENDED: 10.1× ATR above 200DMA,False,,A,10.5,5,False,630.5,815.21,868.45,Extended — wait for ATR pullback,7,2026-06-18,12.42,False,False,False,False,,0,True,True,False,False,False,False,48.3,6,89.0
CHOICEIN,CHOICE INTL.,WATCHLIST_CONFIRMED,80.0,13.0,CAUTION,3.5,3.0,NORMAL,LATE_CYCLE,False,3,3,FRESH,True,-5.28,18.7393,3.17,EXIT,DETERIORATING (vel=-23.0 forensic=-3 regime=CAUTION),False,,A,8.5,3,False,749.34,688.46,764.33,Below 200DMA — enter on recovery above 200DMA,7,2026-06-18,15.84,False,True,False,True,HIGH_PE(57x vs ind 17x) | DRAWDOWN_RISK(vel=-23.0),0,False,False,False,False,False,False,48.3,6,89.0
ECLERX,ECLERX SERVICES,STRONG,80.0,20.0,CAUTION,3.5,5.0,NORMAL,LATE_CYCLE,False,1,2,EXPIRED,False,-24.58,63.4643,5.23,HOLD,,False,,B,56.0,3,False,1931.07,1412.71,1969.69,Below 200DMA — enter on recovery above 200DMA,7,2026-06-18,23.47,False,False,False,False,,0,False,False,False,False,False,False,48.3,6,89.0
MARKSANS,MARKSANS PHARMA,STRONG,79.0,20.0,CAUTION,3.5,5.0,NORMAL,LATE_CYCLE,False,3,3,FRESH,True,37.18,12.3714,5.83,PARTIAL_EXIT,EXTENDED: 7.7× ATR above 200DMA,False,,A,16.77,5,False,185.71,230.01,248.56,Extended — wait for ATR pullback,7,2026-06-18,15.43,False,False,False,False,,0,False,False,False,False,False,False,48.3,6,89.0
CUMMINSIND,CUMMINS INDIA,STRONG,79.0,20.0,CAUTION,3.5,5.0,NORMAL,TOPPING,False,2,2,AGING,True,27.69,165.1429,3.4,PARTIAL_EXIT,EXTENDED: 9.8× ATR above 200DMA,False,,A,23.21,5,False,4567.96,5502.71,5750.43,Extended — wait for ATR pullback,7,2026-06-18,26.45,False,False,False,False,,0,True,True,False,False,False,False,48.3,6,89.0
DLINKINDIA,D-LINK INDIA,STRONG,79.0,20.0,CAUTION,3.5,5.0,NORMAL,LATE_CYCLE,False,3,3,FRESH,True,16.14,15.1071,3.55,HOLD,,False,,A,64.51,5,False,439.98,480.79,503.45,Extended — wait for ATR pullback,7,2026-06-18,21.93,False,False,False,False,,0,True,True,False,False,False,False,48.3,6,89.0
BANKINDIA,BANK OF INDIA,WATCHLIST_CONFIRMED,79.0,4.0,CAUTION,3.5,3.0,NORMAL,LATE_CYCLE,False,3,3,FRESH,True,5.73,4.5993,3.75,HOLD,,False,,A,30.69,5,False,139.16,134.99,146.12,Near 200DMA — ideal dip entry zone,7,2026-06-18,12.05,False,False,False,True,DRAWDOWN_RISK(vel=-15.0),0,False,False,False,False,False,False,48.3,6,89.0
INOXINDIA,INOX INDIA,STRONG,79.0,20.0,CAUTION,3.5,5.0,NORMAL,TOPPING,False,1,2,EXPIRED,True,52.96,106.666,6.68,EXIT,PROFIT_ZONE: +53% above 200DMA | EXTENDED: 9.5× ATR above 200DMA,False,,A,13.68,5,False,1252.03,1701.77,1861.77,Extended — wait for ATR pullback,7,2026-06-18,25.87,False,False,False,False,,0,False,False,False,False,False,False,48.3,6,89.0
NYKAA,FSN E-COMMERCE,STRONG,79.0,11.0,CAUTION,3.5,5.0,NORMAL,TOPPING,False,1,2,EXPIRED,True,9.58,7.2214,3.08,HOLD,,False,,A,7.5,3,False,256.39,248.7,269.21,Near 200DMA — ideal dip entry zone,7,2026-06-18,5.08,True,True,False,False,LOW_ROE(5.1%) | HIGH_PE(506x vs ind 29x),0,False,False,False,False,False,False,48.3,6,89.0
TITAN,TITAN COMPANY,WATCHLIST_CONFIRMED,79.0,15.0,CAUTION,3.5,3.0,NORMAL,LATE_CYCLE,False,2,3,EXPIRED,True,9.69,107.8214,2.95,HOLD,,False,,A,12.16,4,False,3993.71,3873.9,4193.4,Near 200DMA — ideal dip entry zone,7,2026-06-18,28.71,False,False,False,False,,0,False,False,False,False,False,False,48.3,6,89.0
SRM,SRM CONTRACTORS,STRONG,79.0,20.0,CAUTION,3.5,5.0,NORMAL,TOPPING,False,1,1,FRESH,False,-1.14,21.4429,5.21,HOLD,,False,,A,12.0,2,False,499.5,478.99,509.49,Below 200DMA — enter on recovery above 200DMA,7,2026-06-18,19.96,False,False,False,True,DRAWDOWN_RISK(vel=-6.0),0,False,False,False,False,False,False,48.3,6,89.0
ECOSMOBLTY,ECOS (INDIA),STRONG,79.0,20.0,CAUTION,3.5,5.0,NORMAL,LATE_CYCLE,False,1,2,EXPIRED,False,-30.24,8.5736,7.84,HOLD,,False,,B,55.3,2,False,188.04,127.23,191.8,Below 200DMA — enter on recovery above 200DMA,7,2026-06-18,27.1,False,False,False,True,DRAWDOWN_RISK(vel=-9.0),0,True,True,False,False,False,False,48.3,6,89.0
HIRECT,HIND RECTIFIERS,STRONG,78.0,20.0,CAUTION,3.5,5.0,NORMAL,LATE_CYCLE,False,3,3,FRESH,True,47.44,72.1143,7.26,PARTIAL_EXIT,PROFIT_ZONE: +47% above 200DMA | EXTENDED: 7.8× ATR above 200DMA,False,,A,13.32,5,False,808.62,1047.97,1156.14,Extended — wait for ATR pullback,7,2026-06-18,23.21,False,False,False,False,,0,False,False,False,False,False,False,48.3,6,89.0
FCL,FINEOTEX CHEM,STRONG,78.0,20.0,CAUTION,3.5,5.0,NORMAL,TOPPING,False,2,2,FRESH,True,74.97,2.9371,7.86,EXIT,PROFIT_ZONE: +75% above 200DMA | EXTENDED: 11.4× ATR above 200DMA,False,,A,19.22,3,False,25.62,38.96,43.36,Extended — wait for ATR pullback,7,2026-06-18,14.8,False,False,False,True,DRAWDOWN_RISK(vel=-10.0),0,True,True,False,False,False,False,48.3,6,89.0
TEGA,TEGA INDS.,STRONG,78.0,20.0,CAUTION,3.5,5.0,NORMAL,LATE_CYCLE,False,2,3,EXPIRED,True,0.68,93.4357,6.12,HOLD,,False,,A,13.21,5,False,1821.19,1766.55,1912.25,Near 200DMA — ideal dip entry zone,7,2026-06-18,14.33,False,False,False,False,,0,False,False,False,False,False,False,48.3,6,89.0
TSFINV,TSF INVESTMENTS,WATCHLIST_CONFIRMED,78.0,10.0,CAUTION,3.5,3.0,NORMAL,LATE_CYCLE,False,1,2,EXPIRED,False,-14.39,12.225,3.67,EXIT,DETERIORATING (vel=-23.0 forensic=-1 regime=CAUTION),False,,A,23.06,0,False,466.28,387.22,475.61,Below 200DMA — enter on recovery above 200DMA,7,2026-06-18,7.35,True,False,False,True,LOW_ROE(7.3%) | DRAWDOWN_RISK(vel=-23.0),0,True,True,False,False,False,False,48.3,6,89.0
SUMEETINDS,SUMEET INDUSTRIE,STRONG,78.0,20.0,CAUTION,3.5,5.0,NORMAL,LATE_CYCLE,False,1,2,EXPIRED,False,-12.36,1.7435,8.09,HOLD,,False,,A,12.0,1,False,29.5,25.07,30.09,Below 200DMA — enter on recovery above 200DMA,7,2026-06-18,91.93,False,False,False,True,DRAWDOWN_RISK(vel=-5.0),0,False,False,False,False,False,False,48.3,6,89.0
REDTAPE,REDTAPE,STRONG,78.0,20.0,CAUTION,3.5,5.0,NORMAL,LATE_CYCLE,False,3,3,FRESH,True,2.87,5.3093,4.8,HOLD,,False,,A,14.12,5,False,129.17,125.29,135.63,Near 200DMA — ideal dip entry zone,7,2026-06-18,21.55,False,False,False,False,,0,False,False,False,False,False,False,48.3,6,89.0
GATEWAY,GATEWAY DISTRI,STRONG,78.0,17.0,CAUTION,3.5,5.0,NORMAL,LATE_CYCLE,False,2,3,EXPIRED,True,3.37,1.755,3.5,HOLD,,False,,A,49.45,3,False,58.15,56.41,61.06,Near 200DMA — ideal dip entry zone,7,2026-06-18,16.83,False,True,False,True,HIGH_PE(1712x vs ind 18x) | DRAWDOWN_RISK(vel=-10.0),0,False,False,False,False,False,False,48.3,6,89.0
KIRLPNU,KIRL.PNEUMATIC,STRONG,77.0,20.0,CAUTION,3.5,5.0,NORMAL,TOPPING,False,1,2,EXPIRED,True,50.31,78.9,5.17,EXIT,PROFIT_ZONE: +50% above 200DMA | EXTENDED: 11.7× ATR above 200DMA,False,,A,21.37,4,False,1219.1,1674.6,1792.95,Extended — wait for ATR pullback,7,2026-06-18,19.26,False,False,False,False,,0,True,True,False,False,False,False,48.3,6,89.0
RPEL,RAGHAV PRODUCT.,STRONG,77.0,20.0,CAUTION,3.5,5.0,NORMAL,TOPPING,False,2,2,FRESH,True,50.0,55.0822,5.48,PARTIAL_EXIT,PROFIT_ZONE: +50% above 200DMA | EXTENDED: 11.0× ATR above 200DMA,False,,A,13.55,5,False,804.41,1096.49,1179.11,Extended — wait for ATR pullback,7,2026-06-18,19.09,False,True,False,False,HIGH_PE(59x vs ind 23x),0,True,True,False,False,False,False,48.3,6,89.0
POWERICA,NAN,MONITOR,77.0,1.0,CAUTION,3.5,0.5,NORMAL,nan,False,2,2,FRESH,True,8.45,32.5893,7.38,HOLD,,False,,,0.0,3,False,488.5,473.84,512.93,Near 200DMA — ideal dip entry zone,7,2026-06-18,,False,False,False,True,DRAWDOWN_RISK(vel=-48.0),0,False,False,False,False,False,False,48.3,6,89.0
NATIONALUM,NATL. ALUMINIUM,STRONG,77.0,20.0,CAUTION,3.5,5.0,NORMAL,TOPPING,False,1,1,FRESH,False,15.6,16.725,5.42,HOLD,,False,,A,40.87,4,False,320.06,336.55,361.64,Extended — wait for ATR pullback,7,2026-06-18,29.59,False,False,False,False,,0,True,True,False,False,False,False,48.3,6,89.0
RSL,NAN,MONITOR,77.0,1.0,CAUTION,3.5,0.5,NORMAL,nan,False,1,1,FRESH,False,1.48,4.245,3.93,HOLD,,False,,,0.0,2,False,127.7,123.87,134.09,Near 200DMA — ideal dip entry zone,7,2026-06-18,,False,False,False,True,DRAWDOWN_RISK(vel=-53.0),0,False,False,False,False,False,False,48.3,6,89.0
CANTABIL,CANTABIL RETAIL,STRONG,77.0,19.0,CAUTION,3.5,5.0,NORMAL,LATE_CYCLE,False,1,2,EXPIRED,False,-13.07,6.9343,3.78,HOLD,,False,,A,15.64,2,False,253.5,213.76,258.57,Below 200DMA — enter on recovery above 200DMA,7,2026-06-18,19.04,False,False,False,True,DRAWDOWN_RISK(vel=-5.0),0,False,False,False,False,False,False,48.3,6,89.0
INDIAMART,INDIAMART INTER.,STRONG,77.0,20.0,CAUTION,3.5,5.0,NORMAL,TOPPING,False,2,2,FRESH,True,-6.39,41.5214,2.38,HOLD,,False,,A,26.96,3,False,2232.72,2027.3,2277.37,Below 200DMA — enter on recovery above 200DMA,7,2026-06-18,25.2,False,False,False,False,,0,True,True,False,False,False,False,48.3,6,89.0
KALYANKJIL,KALYAN JEWELLERS,STRONG,77.0,20.0,CAUTION,3.5,5.0,NORMAL,LATE_CYCLE,False,2,2,FRESH,False,-13.18,16.7179,5.24,HOLD,,False,,A,15.91,3,False,441.19,371.56,450.01,Below 200DMA — enter on recovery above 200DMA,7,2026-06-18,14.88,False,False,False,False,,0,False,False,False,False,False,False,48.3,6,89.0
KERNEX,KERNEX MICROSYS.,WATCHLIST_CONFIRMED,76.0,19.0,CAUTION,3.5,3.0,NORMAL,LATE_CYCLE,False,3,3,FRESH,True,70.71,124.3572,7.09,EXIT,PROFIT_ZONE: +71% above 200DMA | EXTENDED: 12.0× ATR above 200DMA,False,,A,11.5,3,False,1232.2,1854.79,2041.32,Extended — wait for ATR pullback,7,2026-06-18,31.81,False,False,False,True,DRAWDOWN_RISK(vel=-9.0),0,False,False,False,False,False,False,48.3,6,89.0
JBCHEPHARM,J B CHEMICALS &,STRONG,76.0,20.0,CAUTION,3.5,5.0,NORMAL,LATE_CYCLE,False,3,3,FRESH,True,16.0,60.4785,3.31,HOLD,,False,,A,22.35,6,False,1892.69,2074.64,2165.36,Extended — wait for ATR pullback,7,2026-06-18,19.21,False,False,False,False,,0,True,True,False,False,False,False,48.3,6,89.0
CEIGALL,CEIGALL INDIA,WATCHLIST_CONFIRMED,76.0,16.0,CAUTION,3.5,3.0,NORMAL,TOPPING,False,1,2,EXPIRED,True,31.83,16.9607,5.46,PARTIAL_EXIT,EXTENDED: 7.0× ATR above 200DMA,False,,A,10.0,3,False,282.57,338.58,364.02,Extended — wait for ATR pullback,7,2026-06-18,16.04,False,False,False,False,,0,False,False,False,False,False,False,48.3,6,89.0
MUFIN,MUFIN GREEN,WATCHLIST_CONFIRMED,76.0,0.0,CAUTION,3.5,3.0,NORMAL,LATE_CYCLE,False,3,3,FRESH,True,18.6,3.8607,3.6,EXIT,DETERIORATING (vel=-22.0 forensic=-6 regime=CAUTION),False,,,0.0,3,False,108.52,120.99,126.78,Extended — wait for ATR pullback,7,2026-06-18,7.14,True,True,False,True,LOW_ROE(7.1%) | HIGH_PE(85x vs ind 17x) | DRAWDOWN_RISK(vel=-22.0),0,False,False,False,False,False,False,48.3,6,89.0
AEROFLEX,AEROFLEX,STRONG,76.0,20.0,CAUTION,3.5,5.0,NORMAL,TOPPING,False,2,2,FRESH,True,116.72,33.8357,7.95,EXIT,PROFIT_ZONE: +117% above 200DMA | EXTENDED: 17.6× ATR above 200DMA,False,,A,13.27,4,False,235.74,443.23,493.98,Extended — wait for ATR pullback,7,2026-06-18,15.33,False,True,False,False,HIGH_PE(62x vs ind 23x),0,True,True,False,False,False,False,48.3,6,89.0
NITINSPIN,NITIN SPINNERS,STRONG,76.0,17.0,CAUTION,3.5,5.0,NORMAL,LATE_CYCLE,False,2,3,EXPIRED,True,46.97,25.5321,5.6,PARTIAL_EXIT,PROFIT_ZONE: +47% above 200DMA | EXTENDED: 10.1× ATR above 200DMA,False,,A,18.63,4,False,372.6,496.54,534.83,Extended — wait for ATR pullback,7,2026-06-18,13.38,False,False,False,False,,0,False,False,False,False,False,False,48.3,6,89.0
SOUTHWEST,SOUTH WEST PINN.,STRONG,76.0,16.0,CAUTION,3.5,5.0,NORMAL,LATE_CYCLE,False,3,3,FRESH,True,29.62,17.1371,8.19,PARTIAL_EXIT,EXTENDED: 4.3× ATR above 200DMA,False,,A,10.0,5,False,193.65,216.73,242.43,Extended — wait for ATR pullback,7,2026-06-18,9.63,True,False,False,False,LOW_ROE(9.6%),0,False,False,False,False,False,False,48.3,6,89.0
SEAMECLTD,SEAMEC LTD,STRONG,76.0,12.0,CAUTION,3.5,5.0,NORMAL,LATE_CYCLE,False,2,2,FRESH,False,10.86,75.0929,6.82,HOLD,,False,,A,8.0,1,False,1192.23,1156.46,1251.84,Near 200DMA — ideal dip entry zone,7,2026-06-18,8.89,True,False,False,True,LOW_ROE(8.9%) | DRAWDOWN_RISK(vel=-9.0),0,False,False,False,False,False,False,48.3,6,89.0
SKMEGGPROD,SKM EGG PROD.,WATCHLIST_CONFIRMED,76.0,14.0,CAUTION,3.5,3.0,NORMAL,CORRECTION,False,1,2,EXPIRED,True,31.47,16.5914,8.15,PARTIAL_EXIT,EXTENDED: 4.6× ATR above 200DMA,False,,A,13.78,2,False,185.82,211.13,236.01,Extended — wait for ATR pullback,7,2026-06-18,11.42,True,False,False,True,LOW_ROE(11.4%) | DRAWDOWN_RISK(vel=-9.0),0,False,False,False,False,False,False,48.3,6,89.0
FIEMIND,FIEM INDUSTRIES,STRONG,76.0,20.0,CAUTION,3.5,5.0,NORMAL,LATE_CYCLE,False,2,3,EXPIRED,True,5.86,78.8143,4.1,HOLD,,False,,A,26.84,4,False,2179.52,2114.13,2288.5,Near 200DMA — ideal dip entry zone,7,2026-06-18,19.74,False,False,False,False,,0,True,True,False,False,False,False,48.3,6,89.0
DSSL,DYNACONS SYS.,STRONG,76.0,20.0,CAUTION,3.5,5.0,NORMAL,CORRECTION,False,2,2,AGING,True,31.1,97.9357,8.69,PARTIAL_EXIT,EXTENDED: 4.3× ATR above 200DMA,False,,A,12.56,4,False,1031.74,1156.73,1303.63,Extended — wait for ATR pullback,7,2026-06-18,31.34,False,False,False,False,,0,False,False,False,False,False,False,48.3,6,89.0
GULFOILLUB,GULF OIL LUBRIC.,STRONG,76.0,20.0,CAUTION,3.5,5.0,NORMAL,LATE_CYCLE,False,2,3,EXPIRED,True,-4.83,32.5286,3.78,HOLD,,False,,A,64.33,3,False,1086.44,1002.93,1108.17,Below 200DMA — enter on recovery above 200DMA,7,2026-06-18,24.62,False,False,False,True,DRAWDOWN_RISK(vel=-8.0),0,False,False,False,False,False,False,48.3,6,89.0
LLOYDSME,LLOYDS METALS,STRONG,75.0,20.0,CAUTION,3.5,5.0,NORMAL,TOPPING,False,2,2,FRESH,True,27.33,50.9438,3.48,PARTIAL_EXIT,EXTENDED: 9.4× ATR above 200DMA,False,,A,12.8,4,False,1377.76,1652.41,1728.83,Extended — wait for ATR pullback,7,2026-06-18,22.65,False,False,False,False,,0,False,False,False,False,False,False,48.3,6,89.0
STARHEALTH,STAR HEALTH INSU,WATCHLIST_EXTERNAL,75.0,4.0,CAUTION,3.5,1.5,NORMAL,TOPPING,False,1,2,EXPIRED,True,11.86,14.225,3.2,HOLD,,False,,,0.0,4,False,477.12,462.81,500.98,Near 200DMA — ideal dip entry zone,7,2026-06-18,9.08,False,False,False,True,DRAWDOWN_RISK(vel=-27.0),0,True,True,False,False,False,False,48.3,6,89.0
BAJAJCON,BAJAJ CONSUMER,STRONG,75.0,20.0,CAUTION,3.5,5.0,NORMAL,BASING,False,1,2,EXPIRED,True,72.84,25.4143,5.06,EXIT,PROFIT_ZONE: +73% above 200DMA | EXTENDED: 17.3× ATR above 200DMA,False,,A,12.0,4,False,348.8,552.02,590.14,Extended — wait for ATR pullback,7,2026-06-18,16.75,False,False,False,False,,0,True,False,False,False,False,False,48.3,6,89.0
RRKABEL,R R KABEL,STRONG,75.0,20.0,CAUTION,3.5,5.0,NORMAL,TOPPING,False,2,2,FRESH,True,48.87,99.6826,5.41,PARTIAL_EXIT,PROFIT_ZONE: +49% above 200DMA | EXTENDED: 10.8× ATR above 200DMA,False,,A,17.37,5,False,1484.41,2010.43,2159.96,Extended — wait for ATR pullback,7,2026-06-18,14.48,False,False,False,False,,0,False,False,False,False,False,False,48.3,6,89.0
NPST,NETWORK PEOPLE,STRONG,75.0,20.0,CAUTION,3.5,5.0,NORMAL,CORRECTION,False,1,2,EXPIRED,True,10.03,126.4643,9.35,HOLD,,False,,A,13.79,3,False,1475.9,1431.62,1549.7,Near 200DMA — ideal dip entry zone,7,2026-06-18,43.58,False,True,False,False,HIGH_PE(62x vs ind 23x),0,True,True,False,False,False,False,48.3,6,89.0
MARICO,MARICO,WATCHLIST_CONFIRMED,75.0,20.0,CAUTION,3.5,3.0,NORMAL,CORRECTION,False,2,2,FRESH,True,6.49,16.7964,2.5,HOLD,,False,,A,26.04,4,False,755.92,733.24,793.72,Near 200DMA — ideal dip entry zone,7,2026-06-18,40.98,False,True,False,True,HIGH_PE(57x vs ind 14x) | DRAWDOWN_RISK(vel=-9.0),0,False,False,False,False,False,False,48.3,6,89.0
TI,TILAKNAGAR INDS.,STRONG,75.0,20.0,CAUTION,3.5,5.0,NORMAL,CORRECTION,False,1,1,EXPIRED,False,-5.42,13.625,3.81,HOLD,,False,,A,14.27,2,False,453.47,416.03,462.54,Below 200DMA — enter on recovery above 200DMA,7,2026-06-18,26.02,False,False,False,True,DRAWDOWN_RISK(vel=-6.0),0,True,True,False,False,False,False,48.3,6,89.0
WAAREEENER,WAAREE ENERGIES,STRONG,75.0,20.0,CAUTION,3.5,5.0,NORMAL,TOPPING,False,1,1,FRESH,False,-1.26,72.0643,2.81,HOLD,,False,,A,12.64,3,False,3117.99,2986.24,3180.35,Below 200DMA — enter on recovery above 200DMA,7,2026-06-18,19.7,False,False,False,False,,0,False,False,False,False,False,False,48.3,6,89.0
SBIN,SBI,WATCHLIST_CONFIRMED,75.0,2.0,CAUTION,3.5,3.0,NORMAL,LATE_CYCLE,False,3,3,FRESH,True,4.77,20.4964,2.4,EXIT,DETERIORATING (vel=-7.0 forensic=-3 regime=CAUTION),False,,A,17.91,4,False,979.76,950.37,1028.75,Near 200DMA — ideal dip entry zone,7,2026-06-18,15.93,False,False,False,False,,0,False,False,False,False,False,False,48.3,6,89.0
CCL,CCL PRODUCTS,WATCHLIST_CONFIRMED,75.0,16.0,CAUTION,3.5,3.0,NORMAL,CORRECTION,False,1,2,EXPIRED,True,11.89,47.0643,5.07,HOLD,,False,,A,14.68,4,False,996.18,966.29,1045.99,Near 200DMA — ideal dip entry zone,7,2026-06-18,15.78,False,True,False,True,HIGH_PE(38x vs ind 14x) | DRAWDOWN_RISK(vel=-9.0),0,False,False,False,False,False,False,48.3,6,89.0
AGIIL,AGI INFRA,WATCHLIST_CONFIRMED,75.0,15.0,CAUTION,3.5,3.0,NORMAL,CORRECTION,False,1,1,FRESH,False,25.89,16.0714,5.21,PARTIAL_EXIT,EXTENDED: 6.0× ATR above 200DMA,False,,A,9.83,1,False,293.88,337.81,361.91,Extended — wait for ATR pullback,7,2026-06-18,22.61,False,False,False,True,DRAWDOWN_RISK(vel=-14.0),0,False,False,False,False,False,False,48.3,6,89.0
GANESHHOU,GANESH HOUSING,WATCHLIST_CONFIRMED,75.0,20.0,CAUTION,3.5,3.0,NORMAL,CORRECTION,False,1,2,EXPIRED,True,2.15,33.7964,5.29,HOLD,,False,,A,20.39,3,False,750.72,728.2,788.26,Near 200DMA — ideal dip entry zone,7,2026-06-18,32.58,False,False,False,True,DRAWDOWN_RISK(vel=-14.0),0,True,True,False,False,False,False,48.3,6,89.0
SCHNEIDER,SCHNEIDER ELECT.,STRONG,74.0,20.0,CAUTION,3.5,5.0,NORMAL,TOPPING,False,2,2,FRESH,True,40.72,71.7572,6.8,PARTIAL_EXIT,PROFIT_ZONE: +41% above 200DMA | EXTENDED: 7.2× ATR above 200DMA,False,,A,12.0,4,False,900.06,1123.09,1230.72,Extended — wait for ATR pullback,7,2026-06-18,47.68,False,True,False,False,HIGH_PE(88x vs ind 31x),0,False,False,False,False,False,False,48.3,6,89.0
SYRMA,SYRMA SGS TECH.,WATCHLIST_CONFIRMED,74.0,12.0,CAUTION,3.5,3.0,NORMAL,LATE_CYCLE,False,2,3,EXPIRED,True,51.62,51.7214,4.78,EXIT,PROFIT_ZONE: +52% above 200DMA | EXTENDED: 13.0× ATR above 200DMA,False,,A,9.9,2,False,856.26,1194.86,1272.44,Extended — wait for ATR pullback,7,2026-06-18,9.71,True,False,False,False,LOW_ROE(9.7%),0,False,False,False,False,False,False,48.3,6,89.0
ANANDRATHI,ANAND RATHI WEA.,STRONG,74.0,20.0,CAUTION,3.5,5.0,NORMAL,LATE_CYCLE,False,3,3,FRESH,True,13.51,44.0357,2.96,HOLD,,False,,A,16.37,5,False,1574.38,1527.15,1653.1,Near 200DMA — ideal dip entry zone,7,2026-06-18,44.49,False,True,True,False,HIGH_PE(67x vs ind 22x),0,True,True,False,False,False,False,48.3,6,89.0
LODHA,LODHA DEVELOPERS,WATCHLIST_CONFIRMED,74.0,17.0,CAUTION,3.5,3.0,NORMAL,CORRECTION,False,2,2,FRESH,True,-10.84,35.1893,4.62,HOLD,,False,,A,15.75,3,False,1026.03,887.36,1046.55,Below 200DMA — enter on recovery above 200DMA,7,2026-06-18,16.9,False,False,False,True,DRAWDOWN_RISK(vel=-13.0),0,False,False,False,False,False,False,48.3,6,89.0
THANGAMAYL,THANGAMAYIL JEW.,WATCHLIST_CONFIRMED,74.0,12.0,CAUTION,3.5,3.0,NORMAL,LATE_CYCLE,False,2,3,EXPIRED,True,68.12,329.4928,7.02,EXIT,PROFIT_ZONE: +68% above 200DMA | EXTENDED: 11.6× ATR above 200DMA,False,,A,11.76,3,False,3350.4,4973.71,5467.95,Extended — wait for ATR pullback,7,2026-06-18,10.77,True,False,False,False,LOW_ROE(10.8%),0,False,False,False,False,False,False,48.3,6,89.0
TATATECH,TATA TECHNOLOG.,STRONG,74.0,20.0,CAUTION,3.5,5.0,NORMAL,CORRECTION,False,2,2,FRESH,True,19.27,26.5564,4.18,HOLD,,False,,A,27.49,3,False,638.76,708.74,748.57,Extended — wait for ATR pullback,7,2026-06-18,18.91,False,False,False,False,,0,True,True,False,False,False,False,48.3,6,89.0
SOLARWORLD,SOLARWORLD ENE.,STRONG,74.0,20.0,CAUTION,3.5,5.0,NORMAL,TOPPING,False,1,1,FRESH,False,-21.88,8.3371,5.35,HOLD,,False,,B,51.8,2,False,239.34,181.36,244.13,Below 200DMA — enter on recovery above 200DMA,7,2026-06-18,24.93,False,False,False,True,DRAWDOWN_RISK(vel=-6.0),0,False,False,False,False,False,False,48.3,6,89.0
BORANA,BORANA WEAVES,STRONG,74.0,18.0,CAUTION,3.5,5.0,NORMAL,LATE_CYCLE,False,1,2,EXPIRED,False,5.29,13.9321,5.25,HOLD,,False,,A,11.0,3,False,302.51,293.43,317.64,Near 200DMA — ideal dip entry zone,7,2026-06-18,49.45,False,False,False,False,,0,False,False,False,False,False,False,48.3,6,89.0
ASHAPURMIN,ASHAPURA MINECH.,STRONG,74.0,15.0,CAUTION,3.5,5.0,NORMAL,TOPPING,False,1,2,EXPIRED,True,8.24,41.8964,7.1,HOLD,,False,,A,11.48,5,False,653.83,634.22,686.52,Near 200DMA — ideal dip entry zone,7,2026-06-18,23.82,False,False,False,False,,0,False,False,False,False,False,False,48.3,6,89.0
IRCTC,I R C T C,STRONG,74.0,20.0,CAUTION,3.5,5.0,NORMAL,LATE_CYCLE,False,1,2,EXPIRED,False,-16.48,11.975,2.76,HOLD,,False,,A,29.16,2,False,622.58,504.35,635.03,Below 200DMA — enter on recovery above 200DMA,7,2026-06-18,35.89,False,False,False,True,DRAWDOWN_RISK(vel=-5.0),0,True,True,False,False,False,False,48.3,6,89.0
INTERARCH,INTERARCH BUILD.,STRONG,74.0,19.0,CAUTION,3.5,5.0,NORMAL,TOPPING,False,1,1,FRESH,False,-9.18,67.9429,4.39,HOLD,,False,,A,18.61,2,False,2045.44,1801.97,2086.35,Below 200DMA — enter on recovery above 200DMA,7,2026-06-18,14.35,False,False,False,True,DRAWDOWN_RISK(vel=-6.0),0,True,True,False,False,False,False,48.3,6,89.0
IGIL,INTERNATIONAL GE,STRONG,74.0,20.0,CAUTION,3.5,5.0,NORMAL,LATE_CYCLE,False,2,3,EXPIRED,True,5.95,13.0214,4.38,HOLD,,False,,A,26.74,4,False,337.1,326.99,353.96,Near 200DMA — ideal dip entry zone,7,2026-06-18,43.0,False,False,False,False,,0,False,False,False,False,False,False,48.3,6,89.0
DIFFNKG,DIFFUSION ENG,STRONG,73.0,15.0,CAUTION,3.5,5.0,NORMAL,TOPPING,False,2,2,FRESH,True,20.9,16.8071,5.25,PARTIAL_EXIT,EXTENDED: 4.8× ATR above 200DMA,False,,A,15.25,4,False,317.5,350.24,375.45,Extended — wait for ATR pullback,7,2026-06-18,9.73,True,False,False,False,LOW_ROE(9.7%),0,True,True,False,False,False,False,48.3,6,89.0
KARURVYSYA,KARUR VYSYA BANK,WATCHLIST_CONFIRMED,73.0,4.0,CAUTION,3.5,3.0,NORMAL,LATE_CYCLE,False,3,3,FRESH,True,11.08,10.4286,4.22,HOLD,,False,,A,12.08,5,False,267.11,259.1,280.47,Near 200DMA — ideal dip entry zone,7,2026-06-18,16.28,False,False,False,True,DRAWDOWN_RISK(vel=-12.0),0,False,False,False,False,False,False,48.3,6,89.0
CAPLIPOINT,CAPLIN POINT LAB,STRONG,73.0,20.0,CAUTION,3.5,5.0,NORMAL,LATE_CYCLE,False,2,3,EXPIRED,True,22.69,92.4357,4.75,PARTIAL_EXIT,EXTENDED: 5.7× ATR above 200DMA,False,,A,15.7,4,False,1903.1,2150.03,2288.68,Extended — wait for ATR pullback,7,2026-06-18,18.81,False,False,False,False,,0,True,True,False,False,False,False,48.3,6,89.0
GPTINFRA,GPT INFRAPROJECT,STRONG,73.0,20.0,CAUTION,3.5,5.0,NORMAL,TOPPING,False,2,2,FRESH,True,5.37,3.1557,3.26,HOLD,,False,,A,41.03,3,False,110.14,106.84,115.65,Near 200DMA — ideal dip entry zone,7,2026-06-18,15.29,False,False,False,False,,0,False,False,False,False,False,False,48.3,6,89.0
MANORAMA,MANORAMA INDUST.,WATCHLIST_CONFIRMED,73.0,19.0,CAUTION,3.5,3.0,NORMAL,CORRECTION,False,2,2,FRESH,True,11.02,61.0143,4.79,EXIT,DETERIORATING (vel=-12.0 forensic=-3 regime=CAUTION),False,,A,11.97,2,False,1375.66,1334.39,1444.44,Near 200DMA — ideal dip entry zone,7,2026-06-18,23.88,False,False,False,True,DRAWDOWN_RISK(vel=-12.0),0,False,False,False,False,False,False,48.3,6,89.0
MAZDOCK,MAZAGON DOCK,STRONG,73.0,20.0,CAUTION,3.5,5.0,NORMAL,LATE_CYCLE,False,2,3,EXPIRED,True,-0.09,68.6928,3.23,HOLD,,False,,A,15.01,4,False,2554.7,2475.83,2605.79,Below 200DMA — enter on recovery above 200DMA,7,2026-06-18,30.4,False,False,False,False,,0,True,True,False,False,False,False,48.3,6,89.0
UDS,UPDATER SERVICES,STRONG,73.0,17.0,CAUTION,3.5,5.0,NORMAL,LATE_CYCLE,False,2,3,EXPIRED,True,-3.71,9.0429,6.03,HOLD,,False,,A,10.5,4,False,186.95,174.62,190.69,Below 200DMA — enter on recovery above 200DMA,7,2026-06-18,12.4,False,False,False,False,,0,True,True,False,False,False,False,48.3,6,89.0
WABAG,VA TECH WABAG,WATCHLIST_CONFIRMED,73.0,16.0,CAUTION,3.5,3.0,NORMAL,TOPPING,False,2,2,FRESH,True,29.32,60.2572,4.09,PARTIAL_EXIT,EXTENDED: 8.6× ATR above 200DMA,False,,A,13.22,2,False,1365.98,1645.99,1736.37,Extended — wait for ATR pullback,7,2026-06-18,13.8,False,False,False,True,DRAWDOWN_RISK(vel=-8.0),0,False,False,False,False,False,False,48.3,6,89.0
CLSEL,CHAMANLAL SETIA,WATCHLIST_CONFIRMED,73.0,20.0,CAUTION,3.5,3.0,NORMAL,CORRECTION,False,1,2,EXPIRED,True,11.4,12.6179,5.11,HOLD,,False,,A,22.58,3,False,266.03,258.05,279.33,Near 200DMA — ideal dip entry zone,7,2026-06-18,14.03,False,False,False,True,DRAWDOWN_RISK(vel=-8.0),0,True,True,False,False,False,False,48.3,6,89.0
CYBERTECH,CYBERTECH SYS.,STRONG,73.0,20.0,CAUTION,3.5,5.0,NORMAL,BASING,False,2,2,AGING,True,7.95,7.0029,5.54,HOLD,,False,,A,48.36,4,False,140.55,136.33,147.58,Near 200DMA — ideal dip entry zone,7,2026-06-18,14.11,False,False,False,False,,0,True,True,False,False,False,False,48.3,6,89.0
IRISDOREME,IRIS CLOTHINGS,STRONG,73.0,20.0,CAUTION,3.5,5.0,NORMAL,LATE_CYCLE,False,2,3,EXPIRED,True,15.13,1.9221,5.96,HOLD,,False,,A,12.0,3,False,33.61,34.85,37.73,Extended — wait for ATR pullback,7,2026-06-18,15.95,False,False,False,False,,0,False,False,False,False,False,False,48.3,6,89.0
HBLENGINE,HBL ENGINEERING,STRONG,73.0,20.0,CAUTION,3.5,5.0,NORMAL,TOPPING,False,2,2,AGING,True,-2.41,28.1607,4.25,HOLD,,False,,A,13.5,4,False,815.65,772.07,831.96,Below 200DMA — enter on recovery above 200DMA,7,2026-06-18,18.68,False,False,False,False,,0,True,True,False,False,False,False,48.3,6,89.0
HINDZINC,HINDUSTAN ZINC,STRONG,73.0,20.0,CAUTION,3.5,5.0,NORMAL,TOPPING,False,1,1,EXPIRED,False,4.56,19.0286,3.99,HOLD,,False,,A,31.35,4,False,547.57,531.14,574.95,Near 200DMA — ideal dip entry zone,7,2026-06-18,77.69,False,False,False,False,,0,False,False,False,False,False,False,48.3,6,89.0
PREMEXPLN,PREM. EXPLOSIVES,WATCHLIST_CONFIRMED,72.0,16.0,CAUTION,3.5,3.0,NORMAL,TOPPING,False,2,2,FRESH,True,40.61,46.7786,7.33,PARTIAL_EXIT,PROFIT_ZONE: +41% above 200DMA | EXTENDED: 6.6× ATR above 200DMA,False,,A,11.13,2,False,544.73,672.39,742.56,Extended — wait for ATR pullback,7,2026-06-18,11.67,True,False,False,False,LOW_ROE(11.7%),0,False,False,False,False,False,False,48.3,6,89.0
PRECWIRE,PREC. WIRES (I),STRONG,72.0,20.0,CAUTION,3.5,5.0,NORMAL,TOPPING,False,1,2,EXPIRED,True,52.56,21.8714,6.12,EXIT,PROFIT_ZONE: +53% above 200DMA | EXTENDED: 10.3× ATR above 200DMA,False,,A,15.78,5,False,281.13,385.16,417.96,Extended — wait for ATR pullback,7,2026-06-18,15.63,False,False,False,False,,0,False,False,False,False,False,False,48.3,6,89.0
JGCHEM,J.G.CHEMICALS,WATCHLIST_CONFIRMED,72.0,16.0,CAUTION,3.5,3.0,NORMAL,TOPPING,False,2,2,FRESH,True,8.95,21.0714,5.95,EXIT,DETERIORATING (vel=-13.0 forensic=-3 regime=CAUTION),False,,A,12.95,2,False,390.23,378.52,409.74,Near 200DMA — ideal dip entry zone,7,2026-06-18,13.77,False,False,False,True,DRAWDOWN_RISK(vel=-13.0),0,True,True,False,False,False,False,48.3,6,89.0
NIVABUPA,NIVA BUPA HEALTH,WATCHLIST_EXTERNAL,72.0,4.0,CAUTION,3.5,1.5,NORMAL,TOPPING,False,1,2,EXPIRED,True,9.05,2.4457,3.46,HOLD,,False,,,0.0,2,False,77.67,75.34,81.55,Near 200DMA — ideal dip entry zone,7,2026-06-18,7.96,True,False,False,True,LOW_ROE(8.0%) | DRAWDOWN_RISK(vel=-26.0),0,True,True,False,False,False,False,48.3,6,89.0
NAM-INDIA,NIPPON LIFE IND.,STRONG,72.0,20.0,CAUTION,3.5,5.0,NORMAL,LATE_CYCLE,False,2,3,EXPIRED,True,26.2,43.8643,4.56,PARTIAL_EXIT,EXTENDED: 6.9× ATR above 200DMA,False,,A,34.41,5,False,914.2,1065.97,1131.77,Extended — wait for ATR pullback,7,2026-06-18,30.53,False,False,True,False,,0,True,True,False,False,False,False,48.3,6,89.0
NAVINFLUOR,NAVIN FLUO.INTL.,WATCHLIST_CONFIRMED,72.0,11.0,CAUTION,3.5,3.0,NORMAL,TOPPING,False,2,2,FRESH,True,23.05,223.1261,3.65,PARTIAL_EXIT,EXTENDED: 7.6× ATR above 200DMA,False,,A,12.71,3,False,5968.19,6897.75,7232.44,Extended — wait for ATR pullback,7,2026-06-18,10.99,True,False,False,True,LOW_ROE(11.0%) | DRAWDOWN_RISK(vel=-8.0),0,False,False,False,False,False,False,48.3,6,89.0
INNOVACAP,INNOVA CAPTAB,STRONG,72.0,16.0,CAUTION,3.5,5.0,NORMAL,LATE_CYCLE,False,2,3,EXPIRED,True,21.81,38.6286,4.96,PARTIAL_EXIT,EXTENDED: 5.3× ATR above 200DMA,False,,A,13.0,4,False,767.48,857.64,915.59,Extended — wait for ATR pullback,7,2026-06-18,13.37,False,False,False,False,,0,False,False,False,False,False,False,48.3,6,89.0
TALBROAUTO,TALBROS AUTO.,STRONG,72.0,20.0,CAUTION,3.5,5.0,NORMAL,LATE_CYCLE,False,3,3,FRESH,True,25.1,18.5429,6.21,PARTIAL_EXIT,EXTENDED: 4.9× ATR above 200DMA,False,,A,14.89,5,False,286.49,321.31,349.13,Extended — wait for ATR pullback,7,2026-06-18,14.93,False,False,False,False,,0,False,False,False,False,False,False,48.3,6,89.0
AEGISLOG,AEGIS LOGISTICS,STRONG,72.0,13.0,CAUTION,3.5,5.0,NORMAL,LATE_CYCLE,False,3,3,FRESH,True,38.42,48.7714,5.81,PARTIAL_EXIT,EXTENDED: 7.9× ATR above 200DMA,False,,A,21.67,6,False,727.48,909.41,982.56,Extended — wait for ATR pullback,7,2026-06-18,14.33,False,False,False,False,,0,False,False,False,False,False,False,48.3,6,89.0
NORTHARC,NORTHERN ARC,WATCHLIST_CONFIRMED,72.0,0.0,CAUTION,3.5,3.0,NORMAL,LATE_CYCLE,False,2,3,EXPIRED,True,13.55,13.6179,5.53,EXIT,DETERIORATING (vel=-20.0 forensic=-4 regime=CAUTION),False,,,0.0,2,False,260.4,252.59,273.42,Near 200DMA — ideal dip entry zone,7,2026-06-18,8.87,False,False,False,True,DRAWDOWN_RISK(vel=-20.0),0,False,False,False,False,False,False,48.3,6,89.0
UNITDSPR,UNITED SPIRITS,STRONG,72.0,20.0,CAUTION,3.5,5.0,NORMAL,CORRECTION,False,2,2,FRESH,True,-2.77,26.6,2.44,HOLD,,False,,A,21.14,3,False,1345.32,1268.76,1372.23,Below 200DMA — enter on recovery above 200DMA,7,2026-06-18,19.52,False,False,False,False,,0,True,True,False,False,False,False,48.3,6,89.0
STYL,SESHAASAI TECH.,STRONG,72.0,20.0,CAUTION,3.5,5.0,NORMAL,LATE_CYCLE,False,3,3,FRESH,True,2.1,13.3471,5.49,HOLD,,False,,A,12.0,5,False,285.57,277.0,299.85,Near 200DMA — ideal dip entry zone,7,2026-06-18,34.84,False,False,False,False,,0,False,False,False,False,False,False,48.3,6,89.0
VIMTALABS,VIMTA LABS,STRONG,72.0,20.0,CAUTION,3.5,5.0,NORMAL,LATE_CYCLE,False,2,3,EXPIRED,True,-3.64,27.8401,6.17,HOLD,,False,,A,14.32,4,False,562.34,525.59,573.59,Below 200DMA — enter on recovery above 200DMA,7,2026-06-18,17.78,False,False,False,False,,0,True,True,False,False,False,False,48.3,6,89.0
SGFIN,SG FINSERVE,WATCHLIST_CONFIRMED,72.0,3.0,CAUTION,3.5,3.0,NORMAL,LATE_CYCLE,False,3,3,AGING,True,34.57,27.4036,5.66,PARTIAL_EXIT,EXTENDED: 7.3× ATR above 200DMA,False,,,0.0,2,False,431.84,526.29,567.4,Extended — wait for ATR pullback,7,2026-06-18,7.98,True,False,False,True,LOW_ROE(8.0%) | DRAWDOWN_RISK(vel=-22.0),0,False,False,False,False,False,False,48.3,6,89.0
AUBANK,AU SMALL FINANCE,WATCHLIST_CONFIRMED,71.0,3.0,CAUTION,3.5,3.0,NORMAL,LATE_CYCLE,False,3,3,FRESH,True,10.65,29.9214,3.52,HOLD,,False,,,0.0,5,False,922.62,894.94,968.75,Near 200DMA — ideal dip entry zone,7,2026-06-18,12.27,False,True,False,True,HIGH_PE(30x vs ind 12x) | DRAWDOWN_RISK(vel=-13.0),0,False,False,False,False,False,False,48.3,6,89.0
MONARCH,MONARCH NETWORTH,WATCHLIST_CONFIRMED,71.0,19.0,CAUTION,3.5,3.0,NORMAL,LATE_CYCLE,False,2,3,EXPIRED,True,13.33,12.6286,4.4,HOLD,,False,,A,15.22,3,False,303.93,294.81,319.13,Near 200DMA — ideal dip entry zone,7,2026-06-18,18.73,False,False,False,False,,0,True,True,False,False,False,False,48.3,6,89.0
OLECTRA,OLECTRA GREENTEC,STRONG,71.0,19.0,CAUTION,3.5,5.0,NORMAL,BASING,False,2,2,FRESH,True,7.84,66.1214,5.86,HOLD,,False,,A,11.87,4,False,1256.44,1218.75,1319.26,Near 200DMA — ideal dip entry zone,7,2026-06-18,13.24,False,False,False,False,,0,False,False,False,False,False,False,48.3,6,89.0
NETWEB,NETWEB TECHNOL.,WATCHLIST_CONFIRMED,71.0,19.0,CAUTION,3.5,3.0,NORMAL,CORRECTION,False,2,2,FRESH,True,39.45,319.3144,7.8,PARTIAL_EXIT,EXTENDED: 6.1× ATR above 200DMA,False,,A,12.25,2,False,3522.04,4272.87,4751.84,Extended — wait for ATR pullback,7,2026-06-18,21.59,False,True,False,False,HIGH_PE(139x vs ind 23x),0,True,True,False,False,False,False,48.3,6,89.0
RADHIKAJWE,RADHIKA JEWELTEC,WATCHLIST_CONFIRMED,71.0,19.0,CAUTION,3.5,3.0,NORMAL,LATE_CYCLE,False,1,2,EXPIRED,False,-21.61,2.3579,4.92,HOLD,,False,,B,49.7,2,False,73.34,55.77,74.81,Below 200DMA — enter on recovery above 200DMA,7,2026-06-18,18.63,False,False,False,False,,0,False,False,False,False,False,False,48.3,6,89.0
MANCREDIT,MANGAL CREDIT,WATCHLIST_CONFIRMED,71.0,0.0,CAUTION,3.5,3.0,NORMAL,LATE_CYCLE,False,2,3,EXPIRED,True,20.84,11.1171,6.27,PARTIAL_EXIT,EXTENDED: 4.0× ATR above 200DMA,False,,A,6.39,2,False,176.05,190.52,207.19,Extended — wait for ATR pullback,7,2026-06-18,9.29,False,False,False,True,DRAWDOWN_RISK(vel=-27.0),0,False,False,False,False,False,False,48.3,6,89.0
SUNPHARMA,SUN PHARMA.INDS.,STRONG,71.0,20.0,CAUTION,3.5,5.0,NORMAL,LATE_CYCLE,False,2,3,EXPIRED,True,5.71,29.9857,1.98,HOLD,,False,,A,21.02,4,False,1721.99,1670.33,1808.09,Near 200DMA — ideal dip entry zone,7,2026-06-18,15.13,False,False,False,False,,0,True,True,False,False,False,False,48.3,6,89.0
VMM,VISHAL MEGA MART,WATCHLIST_CONFIRMED,71.0,15.0,CAUTION,3.5,3.0,NORMAL,TOPPING,False,1,1,EXPIRED,False,-8.25,3.3471,3.38,HOLD,,False,,A,9.5,1,False,129.44,115.21,132.03,Below 200DMA — enter on recovery above 200DMA,7,2026-06-18,9.87,True,False,False,True,LOW_ROE(9.9%) | DRAWDOWN_RISK(vel=-8.0),0,False,False,False,False,False,False,48.3,6,89.0
SHRINGARMS,SHRINGAR HOUSE,WATCHLIST_CONFIRMED,71.0,19.0,CAUTION,3.5,3.0,NORMAL,LATE_CYCLE,False,2,3,EXPIRED,True,0.82,5.8457,3.27,HOLD,,False,,A,11.5,3,False,212.47,206.1,223.09,Near 200DMA — ideal dip entry zone,7,2026-06-18,30.43,False,False,False,False,,0,False,False,False,False,False,False,48.3,6,89.0
SHRIRAMFIN,SHRIRAM FINANCE,WATCHLIST_CONFIRMED,71.0,1.0,CAUTION,3.5,3.0,NORMAL,LATE_CYCLE,False,3,3,FRESH,True,14.09,29.2464,3.48,EXIT,DETERIORATING (vel=-19.0 forensic=-3 regime=CAUTION),False,,A,13.34,4,False,883.04,856.55,927.19,Near 200DMA — ideal dip entry zone,7,2026-06-18,16.92,False,False,False,True,DRAWDOWN_RISK(vel=-19.0),0,False,False,False,False,False,False,48.3,6,89.0
CREDITACC,CREDITACC. GRAM.,WATCHLIST_CONFIRMED,71.0,0.0,CAUTION,3.5,3.0,NORMAL,LATE_CYCLE,False,2,3,EXPIRED,True,9.65,41.5357,3.47,EXIT,DETERIORATING (vel=-17.0 forensic=-4 regime=CAUTION),False,,,0.0,1,False,1308.56,1269.3,1373.99,Near 200DMA — ideal dip entry zone,7,2026-06-18,7.64,True,False,False,True,LOW_ROE(7.6%) | DRAWDOWN_RISK(vel=-17.0),0,False,False,False,False,False,False,48.3,6,89.0
BFUTILITIE,BF UTILITIES,STRONG,71.0,15.0,CAUTION,3.5,5.0,NORMAL,BASING,False,1,2,EXPIRED,True,3.38,40.1893,7.57,HOLD,,False,,A,9.5,4,False,616.61,598.11,647.44,Near 200DMA — ideal dip entry zone,7,2026-06-18,72.69,False,False,False,False,,0,False,False,False,False,False,False,48.3,6,89.0
BHARATWIRE,BHARAT WIRE,STRONG,71.0,18.0,CAUTION,3.5,5.0,NORMAL,TOPPING,False,1,1,FRESH,False,14.94,11.0136,6.19,HOLD,,False,,A,11.0,2,False,185.7,180.13,194.98,Near 200DMA — ideal dip entry zone,7,2026-06-18,20.47,False,False,False,False,,0,False,False,False,False,False,False,48.3,6,89.0
DREAMFOLKS,DREAMFOLKS SERVI,WATCHLIST_CONFIRMED,71.0,20.0,CAUTION,3.5,3.0,RESTRICTED,BASING,False,1,1,EXPIRED,False,-27.52,3.4014,5.64,HOLD,,False,,A,12.0,3,False,99.91,70.25,101.91,Below 200DMA — enter on recovery above 200DMA,7,2026-06-18,21.74,False,False,False,False,,0,True,True,False,False,False,False,48.3,6,89.0
ACCENTMIC,ACCENT MICROCELL,STRONG,71.0,20.0,CAUTION,3.5,5.0,NORMAL,LATE_CYCLE,False,1,2,EXPIRED,False,26.03,16.05,4.42,PARTIAL_EXIT,EXTENDED: 7.1× ATR above 200DMA,False,,A,12.0,4,False,345.4,403.2,427.28,Extended — wait for ATR pullback,7,2026-06-18,16.97,False,False,False,False,,0,False,False,False,False,False,False,48.3,6,89.0
BAJAJ-AUTO,BAJAJ AUTO,WATCHLIST_CONFIRMED,71.0,19.0,CAUTION,3.5,3.0,NORMAL,BASING,False,2,2,FRESH,True,7.91,210.4643,2.52,HOLD,,False,,A,34.81,4,False,9305.88,9026.7,9771.17,Near 200DMA — ideal dip entry zone,7,2026-06-18,20.82,False,False,False,False,,0,False,False,False,False,False,False,48.3,6,89.0
AVANTIFEED,AVANTI FEEDS,WATCHLIST_CONFIRMED,71.0,20.0,CAUTION,3.5,3.0,NORMAL,CORRECTION,False,1,1,EXPIRED,False,-0.29,55.6143,6.78,EXIT,DETERIORATING (vel=-7.0 forensic=-1 regime=CAUTION),False,,A,19.44,1,False,986.42,954.09,1006.15,Below 200DMA — enter on recovery above 200DMA,7,2026-06-18,18.88,False,False,False,True,DRAWDOWN_RISK(vel=-7.0),0,True,True,False,False,False,False,48.3,6,89.0
AWL,AWL AGRI BUSINE.,WATCHLIST_CONFIRMED,71.0,20.0,CAUTION,3.5,3.0,NORMAL,CORRECTION,False,1,1,FRESH,False,-13.69,5.2164,3.23,HOLD,,False,,A,12.0,2,False,224.3,187.78,228.79,Below 200DMA — enter on recovery above 200DMA,7,2026-06-18,13.01,False,False,False,True,DRAWDOWN_RISK(vel=-8.0),0,False,False,False,False,False,False,48.3,6,89.0
INDUSTOWER,INDUS TOWERS,WATCHLIST_CONFIRMED,71.0,20.0,CAUTION,3.5,3.0,NORMAL,CORRECTION,False,1,1,FRESH,False,1.29,10.5536,3.06,HOLD,,False,,A,12.0,2,False,408.57,396.31,429.0,Near 200DMA — ideal dip entry zone,7,2026-06-18,20.31,False,False,False,True,DRAWDOWN_RISK(vel=-12.0),0,False,False,False,False,False,False,48.3,6,89.0
IXIGO,LE TRAVENUES,STRONG,71.0,16.0,CAUTION,3.5,5.0,NORMAL,LATE_CYCLE,False,3,3,FRESH,True,-13.68,7.9629,4.91,HOLD,,False,,B,49.7,3,False,225.57,188.87,230.08,Below 200DMA — enter on recovery above 200DMA,7,2026-06-18,9.5,True,True,False,False,LOW_ROE(9.5%) | HIGH_PE(119x vs ind 30x),0,True,True,False,False,False,False,48.3,6,89.0
JSLL,JEENA SIKHO,STRONG,71.0,20.0,CAUTION,3.5,5.0,NORMAL,LATE_CYCLE,False,1,2,EXPIRED,False,-17.35,58.5143,12.24,HOLD,,False,,A,13.8,3,False,694.28,556.63,708.17,Below 200DMA — enter on recovery above 200DMA,7,2026-06-18,33.23,False,False,False,False,,0,False,False,False,False,False,False,48.3,6,89.0
FIVESTAR,FIVE-STAR BUS.FI,WATCHLIST_CONFIRMED,71.0,5.0,CAUTION,3.5,3.0,NORMAL,LATE_CYCLE,False,3,3,FRESH,True,-2.64,20.1321,4.98,EXIT,DETERIORATING (vel=-19.0 forensic=-3 regime=CAUTION),False,,A,10.14,3,False,498.72,470.98,508.69,Below 200DMA — enter on recovery above 200DMA,7,2026-06-18,17.01,False,False,False,True,DRAWDOWN_RISK(vel=-19.0),0,False,False,False,False,False,False,48.3,6,89.0
GARUDA,GARUDA CONS,WATCHLIST_CONFIRMED,71.0,17.0,CAUTION,3.5,3.0,NORMAL,TOPPING,False,1,1,EXPIRED,False,-8.6,5.4243,3.8,HOLD,,False,,A,10.66,1,False,187.22,165.98,190.96,Below 200DMA — enter on recovery above 200DMA,7,2026-06-18,15.01,False,False,False,True,DRAWDOWN_RISK(vel=-6.0),0,True,True,False,False,False,False,48.3,6,89.0
SCI,S C I,WATCHLIST_CONFIRMED,70.0,8.0,CAUTION,3.5,3.0,NORMAL,LATE_CYCLE,False,3,3,FRESH,True,25.32,13.3429,5.15,PARTIAL_EXIT,EXTENDED: 5.9× ATR above 200DMA,False,,A,46.63,4,False,247.88,283.96,303.98,Extended — wait for ATR pullback,7,2026-06-18,10.15,True,False,False,True,LOW_ROE(10.2%) | DRAWDOWN_RISK(vel=-8.0),0,False,False,False,False,False,False,48.3,6,89.0
PARACABLES,PARAMOUNT COMM.,STRONG,70.0,17.0,CAUTION,3.5,5.0,NORMAL,TOPPING,False,1,2,EXPIRED,True,55.84,5.0814,9.23,EXIT,PROFIT_ZONE: +56% above 200DMA | EXTENDED: 7.3× ATR above 200DMA,False,,A,10.5,5,False,42.4,55.91,63.53,Extended — wait for ATR pullback,7,2026-06-18,12.13,False,False,False,False,,0,False,False,False,False,False,False,48.3,6,89.0
POWERMECH,POWER MECH PROJ.,WATCHLIST_CONFIRMED,70.0,20.0,CAUTION,3.5,3.0,NORMAL,TOPPING,False,1,2,EXPIRED,True,17.95,113.0714,4.77,HOLD,,False,,A,12.63,3,False,2410.41,2616.86,2786.46,Extended — wait for ATR pullback,7,2026-06-18,15.12,False,False,False,False,,0,False,False,False,False,False,False,48.3,6,89.0
GRSE,GARDEN REACH SH.,STRONG,70.0,20.0,CAUTION,3.5,5.0,NORMAL,TOPPING,False,1,2,EXPIRED,True,10.48,88.75,3.78,HOLD,,False,,A,18.5,4,False,2551.13,2474.6,2678.69,Near 200DMA — ideal dip entry zone,7,2026-06-18,25.36,False,False,False,False,,0,True,True,False,False,False,False,48.3,6,89.0
VISHNU,VISHNU CHEMICALS,WATCHLIST_CONFIRMED,70.0,17.0,CAUTION,3.5,3.0,NORMAL,TOPPING,False,2,2,FRESH,True,14.84,26.4964,5.28,HOLD,,False,,A,11.09,3,False,524.64,508.9,550.87,Near 200DMA — ideal dip entry zone,7,2026-06-18,13.67,False,False,False,True,DRAWDOWN_RISK(vel=-14.0),0,False,False,False,False,False,False,48.3,6,89.0
KRN,KRN HEAT EXCHAN,WATCHLIST_CONFIRMED,70.0,13.0,CAUTION,3.5,3.0,NORMAL,TOPPING,False,1,2,EXPIRED,True,35.97,63.9071,6.26,PARTIAL_EXIT,EXTENDED: 6.9× ATR above 200DMA,False,,A,8.5,3,False,900.37,1096.39,1192.25,Extended — wait for ATR pullback,7,2026-06-18,10.6,True,True,False,False,LOW_ROE(10.6%) | HIGH_PE(83x vs ind 23x),0,True,True,False,False,False,False,48.3,6,89.0
POLYMED,POLY MEDICURE,STRONG,70.0,16.0,CAUTION,3.5,5.0,NORMAL,LATE_CYCLE,False,3,3,FRESH,True,-7.3,60.55,4.73,HOLD,,False,,A,12.75,5,False,1658.61,1491.47,1691.78,Below 200DMA — enter on recovery above 200DMA,7,2026-06-18,12.24,False,False,False,False,,0,True,True,False,False,False,False,48.3,6,89.0
MBEL,M & B ENGINEER.,WATCHLIST_CONFIRMED,70.0,20.0,CAUTION,3.5,3.0,NORMAL,TOPPING,False,1,1,FRESH,False,-13.76,12.4821,4.89,HOLD,,False,,B,49.0,2,False,354.96,296.92,362.06,Below 200DMA — enter on recovery above 200DMA,7,2026-06-18,25.13,False,False,False,True,DRAWDOWN_RISK(vel=-6.0),0,False,False,False,False,False,False,48.3,6,89.0
NAVNETEDUL,NAVNEET EDUCAT.,STRONG,70.0,20.0,CAUTION,3.5,5.0,NORMAL,LATE_CYCLE,False,2,2,FRESH,False,-3.54,4.5115,3.86,HOLD,,False,,A,35.36,3,False,145.27,135.93,148.18,Below 200DMA — enter on recovery above 200DMA,7,2026-06-18,41.34,False,False,False,False,,0,True,True,False,False,False,False,48.3,6,89.0
SWARAJ,SWARAJ SUITING,WATCHLIST_CONFIRMED,70.0,14.0,CAUTION,3.5,3.0,NORMAL,LATE_CYCLE,False,1,2,EXPIRED,False,0.13,13.3321,6.53,HOLD,,False,,A,9.0,2,False,244.57,237.23,256.8,Near 200DMA — ideal dip entry zone,7,2026-06-18,21.79,False,False,False,True,DRAWDOWN_RISK(vel=-5.0),0,False,False,False,False,False,False,48.3,6,89.0
WAAREERTL,WAAREE RENEWAB.,STRONG,70.0,20.0,CAUTION,3.5,5.0,NORMAL,TOPPING,False,1,1,AGING,False,-2.45,28.3143,3.5,HOLD,,False,,A,12.0,3,False,996.13,942.55,1016.05,Below 200DMA — enter on recovery above 200DMA,7,2026-06-18,50.32,False,False,False,False,,0,False,False,False,False,False,False,48.3,6,89.0
RPPINFRA,RPP INFRA PROJ.,WATCHLIST_CONFIRMED,70.0,16.0,CAUTION,3.5,3.0,RESTRICTED,TOPPING,False,1,1,EXPIRED,False,-32.43,3.965,7.36,HOLD,,False,,B,49.0,2,False,95.66,62.7,97.57,Below 200DMA — enter on recovery above 200DMA,7,2026-06-18,12.32,False,False,False,True,DRAWDOWN_RISK(vel=-6.0),0,False,False,False,False,False,False,48.3,6,89.0
SIGNPOST,SIGNPOST INDIA,STRONG,70.0,16.0,CAUTION,3.5,5.0,NORMAL,TOPPING,False,1,1,FRESH,False,5.11,16.3179,7.56,HOLD,,False,,A,12.13,3,False,246.26,238.87,258.57,Near 200DMA — ideal dip entry zone,7,2026-06-18,15.36,False,False,False,False,,0,False,False,False,False,False,False,48.3,6,89.0
CMSINFO,CMS INFO SYSTEMS,STRONG,70.0,20.0,CAUTION,3.5,5.0,NORMAL,LATE_CYCLE,False,2,2,FRESH,False,-11.57,8.1857,3.33,HOLD,,False,,B,49.0,3,False,333.56,286.1,340.23,Below 200DMA — enter on recovery above 200DMA,7,2026-06-18,16.43,False,False,False,False,,0,True,True,False,False,False,False,48.3,6,89.0
COALINDIA,COAL INDIA,STRONG,70.0,19.0,CAUTION,3.5,5.0,NORMAL,TOPPING,False,1,1,AGING,False,9.92,12.5536,3.31,HOLD,,False,,A,67.91,3,False,414.64,402.2,435.37,Near 200DMA — ideal dip entry zone,7,2026-06-18,35.68,False,False,False,True,DRAWDOWN_RISK(vel=-9.0),0,False,False,False,False,False,False,48.3,6,89.0
CRIZAC,CRIZAC,WATCHLIST_CONFIRMED,70.0,20.0,CAUTION,3.5,3.0,NORMAL,TOPPING,False,1,2,EXPIRED,True,-14.18,9.0029,4.96,HOLD,,False,,A,12.0,3,False,253.57,211.09,258.64,Below 200DMA — enter on recovery above 200DMA,7,2026-06-18,30.27,False,False,False,False,,0,True,True,False,False,False,False,48.3,6,89.0
CCAVENUE,AVENUESAI,STRONG,70.0,11.0,CAUTION,3.5,5.0,NORMAL,LATE_CYCLE,False,2,3,EXPIRED,True,-12.1,0.4071,3.42,HOLD,,False,,A,7.5,3,False,16.25,13.85,16.57,Below 200DMA — enter on recovery above 200DMA,7,2026-06-18,6.04,True,False,False,False,LOW_ROE(6.0%),0,True,True,False,False,False,False,48.3,6,89.0
EMSLIMITED,EMS,WATCHLIST_CONFIRMED,70.0,19.0,CAUTION,3.5,3.0,NORMAL,TOPPING,False,1,2,EXPIRED,True,-15.28,18.0393,6.33,EXIT,DETERIORATING (vel=-12.0 forensic=-3 regime=CAUTION),False,,B,49.0,2,False,403.5,331.59,411.57,Below 200DMA — enter on recovery above 200DMA,7,2026-06-18,18.81,False,False,False,True,DRAWDOWN_RISK(vel=-12.0),0,False,False,False,False,False,False,48.3,6,89.0
ARVIND,ARVIND LTD,WATCHLIST_CONFIRMED,70.0,16.0,CAUTION,3.5,3.0,NORMAL,LATE_CYCLE,False,3,3,FRESH,True,39.7,20.4357,4.92,PARTIAL_EXIT,EXTENDED: 9.7× ATR above 200DMA,False,,A,20.38,4,False,356.48,457.13,487.78,Extended — wait for ATR pullback,7,2026-06-18,9.34,True,False,False,False,LOW_ROE(9.3%),0,False,False,False,False,False,False,48.3,6,89.0
ADVAIT,ADVAIT ENERGY,STRONG,70.0,20.0,CAUTION,3.5,5.0,NORMAL,TOPPING,False,2,2,FRESH,True,31.88,132.3,6.58,PARTIAL_EXIT,EXTENDED: 5.8× ATR above 200DMA,False,,A,12.0,5,False,1829.23,2147.8,2346.25,Extended — wait for ATR pullback,7,2026-06-18,15.29,False,False,False,False,,0,False,False,False,False,False,False,48.3,6,89.0
AVL,ADITYA VISION,WATCHLIST_CONFIRMED,70.0,19.0,CAUTION,3.5,3.0,NORMAL,TOPPING,False,1,2,EXPIRED,True,17.83,26.4107,5.22,HOLD,,False,,A,13.91,2,False,515.55,554.68,594.29,Extended — wait for ATR pullback,7,2026-06-18,18.08,False,False,False,False,,0,False,False,False,False,False,False,48.3,6,89.0
HERITGFOOD,HERITAGE FOODS,WATCHLIST_CONFIRMED,70.0,20.0,CAUTION,3.5,3.0,NORMAL,CORRECTION,False,1,1,FRESH,False,-19.52,8.6071,3.15,HOLD,,False,,A,20.01,2,False,407.36,318.01,415.51,Below 200DMA — enter on recovery above 200DMA,7,2026-06-18,19.37,False,False,False,True,DRAWDOWN_RISK(vel=-7.0),0,False,False,False,False,False,False,48.3,6,89.0
SBCL,SHIVALIK BIMETAL,WATCHLIST_CONFIRMED,69.0,20.0,CAUTION,3.5,3.0,NORMAL,TOPPING,False,2,2,FRESH,True,44.31,36.1964,5.96,PARTIAL_EXIT,PROFIT_ZONE: +44% above 200DMA | EXTENDED: 8.9× ATR above 200DMA,False,,A,18.59,5,False,505.24,656.71,711.0,Extended — wait for ATR pullback,7,2026-06-18,19.0,False,False,False,False,,0,False,False,False,False,False,False,48.3,6,89.0
PRIVISCL,PRIVI SPECI.,WATCHLIST_CONFIRMED,69.0,20.0,CAUTION,3.5,3.0,NORMAL,TOPPING,False,2,2,FRESH,True,19.01,107.4,3.7,HOLD,,False,,A,13.71,3,False,2925.35,3266.7,3427.8,Extended — wait for ATR pullback,7,2026-06-18,16.95,False,False,False,True,DRAWDOWN_RISK(vel=-8.0),0,False,False,False,False,False,False,48.3,6,89.0
LT,LARSEN & TOUBRO,WATCHLIST_CONFIRMED,69.0,14.0,CAUTION,3.5,3.0,NORMAL,TOPPING,False,2,2,FRESH,True,8.36,87.8714,2.51,HOLD,,False,,A,18.89,3,False,3883.1,3766.61,4077.26,Near 200DMA — ideal dip entry zone,7,2026-06-18,15.4,False,False,False,False,,0,False,False,False,False,False,False,48.3,6,89.0
STEELCAS,STEELCAST,WATCHLIST_CONFIRMED,69.0,20.0,CAUTION,3.5,3.0,NORMAL,TOPPING,False,2,2,FRESH,True,26.06,14.3143,5.81,PARTIAL_EXIT,EXTENDED: 5.4× ATR above 200DMA,False,,A,18.95,3,False,234.6,267.12,288.59,Extended — wait for ATR pullback,7,2026-06-18,22.16,False,False,False,False,,0,False,False,False,False,False,False,48.3,6,89.0
SJS,SJS ENTERPRISES,WATCHLIST_CONFIRMED,69.0,20.0,CAUTION,3.5,3.0,NORMAL,LATE_CYCLE,False,3,3,FRESH,True,28.93,91.5286,5.01,PARTIAL_EXIT,EXTENDED: 6.9× ATR above 200DMA,False,,A,13.58,5,False,1701.34,2010.44,2147.74,Extended — wait for ATR pullback,7,2026-06-18,17.4,False,False,False,False,,0,True,True,False,False,False,False,48.3,6,89.0
GRWRHITECH,GARWARE HI TECH,WATCHLIST_CONFIRMED,69.0,20.0,CAUTION,3.5,3.0,NORMAL,TOPPING,False,2,2,FRESH,True,67.34,305.0571,5.64,EXIT,PROFIT_ZONE: +67% above 200DMA | EXTENDED: 14.3× ATR above 200DMA,False,,A,15.25,5,False,3875.64,5875.39,6332.97,Extended — wait for ATR pullback,7,2026-06-18,13.96,False,False,False,False,,0,True,True,False,False,False,False,48.3,6,89.0
QPOWER,QUALITY POWER EL,WATCHLIST_CONFIRMED,69.0,20.0,CAUTION,3.5,3.0,NORMAL,TOPPING,False,1,2,EXPIRED,True,35.49,60.1,5.78,PARTIAL_EXIT,EXTENDED: 7.4× ATR above 200DMA,False,,A,13.19,4,False,920.83,1127.4,1217.55,Extended — wait for ATR pullback,7,2026-06-18,15.59,False,False,False,False,,0,True,True,False,False,False,False,48.3,6,89.0
ZYDUSLIFE,ZYDUS LIFESCI.,WATCHLIST_CONFIRMED,69.0,20.0,CAUTION,3.5,3.0,NORMAL,LATE_CYCLE,False,2,3,EXPIRED,True,11.29,26.65,3.01,HOLD,,False,,A,24.31,4,False,953.71,925.1,1001.4,Near 200DMA — ideal dip entry zone,7,2026-06-18,18.89,False,False,False,False,,0,False,False,False,False,False,False,48.3,6,89.0
AETHER,AETHER INDUSTRI.,WATCHLIST_CONFIRMED,69.0,10.0,CAUTION,3.5,3.0,NORMAL,TOPPING,False,2,2,FRESH,True,24.07,47.3357,4.82,PARTIAL_EXIT,EXTENDED: 6.0× ATR above 200DMA,False,,A,7.0,3,False,950.48,1084.63,1155.63,Extended — wait for ATR pullback,7,2026-06-18,7.12,True,True,False,False,LOW_ROE(7.1%) | HIGH_PE(69x vs ind 25x),0,True,True,False,False,False,False,48.3,6,89.0
RADIANTCMS,RADIANT CASH,WATCHLIST_CONFIRMED,69.0,20.0,CAUTION,3.5,3.0,RESTRICTED,LATE_CYCLE,False,1,2,EXPIRED,False,-14.2,1.7114,5.09,HOLD,,False,,A,80.07,3,False,47.03,39.14,47.97,Below 200DMA — enter on recovery above 200DMA,7,2026-06-18,17.03,False,False,False,False,,0,False,False,False,False,False,False,48.3,6,89.0
LUPIN,LUPIN,WATCHLIST_CONFIRMED,69.0,20.0,CAUTION,3.5,3.0,NORMAL,LATE_CYCLE,False,2,2,FRESH,False,5.56,38.1143,2.01,HOLD,,False,,A,20.17,4,False,2152.27,2087.7,2259.88,Near 200DMA — ideal dip entry zone,7,2026-06-18,19.08,False,False,False,False,,0,False,False,False,False,False,False,48.3,6,89.0
NATCOPHARM,NATCO PHARMA,WATCHLIST_CONFIRMED,69.0,20.0,CAUTION,3.5,3.0,NORMAL,LATE_CYCLE,False,1,2,EXPIRED,False,-6.33,48.5857,6.72,HOLD,,False,,A,17.2,3,False,925.69,841.09,944.2,Below 200DMA — enter on recovery above 200DMA,7,2026-06-18,24.79,False,False,False,False,,0,True,True,False,False,False,False,48.3,6,89.0
MSTCLTD,MSTC,WATCHLIST_CONFIRMED,69.0,14.0,CAUTION,3.5,3.0,NORMAL,LATE_CYCLE,False,3,3,AGING,True,44.62,44.1036,7.69,PARTIAL_EXIT,PROFIT_ZONE: +45% above 200DMA | EXTENDED: 7.0× ATR above 200DMA,False,,A,97.82,4,False,475.59,599.59,665.75,Extended — wait for ATR pullback,7,2026-06-18,55.13,False,False,False,False,,0,False,False,False,False,False,False,48.3,6,89.0
UNIONBANK,UNION BANK (I),WATCHLIST_CONFIRMED,69.0,4.0,CAUTION,3.5,3.0,NORMAL,LATE_CYCLE,False,3,3,FRESH,True,7.38,4.9286,3.4,HOLD,,False,,A,30.67,5,False,161.81,156.96,169.9,Near 200DMA — ideal dip entry zone,7,2026-06-18,15.56,False,False,False,True,DRAWDOWN_RISK(vel=-10.0),0,False,False,False,False,False,False,48.3,6,89.0
TAJGVK,TAJGVK HOTELS,WATCHLIST_CONFIRMED,69.0,20.0,CAUTION,3.5,3.0,NORMAL,LATE_CYCLE,False,2,3,EXPIRED,True,-10.56,12.35,4.45,HOLD,,False,,A,18.54,3,False,372.54,323.2,379.99,Below 200DMA — enter on recovery above 200DMA,7,2026-06-18,14.48,False,False,False,False,,0,False,False,False,False,False,False,48.3,6,89.0
SBC,SBC EXPORTS,WATCHLIST_CONFIRMED,69.0,15.0,CAUTION,3.5,3.0,NORMAL,LATE_CYCLE,False,2,3,EXPIRED,True,29.55,1.1771,3.77,PARTIAL_EXIT,EXTENDED: 9.4× ATR above 200DMA,False,,A,9.5,2,False,28.95,35.15,36.91,Extended — wait for ATR pullback,7,2026-06-18,24.04,False,True,False,False,HIGH_PE(83x vs ind 16x),0,False,False,False,False,False,False,48.3,6,89.0
SHARDAMOTR,SHARDA MOTOR,WATCHLIST_CONFIRMED,69.0,20.0,CAUTION,3.5,3.0,NORMAL,LATE_CYCLE,False,2,2,FRESH,False,-12.47,24.475,3.61,HOLD,,False,,A,32.53,2,False,929.58,789.24,948.17,Below 200DMA — enter on recovery above 200DMA,7,2026-06-18,29.66,False,False,False,False,,0,True,True,False,False,False,False,48.3,6,89.0
BEL,BHARAT ELECTRON,WATCHLIST_CONFIRMED,69.0,20.0,CAUTION,3.5,3.0,NORMAL,TOPPING,False,1,1,AGING,False,0.71,8.5786,2.45,HOLD,,False,,A,17.59,3,False,416.87,404.36,437.71,Near 200DMA — ideal dip entry zone,7,2026-06-18,26.64,False,False,False,False,,0,True,True,False,False,False,False,48.3,6,89.0
DYCL,DYNAMIC CABLES,WATCHLIST_CONFIRMED,69.0,20.0,CAUTION,3.5,3.0,NORMAL,TOPPING,False,1,1,FRESH,False,-5.21,12.8071,4.73,HOLD,,False,,A,12.92,3,False,342.64,315.06,349.49,Below 200DMA — enter on recovery above 200DMA,7,2026-06-18,17.34,False,False,False,False,,0,False,False,False,False,False,False,48.3,6,89.0
EIHOTEL,EIH,WATCHLIST_CONFIRMED,69.0,16.0,CAUTION,3.5,3.0,NORMAL,LATE_CYCLE,False,2,2,FRESH,False,-9.5,10.0071,3.81,HOLD,,False,,A,14.81,2,False,347.97,305.45,354.93,Below 200DMA — enter on recovery above 200DMA,7,2026-06-18,16.03,False,False,False,False,,0,True,True,False,False,False,False,48.3,6,89.0
BANCOINDIA,BANCO PRODUCTS,WATCHLIST_CONFIRMED,69.0,20.0,CAUTION,3.5,3.0,NORMAL,LATE_CYCLE,False,2,3,EXPIRED,True,2.38,30.8071,5.5,HOLD,,False,,A,44.5,4,False,656.27,636.58,689.08,Near 200DMA — ideal dip entry zone,7,2026-06-18,30.07,False,False,False,False,,0,False,False,False,False,False,False,48.3,6,89.0
BATAINDIA,BATA INDIA,WATCHLIST_CONFIRMED,69.0,20.0,CAUTION,3.5,3.0,NORMAL,LATE_CYCLE,False,2,2,FRESH,False,-24.77,19.3536,3.42,HOLD,,False,,B,48.3,3,False,901.94,658.14,919.98,Below 200DMA — enter on recovery above 200DMA,7,2026-06-18,20.99,False,False,False,False,,0,False,False,False,False,False,False,48.3,6,89.0
ICEMAKE,ICE MAKE REFRIG.,WATCHLIST_CONFIRMED,69.0,20.0,CAUTION,3.5,3.0,NORMAL,LATE_CYCLE,False,1,2,EXPIRED,False,-0.09,36.8393,5.84,HOLD,,False,,A,14.91,3,False,758.21,734.82,773.37,Below 200DMA — enter on recovery above 200DMA,7,2026-06-18,18.63,False,True,False,False,HIGH_PE(88x vs ind 30x),0,False,False,False,False,False,False,48.3,6,89.0
IMFA,INDIAN METALS,WATCHLIST_EXTERNAL,69.0,16.0,CAUTION,3.5,1.5,NORMAL,TOPPING,False,1,1,EXPIRED,False,11.76,67.7714,5.64,HOLD,,False,,A,21.98,2,False,1289.55,1250.86,1354.03,Near 200DMA — ideal dip entry zone,7,2026-06-18,16.13,False,False,False,True,DRAWDOWN_RISK(vel=-18.0),0,False,False,False,False,False,False,48.3,6,89.0
KFINTECH,KFIN TECHNOLOG.,WATCHLIST_CONFIRMED,69.0,20.0,CAUTION,3.5,3.0,NORMAL,LATE_CYCLE,False,2,3,EXPIRED,True,-10.37,28.1893,3.77,HOLD,,False,,A,20.21,4,False,1002.36,871.5,1022.41,Below 200DMA — enter on recovery above 200DMA,7,2026-06-18,23.63,False,False,False,False,,0,True,True,False,False,False,False,48.3,6,89.0
JAINREC,JAIN RESOURCE,WATCHLIST_CONFIRMED,69.0,20.0,CAUTION,3.5,3.0,NORMAL,CORRECTION,False,1,1,EXPIRED,False,-7.42,24.4107,7.79,HOLD,,False,,A,12.0,3,False,406.06,364.67,414.18,Below 200DMA — enter on recovery above 200DMA,7,2026-06-18,30.9,False,False,False,False,,0,False,False,False,False,False,False,48.3,6,89.0
GALLANTT,GALLANTT ISPAT L,WATCHLIST_CONFIRMED,69.0,20.0,CAUTION,3.5,3.0,NORMAL,TOPPING,False,1,1,FRESH,False,13.8,27.6322,4.65,HOLD,,False,,A,14.27,3,False,626.72,607.92,658.06,Near 200DMA — ideal dip entry zone,7,2026-06-18,14.1,False,False,False,False,,0,False,False,False,False,False,False,48.3,6,89.0
ELGIEQUIP,ELGI EQUIPMENTS,WATCHLIST_CONFIRMED,68.0,20.0,CAUTION,3.5,3.0,NORMAL,TOPPING,False,2,2,FRESH,True,19.42,23.175,4.63,HOLD,,False,,A,16.65,4,False,502.53,553.75,588.51,Extended — wait for ATR pullback,7,2026-06-18,18.77,False,False,False,False,,0,False,False,False,False,False,False,48.3,6,89.0
MBAPL,M B AGRO PROD.,WATCHLIST_CONFIRMED,68.0,18.0,CAUTION,3.5,3.0,NORMAL,LATE_CYCLE,False,2,3,EXPIRED,True,23.79,17.992,3.83,PARTIAL_EXIT,EXTENDED: 7.4× ATR above 200DMA,False,,A,12.11,3,False,455.01,527.27,554.25,Extended — wait for ATR pullback,7,2026-06-18,14.23,False,False,False,False,,0,False,False,False,False,False,False,48.3,6,89.0
DATAPATTNS,DATA PATTERN,WATCHLIST_CONFIRMED,68.0,12.0,CAUTION,3.5,3.0,NORMAL,TOPPING,False,1,2,EXPIRED,True,54.0,268.0286,6.74,EXIT,PROFIT_ZONE: +54% above 200DMA | EXTENDED: 9.6× ATR above 200DMA,False,,A,10.44,4,False,3097.12,4233.54,4635.59,Extended — wait for ATR pullback,7,2026-06-18,14.71,False,False,False,False,,0,True,True,False,False,False,False,48.3,6,89.0
LLOYDSENGG,LLOYDS ENGINEERI,WATCHLIST_CONFIRMED,68.0,18.0,CAUTION,3.5,3.0,NORMAL,LATE_CYCLE,False,2,3,EXPIRED,True,54.95,4.3921,6.01,EXIT,PROFIT_ZONE: +55% above 200DMA | EXTENDED: 11.0× ATR above 200DMA,False,,A,17.04,3,False,56.59,78.91,85.49,Extended — wait for ATR pullback,7,2026-06-18,15.92,False,False,False,False,,0,False,False,False,False,False,False,48.3,6,89.0
HAPPYFORGE,HAPPY FORGINGS,WATCHLIST_CONFIRMED,68.0,19.0,CAUTION,3.5,3.0,NORMAL,TOPPING,False,2,2,FRESH,True,24.51,52.7714,4.42,PARTIAL_EXIT,EXTENDED: 6.6× ATR above 200DMA,False,,A,13.87,4,False,1149.48,1325.66,1404.81,Extended — wait for ATR pullback,7,2026-06-18,14.46,False,False,False,False,,0,True,True,False,False,False,False,48.3,6,89.0
APARINDS,APAR INDS.,WATCHLIST_CONFIRMED,68.0,20.0,CAUTION,3.5,3.0,NORMAL,TOPPING,False,1,2,EXPIRED,True,63.69,706.8571,5.27,EXIT,PROFIT_ZONE: +64% above 200DMA | EXTENDED: 14.5× ATR above 200DMA,False,,A,17.28,5,False,9837.33,14689.29,15749.57,Extended — wait for ATR pullback,7,2026-06-18,18.24,False,False,False,False,,0,False,False,False,False,False,False,48.3,6,89.0
SHAILY,SHAILY ENGINEER.,WATCHLIST_CONFIRMED,68.0,20.0,CAUTION,3.5,3.0,NORMAL,TOPPING,False,1,2,EXPIRED,True,23.23,170.3,7.09,PARTIAL_EXIT,EXTENDED: 3.9× ATR above 200DMA,False,,A,12.83,3,False,2339.7,2542.7,2798.15,Extended — wait for ATR pullback,7,2026-06-18,17.0,False,True,False,False,HIGH_PE(70x vs ind 23x),0,False,False,False,False,False,False,48.3,6,89.0
SONACOMS,SONA BLW PRECIS.,WATCHLIST_CONFIRMED,68.0,16.0,CAUTION,3.5,3.0,NORMAL,LATE_CYCLE,False,3,3,FRESH,True,18.74,15.3214,3.06,HOLD,,False,,A,16.3,4,False,506.38,570.61,593.59,Extended — wait for ATR pullback,7,2026-06-18,10.94,True,False,False,False,LOW_ROE(10.9%),0,True,True,False,False,False,False,48.3,6,89.0
AVANTEL,AVANTEL,WATCHLIST_CONFIRMED,68.0,20.0,CAUTION,3.5,3.0,NORMAL,TOPPING,False,2,2,FRESH,True,10.32,8.0463,5.52,HOLD,,False,,A,13.54,4,False,158.45,153.7,166.37,Near 200DMA — ideal dip entry zone,7,2026-06-18,23.79,False,True,False,False,HIGH_PE(331x vs ind 59x),0,True,True,False,False,False,False,48.3,6,89.0
WELCORP,WELSPUN CORP,WATCHLIST_CONFIRMED,68.0,20.0,CAUTION,3.5,3.0,NORMAL,TOPPING,False,2,2,FRESH,True,48.24,46.8857,4.04,PARTIAL_EXIT,PROFIT_ZONE: +48% above 200DMA | EXTENDED: 14.3× ATR above 200DMA,False,,A,18.28,4,False,940.59,1300.53,1370.86,Extended — wait for ATR pullback,7,2026-06-18,25.57,False,False,False,False,,0,False,False,False,False,False,False,48.3,6,89.0
NH,NARAYANA HRUDAYA,WATCHLIST_CONFIRMED,68.0,18.0,CAUTION,3.5,3.0,NORMAL,LATE_CYCLE,False,2,2,FRESH,False,1.46,55.4786,3.61,HOLD,,False,,A,13.7,3,False,1816.56,1762.06,1907.39,Near 200DMA — ideal dip entry zone,7,2026-06-18,21.79,False,False,False,False,,0,False,False,False,False,False,False,48.3,6,89.0
PIDILITIND,PIDILITE INDS.,WATCHLIST_CONFIRMED,68.0,20.0,CAUTION,3.5,3.0,NORMAL,TOPPING,False,2,2,FRESH,True,8.08,32.7714,2.49,HOLD,,False,,A,19.43,3,False,1460.24,1416.43,1533.25,Near 200DMA — ideal dip entry zone,7,2026-06-18,21.29,False,False,False,True,DRAWDOWN_RISK(vel=-8.0),0,True,True,False,False,False,False,48.3,6,89.0
RAILTEL,RAILTEL CORPN.,WATCHLIST_CONFIRMED,68.0,19.0,CAUTION,3.5,3.0,NORMAL,CORRECTION,False,2,2,FRESH,True,-3.19,10.9857,4.07,HOLD,,False,,A,21.85,3,False,334.61,314.23,341.3,Below 200DMA — enter on recovery above 200DMA,7,2026-06-18,14.99,False,False,False,True,DRAWDOWN_RISK(vel=-8.0),0,True,True,False,False,False,False,48.3,6,89.0
PACEDIGITK,PACE DIGITEK,WATCHLIST_CONFIRMED,68.0,19.0,CAUTION,3.5,3.0,NORMAL,CORRECTION,False,1,2,EXPIRED,True,-1.39,7.9721,5.17,EXIT,DETERIORATING (vel=-10.0 forensic=-3 regime=CAUTION),False,,A,11.5,2,False,187.78,179.61,191.54,Below 200DMA — enter on recovery above 200DMA,7,2026-06-18,22.87,False,False,False,True,DRAWDOWN_RISK(vel=-10.0),0,False,False,False,False,False,False,48.3,6,89.0
VADILALIND,VADILAL INDS.,WATCHLIST_CONFIRMED,68.0,20.0,CAUTION,3.5,3.0,NORMAL,CORRECTION,False,1,2,EXPIRED,True,23.69,304.6857,5.93,PARTIAL_EXIT,EXTENDED: 4.8× ATR above 200DMA,False,,A,16.57,4,False,4987.47,5559.53,6016.56,Extended — wait for ATR pullback,7,2026-06-18,21.62,False,False,False,False,,0,False,False,False,False,False,False,48.3,6,89.0
VBL,VARUN BEVERAGES,WATCHLIST_CONFIRMED,68.0,19.0,CAUTION,3.5,3.0,NORMAL,CORRECTION,False,2,2,FRESH,True,15.58,13.9464,3.08,HOLD,,False,,A,15.23,3,False,470.72,516.16,537.08,Extended — wait for ATR pullback,7,2026-06-18,16.79,False,False,False,False,,0,False,False,False,False,False,False,48.3,6,89.0
UNIECOM,UNICOMMERCE,WATCHLIST_CONFIRMED,68.0,20.0,CAUTION,3.5,3.0,NORMAL,BASING,False,1,1,EXPIRED,False,-20.38,3.9307,5.25,HOLD,,False,,B,47.6,2,False,112.94,87.22,115.2,Below 200DMA — enter on recovery above 200DMA,7,2026-06-18,25.2,False,False,False,False,,0,True,True,False,False,False,False,48.3,6,89.0
WELSPUNLIV,WELSPUN LIVING,WATCHLIST_CONFIRMED,68.0,16.0,CAUTION,3.5,3.0,NORMAL,LATE_CYCLE,False,3,3,FRESH,True,13.8,4.5357,3.71,HOLD,,False,,A,23.11,6,False,128.87,125.0,135.31,Near 200DMA — ideal dip entry zone,7,2026-06-18,13.26,False,True,False,False,HIGH_PE(46x vs ind 16x),0,False,False,False,False,False,False,48.3,6,89.0
VIDYAWIRES,VIDYA WIRES,WATCHLIST_CONFIRMED,68.0,19.0,CAUTION,3.5,3.0,NORMAL,TOPPING,False,2,2,FRESH,True,58.23,5.7307,6.67,EXIT,PROFIT_ZONE: +58% above 200DMA | EXTENDED: 10.5× ATR above 200DMA,False,,A,11.5,2,False,65.17,91.65,100.24,Extended — wait for ATR pullback,7,2026-06-18,24.57,False,False,False,False,,0,False,False,False,False,False,False,48.3,6,89.0
SANSTAR,SANSTAR,WATCHLIST_CONFIRMED,68.0,9.0,CAUTION,3.5,3.0,NORMAL,CORRECTION,False,2,2,FRESH,True,23.24,5.99,6.26,PARTIAL_EXIT,EXTENDED: 4.5× ATR above 200DMA,False,,A,6.5,2,False,93.12,102.79,111.77,Extended — wait for ATR pullback,7,2026-06-18,6.64,True,True,False,False,LOW_ROE(6.6%) | HIGH_PE(79x vs ind 14x),0,True,True,False,False,False,False,48.3,6,89.0
CPCAP,CP CAPITAL,WATCHLIST_EXTERNAL,68.0,0.0,CAUTION,3.5,1.5,RESTRICTED,LATE_CYCLE,False,2,3,EXPIRED,True,-6.2,3.9993,4.74,HOLD,,False,,A,13.89,2,False,107.95,98.21,110.11,Below 200DMA — enter on recovery above 200DMA,7,2026-06-18,6.99,True,False,False,False,LOW_ROE(7.0%),0,False,False,False,False,False,False,48.3,6,89.0
CONCORDBIO,CONCORD BIOTECH,WATCHLIST_CONFIRMED,68.0,20.0,CAUTION,3.5,3.0,NORMAL,LATE_CYCLE,False,3,3,FRESH,True,1.84,68.3,6.12,HOLD,,False,,A,21.53,5,False,1315.73,1276.26,1381.52,Near 200DMA — ideal dip entry zone,7,2026-06-18,20.5,False,False,False,False,,0,True,True,False,False,False,False,48.3,6,89.0
BLS,BLS INTERNAT.,WATCHLIST_CONFIRMED,68.0,20.0,CAUTION,3.5,3.0,NORMAL,LATE_CYCLE,False,1,2,EXPIRED,False,-11.17,10.0,4.54,HOLD,,False,,A,16.15,1,False,297.86,256.66,303.82,Below 200DMA — enter on recovery above 200DMA,7,2026-06-18,29.36,False,False,False,False,,0,False,False,False,False,False,False,48.3,6,89.0
DMART,AVENUE SUPER.,WATCHLIST_CONFIRMED,68.0,16.0,CAUTION,3.5,3.0,NORMAL,TOPPING,False,1,1,FRESH,False,3.87,117.2928,3.28,HOLD,,False,,A,8.0,2,False,4127.79,4003.96,4334.18,Near 200DMA — ideal dip entry zone,7,2026-06-18,12.64,False,True,False,True,HIGH_PE(87x vs ind 29x) | DRAWDOWN_RISK(vel=-6.0),0,True,True,False,False,False,False,48.3,6,89.0
ADFFOODS,ADF FOODS,WATCHLIST_CONFIRMED,68.0,16.0,CAUTION,3.5,3.0,NORMAL,CORRECTION,False,1,2,EXPIRED,True,37.25,14.3357,5.71,PARTIAL_EXIT,EXTENDED: 7.8× ATR above 200DMA,False,,A,16.63,3,False,219.52,272.63,294.13,Extended — wait for ATR pullback,7,2026-06-18,14.06,False,False,False,False,,0,False,False,False,False,False,False,48.3,6,89.0
AADHARHFC,AADHAR HSG. FIN.,WATCHLIST_EXTERNAL,68.0,0.0,CAUTION,3.5,1.5,NORMAL,LATE_CYCLE,False,3,3,FRESH,True,0.17,14.1071,3.47,EXIT,DETERIORATING (vel=-25.0 forensic=-3 regime=CAUTION),False,,,0.0,3,False,487.09,472.48,511.44,Near 200DMA — ideal dip entry zone,7,2026-06-18,14.31,False,False,False,True,DRAWDOWN_RISK(vel=-25.0),0,False,False,False,False,False,False,48.3,6,89.0
BALUFORGE,BALU FORGE,WATCHLIST_CONFIRMED,68.0,20.0,CAUTION,3.5,3.0,NORMAL,TOPPING,False,1,1,FRESH,False,-17.21,20.6214,5.52,HOLD,,False,,A,12.34,3,False,541.08,434.51,551.9,Below 200DMA — enter on recovery above 200DMA,7,2026-06-18,19.36,False,False,False,False,,0,False,False,False,False,False,False,48.3,6,89.0
IGL,INDRAPRASTHA GAS,WATCHLIST_CONFIRMED,68.0,20.0,CAUTION,3.5,3.0,NORMAL,LATE_CYCLE,False,3,3,FRESH,True,-5.6,4.595,3.23,HOLD,,False,,A,21.55,5,False,180.91,165.66,184.53,Below 200DMA — enter on recovery above 200DMA,7,2026-06-18,16.18,False,False,False,False,,0,True,True,False,False,False,False,48.3,6,89.0
KPRMILL,K P R MILL LTD,WATCHLIST_CONFIRMED,68.0,20.0,CAUTION,3.5,3.0,NORMAL,LATE_CYCLE,False,3,3,FRESH,True,8.21,45.0536,5.18,HOLD,,False,,A,18.0,4,False,964.11,935.19,1012.32,Near 200DMA — ideal dip entry zone,7,2026-06-18,16.3,False,False,False,False,,0,True,True,False,False,False,False,48.3,6,89.0
GPPL,GUJ PIPAVAV PORT,WATCHLIST_CONFIRMED,68.0,20.0,CAUTION,3.5,3.0,NORMAL,BASING,False,1,1,EXPIRED,False,-5.93,4.6,3.57,HOLD,,False,,A,74.58,3,False,164.36,149.97,167.65,Below 200DMA — enter on recovery above 200DMA,7,2026-06-18,16.98,False,False,False,False,,0,True,True,False,False,False,False,48.3,6,89.0
SAMMAANCAP,SAMMAAN CAPITAL,WATCHLIST_EXTERNAL,67.0,2.0,CAUTION,3.5,1.5,NORMAL,LATE_CYCLE,False,3,3,FRESH,True,15.35,7.31,4.98,HOLD,,False,,,0.0,4,False,152.66,161.48,172.44,Extended — wait for ATR pullback,7,2026-06-18,-8.28,True,False,False,True,LOW_ROE(-8.3%) | DRAWDOWN_RISK(vel=-20.0),0,False,False,False,False,False,False,48.3,6,89.0
CGCL,CAPRI GLOBAL,WATCHLIST_EXTERNAL,67.0,0.0,CAUTION,3.5,1.5,NORMAL,LATE_CYCLE,False,3,3,FRESH,True,17.61,7.1857,3.97,EXIT,DETERIORATING (vel=-20.0 forensic=-6 regime=CAUTION),False,,,0.0,3,False,184.75,202.91,213.69,Extended — wait for ATR pullback,7,2026-06-18,11.12,False,False,False,True,DRAWDOWN_RISK(vel=-20.0),0,False,False,False,False,False,False,48.3,6,89.0
HONASA,HONASA CONSUMER,WATCHLIST_CONFIRMED,67.0,12.0,CAUTION,3.5,3.0,NORMAL,BASING,False,2,2,FRESH,True,30.61,15.2143,4.55,PARTIAL_EXIT,EXTENDED: 8.1× ATR above 200DMA,False,,A,8.0,4,False,307.37,371.02,393.84,Extended — wait for ATR pullback,7,2026-06-18,6.16,True,False,False,False,LOW_ROE(6.2%),0,False,False,False,False,False,False,48.3,6,89.0
THYROCARE,THYROCARE TECH.,WATCHLIST_CONFIRMED,67.0,20.0,CAUTION,3.5,3.0,NORMAL,LATE_CYCLE,False,2,3,EXPIRED,True,22.74,23.1821,5.21,PARTIAL_EXIT,EXTENDED: 5.2× ATR above 200DMA,False,,A,37.82,5,False,434.65,487.14,521.91,Extended — wait for ATR pullback,7,2026-06-18,16.74,False,False,False,False,,0,True,True,False,False,False,False,48.3,6,89.0
THERMAX,THERMAX,WATCHLIST_CONFIRMED,67.0,17.0,CAUTION,3.5,3.0,NORMAL,TOPPING,False,2,2,FRESH,True,40.0,194.65,4.89,PARTIAL_EXIT,EXTENDED: 9.8× ATR above 200DMA,False,,A,14.84,5,False,3410.33,4385.1,4677.07,Extended — wait for ATR pullback,7,2026-06-18,12.85,False,False,False,False,,0,False,False,False,False,False,False,48.3,6,89.0
YATHARTH,YATHARTH HOSPIT.,WATCHLIST_CONFIRMED,67.0,11.0,CAUTION,3.5,3.0,NORMAL,LATE_CYCLE,False,3,3,FRESH,True,11.74,26.7321,3.91,HOLD,,False,,A,7.5,4,False,735.11,713.06,771.87,Near 200DMA — ideal dip entry zone,7,2026-06-18,8.13,True,False,False,False,LOW_ROE(8.1%),0,True,True,False,False,False,False,48.3,6,89.0
ACUTAAS,ACUTAAS CHEMICAL,WATCHLIST_CONFIRMED,67.0,16.0,CAUTION,3.5,3.0,NORMAL,LATE_CYCLE,False,3,3,FRESH,True,47.57,152.9071,6.12,PARTIAL_EXIT,PROFIT_ZONE: +48% above 200DMA | EXTENDED: 9.3× ATR above 200DMA,False,,A,13.64,5,False,2032.83,2694.09,2923.45,Extended — wait for ATR pullback,7,2026-06-18,12.12,False,False,False,False,,0,True,True,False,False,False,False,48.3,6,89.0
NEWGEN,NEWGEN SOFTWARE,WATCHLIST_CONFIRMED,67.0,20.0,CAUTION,3.5,3.0,NORMAL,BASING,False,2,2,FRESH,True,-28.54,26.7857,6.59,HOLD,,False,,B,46.9,4,False,682.97,473.41,696.63,Below 200DMA — enter on recovery above 200DMA,7,2026-06-18,20.79,False,False,False,False,,0,True,True,False,False,False,False,48.3,6,89.0
PERSISTENT,PERSISTENT SYSTEMS,WATCHLIST_CONFIRMED,67.0,20.0,CAUTION,3.5,3.0,NORMAL,BASING,False,1,1,FRESH,False,-8.53,195.3786,4.65,HOLD,,False,,A,19.45,3,False,5515.75,4893.65,5626.07,Below 200DMA — enter on recovery above 200DMA,7,2026-06-18,24.97,False,False,False,False,,0,True,True,False,False,False,False,48.3,6,89.0
LTFOODS,L T FOODS,WATCHLIST_CONFIRMED,67.0,20.0,CAUTION,3.5,3.0,NORMAL,CORRECTION,False,1,1,EXPIRED,False,-5.25,14.1143,4.43,HOLD,,False,,A,18.53,2,False,403.16,370.54,411.22,Below 200DMA — enter on recovery above 200DMA,7,2026-06-18,15.71,False,False,False,True,DRAWDOWN_RISK(vel=-7.0),0,False,False,False,False,False,False,48.3,6,89.0
LINCOLN,LINCOLN PHARMA.,WATCHLIST_CONFIRMED,67.0,17.0,CAUTION,3.5,3.0,NORMAL,LATE_CYCLE,False,2,2,FRESH,False,12.25,34.3321,6.54,HOLD,,False,,A,13.51,3,False,561.04,544.21,589.09,Near 200DMA — ideal dip entry zone,7,2026-06-18,12.26,False,False,False,False,,0,True,True,False,False,False,False,48.3,6,89.0
TORNTPOWER,TORRENT POWER,WATCHLIST_CONFIRMED,67.0,17.0,CAUTION,3.5,3.0,NORMAL,TOPPING,False,1,1,AGING,False,1.89,40.4714,3.45,HOLD,,False,,A,23.61,2,False,1381.24,1339.8,1450.3,Near 200DMA — ideal dip entry zone,7,2026-06-18,16.97,False,False,False,True,DRAWDOWN_RISK(vel=-10.0),0,False,False,False,False,False,False,48.3,6,89.0
TPLPLASTEH,TPL PLASTECH,WATCHLIST_CONFIRMED,67.0,20.0,CAUTION,3.5,3.0,RESTRICTED,TOPPING,False,1,1,FRESH,False,-1.22,3.3507,6.02,HOLD,,False,,A,28.39,3,False,67.58,64.75,68.93,Below 200DMA — enter on recovery above 200DMA,7,2026-06-18,15.98,False,False,False,False,,0,False,False,False,False,False,False,48.3,6,89.0
WELSPLSOL,NAN,MONITOR,67.0,1.0,CAUTION,3.5,0.5,NORMAL,nan,False,2,2,FRESH,True,33.14,4.8114,9.64,PARTIAL_EXIT,EXTENDED: 4.1× ATR above 200DMA,False,,,0.0,3,False,45.0,50.29,57.5,Extended — wait for ATR pullback,7,2026-06-18,,False,False,False,True,DRAWDOWN_RISK(vel=-39.0),0,False,False,False,False,False,False,48.3,6,89.0
SAIPARENT,NAN,MONITOR,67.0,1.0,CAUTION,3.5,0.5,NORMAL,nan,False,2,2,FRESH,True,16.76,30.6929,6.44,HOLD,,False,,,0.0,3,False,489.82,510.51,556.55,Extended — wait for ATR pullback,7,2026-06-18,,False,False,False,True,DRAWDOWN_RISK(vel=-45.0),0,False,False,False,False,False,False,48.3,6,89.0
ROUTE,ROUTE MOBILE,WATCHLIST_CONFIRMED,67.0,20.0,CAUTION,3.5,3.0,NORMAL,CORRECTION,False,1,2,EXPIRED,True,-13.65,19.4679,4.33,HOLD,,False,,B,46.9,3,False,624.12,522.78,636.6,Below 200DMA — enter on recovery above 200DMA,7,2026-06-18,13.11,False,False,False,True,DRAWDOWN_RISK(vel=-8.0),0,True,True,False,False,False,False,48.3,6,89.0
CASTROLIND,CASTROL INDIA,WATCHLIST_CONFIRMED,67.0,20.0,CAUTION,3.5,3.0,NORMAL,LATE_CYCLE,False,2,3,EXPIRED,True,-0.34,2.1564,1.4,HOLD,,False,,A,57.56,3,False,185.12,178.96,188.82,Below 200DMA — enter on recovery above 200DMA,7,2026-06-18,45.47,False,False,False,False,,0,True,True,False,False,False,False,48.3,6,89.0
CELLO,CELLO WORLD,WATCHLIST_CONFIRMED,67.0,20.0,CAUTION,3.5,3.0,NORMAL,LATE_CYCLE,False,2,2,FRESH,False,-24.08,12.6714,3.97,HOLD,,False,,B,46.9,3,False,504.45,371.51,514.54,Below 200DMA — enter on recovery above 200DMA,7,2026-06-18,15.63,False,False,False,False,,0,True,True,False,False,False,False,48.3,6,89.0
DECNGOLD,NAN,MONITOR,67.0,1.0,CAUTION,3.5,0.5,NORMAL,nan,False,1,2,EXPIRED,True,37.2,12.8186,7.79,PARTIAL_EXIT,EXTENDED: 5.7× ATR above 200DMA,False,,,0.0,3,False,143.94,171.85,191.08,Extended — wait for ATR pullback,7,2026-06-18,,False,False,False,True,DRAWDOWN_RISK(vel=-39.0),0,False,False,False,False,False,False,48.3,6,89.0
ARKADE,ARKADE,WATCHLIST_CONFIRMED,67.0,17.0,CAUTION,3.5,3.0,NORMAL,CORRECTION,False,1,1,FRESH,False,-16.11,3.6279,3.77,EXIT,DETERIORATING (vel=-11.0 forensic=-3 regime=CAUTION),False,,A,20.18,1,False,137.48,111.87,140.23,Below 200DMA — enter on recovery above 200DMA,7,2026-06-18,17.76,False,False,False,True,DRAWDOWN_RISK(vel=-11.0),0,False,False,False,False,False,False,48.3,6,89.0
ATLANTAELE,ATLANTA ELECTRIC,WATCHLIST_CONFIRMED,67.0,20.0,CAUTION,3.5,3.0,NORMAL,TOPPING,False,2,2,FRESH,True,70.48,118.0429,7.24,EXIT,PROFIT_ZONE: +70% above 200DMA | EXTENDED: 11.7× ATR above 200DMA,False,,A,12.0,4,False,1147.38,1720.01,1897.08,Extended — wait for ATR pullback,7,2026-06-18,29.79,False,False,False,False,,0,False,False,False,False,False,False,48.3,6,89.0
INDGN,INDEGENE,WATCHLIST_CONFIRMED,67.0,20.0,CAUTION,3.5,3.0,NORMAL,LATE_CYCLE,False,3,3,FRESH,True,0.47,15.4571,3.6,HOLD,,False,,A,16.53,5,False,513.49,498.09,539.16,Near 200DMA — ideal dip entry zone,7,2026-06-18,15.55,False,False,False,False,,0,True,True,False,False,False,False,48.3,6,89.0
INDIANB,INDIAN BANK,WATCHLIST_CONFIRMED,67.0,2.0,CAUTION,3.5,3.0,NORMAL,LATE_CYCLE,False,3,3,FRESH,True,6.67,25.3014,3.46,HOLD,,False,,A,21.32,5,False,821.54,796.89,862.62,Near 200DMA — ideal dip entry zone,7,2026-06-18,15.75,False,False,False,False,,0,False,False,False,False,False,False,48.3,6,89.0
KPIGREEN,KPI GREEN ENERGY,WATCHLIST_CONFIRMED,67.0,16.0,CAUTION,3.5,3.0,NORMAL,TOPPING,False,1,1,FRESH,False,-5.98,14.1964,4.15,HOLD,,False,,A,12.23,2,False,436.24,397.85,444.96,Below 200DMA — enter on recovery above 200DMA,7,2026-06-18,13.19,False,False,False,True,DRAWDOWN_RISK(vel=-10.0),0,False,False,False,False,False,False,48.3,6,89.0
IZMO,IZMO,WATCHLIST_CONFIRMED,67.0,16.0,CAUTION,3.5,3.0,NORMAL,CORRECTION,False,2,2,FRESH,True,26.6,56.8036,6.63,PARTIAL_EXIT,EXTENDED: 4.8× ATR above 200DMA,False,,A,10.0,3,False,812.67,915.24,1000.45,Extended — wait for ATR pullback,7,2026-06-18,13.61,False,False,False,False,,0,True,True,False,False,False,False,48.3,6,89.0
JAIBALAJI,JAI BALAJI INDS.,MONITOR,67.0,20.0,CAUTION,3.5,0.5,NORMAL,TOPPING,False,1,1,EXPIRED,False,-12.42,3.0221,5.42,HOLD,,False,,A,12.0,2,False,76.45,64.94,77.98,Below 200DMA — enter on recovery above 200DMA,7,2026-06-18,26.26,False,False,False,True,DRAWDOWN_RISK(vel=-18.0),0,False,False,False,False,False,False,48.3,6,89.0
JASH,JASH ENGINEERING,WATCHLIST_CONFIRMED,67.0,20.0,CAUTION,3.5,3.0,NORMAL,LATE_CYCLE,False,3,3,AGING,True,12.2,21.8143,5.37,HOLD,,False,,A,17.4,5,False,434.27,421.24,455.98,Near 200DMA — ideal dip entry zone,7,2026-06-18,20.25,False,False,False,False,,0,False,False,False,False,False,False,48.3,6,89.0
JSWINFRA,JSW INFRAST,WATCHLIST_CONFIRMED,67.0,17.0,CAUTION,3.5,3.0,NORMAL,BASING,False,1,2,EXPIRED,True,7.48,10.0269,4.03,HOLD,,False,,A,13.64,4,False,277.62,269.29,291.5,Near 200DMA — ideal dip entry zone,7,2026-06-18,15.5,False,True,False,False,HIGH_PE(33x vs ind 13x),0,False,False,False,False,False,False,48.3,6,89.0
GSPCROP,NAN,MONITOR,67.0,1.0,CAUTION,3.5,0.5,NORMAL,nan,False,2,2,FRESH,True,7.59,18.9929,5.06,HOLD,,False,,,0.0,3,False,418.35,405.8,439.27,Near 200DMA — ideal dip entry zone,7,2026-06-18,,False,False,False,True,DRAWDOWN_RISK(vel=-45.0),0,False,False,False,False,False,False,48.3,6,89.0
GSMFOILS,GSM FOILS,WATCHLIST_CONFIRMED,67.0,15.0,CAUTION,3.5,3.0,NORMAL,TOPPING,False,1,2,EXPIRED,True,4.86,6.5071,3.57,HOLD,,False,,A,9.5,3,False,208.57,202.31,219.0,Near 200DMA — ideal dip entry zone,7,2026-06-18,30.89,False,False,False,False,,0,False,False,False,False,False,False,48.3,6,89.0
HALDYNGL,NAN,MONITOR,67.0,1.0,CAUTION,3.5,0.5,NORMAL,nan,False,1,2,EXPIRED,True,10.45,7.0493,7.01,HOLD,,False,,,0.0,3,False,109.25,105.97,114.71,Near 200DMA — ideal dip entry zone,7,2026-06-18,,False,False,False,True,DRAWDOWN_RISK(vel=-45.0),0,False,False,False,False,False,False,48.3,6,89.0
GODREJAGRO,GODREJ AGROVET,WATCHLIST_CONFIRMED,67.0,20.0,CAUTION,3.5,3.0,NORMAL,CORRECTION,False,1,1,EXPIRED,False,-5.63,13.125,2.74,HOLD,,False,,A,30.65,2,False,608.09,556.63,620.25,Below 200DMA — enter on recovery above 200DMA,7,2026-06-18,18.05,False,False,False,True,DRAWDOWN_RISK(vel=-7.0),0,False,False,False,False,False,False,48.3,6,89.0
GKENERGY,GK ENERGY,WATCHLIST_CONFIRMED,67.0,19.0,CAUTION,3.5,3.0,NORMAL,TOPPING,False,1,2,EXPIRED,True,2.37,8.8971,7.32,HOLD,,False,,A,11.5,2,False,142.56,138.28,149.69,Near 200DMA — ideal dip entry zone,7,2026-06-18,63.71,False,False,False,False,,0,False,False,False,False,False,False,48.3,6,89.0
HEROMOTOCO,HERO MOTOCORP,WATCHLIST_CONFIRMED,67.0,20.0,CAUTION,3.5,3.0,NORMAL,BASING,False,1,1,FRESH,False,-7.08,120.9357,2.89,HOLD,,False,,A,43.32,3,False,5398.45,4865.91,5506.42,Below 200DMA — enter on recovery above 200DMA,7,2026-06-18,22.72,False,False,False,False,,0,True,True,False,False,False,False,48.3,6,89.0
UNIVASTU,UNIVASTU INDIA,WATCHLIST_CONFIRMED,66.0,17.0,CAUTION,3.5,3.0,NORMAL,TOPPING,False,1,2,EXPIRED,True,24.35,4.95,6.72,PARTIAL_EXIT,EXTENDED: 4.3× ATR above 200DMA,False,,A,10.5,2,False,71.06,78.46,85.89,Extended — wait for ATR pullback,7,2026-06-18,13.08,False,False,False,False,,0,False,False,False,False,False,False,48.3,6,89.0
POWERINDIA,HITACHI ENERGY,WATCHLIST_CONFIRMED,66.0,16.0,CAUTION,3.5,3.0,NORMAL,TOPPING,False,1,2,EXPIRED,True,52.34,1453.2143,4.85,EXIT,PROFIT_ZONE: +52% above 200DMA | EXTENDED: 12.9× ATR above 200DMA,False,,A,10.24,4,False,23598.21,33043.57,35223.39,Extended — wait for ATR pullback,7,2026-06-18,9.11,True,True,False,False,LOW_ROE(9.1%) | HIGH_PE(134x vs ind 31x),0,True,True,False,False,False,False,48.3,6,89.0
KEI,KEI INDUSTRIES,WATCHLIST_CONFIRMED,66.0,13.0,CAUTION,3.5,3.0,NORMAL,TOPPING,False,1,2,EXPIRED,True,26.94,185.1286,3.94,PARTIAL_EXIT,EXTENDED: 8.2× ATR above 200DMA,False,,A,9.45,3,False,4445.69,5273.24,5550.94,Extended — wait for ATR pullback,7,2026-06-18,12.04,False,False,False,False,,0,True,True,False,False,False,False,48.3,6,89.0
AIAENG,AIA ENGINEERING,WATCHLIST_CONFIRMED,66.0,20.0,CAUTION,3.5,3.0,NORMAL,TOPPING,False,1,2,EXPIRED,True,20.97,134.6072,3.59,PARTIAL_EXIT,EXTENDED: 7.0× ATR above 200DMA,False,,A,16.53,4,False,3721.33,4232.39,4434.3,Extended — wait for ATR pullback,7,2026-06-18,15.31,False,False,False,False,,0,False,False,False,False,False,False,48.3,6,89.0
ONEPOINT,ONE POINT ONE,WATCHLIST_CONFIRMED,66.0,11.0,CAUTION,3.5,3.0,NORMAL,LATE_CYCLE,False,2,3,EXPIRED,True,16.92,3.2629,6.55,HOLD,,False,,A,7.5,3,False,51.15,53.27,58.17,Extended — wait for ATR pullback,7,2026-06-18,8.19,True,False,False,False,LOW_ROE(8.2%),0,False,False,False,False,False,False,48.3,6,89.0
PIRAMALFIN,PIRAMAL FINANCE.,WATCHLIST_EXTERNAL,66.0,1.0,CAUTION,3.5,1.5,NORMAL,LATE_CYCLE,False,3,3,FRESH,True,14.77,63.9538,3.81,EXIT,DETERIORATING (vel=-19.0 forensic=-3 regime=CAUTION),False,,,0.0,3,False,1754.08,1701.46,1841.78,Near 200DMA — ideal dip entry zone,7,2026-06-18,-3.99,True,True,False,True,LOW_ROE(-4.0%) | HIGH_PE(68x vs ind 17x) | DRAWDOWN_RISK(vel=-19.0),0,False,False,False,False,False,False,48.3,6,89.0
MAITHANALL,MAITHAN ALLOYS,WATCHLIST_EXTERNAL,66.0,16.0,CAUTION,3.5,1.5,NORMAL,TOPPING,False,2,2,FRESH,True,11.88,45.1429,4.8,HOLD,,False,,A,27.26,3,False,1009.24,978.96,1059.7,Near 200DMA — ideal dip entry zone,7,2026-06-18,16.82,False,False,False,True,DRAWDOWN_RISK(vel=-14.0),0,False,False,False,False,False,False,48.3,6,89.0
MGL,MAHANAGAR GAS,WATCHLIST_CONFIRMED,66.0,20.0,CAUTION,3.5,3.0,NORMAL,LATE_CYCLE,False,3,3,FRESH,True,5.65,37.55,3.73,HOLD,,False,,A,42.97,5,False,1144.21,1109.88,1201.42,Near 200DMA — ideal dip entry zone,7,2026-06-18,17.7,False,False,False,False,,0,True,True,False,False,False,False,48.3,6,89.0
LOTUSDEV,SRI LOTUS,WATCHLIST_CONFIRMED,66.0,15.0,CAUTION,3.5,3.0,NORMAL,CORRECTION,False,1,2,EXPIRED,True,-8.7,4.7729,4.05,EXIT,DETERIORATING (vel=-11.0 forensic=-3 regime=CAUTION),False,,A,9.5,2,False,154.93,137.22,158.03,Below 200DMA — enter on recovery above 200DMA,7,2026-06-18,24.39,False,False,False,True,DRAWDOWN_RISK(vel=-11.0),0,True,True,False,False,False,False,48.3,6,89.0
TRENT,TRENT,WATCHLIST_CONFIRMED,66.0,20.0,CAUTION,3.5,3.0,NORMAL,TOPPING,False,1,2,EXPIRED,True,-11.49,102.7162,3.97,HOLD,,False,,B,46.2,3,False,3505.5,3009.72,3575.61,Below 200DMA — enter on recovery above 200DMA,7,2026-06-18,28.32,False,True,False,False,HIGH_PE(78x vs ind 29x),0,False,False,False,False,False,False,48.3,6,89.0
WEL,WONDER ELECTRIC.,WATCHLIST_CONFIRMED,66.0,19.0,CAUTION,3.5,3.0,NORMAL,LATE_CYCLE,False,1,2,EXPIRED,False,-29.41,3.01,3.84,HOLD,,False,,B,46.2,2,False,133.4,91.34,136.07,Below 200DMA — enter on recovery above 200DMA,7,2026-06-18,22.84,False,True,False,False,HIGH_PE(101x vs ind 32x),0,False,False,False,False,False,False,48.3,6,89.0
SAREGAMA,SAREGAMA INDIA,WATCHLIST_CONFIRMED,66.0,17.0,CAUTION,3.5,3.0,NORMAL,TOPPING,False,1,2,EXPIRED,True,16.44,22.2357,5.89,HOLD,,False,,A,36.65,3,False,389.38,408.93,442.28,Extended — wait for ATR pullback,7,2026-06-18,12.9,False,False,False,True,DRAWDOWN_RISK(vel=-14.0),0,True,True,False,False,False,False,48.3,6,89.0
REDINGTON,REDINGTON,WATCHLIST_CONFIRMED,66.0,19.0,CAUTION,3.5,3.0,NORMAL,LATE_CYCLE,False,2,3,EXPIRED,True,-1.96,10.39,5.01,HOLD,,False,,A,43.04,3,False,253.9,241.45,258.98,Below 200DMA — enter on recovery above 200DMA,7,2026-06-18,18.4,False,False,False,False,,0,False,False,False,False,False,False,48.3,6,89.0
CARRARO,CARRARO INDIA,WATCHLIST_CONFIRMED,66.0,20.0,CAUTION,3.5,3.0,NORMAL,LATE_CYCLE,False,2,2,AGING,False,5.17,18.4286,4.09,HOLD,,False,,A,22.33,3,False,514.05,498.63,539.75,Near 200DMA — ideal dip entry zone,7,2026-06-18,19.24,False,False,False,False,,0,False,False,False,False,False,False,48.3,6,89.0
AXISCADES,AXISCADES TECH.,WATCHLIST_CONFIRMED,66.0,16.0,CAUTION,3.5,3.0,NORMAL,TOPPING,False,1,1,FRESH,False,23.28,106.45,6.67,PARTIAL_EXIT,EXTENDED: 4.2× ATR above 200DMA,False,,A,10.0,2,False,1554.54,1703.6,1863.28,Extended — wait for ATR pullback,7,2026-06-18,11.55,True,False,False,False,LOW_ROE(11.6%),0,False,False,False,False,False,False,48.3,6,89.0
HOMEFIRST,HOME FIRST FINAN,WATCHLIST_EXTERNAL,66.0,1.0,CAUTION,3.5,1.5,NORMAL,LATE_CYCLE,False,3,3,FRESH,True,0.98,38.45,4.03,EXIT,DETERIORATING (vel=-19.0 forensic=-4 regime=CAUTION),False,,A,6.42,3,False,1134.58,1100.54,1191.31,Near 200DMA — ideal dip entry zone,7,2026-06-18,15.15,False,False,False,True,DRAWDOWN_RISK(vel=-19.0),0,False,False,False,False,False,False,48.3,6,89.0
KIRLOSBROS,KIRL. BROTHERS,WATCHLIST_CONFIRMED,66.0,20.0,CAUTION,3.5,3.0,NORMAL,TOPPING,False,1,2,EXPIRED,True,8.2,67.1,4.36,HOLD,,False,,A,16.48,4,False,1707.02,1655.81,1792.37,Near 200DMA — ideal dip entry zone,7,2026-06-18,19.84,False,False,False,False,,0,True,True,False,False,False,False,48.3,6,89.0
JIOFIN,JIO FINANCIAL,MONITOR,66.0,4.0,CAUTION,3.5,0.5,NORMAL,LATE_CYCLE,False,3,3,AGING,True,-11.31,5.7864,2.86,EXIT,DETERIORATING (vel=-19.0 forensic=-3 regime=CAUTION),False,,A,6.08,2,False,273.95,235.69,279.43,Below 200DMA — enter on recovery above 200DMA,7,2026-06-18,1.31,True,True,False,True,LOW_ROE(1.3%) | HIGH_PE(95x vs ind 17x) | DRAWDOWN_RISK(vel=-19.0),0,True,True,False,False,False,False,48.3,6,89.0
GOCOLORS,GO FASHION (I),WATCHLIST_CONFIRMED,66.0,17.0,CAUTION,3.5,3.0,NORMAL,TOPPING,False,2,2,FRESH,True,-19.21,32.4179,10.64,HOLD,,False,,B,46.2,3,False,452.37,354.49,461.42,Below 200DMA — enter on recovery above 200DMA,7,2026-06-18,13.41,False,False,False,False,,0,False,False,False,False,False,False,48.3,6,89.0
GLOBAL,GLOBAL EDUCATION,WATCHLIST_CONFIRMED,66.0,20.0,CAUTION,3.5,3.0,NORMAL,TOPPING,False,1,2,EXPIRED,True,19.98,4.3736,5.03,HOLD,,False,,A,22.0,4,False,86.99,95.62,102.18,Extended — wait for ATR pullback,7,2026-06-18,19.74,False,False,False,False,,0,True,True,False,False,False,False,48.3,6,89.0
ASTRAMICRO,ASTRA MICROWAVE,WATCHLIST_CONFIRMED,65.0,17.0,CAUTION,3.5,3.0,NORMAL,TOPPING,False,2,2,AGING,True,51.0,74.2643,5.66,EXIT,PROFIT_ZONE: +51% above 200DMA | EXTENDED: 10.8× ATR above 200DMA,False,,A,12.93,3,False,1042.64,1425.87,1537.27,Extended — wait for ATR pullback,7,2026-06-18,13.97,False,False,False,False,,0,False,False,False,False,False,False,48.3,6,89.0
EICHERMOT,EICHER MOTORS,WATCHLIST_CONFIRMED,65.0,20.0,CAUTION,3.5,3.0,NORMAL,BASING,False,1,2,EXPIRED,True,5.27,179.5714,2.87,HOLD,,False,,A,22.23,4,False,7133.21,6919.21,7489.87,Near 200DMA — ideal dip entry zone,7,2026-06-18,22.23,False,False,False,False,,0,True,True,False,False,False,False,48.3,6,89.0
EFFWA,EFFWA INFRA,WATCHLIST_CONFIRMED,65.0,15.0,CAUTION,3.5,3.0,NORMAL,TOPPING,False,1,2,EXPIRED,True,49.86,19.6679,6.84,PARTIAL_EXIT,PROFIT_ZONE: +50% above 200DMA | EXTENDED: 8.8× ATR above 200DMA,False,,A,9.5,2,False,230.42,305.96,335.47,Extended — wait for ATR pullback,7,2026-06-18,21.2,False,False,False,True,DRAWDOWN_RISK(vel=-12.0),0,False,False,False,False,False,False,48.3,6,89.0
DJML,DJ MEDIAPRINT,WATCHLIST_CONFIRMED,65.0,12.0,CAUTION,3.5,3.0,NORMAL,LATE_CYCLE,False,3,3,FRESH,True,28.49,6.2064,6.69,PARTIAL_EXIT,EXTENDED: 5.1× ATR above 200DMA,False,,A,9.25,2,False,86.6,98.86,108.17,Extended — wait for ATR pullback,7,2026-06-18,10.54,True,False,False,False,LOW_ROE(10.5%),0,False,False,False,False,False,False,48.3,6,89.0
ANTELOPUS,ANTELOPUS SELAN,WATCHLIST_CONFIRMED,65.0,14.0,CAUTION,3.5,3.0,NORMAL,TOPPING,False,1,2,EXPIRED,True,38.23,47.2429,7.25,PARTIAL_EXIT,EXTENDED: 6.3× ATR above 200DMA,False,,A,9.0,2,False,565.48,687.16,758.03,Extended — wait for ATR pullback,7,2026-06-18,-1.26,True,False,False,True,LOW_ROE(-1.3%) | DRAWDOWN_RISK(vel=-9.0),0,False,False,False,False,False,False,48.3,6,89.0
SKIPPER,SKIPPER,WATCHLIST_CONFIRMED,65.0,17.0,CAUTION,3.5,3.0,NORMAL,TOPPING,False,1,2,EXPIRED,True,21.15,25.5893,5.59,PARTIAL_EXIT,EXTENDED: 4.5× ATR above 200DMA,False,,A,10.78,4,False,453.16,497.82,536.21,Extended — wait for ATR pullback,7,2026-06-18,12.52,False,False,False,False,,0,False,False,False,False,False,False,48.3,6,89.0
NAZARA,NAZARA TECHNOLO.,WATCHLIST_CONFIRMED,65.0,11.0,CAUTION,3.5,3.0,NORMAL,TOPPING,False,2,2,FRESH,True,12.95,10.425,4.18,HOLD,,False,,A,7.5,2,False,265.25,257.29,278.51,Near 200DMA — ideal dip entry zone,7,2026-06-18,2.65,True,False,False,True,LOW_ROE(2.6%) | DRAWDOWN_RISK(vel=-13.0),0,True,True,False,False,False,False,48.3,6,89.0
TDPOWERSYS,TD POWER SYSTEMS,WATCHLIST_CONFIRMED,65.0,20.0,CAUTION,3.5,3.0,NORMAL,TOPPING,False,1,2,EXPIRED,True,48.13,71.2786,6.95,PARTIAL_EXIT,PROFIT_ZONE: +48% above 200DMA | EXTENDED: 8.3× ATR above 200DMA,False,,A,13.92,5,False,830.7,1087.94,1194.86,Extended — wait for ATR pullback,7,2026-06-18,20.29,False,False,False,False,,0,True,True,False,False,False,False,48.3,6,89.0
AXISBANK,AXIS BANK,WATCHLIST_CONFIRMED,65.0,3.0,CAUTION,3.5,3.0,NORMAL,LATE_CYCLE,False,3,3,FRESH,True,7.51,27.9214,2.48,HOLD,,False,,,0.0,5,False,1256.51,1218.81,1319.34,Near 200DMA — ideal dip entry zone,7,2026-06-18,13.63,False,False,False,True,DRAWDOWN_RISK(vel=-8.0),0,False,False,False,False,False,False,48.3,6,89.0
AJANTPHARM,AJANTA PHARMA,WATCHLIST_CONFIRMED,65.0,20.0,CAUTION,3.5,3.0,NORMAL,LATE_CYCLE,False,3,3,FRESH,True,12.25,107.9785,4.21,HOLD,,False,,A,21.69,5,False,2743.37,2661.07,2880.54,Near 200DMA — ideal dip entry zone,7,2026-06-18,24.28,False,False,False,False,,0,True,True,False,False,False,False,48.3,6,89.0
RAINBOW,RAINBOW CHILD.,WATCHLIST_CONFIRMED,65.0,20.0,CAUTION,3.5,3.0,NORMAL,LATE_CYCLE,False,3,3,FRESH,True,10.77,36.4429,3.03,HOLD,,False,,A,14.68,5,False,1304.05,1264.93,1369.25,Near 200DMA — ideal dip entry zone,7,2026-06-18,16.58,False,False,False,False,,0,False,False,False,False,False,False,48.3,6,89.0
GRANULES,GRANULES INDIA,WATCHLIST_CONFIRMED,65.0,17.0,CAUTION,3.5,3.0,NORMAL,LATE_CYCLE,False,3,3,FRESH,True,22.18,23.05,3.73,PARTIAL_EXIT,EXTENDED: 7.1× ATR above 200DMA,False,,A,13.05,5,False,606.82,695.3,729.88,Extended — wait for ATR pullback,7,2026-06-18,13.5,False,False,False,False,,0,False,False,False,False,False,False,48.3,6,89.0
NESTLEIND,NESTLE INDIA,WATCHLIST_CONFIRMED,65.0,18.0,CAUTION,3.5,3.0,NORMAL,CORRECTION,False,2,2,FRESH,True,9.7,34.6929,2.96,HOLD,,False,,A,21.12,3,False,1282.86,1244.37,1347.0,Near 200DMA — ideal dip entry zone,7,2026-06-18,79.99,False,True,False,False,HIGH_PE(71x vs ind 25x),0,False,False,False,False,False,False,48.3,6,89.0
PREMIERPOL,PREMIER POLYFILM,WATCHLIST_CONFIRMED,65.0,20.0,CAUTION,3.5,3.0,RESTRICTED,TOPPING,False,2,2,FRESH,True,17.12,2.0943,4.32,HOLD,,False,,A,14.45,3,False,49.7,54.02,57.16,Extended — wait for ATR pullback,7,2026-06-18,22.06,False,False,False,False,,0,False,False,False,False,False,False,48.3,6,89.0
PDMJEPAPER,PUDUMJEE PAPER,WATCHLIST_CONFIRMED,65.0,20.0,CAUTION,3.5,3.0,RESTRICTED,CORRECTION,False,1,1,FRESH,False,-13.55,3.2021,4.64,HOLD,,False,,B,45.5,3,False,95.89,80.41,97.81,Below 200DMA — enter on recovery above 200DMA,7,2026-06-18,16.43,False,False,False,False,,0,True,True,False,False,False,False,48.3,6,89.0
MAPMYINDIA,C.E. INFO SYSTEM,WATCHLIST_CONFIRMED,65.0,20.0,CAUTION,3.5,3.0,NORMAL,BASING,False,1,1,FRESH,False,-33.87,40.9393,5.52,HOLD,,False,,B,45.5,3,False,1345.43,863.01,1372.34,Below 200DMA — enter on recovery above 200DMA,7,2026-06-18,18.61,False,False,False,False,,0,True,True,False,False,False,False,48.3,6,89.0
MARUTI,MARUTI SUZUKI,WATCHLIST_CONFIRMED,65.0,20.0,CAUTION,3.5,3.0,NORMAL,BASING,False,2,2,FRESH,True,-8.32,304.2857,2.68,HOLD,,False,,A,22.67,4,False,14866.9,13221.1,15164.24,Below 200DMA — enter on recovery above 200DMA,7,2026-06-18,15.07,False,False,False,False,,0,True,True,False,False,False,False,48.3,6,89.0
TFCILTD,TOUR. FIN. CORP.,WATCHLIST_EXTERNAL,65.0,1.0,CAUTION,3.5,1.5,NORMAL,LATE_CYCLE,False,2,3,EXPIRED,True,8.28,2.5536,4.06,EXIT,DETERIORATING (vel=-19.0 forensic=-3 regime=CAUTION),False,,A,11.65,2,False,69.78,67.69,73.27,Near 200DMA — ideal dip entry zone,7,2026-06-18,8.53,False,False,False,True,DRAWDOWN_RISK(vel=-19.0),0,False,False,False,False,False,False,48.3,6,89.0
UJJIVANSFB,UJJIVAN SMALL,WATCHLIST_CONFIRMED,65.0,2.0,CAUTION,3.5,3.0,NORMAL,LATE_CYCLE,False,3,3,AGING,True,4.33,1.5786,3.34,HOLD,,False,,,0.0,6,False,54.39,52.76,57.11,Near 200DMA — ideal dip entry zone,7,2026-06-18,11.94,False,False,False,False,,0,False,False,False,False,False,False,48.3,6,89.0
SURYAROSNI,SURYA ROSHNI,WATCHLIST_CONFIRMED,65.0,19.0,CAUTION,3.5,3.0,NORMAL,TOPPING,False,2,2,FRESH,True,2.2,11.4386,5.26,HOLD,,False,,A,37.47,3,False,255.59,247.92,268.37,Near 200DMA — ideal dip entry zone,7,2026-06-18,14.06,False,False,False,False,,0,True,True,False,False,False,False,48.3,6,89.0
VINCOFE,VINTAGE COFFEE,WATCHLIST_CONFIRMED,65.0,9.0,CAUTION,3.5,3.0,NORMAL,LATE_CYCLE,False,2,3,EXPIRED,True,4.12,7.5886,5.91,HOLD,,False,,A,7.28,3,False,148.08,143.64,155.48,Near 200DMA — ideal dip entry zone,7,2026-06-18,13.25,False,False,False,False,,0,False,False,False,False,False,False,48.3,6,89.0
BRITANNIA,BRITANNIA INDS.,WATCHLIST_CONFIRMED,65.0,20.0,CAUTION,3.5,3.0,NORMAL,CORRECTION,False,1,1,EXPIRED,False,-9.91,89.5714,2.05,HOLD,,False,,A,25.24,2,False,5807.35,5075.04,5923.5,Below 200DMA — enter on recovery above 200DMA,7,2026-06-18,50.02,False,False,False,True,DRAWDOWN_RISK(vel=-7.0),0,False,False,False,False,False,False,48.3,6,89.0
DOMS,DOMS INDUSTRIES,WATCHLIST_CONFIRMED,65.0,20.0,CAUTION,3.5,3.0,NORMAL,CORRECTION,False,2,2,FRESH,True,-4.02,79.2142,4.09,HOLD,,False,,A,13.38,4,False,2421.15,2254.18,2469.57,Below 200DMA — enter on recovery above 200DMA,7,2026-06-18,20.18,False,False,False,False,,0,False,False,False,False,False,False,48.3,6,89.0
EIEL,ENVIRO INFRA,WATCHLIST_CONFIRMED,65.0,17.0,CAUTION,3.5,3.0,NORMAL,TOPPING,False,1,1,EXPIRED,False,-3.99,7.3129,4.5,EXIT,DETERIORATING (vel=-12.0 forensic=-3 regime=CAUTION),False,,A,10.5,1,False,203.28,189.32,207.35,Below 200DMA — enter on recovery above 200DMA,7,2026-06-18,17.73,False,False,False,True,DRAWDOWN_RISK(vel=-12.0),0,False,False,False,False,False,False,48.3,6,89.0
AGARIND,AGARWAL INDL.,WATCHLIST_CONFIRMED,65.0,20.0,CAUTION,3.5,3.0,NORMAL,TOPPING,False,1,2,EXPIRED,True,-16.0,38.3179,8.32,HOLD,,False,,B,45.5,3,False,657.56,535.78,670.71,Below 200DMA — enter on recovery above 200DMA,7,2026-06-18,18.45,False,False,False,False,,0,False,False,False,False,False,False,48.3,6,89.0
GOKULAGRO,GOKUL AGRO,WATCHLIST_CONFIRMED,65.0,19.0,CAUTION,3.5,3.0,NORMAL,CORRECTION,False,2,2,FRESH,True,19.26,9.03,4.74,HOLD,,False,,A,11.5,3,False,191.52,210.35,223.9,Extended — wait for ATR pullback,7,2026-06-18,23.71,False,False,False,False,,0,False,False,False,False,False,False,48.3,6,89.0
GEMAROMA,GEM AROMATICS,WATCHLIST_CONFIRMED,65.0,19.0,CAUTION,3.5,3.0,NORMAL,TOPPING,False,1,2,EXPIRED,True,-2.68,8.0157,5.21,EXIT,DETERIORATING (vel=-8.0 forensic=-3 regime=CAUTION),False,,A,11.5,2,False,189.58,178.97,193.37,Below 200DMA — enter on recovery above 200DMA,7,2026-06-18,18.8,False,False,False,True,DRAWDOWN_RISK(vel=-8.0),0,False,False,False,False,False,False,48.3,6,89.0
GRMOVER,GRM OVERSEAS,WATCHLIST_CONFIRMED,65.0,20.0,CAUTION,3.5,3.0,NORMAL,CORRECTION,False,1,1,EXPIRED,False,-38.13,11.3914,14.73,HOLD,,False,,A,12.0,2,False,150.0,90.03,153.0,Below 200DMA — enter on recovery above 200DMA,7,2026-06-18,14.24,False,True,False,True,HIGH_PE(48x vs ind 14x) | DRAWDOWN_RISK(vel=-6.0),0,False,False,False,False,False,False,48.3,6,89.0
PANAMAPET,PANAMA PETROCHEM,WATCHLIST_CONFIRMED,64.0,20.0,CAUTION,3.5,3.0,NORMAL,LATE_CYCLE,False,2,3,EXPIRED,True,28.39,25.6929,8.24,PARTIAL_EXIT,EXTENDED: 4.1× ATR above 200DMA,False,,A,23.45,4,False,291.38,322.71,361.25,Extended — wait for ATR pullback,7,2026-06-18,14.9,False,False,False,False,,0,True,True,False,False,False,False,48.3,6,89.0
PREMIERENE,PREMIER ENERGIES,WATCHLIST_CONFIRMED,64.0,20.0,CAUTION,3.5,3.0,NORMAL,TOPPING,False,2,2,FRESH,True,12.95,35.05,3.98,HOLD,,False,,A,13.46,4,False,934.73,906.69,981.47,Near 200DMA — ideal dip entry zone,7,2026-06-18,33.21,False,False,False,False,,0,False,False,False,False,False,False,48.3,6,89.0
SAILIFE,SAI LIFE,WATCHLIST_CONFIRMED,64.0,14.0,CAUTION,3.5,3.0,NORMAL,LATE_CYCLE,False,3,3,FRESH,True,27.58,42.6357,4.22,PARTIAL_EXIT,EXTENDED: 7.8× ATR above 200DMA,False,,A,9.0,5,False,951.16,1128.23,1192.18,Extended — wait for ATR pullback,7,2026-06-18,7.99,True,False,False,False,LOW_ROE(8.0%),0,False,False,False,False,False,False,48.3,6,89.0
MOTHERSON,SAMVARDH. MOTHE.,WATCHLIST_CONFIRMED,64.0,11.0,CAUTION,3.5,3.0,NORMAL,LATE_CYCLE,False,3,3,FRESH,True,23.29,4.9593,4.1,PARTIAL_EXIT,EXTENDED: 6.8× ATR above 200DMA,False,,A,12.53,5,False,117.69,135.18,142.62,Extended — wait for ATR pullback,7,2026-06-18,10.9,True,False,False,False,LOW_ROE(10.9%),0,False,False,False,False,False,False,48.3,6,89.0
SUZLON,SUZLON ENERGY,WATCHLIST_CONFIRMED,64.0,20.0,CAUTION,3.5,3.0,NORMAL,TOPPING,False,2,2,FRESH,True,14.48,2.155,4.36,HOLD,,False,,A,12.0,4,False,51.77,50.22,54.36,Near 200DMA — ideal dip entry zone,7,2026-06-18,33.93,False,False,False,False,,0,True,True,False,False,False,False,48.3,6,89.0
BOROSCI,BOROSIL SCIENTI.,WATCHLIST_CONFIRMED,64.0,12.0,CAUTION,3.5,3.0,NORMAL,TOPPING,False,1,2,EXPIRED,True,25.66,5.6843,4.36,PARTIAL_EXIT,EXTENDED: 7.1× ATR above 200DMA,False,,A,8.0,3,False,124.5,145.08,153.61,Extended — wait for ATR pullback,7,2026-06-18,6.63,True,True,False,False,LOW_ROE(6.6%) | HIGH_PE(59x vs ind 23x),0,True,True,False,False,False,False,48.3,6,89.0
TRITURBINE,TRIVENI TURBINE,WATCHLIST_CONFIRMED,64.0,20.0,CAUTION,3.5,3.0,NORMAL,TOPPING,False,2,2,FRESH,True,26.8,32.3643,5.73,PARTIAL_EXIT,EXTENDED: 5.6× ATR above 200DMA,False,,A,20.74,4,False,534.24,612.67,661.22,Extended — wait for ATR pullback,7,2026-06-18,29.37,False,False,False,False,,0,True,True,False,False,False,False,48.3,6,89.0
NEPHROPLUS,NEPHROCARE HEALTH SERVICES,WATCHLIST_CONFIRMED,64.0,14.0,CAUTION,3.5,3.0,NORMAL,LATE_CYCLE,False,2,3,EXPIRED,True,32.47,38.7964,6.32,PARTIAL_EXIT,EXTENDED: 6.2× ATR above 200DMA,False,,A,9.0,3,False,556.34,659.41,717.6,Extended — wait for ATR pullback,7,2026-06-18,11.49,True,False,False,False,LOW_ROE(11.5%),0,False,False,False,False,False,False,48.3,6,89.0
POKARNA,POKARNA,WATCHLIST_CONFIRMED,64.0,20.0,CAUTION,3.5,3.0,NORMAL,LATE_CYCLE,False,3,3,FRESH,True,5.13,39.0536,5.17,HOLD,,False,,A,12.72,5,False,861.47,835.63,904.54,Near 200DMA — ideal dip entry zone,7,2026-06-18,24.11,False,False,False,False,,0,False,False,False,False,False,False,48.3,6,89.0
PAISALO,PAISALO DIGITAL,WATCHLIST_EXTERNAL,64.0,0.0,CAUTION,3.5,1.5,NORMAL,LATE_CYCLE,False,3,3,FRESH,True,48.63,2.5636,5.28,PARTIAL_EXIT,PROFIT_ZONE: +49% above 200DMA | EXTENDED: 11.0× ATR above 200DMA,False,,,0.0,3,False,39.19,53.12,56.97,Extended — wait for ATR pullback,7,2026-06-18,13.04,False,False,False,True,DRAWDOWN_RISK(vel=-19.0),0,False,False,False,False,False,False,48.3,6,89.0
PETRONET,PETRONET LNG,WATCHLIST_CONFIRMED,64.0,20.0,CAUTION,3.5,3.0,NORMAL,LATE_CYCLE,False,3,3,FRESH,True,6.6,7.2029,2.96,HOLD,,False,,A,50.43,5,False,273.93,265.71,287.63,Near 200DMA — ideal dip entry zone,7,2026-06-18,19.99,False,False,False,False,,0,False,False,False,False,False,False,48.3,6,89.0
NBCC,NBCC,WATCHLIST_CONFIRMED,64.0,19.0,CAUTION,3.5,3.0,NORMAL,TOPPING,False,2,2,FRESH,True,9.87,4.2143,4.48,HOLD,,False,,A,24.33,3,False,102.69,99.61,107.82,Near 200DMA — ideal dip entry zone,7,2026-06-18,21.83,False,False,False,False,,0,True,True,False,False,False,False,48.3,6,89.0
TINNARUBR,TINNA RUBBER,WATCHLIST_CONFIRMED,64.0,20.0,CAUTION,3.5,3.0,NORMAL,TOPPING,False,2,2,FRESH,True,12.84,43.6143,5.88,HOLD,,False,,A,18.38,4,False,789.14,765.47,828.6,Near 200DMA — ideal dip entry zone,7,2026-06-18,27.14,False,False,False,False,,0,False,False,False,False,False,False,48.3,6,89.0
SUNTECK,SUNTECK REALTY,WATCHLIST_CONFIRMED,64.0,7.0,CAUTION,3.5,3.0,NORMAL,CORRECTION,False,2,2,FRESH,True,-17.31,11.8321,4.49,HOLD,,False,,A,10.35,2,False,382.17,306.52,389.81,Below 200DMA — enter on recovery above 200DMA,7,2026-06-18,4.61,True,False,False,True,LOW_ROE(4.6%) | DRAWDOWN_RISK(vel=-10.0),0,False,False,False,False,False,False,48.3,6,89.0
SUNTV,SUN TV NETWORK,WATCHLIST_CONFIRMED,64.0,20.0,CAUTION,3.5,3.0,NORMAL,TOPPING,False,1,1,EXPIRED,False,-7.43,14.5071,3.35,HOLD,,False,,A,35.23,2,False,561.04,503.77,572.26,Below 200DMA — enter on recovery above 200DMA,7,2026-06-18,14.62,False,False,False,True,DRAWDOWN_RISK(vel=-13.0),0,True,True,False,False,False,False,48.3,6,89.0
VRLLOG,VRL LOGISTICS,WATCHLIST_CONFIRMED,64.0,17.0,CAUTION,3.5,3.0,NORMAL,LATE_CYCLE,False,1,2,EXPIRED,False,-7.04,6.7679,3.35,HOLD,,False,,A,31.19,2,False,261.04,235.38,266.26,Below 200DMA — enter on recovery above 200DMA,7,2026-06-18,16.87,False,False,False,True,DRAWDOWN_RISK(vel=-7.0),0,False,False,False,False,False,False,48.3,6,89.0
VESUVIUS,VESUVIUS INDIA,WATCHLIST_CONFIRMED,64.0,20.0,CAUTION,3.5,3.0,NORMAL,TOPPING,False,1,1,EXPIRED,False,-5.14,13.1357,3.41,HOLD,,False,,A,15.03,3,False,487.09,448.19,496.83,Below 200DMA — enter on recovery above 200DMA,7,2026-06-18,17.07,False,False,False,False,,0,False,False,False,False,False,False,48.3,6,89.0
REFEX,REFEX INDUSTRIES,WATCHLIST_CONFIRMED,64.0,13.0,CAUTION,3.5,3.0,NORMAL,TOPPING,False,2,2,FRESH,True,11.84,13.9571,5.19,EXIT,DETERIORATING (vel=-8.0 forensic=-3 regime=CAUTION),False,,A,10.98,2,False,288.44,279.79,302.86,Near 200DMA — ideal dip entry zone,7,2026-06-18,13.09,False,False,False,True,DRAWDOWN_RISK(vel=-8.0),0,False,False,False,False,False,False,48.3,6,89.0
SAKSOFT,SAKSOFT,WATCHLIST_CONFIRMED,64.0,20.0,CAUTION,3.5,3.0,NORMAL,BASING,False,2,2,AGING,True,-16.62,5.8093,4.88,HOLD,,False,,B,44.8,4,False,171.41,138.64,174.84,Below 200DMA — enter on recovery above 200DMA,7,2026-06-18,17.57,False,False,False,False,,0,True,True,False,False,False,False,48.3,6,89.0
SILVERTUC,SILVER TOUCH,WATCHLIST_CONFIRMED,64.0,17.0,CAUTION,3.5,3.0,NORMAL,BASING,False,2,2,FRESH,True,-52.6,10.995,6.75,HOLD,,False,,A,10.91,3,False,412.14,189.49,420.38,Below 200DMA — enter on recovery above 200DMA,7,2026-06-18,16.6,False,False,False,False,,0,False,False,False,False,False,False,48.3,6,89.0
BHARATSE,BHARAT SEATS,WATCHLIST_CONFIRMED,64.0,17.0,CAUTION,3.5,3.0,NORMAL,LATE_CYCLE,False,1,2,EXPIRED,False,3.25,8.2371,5.36,HOLD,,False,,A,17.4,3,False,178.57,173.21,187.5,Near 200DMA — ideal dip entry zone,7,2026-06-18,16.81,False,False,False,False,,0,False,False,False,False,False,False,48.3,6,89.0
BLSE,BLS E-SERVICES,WATCHLIST_CONFIRMED,64.0,16.0,CAUTION,3.5,3.0,NORMAL,CORRECTION,False,1,2,EXPIRED,True,23.19,7.9964,4.19,PARTIAL_EXIT,EXTENDED: 6.6× ATR above 200DMA,False,,A,17.16,3,False,185.9,213.02,225.01,Extended — wait for ATR pullback,7,2026-06-18,10.89,True,False,False,False,LOW_ROE(10.9%),0,True,True,False,False,False,False,48.3,6,89.0
CAPACITE,CAPACIT'E INFRA.,WATCHLIST_CONFIRMED,64.0,11.0,CAUTION,3.5,3.0,NORMAL,TOPPING,False,1,1,FRESH,False,-8.93,9.0736,4.71,HOLD,,False,,A,7.5,1,False,254.03,224.41,259.11,Below 200DMA — enter on recovery above 200DMA,7,2026-06-18,11.79,True,False,False,True,LOW_ROE(11.8%) | DRAWDOWN_RISK(vel=-7.0),0,False,False,False,False,False,False,48.3,6,89.0
DELHIVERY,DELHIVERY,WATCHLIST_CONFIRMED,64.0,8.0,CAUTION,3.5,3.0,NORMAL,LATE_CYCLE,False,2,2,FRESH,False,2.77,10.9321,2.91,HOLD,,False,,A,6.0,1,False,439.38,426.2,461.35,Near 200DMA — ideal dip entry zone,7,2026-06-18,1.72,True,True,False,True,LOW_ROE(1.7%) | HIGH_PE(209x vs ind 18x) | DRAWDOWN_RISK(vel=-5.0),0,False,False,False,False,False,False,48.3,6,89.0
DDEVPLSTIK,DDEV PLASTIKS,WATCHLIST_CONFIRMED,64.0,20.0,CAUTION,3.5,3.0,NORMAL,TOPPING,False,2,2,FRESH,True,-8.85,9.9293,4.68,EXIT,DETERIORATING (vel=-8.0 forensic=-1 regime=CAUTION),False,,A,19.51,2,False,279.11,246.78,284.69,Below 200DMA — enter on recovery above 200DMA,7,2026-06-18,22.22,False,False,False,True,DRAWDOWN_RISK(vel=-8.0),0,True,True,False,False,False,False,48.3,6,89.0
DOLLAR,DOLLAR INDUSTRIE,WATCHLIST_CONFIRMED,64.0,16.0,CAUTION,3.5,3.0,NORMAL,LATE_CYCLE,False,2,2,FRESH,False,-19.0,6.3,2.94,HOLD,,False,,A,21.73,1,False,317.79,249.68,324.15,Below 200DMA — enter on recovery above 200DMA,7,2026-06-18,10.64,True,False,False,False,LOW_ROE(10.6%),0,False,False,False,False,False,False,48.3,6,89.0
ASIANPAINT,ASIAN PAINTS,WATCHLIST_CONFIRMED,64.0,20.0,CAUTION,3.5,3.0,NORMAL,LATE_CYCLE,False,3,3,FRESH,True,7.25,65.5714,2.87,HOLD,,False,,A,23.29,5,False,2552.98,2476.39,2680.63,Near 200DMA — ideal dip entry zone,7,2026-06-18,18.9,False,False,False,False,,0,False,False,False,False,False,False,48.3,6,89.0
ASKAUTOLTD,ASK AUTOMOTIVE,WATCHLIST_CONFIRMED,64.0,20.0,CAUTION,3.5,3.0,NORMAL,LATE_CYCLE,False,3,3,FRESH,True,-1.51,12.375,3.26,HOLD,,False,,A,18.63,5,False,463.21,442.51,472.47,Below 200DMA — enter on recovery above 200DMA,7,2026-06-18,23.74,False,False,False,False,,0,False,False,False,False,False,False,48.3,6,89.0
ALLTIME,ALL TIME PLASTIC,WATCHLIST_CONFIRMED,64.0,20.0,CAUTION,3.5,3.0,NORMAL,LATE_CYCLE,False,3,3,FRESH,True,-3.12,12.0793,5.9,HOLD,,False,,A,12.0,5,False,253.53,238.24,258.6,Below 200DMA — enter on recovery above 200DMA,7,2026-06-18,19.01,False,False,False,False,,0,False,False,False,False,False,False,48.3,6,89.0
ABSMARINE,ABS MARINE,WATCHLIST_CONFIRMED,64.0,6.0,CAUTION,3.5,3.0,NORMAL,LATE_CYCLE,False,1,2,EXPIRED,False,13.91,13.4464,7.04,HOLD,,False,,A,5.0,1,False,201.34,195.3,211.41,Near 200DMA — ideal dip entry zone,7,2026-06-18,11.78,True,False,False,True,LOW_ROE(11.8%) | DRAWDOWN_RISK(vel=-6.0),0,False,False,False,False,False,False,48.3,6,89.0
ACE,ACTION CONST.EQ.,WATCHLIST_CONFIRMED,64.0,20.0,CAUTION,3.5,3.0,NORMAL,CORRECTION,False,2,2,FRESH,True,1.52,32.0821,4.0,HOLD,,False,,A,14.4,4,False,947.71,919.28,995.1,Near 200DMA — ideal dip entry zone,7,2026-06-18,25.34,False,False,False,False,,0,True,True,False,False,False,False,48.3,6,89.0
ABINFRA,A B INFRABUILD,WATCHLIST_CONFIRMED,64.0,16.0,CAUTION,3.5,3.0,NORMAL,TOPPING,False,1,1,EXPIRED,False,-40.69,1.085,12.48,EXIT,DETERIORATING (vel=-7.0 forensic=-3 regime=CAUTION),False,,A,10.3,1,False,17.59,10.12,17.94,Below 200DMA — enter on recovery above 200DMA,7,2026-06-18,14.61,False,True,False,True,HIGH_PE(46x vs ind 18x) | DRAWDOWN_RISK(vel=-7.0),0,False,False,False,False,False,False,48.3,6,89.0
AFFLE,AFFLE 3I,WATCHLIST_CONFIRMED,64.0,17.0,CAUTION,3.5,3.0,NORMAL,CORRECTION,False,1,2,EXPIRED,True,-10.29,56.4643,4.58,HOLD,,False,,A,10.5,3,False,1650.36,1436.09,1683.37,Below 200DMA — enter on recovery above 200DMA,7,2026-06-18,12.96,False,False,False,False,,0,True,True,False,False,False,False,48.3,6,89.0
ATGL,ADANI TOTAL GAS,WATCHLIST_CONFIRMED,64.0,17.0,CAUTION,3.5,3.0,NORMAL,LATE_CYCLE,False,3,3,AGING,True,17.34,38.9491,6.65,HOLD,,False,,A,10.95,4,False,598.84,624.75,683.18,Extended — wait for ATR pullback,7,2026-06-18,15.56,False,True,False,False,HIGH_PE(95x vs ind 14x),0,False,False,False,False,False,False,48.3,6,89.0
KOLTEPATIL,KOLTE PATIL DEV.,WATCHLIST_CONFIRMED,64.0,17.0,CAUTION,3.5,3.0,NORMAL,CORRECTION,False,1,2,EXPIRED,True,-3.2,13.6214,4.36,HOLD,,False,,A,10.5,3,False,387.52,363.85,395.27,Below 200DMA — enter on recovery above 200DMA,7,2026-06-18,12.84,False,False,False,True,DRAWDOWN_RISK(vel=-10.0),0,False,False,False,False,False,False,48.3,6,89.0
JSL,JINDAL STAIN.,WATCHLIST_EXTERNAL,64.0,17.0,CAUTION,3.5,1.5,NORMAL,TOPPING,False,1,1,EXPIRED,False,-4.51,25.0964,4.14,HOLD,,False,,A,14.68,2,False,762.29,706.06,777.54,Below 200DMA — enter on recovery above 200DMA,7,2026-06-18,15.01,False,False,False,True,DRAWDOWN_RISK(vel=-16.0),0,False,False,False,False,False,False,48.3,6,89.0
JKIL,J KUMAR INFRA,WATCHLIST_CONFIRMED,64.0,20.0,CAUTION,3.5,3.0,NORMAL,TOPPING,False,1,1,FRESH,False,-11.68,15.6179,3.8,HOLD,,False,,A,20.16,2,False,557.77,477.82,568.93,Below 200DMA — enter on recovery above 200DMA,7,2026-06-18,13.01,False,False,False,True,DRAWDOWN_RISK(vel=-7.0),0,False,False,False,False,False,False,48.3,6,89.0
FORCEMOT,FORCE MOTORS,WATCHLIST_CONFIRMED,64.0,19.0,CAUTION,3.5,3.0,NORMAL,BASING,False,1,1,FRESH,False,-3.91,802.0714,5.15,HOLD,,False,,A,13.36,3,False,19452.09,18130.27,19841.13,Below 200DMA — enter on recovery above 200DMA,7,2026-06-18,26.4,False,False,False,False,,0,True,True,False,False,False,False,48.3,6,89.0
FSL,FIRSTSOUR.SOLU.,WATCHLIST_CONFIRMED,64.0,17.0,CAUTION,3.5,3.0,NORMAL,LATE_CYCLE,False,2,3,EXPIRED,True,-16.16,9.0557,4.46,HOLD,,False,,A,28.82,3,False,290.84,236.53,296.66,Below 200DMA — enter on recovery above 200DMA,7,2026-06-18,14.51,False,False,False,False,,0,False,False,False,False,False,False,48.3,6,89.0
GLAXO,GLAXOSMI. PHARMA,WATCHLIST_CONFIRMED,64.0,20.0,CAUTION,3.5,3.0,NORMAL,LATE_CYCLE,False,1,2,EXPIRED,False,-10.0,48.55,2.65,HOLD,,False,,A,29.5,3,False,2444.17,2133.81,2493.05,Below 200DMA — enter on recovery above 200DMA,7,2026-06-18,47.54,False,False,False,False,,0,True,True,False,False,False,False,48.3,6,89.0
ARROWGREEN,ARROW GREENTECH,WATCHLIST_CONFIRMED,63.0,20.0,CAUTION,3.5,3.0,NORMAL,TOPPING,False,1,2,EXPIRED,True,12.55,38.8714,8.07,HOLD,,False,,A,22.4,4,False,513.38,497.98,539.05,Near 200DMA — ideal dip entry zone,7,2026-06-18,33.53,False,False,False,False,,0,True,True,False,False,False,False,48.3,6,89.0
USHAMART,USHA MARTIN,WATCHLIST_CONFIRMED,63.0,20.0,CAUTION,3.5,3.0,NORMAL,TOPPING,False,2,2,FRESH,True,12.46,17.4893,4.24,HOLD,,False,,A,19.44,5,False,440.08,426.88,462.08,Near 200DMA — ideal dip entry zone,7,2026-06-18,14.8,False,False,False,False,,0,True,True,False,False,False,False,48.3,6,89.0
JBMA,JBM AUTO,WATCHLIST_CONFIRMED,63.0,17.0,CAUTION,3.5,3.0,NORMAL,LATE_CYCLE,False,3,3,FRESH,True,12.4,30.9107,5.35,HOLD,,False,,A,12.04,5,False,616.48,597.99,647.3,Near 200DMA — ideal dip entry zone,7,2026-06-18,14.95,False,True,False,False,HIGH_PE(172x vs ind 28x),0,False,False,False,False,False,False,48.3,6,89.0
JAMNAAUTO,JAMNA AUTO INDS.,WATCHLIST_CONFIRMED,63.0,20.0,CAUTION,3.5,3.0,NORMAL,LATE_CYCLE,False,3,3,AGING,True,10.7,5.6679,5.22,HOLD,,False,,A,29.5,6,False,117.63,114.1,123.51,Near 200DMA — ideal dip entry zone,7,2026-06-18,18.16,False,False,False,False,,0,False,False,False,False,False,False,48.3,6,89.0
SHREEJISPG,SHREEJI SHIP. GL,WATCHLIST_CONFIRMED,63.0,19.0,CAUTION,3.5,3.0,NORMAL,LATE_CYCLE,False,2,3,EXPIRED,True,42.74,19.425,4.75,PARTIAL_EXIT,PROFIT_ZONE: +43% above 200DMA | EXTENDED: 10.8× ATR above 200DMA,False,,A,11.5,3,False,343.98,452.15,481.29,Extended — wait for ATR pullback,7,2026-06-18,41.16,False,False,False,False,,0,False,False,False,False,False,False,48.3,6,89.0
CORDSCABLE,CORDS CABLE,WATCHLIST_CONFIRMED,63.0,15.0,CAUTION,3.5,3.0,NORMAL,TOPPING,False,1,2,EXPIRED,True,21.95,13.1921,7.19,PARTIAL_EXIT,EXTENDED: 3.7× ATR above 200DMA,False,,A,16.05,3,False,180.51,193.76,213.54,Extended — wait for ATR pullback,7,2026-06-18,8.04,True,False,False,False,LOW_ROE(8.0%),0,False,False,False,False,False,False,48.3,6,89.0
AFIL,AKME FINTRADE,WATCHLIST_EXTERNAL,63.0,0.0,CAUTION,3.5,1.5,NORMAL,LATE_CYCLE,False,3,3,FRESH,True,34.79,0.5836,6.75,PARTIAL_EXIT,EXTENDED: 6.2× ATR above 200DMA,False,,,0.0,3,False,7.7,9.21,10.09,Extended — wait for ATR pullback,7,2026-06-18,8.69,False,False,False,True,DRAWDOWN_RISK(vel=-19.0),0,False,False,False,False,False,False,48.3,6,89.0
FEDERALBNK,FEDERAL BANK,WATCHLIST_CONFIRMED,63.0,4.0,CAUTION,3.5,3.0,NORMAL,LATE_CYCLE,False,3,3,FRESH,True,24.19,8.1036,3.01,PARTIAL_EXIT,EXTENDED: 9.6× ATR above 200DMA,False,,A,8.44,4,False,259.85,306.49,318.65,Extended — wait for ATR pullback,7,2026-06-18,12.04,False,False,False,False,,0,False,False,False,False,False,False,48.3,6,89.0
PNGJL,P N GADGIL JEWE.,WATCHLIST_CONFIRMED,63.0,16.0,CAUTION,3.5,3.0,NORMAL,LATE_CYCLE,False,1,2,EXPIRED,False,-7.21,19.825,4.26,HOLD,,False,,A,10.0,2,False,602.32,542.13,614.37,Below 200DMA — enter on recovery above 200DMA,7,2026-06-18,14.05,False,False,False,False,,0,False,False,False,False,False,False,48.3,6,89.0
PTC,PTC INDIA,WATCHLIST_CONFIRMED,63.0,13.0,CAUTION,3.5,3.0,NORMAL,TOPPING,False,1,1,FRESH,False,11.43,6.7457,4.25,EXIT,DETERIORATING (vel=-10.0 forensic=-1 regime=CAUTION),False,,A,79.0,1,False,171.12,165.99,179.68,Near 200DMA — ideal dip entry zone,7,2026-06-18,15.51,False,False,False,True,DRAWDOWN_RISK(vel=-10.0),0,False,False,False,False,False,False,48.3,6,89.0
PRICOLLTD,PRICOL LTD,WATCHLIST_CONFIRMED,63.0,20.0,CAUTION,3.5,3.0,NORMAL,LATE_CYCLE,False,2,2,FRESH,False,-0.58,18.5357,3.9,HOLD,,False,,A,15.69,3,False,573.15,552.75,584.61,Below 200DMA — enter on recovery above 200DMA,7,2026-06-18,16.44,False,False,False,False,,0,False,False,False,False,False,False,48.3,6,89.0
RADICO,RADICO KHAITAN,WATCHLIST_CONFIRMED,63.0,17.0,CAUTION,3.5,3.0,NORMAL,CORRECTION,False,2,2,FRESH,True,16.21,81.2571,2.73,HOLD,,False,,A,12.0,4,False,3073.92,3409.69,3531.57,Extended — wait for ATR pullback,7,2026-06-18,12.55,False,False,False,False,,0,False,False,False,False,False,False,48.3,6,89.0
MOS,MOS UTILITY,WATCHLIST_CONFIRMED,63.0,20.0,CAUTION,3.5,3.0,NORMAL,LATE_CYCLE,False,2,3,EXPIRED,True,-32.23,0.7571,5.7,HOLD,,False,,A,12.0,4,False,23.54,15.47,24.01,Below 200DMA — enter on recovery above 200DMA,7,2026-06-18,14.47,False,True,False,False,HIGH_PE(254x vs ind 18x),0,False,False,False,False,False,False,48.3,6,89.0
UTLSOLAR,FUJIYAMA POWER,WATCHLIST_CONFIRMED,63.0,20.0,CAUTION,3.5,3.0,NORMAL,TOPPING,False,2,2,FRESH,True,37.06,22.6321,8.5,PARTIAL_EXIT,EXTENDED: 5.2× ATR above 200DMA,False,,A,12.0,4,False,233.18,274.34,308.28,Extended — wait for ATR pullback,7,2026-06-18,39.4,False,False,False,False,,0,False,False,False,False,False,False,48.3,6,89.0
TARACHAND,TARA CHAND INFRA,WATCHLIST_CONFIRMED,63.0,14.0,CAUTION,3.5,3.0,RESTRICTED,LATE_CYCLE,False,1,2,EXPIRED,False,-18.76,2.7843,5.95,HOLD,,False,,B,44.1,2,False,69.12,54.47,70.5,Below 200DMA — enter on recovery above 200DMA,7,2026-06-18,20.48,False,False,False,False,,0,False,False,False,False,False,False,48.3,6,89.0
VMART,V-MART RETAIL,WATCHLIST_CONFIRMED,63.0,12.0,CAUTION,3.5,3.0,NORMAL,TOPPING,False,1,2,EXPIRED,True,11.08,27.4036,4.3,HOLD,,False,,A,8.0,2,False,687.73,667.1,722.12,Near 200DMA — ideal dip entry zone,7,2026-06-18,5.65,True,False,False,False,LOW_ROE(5.7%),0,False,False,False,False,False,False,48.3,6,89.0
SANDUMA,SANDUR MANGANESE,WATCHLIST_CONFIRMED,63.0,19.0,CAUTION,3.5,3.0,NORMAL,TOPPING,False,1,1,FRESH,False,4.33,8.3321,4.65,HOLD,,False,,A,13.72,3,False,206.29,200.1,216.6,Near 200DMA — ideal dip entry zone,7,2026-06-18,18.0,False,False,False,True,DRAWDOWN_RISK(vel=-9.0),0,False,False,False,False,False,False,48.3,6,89.0
RNBDENIMS,R&B DENIMS,WATCHLIST_CONFIRMED,63.0,20.0,CAUTION,3.5,3.0,RESTRICTED,LATE_CYCLE,False,2,2,AGING,False,-68.85,0.6093,6.68,HOLD,,False,,A,15.0,2,False,35.12,10.61,35.82,Below 200DMA — enter on recovery above 200DMA,7,2026-06-18,12.15,False,False,False,False,,0,False,False,False,False,False,False,48.3,6,89.0
RAMRAT,RAM RATNA WIRES,WATCHLIST_CONFIRMED,63.0,17.0,CAUTION,3.5,3.0,NORMAL,TOPPING,False,1,1,FRESH,False,18.57,19.5643,5.84,HOLD,,False,,A,14.52,4,False,338.83,362.62,391.97,Extended — wait for ATR pullback,7,2026-06-18,14.51,False,False,False,False,,0,False,False,False,False,False,False,48.3,6,89.0
SAFARI,SAFARI INDS.,WATCHLIST_CONFIRMED,63.0,19.0,CAUTION,3.5,3.0,NORMAL,LATE_CYCLE,False,2,3,EXPIRED,True,-13.3,77.3714,5.54,HOLD,,False,,A,13.76,4,False,1932.49,1625.23,1971.14,Below 200DMA — enter on recovery above 200DMA,7,2026-06-18,14.98,False,False,False,False,,0,False,False,False,False,False,False,48.3,6,89.0
CLEAN,CLEAN SCIENCE,WATCHLIST_CONFIRMED,63.0,20.0,CAUTION,3.5,3.0,NORMAL,TOPPING,False,1,1,EXPIRED,False,-11.5,28.7143,4.43,HOLD,,False,,A,20.57,2,False,879.82,755.29,897.42,Below 200DMA — enter on recovery above 200DMA,7,2026-06-18,18.67,False,False,False,True,DRAWDOWN_RISK(vel=-7.0),0,True,True,False,False,False,False,48.3,6,89.0
BHARATFORG,BHARAT FORGE,WATCHLIST_CONFIRMED,63.0,16.0,CAUTION,3.5,3.0,NORMAL,LATE_CYCLE,False,3,3,FRESH,True,30.21,55.7429,3.29,PARTIAL_EXIT,EXTENDED: 11.0× ATR above 200DMA,False,,A,14.93,5,False,1562.44,1923.01,2006.63,Extended — wait for ATR pullback,7,2026-06-18,10.17,True,True,False,False,LOW_ROE(10.2%) | HIGH_PE(73x vs ind 28x),0,False,False,False,False,False,False,48.3,6,89.0
DIXON,DIXON TECHNOLOG.,WATCHLIST_CONFIRMED,63.0,20.0,CAUTION,3.5,3.0,NORMAL,LATE_CYCLE,False,3,3,FRESH,True,-1.39,376.2143,3.52,HOLD,,False,,A,12.77,5,False,13014.21,12448.01,13274.49,Below 200DMA — enter on recovery above 200DMA,7,2026-06-18,36.39,False,False,False,False,,0,False,False,False,False,False,False,48.3,6,89.0
ALKEM,ALKEM LAB,WATCHLIST_CONFIRMED,63.0,20.0,CAUTION,3.5,3.0,NORMAL,LATE_CYCLE,False,1,2,EXPIRED,False,-2.63,139.9643,3.14,HOLD,,False,,A,20.54,3,False,5492.0,5187.07,5601.84,Below 200DMA — enter on recovery above 200DMA,7,2026-06-18,18.07,False,False,False,False,,0,False,False,False,False,False,False,48.3,6,89.0
IDFCFIRSTB,IDFC FIRST BANK,WATCHLIST_CONFIRMED,63.0,2.0,CAUTION,3.5,3.0,NORMAL,LATE_CYCLE,False,3,3,FRESH,True,3.39,2.0221,3.14,HOLD,,False,,A,6.95,4,False,74.84,72.59,78.58,Near 200DMA — ideal dip entry zone,7,2026-06-18,3.71,True,True,False,False,LOW_ROE(3.7%) | HIGH_PE(33x vs ind 12x),0,False,False,False,False,False,False,48.3,6,89.0
INDIASHLTR,INDIA SHELTE FIN,WATCHLIST_EXTERNAL,63.0,1.0,CAUTION,3.5,1.5,NORMAL,LATE_CYCLE,False,2,2,FRESH,False,-5.66,33.5571,5.24,EXIT,DETERIORATING (vel=-17.0 forensic=-4 regime=CAUTION),False,,A,9.63,1,False,815.31,746.12,831.62,Below 200DMA — enter on recovery above 200DMA,7,2026-06-18,13.95,False,False,False,True,DRAWDOWN_RISK(vel=-17.0),0,False,False,False,False,False,False,48.3,6,89.0
KPITTECH,KPIT TECHNOLOGI.,WATCHLIST_CONFIRMED,63.0,20.0,CAUTION,3.5,3.0,NORMAL,BASING,False,2,2,FRESH,True,-24.05,26.2929,4.2,HOLD,,False,,B,44.1,4,False,990.11,729.44,1009.91,Below 200DMA — enter on recovery above 200DMA,7,2026-06-18,28.83,False,False,False,False,,0,False,False,False,False,False,False,48.3,6,89.0
KOTHARIPET,KOTHARI PETROCHE,WATCHLIST_CONFIRMED,63.0,20.0,CAUTION,3.5,3.0,NORMAL,TOPPING,False,1,1,EXPIRED,False,-4.25,5.6714,5.47,HOLD,,False,,A,21.1,2,False,129.96,120.71,132.56,Below 200DMA — enter on recovery above 200DMA,7,2026-06-18,21.5,False,False,False,True,DRAWDOWN_RISK(vel=-7.0),0,True,True,False,False,False,False,48.3,6,89.0
LAXMIDENTL,LAXMI DENTAL,WATCHLIST_CONFIRMED,63.0,17.0,CAUTION,3.5,3.0,NORMAL,LATE_CYCLE,False,3,3,FRESH,True,-9.7,11.82,6.3,HOLD,,False,,B,44.1,5,False,249.15,218.22,254.13,Below 200DMA — enter on recovery above 200DMA,7,2026-06-18,15.24,False,False,False,False,,0,True,True,False,False,False,False,48.3,6,89.0
KSB,KSB,WATCHLIST_CONFIRMED,63.0,20.0,CAUTION,3.5,3.0,NORMAL,TOPPING,False,1,1,FRESH,False,9.87,29.4214,4.06,HOLD,,False,,A,17.01,3,False,792.1,768.34,831.71,Near 200DMA — ideal dip entry zone,7,2026-06-18,17.1,False,False,False,False,,0,True,True,False,False,False,False,48.3,6,89.0
HEXT,HEXAWARE TECH.,WATCHLIST_CONFIRMED,63.0,20.0,CAUTION,3.5,3.0,NORMAL,BASING,False,1,2,EXPIRED,True,-17.42,21.0714,5.03,HOLD,,False,,B,44.1,4,False,609.25,488.06,621.44,Below 200DMA — enter on recovery above 200DMA,7,2026-06-18,23.46,False,False,False,False,,0,False,False,False,False,False,False,48.3,6,89.0
GMRAIRPORT,GMR AIRPORTS,WATCHLIST_CONFIRMED,62.0,0.0,CAUTION,3.5,3.0,NORMAL,BASING,False,2,2,FRESH,True,13.57,3.8186,4.19,HOLD,,False,,,0.0,5,False,96.26,93.37,101.07,Near 200DMA — ideal dip entry zone,7,2026-06-18,,False,False,False,False,,0,False,False,False,False,False,False,48.3,6,89.0
JINDALSAW,JINDAL SAW,WATCHLIST_CONFIRMED,62.0,17.0,CAUTION,3.5,3.0,NORMAL,TOPPING,False,1,2,EXPIRED,True,33.4,12.8643,5.97,PARTIAL_EXIT,EXTENDED: 6.7× ATR above 200DMA,False,,A,20.82,4,False,193.76,232.75,252.05,Extended — wait for ATR pullback,7,2026-06-18,15.23,False,False,False,False,,0,False,False,False,False,False,False,48.3,6,89.0
PHOENIXLTD,PHOENIX MILLS,WATCHLIST_CONFIRMED,62.0,11.0,CAUTION,3.5,3.0,NORMAL,CORRECTION,False,1,2,EXPIRED,True,9.46,55.3714,3.55,HOLD,,False,,A,12.11,2,False,1707.58,1656.35,1792.96,Near 200DMA — ideal dip entry zone,7,2026-06-18,9.42,True,False,False,True,LOW_ROE(9.4%) | DRAWDOWN_RISK(vel=-8.0),0,False,False,False,False,False,False,48.3,6,89.0
CGPOWER,CG POWER & IND,WATCHLIST_CONFIRMED,62.0,20.0,CAUTION,3.5,3.0,NORMAL,TOPPING,False,2,2,FRESH,True,31.53,28.4536,3.54,PARTIAL_EXIT,EXTENDED: 10.7× ATR above 200DMA,False,,A,13.88,4,False,732.74,906.84,949.52,Extended — wait for ATR pullback,7,2026-06-18,25.35,False,True,False,False,HIGH_PE(96x vs ind 31x),0,True,True,False,False,False,False,48.3,6,89.0
IFCI,IFCI,WATCHLIST_EXTERNAL,62.0,1.0,CAUTION,3.5,1.5,NORMAL,LATE_CYCLE,False,2,3,EXPIRED,True,56.37,5.9586,7.94,EXIT,PROFIT_ZONE: +56% above 200DMA | EXTENDED: 8.5× ATR above 200DMA,False,,,0.0,1,False,57.6,78.15,87.09,Extended — wait for ATR pullback,7,2026-06-18,1.97,True,False,False,True,LOW_ROE(2.0%) | DRAWDOWN_RISK(vel=-20.0),0,False,False,False,False,False,False,48.3,6,89.0
OBEROIRLTY,OBEROI REALTY,WATCHLIST_CONFIRMED,62.0,17.0,CAUTION,3.5,3.0,NORMAL,CORRECTION,False,2,2,FRESH,True,4.63,50.2214,3.56,HOLD,,False,,A,16.0,3,False,1619.74,1571.15,1700.73,Near 200DMA — ideal dip entry zone,7,2026-06-18,14.17,False,False,False,False,,0,False,False,False,False,False,False,48.3,6,89.0
MODISONLTD,MODISON,WATCHLIST_CONFIRMED,62.0,12.0,CAUTION,3.5,3.0,NORMAL,TOPPING,False,2,2,FRESH,True,88.73,18.8707,7.4,EXIT,PROFIT_ZONE: +89% above 200DMA | EXTENDED: 14.4× ATR above 200DMA,False,,A,55.8,3,False,162.16,268.31,296.61,Extended — wait for ATR pullback,7,2026-06-18,11.39,True,False,False,False,LOW_ROE(11.4%),0,False,False,False,False,False,False,48.3,6,89.0
GALAPREC,GALA PRECIS. ENG,WATCHLIST_CONFIRMED,62.0,15.0,CAUTION,3.5,3.0,NORMAL,LATE_CYCLE,False,2,3,EXPIRED,True,32.25,51.2643,5.95,PARTIAL_EXIT,EXTENDED: 6.5× ATR above 200DMA,False,,A,9.5,3,False,781.94,931.57,1008.47,Extended — wait for ATR pullback,7,2026-06-18,10.46,True,False,False,False,LOW_ROE(10.5%),0,True,True,False,False,False,False,48.3,6,89.0
LALPATHLAB,DR LAL PATHLABS,WATCHLIST_CONFIRMED,62.0,20.0,CAUTION,3.5,3.0,NORMAL,LATE_CYCLE,False,2,3,EXPIRED,True,10.4,60.7572,4.41,HOLD,,False,,A,24.44,4,False,1496.16,1451.28,1570.97,Near 200DMA — ideal dip entry zone,7,2026-06-18,22.42,False,False,False,False,,0,True,True,False,False,False,False,48.3,6,89.0
VMARCIND,V-MARC INDIA,WATCHLIST_CONFIRMED,62.0,15.0,CAUTION,3.5,3.0,NORMAL,TOPPING,False,1,2,EXPIRED,True,125.06,99.5536,7.18,EXIT,PROFIT_ZONE: +125% above 200DMA | EXTENDED: 20.9× ATR above 200DMA,False,,A,9.5,4,False,739.37,1464.94,1614.27,Extended — wait for ATR pullback,7,2026-06-18,19.05,False,False,False,False,,0,False,False,False,False,False,False,48.3,6,89.0
RATNAVEER,RATNAVEER PRECIS,WATCHLIST_CONFIRMED,62.0,16.0,CAUTION,3.5,3.0,NORMAL,TOPPING,False,1,2,EXPIRED,True,17.35,8.3343,5.52,HOLD,,False,,A,10.0,5,False,154.39,164.5,177.0,Extended — wait for ATR pullback,7,2026-06-18,12.62,False,False,False,False,,0,False,False,False,False,False,False,48.3,6,89.0
WEBELSOLAR,WEBSOL ENERGY,WATCHLIST_CONFIRMED,62.0,20.0,CAUTION,3.5,3.0,NORMAL,TOPPING,False,1,2,EXPIRED,True,7.71,4.6521,5.25,HOLD,,False,,A,12.0,4,False,98.71,95.75,103.65,Near 200DMA — ideal dip entry zone,7,2026-06-18,55.65,False,False,False,False,,0,False,False,False,False,False,False,48.3,6,89.0
NILASPACES,NILA SPACES,WATCHLIST_CONFIRMED,62.0,9.0,CAUTION,3.5,3.0,RESTRICTED,CORRECTION,False,1,1,FRESH,False,-13.14,0.6386,5.89,HOLD,,False,,,0.0,0,False,14.99,12.63,15.29,Below 200DMA — enter on recovery above 200DMA,7,2026-06-18,10.31,True,False,False,False,LOW_ROE(10.3%),0,False,False,False,False,False,False,48.3,6,89.0
NMDC,NMDC,WATCHLIST_CONFIRMED,62.0,18.0,CAUTION,3.5,3.0,NORMAL,TOPPING,False,1,1,EXPIRED,False,10.66,3.1871,4.35,HOLD,,False,,A,51.74,4,False,79.53,77.14,83.51,Near 200DMA — ideal dip entry zone,7,2026-06-18,22.03,False,False,False,False,,0,False,False,False,False,False,False,48.3,6,89.0
TIMETECHNO,TIME TECHNOPLAST,WATCHLIST_CONFIRMED,62.0,20.0,CAUTION,3.5,3.0,NORMAL,TOPPING,False,1,1,FRESH,False,-7.29,6.4507,4.32,HOLD,,False,,A,19.6,3,False,193.35,173.88,197.22,Below 200DMA — enter on recovery above 200DMA,7,2026-06-18,13.41,False,False,False,False,,0,False,False,False,False,False,False,48.3,6,89.0
TRANSTEEL,TRANSTEEL SEATIN,WATCHLIST_CONFIRMED,62.0,16.0,CAUTION,3.5,3.0,RESTRICTED,LATE_CYCLE,False,1,2,EXPIRED,False,-11.6,6.6607,6.67,HOLD,,False,,A,10.0,2,False,135.58,116.25,138.29,Below 200DMA — enter on recovery above 200DMA,7,2026-06-18,12.64,False,False,False,False,,0,False,False,False,False,False,False,48.3,6,89.0
VTL,VARDHMAN TEXTILE,WATCHLIST_CONFIRMED,62.0,11.0,CAUTION,3.5,3.0,NORMAL,LATE_CYCLE,False,3,3,FRESH,True,27.46,25.0178,4.79,PARTIAL_EXIT,EXTENDED: 6.9× ATR above 200DMA,False,,A,16.8,3,False,491.24,576.11,613.64,Extended — wait for ATR pullback,7,2026-06-18,8.93,True,False,False,False,LOW_ROE(8.9%),0,False,False,False,False,False,False,48.3,6,89.0
BIKAJI,BIKAJI FOODS,WATCHLIST_CONFIRMED,62.0,16.0,CAUTION,3.5,3.0,NORMAL,CORRECTION,False,2,2,FRESH,True,-3.37,19.3821,3.47,HOLD,,False,,A,11.64,3,False,693.34,649.9,707.21,Below 200DMA — enter on recovery above 200DMA,7,2026-06-18,14.52,False,True,False,False,HIGH_PE(62x vs ind 25x),0,False,False,False,False,False,False,48.3,6,89.0
CEWATER,CONCORD ENVIRO,WATCHLIST_CONFIRMED,62.0,15.0,CAUTION,3.5,3.0,NORMAL,TOPPING,False,2,2,FRESH,True,-16.35,17.8357,6.57,HOLD,,False,,B,43.4,2,False,389.54,316.07,397.33,Below 200DMA — enter on recovery above 200DMA,7,2026-06-18,9.65,True,False,False,True,LOW_ROE(9.7%) | DRAWDOWN_RISK(vel=-10.0),0,False,False,False,False,False,False,48.3,6,89.0
BLUESTARCO,BLUE STAR,WATCHLIST_CONFIRMED,62.0,20.0,CAUTION,3.5,3.0,NORMAL,LATE_CYCLE,False,1,2,EXPIRED,False,-6.13,52.9857,3.75,HOLD,,False,,A,20.19,3,False,1806.29,1644.73,1842.42,Below 200DMA — enter on recovery above 200DMA,7,2026-06-18,19.29,False,False,False,False,,0,False,False,False,False,False,False,48.3,6,89.0
BPCL,B P C L,WATCHLIST_CONFIRMED,62.0,13.0,CAUTION,3.5,3.0,NORMAL,LATE_CYCLE,False,2,3,EXPIRED,True,-3.34,8.5107,3.21,HOLD,,False,,A,69.21,4,False,328.94,308.41,335.52,Below 200DMA — enter on recovery above 200DMA,7,2026-06-18,16.39,False,False,False,False,,0,False,False,False,False,False,False,48.3,6,89.0
DAMCAPITAL,DAM CAPITAL ADVI,WATCHLIST_CONFIRMED,62.0,20.0,CAUTION,3.5,3.0,NORMAL,LATE_CYCLE,False,2,2,FRESH,False,-21.55,5.0114,4.01,HOLD,,False,,B,43.4,3,False,191.11,145.43,194.93,Below 200DMA — enter on recovery above 200DMA,7,2026-06-18,39.32,False,False,True,False,,0,True,True,False,False,False,False,48.3,6,89.0
ANGELONE,ANGEL ONE,WATCHLIST_CONFIRMED,62.0,11.0,CAUTION,3.5,3.0,NORMAL,LATE_CYCLE,False,2,3,EXPIRED,True,33.07,13.0679,4.5,PARTIAL_EXIT,EXTENDED: 8.8× ATR above 200DMA,False,,A,23.43,3,False,262.03,322.56,342.17,Extended — wait for ATR pullback,7,2026-06-18,20.85,False,False,False,False,,0,False,False,False,False,False,False,48.3,6,89.0
APLAPOLLO,APL APOLLO TUBES,WATCHLIST_CONFIRMED,62.0,20.0,CAUTION,3.5,3.0,NORMAL,TOPPING,False,1,1,FRESH,False,-1.58,48.3643,3.13,HOLD,,False,,A,14.9,3,False,1884.39,1798.96,1922.08,Below 200DMA — enter on recovery above 200DMA,7,2026-06-18,17.99,False,False,False,False,,0,False,False,False,False,False,False,48.3,6,89.0
AGI,AGI GREENPAC,WATCHLIST_CONFIRMED,62.0,20.0,CAUTION,3.5,3.0,NORMAL,TOPPING,False,1,2,EXPIRED,True,5.46,24.9893,4.12,HOLD,,False,,A,25.87,4,False,689.4,668.72,723.87,Near 200DMA — ideal dip entry zone,7,2026-06-18,15.37,False,False,False,False,,0,False,False,False,False,False,False,48.3,6,89.0
BALKRISIND,BALKRISHNA INDS,WATCHLIST_CONFIRMED,62.0,20.0,CAUTION,3.5,3.0,NORMAL,LATE_CYCLE,False,3,3,FRESH,True,-2.36,88.6357,4.71,HOLD,,False,,A,19.55,5,False,2310.6,2188.32,2356.81,Below 200DMA — enter on recovery above 200DMA,7,2026-06-18,15.93,False,False,False,False,,0,False,False,False,False,False,False,48.3,6,89.0
ICIL,INDO COUNT INDS.,WATCHLIST_CONFIRMED,62.0,16.0,CAUTION,3.5,3.0,NORMAL,LATE_CYCLE,False,2,3,EXPIRED,True,22.62,17.4321,6.11,PARTIAL_EXIT,EXTENDED: 4.4× ATR above 200DMA,False,,A,18.51,2,False,278.99,307.24,333.38,Extended — wait for ATR pullback,7,2026-06-18,10.8,True,False,False,False,LOW_ROE(10.8%),0,False,False,False,False,False,False,48.3,6,89.0
INA,INSOLATION ENER,WATCHLIST_CONFIRMED,62.0,19.0,CAUTION,3.5,3.0,NORMAL,TOPPING,False,1,1,EXPIRED,False,-3.25,6.1286,6.29,HOLD,,False,,A,11.5,2,False,120.85,113.41,123.27,Below 200DMA — enter on recovery above 200DMA,7,2026-06-18,20.47,False,False,False,True,DRAWDOWN_RISK(vel=-8.0),0,False,False,False,False,False,False,48.3,6,89.0
HARDWYN,HARDWYN INDIA,WATCHLIST_CONFIRMED,62.0,11.0,CAUTION,3.5,3.0,NORMAL,LATE_CYCLE,False,2,3,EXPIRED,True,36.48,1.3293,6.43,PARTIAL_EXIT,EXTENDED: 6.8× ATR above 200DMA,False,,A,7.5,4,False,18.17,22.14,24.14,Extended — wait for ATR pullback,7,2026-06-18,2.85,True,False,False,False,LOW_ROE(2.9%),0,True,True,False,False,False,False,48.3,6,89.0
GAUDIUMIVF,GAUDIUM IVF,WATCHLIST_CONFIRMED,62.0,20.0,CAUTION,3.5,3.0,NORMAL,LATE_CYCLE,False,2,2,AGING,False,4.43,2.1,2.41,HOLD,,False,,A,12.0,3,False,100.06,97.06,105.06,Near 200DMA — ideal dip entry zone,7,2026-06-18,41.31,False,False,False,False,,0,False,False,False,False,False,False,48.3,6,89.0
KIMS,KRISHNA INSTITU.,WATCHLIST_CONFIRMED,61.0,16.0,CAUTION,3.5,3.0,NORMAL,LATE_CYCLE,False,2,3,EXPIRED,True,15.26,27.9464,4.21,HOLD,,False,,A,10.0,4,False,690.95,740.51,782.43,Extended — wait for ATR pullback,7,2026-06-18,17.99,False,False,False,False,,0,False,False,False,False,False,False,48.3,6,89.0
JAGSNPHARM,JAGSONPAL PHARMA,WATCHLIST_CONFIRMED,61.0,20.0,CAUTION,3.5,3.0,NORMAL,LATE_CYCLE,False,3,3,FRESH,True,3.78,6.2143,3.56,HOLD,,False,,A,25.82,4,False,201.58,195.53,211.66,Near 200DMA — ideal dip entry zone,7,2026-06-18,23.07,False,False,False,False,,0,True,True,False,False,False,False,48.3,6,89.0
GPTHEALTH,GPT HEALTHCARE,WATCHLIST_CONFIRMED,61.0,20.0,CAUTION,3.5,3.0,NORMAL,LATE_CYCLE,False,3,3,FRESH,True,4.24,5.9807,4.95,HOLD,,False,,A,32.65,5,False,139.02,134.85,145.97,Near 200DMA — ideal dip entry zone,7,2026-06-18,20.14,False,False,False,False,,0,False,False,False,False,False,False,48.3,6,89.0
MAHLOG,MAHINDRA LOGIS.,WATCHLIST_CONFIRMED,61.0,8.0,CAUTION,3.5,3.0,NORMAL,LATE_CYCLE,False,1,2,EXPIRED,False,-2.45,11.7571,4.09,HOLD,,False,,A,6.0,1,False,353.65,334.65,360.72,Below 200DMA — enter on recovery above 200DMA,7,2026-06-18,-8.19,True,False,False,True,LOW_ROE(-8.2%) | DRAWDOWN_RISK(vel=-7.0),0,False,False,False,False,False,False,48.3,6,89.0
MOSCHIP,MOSCHIP TECH.,WATCHLIST_CONFIRMED,61.0,11.0,CAUTION,3.5,3.0,NORMAL,LATE_CYCLE,False,3,3,FRESH,True,1.88,11.1993,6.26,HOLD,,False,,A,7.5,4,False,210.56,204.24,221.09,Near 200DMA — ideal dip entry zone,7,2026-06-18,10.2,True,True,False,False,LOW_ROE(10.2%) | HIGH_PE(93x vs ind 13x),0,False,False,False,False,False,False,48.3,6,89.0
TECHLABS,TRIDENT TECHLABS,WATCHLIST_CONFIRMED,61.0,20.0,CAUTION,3.5,3.0,RESTRICTED,BASING,False,1,1,EXPIRED,False,-58.92,9.7607,9.0,HOLD,,False,,A,12.0,3,False,316.73,126.2,323.06,Below 200DMA — enter on recovery above 200DMA,7,2026-06-18,19.81,False,True,False,False,HIGH_PE(106x vs ind 23x),0,False,False,False,False,False,False,48.3,6,89.0
TIMEX,NAN,MONITOR,61.0,1.0,CAUTION,3.5,0.5,NORMAL,nan,False,2,2,AGING,True,22.23,25.0714,6.22,PARTIAL_EXIT,EXTENDED: 4.3× ATR above 200DMA,False,,,0.0,3,False,395.7,433.51,471.11,Extended — wait for ATR pullback,7,2026-06-18,,False,False,False,True,DRAWDOWN_RISK(vel=-40.0),0,False,False,False,False,False,False,48.3,6,89.0
VENUSREM,VENUS REMEDIES,WATCHLIST_CONFIRMED,61.0,16.0,CAUTION,3.5,3.0,NORMAL,LATE_CYCLE,False,2,3,EXPIRED,True,126.79,99.6357,6.74,EXIT,PROFIT_ZONE: +127% above 200DMA | EXTENDED: 22.6× ATR above 200DMA,False,,A,10.0,4,False,782.44,1575.23,1724.68,Extended — wait for ATR pullback,7,2026-06-18,8.08,True,False,False,False,LOW_ROE(8.1%),0,True,True,False,False,False,False,48.3,6,89.0
SONATSOFTW,SONATA SOFTWARE,WATCHLIST_CONFIRMED,61.0,20.0,CAUTION,3.5,3.0,NORMAL,BASING,False,1,2,EXPIRED,True,-2.7,14.075,5.53,HOLD,,False,,A,41.12,4,False,314.07,296.43,320.35,Below 200DMA — enter on recovery above 200DMA,7,2026-06-18,24.89,False,False,False,False,,0,False,False,False,False,False,False,48.3,6,89.0
SEIL,NAN,MONITOR,61.0,1.0,CAUTION,3.5,0.5,NORMAL,nan,False,1,2,EXPIRED,True,5.41,9.9157,5.77,HOLD,,False,,,0.0,3,False,195.63,189.76,205.41,Near 200DMA — ideal dip entry zone,7,2026-06-18,,False,False,False,True,DRAWDOWN_RISK(vel=-30.0),0,False,False,False,False,False,False,48.3,6,89.0
COCKERILL,NAN,MONITOR,61.0,1.0,CAUTION,3.5,0.5,NORMAL,nan,False,2,2,FRESH,True,37.64,822.3929,10.68,PARTIAL_EXIT,EXTENDED: 4.2× ATR above 200DMA,False,,,0.0,3,False,6713.0,7594.71,8828.3,Extended — wait for ATR pullback,7,2026-06-18,,False,False,False,True,DRAWDOWN_RISK(vel=-51.0),0,False,False,False,False,False,False,48.3,6,89.0
CMPDI,NAN,MONITOR,61.0,1.0,CAUTION,3.5,0.5,NORMAL,nan,False,2,2,FRESH,True,22.57,13.1229,6.18,PARTIAL_EXIT,EXTENDED: 4.4× ATR above 200DMA,False,,,0.0,3,False,208.02,228.73,248.42,Extended — wait for ATR pullback,7,2026-06-18,,False,False,False,True,DRAWDOWN_RISK(vel=-40.0),0,False,False,False,False,False,False,48.3,6,89.0
CARYSIL,CARYSIL,WATCHLIST_CONFIRMED,61.0,9.0,CAUTION,3.5,3.0,NORMAL,LATE_CYCLE,False,2,3,EXPIRED,True,29.37,61.1536,6.18,PARTIAL_EXIT,EXTENDED: 5.7× ATR above 200DMA,False,,A,9.57,4,False,918.11,1065.49,1157.22,Extended — wait for ATR pullback,7,2026-06-18,12.11,False,False,False,False,,0,False,False,False,False,False,False,48.3,6,89.0
BLUEJET,BLUE JET HEALTH,WATCHLIST_CONFIRMED,61.0,20.0,CAUTION,3.5,3.0,NORMAL,LATE_CYCLE,False,3,3,FRESH,True,-1.17,23.1964,5.51,HOLD,,False,,B,42.7,5,False,511.34,490.19,521.57,Below 200DMA — enter on recovery above 200DMA,7,2026-06-18,26.93,False,False,False,False,,0,True,True,False,False,False,False,48.3,6,89.0
EMUDHRA,EMUDHRA,WATCHLIST_CONFIRMED,61.0,16.0,CAUTION,3.5,3.0,NORMAL,CORRECTION,False,1,1,FRESH,False,-16.77,16.3874,4.29,HOLD,,False,,B,42.7,1,False,550.32,444.31,561.33,Below 200DMA — enter on recovery above 200DMA,7,2026-06-18,11.35,True,False,False,False,LOW_ROE(11.3%),0,True,True,False,False,False,False,48.3,6,89.0
EPACKPEB,EPACK PREFABTECH,WATCHLIST_CONFIRMED,61.0,19.0,CAUTION,3.5,3.0,NORMAL,LATE_CYCLE,False,3,3,FRESH,True,10.33,15.0814,7.32,HOLD,,False,,A,11.5,5,False,224.16,217.44,235.37,Near 200DMA — ideal dip entry zone,7,2026-06-18,16.83,False,False,False,False,,0,False,False,False,False,False,False,48.3,6,89.0
ESCORTS,ESCORTS KUBOTA,WATCHLIST_CONFIRMED,61.0,17.0,CAUTION,3.5,3.0,NORMAL,CORRECTION,False,1,1,FRESH,False,-17.26,79.7286,3.38,HOLD,,False,,A,19.59,3,False,3421.41,2746.07,3489.84,Below 200DMA — enter on recovery above 200DMA,7,2026-06-18,12.2,False,False,False,False,,0,True,True,False,False,False,False,48.3,6,89.0
DABUR,DABUR INDIA,WATCHLIST_CONFIRMED,61.0,20.0,CAUTION,3.5,3.0,NORMAL,BASING,False,1,1,FRESH,False,-11.94,10.3179,2.89,HOLD,,False,,A,30.57,3,False,487.17,416.13,496.91,Below 200DMA — enter on recovery above 200DMA,7,2026-06-18,16.37,False,False,False,False,,0,False,False,False,False,False,False,48.3,6,89.0
DCBBANK,DCB BANK,WATCHLIST_CONFIRMED,61.0,0.0,CAUTION,3.5,3.0,NORMAL,LATE_CYCLE,False,3,3,FRESH,True,9.86,5.8841,3.82,HOLD,,False,,A,9.85,5,False,168.4,163.35,176.82,Near 200DMA — ideal dip entry zone,7,2026-06-18,10.81,False,False,False,False,,0,False,False,False,False,False,False,48.3,6,89.0
EMCURE,EMCURE PHARMA,WATCHLIST_CONFIRMED,61.0,20.0,CAUTION,3.5,3.0,NORMAL,LATE_CYCLE,False,3,3,FRESH,True,15.71,62.9643,4.38,HOLD,,False,,A,14.03,6,False,1491.45,1599.77,1694.22,Extended — wait for ATR pullback,7,2026-06-18,15.32,False,False,False,False,,0,False,False,False,False,False,False,48.3,6,89.0
ELPROINTL,NAN,MONITOR,61.0,1.0,CAUTION,3.5,0.5,RESTRICTED,nan,False,2,2,FRESH,True,11.6,3.1671,2.24,HOLD,,False,,A,5.5,3,False,151.87,147.31,159.46,Near 200DMA — ideal dip entry zone,7,2026-06-18,,False,False,False,True,DRAWDOWN_RISK(vel=-40.0),0,False,False,False,False,False,False,48.3,6,89.0
EMAMILTD,EMAMI,WATCHLIST_CONFIRMED,61.0,20.0,CAUTION,3.5,3.0,NORMAL,BASING,False,1,1,FRESH,False,-17.75,10.15,3.04,HOLD,,False,,A,39.67,3,False,486.49,388.15,496.22,Below 200DMA — enter on recovery above 200DMA,7,2026-06-18,29.93,False,False,False,False,,0,True,False,False,False,False,False,48.3,6,89.0
ALIVUS,ALIVUS LIFE,WATCHLIST_CONFIRMED,61.0,20.0,CAUTION,3.5,3.0,NORMAL,LATE_CYCLE,False,1,2,EXPIRED,False,10.0,36.7571,4.2,HOLD,,False,,A,17.32,3,False,955.42,926.76,1003.19,Near 200DMA — ideal dip entry zone,7,2026-06-18,17.24,False,False,False,False,,0,True,True,False,False,False,False,48.3,6,89.0
ALPEXSOLAR,ALPEX SOLAR,WATCHLIST_CONFIRMED,61.0,20.0,CAUTION,3.5,3.0,NORMAL,TOPPING,False,1,1,EXPIRED,False,-2.45,36.0429,4.47,HOLD,,False,,A,12.0,3,False,992.53,939.2,1012.38,Below 200DMA — enter on recovery above 200DMA,7,2026-06-18,38.57,False,False,False,False,,0,False,False,False,False,False,False,48.3,6,89.0
BAJAJFINSV,BAJAJ FINSERV,WATCHLIST_EXTERNAL,61.0,0.0,CAUTION,3.5,1.5,NORMAL,LATE_CYCLE,False,2,2,FRESH,False,-9.03,41.5286,2.82,EXIT,DETERIORATING (vel=-17.0 forensic=-3 regime=CAUTION),False,,,0.0,1,False,1939.71,1711.66,1978.5,Below 200DMA — enter on recovery above 200DMA,7,2026-06-18,12.26,False,False,False,True,DRAWDOWN_RISK(vel=-17.0),0,False,False,False,False,False,False,48.3,6,89.0
ATALREAL,ATAL REALTECH,WATCHLIST_CONFIRMED,61.0,7.0,CAUTION,3.5,3.0,NORMAL,CORRECTION,False,1,2,EXPIRED,True,26.19,2.1714,8.34,PARTIAL_EXIT,EXTENDED: 3.8× ATR above 200DMA,False,,A,5.5,1,False,24.76,26.91,30.16,Extended — wait for ATR pullback,7,2026-06-18,5.26,True,False,False,True,LOW_ROE(5.3%) | DRAWDOWN_RISK(vel=-9.0),0,False,False,False,False,False,False,48.3,6,89.0
AUROPHARMA,AUROBINDO PHARMA,WATCHLIST_CONFIRMED,61.0,16.0,CAUTION,3.5,3.0,NORMAL,LATE_CYCLE,False,1,2,EXPIRED,False,14.92,35.9857,3.04,HOLD,,False,,A,13.1,2,False,1237.77,1200.64,1299.66,Near 200DMA — ideal dip entry zone,7,2026-06-18,10.68,True,False,False,False,LOW_ROE(10.7%),0,False,False,False,False,False,False,48.3,6,89.0
INDOAMIN,INDO AMINES,WATCHLIST_CONFIRMED,61.0,20.0,CAUTION,3.5,3.0,NORMAL,TOPPING,False,1,2,EXPIRED,True,7.04,6.7514,6.16,HOLD,,False,,A,17.56,3,False,122.9,119.21,129.05,Near 200DMA — ideal dip entry zone,7,2026-06-18,17.43,False,False,False,True,DRAWDOWN_RISK(vel=-8.0),0,False,False,False,False,False,False,48.3,6,89.0
INDIANHUME,INDIAN HUME PIPE,WATCHLIST_CONFIRMED,61.0,20.0,CAUTION,3.5,3.0,NORMAL,LATE_CYCLE,False,1,2,EXPIRED,False,-12.78,13.8679,5.32,HOLD,,False,,A,17.59,2,False,358.59,303.37,365.76,Below 200DMA — enter on recovery above 200DMA,7,2026-06-18,40.54,False,False,False,False,,0,False,False,False,False,False,False,48.3,6,89.0
KRONOX,KRONOX LAB,WATCHLIST_CONFIRMED,61.0,20.0,CAUTION,3.5,3.0,NORMAL,TOPPING,False,1,2,EXPIRED,True,14.32,6.7886,5.15,HOLD,,False,,A,14.46,4,False,138.27,134.12,145.18,Near 200DMA — ideal dip entry zone,7,2026-06-18,28.26,False,False,False,False,,0,True,True,False,False,False,False,48.3,6,89.0
KPL,NAN,MONITOR,61.0,1.0,CAUTION,3.5,0.5,NORMAL,nan,False,1,2,EXPIRED,True,18.96,148.8357,7.56,HOLD,,False,,A,5.5,3,False,1984.78,2063.43,2286.68,Extended — wait for ATR pullback,7,2026-06-18,,False,False,False,True,DRAWDOWN_RISK(vel=-40.0),0,False,False,False,False,False,False,48.3,6,89.0
GODREJCP,GODREJ CONSUMER,WATCHLIST_CONFIRMED,61.0,20.0,CAUTION,3.5,3.0,NORMAL,BASING,False,1,1,EXPIRED,False,-9.39,25.9571,3.05,HOLD,,False,,A,31.49,3,False,1125.76,989.4,1148.28,Below 200DMA — enter on recovery above 200DMA,7,2026-06-18,15.44,False,False,False,False,,0,False,False,False,False,False,False,48.3,6,89.0
GAIL,GAIL (INDIA),WATCHLIST_CONFIRMED,61.0,17.0,CAUTION,3.5,3.0,NORMAL,LATE_CYCLE,False,3,3,FRESH,True,6.12,4.1979,2.88,HOLD,,False,,A,62.25,5,False,164.93,159.98,173.18,Near 200DMA — ideal dip entry zone,7,2026-06-18,14.65,False,False,False,False,,0,False,False,False,False,False,False,48.3,6,89.0
SENORES,SENORES PHARMA.,WATCHLIST_CONFIRMED,60.0,4.0,CAUTION,3.5,3.0,NORMAL,LATE_CYCLE,False,2,3,EXPIRED,True,53.23,65.2143,6.16,EXIT,PROFIT_ZONE: +53% above 200DMA | EXTENDED: 10.4× ATR above 200DMA,False,,,0.0,3,False,828.7,1139.37,1237.19,Extended — wait for ATR pullback,7,2026-06-18,7.45,True,False,False,False,LOW_ROE(7.5%),0,False,False,False,False,False,False,48.3,6,89.0
VENUSPIPES,VENUS PIPES,WATCHLIST_CONFIRMED,60.0,20.0,CAUTION,3.5,3.0,NORMAL,TOPPING,False,1,2,EXPIRED,True,16.1,54.9286,4.6,HOLD,,False,,A,13.03,4,False,1233.26,1321.94,1404.34,Extended — wait for ATR pullback,7,2026-06-18,17.48,False,False,False,False,,0,False,False,False,False,False,False,48.3,6,89.0
JETFREIGHT,JET FREIGHT,WATCHLIST_CONFIRMED,60.0,4.0,CAUTION,3.5,3.0,RESTRICTED,LATE_CYCLE,False,2,3,EXPIRED,True,34.08,1.695,8.9,PARTIAL_EXIT,EXTENDED: 4.6× ATR above 200DMA,False,,A,7.0,1,False,17.05,19.47,22.01,Extended — wait for ATR pullback,7,2026-06-18,5.82,True,False,False,False,LOW_ROE(5.8%),0,False,False,False,False,False,False,48.3,6,89.0
HNDFDS,HINDUSTAN FOODS,WATCHLIST_CONFIRMED,60.0,13.0,CAUTION,3.5,3.0,NORMAL,CORRECTION,False,1,2,EXPIRED,True,6.16,17.7821,3.9,HOLD,,False,,A,11.5,4,False,514.88,499.43,540.62,Near 200DMA — ideal dip entry zone,7,2026-06-18,12.3,False,False,False,False,,0,False,False,False,False,False,False,48.3,6,89.0
CAMS,CAMS SERVICES,WATCHLIST_CONFIRMED,60.0,20.0,CAUTION,3.5,3.0,NORMAL,LATE_CYCLE,False,3,3,FRESH,True,8.78,23.8357,3.54,HOLD,,False,,A,31.1,5,False,742.06,719.8,779.16,Near 200DMA — ideal dip entry zone,7,2026-06-18,42.04,False,False,True,False,,0,True,True,False,False,False,False,48.3,6,89.0
TIRUPATIFL,TIRUPATI FORGE,WATCHLIST_CONFIRMED,60.0,11.0,CAUTION,3.5,3.0,NORMAL,TOPPING,False,1,2,EXPIRED,True,22.58,2.3457,5.89,PARTIAL_EXIT,EXTENDED: 4.6× ATR above 200DMA,False,,A,7.5,3,False,39.02,43.14,46.66,Extended — wait for ATR pullback,7,2026-06-18,7.34,True,True,False,False,LOW_ROE(7.3%) | HIGH_PE(93x vs ind 23x),0,False,False,False,False,False,False,48.3,6,89.0
RPTECH,RASHI PERIPHERAL,WATCHLIST_CONFIRMED,60.0,13.0,CAUTION,3.5,3.0,NORMAL,LATE_CYCLE,False,3,3,FRESH,True,78.99,35.3393,6.18,EXIT,PROFIT_ZONE: +79% above 200DMA | EXTENDED: 15.3× ATR above 200DMA,False,,A,14.34,4,False,383.16,615.12,668.13,Extended — wait for ATR pullback,7,2026-06-18,11.94,True,False,False,False,LOW_ROE(11.9%),0,False,False,False,False,False,False,48.3,6,89.0
ONWARDTEC,ONWARD TECHNOLOG,WATCHLIST_CONFIRMED,60.0,17.0,CAUTION,3.5,3.0,NORMAL,CORRECTION,False,2,2,FRESH,True,-8.9,10.4393,4.87,HOLD,,False,,A,31.47,3,False,282.53,249.68,288.18,Below 200DMA — enter on recovery above 200DMA,7,2026-06-18,12.07,False,False,False,False,,0,False,False,False,False,False,False,48.3,6,89.0
PASUPTAC,PASUPATI ACRYLON,WATCHLIST_CONFIRMED,60.0,7.0,CAUTION,3.5,3.0,NORMAL,TOPPING,False,1,2,EXPIRED,True,29.79,5.345,9.74,PARTIAL_EXIT,EXTENDED: 3.7× ATR above 200DMA,False,,A,5.5,3,False,50.72,55.14,63.16,Extended — wait for ATR pullback,7,2026-06-18,9.72,True,False,False,False,LOW_ROE(9.7%),0,False,False,False,False,False,False,48.3,6,89.0
MAMATA,MAMATA MACHINERY,WATCHLIST_CONFIRMED,60.0,20.0,CAUTION,3.5,3.0,NORMAL,LATE_CYCLE,False,1,2,EXPIRED,False,-11.04,14.6821,4.79,HOLD,,False,,A,13.33,3,False,413.33,356.67,421.6,Below 200DMA — enter on recovery above 200DMA,7,2026-06-18,23.81,False,False,False,False,,0,True,True,False,False,False,False,48.3,6,89.0
MENONBE,MENON BEARINGS,WATCHLIST_CONFIRMED,60.0,20.0,CAUTION,3.5,3.0,NORMAL,LATE_CYCLE,False,2,3,EXPIRED,True,42.27,9.325,6.37,PARTIAL_EXIT,PROFIT_ZONE: +42% above 200DMA | EXTENDED: 8.0× ATR above 200DMA,False,,A,28.77,4,False,123.55,157.12,171.11,Extended — wait for ATR pullback,7,2026-06-18,15.73,False,False,False,False,,0,False,False,False,False,False,False,48.3,6,89.0
NARMADA,NARMADA AGROBASE,WATCHLIST_CONFIRMED,60.0,8.0,CAUTION,3.5,3.0,NORMAL,CORRECTION,False,1,2,EXPIRED,True,26.36,2.8457,9.46,PARTIAL_EXIT,EXTENDED: 3.3× ATR above 200DMA,False,,A,6.0,2,False,28.55,30.39,34.66,Extended — wait for ATR pullback,7,2026-06-18,7.32,True,False,False,False,LOW_ROE(7.3%),0,False,False,False,False,False,False,48.3,6,89.0
MUFTI,CREDO BRANDS,WATCHLIST_CONFIRMED,60.0,17.0,CAUTION,3.5,3.0,NORMAL,TOPPING,False,2,2,FRESH,True,-4.99,4.5357,6.02,HOLD,,False,,B,42.0,3,False,95.08,87.63,96.98,Below 200DMA — enter on recovery above 200DMA,7,2026-06-18,16.67,False,False,False,False,,0,False,False,False,False,False,False,48.3,6,89.0
TOLINS,TOLINS TYRES,WATCHLIST_CONFIRMED,60.0,12.0,CAUTION,3.5,3.0,NORMAL,LATE_CYCLE,False,3,3,FRESH,True,-20.02,4.5214,5.07,HOLD,,False,,B,42.0,3,False,133.72,103.74,136.39,Below 200DMA — enter on recovery above 200DMA,7,2026-06-18,11.92,True,False,False,False,LOW_ROE(11.9%),0,True,True,False,False,False,False,48.3,6,89.0
SPORTKING,SPORTKING INDIA,WATCHLIST_CONFIRMED,60.0,16.0,CAUTION,3.5,3.0,NORMAL,LATE_CYCLE,False,3,3,FRESH,True,54.01,10.9871,7.42,EXIT,PROFIT_ZONE: +54% above 200DMA | EXTENDED: 8.7× ATR above 200DMA,False,,A,18.4,3,False,115.36,155.7,172.18,Extended — wait for ATR pullback,7,2026-06-18,10.86,True,False,False,False,LOW_ROE(10.9%),0,False,False,False,False,False,False,48.3,6,89.0
SSFL,SRIVARI SPICES &,WATCHLIST_CONFIRMED,60.0,12.0,CAUTION,3.5,3.0,NORMAL,CORRECTION,False,1,2,EXPIRED,True,41.46,14.2786,8.95,PARTIAL_EXIT,PROFIT_ZONE: +41% above 200DMA | EXTENDED: 5.6× ATR above 200DMA,False,,A,8.0,2,False,135.37,162.94,184.36,Extended — wait for ATR pullback,7,2026-06-18,16.25,False,False,False,False,,0,False,False,False,False,False,False,48.3,6,89.0
SMLMAH,SML MAHINDRA,WATCHLIST_CONFIRMED,60.0,20.0,CAUTION,3.5,3.0,NORMAL,CORRECTION,False,2,2,FRESH,True,5.76,164.8,4.98,HOLD,,False,,A,16.39,4,False,3753.28,3640.68,3940.94,Near 200DMA — ideal dip entry zone,7,2026-06-18,31.8,False,False,False,False,,0,False,False,False,False,False,False,48.3,6,89.0
SARLAPOLY,SARLA PERFORMANC,WATCHLIST_CONFIRMED,60.0,17.0,CAUTION,3.5,3.0,NORMAL,LATE_CYCLE,False,3,3,FRESH,True,8.76,3.5021,4.29,HOLD,,False,,A,47.08,4,False,90.06,87.36,94.56,Near 200DMA — ideal dip entry zone,7,2026-06-18,12.73,False,False,False,False,,0,False,False,False,False,False,False,48.3,6,89.0
RITCO,RITCO LOGISTICS,WATCHLIST_CONFIRMED,60.0,12.0,CAUTION,3.5,3.0,NORMAL,LATE_CYCLE,False,2,3,EXPIRED,True,0.96,13.235,6.34,HOLD,,False,,A,8.0,2,False,247.98,240.54,260.38,Near 200DMA — ideal dip entry zone,7,2026-06-18,13.08,False,False,False,False,,0,False,False,False,False,False,False,48.3,6,89.0
SAATVIKGL,SAATVIK GREEN,WATCHLIST_CONFIRMED,60.0,20.0,CAUTION,3.5,3.0,NORMAL,TOPPING,False,2,2,FRESH,True,11.32,17.3964,4.37,HOLD,,False,,A,12.0,4,False,429.29,416.41,450.75,Near 200DMA — ideal dip entry zone,7,2026-06-18,63.41,False,False,False,False,,0,False,False,False,False,False,False,48.3,6,89.0
BHARTIHEXA,BHARTI HEXACOM,WATCHLIST_CONFIRMED,60.0,18.0,CAUTION,3.5,3.0,NORMAL,CORRECTION,False,1,1,FRESH,False,-11.76,36.45,2.99,HOLD,,False,,A,20.28,2,False,1657.54,1418.72,1690.69,Below 200DMA — enter on recovery above 200DMA,7,2026-06-18,28.81,False,False,False,True,DRAWDOWN_RISK(vel=-8.0),0,False,False,False,False,False,False,48.3,6,89.0
APCOTEXIND,APCOTEX INDUSTRI,WATCHLIST_CONFIRMED,60.0,16.0,CAUTION,3.5,3.0,NORMAL,TOPPING,False,1,2,EXPIRED,True,33.81,27.5704,6.33,PARTIAL_EXIT,EXTENDED: 6.4× ATR above 200DMA,False,,A,28.44,4,False,390.72,467.66,509.01,Extended — wait for ATR pullback,7,2026-06-18,9.77,True,False,False,False,LOW_ROE(9.8%),0,False,False,False,False,False,False,48.3,6,89.0
ANUP,THE ANUP ENGINEE,WATCHLIST_CONFIRMED,60.0,19.0,CAUTION,3.5,3.0,NORMAL,LATE_CYCLE,False,2,3,EXPIRED,True,3.02,94.5929,5.32,HOLD,,False,,A,22.07,3,False,2069.94,2007.84,2173.44,Near 200DMA — ideal dip entry zone,7,2026-06-18,19.33,False,False,False,False,,0,False,False,False,False,False,False,48.3,6,89.0
INDIGOPNTS,INDIGO PAINTS,WATCHLIST_CONFIRMED,60.0,17.0,CAUTION,3.5,3.0,NORMAL,LATE_CYCLE,False,3,3,FRESH,True,-1.17,38.1357,4.48,HOLD,,False,,A,15.19,5,False,1033.54,990.81,1054.21,Below 200DMA — enter on recovery above 200DMA,7,2026-06-18,13.76,False,False,False,False,,0,True,True,False,False,False,False,48.3,6,89.0
KAMDHENU,KAMDHENU,WATCHLIST_CONFIRMED,60.0,20.0,CAUTION,3.5,3.0,NORMAL,TOPPING,False,2,2,FRESH,True,22.54,1.6764,6.63,PARTIAL_EXIT,EXTENDED: 4.1× ATR above 200DMA,False,,A,23.82,3,False,24.75,26.98,29.49,Extended — wait for ATR pullback,7,2026-06-18,19.24,False,False,False,False,,0,True,True,False,False,False,False,48.3,6,89.0
KNRCON,KNR CONSTRUCT.,WATCHLIST_CONFIRMED,60.0,19.0,CAUTION,3.5,3.0,NORMAL,TOPPING,False,2,2,FRESH,True,-13.52,6.0193,5.49,EXIT,DETERIORATING (vel=-7.0 forensic=-3 regime=CAUTION),False,,B,42.0,2,False,152.22,127.69,155.26,Below 200DMA — enter on recovery above 200DMA,7,2026-06-18,22.06,False,False,False,False,,0,False,False,False,False,False,False,48.3,6,89.0
GNA,GNA AXLES,WATCHLIST_CONFIRMED,60.0,15.0,CAUTION,3.5,3.0,NORMAL,LATE_CYCLE,False,2,2,FRESH,False,9.5,14.7464,4.51,HOLD,,False,,A,17.37,3,False,358.36,347.61,376.28,Near 200DMA — ideal dip entry zone,7,2026-06-18,11.9,True,False,False,False,LOW_ROE(11.9%),0,False,False,False,False,False,False,48.3,6,89.0
KIRLOSENG,KIRLOSKAR OIL,WATCHLIST_CONFIRMED,59.0,6.0,CAUTION,3.5,3.0,NORMAL,TOPPING,False,1,2,EXPIRED,True,54.79,82.9429,5.0,EXIT,PROFIT_ZONE: +55% above 200DMA | EXTENDED: 13.1× ATR above 200DMA,False,,A,9.66,4,False,1284.81,1822.81,1947.23,Extended — wait for ATR pullback,7,2026-06-18,15.85,False,False,False,False,,0,False,False,False,False,False,False,48.3,6,89.0
GOODLUCK,GOODLUCK INDIA,WATCHLIST_CONFIRMED,59.0,17.0,CAUTION,3.5,3.0,NORMAL,TOPPING,False,2,2,FRESH,True,15.12,49.3429,4.38,HOLD,,False,,A,14.41,3,False,1173.22,1251.91,1325.93,Extended — wait for ATR pullback,7,2026-06-18,12.57,False,False,False,False,,0,False,False,False,False,False,False,48.3,6,89.0
YESBANK,YES BANK,WATCHLIST_CONFIRMED,59.0,2.0,CAUTION,3.5,3.0,NORMAL,LATE_CYCLE,False,3,3,FRESH,True,17.17,0.8014,3.83,HOLD,,False,,,0.0,3,False,21.43,23.51,24.71,Extended — wait for ATR pullback,7,2026-06-18,6.53,True,False,False,False,LOW_ROE(6.5%),0,False,False,False,False,False,False,48.3,6,89.0
PNBHOUSING,PNB HOUSING,WATCHLIST_EXTERNAL,59.0,1.0,CAUTION,3.5,1.5,NORMAL,LATE_CYCLE,False,2,2,FRESH,False,10.97,34.05,4.07,EXIT,DETERIORATING (vel=-18.0 forensic=-3 regime=CAUTION),False,,A,8.78,1,False,904.28,877.15,949.49,Near 200DMA — ideal dip entry zone,7,2026-06-18,11.48,False,False,False,True,DRAWDOWN_RISK(vel=-18.0),0,False,False,False,False,False,False,48.3,6,89.0
MARKOLINES,MARKOLINES PAVEM,WATCHLIST_CONFIRMED,59.0,13.0,CAUTION,3.5,3.0,NORMAL,TOPPING,False,2,2,AGING,True,4.93,5.2221,3.8,EXIT,DETERIORATING (vel=-7.0 forensic=-3 regime=CAUTION),False,,A,8.5,2,False,157.25,152.53,165.11,Near 200DMA — ideal dip entry zone,7,2026-06-18,12.77,False,False,False,False,,0,False,False,False,False,False,False,48.3,6,89.0
MGEL,MANGALAM GLOBAL,WATCHLIST_CONFIRMED,59.0,9.0,CAUTION,3.5,3.0,RESTRICTED,CORRECTION,False,1,2,EXPIRED,True,18.28,0.99,7.23,HOLD,,False,,A,7.45,2,False,13.89,14.45,15.94,Extended — wait for ATR pullback,7,2026-06-18,11.46,True,False,False,False,LOW_ROE(11.5%),0,False,False,False,False,False,False,48.3,6,89.0
NCC,NCC,WATCHLIST_CONFIRMED,59.0,16.0,CAUTION,3.5,3.0,NORMAL,TOPPING,False,1,1,EXPIRED,False,-8.55,4.4171,3.43,HOLD,,False,,A,25.54,1,False,168.8,149.73,172.18,Below 200DMA — enter on recovery above 200DMA,7,2026-06-18,11.19,True,False,False,True,LOW_ROE(11.2%) | DRAWDOWN_RISK(vel=-7.0),0,False,False,False,False,False,False,48.3,6,89.0
MRPL,M R P L,WATCHLIST_CONFIRMED,59.0,8.0,CAUTION,3.5,3.0,NORMAL,LATE_CYCLE,False,2,2,FRESH,False,1.46,7.4357,5.54,HOLD,,False,,A,6.0,2,False,158.75,153.99,166.69,Near 200DMA — ideal dip entry zone,7,2026-06-18,0.43,True,False,False,False,LOW_ROE(0.4%),0,False,False,False,False,False,False,48.3,6,89.0
MWL,MANGALAM WORLD.,WATCHLIST_CONFIRMED,59.0,12.0,CAUTION,3.5,3.0,NORMAL,TOPPING,False,2,2,FRESH,True,36.28,9.6179,3.11,PARTIAL_EXIT,EXTENDED: 14.0× ATR above 200DMA,False,,A,8.76,2,False,272.75,352.46,366.89,Extended — wait for ATR pullback,7,2026-06-18,11.52,True,False,False,False,LOW_ROE(11.5%),0,False,False,False,False,False,False,48.3,6,89.0
TEMBO,TEMBO GLOBAL,WATCHLIST_CONFIRMED,59.0,19.0,CAUTION,3.5,3.0,NORMAL,TOPPING,False,1,1,EXPIRED,False,-5.84,26.7393,5.63,HOLD,,False,,A,13.5,2,False,605.17,552.71,617.27,Below 200DMA — enter on recovery above 200DMA,7,2026-06-18,24.12,False,False,False,False,,0,False,False,False,False,False,False,48.3,6,89.0
RBZJEWEL,RBZ JEWELLERS LT,WATCHLIST_CONFIRMED,59.0,17.0,CAUTION,3.5,3.0,RESTRICTED,LATE_CYCLE,False,2,2,AGING,False,-2.35,6.4493,5.79,HOLD,,False,,A,10.5,2,False,136.91,129.68,139.65,Below 200DMA — enter on recovery above 200DMA,7,2026-06-18,15.83,False,False,False,False,,0,False,False,False,False,False,False,48.3,6,89.0
SHANTIGOLD,SHANTI GOLD,WATCHLIST_CONFIRMED,59.0,19.0,CAUTION,3.5,3.0,NORMAL,LATE_CYCLE,False,2,3,EXPIRED,True,7.14,10.2693,5.51,HOLD,,False,,A,11.5,3,False,208.79,202.53,219.23,Near 200DMA — ideal dip entry zone,7,2026-06-18,36.65,False,False,False,False,,0,False,False,False,False,False,False,48.3,6,89.0
SHARDACROP,SHARDA CROPCHEM,WATCHLIST_CONFIRMED,59.0,17.0,CAUTION,3.5,3.0,NORMAL,LATE_CYCLE,False,1,2,EXPIRED,False,-2.66,32.7821,4.3,HOLD,,False,,A,19.73,3,False,938.87,886.43,957.65,Below 200DMA — enter on recovery above 200DMA,7,2026-06-18,12.17,False,False,False,False,,0,True,True,False,False,False,False,48.3,6,89.0
COLPAL,COLGATE-PALMOLIV,WATCHLIST_CONFIRMED,59.0,20.0,CAUTION,3.5,3.0,NORMAL,BASING,False,1,1,FRESH,False,-3.82,50.9156,3.0,HOLD,,False,,A,38.69,3,False,2114.89,1973.17,2157.19,Below 200DMA — enter on recovery above 200DMA,7,2026-06-18,86.32,False,False,False,False,,0,True,False,False,False,False,False,48.3,6,89.0
CONCOR,CONTAINER CORPN.,WATCHLIST_CONFIRMED,59.0,16.0,CAUTION,3.5,3.0,NORMAL,LATE_CYCLE,False,2,2,FRESH,False,-7.28,11.0679,2.84,HOLD,,False,,A,30.47,1,False,503.65,452.99,513.72,Below 200DMA — enter on recovery above 200DMA,7,2026-06-18,10.41,True,False,False,True,LOW_ROE(10.4%) | DRAWDOWN_RISK(vel=-7.0),0,True,True,False,False,False,False,48.3,6,89.0
BECTORFOOD,MRS BECTORS,WATCHLIST_CONFIRMED,59.0,16.0,CAUTION,3.5,3.0,NORMAL,CORRECTION,False,1,1,EXPIRED,False,-17.8,5.9786,3.86,HOLD,,False,,A,16.57,2,False,225.99,180.2,230.51,Below 200DMA — enter on recovery above 200DMA,7,2026-06-18,12.29,False,False,False,True,DRAWDOWN_RISK(vel=-6.0),0,False,False,False,False,False,False,48.3,6,89.0
CDSL,C D S L,WATCHLIST_CONFIRMED,59.0,20.0,CAUTION,3.5,3.0,NORMAL,LATE_CYCLE,False,2,3,EXPIRED,True,-7.83,30.2714,2.81,HOLD,,False,,A,22.46,4,False,1400.53,1252.17,1428.54,Below 200DMA — enter on recovery above 200DMA,7,2026-06-18,29.92,False,False,True,False,,0,True,True,False,False,False,False,48.3,6,89.0
CAMPUS,CAMPUS ACTIVEWE.,WATCHLIST_CONFIRMED,59.0,20.0,CAUTION,3.5,3.0,NORMAL,LATE_CYCLE,False,2,2,FRESH,False,-10.16,7.0536,3.65,HOLD,,False,,A,16.43,3,False,258.46,225.23,263.63,Below 200DMA — enter on recovery above 200DMA,7,2026-06-18,16.02,False,False,False,False,,0,False,False,False,False,False,False,48.3,6,89.0
EASEMYTRIP,EASY TRIP PLANN.,WATCHLIST_CONFIRMED,59.0,17.0,CAUTION,3.5,3.0,NORMAL,LATE_CYCLE,False,3,3,AGING,True,7.95,0.4571,6.62,HOLD,,False,,A,10.5,5,False,7.68,7.45,8.06,Near 200DMA — ideal dip entry zone,7,2026-06-18,14.9,False,False,False,False,,0,True,True,False,False,False,False,48.3,6,89.0
APTUS,APTUS VALUE HOU.,WATCHLIST_EXTERNAL,59.0,0.0,CAUTION,3.5,1.5,NORMAL,LATE_CYCLE,False,3,3,AGING,True,-0.56,9.0036,4.0,EXIT,DETERIORATING (vel=-18.0 forensic=-3 regime=CAUTION),False,,A,23.43,3,False,271.63,262.0,277.06,Below 200DMA — enter on recovery above 200DMA,7,2026-06-18,17.4,False,False,False,True,DRAWDOWN_RISK(vel=-18.0),0,False,False,False,False,False,False,48.3,6,89.0
ADVANCE,ADVANCE AGROLIFE,WATCHLIST_CONFIRMED,59.0,20.0,CAUTION,3.5,3.0,NORMAL,LATE_CYCLE,False,2,2,FRESH,False,-16.9,3.6693,4.52,HOLD,,False,,A,12.0,3,False,117.21,94.48,119.55,Below 200DMA — enter on recovery above 200DMA,7,2026-06-18,25.42,False,False,False,False,,0,False,False,False,False,False,False,48.3,6,89.0
AEROENTER,AEROFLEX ENTER.,WATCHLIST_CONFIRMED,59.0,13.0,CAUTION,3.5,3.0,NORMAL,TOPPING,False,1,2,EXPIRED,True,34.66,5.9364,6.16,PARTIAL_EXIT,EXTENDED: 6.8× ATR above 200DMA,False,,A,12.6,2,False,85.88,103.78,112.68,Extended — wait for ATR pullback,7,2026-06-18,7.58,True,False,False,False,LOW_ROE(7.6%),0,True,True,False,False,False,False,48.3,6,89.0
ICICIGI,ICICI LOMBARD,WATCHLIST_EXTERNAL,59.0,6.0,CAUTION,3.5,1.5,NORMAL,TOPPING,False,2,2,FRESH,True,-4.39,47.7143,3.2,HOLD,,False,,A,12.52,3,False,1872.78,1736.78,1910.24,Below 200DMA — enter on recovery above 200DMA,7,2026-06-18,17.27,False,False,False,True,DRAWDOWN_RISK(vel=-21.0),0,True,True,False,False,False,False,48.3,6,89.0
HYUNDAI,HYUNDAI MOTOR I,WATCHLIST_CONFIRMED,59.0,20.0,CAUTION,3.5,3.0,NORMAL,BASING,False,2,2,FRESH,True,-9.66,62.2786,3.78,HOLD,,False,,A,25.64,4,False,2188.18,1917.4,2231.94,Below 200DMA — enter on recovery above 200DMA,7,2026-06-18,34.61,False,False,False,False,,0,True,True,False,False,False,False,48.3,6,89.0
LAXMIINDIA,LAXMI INDIA FIN.,WATCHLIST_EXTERNAL,59.0,1.0,CAUTION,3.5,1.5,RESTRICTED,LATE_CYCLE,False,1,2,EXPIRED,False,-8.05,4.8029,5.15,EXIT,DETERIORATING (vel=-18.0 forensic=-4 regime=CAUTION),False,,,0.0,1,False,121.67,108.52,124.1,Below 200DMA — enter on recovery above 200DMA,7,2026-06-18,13.96,False,False,False,True,DRAWDOWN_RISK(vel=-18.0),0,False,False,False,False,False,False,48.3,6,89.0
KSHINTL,KSH INTERNATIONA,WATCHLIST_CONFIRMED,59.0,15.0,CAUTION,3.5,3.0,NORMAL,TOPPING,False,2,2,FRESH,True,69.95,57.5214,8.01,EXIT,PROFIT_ZONE: +70% above 200DMA | EXTENDED: 10.5× ATR above 200DMA,False,,A,9.5,3,False,506.96,746.51,832.79,Extended — wait for ATR pullback,7,2026-06-18,22.77,False,False,False,False,,0,False,False,False,False,False,False,48.3,6,89.0
IVALUE,IVALUE INFOSOLUT,WATCHLIST_CONFIRMED,59.0,20.0,CAUTION,3.5,3.0,NORMAL,CORRECTION,False,1,2,EXPIRED,True,2.96,10.8657,4.89,HOLD,,False,,A,12.0,3,False,259.01,251.24,271.96,Near 200DMA — ideal dip entry zone,7,2026-06-18,18.5,False,False,False,False,,0,False,False,False,False,False,False,48.3,6,89.0
GODFRYPHLP,GODFREY PHILLIPS,WATCHLIST_CONFIRMED,59.0,20.0,CAUTION,3.5,3.0,NORMAL,CORRECTION,False,2,2,FRESH,True,-12.73,66.5,3.55,HOLD,,False,,A,30.44,4,False,2577.19,2181.53,2628.73,Below 200DMA — enter on recovery above 200DMA,7,2026-06-18,20.44,False,False,False,False,,0,True,True,False,False,False,False,48.3,6,89.0
ASIANENE,ASIAN ENERGY,WATCHLIST_CONFIRMED,58.0,12.0,CAUTION,3.5,3.0,NORMAL,TOPPING,False,2,2,FRESH,True,13.65,19.8107,6.76,EXIT,DETERIORATING (vel=-10.0 forensic=-3 regime=CAUTION),False,,A,11.54,1,False,309.58,300.29,325.06,Near 200DMA — ideal dip entry zone,7,2026-06-18,10.57,True,False,False,True,LOW_ROE(10.6%) | DRAWDOWN_RISK(vel=-10.0),0,False,False,False,False,False,False,48.3,6,89.0
HDFCAMC,HDFC AMC,WATCHLIST_CONFIRMED,58.0,18.0,CAUTION,3.5,3.0,NORMAL,LATE_CYCLE,False,3,3,AGING,True,3.75,81.7152,3.62,HOLD,,False,,A,29.62,5,False,2613.15,2534.76,2743.81,Near 200DMA — ideal dip entry zone,7,2026-06-18,30.26,False,False,True,False,,0,True,True,False,False,False,False,48.3,6,89.0
SANDHAR,SANDHAR TECH,WATCHLIST_CONFIRMED,58.0,16.0,CAUTION,3.5,3.0,NORMAL,LATE_CYCLE,False,3,3,FRESH,True,29.91,40.8036,7.13,PARTIAL_EXIT,EXTENDED: 5.0× ATR above 200DMA,False,,A,17.39,5,False,528.4,604.84,666.05,Extended — wait for ATR pullback,7,2026-06-18,12.43,False,False,False,False,,0,False,False,False,False,False,False,48.3,6,89.0
SUPREMEPWR,SUPREME POWER,WATCHLIST_CONFIRMED,58.0,20.0,CAUTION,3.5,3.0,NORMAL,TOPPING,False,1,2,EXPIRED,True,22.15,12.075,5.91,PARTIAL_EXIT,EXTENDED: 4.5× ATR above 200DMA,False,,A,12.0,4,False,200.74,221.05,239.16,Extended — wait for ATR pullback,7,2026-06-18,20.11,False,False,False,False,,0,False,False,False,False,False,False,48.3,6,89.0
PARADEEP,PARADEEP PHOSPH.,WATCHLIST_CONFIRMED,58.0,17.0,CAUTION,3.5,3.0,NORMAL,LATE_CYCLE,False,3,3,FRESH,True,-8.33,4.4693,4.0,HOLD,,False,,B,40.6,5,False,146.27,130.07,149.2,Below 200DMA — enter on recovery above 200DMA,7,2026-06-18,13.53,False,False,False,False,,0,False,False,False,False,False,False,48.3,6,89.0
LTTS,L&T TECHNOLOGY,WATCHLIST_CONFIRMED,58.0,20.0,CAUTION,3.5,3.0,NORMAL,CORRECTION,False,1,1,EXPIRED,False,-10.07,141.4143,4.91,HOLD,,False,,A,29.17,2,False,3840.41,3350.19,3917.22,Below 200DMA — enter on recovery above 200DMA,7,2026-06-18,20.83,False,False,False,False,,0,False,False,False,False,False,False,48.3,6,89.0
MCX,MULTI COMM. EXC.,WATCHLIST_CONFIRMED,58.0,20.0,CAUTION,3.5,3.0,NORMAL,LATE_CYCLE,False,2,2,FRESH,False,23.94,117.8,4.95,PARTIAL_EXIT,EXTENDED: 5.8× ATR above 200DMA,False,,A,14.46,3,False,2305.31,2621.7,2798.4,Extended — wait for ATR pullback,7,2026-06-18,29.72,False,True,True,False,HIGH_PE(98x vs ind 22x),0,True,True,False,False,False,False,48.3,6,89.0
TRUALT,TRUALT BIOENERGY,WATCHLIST_CONFIRMED,58.0,11.0,CAUTION,3.5,3.0,NORMAL,CORRECTION,False,1,2,EXPIRED,True,13.23,24.1107,5.89,HOLD,,False,,A,7.5,3,False,434.15,421.13,455.86,Near 200DMA — ideal dip entry zone,7,2026-06-18,19.07,False,False,False,False,,0,False,False,False,False,False,False,48.3,6,89.0
RNFI,RNFI SERVICES,WATCHLIST_EXTERNAL,58.0,1.0,CAUTION,3.5,1.5,ILLIQUID,LATE_CYCLE,False,1,2,EXPIRED,False,0.0,0.0,5.0,HOLD,,False,,,0.0,2,False,0.0,0.0,0.0,,7,2026-06-18,,False,False,False,True,DRAWDOWN_RISK(vel=-17.0),0,False,False,False,False,False,False,48.3,6,89.0
BERGEPAINT,BERGER PAINTS,WATCHLIST_CONFIRMED,58.0,20.0,CAUTION,3.5,3.0,NORMAL,LATE_CYCLE,False,3,3,AGING,True,1.16,17.3679,4.07,HOLD,,False,,A,21.14,5,False,505.83,490.66,531.12,Near 200DMA — ideal dip entry zone,7,2026-06-18,19.18,False,False,False,False,,0,False,False,False,False,False,False,48.3,6,89.0
EVEREADY,EVEREADY INDS.,WATCHLIST_CONFIRMED,58.0,18.0,CAUTION,3.5,3.0,NORMAL,CORRECTION,False,2,2,FRESH,True,5.53,14.8536,4.93,HOLD,,False,,A,16.13,3,False,342.42,332.15,359.54,Near 200DMA — ideal dip entry zone,7,2026-06-18,17.88,False,False,False,False,,0,False,False,False,False,False,False,48.3,6,89.0
ESSENTIA,INTEGRA ESSENTIA,WATCHLIST_CONFIRMED,58.0,8.0,CAUTION,3.5,3.0,RESTRICTED,LATE_CYCLE,False,1,2,EXPIRED,False,-9.69,0.0879,7.48,HOLD,,False,,A,6.0,0,False,1.56,1.37,1.59,Below 200DMA — enter on recovery above 200DMA,7,2026-06-18,2.26,True,False,False,False,LOW_ROE(2.3%),0,False,False,False,False,False,False,48.3,6,89.0
FILATEX,FILATEX INDIA,WATCHLIST_CONFIRMED,58.0,12.0,CAUTION,3.5,3.0,NORMAL,LATE_CYCLE,False,3,3,FRESH,True,8.26,2.5979,5.87,HOLD,,False,,A,14.23,3,False,49.05,47.58,51.5,Near 200DMA — ideal dip entry zone,7,2026-06-18,10.06,True,False,False,False,LOW_ROE(10.1%),0,True,True,False,False,False,False,48.3,6,89.0
APOLLO,APOLLO MICRO SYS,WATCHLIST_CONFIRMED,58.0,12.0,CAUTION,3.5,3.0,NORMAL,TOPPING,False,1,2,EXPIRED,True,56.4,24.4429,6.69,EXIT,PROFIT_ZONE: +56% above 200DMA | EXTENDED: 10.1× ATR above 200DMA,False,,A,9.25,2,False,280.53,389.86,426.53,Extended — wait for ATR pullback,7,2026-06-18,9.29,True,False,False,False,LOW_ROE(9.3%),0,False,False,False,False,False,False,48.3,6,89.0
ARVSMART,ARVIND SMARTSP.,WATCHLIST_CONFIRMED,58.0,7.0,CAUTION,3.5,3.0,NORMAL,CORRECTION,False,2,2,FRESH,True,4.48,22.7857,4.44,HOLD,,False,,A,16.7,2,False,590.04,572.34,619.54,Near 200DMA — ideal dip entry zone,7,2026-06-18,18.48,False,False,False,False,,0,False,False,False,False,False,False,48.3,6,89.0
AJAXENGG,AJAX ENGINEERING,WATCHLIST_CONFIRMED,58.0,20.0,CAUTION,3.5,3.0,NORMAL,CORRECTION,False,2,2,FRESH,True,-2.01,21.1,4.54,HOLD,,False,,A,12.0,4,False,569.14,540.97,580.52,Below 200DMA — enter on recovery above 200DMA,7,2026-06-18,22.33,False,False,False,False,,0,True,True,False,False,False,False,48.3,6,89.0
AVALON,AVALON TECH,WATCHLIST_CONFIRMED,58.0,15.0,CAUTION,3.5,3.0,NORMAL,TOPPING,False,1,2,EXPIRED,True,63.72,93.5143,6.44,EXIT,PROFIT_ZONE: +64% above 200DMA | EXTENDED: 11.9× ATR above 200DMA,False,,A,9.5,4,False,1063.67,1554.37,1694.64,Extended — wait for ATR pullback,7,2026-06-18,10.37,True,False,False,False,LOW_ROE(10.4%),0,False,False,False,False,False,False,48.3,6,89.0
ISGEC,ISGEC HEAVY,WATCHLIST_CONFIRMED,58.0,10.0,CAUTION,3.5,3.0,NORMAL,TOPPING,False,1,1,FRESH,False,1.45,39.0607,5.09,HOLD,,False,,A,12.58,0,False,907.56,880.33,952.94,Near 200DMA — ideal dip entry zone,7,2026-06-18,9.1,True,False,False,True,LOW_ROE(9.1%) | DRAWDOWN_RISK(vel=-5.0),0,False,False,False,False,False,False,48.3,6,89.0
JUSTDIAL,JUST DIAL,WATCHLIST_CONFIRMED,58.0,17.0,CAUTION,3.5,3.0,NORMAL,TOPPING,False,2,2,AGING,True,-17.35,14.3607,3.13,HOLD,,False,,B,40.6,3,False,666.98,534.71,680.32,Below 200DMA — enter on recovery above 200DMA,7,2026-06-18,12.68,False,False,False,False,,0,True,True,False,False,False,False,48.3,6,89.0
DEEDEV,DEE DEVELOPMENT,WATCHLIST_CONFIRMED,57.0,1.0,CAUTION,3.5,3.0,NORMAL,LATE_CYCLE,False,3,3,FRESH,True,137.53,41.4929,6.74,EXIT,PROFIT_ZONE: +138% above 200DMA | EXTENDED: 24.5× ATR above 200DMA,False,,,0.0,4,False,311.02,655.76,718.0,Extended — wait for ATR pullback,7,2026-06-18,5.45,True,False,False,False,LOW_ROE(5.5%),0,False,False,False,False,False,False,48.3,6,89.0
SCHAEFFLER,SCHAEFFLER INDIA,WATCHLIST_CONFIRMED,57.0,20.0,CAUTION,3.5,3.0,NORMAL,LATE_CYCLE,False,2,3,EXPIRED,True,6.15,122.4286,3.5,HOLD,,False,,A,18.85,4,False,3953.89,3835.27,4151.58,Near 200DMA — ideal dip entry zone,7,2026-06-18,20.21,False,False,False,False,,0,True,True,False,False,False,False,48.3,6,89.0
PARAS,PARAS DEFENCE,WATCHLIST_CONFIRMED,57.0,15.0,CAUTION,3.5,3.0,NORMAL,TOPPING,False,2,2,FRESH,True,78.29,78.0429,7.28,EXIT,PROFIT_ZONE: +78% above 200DMA | EXTENDED: 12.9× ATR above 200DMA,False,,A,10.29,3,False,721.1,1129.56,1246.63,Extended — wait for ATR pullback,7,2026-06-18,9.92,True,False,False,False,LOW_ROE(9.9%),0,True,True,False,False,False,False,48.3,6,89.0
BIOCON,BIOCON,WATCHLIST_CONFIRMED,57.0,5.0,CAUTION,3.5,3.0,NORMAL,LATE_CYCLE,False,3,3,FRESH,True,8.25,10.5714,3.08,HOLD,,False,,A,5.82,5,False,380.46,369.05,399.48,Near 200DMA — ideal dip entry zone,7,2026-06-18,4.68,True,True,False,False,LOW_ROE(4.7%) | HIGH_PE(78x vs ind 28x),0,False,False,False,False,False,False,48.3,6,89.0
SOUTHBANK,SOUTH IND.BANK,WATCHLIST_CONFIRMED,57.0,1.0,CAUTION,3.5,3.0,NORMAL,LATE_CYCLE,False,3,3,FRESH,True,26.84,1.6636,4.12,PARTIAL_EXIT,EXTENDED: 7.8× ATR above 200DMA,False,,A,13.61,4,False,38.2,45.12,47.62,Extended — wait for ATR pullback,7,2026-06-18,13.62,False,False,False,False,,0,False,False,False,False,False,False,48.3,6,89.0
TMB,T N MERC. BANK,WATCHLIST_CONFIRMED,57.0,4.0,CAUTION,3.5,3.0,NORMAL,LATE_CYCLE,False,3,3,AGING,True,38.27,31.3458,4.81,PARTIAL_EXIT,EXTENDED: 9.5× ATR above 200DMA,False,,A,21.94,5,False,565.45,719.16,766.18,Extended — wait for ATR pullback,7,2026-06-18,13.8,False,False,False,False,,0,False,False,False,False,False,False,48.3,6,89.0
GENUSPOWER,GENUS POWER,WATCHLIST_CONFIRMED,57.0,16.0,CAUTION,3.5,3.0,NORMAL,TOPPING,False,2,2,FRESH,True,10.77,12.1071,4.41,HOLD,,False,,A,19.99,3,False,297.42,288.5,312.29,Near 200DMA — ideal dip entry zone,7,2026-06-18,16.67,False,False,False,False,,0,False,False,False,False,False,False,48.3,6,89.0
FINCABLES,FINOLEX CABLES,WATCHLIST_CONFIRMED,57.0,16.0,CAUTION,3.5,3.0,NORMAL,TOPPING,False,2,2,AGING,True,31.23,57.8,6.19,PARTIAL_EXIT,EXTENDED: 6.1× ATR above 200DMA,False,,A,19.15,4,False,853.49,1004.4,1091.1,Extended — wait for ATR pullback,7,2026-06-18,12.75,False,False,False,False,,0,True,True,False,False,False,False,48.3,6,89.0
WHEELS,WHEELS INDIA,WATCHLIST_CONFIRMED,57.0,14.0,CAUTION,3.5,3.0,NORMAL,LATE_CYCLE,False,3,3,FRESH,True,57.79,89.9429,6.93,EXIT,PROFIT_ZONE: +58% above 200DMA | EXTENDED: 10.0× ATR above 200DMA,False,,A,20.45,6,False,986.59,1376.81,1511.73,Extended — wait for ATR pullback,7,2026-06-18,12.03,False,False,False,False,,0,False,False,False,False,False,False,48.3,6,89.0
OFSS,ORACLE FIN.SERV.,WATCHLIST_CONFIRMED,57.0,20.0,CAUTION,3.5,3.0,NORMAL,BASING,False,1,2,EXPIRED,True,18.12,338.9643,4.31,HOLD,,False,,A,71.91,4,False,7995.81,8766.57,9275.02,Extended — wait for ATR pullback,7,2026-06-18,33.51,False,False,False,False,,0,True,True,False,False,False,False,48.3,6,89.0
PPL,PRAKASH PIPES,WATCHLIST_CONFIRMED,57.0,20.0,CAUTION,3.5,3.0,NORMAL,TOPPING,False,2,2,FRESH,True,8.25,14.8907,6.87,HOLD,,False,,A,29.9,4,False,240.16,232.96,252.17,Near 200DMA — ideal dip entry zone,7,2026-06-18,18.73,False,False,False,False,,0,True,True,False,False,False,False,48.3,6,89.0
PARKHOTELS,APEEJAY SURREND.,WATCHLIST_CONFIRMED,57.0,7.0,CAUTION,3.5,3.0,NORMAL,LATE_CYCLE,False,2,2,FRESH,False,-8.49,3.7921,3.79,HOLD,,False,,A,10.12,2,False,131.37,116.6,134.0,Below 200DMA — enter on recovery above 200DMA,7,2026-06-18,6.51,True,False,False,False,LOW_ROE(6.5%),0,False,False,False,False,False,False,48.3,6,89.0
LTM,LTIMINDTREE,WATCHLIST_CONFIRMED,57.0,20.0,CAUTION,3.5,3.0,NORMAL,BASING,False,1,1,FRESH,False,-21.29,135.2286,4.06,HOLD,,False,,A,28.09,3,False,5076.61,3875.93,5178.14,Below 200DMA — enter on recovery above 200DMA,7,2026-06-18,20.97,False,False,False,False,,0,True,True,False,False,False,False,48.3,6,89.0
MANYAVAR,VEDANT FASHIONS,WATCHLIST_CONFIRMED,57.0,20.0,CAUTION,3.5,3.0,NORMAL,TOPPING,False,1,1,FRESH,False,-22.56,13.4857,3.92,HOLD,,False,,A,34.22,2,False,532.82,400.22,543.48,Below 200DMA — enter on recovery above 200DMA,7,2026-06-18,21.75,False,False,False,True,DRAWDOWN_RISK(vel=-5.0),0,False,False,False,False,False,False,48.3,6,89.0
MEDANTA,GLOBAL HEALTH,WATCHLIST_CONFIRMED,57.0,16.0,CAUTION,3.5,3.0,NORMAL,LATE_CYCLE,False,2,3,EXPIRED,True,4.48,38.6357,3.7,HOLD,,False,,A,10.49,4,False,1200.61,1164.59,1260.64,Near 200DMA — ideal dip entry zone,7,2026-06-18,14.22,False,False,False,False,,0,False,False,False,False,False,False,48.3,6,89.0
MEDICO,MEDICO REMEDIES,WATCHLIST_CONFIRMED,57.0,19.0,CAUTION,3.5,3.0,NORMAL,LATE_CYCLE,False,1,2,EXPIRED,False,-6.24,2.3014,6.43,HOLD,,False,,A,11.5,2,False,45.79,41.64,46.71,Below 200DMA — enter on recovery above 200DMA,7,2026-06-18,16.16,False,False,False,False,,0,False,False,False,False,False,False,48.3,6,89.0
MEDPLUS,MEDPLUS HEALTH,WATCHLIST_CONFIRMED,57.0,8.0,CAUTION,3.5,3.0,NORMAL,TOPPING,False,1,1,FRESH,False,4.01,25.9607,3.61,HOLD,,False,,A,6.0,1,False,829.42,804.54,870.89,Near 200DMA — ideal dip entry zone,7,2026-06-18,8.64,True,False,False,True,LOW_ROE(8.6%) | DRAWDOWN_RISK(vel=-5.0),0,False,False,False,False,False,False,48.3,6,89.0
MSUMI,MOTHERSON WIRING,WATCHLIST_CONFIRMED,57.0,20.0,CAUTION,3.5,3.0,NORMAL,LATE_CYCLE,False,2,2,FRESH,False,-14.56,1.1307,3.65,HOLD,,False,,A,27.06,3,False,43.5,36.05,44.37,Below 200DMA — enter on recovery above 200DMA,7,2026-06-18,35.68,False,False,False,False,,0,False,False,False,False,False,False,48.3,6,89.0
TATAELXSI,TATA ELXSI,WATCHLIST_CONFIRMED,57.0,20.0,CAUTION,3.5,3.0,NORMAL,BASING,False,1,1,FRESH,False,-15.53,117.0788,3.43,HOLD,,False,,A,29.67,3,False,4847.66,3971.76,4944.61,Below 200DMA — enter on recovery above 200DMA,7,2026-06-18,27.45,False,False,False,False,,0,True,True,False,False,False,False,48.3,6,89.0
UNOMINDA,UNO MINDA,WATCHLIST_CONFIRMED,57.0,19.0,CAUTION,3.5,3.0,NORMAL,LATE_CYCLE,False,2,2,FRESH,False,-8.79,40.5357,4.47,HOLD,,False,,A,13.61,3,False,1192.88,1055.36,1216.74,Below 200DMA — enter on recovery above 200DMA,7,2026-06-18,16.46,False,False,False,False,,0,False,False,False,False,False,False,48.3,6,89.0
SPLPETRO,SUPREME PETROCH.,WATCHLIST_EXTERNAL,57.0,20.0,CAUTION,3.5,1.5,NORMAL,TOPPING,False,1,1,FRESH,False,2.6,26.4929,4.46,HOLD,,False,,A,24.99,3,False,695.08,674.23,729.83,Near 200DMA — ideal dip entry zone,7,2026-06-18,17.5,False,False,False,False,,0,True,True,False,False,False,False,48.3,6,89.0
SPAL,S P APPARELS,WATCHLIST_CONFIRMED,57.0,15.0,CAUTION,3.5,3.0,NORMAL,LATE_CYCLE,False,2,3,EXPIRED,True,12.85,41.5143,6.0,HOLD,,False,,A,12.29,3,False,736.32,714.23,773.14,Near 200DMA — ideal dip entry zone,7,2026-06-18,11.11,True,False,False,False,LOW_ROE(11.1%),0,False,False,False,False,False,False,48.3,6,89.0
ZAGGLE,ZAGGLE PREPAID,WATCHLIST_CONFIRMED,57.0,8.0,CAUTION,3.5,3.0,NORMAL,CORRECTION,False,1,1,EXPIRED,False,-29.4,7.5614,4.3,HOLD,,False,,A,6.0,0,False,298.57,204.48,304.54,Below 200DMA — enter on recovery above 200DMA,7,2026-06-18,7.04,True,False,False,False,LOW_ROE(7.0%),0,True,True,False,False,False,False,48.3,6,89.0
VIJAYA,VIJAYA DIAGNOST.,WATCHLIST_CONFIRMED,57.0,20.0,CAUTION,3.5,3.0,NORMAL,LATE_CYCLE,False,3,3,FRESH,True,23.96,65.6929,6.07,PARTIAL_EXIT,EXTENDED: 4.7× ATR above 200DMA,False,,A,14.19,6,False,1048.36,1168.11,1266.65,Extended — wait for ATR pullback,7,2026-06-18,17.98,False,False,False,False,,0,False,False,False,False,False,False,48.3,6,89.0
SHAKTIPUMP,SHAKTI PUMPS,WATCHLIST_CONFIRMED,57.0,20.0,CAUTION,3.5,3.0,NORMAL,TOPPING,False,2,2,FRESH,True,-16.1,19.5786,4.3,HOLD,,False,,B,39.9,4,False,651.15,529.91,664.17,Below 200DMA — enter on recovery above 200DMA,7,2026-06-18,35.17,False,False,False,False,,0,False,False,False,False,False,False,48.3,6,89.0
SIYSIL,SIYARAM SILK,WATCHLIST_CONFIRMED,57.0,20.0,CAUTION,3.5,3.0,NORMAL,LATE_CYCLE,False,3,3,FRESH,True,0.37,26.7214,5.21,HOLD,,False,,A,37.05,4,False,612.77,594.39,643.41,Near 200DMA — ideal dip entry zone,7,2026-06-18,15.36,False,False,False,False,,0,False,False,False,False,False,False,48.3,6,89.0
CHAMBLFERT,CHAMBAL FERT.,WATCHLIST_CONFIRMED,57.0,20.0,CAUTION,3.5,3.0,NORMAL,LATE_CYCLE,False,2,3,EXPIRED,True,4.48,13.8679,3.43,HOLD,,False,,A,35.27,4,False,464.32,450.39,487.54,Near 200DMA — ideal dip entry zone,7,2026-06-18,18.9,False,False,False,False,,0,True,True,False,False,False,False,48.3,6,89.0
EUROPRATIK,EURO PRATIK SALE,WATCHLIST_CONFIRMED,57.0,19.0,CAUTION,3.5,3.0,NORMAL,LATE_CYCLE,False,3,3,FRESH,True,1.65,11.6179,5.04,HOLD,,False,,A,11.5,4,False,271.91,263.75,285.51,Near 200DMA — ideal dip entry zone,7,2026-06-18,32.65,False,False,False,False,,0,True,True,False,False,False,False,48.3,6,89.0
EPL,EPL LTD,WATCHLIST_CONFIRMED,57.0,20.0,CAUTION,3.5,3.0,NORMAL,TOPPING,False,1,2,EXPIRED,True,10.11,8.0714,4.16,HOLD,,False,,A,38.23,4,False,211.62,205.27,222.2,Near 200DMA — ideal dip entry zone,7,2026-06-18,15.25,False,False,False,False,,0,False,False,False,False,False,False,48.3,6,89.0
EQUITASBNK,EQUITAS SMA. FIN,WATCHLIST_CONFIRMED,57.0,2.0,CAUTION,3.5,3.0,NORMAL,LATE_CYCLE,False,3,3,FRESH,True,25.24,2.8271,4.31,PARTIAL_EXIT,EXTENDED: 7.0× ATR above 200DMA,False,,,0.0,3,False,62.8,73.0,77.24,Extended — wait for ATR pullback,7,2026-06-18,2.42,True,False,False,False,LOW_ROE(2.4%),0,False,False,False,False,False,False,48.3,6,89.0
DEEPAKNTR,DEEPAK NITRITE,WATCHLIST_EXTERNAL,57.0,16.0,CAUTION,3.5,1.5,NORMAL,TOPPING,False,1,1,EXPIRED,False,-2.54,49.6429,3.69,HOLD,,False,,A,15.41,2,False,1657.36,1566.84,1690.51,Below 200DMA — enter on recovery above 200DMA,7,2026-06-18,12.94,False,False,False,True,DRAWDOWN_RISK(vel=-7.0),0,False,False,False,False,False,False,48.3,6,89.0
DHANUKA,DHANUKA AGRITECH,WATCHLIST_CONFIRMED,57.0,20.0,CAUTION,3.5,3.0,NORMAL,LATE_CYCLE,False,1,2,EXPIRED,False,-12.67,35.7571,4.07,HOLD,,False,,A,14.07,3,False,1205.97,1021.6,1230.09,Below 200DMA — enter on recovery above 200DMA,7,2026-06-18,21.17,False,False,False,False,,0,True,True,False,False,False,False,48.3,6,89.0
DIVISLAB,DIVI'S LAB.,WATCHLIST_CONFIRMED,57.0,20.0,CAUTION,3.5,3.0,NORMAL,LATE_CYCLE,False,3,3,FRESH,True,5.0,155.3929,2.8,HOLD,,False,,A,16.89,5,False,6346.48,6156.09,6663.8,Near 200DMA — ideal dip entry zone,7,2026-06-18,14.64,False,False,False,False,,0,True,True,False,False,False,False,48.3,6,89.0
EMIL,ELECTRONICS MART,WATCHLIST_CONFIRMED,57.0,11.0,CAUTION,3.5,3.0,NORMAL,TOPPING,False,1,2,EXPIRED,True,1.95,4.7107,4.77,HOLD,,False,,A,7.5,2,False,116.2,112.71,122.01,Near 200DMA — ideal dip entry zone,7,2026-06-18,10.45,True,False,False,False,LOW_ROE(10.4%),0,False,False,False,False,False,False,48.3,6,89.0
ANUHPHR,ANUH PHARMA,WATCHLIST_CONFIRMED,57.0,19.0,CAUTION,3.5,3.0,RESTRICTED,LATE_CYCLE,False,3,3,FRESH,True,-0.01,3.1964,4.81,HOLD,,False,,A,29.55,5,False,79.79,77.4,81.39,Below 200DMA — enter on recovery above 200DMA,7,2026-06-18,14.52,False,False,False,False,,0,True,True,False,False,False,False,48.3,6,89.0
AMBER,AMBER ENTERP.,WATCHLIST_CONFIRMED,57.0,11.0,CAUTION,3.5,3.0,NORMAL,LATE_CYCLE,False,2,3,EXPIRED,True,6.77,267.1429,4.08,HOLD,,False,,A,7.5,3,False,7365.51,7144.54,7733.79,Near 200DMA — ideal dip entry zone,7,2026-06-18,10.66,True,True,False,False,LOW_ROE(10.7%) | HIGH_PE(144x vs ind 32x),0,False,False,False,False,False,False,48.3,6,89.0
AARTIIND,AARTI INDUSTRIES,WATCHLIST_EXTERNAL,57.0,4.0,CAUTION,3.5,1.5,NORMAL,TOPPING,False,2,2,FRESH,True,16.49,19.0071,4.76,HOLD,,False,,A,6.39,2,False,411.36,441.19,469.7,Extended — wait for ATR pullback,7,2026-06-18,5.9,True,False,False,False,LOW_ROE(5.9%),0,False,False,False,False,False,False,48.3,6,89.0
AURIONPRO,AURIONPRO SOL.,WATCHLIST_CONFIRMED,57.0,17.0,CAUTION,3.5,3.0,NORMAL,BASING,False,2,2,FRESH,True,-12.18,40.125,5.49,HOLD,,False,,B,39.9,4,False,998.25,850.4,1018.22,Below 200DMA — enter on recovery above 200DMA,7,2026-06-18,12.38,False,False,False,False,,0,True,True,False,False,False,False,48.3,6,89.0
IONEXCHANG,ION EXCHANGE,WATCHLIST_EXTERNAL,57.0,19.0,CAUTION,3.5,1.5,NORMAL,TOPPING,False,1,1,FRESH,False,-0.55,16.0786,5.13,HOLD,,False,,A,15.88,2,False,378.34,364.96,385.91,Below 200DMA — enter on recovery above 200DMA,7,2026-06-18,17.21,False,False,False,True,DRAWDOWN_RISK(vel=-10.0),0,False,False,False,False,False,False,48.3,6,89.0
IPCALAB,IPCA LABS.,WATCHLIST_CONFIRMED,57.0,15.0,CAUTION,3.5,3.0,NORMAL,LATE_CYCLE,False,1,2,EXPIRED,False,5.87,58.7214,4.58,HOLD,,False,,A,13.81,3,False,1453.36,1409.76,1526.03,Near 200DMA — ideal dip entry zone,7,2026-06-18,10.62,True,False,False,False,LOW_ROE(10.6%),0,False,False,False,False,False,False,48.3,6,89.0
HPL,HPL ELECTRIC,WATCHLIST_CONFIRMED,57.0,12.0,CAUTION,3.5,3.0,NORMAL,LATE_CYCLE,False,3,3,AGING,True,-0.29,18.3143,5.74,HOLD,,False,,A,11.49,4,False,383.95,371.36,391.63,Below 200DMA — enter on recovery above 200DMA,7,2026-06-18,10.25,True,False,False,False,LOW_ROE(10.2%),0,False,False,False,False,False,False,48.3,6,89.0
IEML,INDIAN EMULS,WATCHLIST_EXTERNAL,57.0,13.0,CAUTION,3.5,1.5,NORMAL,TOPPING,False,1,1,EXPIRED,False,-48.28,2.9964,7.44,EXIT,DETERIORATING (vel=-7.0 forensic=-3 regime=CAUTION),False,,A,8.5,1,False,93.4,46.85,95.27,Below 200DMA — enter on recovery above 200DMA,7,2026-06-18,16.21,False,False,False,True,DRAWDOWN_RISK(vel=-7.0),0,False,False,False,False,False,False,48.3,6,89.0
INDHOTEL,INDIAN HOTELS CO,WATCHLIST_CONFIRMED,57.0,13.0,CAUTION,3.5,3.0,NORMAL,LATE_CYCLE,False,3,3,FRESH,True,0.92,16.8786,2.9,HOLD,,False,,A,12.14,5,False,692.76,671.98,727.4,Near 200DMA — ideal dip entry zone,7,2026-06-18,17.09,False,False,False,False,,0,False,False,False,False,False,False,48.3,6,89.0
KROSS,KROSS LTD,WATCHLIST_CONFIRMED,57.0,12.0,CAUTION,3.5,3.0,NORMAL,LATE_CYCLE,False,1,2,EXPIRED,False,-1.52,6.9893,4.46,HOLD,,False,,A,8.0,1,False,190.81,182.27,194.63,Below 200DMA — enter on recovery above 200DMA,7,2026-06-18,11.05,True,False,False,False,LOW_ROE(11.1%),0,False,False,False,False,False,False,48.3,6,89.0
JYOTHYLAB,JYOTHY LABS,WATCHLIST_CONFIRMED,57.0,20.0,CAUTION,3.5,3.0,NORMAL,CORRECTION,False,1,1,FRESH,False,-23.31,5.5443,3.25,HOLD,,False,,B,39.9,2,False,266.93,198.57,272.27,Below 200DMA — enter on recovery above 200DMA,7,2026-06-18,18.07,False,False,False,False,,0,True,True,False,False,False,False,48.3,6,89.0
KAJARIACER,KAJARIA CERAMICS,WATCHLIST_CONFIRMED,57.0,16.0,CAUTION,3.5,3.0,NORMAL,LATE_CYCLE,False,3,3,FRESH,True,7.43,29.0857,3.02,HOLD,,False,,A,20.8,5,False,1075.95,1043.67,1129.75,Near 200DMA — ideal dip entry zone,7,2026-06-18,10.73,True,False,False,False,LOW_ROE(10.7%),0,True,True,False,False,False,False,48.3,6,89.0
ITC,ITC,WATCHLIST_CONFIRMED,57.0,20.0,CAUTION,3.5,3.0,NORMAL,CORRECTION,False,1,1,EXPIRED,False,-14.08,5.3821,2.22,HOLD,,False,,A,58.69,2,False,338.38,282.03,345.15,Below 200DMA — enter on recovery above 200DMA,7,2026-06-18,49.62,False,False,False,False,,0,True,True,False,False,False,False,48.3,6,89.0
HCLTECH,HCL TECHNOLOGIES,WATCHLIST_CONFIRMED,57.0,20.0,CAUTION,3.5,3.0,NORMAL,BASING,False,1,1,FRESH,False,-17.93,32.2786,3.32,HOLD,,False,,A,52.32,3,False,1421.73,1131.8,1450.16,Below 200DMA — enter on recovery above 200DMA,7,2026-06-18,23.19,False,False,False,False,,0,True,True,False,False,False,False,48.3,6,89.0
GMDCLTD,G M D C,WATCHLIST_CONFIRMED,57.0,15.0,CAUTION,3.5,3.0,NORMAL,TOPPING,False,1,1,EXPIRED,False,6.1,26.65,5.15,HOLD,,False,,A,27.18,3,False,584.9,567.35,614.14,Near 200DMA — ideal dip entry zone,7,2026-06-18,10.7,True,False,False,False,LOW_ROE(10.7%),0,True,True,False,False,False,False,48.3,6,89.0
GRINDWELL,GRINDWELL NORTON,WATCHLIST_CONFIRMED,57.0,20.0,CAUTION,3.5,3.0,NORMAL,TOPPING,False,2,2,FRESH,True,26.16,77.1429,4.5,PARTIAL_EXIT,EXTENDED: 7.0× ATR above 200DMA,False,,A,23.99,4,False,1629.18,1901.01,2016.73,Extended — wait for ATR pullback,7,2026-06-18,16.35,False,False,False,False,,0,True,True,False,False,False,False,48.3,6,89.0
GOLDIAM,GOLDIAM INTL.,WATCHLIST_CONFIRMED,57.0,17.0,CAUTION,3.5,3.0,NORMAL,LATE_CYCLE,False,3,3,FRESH,True,35.96,26.9429,6.47,PARTIAL_EXIT,EXTENDED: 6.7× ATR above 200DMA,False,,A,17.22,4,False,367.75,446.11,486.53,Extended — wait for ATR pullback,7,2026-06-18,15.81,False,False,False,False,,0,True,True,False,False,False,False,48.3,6,89.0
ASHIANA,ASHIANA HOUSING,WATCHLIST_EXTERNAL,56.0,3.0,CAUTION,3.5,1.5,NORMAL,CORRECTION,False,2,2,FRESH,True,23.31,17.1429,5.34,PARTIAL_EXIT,EXTENDED: 5.2× ATR above 200DMA,False,,A,11.72,5,False,312.62,351.21,376.93,Extended — wait for ATR pullback,7,2026-06-18,14.65,False,False,False,False,,0,False,False,False,False,False,False,48.3,6,89.0
ABSLAMC,ADITYA AMC,WATCHLIST_CONFIRMED,56.0,20.0,CAUTION,3.5,3.0,NORMAL,LATE_CYCLE,False,3,3,FRESH,True,24.87,44.4929,4.86,PARTIAL_EXIT,EXTENDED: 6.1× ATR above 200DMA,False,,A,37.54,5,False,879.25,1008.91,1075.65,Extended — wait for ATR pullback,7,2026-06-18,24.97,False,False,False,False,,0,True,True,False,False,False,False,48.3,6,89.0
PIIND,P I INDUSTRIES,WATCHLIST_CONFIRMED,56.0,20.0,CAUTION,3.5,3.0,NORMAL,LATE_CYCLE,False,2,2,FRESH,False,-12.37,83.8643,3.55,HOLD,,False,,A,17.47,3,False,3235.57,2750.14,3300.28,Below 200DMA — enter on recovery above 200DMA,7,2026-06-18,16.35,False,False,False,False,,0,True,True,False,False,False,False,48.3,6,89.0
MAHSEAMLES,MAH. SEAMLESS,WATCHLIST_CONFIRMED,56.0,17.0,CAUTION,3.5,3.0,NORMAL,TOPPING,False,1,1,EXPIRED,False,5.29,18.6,3.63,HOLD,,False,,A,28.23,3,False,584.02,566.5,613.22,Near 200DMA — ideal dip entry zone,7,2026-06-18,12.26,False,False,False,False,,0,True,True,False,False,False,False,48.3,6,89.0
LICI,LIFE INSURANCE,MONITOR,56.0,4.0,CAUTION,3.5,0.5,NORMAL,TOPPING,False,2,2,FRESH,True,-1.19,8.5321,2.45,EXIT,DETERIORATING (vel=-20.0 forensic=-3 regime=CAUTION),False,,A,19.47,2,False,423.2,405.61,431.66,Below 200DMA — enter on recovery above 200DMA,7,2026-06-18,37.98,False,False,False,True,DRAWDOWN_RISK(vel=-20.0),0,True,True,False,False,False,False,48.3,6,89.0
MTARTECH,MTAR TECHNOLOGIE,WATCHLIST_CONFIRMED,56.0,11.0,CAUTION,3.5,3.0,NORMAL,TOPPING,False,1,2,EXPIRED,True,131.71,607.3929,8.76,EXIT,PROFIT_ZONE: +132% above 200DMA | EXTENDED: 18.0× ATR above 200DMA,False,,A,7.5,4,False,3590.33,7104.21,8015.3,Extended — wait for ATR pullback,7,2026-06-18,7.26,True,True,False,False,LOW_ROE(7.3%) | HIGH_PE(170x vs ind 59x),0,False,False,False,False,False,False,48.3,6,89.0
MOTISONS,MOTISONS JEWEL,WATCHLIST_CONFIRMED,56.0,12.0,CAUTION,3.5,3.0,NORMAL,LATE_CYCLE,False,3,3,FRESH,True,-4.12,0.9957,8.32,HOLD,,False,,A,8.0,3,False,14.98,13.93,15.28,Below 200DMA — enter on recovery above 200DMA,7,2026-06-18,10.44,True,False,False,False,LOW_ROE(10.4%),0,False,False,False,False,False,False,48.3,6,89.0
THOMASCOTT,THOMAS SCOTT,WATCHLIST_CONFIRMED,56.0,13.0,CAUTION,3.5,3.0,NORMAL,LATE_CYCLE,False,2,3,EXPIRED,True,-7.44,20.45,8.35,HOLD,,False,,A,8.5,2,False,317.69,285.23,324.04,Below 200DMA — enter on recovery above 200DMA,7,2026-06-18,12.08,False,False,False,False,,0,False,False,False,False,False,False,48.3,6,89.0
TARIL,T R I L,WATCHLIST_CONFIRMED,56.0,20.0,CAUTION,3.5,3.0,NORMAL,TOPPING,False,2,2,FRESH,True,-3.98,12.0357,4.43,HOLD,,False,,B,39.2,4,False,339.42,316.12,346.21,Below 200DMA — enter on recovery above 200DMA,7,2026-06-18,17.12,False,False,False,False,,0,False,False,False,False,False,False,48.3,6,89.0
TBZ,T B Z,WATCHLIST_CONFIRMED,56.0,4.0,CAUTION,3.5,3.0,NORMAL,LATE_CYCLE,False,2,3,EXPIRED,True,18.98,12.5371,7.74,HOLD,,False,,A,21.3,2,False,163.39,169.33,188.13,Extended — wait for ATR pullback,7,2026-06-18,10.41,True,False,False,False,LOW_ROE(10.4%),0,False,False,False,False,False,False,48.3,6,89.0
TANLA,TANLA PLATFORMS,WATCHLIST_CONFIRMED,56.0,20.0,CAUTION,3.5,3.0,NORMAL,BASING,False,2,2,FRESH,True,-1.94,19.2786,4.37,HOLD,,False,,A,54.67,4,False,539.42,513.08,550.21,Below 200DMA — enter on recovery above 200DMA,7,2026-06-18,22.36,False,False,False,False,,0,True,True,False,False,False,False,48.3,6,89.0
STALLION,STALLION INDIA,WATCHLIST_EXTERNAL,56.0,12.0,CAUTION,3.5,1.5,NORMAL,TOPPING,False,1,2,EXPIRED,True,-1.89,11.0643,7.06,EXIT,DETERIORATING (vel=-7.0 forensic=-3 regime=CAUTION),False,,A,8.0,1,False,191.62,182.36,195.45,Below 200DMA — enter on recovery above 200DMA,7,2026-06-18,10.75,True,False,False,False,LOW_ROE(10.8%),0,True,True,False,False,False,False,48.3,6,89.0
SUMICHEM,SUMITOMO CHEMI.,WATCHLIST_CONFIRMED,56.0,20.0,CAUTION,3.5,3.0,NORMAL,LATE_CYCLE,False,2,3,EXPIRED,True,0.17,15.7214,4.06,HOLD,,False,,A,15.11,4,False,463.49,449.59,486.66,Near 200DMA — ideal dip entry zone,7,2026-06-18,17.42,False,False,False,False,,0,True,True,False,False,False,False,48.3,6,89.0
SPANDANA,SPANDANA SPHOORT,MONITOR,56.0,0.0,CAUTION,3.5,0.5,NORMAL,LATE_CYCLE,False,3,3,FRESH,True,3.19,13.4679,6.31,EXIT,DETERIORATING (vel=-17.0 forensic=-4 regime=CAUTION),False,,,0.0,2,False,248.32,240.87,260.74,Near 200DMA — ideal dip entry zone,7,2026-06-18,-39.31,True,False,False,True,LOW_ROE(-39.3%) | DRAWDOWN_RISK(vel=-17.0),0,False,False,False,False,False,False,48.3,6,89.0
TAC,TAC INFOSEC,WATCHLIST_CONFIRMED,56.0,19.0,CAUTION,3.5,3.0,NORMAL,BASING,False,1,1,EXPIRED,False,-38.67,17.5286,5.12,HOLD,,False,,B,39.2,3,False,670.42,398.86,683.83,Below 200DMA — enter on recovery above 200DMA,7,2026-06-18,26.08,False,True,False,False,HIGH_PE(73x vs ind 23x),0,False,False,False,False,False,False,48.3,6,89.0
ZENSARTECH,ZENSAR TECH.,WATCHLIST_CONFIRMED,56.0,20.0,CAUTION,3.5,3.0,NORMAL,BASING,False,1,1,FRESH,False,-29.09,18.7857,4.88,HOLD,,False,,B,39.2,3,False,650.78,447.65,663.8,Below 200DMA — enter on recovery above 200DMA,7,2026-06-18,15.97,False,False,False,False,,0,True,True,False,False,False,False,48.3,6,89.0
WCIL,WESTERN CARRIERS,WATCHLIST_EXTERNAL,56.0,12.0,CAUTION,3.5,1.5,RESTRICTED,LATE_CYCLE,False,3,3,FRESH,True,-9.86,3.1414,3.67,EXIT,DETERIORATING (vel=-8.0 forensic=-3 regime=CAUTION),False,,A,8.0,2,False,113.91,99.6,116.19,Below 200DMA — enter on recovery above 200DMA,7,2026-06-18,7.87,True,False,False,True,LOW_ROE(7.9%) | DRAWDOWN_RISK(vel=-8.0),0,False,False,False,False,False,False,48.3,6,89.0
VGUARD,V-GUARD INDUSTRI,WATCHLIST_CONFIRMED,56.0,20.0,CAUTION,3.5,3.0,NORMAL,LATE_CYCLE,False,2,2,FRESH,False,-8.75,8.0714,3.17,HOLD,,False,,A,19.63,3,False,335.16,296.67,341.86,Below 200DMA — enter on recovery above 200DMA,7,2026-06-18,14.95,False,False,False,False,,0,True,True,False,False,False,False,48.3,6,89.0
SAIL,S A I L,WATCHLIST_EXTERNAL,56.0,0.0,CAUTION,3.5,1.5,NORMAL,TOPPING,False,1,1,FRESH,False,17.25,5.7721,3.86,HOLD,,False,,A,12.19,2,False,153.16,168.04,176.69,Extended — wait for ATR pullback,7,2026-06-18,4.03,True,False,False,True,LOW_ROE(4.0%) | DRAWDOWN_RISK(vel=-15.0),0,False,False,False,False,False,False,48.3,6,89.0
ROTO,ROTO PUMPS,WATCHLIST_CONFIRMED,56.0,20.0,CAUTION,3.5,3.0,NORMAL,TOPPING,False,2,2,FRESH,True,0.34,3.4157,6.36,HOLD,,False,,A,16.75,4,False,64.2,62.27,67.41,Near 200DMA — ideal dip entry zone,7,2026-06-18,15.11,False,False,False,False,,0,False,False,False,False,False,False,48.3,6,89.0
COROMANDEL,COROMANDEL INTER,WATCHLIST_CONFIRMED,56.0,20.0,CAUTION,3.5,3.0,NORMAL,LATE_CYCLE,False,3,3,FRESH,True,-5.21,73.8072,4.35,HOLD,,False,,A,18.12,5,False,2147.84,1974.82,2190.8,Below 200DMA — enter on recovery above 200DMA,7,2026-06-18,18.64,False,False,False,False,,0,False,False,False,False,False,False,48.3,6,89.0
BFINVEST,BF INVESTMENT,MONITOR,56.0,1.0,CAUTION,3.5,0.5,NORMAL,LATE_CYCLE,False,3,3,AGING,True,6.65,20.4357,5.43,EXIT,DETERIORATING (vel=-17.0 forensic=-2 regime=CAUTION),False,,,0.0,2,False,423.8,411.09,444.99,Near 200DMA — ideal dip entry zone,7,2026-06-18,3.22,True,False,False,True,LOW_ROE(3.2%) | DRAWDOWN_RISK(vel=-17.0),0,True,True,False,False,False,False,48.3,6,89.0
CGRAPHICS,CREATIVE GRAPHIC,WATCHLIST_CONFIRMED,56.0,15.0,CAUTION,3.5,3.0,RESTRICTED,TOPPING,False,1,1,EXPIRED,False,-23.33,7.3143,6.28,HOLD,,False,,B,39.2,2,False,182.35,135.61,186.0,Below 200DMA — enter on recovery above 200DMA,7,2026-06-18,19.46,False,False,False,False,,0,False,False,False,False,False,False,48.3,6,89.0
BRIGADE,BRIGADE ENTERPR.,WATCHLIST_EXTERNAL,56.0,9.0,CAUTION,3.5,1.5,NORMAL,CORRECTION,False,1,2,EXPIRED,True,-7.62,16.7089,3.54,HOLD,,False,,A,10.31,3,False,612.51,548.87,624.76,Below 200DMA — enter on recovery above 200DMA,7,2026-06-18,12.16,False,False,False,False,,0,False,False,False,False,False,False,48.3,6,89.0
ANANTRAJ,ANANT RAJ,WATCHLIST_EXTERNAL,56.0,11.0,CAUTION,3.5,1.5,NORMAL,CORRECTION,False,2,2,FRESH,True,-3.75,24.7786,5.6,HOLD,,False,,A,9.09,2,False,551.56,514.97,562.59,Below 200DMA — enter on recovery above 200DMA,7,2026-06-18,10.23,True,False,False,False,LOW_ROE(10.2%),0,False,False,False,False,False,False,48.3,6,89.0
ASTRAL,ASTRAL,WATCHLIST_CONFIRMED,56.0,20.0,CAUTION,3.5,3.0,NORMAL,TOPPING,False,2,2,FRESH,True,4.06,42.6143,3.27,HOLD,,False,,A,17.29,4,False,1504.16,1459.04,1579.37,Near 200DMA — ideal dip entry zone,7,2026-06-18,14.48,False,True,False,False,HIGH_PE(87x vs ind 23x),0,True,True,False,False,False,False,48.3,6,89.0
KDDL,KDDL LTD,WATCHLIST_CONFIRMED,56.0,12.0,CAUTION,3.5,3.0,NORMAL,LATE_CYCLE,False,3,3,FRESH,True,18.78,134.7143,5.57,HOLD,,False,,A,16.86,3,False,2444.37,2633.87,2835.94,Extended — wait for ATR pullback,7,2026-06-18,10.34,True,False,False,False,LOW_ROE(10.3%),0,False,False,False,False,False,False,48.3,6,89.0
GULPOLY,GULSHAN POLYOLS,WATCHLIST_CONFIRMED,56.0,8.0,CAUTION,3.5,3.0,NORMAL,CORRECTION,False,1,2,EXPIRED,True,33.83,10.5786,6.02,PARTIAL_EXIT,EXTENDED: 6.7× ATR above 200DMA,False,,A,7.92,2,False,157.61,189.77,205.64,Extended — wait for ATR pullback,7,2026-06-18,4.02,True,False,False,False,LOW_ROE(4.0%),0,False,False,False,False,False,False,48.3,6,89.0
HAL,HIND.AERONAUTICS,WATCHLIST_CONFIRMED,56.0,19.0,CAUTION,3.5,3.0,NORMAL,TOPPING,False,2,2,FRESH,True,2.01,113.6857,3.06,HOLD,,False,,A,22.0,4,False,4372.64,4241.46,4591.27,Near 200DMA — ideal dip entry zone,7,2026-06-18,23.91,False,False,False,False,,0,True,True,False,False,False,False,48.3,6,89.0
HAVELLS,HAVELLS INDIA,WATCHLIST_CONFIRMED,56.0,20.0,CAUTION,3.5,3.0,NORMAL,LATE_CYCLE,False,2,2,FRESH,False,-12.51,32.5857,3.27,HOLD,,False,,A,19.71,3,False,1367.96,1160.9,1395.32,Below 200DMA — enter on recovery above 200DMA,7,2026-06-18,17.69,False,False,False,False,,0,True,True,False,False,False,False,48.3,6,89.0
GPIL,GODAWARI POWER,WATCHLIST_CONFIRMED,56.0,20.0,CAUTION,3.5,3.0,NORMAL,TOPPING,False,1,1,FRESH,False,2.99,7.7357,3.41,HOLD,,False,,A,15.8,3,False,264.2,256.27,277.41,Near 200DMA — ideal dip entry zone,7,2026-06-18,16.54,False,False,False,False,,0,True,True,False,False,False,False,48.3,6,89.0
MARINE,MARINE ELECTRIC.,WATCHLIST_CONFIRMED,55.0,16.0,CAUTION,3.5,3.0,NORMAL,LATE_CYCLE,False,2,3,EXPIRED,True,26.0,16.66,7.55,PARTIAL_EXIT,EXTENDED: 4.1× ATR above 200DMA,False,,A,11.74,3,False,210.03,231.33,256.32,Extended — wait for ATR pullback,7,2026-06-18,9.52,True,False,False,False,LOW_ROE(9.5%),0,False,False,False,False,False,False,48.3,6,89.0
JINDRILL,JINDAL DRILLING,WATCHLIST_CONFIRMED,55.0,13.0,CAUTION,3.5,3.0,NORMAL,TOPPING,False,1,2,EXPIRED,True,6.91,22.7822,4.64,HOLD,,False,,A,10.61,3,False,551.29,534.75,578.85,Near 200DMA — ideal dip entry zone,7,2026-06-18,13.59,False,False,False,True,DRAWDOWN_RISK(vel=-9.0),0,True,True,False,False,False,False,48.3,6,89.0
SUPRIYA,SUPRIYA LIFESCI.,WATCHLIST_CONFIRMED,55.0,20.0,CAUTION,3.5,3.0,NORMAL,LATE_CYCLE,False,3,3,FRESH,True,27.6,73.7643,9.68,PARTIAL_EXIT,EXTENDED: 3.4× ATR above 200DMA,False,,A,13.69,5,False,716.6,766.82,877.47,Extended — wait for ATR pullback,7,2026-06-18,18.86,False,False,False,False,,0,True,True,False,False,False,False,48.3,6,89.0
RAJOOENG,RAJOO ENGINEERS,WATCHLIST_CONFIRMED,55.0,20.0,CAUTION,3.5,3.0,NORMAL,LATE_CYCLE,False,2,2,FRESH,False,-21.78,2.0464,4.47,HOLD,,False,,A,14.66,3,False,70.22,53.28,71.62,Below 200DMA — enter on recovery above 200DMA,7,2026-06-18,23.35,False,False,False,False,,0,True,True,False,False,False,False,48.3,6,89.0
PNB,PUNJAB NATL.BANK,WATCHLIST_CONFIRMED,55.0,4.0,CAUTION,3.5,3.0,NORMAL,LATE_CYCLE,False,3,3,FRESH,True,-3.11,2.7525,3.03,HOLD,,False,,A,29.87,5,False,112.37,105.6,114.62,Below 200DMA — enter on recovery above 200DMA,7,2026-06-18,12.71,False,False,False,False,,0,False,False,False,False,False,False,48.3,6,89.0
MCLOUD,MAGELLANIC CLOUD,WATCHLIST_CONFIRMED,55.0,20.0,CAUTION,3.5,3.0,NORMAL,BASING,False,1,2,EXPIRED,True,-28.29,1.5357,6.62,HOLD,,False,,A,13.37,4,False,38.81,27.0,39.59,Below 200DMA — enter on recovery above 200DMA,7,2026-06-18,19.84,False,False,False,False,,0,False,False,False,False,False,False,48.3,6,89.0
MINDACORP,MINDA CORP,WATCHLIST_CONFIRMED,55.0,16.0,CAUTION,3.5,3.0,NORMAL,LATE_CYCLE,False,3,3,FRESH,True,14.72,22.8214,4.25,HOLD,,False,,A,12.78,4,False,561.37,544.53,589.44,Near 200DMA — ideal dip entry zone,7,2026-06-18,11.62,True,False,False,False,LOW_ROE(11.6%),0,False,False,False,False,False,False,48.3,6,89.0
TECHNOE,TECHNO ELEC.ENGG,MONITOR,55.0,12.0,CAUTION,3.5,0.5,NORMAL,TOPPING,False,1,1,EXPIRED,False,-8.33,36.1,3.99,HOLD,,False,,A,16.22,1,False,1183.63,1052.45,1207.3,Below 200DMA — enter on recovery above 200DMA,7,2026-06-18,11.31,True,False,False,True,LOW_ROE(11.3%) | DRAWDOWN_RISK(vel=-7.0),0,True,True,False,False,False,False,48.3,6,89.0
TCS,TCS,WATCHLIST_CONFIRMED,55.0,20.0,CAUTION,3.5,3.0,NORMAL,BASING,False,1,1,FRESH,False,-19.46,71.1714,3.84,HOLD,,False,,A,38.2,3,False,2760.04,2156.31,2815.24,Below 200DMA — enter on recovery above 200DMA,7,2026-06-18,42.63,False,False,False,False,,0,True,True,False,False,False,False,48.3,6,89.0
TRANSRAILL,TRANSRAIL LIGHT,WATCHLIST_CONFIRMED,55.0,17.0,CAUTION,3.5,3.0,NORMAL,TOPPING,False,1,1,FRESH,False,-16.43,13.5393,3.26,HOLD,,False,,A,12.09,3,False,596.04,483.16,607.96,Below 200DMA — enter on recovery above 200DMA,7,2026-06-18,17.36,False,False,False,False,,0,False,False,False,False,False,False,48.3,6,89.0
VAIBHAVGBL,VAIBHAV GLOBAL,WATCHLIST_CONFIRMED,55.0,16.0,CAUTION,3.5,3.0,NORMAL,LATE_CYCLE,False,3,3,FRESH,True,8.72,10.3143,4.99,HOLD,,False,,A,38.97,4,False,228.1,221.26,239.5,Near 200DMA — ideal dip entry zone,7,2026-06-18,11.36,True,False,False,False,LOW_ROE(11.4%),0,False,False,False,False,False,False,48.3,6,89.0
WINDLAS,WINDLAS BIOTECH,WATCHLIST_CONFIRMED,55.0,16.0,CAUTION,3.5,3.0,NORMAL,LATE_CYCLE,False,2,2,FRESH,False,-2.24,28.275,4.15,HOLD,,False,,A,18.0,3,False,835.75,792.49,852.47,Below 200DMA — enter on recovery above 200DMA,7,2026-06-18,12.06,False,False,False,False,,0,True,True,False,False,False,False,48.3,6,89.0
RITES,RITES,WATCHLIST_EXTERNAL,55.0,13.0,CAUTION,3.5,1.5,NORMAL,TOPPING,False,1,2,EXPIRED,True,-6.19,5.4729,3.1,HOLD,,False,,A,49.45,3,False,226.11,205.74,230.63,Below 200DMA — enter on recovery above 200DMA,7,2026-06-18,14.57,False,False,False,False,,0,True,True,False,False,False,False,48.3,6,89.0
CUBEXTUB,CUBEX TUBINGS,WATCHLIST_CONFIRMED,55.0,12.0,CAUTION,3.5,3.0,RESTRICTED,TOPPING,False,1,1,EXPIRED,False,-10.99,3.145,4.41,HOLD,,False,,A,8.0,1,False,96.11,82.98,98.03,Below 200DMA — enter on recovery above 200DMA,7,2026-06-18,8.78,True,False,False,False,LOW_ROE(8.8%),0,False,False,False,False,False,False,48.3,6,89.0
CEINSYS,CEINSYS TECH,WATCHLIST_CONFIRMED,55.0,16.0,CAUTION,3.5,3.0,NORMAL,BASING,False,1,1,EXPIRED,False,-4.68,43.0179,5.47,HOLD,,False,,A,10.0,3,False,990.65,915.97,1010.46,Below 200DMA — enter on recovery above 200DMA,7,2026-06-18,15.35,False,False,False,False,,0,False,False,False,False,False,False,48.3,6,89.0
ENDURANCE,ENDURANCE TECH.,WATCHLIST_CONFIRMED,55.0,17.0,CAUTION,3.5,3.0,NORMAL,LATE_CYCLE,False,2,3,EXPIRED,True,-1.09,78.1071,3.63,HOLD,,False,,A,14.85,4,False,2612.97,2507.06,2665.23,Below 200DMA — enter on recovery above 200DMA,7,2026-06-18,14.63,False,False,False,False,,0,False,False,False,False,False,False,48.3,6,89.0
AARTIPHARM,AARTI PHARMA,WATCHLIST_CONFIRMED,55.0,14.0,CAUTION,3.5,3.0,NORMAL,LATE_CYCLE,False,2,2,FRESH,False,-13.06,23.55,4.36,HOLD,,False,,A,16.77,2,False,745.57,628.75,760.48,Below 200DMA — enter on recovery above 200DMA,7,2026-06-18,13.69,False,False,False,False,,0,False,False,False,False,False,False,48.3,6,89.0
INDNIPPON,INDIA NIPP.ELEC.,WATCHLIST_CONFIRMED,55.0,16.0,CAUTION,3.5,3.0,NORMAL,LATE_CYCLE,False,2,3,EXPIRED,True,9.9,42.0107,5.5,HOLD,,False,,A,26.82,3,False,834.57,809.53,876.3,Near 200DMA — ideal dip entry zone,7,2026-06-18,11.57,True,False,False,False,LOW_ROE(11.6%),0,True,True,False,False,False,False,48.3,6,89.0
IIFLCAPS,IIFL CAPITAL,WATCHLIST_CONFIRMED,55.0,16.0,CAUTION,3.5,3.0,NORMAL,LATE_CYCLE,False,3,3,FRESH,True,8.7,5.3714,1.86,HOLD,,False,,A,20.83,4,False,318.5,308.94,334.43,Near 200DMA — ideal dip entry zone,7,2026-06-18,28.41,False,False,True,False,,0,False,False,False,False,False,False,48.3,6,89.0
KEC,KEC INTERNATIONAL,WATCHLIST_EXTERNAL,55.0,12.0,CAUTION,3.5,1.5,NORMAL,TOPPING,False,1,1,FRESH,False,-22.73,14.6821,3.4,HOLD,,False,,B,38.5,1,False,670.73,502.75,684.14,Below 200DMA — enter on recovery above 200DMA,7,2026-06-18,10.67,True,False,False,True,LOW_ROE(10.7%) | DRAWDOWN_RISK(vel=-8.0),0,False,False,False,False,False,False,48.3,6,89.0
KILITCH,KILITCH DRUGS,WATCHLIST_CONFIRMED,55.0,16.0,CAUTION,3.5,3.0,NORMAL,LATE_CYCLE,False,2,3,EXPIRED,True,7.23,11.1707,7.38,HOLD,,False,,A,10.0,4,False,169.31,164.23,177.78,Near 200DMA — ideal dip entry zone,7,2026-06-18,13.2,False,False,False,False,,0,False,False,False,False,False,False,48.3,6,89.0
FOCUS,FOCUS LIGHTING,WATCHLIST_CONFIRMED,55.0,16.0,CAUTION,3.5,3.0,NORMAL,LATE_CYCLE,False,2,3,EXPIRED,True,17.71,4.5629,5.91,HOLD,,False,,A,10.0,3,False,78.77,83.59,90.44,Extended — wait for ATR pullback,7,2026-06-18,10.84,True,True,False,False,LOW_ROE(10.8%) | HIGH_PE(94x vs ind 32x),0,False,False,False,False,False,False,48.3,6,89.0
GLOTTIS,GLOTTIS,MONITOR,55.0,18.0,CAUTION,3.5,0.5,NORMAL,LATE_CYCLE,False,2,3,EXPIRED,True,13.1,2.325,4.15,HOLD,,False,,A,11.0,3,False,59.5,57.71,62.48,Near 200DMA — ideal dip entry zone,7,2026-06-18,56.98,False,False,False,False,,0,False,False,False,False,False,False,48.3,6,89.0
GRAUWEIL,GRAUER & WEIL,WATCHLIST_EXTERNAL,55.0,20.0,CAUTION,3.5,1.5,NORMAL,TOPPING,False,2,2,FRESH,True,3.0,4.3193,6.76,HOLD,,False,,A,12.0,3,False,74.48,72.25,78.2,Near 200DMA — ideal dip entry zone,7,2026-06-18,16.74,False,False,False,False,,0,True,True,False,False,False,False,48.3,6,89.0
JTLIND,JTL INDUSTRIES,WATCHLIST_CONFIRMED,54.0,8.0,CAUTION,3.5,3.0,NORMAL,TOPPING,False,2,2,FRESH,True,14.3,3.6057,5.68,HOLD,,False,,A,8.35,2,False,66.64,64.64,69.97,Near 200DMA — ideal dip entry zone,7,2026-06-18,8.11,True,False,False,False,LOW_ROE(8.1%),0,False,False,False,False,False,False,48.3,6,89.0
ZENTEC,ZEN TECHNOLOGIES,WATCHLIST_CONFIRMED,54.0,13.0,CAUTION,3.5,3.0,NORMAL,TOPPING,False,2,2,FRESH,True,29.62,84.4,5.37,PARTIAL_EXIT,EXTENDED: 6.6× ATR above 200DMA,False,,A,9.92,3,False,1456.11,1718.6,1845.2,Extended — wait for ATR pullback,7,2026-06-18,16.48,False,False,False,False,,0,True,True,False,False,False,False,48.3,6,89.0
PFS,PTC INDIA FIN,MONITOR,54.0,3.0,CAUTION,3.5,0.5,NORMAL,LATE_CYCLE,False,3,3,AGING,True,-4.26,0.8871,3.39,EXIT,DETERIORATING (vel=-16.0 forensic=-1 regime=CAUTION),False,,,0.0,2,False,32.77,30.44,33.43,Below 200DMA — enter on recovery above 200DMA,7,2026-06-18,7.88,True,False,False,True,LOW_ROE(7.9%) | DRAWDOWN_RISK(vel=-16.0),0,False,False,False,False,False,False,48.3,6,89.0
MVGJL,MANOJ VAIBHAV,WATCHLIST_CONFIRMED,54.0,17.0,CAUTION,3.5,3.0,RESTRICTED,LATE_CYCLE,False,1,2,EXPIRED,False,-14.43,6.1586,4.91,HOLD,,False,,A,10.5,2,False,175.96,146.06,179.48,Below 200DMA — enter on recovery above 200DMA,7,2026-06-18,13.97,False,False,False,False,,0,False,False,False,False,False,False,48.3,6,89.0
VOLTAS,VOLTAS,WATCHLIST_CONFIRMED,54.0,13.0,CAUTION,3.5,3.0,NORMAL,LATE_CYCLE,False,2,3,EXPIRED,True,-1.87,44.093,3.91,HOLD,,False,,A,16.69,3,False,1378.64,1312.31,1406.21,Below 200DMA — enter on recovery above 200DMA,7,2026-06-18,12.92,False,True,False,False,HIGH_PE(89x vs ind 32x),0,False,False,False,False,False,False,48.3,6,89.0
VINATIORGA,VINATI ORGANICS,WATCHLIST_EXTERNAL,54.0,19.0,CAUTION,3.5,1.5,NORMAL,TOPPING,False,2,2,FRESH,True,-12.16,31.4,2.83,HOLD,,False,,A,16.9,3,False,1514.74,1290.68,1545.03,Below 200DMA — enter on recovery above 200DMA,7,2026-06-18,14.51,False,False,False,False,,0,True,True,False,False,False,False,48.3,6,89.0
SDBL,SOM DISTILLERIES,WATCHLIST_CONFIRMED,54.0,16.0,CAUTION,3.5,3.0,NORMAL,CORRECTION,False,1,2,EXPIRED,True,-15.38,4.4657,6.25,HOLD,,False,,A,10.0,4,False,101.37,83.21,103.4,Below 200DMA — enter on recovery above 200DMA,7,2026-06-18,13.98,False,False,False,False,,0,False,False,False,False,False,False,48.3,6,89.0
SGMART,SG MART,WATCHLIST_CONFIRMED,54.0,12.0,CAUTION,3.5,3.0,NORMAL,TOPPING,False,2,2,FRESH,True,35.08,23.5322,4.83,PARTIAL_EXIT,EXTENDED: 8.7× ATR above 200DMA,False,,A,6.0,2,False,432.62,537.34,572.63,Extended — wait for ATR pullback,7,2026-06-18,8.56,True,True,False,False,LOW_ROE(8.6%) | HIGH_PE(52x vs ind 18x),0,False,False,False,False,False,False,48.3,6,89.0
SIRCA,SIRCA PAINTS,WATCHLIST_CONFIRMED,54.0,16.0,CAUTION,3.5,3.0,NORMAL,LATE_CYCLE,False,1,2,EXPIRED,False,-10.95,8.5464,2.48,HOLD,,False,,A,13.44,3,False,464.73,401.43,474.02,Below 200DMA — enter on recovery above 200DMA,7,2026-06-18,14.03,False,False,False,False,,0,False,False,False,False,False,False,48.3,6,89.0
CELLECOR,CELLECOR GADGETS,WATCHLIST_CONFIRMED,54.0,15.0,CAUTION,3.5,3.0,NORMAL,LATE_CYCLE,False,2,3,EXPIRED,True,21.61,1.7429,5.53,PARTIAL_EXIT,EXTENDED: 4.7× ATR above 200DMA,False,,A,7.5,3,False,31.12,34.36,36.98,Extended — wait for ATR pullback,7,2026-06-18,19.81,False,True,False,False,HIGH_PE(199x vs ind 32x),0,False,False,False,False,False,False,48.3,6,89.0
ASTERDM,ASTER DM HEALTH.,WATCHLIST_CONFIRMED,54.0,14.0,CAUTION,3.5,3.0,NORMAL,LATE_CYCLE,False,3,3,FRESH,True,16.22,28.3143,4.44,HOLD,,False,,A,16.94,4,False,659.07,709.32,751.79,Extended — wait for ATR pullback,7,2026-06-18,156.88,False,False,False,False,,0,False,False,False,False,False,False,48.3,6,89.0
IRB,IRB INFRA.DEVL.,WATCHLIST_EXTERNAL,54.0,10.0,CAUTION,3.5,1.5,NORMAL,TOPPING,False,1,1,AGING,False,0.96,0.6029,3.39,EXIT,DETERIORATING (vel=-7.0 forensic=-1 regime=CAUTION),False,,A,12.77,1,False,21.14,20.51,22.2,Near 200DMA — ideal dip entry zone,7,2026-06-18,32.69,False,False,False,True,DRAWDOWN_RISK(vel=-7.0),0,False,False,False,False,False,False,48.3,6,89.0
HARIOMPIPE,HARIOM PIPE,WATCHLIST_CONFIRMED,54.0,8.0,CAUTION,3.5,3.0,NORMAL,TOPPING,False,1,2,EXPIRED,True,6.21,25.7643,7.46,HOLD,,False,,A,7.97,2,False,390.35,378.64,409.87,Near 200DMA — ideal dip entry zone,7,2026-06-18,10.78,True,False,False,False,LOW_ROE(10.8%),0,False,False,False,False,False,False,48.3,6,89.0
GUJGASLTD,GUJARAT GAS,WATCHLIST_CONFIRMED,54.0,13.0,CAUTION,3.5,3.0,NORMAL,LATE_CYCLE,False,3,3,FRESH,True,-0.29,17.075,5.16,HOLD,,False,,A,24.97,5,False,398.44,385.38,406.41,Below 200DMA — enter on recovery above 200DMA,7,2026-06-18,13.53,False,False,False,False,,0,True,True,False,False,False,False,48.3,6,89.0
FUSION,FUSION FINANCE,MONITOR,54.0,0.0,CAUTION,3.5,0.5,NORMAL,LATE_CYCLE,False,1,2,EXPIRED,False,1.07,7.1093,4.8,EXIT,DETERIORATING (vel=-16.0 forensic=-4 regime=CAUTION),False,,,0.0,0,False,175.81,170.54,184.6,Near 200DMA — ideal dip entry zone,7,2026-06-18,-74.52,True,False,False,True,LOW_ROE(-74.5%) | DRAWDOWN_RISK(vel=-16.0),0,False,False,False,False,False,False,48.3,6,89.0
GANECOS,GANESHA ECOSPHE.,MONITOR,54.0,11.0,CAUTION,3.5,0.5,NORMAL,LATE_CYCLE,False,1,2,EXPIRED,False,-3.14,38.9071,4.94,HOLD,,False,,A,9.22,1,False,975.14,916.21,994.64,Below 200DMA — enter on recovery above 200DMA,7,2026-06-18,8.96,True,True,False,False,LOW_ROE(9.0%) | HIGH_PE(54x vs ind 16x),0,False,False,False,False,False,False,48.3,6,89.0
GANESHCP,GANESH CONSUMER,WATCHLIST_EXTERNAL,54.0,20.0,CAUTION,3.5,1.5,NORMAL,CORRECTION,False,2,2,FRESH,True,-7.1,9.2129,5.42,HOLD,,False,,A,26.35,3,False,219.57,197.86,223.96,Below 200DMA — enter on recovery above 200DMA,7,2026-06-18,15.62,False,False,False,False,,0,False,False,False,False,False,False,48.3,6,89.0
GREENPLY,GREENPLY INDUSTR,WATCHLIST_CONFIRMED,54.0,16.0,CAUTION,3.5,3.0,NORMAL,LATE_CYCLE,False,3,3,FRESH,True,12.55,13.1121,5.36,HOLD,,False,,A,12.52,4,False,260.92,253.09,273.97,Near 200DMA — ideal dip entry zone,7,2026-06-18,11.33,True,False,False,False,LOW_ROE(11.3%),0,False,False,False,False,False,False,48.3,6,89.0
GRAPHITE,GRAPHITE INDIA,WATCHLIST_CONFIRMED,54.0,8.0,CAUTION,3.5,3.0,NORMAL,TOPPING,False,1,1,FRESH,False,6.14,27.0571,4.9,HOLD,,False,,A,21.77,3,False,623.91,605.19,655.11,Near 200DMA — ideal dip entry zone,7,2026-06-18,7.88,True,False,False,False,LOW_ROE(7.9%),0,True,True,False,False,False,False,48.3,6,89.0
HINDALCO,HINDALCO INDS.,WATCHLIST_CONFIRMED,54.0,13.0,CAUTION,3.5,3.0,NORMAL,TOPPING,False,1,1,FRESH,False,11.56,33.6429,4.01,HOLD,,False,,A,14.14,4,False,903.45,876.35,948.62,Near 200DMA — ideal dip entry zone,7,2026-06-18,12.93,False,False,False,False,,0,False,False,False,False,False,False,48.3,6,89.0
HFCL,HFCL,WATCHLIST_EXTERNAL,54.0,4.0,CAUTION,3.5,1.5,NORMAL,CORRECTION,False,2,2,FRESH,True,115.79,11.0879,7.0,EXIT,PROFIT_ZONE: +116% above 200DMA | EXTENDED: 19.9× ATR above 200DMA,False,,A,5.4,2,False,88.11,167.95,184.59,Extended — wait for ATR pullback,7,2026-06-18,4.35,True,True,False,False,LOW_ROE(4.3%) | HIGH_PE(198x vs ind 27x),0,False,False,False,False,False,False,48.3,6,89.0
ELECON,ELECON ENGG.CO,WATCHLIST_CONFIRMED,53.0,20.0,CAUTION,3.5,3.0,NORMAL,TOPPING,False,2,2,FRESH,True,14.23,22.373,4.81,HOLD,,False,,A,17.08,3,False,489.08,474.41,513.53,Near 200DMA — ideal dip entry zone,7,2026-06-18,20.77,False,False,False,False,,0,False,False,False,False,False,False,48.3,6,89.0
DHANBANK,DHANLAXMI BANK,WATCHLIST_CONFIRMED,53.0,1.0,CAUTION,3.5,3.0,NORMAL,LATE_CYCLE,False,2,3,EXPIRED,True,23.97,1.685,6.16,PARTIAL_EXIT,EXTENDED: 4.7× ATR above 200DMA,False,,,0.0,3,False,26.49,29.47,32.0,Extended — wait for ATR pullback,7,2026-06-18,7.03,True,False,False,False,LOW_ROE(7.0%),0,False,False,False,False,False,False,48.3,6,89.0
GVT&D,GE VERNOVA T&D,WATCHLIST_CONFIRMED,53.0,20.0,CAUTION,3.5,3.0,NORMAL,TOPPING,False,2,2,FRESH,True,46.77,252.2643,5.88,PARTIAL_EXIT,PROFIT_ZONE: +47% above 200DMA | EXTENDED: 9.6× ATR above 200DMA,False,,A,13.34,4,False,3510.68,4647.97,5026.37,Extended — wait for ATR pullback,7,2026-06-18,34.31,False,True,False,False,HIGH_PE(90x vs ind 31x),0,True,True,False,False,False,False,48.3,6,89.0
SANSERA,SANSERA ENGINEE.,WATCHLIST_CONFIRMED,53.0,10.0,CAUTION,3.5,3.0,NORMAL,LATE_CYCLE,False,3,3,FRESH,True,46.89,105.6572,4.4,PARTIAL_EXIT,PROFIT_ZONE: +47% above 200DMA | EXTENDED: 12.8× ATR above 200DMA,False,,A,8.48,4,False,1960.18,2667.99,2826.47,Extended — wait for ATR pullback,7,2026-06-18,7.82,True,False,False,False,LOW_ROE(7.8%),0,False,False,False,False,False,False,48.3,6,89.0
AZAD,AZAD ENGINEERING,WATCHLIST_CONFIRMED,53.0,11.0,CAUTION,3.5,3.0,NORMAL,TOPPING,False,2,2,FRESH,True,25.95,101.7143,5.64,PARTIAL_EXIT,EXTENDED: 5.5× ATR above 200DMA,False,,A,7.5,4,False,1717.98,1960.37,2112.94,Extended — wait for ATR pullback,7,2026-06-18,6.26,True,False,False,False,LOW_ROE(6.3%),0,False,False,False,False,False,False,48.3,6,89.0
OMAXAUTO,OMAX AUTOS,WATCHLIST_CONFIRMED,53.0,9.0,CAUTION,3.5,3.0,NORMAL,LATE_CYCLE,False,3,3,FRESH,True,75.85,12.8536,6.79,EXIT,PROFIT_ZONE: +76% above 200DMA | EXTENDED: 13.4× ATR above 200DMA,False,,A,31.85,5,False,129.21,201.51,220.79,Extended — wait for ATR pullback,7,2026-06-18,6.84,True,False,False,False,LOW_ROE(6.8%),0,False,False,False,False,False,False,48.3,6,89.0
OWAIS,OWAIS METAL,WATCHLIST_EXTERNAL,53.0,15.0,CAUTION,3.5,1.5,RESTRICTED,TOPPING,False,1,1,EXPIRED,False,-60.99,6.4893,7.15,EXIT,DETERIORATING (vel=-12.0 forensic=-3 regime=CAUTION),False,,A,9.5,1,False,279.28,105.68,284.87,Below 200DMA — enter on recovery above 200DMA,7,2026-06-18,42.09,False,True,False,True,HIGH_PE(52x vs ind 19x) | DRAWDOWN_RISK(vel=-12.0),0,False,False,False,False,False,False,48.3,6,89.0
PFOCUS,PRIME FOCUS,WATCHLIST_EXTERNAL,53.0,0.0,CAUTION,3.5,1.5,NORMAL,TOPPING,False,1,1,AGING,False,5.98,14.2407,6.95,EXIT,DETERIORATING (vel=-14.0 forensic=-1 regime=CAUTION),False,,,0.0,0,False,231.98,225.02,243.58,Near 200DMA — ideal dip entry zone,7,2026-06-18,-49.69,True,False,False,True,LOW_ROE(-49.7%) | DRAWDOWN_RISK(vel=-14.0),0,False,False,False,False,False,False,48.3,6,89.0
PGEL,PG ELECTROPLAST,WATCHLIST_CONFIRMED,53.0,12.0,CAUTION,3.5,3.0,NORMAL,LATE_CYCLE,False,3,3,FRESH,True,-0.59,22.2714,4.9,HOLD,,False,,A,8.49,3,False,548.87,529.28,559.85,Below 200DMA — enter on recovery above 200DMA,7,2026-06-18,10.18,True,False,False,False,LOW_ROE(10.2%),0,False,False,False,False,False,False,48.3,6,89.0
MOTILALOFS,MOTIL.OSWAL.FIN.,WATCHLIST_CONFIRMED,53.0,12.0,CAUTION,3.5,3.0,NORMAL,LATE_CYCLE,False,3,3,FRESH,True,10.99,33.0536,4.21,HOLD,,False,,A,15.45,4,False,849.48,824.0,891.95,Near 200DMA — ideal dip entry zone,7,2026-06-18,22.58,False,False,False,False,,0,False,False,False,False,False,False,48.3,6,89.0
TMCV,TATA MOTORS,WATCHLIST_CONFIRMED,53.0,14.0,CAUTION,3.5,3.0,NORMAL,CORRECTION,False,1,2,EXPIRED,True,-1.4,15.1742,4.52,HOLD,,False,,A,9.0,4,False,408.52,390.72,416.69,Below 200DMA — enter on recovery above 200DMA,7,2026-06-18,19.77,False,False,False,False,,0,False,False,False,False,False,False,48.3,6,89.0
VASCONEQ,VASCON ENGINEERS,MONITOR,53.0,10.0,CAUTION,3.5,0.5,NORMAL,CORRECTION,False,1,2,EXPIRED,True,-20.25,1.4414,4.72,HOLD,,False,,A,7.0,2,False,45.99,35.58,46.91,Below 200DMA — enter on recovery above 200DMA,7,2026-06-18,11.88,True,False,False,False,LOW_ROE(11.9%),0,False,False,False,False,False,False,48.3,6,89.0
UNIPARTS,UNIPARTS INDIA,WATCHLIST_CONFIRMED,53.0,12.0,CAUTION,3.5,3.0,NORMAL,LATE_CYCLE,False,3,3,FRESH,True,38.79,24.75,4.45,PARTIAL_EXIT,EXTENDED: 10.5× ATR above 200DMA,False,,A,42.09,5,False,481.24,618.4,655.52,Extended — wait for ATR pullback,7,2026-06-18,9.92,True,False,False,False,LOW_ROE(9.9%),0,False,False,False,False,False,False,48.3,6,89.0
SYMPHONY,SYMPHONY,WATCHLIST_CONFIRMED,53.0,20.0,CAUTION,3.5,3.0,NORMAL,LATE_CYCLE,False,1,2,EXPIRED,False,-17.96,17.85,3.1,HOLD,,False,,A,27.53,3,False,843.23,671.05,860.09,Below 200DMA — enter on recovery above 200DMA,7,2026-06-18,27.94,False,False,False,False,,0,True,True,False,False,False,False,48.3,6,89.0
WIPRO,WIPRO,WATCHLIST_CONFIRMED,53.0,20.0,CAUTION,3.5,3.0,NORMAL,BASING,False,1,1,FRESH,False,-17.83,5.8729,3.82,HOLD,,False,,A,69.97,3,False,224.49,178.94,228.98,Below 200DMA — enter on recovery above 200DMA,7,2026-06-18,15.2,False,False,False,False,,0,False,False,False,False,False,False,48.3,6,89.0
VERTOZ,VERTOZ,WATCHLIST_CONFIRMED,53.0,17.0,CAUTION,3.5,3.0,RESTRICTED,TOPPING,False,1,1,EXPIRED,False,-25.02,2.9227,7.87,HOLD,,False,,B,37.1,3,False,59.43,43.22,60.62,Below 200DMA — enter on recovery above 200DMA,7,2026-06-18,13.66,False,False,False,False,,0,True,True,False,False,False,False,48.3,6,89.0
VETO,VETO SWITCHGEARS,WATCHLIST_CONFIRMED,53.0,11.0,CAUTION,3.5,3.0,NORMAL,LATE_CYCLE,False,2,3,EXPIRED,True,24.05,7.5964,6.62,PARTIAL_EXIT,EXTENDED: 4.4× ATR above 200DMA,False,,A,18.03,3,False,111.04,122.56,133.95,Extended — wait for ATR pullback,7,2026-06-18,8.31,True,False,False,False,LOW_ROE(8.3%),0,True,True,False,False,False,False,48.3,6,89.0
RHIM,RHI MAGNESITA,WATCHLIST_EXTERNAL,53.0,12.0,CAUTION,3.5,1.5,NORMAL,TOPPING,False,1,1,EXPIRED,False,-12.68,21.7429,6.92,HOLD,,False,,A,14.7,1,False,431.57,365.54,440.2,Below 200DMA — enter on recovery above 200DMA,7,2026-06-18,5.06,True,False,False,False,LOW_ROE(5.1%),0,False,False,False,False,False,False,48.3,6,89.0
SHREEPUSHK,SH.PUSHKAR CHEM.,WATCHLIST_EXTERNAL,53.0,15.0,CAUTION,3.5,1.5,NORMAL,TOPPING,False,1,2,EXPIRED,True,3.24,14.2357,4.52,HOLD,,False,,A,16.18,2,False,366.03,355.05,384.33,Near 200DMA — ideal dip entry zone,7,2026-06-18,10.88,True,False,False,False,LOW_ROE(10.9%),0,False,False,False,False,False,False,48.3,6,89.0
BELRISE,BELRISE INDUSTRI,WATCHLIST_CONFIRMED,53.0,13.0,CAUTION,3.5,3.0,NORMAL,LATE_CYCLE,False,3,3,FRESH,True,33.28,8.9093,4.48,PARTIAL_EXIT,EXTENDED: 8.9× ATR above 200DMA,False,,A,11.47,5,False,179.21,221.03,234.4,Extended — wait for ATR pullback,7,2026-06-18,13.18,False,False,False,False,,0,False,False,False,False,False,False,48.3,6,89.0
CIEINDIA,CIE AUTOMOTIVE,WATCHLIST_CONFIRMED,53.0,16.0,CAUTION,3.5,3.0,NORMAL,LATE_CYCLE,False,2,2,FRESH,False,6.13,13.6536,3.58,HOLD,,False,,A,24.6,2,False,430.74,417.82,452.28,Near 200DMA — ideal dip entry zone,7,2026-06-18,11.73,True,False,False,False,LOW_ROE(11.7%),0,True,True,False,False,False,False,48.3,6,89.0
EUREKAFORB,EUREKA FORBES,WATCHLIST_CONFIRMED,53.0,12.0,CAUTION,3.5,3.0,NORMAL,LATE_CYCLE,False,1,2,EXPIRED,False,-13.15,14.1,3.64,HOLD,,False,,A,8.0,2,False,534.81,450.56,545.51,Below 200DMA — enter on recovery above 200DMA,7,2026-06-18,3.73,True,False,False,False,LOW_ROE(3.7%),0,True,True,False,False,False,False,48.3,6,89.0
EPACK,EPACK DURABLE,WATCHLIST_CONFIRMED,53.0,7.0,CAUTION,3.5,3.0,NORMAL,LATE_CYCLE,False,2,2,FRESH,False,-16.99,8.0607,4.18,HOLD,,False,,A,5.5,2,False,278.58,224.3,284.15,Below 200DMA — enter on recovery above 200DMA,7,2026-06-18,5.79,True,False,False,False,LOW_ROE(5.8%),0,False,False,False,False,False,False,48.3,6,89.0
FELIX,FELIX INDUSTRIES,WATCHLIST_EXTERNAL,53.0,7.0,CAUTION,3.5,1.5,NORMAL,TOPPING,False,1,1,EXPIRED,False,-1.19,8.8536,5.84,EXIT,DETERIORATING (vel=-8.0 forensic=-3 regime=CAUTION),False,,A,5.5,0,False,184.24,176.59,187.92,Below 200DMA — enter on recovery above 200DMA,7,2026-06-18,10.18,True,False,False,True,LOW_ROE(10.2%) | DRAWDOWN_RISK(vel=-8.0),0,False,False,False,False,False,False,48.3,6,89.0
ARSSBL,ANAND RATHI SHAR,WATCHLIST_CONFIRMED,53.0,16.0,CAUTION,3.5,3.0,NORMAL,LATE_CYCLE,False,2,2,AGING,False,-3.81,18.6786,4.15,HOLD,,False,,A,10.0,3,False,561.84,524.24,573.08,Below 200DMA — enter on recovery above 200DMA,7,2026-06-18,20.57,False,False,False,False,,0,False,False,False,False,False,False,48.3,6,89.0
AGARWALEYE,DR AGARWAL'S HEA,WATCHLIST_CONFIRMED,53.0,8.0,CAUTION,3.5,3.0,NORMAL,LATE_CYCLE,False,2,2,FRESH,False,-5.79,12.725,3.45,HOLD,,False,,A,6.0,2,False,470.42,429.9,479.83,Below 200DMA — enter on recovery above 200DMA,7,2026-06-18,4.47,True,False,False,False,LOW_ROE(4.5%),0,False,False,False,False,False,False,48.3,6,89.0
BALMLAWRIE,BALMER LAWRIE,WATCHLIST_CONFIRMED,53.0,17.0,CAUTION,3.5,3.0,NORMAL,TOPPING,False,2,2,FRESH,True,-0.21,4.7636,3.13,HOLD,,False,,A,62.85,4,False,183.1,177.23,186.76,Below 200DMA — enter on recovery above 200DMA,7,2026-06-18,13.51,False,False,False,False,,0,False,False,False,False,False,False,48.3,6,89.0
AWHCL,ANTONY WASTE HAN,WATCHLIST_EXTERNAL,53.0,12.0,CAUTION,3.5,1.5,NORMAL,TOPPING,False,1,1,EXPIRED,False,-7.26,17.25,4.47,HOLD,,False,,A,8.0,2,False,499.16,449.01,509.14,Below 200DMA — enter on recovery above 200DMA,7,2026-06-18,12.95,False,False,False,True,DRAWDOWN_RISK(vel=-10.0),0,False,False,False,False,False,False,48.3,6,89.0
ICICIAMC,ICICI AMC,WATCHLIST_CONFIRMED,53.0,19.0,CAUTION,3.5,3.0,NORMAL,LATE_CYCLE,False,2,2,FRESH,False,7.22,117.3991,4.33,HOLD,,False,,A,11.5,4,False,3031.55,2940.6,3183.13,Near 200DMA — ideal dip entry zone,7,2026-06-18,75.37,False,False,True,False,,0,True,True,False,False,False,False,48.3,6,89.0
KANSAINER,KANSAI NEROLAC,WATCHLIST_CONFIRMED,53.0,19.0,CAUTION,3.5,3.0,NORMAL,LATE_CYCLE,False,3,3,FRESH,True,-4.87,5.9793,3.4,HOLD,,False,,A,26.34,4,False,221.91,204.78,226.35,Below 200DMA — enter on recovery above 200DMA,7,2026-06-18,17.79,False,False,False,False,,0,True,True,False,False,False,False,48.3,6,89.0
KPIL,KALPATARU PROJ.,WATCHLIST_EXTERNAL,53.0,8.0,CAUTION,3.5,1.5,NORMAL,TOPPING,False,2,2,FRESH,True,13.53,48.95,4.29,HOLD,,False,,A,14.39,3,False,1206.1,1169.92,1266.4,Near 200DMA — ideal dip entry zone,7,2026-06-18,8.99,True,False,False,False,LOW_ROE(9.0%),0,False,False,False,False,False,False,48.3,6,89.0
HITECH,HI-TECH PIPES,WATCHLIST_EXTERNAL,53.0,8.0,CAUTION,3.5,1.5,NORMAL,TOPPING,False,1,2,EXPIRED,True,-1.55,3.7857,4.94,HOLD,,False,,A,6.33,2,False,93.34,89.13,95.21,Below 200DMA — enter on recovery above 200DMA,7,2026-06-18,5.8,True,False,False,False,LOW_ROE(5.8%),0,False,False,False,False,False,False,48.3,6,89.0
HINDUNILVR,HIND. UNILEVER,WATCHLIST_CONFIRMED,53.0,20.0,CAUTION,3.5,3.0,NORMAL,CORRECTION,False,1,1,FRESH,False,-6.3,49.05,2.68,HOLD,,False,,A,32.55,3,False,2345.28,2131.67,2392.19,Below 200DMA — enter on recovery above 200DMA,7,2026-06-18,21.56,False,False,False,False,,0,True,True,False,False,False,False,48.3,6,89.0
HINDCOPPER,HINDUSTAN COPPER,WATCHLIST_CONFIRMED,53.0,20.0,CAUTION,3.5,3.0,NORMAL,TOPPING,False,1,1,FRESH,False,12.9,17.1679,4.0,HOLD,,False,,A,13.02,3,False,456.32,442.63,479.14,Near 200DMA — ideal dip entry zone,7,2026-06-18,17.48,False,True,False,False,HIGH_PE(71x vs ind 23x),0,True,True,False,False,False,False,48.3,6,89.0
KRISHNADEF,KRISHNA DEFENCE,WATCHLIST_CONFIRMED,52.0,13.0,CAUTION,3.5,3.0,NORMAL,TOPPING,False,1,2,EXPIRED,True,41.31,74.3858,6.83,PARTIAL_EXIT,PROFIT_ZONE: +41% above 200DMA | EXTENDED: 7.3× ATR above 200DMA,False,,A,9.59,3,False,924.21,1157.23,1268.81,Extended — wait for ATR pullback,7,2026-06-18,16.86,False,False,False,False,,0,True,True,False,False,False,False,48.3,6,89.0
PATANJALI,PATANJALI FOODS,WATCHLIST_EXTERNAL,52.0,15.0,CAUTION,3.5,1.5,NORMAL,CORRECTION,False,1,1,AGING,False,-20.02,12.7036,3.64,HOLD,,False,,A,14.55,1,False,523.88,406.43,534.36,Below 200DMA — enter on recovery above 200DMA,7,2026-06-18,11.44,True,False,False,False,LOW_ROE(11.4%),0,False,False,False,False,False,False,48.3,6,89.0
20MICRONS,20 MICRONS,WATCHLIST_CONFIRMED,52.0,19.0,CAUTION,3.5,3.0,NORMAL,TOPPING,False,2,2,FRESH,True,-2.79,8.8293,5.72,HOLD,,False,,A,19.83,4,False,190.66,179.78,194.47,Below 200DMA — enter on recovery above 200DMA,7,2026-06-18,14.53,False,False,False,False,,0,False,False,False,False,False,False,48.3,6,89.0
TIINDIA,TUBE INVESTMENTS,WATCHLIST_CONFIRMED,52.0,16.0,CAUTION,3.5,3.0,NORMAL,LATE_CYCLE,False,2,3,EXPIRED,True,15.53,111.6285,4.1,HOLD,,False,,A,11.37,4,False,2828.5,3044.44,3211.89,Extended — wait for ATR pullback,7,2026-06-18,12.17,False,True,False,False,HIGH_PE(83x vs ind 28x),0,False,False,False,False,False,False,48.3,6,89.0
SUNDRMFAST,SUNDRAM FASTEN.,WATCHLIST_CONFIRMED,52.0,20.0,CAUTION,3.5,3.0,NORMAL,LATE_CYCLE,False,3,3,FRESH,True,-5.49,23.0679,3.23,HOLD,,False,,A,24.77,5,False,907.74,832.16,925.89,Below 200DMA — enter on recovery above 200DMA,7,2026-06-18,14.15,False,False,False,False,,0,False,False,False,False,False,False,48.3,6,89.0
SYNCOMF,SYNCOM FORMUL.,WATCHLIST_CONFIRMED,52.0,20.0,CAUTION,3.5,3.0,NORMAL,LATE_CYCLE,False,3,3,AGING,True,-2.57,0.5493,4.64,HOLD,,False,,A,12.0,5,False,14.59,13.79,14.88,Below 200DMA — enter on recovery above 200DMA,7,2026-06-18,14.45,False,False,False,False,,0,True,True,False,False,False,False,48.3,6,89.0
SCILAL,SHIPPING LAND,MONITOR,52.0,2.0,CAUTION,3.5,0.5,NORMAL,LATE_CYCLE,False,3,3,FRESH,True,-1.37,1.4143,3.68,EXIT,DETERIORATING (vel=-16.0 forensic=-5 regime=CAUTION),False,,,0.0,2,False,46.79,44.77,47.73,Below 200DMA — enter on recovery above 200DMA,7,2026-06-18,-6.31,True,False,False,True,LOW_ROE(-6.3%) | DRAWDOWN_RISK(vel=-16.0),0,True,True,False,False,False,False,48.3,6,89.0
SBFC,SBFC FINANCE,MONITOR,52.0,0.0,CAUTION,3.5,0.5,NORMAL,LATE_CYCLE,False,2,2,FRESH,False,-7.84,2.765,3.6,EXIT,DETERIORATING (vel=-16.0 forensic=-6 regime=CAUTION),False,,,0.0,1,False,100.0,89.4,102.0,Below 200DMA — enter on recovery above 200DMA,7,2026-06-18,10.82,False,False,False,True,DRAWDOWN_RISK(vel=-16.0),0,False,False,False,False,False,False,48.3,6,89.0
RMDRIP,R M DRIP & SPRIN,WATCHLIST_EXTERNAL,52.0,15.0,CAUTION,3.5,1.5,NORMAL,TOPPING,False,1,1,AGING,False,-50.64,1.1114,6.85,HOLD,,False,,A,10.67,1,False,39.46,18.9,40.25,Below 200DMA — enter on recovery above 200DMA,7,2026-06-18,30.0,False,False,False,False,,0,False,False,False,False,False,False,48.3,6,89.0
RESPONIND,RESPONSIVE IND,WATCHLIST_CONFIRMED,52.0,16.0,CAUTION,3.5,3.0,NORMAL,LATE_CYCLE,False,2,3,EXPIRED,True,-1.5,11.0764,7.44,HOLD,,False,,A,10.66,3,False,181.35,173.27,184.98,Below 200DMA — enter on recovery above 200DMA,7,2026-06-18,14.78,False,False,False,False,,0,False,False,False,False,False,False,48.3,6,89.0
SAKAR,SAKAR HEALTHCARE,WATCHLIST_CONFIRMED,52.0,11.0,CAUTION,3.5,3.0,NORMAL,LATE_CYCLE,False,2,3,EXPIRED,True,65.86,54.1429,8.11,EXIT,PROFIT_ZONE: +66% above 200DMA | EXTENDED: 9.7× ATR above 200DMA,False,,A,7.5,3,False,483.19,693.11,774.33,Extended — wait for ATR pullback,7,2026-06-18,6.13,True,False,False,False,LOW_ROE(6.1%),0,False,False,False,False,False,False,48.3,6,89.0
SHAREINDIA,SHARE INDIA SEC.,WATCHLIST_CONFIRMED,52.0,13.0,CAUTION,3.5,3.0,NORMAL,LATE_CYCLE,False,1,2,EXPIRED,False,-6.3,4.9743,4.26,HOLD,,False,,A,17.58,2,False,149.58,135.96,152.57,Below 200DMA — enter on recovery above 200DMA,7,2026-06-18,14.04,False,False,False,False,,0,False,False,False,False,False,False,48.3,6,89.0
SERVOTECH,SERVOTECH RENEW,WATCHLIST_CONFIRMED,52.0,16.0,CAUTION,3.5,3.0,NORMAL,TOPPING,False,1,2,EXPIRED,True,9.62,6.5929,7.69,HOLD,,False,,A,10.72,3,False,93.8,90.99,98.49,Near 200DMA — ideal dip entry zone,7,2026-06-18,13.84,False,False,False,False,,0,False,False,False,False,False,False,48.3,6,89.0
EMMVEE,EMMVEE PHOTOVOL.,WATCHLIST_CONFIRMED,52.0,18.0,CAUTION,3.5,3.0,NORMAL,TOPPING,False,1,2,EXPIRED,True,47.46,17.1964,6.01,PARTIAL_EXIT,PROFIT_ZONE: +47% above 200DMA | EXTENDED: 9.5× ATR above 200DMA,False,,A,11.0,4,False,232.77,308.86,334.65,Extended — wait for ATR pullback,7,2026-06-18,68.74,False,False,False,False,,0,False,False,False,False,False,False,48.3,6,89.0
DRREDDY,DR REDDY'S LABS,WATCHLIST_CONFIRMED,52.0,20.0,CAUTION,3.5,3.0,NORMAL,LATE_CYCLE,False,1,2,EXPIRED,False,0.35,23.1714,2.19,HOLD,,False,,A,21.17,3,False,1264.55,1226.61,1327.78,Near 200DMA — ideal dip entry zone,7,2026-06-18,16.1,False,False,False,False,,0,False,False,False,False,False,False,48.3,6,89.0
ASHOKA,ASHOKA BUILDCON,WATCHLIST_EXTERNAL,52.0,16.0,CAUTION,3.5,1.5,NORMAL,TOPPING,False,2,2,FRESH,True,-16.18,4.9086,4.51,HOLD,,False,,A,10.0,3,False,155.91,126.77,159.03,Below 200DMA — enter on recovery above 200DMA,7,2026-06-18,43.27,False,False,False,False,,0,False,False,False,False,False,False,48.3,6,89.0
JWL,JUPITER WAGONS,WATCHLIST_CONFIRMED,52.0,17.0,CAUTION,3.5,3.0,NORMAL,LATE_CYCLE,False,1,2,EXPIRED,False,-6.35,10.1464,4.36,HOLD,,False,,A,14.29,2,False,298.29,270.97,304.26,Below 200DMA — enter on recovery above 200DMA,7,2026-06-18,13.88,False,False,False,False,,0,False,False,False,False,False,False,48.3,6,89.0
JARO,JARO INSTITUTE,WATCHLIST_CONFIRMED,52.0,19.0,CAUTION,3.5,3.0,NORMAL,TOPPING,False,2,2,FRESH,True,2.3,25.3072,5.64,HOLD,,False,,A,11.5,3,False,526.29,510.5,552.6,Near 200DMA — ideal dip entry zone,7,2026-06-18,30.12,False,False,False,False,,0,False,False,False,False,False,False,48.3,6,89.0
HAPPSTMNDS,HAPPIEST MINDS,WATCHLIST_CONFIRMED,52.0,16.0,CAUTION,3.5,3.0,NORMAL,BASING,False,1,1,EXPIRED,False,-19.37,12.4786,4.21,HOLD,,False,,B,36.4,2,False,441.26,345.13,450.09,Below 200DMA — enter on recovery above 200DMA,7,2026-06-18,11.7,True,False,False,False,LOW_ROE(11.7%),0,False,False,False,False,False,False,48.3,6,89.0
FLAIR,FLAIR WRITING,WATCHLIST_CONFIRMED,52.0,15.0,CAUTION,3.5,3.0,NORMAL,CORRECTION,False,1,1,FRESH,False,-10.74,10.8929,4.75,HOLD,,False,,A,12.76,2,False,308.58,267.19,314.75,Below 200DMA — enter on recovery above 200DMA,7,2026-06-18,11.74,True,False,False,False,LOW_ROE(11.7%),0,True,True,False,False,False,False,48.3,6,89.0
GRAVITA,GRAVITA INDIA,WATCHLIST_CONFIRMED,52.0,17.0,CAUTION,3.5,3.0,NORMAL,TOPPING,False,1,2,EXPIRED,True,1.36,51.5786,3.71,HOLD,,False,,A,14.99,4,False,1646.43,1597.04,1728.75,Near 200DMA — ideal dip entry zone,7,2026-06-18,15.09,False,False,False,False,,0,False,False,False,False,False,False,48.3,6,89.0
CYIENTDLM,CYIENT DLM,WATCHLIST_CONFIRMED,51.0,8.0,CAUTION,3.5,3.0,NORMAL,LATE_CYCLE,False,3,3,FRESH,True,15.88,21.4143,5.53,HOLD,,False,,A,6.0,3,False,401.21,422.07,454.19,Extended — wait for ATR pullback,7,2026-06-18,7.17,True,False,False,False,LOW_ROE(7.2%),0,False,False,False,False,False,False,48.3,6,89.0
ANTHEM,ANTHEM BIOSCIENC,WATCHLIST_CONFIRMED,51.0,20.0,CAUTION,3.5,3.0,NORMAL,LATE_CYCLE,False,3,3,FRESH,True,7.75,21.425,3.35,HOLD,,False,,A,12.0,5,False,712.31,690.94,747.93,Near 200DMA — ideal dip entry zone,7,2026-06-18,18.73,False,True,False,False,HIGH_PE(75x vs ind 28x),0,True,True,False,False,False,False,48.3,6,89.0
NIBE,NIBE,WATCHLIST_CONFIRMED,51.0,15.0,CAUTION,3.5,3.0,NORMAL,TOPPING,False,1,2,EXPIRED,True,40.08,97.7929,7.22,PARTIAL_EXIT,PROFIT_ZONE: +40% above 200DMA | EXTENDED: 6.7× ATR above 200DMA,False,,A,9.5,3,False,1160.24,1429.71,1576.4,Extended — wait for ATR pullback,7,2026-06-18,11.52,True,False,False,False,LOW_ROE(11.5%),0,False,False,False,False,False,False,48.3,6,89.0
ORIANA,ORIANA POWER LTD,WATCHLIST_CONFIRMED,51.0,20.0,CAUTION,3.5,3.0,NORMAL,TOPPING,False,1,1,EXPIRED,False,-24.79,87.1036,6.37,HOLD,,False,,A,12.0,3,False,2182.35,1592.16,2226.0,Below 200DMA — enter on recovery above 200DMA,7,2026-06-18,31.11,False,False,False,False,,0,False,False,False,False,False,False,48.3,6,89.0
ORIENTELEC,ORIENT ELECTRIC,WATCHLIST_CONFIRMED,51.0,16.0,CAUTION,3.5,3.0,NORMAL,LATE_CYCLE,False,2,3,EXPIRED,True,-1.46,6.0693,3.99,HOLD,,False,,A,19.15,3,False,185.23,177.05,188.93,Below 200DMA — enter on recovery above 200DMA,7,2026-06-18,11.98,True,False,False,False,LOW_ROE(12.0%),0,False,False,False,False,False,False,48.3,6,89.0
NEOGEN,NEOGEN CHEMICALS,WATCHLIST_EXTERNAL,51.0,4.0,CAUTION,3.5,1.5,NORMAL,TOPPING,False,2,2,FRESH,True,36.27,112.8071,7.0,PARTIAL_EXIT,EXTENDED: 6.2× ATR above 200DMA,False,,,0.0,2,False,1419.04,1708.09,1877.3,Extended — wait for ATR pullback,7,2026-06-18,4.41,True,True,False,False,LOW_ROE(4.4%) | HIGH_PE(183x vs ind 25x),0,False,False,False,False,False,False,48.3,6,89.0
NUCLEUS,NUCLEUS SOFT.,WATCHLIST_CONFIRMED,51.0,20.0,CAUTION,3.5,3.0,NORMAL,BASING,False,1,1,EXPIRED,False,-13.66,35.825,5.6,HOLD,,False,,A,27.24,2,False,888.63,744.23,906.4,Below 200DMA — enter on recovery above 200DMA,7,2026-06-18,20.02,False,False,False,False,,0,True,True,False,False,False,False,48.3,6,89.0
OSWALPUMPS,OSWAL PUMPS,WATCHLIST_EXTERNAL,51.0,18.0,CAUTION,3.5,1.5,NORMAL,TOPPING,False,1,2,EXPIRED,True,-16.78,19.7857,5.61,HOLD,,False,,A,11.0,3,False,508.32,410.36,518.49,Below 200DMA — enter on recovery above 200DMA,7,2026-06-18,54.48,False,False,False,False,,0,True,True,False,False,False,False,48.3,6,89.0
MANINFRA,MAN INFRA,MONITOR,51.0,20.0,CAUTION,3.5,0.5,NORMAL,TOPPING,False,1,1,AGING,False,-13.58,5.4157,6.12,HOLD,,False,,A,26.79,2,False,122.9,103.02,125.36,Below 200DMA — enter on recovery above 200DMA,7,2026-06-18,16.03,False,False,False,True,DRAWDOWN_RISK(vel=-6.0),0,True,True,False,False,False,False,48.3,6,89.0
NAVA,NAVA,WATCHLIST_EXTERNAL,51.0,13.0,CAUTION,3.5,1.5,NORMAL,TOPPING,False,1,1,EXPIRED,False,1.67,20.4928,4.03,HOLD,,False,,A,24.79,1,False,600.53,582.51,630.56,Near 200DMA — ideal dip entry zone,7,2026-06-18,14.34,False,False,False,True,DRAWDOWN_RISK(vel=-5.0),0,False,False,False,False,False,False,48.3,6,89.0
TMPV,TATA MOTORS PVEH,WATCHLIST_CONFIRMED,51.0,18.0,CAUTION,3.5,3.0,NORMAL,BASING,False,1,1,FRESH,False,-13.17,14.6393,4.87,HOLD,,False,,B,35.7,3,False,415.7,350.12,424.01,Below 200DMA — enter on recovery above 200DMA,7,2026-06-18,23.96,False,False,False,False,,0,False,False,False,False,False,False,48.3,6,89.0
USHAFIN,USHA FINANCIAL,MONITOR,51.0,1.0,CAUTION,3.5,0.5,ILLIQUID,LATE_CYCLE,False,1,2,EXPIRED,False,0.0,0.0,5.0,HOLD,,False,,,0.0,2,False,0.0,0.0,0.0,,7,2026-06-18,,False,False,False,True,DRAWDOWN_RISK(vel=-15.0),0,False,False,False,False,False,False,48.3,6,89.0
SUPREMEIND,SUPREME INDS.,WATCHLIST_EXTERNAL,51.0,20.0,CAUTION,3.5,1.5,NORMAL,TOPPING,False,1,1,AGING,False,-6.7,93.9714,3.21,HOLD,,False,,A,24.08,2,False,3770.21,3411.97,3845.61,Below 200DMA — enter on recovery above 200DMA,7,2026-06-18,16.98,False,True,False,False,HIGH_PE(60x vs ind 23x),0,True,True,False,False,False,False,48.3,6,89.0
RSYSTEMS,R SYSTEMS INTL.,WATCHLIST_EXTERNAL,51.0,17.0,CAUTION,3.5,1.5,NORMAL,CORRECTION,False,1,1,EXPIRED,False,-23.25,10.85,4.88,HOLD,,False,,A,33.5,3,False,347.41,258.65,354.36,Below 200DMA — enter on recovery above 200DMA,7,2026-06-18,17.82,False,False,False,False,,0,False,False,False,False,False,False,48.3,6,89.0
CUPID,CUPID,WATCHLIST_CONFIRMED,51.0,6.0,CAUTION,3.5,3.0,NORMAL,BASING,False,1,2,EXPIRED,True,101.4,6.8064,4.91,EXIT,PROFIT_ZONE: +101% above 200DMA | EXTENDED: 24.8× ATR above 200DMA,False,,A,5.0,2,False,82.51,152.57,162.78,Extended — wait for ATR pullback,7,2026-06-18,11.95,True,True,False,False,LOW_ROE(11.9%) | HIGH_PE(130x vs ind 45x),0,True,False,False,False,False,False,48.3,6,89.0
BLACKBUCK,BLACKBUCK,WATCHLIST_EXTERNAL,51.0,4.0,CAUTION,3.5,1.5,NORMAL,LATE_CYCLE,False,1,2,EXPIRED,False,-10.03,17.5179,3.83,HOLD,,False,,,0.0,0,False,609.63,532.04,621.82,Below 200DMA — enter on recovery above 200DMA,7,2026-06-18,-0.7,True,False,False,True,LOW_ROE(-0.7%) | DRAWDOWN_RISK(vel=-6.0),0,True,True,False,False,False,False,48.3,6,89.0
BORORENEW,BOROSIL RENEW.,WATCHLIST_EXTERNAL,51.0,4.0,CAUTION,3.5,1.5,NORMAL,TOPPING,False,1,2,EXPIRED,True,10.76,23.9893,4.85,HOLD,,False,,,0.0,4,False,536.2,520.11,563.01,Near 200DMA — ideal dip entry zone,7,2026-06-18,-6.97,True,False,False,False,LOW_ROE(-7.0%),0,False,False,False,False,False,False,48.3,6,89.0
FERMENTA,NAN,MONITOR,51.0,1.0,CAUTION,3.5,0.5,NORMAL,nan,False,2,2,FRESH,True,4.1,19.4643,7.26,HOLD,,False,,,0.0,4,False,309.13,299.86,324.59,Near 200DMA — ideal dip entry zone,7,2026-06-18,,False,False,False,False,,0,False,False,False,False,False,False,48.3,6,89.0
DELTACORP,DELTA CORP,WATCHLIST_CONFIRMED,51.0,14.0,CAUTION,3.5,3.0,NORMAL,LATE_CYCLE,False,1,2,EXPIRED,False,-6.06,3.785,6.9,HOLD,,False,,A,32.17,1,False,70.11,63.88,71.51,Below 200DMA — enter on recovery above 200DMA,7,2026-06-18,9.34,True,False,False,False,LOW_ROE(9.3%),0,True,True,False,False,False,False,48.3,6,89.0
DLF,DLF,WATCHLIST_EXTERNAL,51.0,12.0,CAUTION,3.5,1.5,NORMAL,CORRECTION,False,1,2,EXPIRED,True,-5.51,19.1893,3.69,HOLD,,False,,A,18.98,2,False,659.89,604.84,673.09,Below 200DMA — enter on recovery above 200DMA,7,2026-06-18,10.26,True,False,False,False,LOW_ROE(10.3%),0,True,True,False,False,False,False,48.3,6,89.0
ELECTCAST,ELECTROST.CAST.,WATCHLIST_EXTERNAL,51.0,13.0,CAUTION,3.5,1.5,NORMAL,TOPPING,False,1,1,FRESH,False,-2.19,3.395,5.16,HOLD,,False,,B,35.7,2,False,80.78,76.64,82.4,Below 200DMA — enter on recovery above 200DMA,7,2026-06-18,12.27,False,False,False,True,DRAWDOWN_RISK(vel=-5.0),0,False,False,False,False,False,False,48.3,6,89.0
AYE,AYE FINANCE,MONITOR,51.0,0.0,CAUTION,3.5,0.5,NORMAL,LATE_CYCLE,False,3,3,FRESH,True,27.71,12.1764,8.99,PARTIAL_EXIT,EXTENDED: 3.7× ATR above 200DMA,False,,A,5.0,3,False,127.27,138.18,156.44,Extended — wait for ATR pullback,7,2026-06-18,10.56,False,False,False,True,DRAWDOWN_RISK(vel=-14.0),0,False,False,False,False,False,False,48.3,6,89.0
BBOX,BLACK BOX,WATCHLIST_EXTERNAL,51.0,7.0,CAUTION,3.5,1.5,NORMAL,CORRECTION,False,2,2,FRESH,True,72.53,54.2179,6.39,EXIT,PROFIT_ZONE: +73% above 200DMA | EXTENDED: 13.6× ATR above 200DMA,False,,A,7.47,4,False,590.16,909.76,991.09,Extended — wait for ATR pullback,7,2026-06-18,26.99,False,False,False,False,,0,False,False,False,False,False,False,48.3,6,89.0
HUHTAMAKI,HUHTAMAKI INDIA,WATCHLIST_EXTERNAL,51.0,15.0,CAUTION,3.5,1.5,NORMAL,TOPPING,False,2,2,AGING,True,-10.56,6.7307,4.55,HOLD,,False,,A,21.6,1,False,198.58,172.28,202.55,Below 200DMA — enter on recovery above 200DMA,7,2026-06-18,9.13,True,False,False,False,LOW_ROE(9.1%),0,False,False,False,False,False,False,48.3,6,89.0
KRBL,KRBL,WATCHLIST_EXTERNAL,51.0,16.0,CAUTION,3.5,1.5,NORMAL,CORRECTION,False,1,2,EXPIRED,True,1.72,13.9857,4.49,HOLD,,False,,A,22.15,2,False,367.29,356.27,385.65,Near 200DMA — ideal dip entry zone,7,2026-06-18,9.08,True,False,False,False,LOW_ROE(9.1%),0,True,True,False,False,False,False,48.3,6,89.0
LATENTVIEW,LATENT VIEW,WATCHLIST_CONFIRMED,51.0,16.0,CAUTION,3.5,3.0,NORMAL,BASING,False,1,1,FRESH,False,-21.37,12.3893,4.89,HOLD,,False,,A,10.0,2,False,386.28,294.64,394.01,Below 200DMA — enter on recovery above 200DMA,7,2026-06-18,11.61,True,False,False,False,LOW_ROE(11.6%),0,True,True,False,False,False,False,48.3,6,89.0
GHCL,GHCL,MONITOR,51.0,20.0,CAUTION,3.5,0.5,NORMAL,TOPPING,False,1,1,FRESH,False,-14.41,14.1263,3.81,HOLD,,False,,A,39.28,2,False,519.98,431.7,530.38,Below 200DMA — enter on recovery above 200DMA,7,2026-06-18,17.89,False,False,False,True,DRAWDOWN_RISK(vel=-5.0),0,True,True,False,False,False,False,48.3,6,89.0
GLAND,GLAND PHARMA,WATCHLIST_CONFIRMED,51.0,8.0,CAUTION,3.5,3.0,NORMAL,LATE_CYCLE,False,3,3,FRESH,True,18.26,92.7786,5.07,HOLD,,False,,A,17.21,5,False,1858.23,2012.04,2151.21,Extended — wait for ATR pullback,7,2026-06-18,7.63,True,False,False,False,LOW_ROE(7.6%),0,True,True,False,False,False,False,48.3,6,89.0
HINDPETRO,H P C L,WATCHLIST_CONFIRMED,51.0,9.0,CAUTION,3.5,3.0,NORMAL,LATE_CYCLE,False,3,3,FRESH,True,-4.1,12.5036,3.73,HOLD,,False,,A,52.75,5,False,419.88,390.57,428.28,Below 200DMA — enter on recovery above 200DMA,7,2026-06-18,13.17,False,False,False,False,,0,False,False,False,False,False,False,48.3,6,89.0
UNIMECH,UNIMECH AERO.,WATCHLIST_CONFIRMED,50.0,14.0,CAUTION,3.5,3.0,NORMAL,TOPPING,False,2,2,FRESH,True,21.55,65.2286,6.75,PARTIAL_EXIT,EXTENDED: 3.8× ATR above 200DMA,False,,A,9.0,3,False,954.61,1029.89,1127.74,Extended — wait for ATR pullback,7,2026-06-18,12.48,False,False,False,False,,0,False,False,False,False,False,False,48.3,6,89.0
POCL,PONDY OXIDES,WATCHLIST_EXTERNAL,50.0,12.0,CAUTION,3.5,1.5,NORMAL,CORRECTION,False,2,2,FRESH,True,4.25,52.3714,4.71,HOLD,,False,,A,11.29,2,False,1278.92,1240.55,1342.87,Near 200DMA — ideal dip entry zone,7,2026-06-18,9.79,True,False,False,False,LOW_ROE(9.8%),0,True,True,False,False,False,False,48.3,6,89.0
PROSTARM,PROSTARM INFO,WATCHLIST_CONFIRMED,50.0,15.0,CAUTION,3.5,3.0,NORMAL,TOPPING,False,1,1,EXPIRED,False,-13.43,4.9529,4.18,HOLD,,False,,A,9.5,2,False,164.2,137.89,167.48,Below 200DMA — enter on recovery above 200DMA,7,2026-06-18,27.66,False,False,False,False,,0,True,True,False,False,False,False,48.3,6,89.0
PRAJIND,PRAJ INDUSTRIES,WATCHLIST_CONFIRMED,50.0,20.0,CAUTION,3.5,3.0,NORMAL,LATE_CYCLE,False,1,2,EXPIRED,False,-0.39,16.0214,5.65,HOLD,,False,,A,31.04,3,False,341.38,329.85,348.21,Below 200DMA — enter on recovery above 200DMA,7,2026-06-18,15.84,False,True,False,False,HIGH_PE(111x vs ind 30x),0,False,False,False,False,False,False,48.3,6,89.0
PENIND,PENNAR INDUSTRIE,WATCHLIST_CONFIRMED,50.0,12.0,CAUTION,3.5,3.0,NORMAL,LATE_CYCLE,False,2,2,FRESH,False,-16.83,6.6757,5.01,HOLD,,False,,B,35.0,2,False,192.24,155.08,196.08,Below 200DMA — enter on recovery above 200DMA,7,2026-06-18,11.95,True,False,False,False,LOW_ROE(11.9%),0,False,False,False,False,False,False,48.3,6,89.0
THOMASCOOK,THOMAS COOK (I),WATCHLIST_CONFIRMED,50.0,10.0,CAUTION,3.5,3.0,NORMAL,LATE_CYCLE,False,2,3,EXPIRED,True,-13.67,6.1193,6.6,HOLD,,False,,A,11.36,3,False,128.87,107.92,131.45,Below 200DMA — enter on recovery above 200DMA,7,2026-06-18,11.26,True,False,False,False,LOW_ROE(11.3%),0,False,False,False,False,False,False,48.3,6,89.0
TATASTEEL,TATA STEEL,WATCHLIST_EXTERNAL,50.0,0.0,CAUTION,3.5,1.5,NORMAL,TOPPING,False,1,1,FRESH,False,7.74,4.926,2.97,HOLD,,False,,A,20.25,2,False,184.72,179.18,193.96,Near 200DMA — ideal dip entry zone,7,2026-06-18,3.75,True,False,False,True,LOW_ROE(3.8%) | DRAWDOWN_RISK(vel=-9.0),0,False,False,False,False,False,False,48.3,6,89.0
SNOWMAN,SNOWMAN LOGISTIC,WATCHLIST_EXTERNAL,50.0,4.0,CAUTION,3.5,1.5,RESTRICTED,LATE_CYCLE,False,2,3,EXPIRED,True,-6.63,1.2493,3.77,HOLD,,False,,,0.0,3,False,42.61,38.59,43.46,Below 200DMA — enter on recovery above 200DMA,7,2026-06-18,1.4,True,True,False,False,LOW_ROE(1.4%) | HIGH_PE(349x vs ind 18x),0,False,False,False,False,False,False,48.3,6,89.0
VSTIND,VST INDUSTRIES,WATCHLIST_EXTERNAL,50.0,12.0,CAUTION,3.5,1.5,NORMAL,CORRECTION,False,2,2,AGING,True,4.35,5.15,2.38,HOLD,,False,,A,54.65,4,False,248.92,241.45,261.37,Near 200DMA — ideal dip entry zone,7,2026-06-18,21.95,False,False,False,False,,0,True,True,False,False,False,False,48.3,6,89.0
REMSONSIND,REMSONS IND,WATCHLIST_CONFIRMED,50.0,15.0,CAUTION,3.5,3.0,NORMAL,LATE_CYCLE,False,2,2,FRESH,False,-20.21,5.0449,6.71,HOLD,,False,,A,12.93,2,False,113.0,87.46,115.26,Below 200DMA — enter on recovery above 200DMA,7,2026-06-18,13.5,False,False,False,False,,0,False,False,False,False,False,False,48.3,6,89.0
RAMKY,RAMKY INFRA,WATCHLIST_EXTERNAL,50.0,12.0,CAUTION,3.5,1.5,NORMAL,TOPPING,False,1,1,FRESH,False,-17.82,16.9107,4.69,HOLD,,False,,A,8.0,1,False,526.86,420.01,537.4,Below 200DMA — enter on recovery above 200DMA,7,2026-06-18,10.37,True,False,False,True,LOW_ROE(10.4%) | DRAWDOWN_RISK(vel=-7.0),0,False,False,False,False,False,False,48.3,6,89.0
RAYMONDLSL,RAYMOND LIFESTYL,WATCHLIST_EXTERNAL,50.0,4.0,CAUTION,3.5,1.5,NORMAL,LATE_CYCLE,False,2,3,EXPIRED,True,-16.76,34.2393,5.03,HOLD,,False,,,0.0,2,False,981.87,792.83,1001.51,Below 200DMA — enter on recovery above 200DMA,7,2026-06-18,0.4,True,True,False,False,LOW_ROE(0.4%) | HIGH_PE(99x vs ind 16x),0,False,False,False,False,False,False,48.3,6,89.0
CARTRADE,CARTRADE TECH,WATCHLIST_EXTERNAL,50.0,8.0,CAUTION,3.5,1.5,NORMAL,TOPPING,False,1,2,EXPIRED,True,12.37,148.4357,6.81,HOLD,,False,,A,6.0,2,False,2326.98,2257.17,2443.33,Near 200DMA — ideal dip entry zone,7,2026-06-18,6.06,True,False,False,False,LOW_ROE(6.1%),0,True,True,False,False,False,False,48.3,6,89.0
ETERNAL,ETERNAL,WATCHLIST_EXTERNAL,50.0,11.0,CAUTION,3.5,1.5,NORMAL,TOPPING,False,2,2,FRESH,True,-8.23,8.3314,3.87,HOLD,,False,,A,7.5,2,False,281.58,250.65,287.21,Below 200DMA — enter on recovery above 200DMA,7,2026-06-18,1.74,True,True,False,False,LOW_ROE(1.7%) | HIGH_PE(1010x vs ind 29x),0,False,False,False,False,False,False,48.3,6,89.0
DIAMONDYD,PRATAAP SNACKS,WATCHLIST_EXTERNAL,50.0,7.0,CAUTION,3.5,1.5,NORMAL,CORRECTION,False,1,2,EXPIRED,True,6.43,41.875,4.5,HOLD,,False,,A,5.5,2,False,1049.13,1017.66,1101.59,Near 200DMA — ideal dip entry zone,7,2026-06-18,-4.97,True,False,False,False,LOW_ROE(-5.0%),0,True,True,False,False,False,False,48.3,6,89.0
DCCL,DAR CREDIT & CAP,MONITOR,50.0,1.0,CAUTION,3.5,0.5,ILLIQUID,LATE_CYCLE,False,1,2,EXPIRED,False,0.0,0.0,5.0,HOLD,,False,,,0.0,2,False,0.0,0.0,0.0,,7,2026-06-18,,False,False,False,True,DRAWDOWN_RISK(vel=-15.0),0,False,False,False,False,False,False,48.3,6,89.0
EMKAY,EMK.GLOBAL FIN.,WATCHLIST_CONFIRMED,50.0,7.0,CAUTION,3.5,3.0,NORMAL,LATE_CYCLE,False,2,3,EXPIRED,True,11.48,24.0736,9.94,HOLD,,False,,A,12.34,3,False,260.76,252.94,273.8,Near 200DMA — ideal dip entry zone,7,2026-06-18,18.75,False,False,False,False,,0,False,False,False,False,False,False,48.3,6,89.0
AMBUJACEM,AMBUJA CEMENTS,WATCHLIST_EXTERNAL,50.0,11.0,CAUTION,3.5,1.5,NORMAL,TOPPING,False,1,1,FRESH,False,-16.02,11.7481,3.31,HOLD,,False,,A,12.2,2,False,507.78,413.66,517.94,Below 200DMA — enter on recovery above 200DMA,7,2026-06-18,7.8,True,False,False,False,LOW_ROE(7.8%),0,True,True,False,False,False,False,48.3,6,89.0
BCLIND,BCL INDUSTRIES,WATCHLIST_EXTERNAL,50.0,11.0,CAUTION,3.5,1.5,NORMAL,CORRECTION,False,1,2,EXPIRED,True,9.92,1.965,6.3,HOLD,,False,,A,16.99,3,False,34.03,33.01,35.73,Near 200DMA — ideal dip entry zone,7,2026-06-18,11.85,True,False,False,False,LOW_ROE(11.8%),0,False,False,False,False,False,False,48.3,6,89.0
IMAGICAA,IMAGICA. ENTER.,WATCHLIST_CONFIRMED,50.0,3.0,CAUTION,3.5,3.0,NORMAL,LATE_CYCLE,False,1,2,EXPIRED,False,-10.23,1.4943,4.12,HOLD,,False,,,0.0,2,False,48.47,42.2,49.44,Below 200DMA — enter on recovery above 200DMA,7,2026-06-18,6.16,True,True,False,False,LOW_ROE(6.2%) | HIGH_PE(148x vs ind 30x),0,False,False,False,False,False,False,48.3,6,89.0
JSWSTEEL,JSW STEEL,WATCHLIST_EXTERNAL,50.0,1.0,CAUTION,3.5,1.5,NORMAL,TOPPING,False,2,2,AGING,True,8.31,28.5429,2.66,EXIT,DETERIORATING (vel=-10.0 forensic=-1 regime=CAUTION),False,,,0.0,2,False,1188.41,1152.76,1247.83,Near 200DMA — ideal dip entry zone,7,2026-06-18,4.41,True,False,False,True,LOW_ROE(4.4%) | DRAWDOWN_RISK(vel=-10.0),0,False,False,False,False,False,False,48.3,6,89.0
BEPL,BHANSALI ENGG.,MONITOR,49.0,16.0,CAUTION,3.5,0.5,NORMAL,TOPPING,False,2,2,FRESH,True,10.4,3.3179,3.92,HOLD,,False,,A,55.71,3,False,91.98,89.22,96.58,Near 200DMA — ideal dip entry zone,7,2026-06-18,17.96,False,False,False,False,,0,True,True,False,False,False,False,48.3,6,89.0
INDSWFTLAB,IND-SWIFT LABS.,WATCHLIST_CONFIRMED,49.0,15.0,CAUTION,3.5,3.0,NORMAL,LATE_CYCLE,False,2,3,EXPIRED,True,36.48,9.7486,7.2,PARTIAL_EXIT,EXTENDED: 6.1× ATR above 200DMA,False,,A,9.5,3,False,119.05,142.98,157.61,Extended — wait for ATR pullback,7,2026-06-18,21.35,False,False,False,False,,0,True,True,False,False,False,False,48.3,6,89.0
INDOBORAX,INDO BORAX & CH.,WATCHLIST_EXTERNAL,49.0,9.0,CAUTION,3.5,1.5,NORMAL,TOPPING,False,2,2,FRESH,True,39.09,18.7714,6.2,PARTIAL_EXIT,EXTENDED: 7.6× ATR above 200DMA,False,,A,10.58,2,False,261.06,325.56,353.71,Extended — wait for ATR pullback,7,2026-06-18,12.67,False,False,False,False,,0,True,True,False,False,False,False,48.3,6,89.0
RKFORGE,RAMKRISHNA FORG.,WATCHLIST_CONFIRMED,49.0,6.0,CAUTION,3.5,3.0,NORMAL,LATE_CYCLE,False,3,3,FRESH,True,7.21,20.1036,4.13,HOLD,,False,,A,6.98,5,False,544.72,528.38,571.96,Near 200DMA — ideal dip entry zone,7,2026-06-18,13.66,False,False,False,False,,0,False,False,False,False,False,False,48.3,6,89.0
PSPPROJECT,PSP PROJECTS,WATCHLIST_EXTERNAL,49.0,5.0,CAUTION,3.5,1.5,NORMAL,TOPPING,False,2,2,FRESH,True,13.74,49.3714,6.53,EXIT,DETERIORATING (vel=-7.0 forensic=-3 regime=CAUTION),False,,,0.0,1,False,797.79,773.86,837.68,Near 200DMA — ideal dip entry zone,7,2026-06-18,4.67,True,True,False,False,LOW_ROE(4.7%) | HIGH_PE(63x vs ind 18x),0,False,False,False,False,False,False,48.3,6,89.0
PASHUPATI,PASHUPATI COTSP.,WATCHLIST_EXTERNAL,49.0,12.0,CAUTION,3.5,1.5,NORMAL,LATE_CYCLE,False,1,2,EXPIRED,False,3.38,4.84,6.65,HOLD,,False,,A,8.51,1,False,84.49,81.96,88.71,Near 200DMA — ideal dip entry zone,7,2026-06-18,8.35,True,True,False,False,LOW_ROE(8.3%) | HIGH_PE(105x vs ind 16x),0,False,False,False,False,False,False,48.3,6,89.0
PATELRMART,PATEL RETAIL,WATCHLIST_EXTERNAL,49.0,16.0,CAUTION,3.5,1.5,NORMAL,TOPPING,False,1,2,EXPIRED,True,7.59,13.2586,7.11,HOLD,,False,,A,10.0,3,False,208.12,201.88,218.53,Near 200DMA — ideal dip entry zone,7,2026-06-18,18.78,False,False,False,False,,0,False,False,False,False,False,False,48.3,6,89.0
MANKIND,MANKIND PHARMA,WATCHLIST_CONFIRMED,49.0,17.0,CAUTION,3.5,3.0,NORMAL,LATE_CYCLE,False,2,3,EXPIRED,True,3.71,61.3786,3.12,HOLD,,False,,A,11.0,4,False,2279.48,2211.1,2393.45,Near 200DMA — ideal dip entry zone,7,2026-06-18,13.89,False,False,False,False,,0,False,False,False,False,False,False,48.3,6,89.0
UBL,UNITED BREWERIES,WATCHLIST_EXTERNAL,49.0,15.0,CAUTION,3.5,1.5,NORMAL,CORRECTION,False,1,1,FRESH,False,-16.74,33.0714,2.97,HOLD,,False,,A,15.86,2,False,1603.34,1294.95,1635.41,Below 200DMA — enter on recovery above 200DMA,7,2026-06-18,10.12,True,True,False,False,LOW_ROE(10.1%) | HIGH_PE(102x vs ind 39x),0,False,False,False,False,False,False,48.3,6,89.0
TATAINVEST,TATA INV.CORPN.,MONITOR,49.0,1.0,CAUTION,3.5,0.5,NORMAL,LATE_CYCLE,False,2,2,FRESH,False,-4.41,18.7481,3.33,HOLD,,False,,A,6.91,1,False,706.81,655.38,720.95,Below 200DMA — enter on recovery above 200DMA,7,2026-06-18,1.0,True,True,False,True,LOW_ROE(1.0%) | HIGH_PE(76x vs ind 17x) | DRAWDOWN_RISK(vel=-15.0),0,True,True,False,False,False,False,48.3,6,89.0
TECHM,TECH MAHINDRA,WATCHLIST_CONFIRMED,49.0,20.0,CAUTION,3.5,3.0,NORMAL,BASING,False,1,2,EXPIRED,True,-1.78,49.0,4.02,HOLD,,False,,A,44.47,4,False,1488.97,1418.53,1518.75,Below 200DMA — enter on recovery above 200DMA,7,2026-06-18,15.54,False,False,False,False,,0,True,True,False,False,False,False,48.3,6,89.0
STERTOOLS,STERLING TOOLS,WATCHLIST_CONFIRMED,49.0,15.0,CAUTION,3.5,3.0,NORMAL,LATE_CYCLE,False,1,2,EXPIRED,False,-9.79,10.9221,5.56,HOLD,,False,,A,23.47,2,False,261.44,228.76,266.67,Below 200DMA — enter on recovery above 200DMA,7,2026-06-18,11.67,True,False,False,False,LOW_ROE(11.7%),0,False,False,False,False,False,False,48.3,6,89.0
SUDEEPPHRM,SUDEEP PHARMA,WATCHLIST_CONFIRMED,49.0,18.0,CAUTION,3.5,3.0,NORMAL,LATE_CYCLE,False,2,3,EXPIRED,True,33.96,44.5357,6.14,PARTIAL_EXIT,EXTENDED: 6.6× ATR above 200DMA,False,,A,11.0,4,False,649.58,781.13,847.93,Extended — wait for ATR pullback,7,2026-06-18,28.26,False,False,False,False,,0,False,False,False,False,False,False,48.3,6,89.0
SAMBHV,SAMBHV STEEL,WATCHLIST_EXTERNAL,49.0,18.0,CAUTION,3.5,1.5,NORMAL,TOPPING,False,1,1,FRESH,False,1.58,3.9307,4.38,HOLD,,False,,A,11.0,2,False,105.96,102.78,111.26,Near 200DMA — ideal dip entry zone,7,2026-06-18,18.81,False,False,False,False,,0,False,False,False,False,False,False,48.3,6,89.0
ROSSARI,ROSSARI BIOTECH,WATCHLIST_EXTERNAL,49.0,15.0,CAUTION,3.5,1.5,NORMAL,TOPPING,False,1,2,EXPIRED,True,-7.49,17.9893,4.21,HOLD,,False,,A,10.71,2,False,553.93,497.08,565.01,Below 200DMA — enter on recovery above 200DMA,7,2026-06-18,11.5,True,False,False,False,LOW_ROE(11.5%),0,False,False,False,False,False,False,48.3,6,89.0
SETL,STANDARD ENGINEERING TECHNOLOGY,WATCHLIST_CONFIRMED,49.0,12.0,CAUTION,3.5,3.0,NORMAL,LATE_CYCLE,False,2,3,EXPIRED,True,16.04,8.6593,5.99,HOLD,,False,,A,8.0,2,False,149.48,156.13,169.12,Extended — wait for ATR pullback,7,2026-06-18,9.1,True,False,False,False,LOW_ROE(9.1%),0,False,False,False,False,False,False,48.3,6,89.0
COMSYN,COMMERL. SYNBAGS,WATCHLIST_EXTERNAL,49.0,11.0,CAUTION,3.5,1.5,NORMAL,TOPPING,False,2,2,AGING,True,10.04,6.4229,4.55,HOLD,,False,,A,10.1,3,False,153.94,149.32,161.64,Near 200DMA — ideal dip entry zone,7,2026-06-18,11.41,True,False,False,False,LOW_ROE(11.4%),0,False,False,False,False,False,False,48.3,6,89.0
CANBK,CANARA BANK,WATCHLIST_EXTERNAL,49.0,4.0,CAUTION,3.5,1.5,NORMAL,LATE_CYCLE,False,3,3,FRESH,True,1.45,4.1659,3.7,HOLD,,False,,A,33.04,5,False,133.3,129.3,139.97,Near 200DMA — ideal dip entry zone,7,2026-06-18,18.21,False,False,False,False,,0,False,False,False,False,False,False,48.3,6,89.0
BSOFT,BIRLASOFT LTD,WATCHLIST_CONFIRMED,49.0,20.0,CAUTION,3.5,3.0,NORMAL,BASING,False,1,1,EXPIRED,False,-14.62,12.5536,4.66,HOLD,,False,,A,29.77,3,False,379.02,313.89,386.6,Below 200DMA — enter on recovery above 200DMA,7,2026-06-18,14.86,False,False,False,False,,0,True,True,False,False,False,False,48.3,6,89.0
BOMDYEING,BOMBAY DYEING,MONITOR,49.0,15.0,CAUTION,3.5,0.5,NORMAL,LATE_CYCLE,False,3,3,FRESH,True,-1.04,5.0814,4.55,HOLD,,False,,A,20.98,3,False,135.32,129.89,138.03,Below 200DMA — enter on recovery above 200DMA,7,2026-06-18,20.68,False,True,False,False,HIGH_PE(124x vs ind 16x),0,True,True,False,False,False,False,48.3,6,89.0
CYIENT,CYIENT,WATCHLIST_EXTERNAL,49.0,16.0,CAUTION,3.5,1.5,NORMAL,CORRECTION,False,1,1,FRESH,False,-16.0,29.5714,4.05,HOLD,,False,,A,46.08,2,False,1043.01,849.87,1063.87,Below 200DMA — enter on recovery above 200DMA,7,2026-06-18,11.6,True,False,False,False,LOW_ROE(11.6%),0,True,True,False,False,False,False,48.3,6,89.0
AHCL,ANLON HEALTHCARE,WATCHLIST_CONFIRMED,49.0,15.0,CAUTION,3.5,3.0,NORMAL,LATE_CYCLE,False,3,3,FRESH,True,20.8,0.9607,7.21,PARTIAL_EXIT,EXTENDED: 3.5× ATR above 200DMA,False,,A,9.5,5,False,13.24,14.07,15.51,Extended — wait for ATR pullback,7,2026-06-18,25.51,False,False,False,False,,0,False,False,False,False,False,False,48.3,6,89.0
BANKBARODA,BANK OF BARODA,WATCHLIST_EXTERNAL,49.0,4.0,CAUTION,3.5,1.5,NORMAL,LATE_CYCLE,False,3,3,FRESH,True,4.64,7.713,3.28,HOLD,,False,,A,33.67,5,False,269.36,261.28,282.83,Near 200DMA — ideal dip entry zone,7,2026-06-18,12.81,False,False,False,False,,0,False,False,False,False,False,False,48.3,6,89.0
IGARASHI,IGARASHI MOTORS,WATCHLIST_CONFIRMED,49.0,11.0,CAUTION,3.5,3.0,NORMAL,LATE_CYCLE,False,2,3,EXPIRED,True,-1.81,16.4286,4.8,HOLD,,False,,A,15.46,3,False,418.02,398.14,426.38,Below 200DMA — enter on recovery above 200DMA,7,2026-06-18,5.19,True,True,False,False,LOW_ROE(5.2%) | HIGH_PE(73x vs ind 28x),0,False,False,False,False,False,False,48.3,6,89.0
KITEX,KITEX GARMENTS,WATCHLIST_EXTERNAL,49.0,9.0,CAUTION,3.5,1.5,NORMAL,LATE_CYCLE,False,1,2,EXPIRED,False,-14.21,6.6414,5.14,HOLD,,False,,A,6.5,2,False,180.73,150.39,184.34,Below 200DMA — enter on recovery above 200DMA,7,2026-06-18,13.43,False,False,False,False,,0,False,False,False,False,False,False,48.3,6,89.0
GOKEX,GOKALDAS EXPORTS,WATCHLIST_EXTERNAL,49.0,10.0,CAUTION,3.5,1.5,NORMAL,LATE_CYCLE,False,3,3,FRESH,True,-0.58,27.5107,4.52,HOLD,,False,,A,7.0,3,False,734.07,707.95,748.75,Below 200DMA — enter on recovery above 200DMA,7,2026-06-18,7.62,True,False,False,False,LOW_ROE(7.6%),0,False,False,False,False,False,False,48.3,6,89.0
FMGOETZE,FEDERAL-MOGUL GO,WATCHLIST_CONFIRMED,49.0,16.0,CAUTION,3.5,3.0,NORMAL,LATE_CYCLE,False,2,2,FRESH,False,-4.04,14.9821,4.05,HOLD,,False,,A,10.0,2,False,462.27,430.29,471.52,Below 200DMA — enter on recovery above 200DMA,7,2026-06-18,12.78,False,False,False,False,,0,True,True,False,False,False,False,48.3,6,89.0
MASTEK,MASTEK,WATCHLIST_CONFIRMED,48.0,17.0,CAUTION,3.5,3.0,NORMAL,BASING,False,1,1,AGING,False,-15.73,68.9143,5.05,HOLD,,False,,A,26.19,3,False,1941.86,1587.4,1980.7,Below 200DMA — enter on recovery above 200DMA,7,2026-06-18,15.27,False,False,False,False,,0,False,False,False,False,False,False,48.3,6,89.0
MPHASIS,MPHASIS,WATCHLIST_CONFIRMED,48.0,20.0,CAUTION,3.5,3.0,NORMAL,BASING,False,2,2,FRESH,True,-9.14,72.7857,3.73,HOLD,,False,,A,39.48,4,False,2575.49,2269.99,2627.0,Below 200DMA — enter on recovery above 200DMA,7,2026-06-18,18.7,False,False,False,False,,0,False,False,False,False,False,False,48.3,6,89.0
SSWL,STEEL STR. WHEEL,WATCHLIST_CONFIRMED,48.0,14.0,CAUTION,3.5,3.0,NORMAL,LATE_CYCLE,False,3,3,AGING,True,8.78,11.5979,6.08,HOLD,,False,,A,15.65,5,False,210.27,203.96,220.78,Near 200DMA — ideal dip entry zone,7,2026-06-18,12.01,False,False,False,False,,0,False,False,False,False,False,False,48.3,6,89.0
SARDAEN,SARDA ENERGY,WATCHLIST_EXTERNAL,48.0,11.0,CAUTION,3.5,1.5,NORMAL,TOPPING,False,1,1,EXPIRED,False,-2.14,15.2893,3.51,HOLD,,False,,A,10.4,1,False,534.42,507.31,545.11,Below 200DMA — enter on recovery above 200DMA,7,2026-06-18,11.13,True,False,False,True,LOW_ROE(11.1%) | DRAWDOWN_RISK(vel=-10.0),0,False,False,False,False,False,False,48.3,6,89.0
SIEMENS,SIEMENS,WATCHLIST_EXTERNAL,48.0,16.0,CAUTION,3.5,1.5,NORMAL,TOPPING,False,1,2,EXPIRED,True,13.58,102.4999,3.3,HOLD,,False,,A,13.81,3,False,3279.92,3181.52,3443.92,Near 200DMA — ideal dip entry zone,7,2026-06-18,11.81,True,False,False,False,LOW_ROE(11.8%),0,False,False,False,False,False,False,48.3,6,89.0
COFORGE,COFORGE,WATCHLIST_CONFIRMED,48.0,17.0,CAUTION,3.5,3.0,NORMAL,BASING,False,2,2,FRESH,True,-4.81,58.4429,4.78,HOLD,,False,,A,24.76,4,False,1539.76,1421.73,1570.56,Below 200DMA — enter on recovery above 200DMA,7,2026-06-18,12.73,False,False,False,False,,0,False,False,False,False,False,False,48.3,6,89.0
CIPLA,CIPLA,WATCHLIST_CONFIRMED,48.0,19.0,CAUTION,3.5,3.0,NORMAL,LATE_CYCLE,False,2,3,EXPIRED,True,-4.27,27.7113,2.46,HOLD,,False,,A,24.84,3,False,1411.08,1310.28,1439.3,Below 200DMA — enter on recovery above 200DMA,7,2026-06-18,16.9,False,False,False,False,,0,True,True,False,False,False,False,48.3,6,89.0
CRAFTSMAN,CRAFTSMAN AUTO,WATCHLIST_CONFIRMED,48.0,8.0,CAUTION,3.5,3.0,NORMAL,LATE_CYCLE,False,2,3,EXPIRED,True,28.0,365.3571,4.62,PARTIAL_EXIT,EXTENDED: 7.3× ATR above 200DMA,False,,A,6.74,4,False,7420.7,8767.79,9315.82,Extended — wait for ATR pullback,7,2026-06-18,6.81,True,False,False,False,LOW_ROE(6.8%),0,False,False,False,False,False,False,48.3,6,89.0
APOLLOHOSP,APOLLO HOSPITALS,WATCHLIST_CONFIRMED,48.0,16.0,CAUTION,3.5,3.0,NORMAL,LATE_CYCLE,False,2,3,EXPIRED,True,11.07,160.7857,2.29,HOLD,,False,,A,15.56,4,False,7587.53,7359.9,7966.91,Near 200DMA — ideal dip entry zone,7,2026-06-18,17.61,False,False,False,False,,0,False,False,False,False,False,False,48.3,6,89.0
APOLLOTYRE,APOLLO TYRES,WATCHLIST_CONFIRMED,48.0,12.0,CAUTION,3.5,3.0,NORMAL,LATE_CYCLE,False,2,3,EXPIRED,True,-7.6,12.5571,3.51,HOLD,,False,,A,19.88,3,False,464.94,416.71,474.24,Below 200DMA — enter on recovery above 200DMA,7,2026-06-18,7.59,True,False,False,False,LOW_ROE(7.6%),0,False,False,False,False,False,False,48.3,6,89.0
ADANIENSOL,ADANI ENERGY SOL,WATCHLIST_EXTERNAL,48.0,0.0,CAUTION,3.5,1.5,NORMAL,TOPPING,False,2,2,FRESH,True,40.68,56.9357,4.58,PARTIAL_EXIT,PROFIT_ZONE: +41% above 200DMA | EXTENDED: 10.7× ATR above 200DMA,False,,,0.0,2,False,1059.83,1377.13,1462.53,Extended — wait for ATR pullback,7,2026-06-18,4.8,True,False,False,False,LOW_ROE(4.8%),0,False,False,False,False,False,False,48.3,6,89.0
AJMERA,AJMERA REALTY,WATCHLIST_EXTERNAL,48.0,11.0,CAUTION,3.5,1.5,NORMAL,CORRECTION,False,2,2,FRESH,True,-15.81,8.3757,7.37,HOLD,,False,,A,15.82,2,False,161.98,132.28,165.22,Below 200DMA — enter on recovery above 200DMA,7,2026-06-18,10.44,True,False,False,False,LOW_ROE(10.4%),0,False,False,False,False,False,False,48.3,6,89.0
BALRAMCHIN,BALRAMPUR CHINI,WATCHLIST_EXTERNAL,48.0,15.0,CAUTION,3.5,1.5,NORMAL,CORRECTION,False,1,2,EXPIRED,True,14.17,19.7572,4.34,HOLD,,False,,A,16.7,2,False,479.04,464.67,502.99,Near 200DMA — ideal dip entry zone,7,2026-06-18,11.51,True,False,False,False,LOW_ROE(11.5%),0,False,False,False,False,False,False,48.3,6,89.0
INDOSTAR,INDOSTAR CAPITAL,MONITOR,48.0,0.0,CAUTION,3.5,0.5,NORMAL,LATE_CYCLE,False,2,3,EXPIRED,True,5.47,14.4764,7.14,EXIT,DETERIORATING (vel=-15.0 forensic=-4 regime=CAUTION),False,,,0.0,1,False,230.64,223.72,242.17,Near 200DMA — ideal dip entry zone,7,2026-06-18,3.32,True,False,False,True,LOW_ROE(3.3%) | DRAWDOWN_RISK(vel=-15.0),0,False,False,False,False,False,False,48.3,6,89.0
LEMONTREE,LEMON TREE HOTEL,WATCHLIST_EXTERNAL,48.0,7.0,CAUTION,3.5,1.5,NORMAL,LATE_CYCLE,False,1,2,EXPIRED,False,-21.93,3.4479,3.81,HOLD,,False,,A,5.5,3,False,138.93,105.21,141.71,Below 200DMA — enter on recovery above 200DMA,7,2026-06-18,16.9,False,False,False,False,,0,False,False,False,False,False,False,48.3,6,89.0
JTEKTINDIA,JTEKT INDIA,WATCHLIST_CONFIRMED,48.0,11.0,CAUTION,3.5,3.0,NORMAL,LATE_CYCLE,False,2,3,EXPIRED,True,-6.32,4.7921,4.28,HOLD,,False,,A,12.98,3,False,143.43,130.33,146.3,Below 200DMA — enter on recovery above 200DMA,7,2026-06-18,8.55,True,False,False,False,LOW_ROE(8.6%),0,False,False,False,False,False,False,48.3,6,89.0
GUJTHEM,GUJ. THEMIS BIO.,WATCHLIST_CONFIRMED,48.0,20.0,CAUTION,3.5,3.0,NORMAL,LATE_CYCLE,False,2,3,EXPIRED,True,1.98,19.2536,6.08,HOLD,,False,,A,14.41,4,False,372.46,361.29,391.08,Near 200DMA — ideal dip entry zone,7,2026-06-18,19.64,False,False,False,False,,0,False,False,False,False,False,False,48.3,6,89.0
GPECO,GP ECO SOLUTIONS,MONITOR,48.0,18.0,CAUTION,3.5,0.5,NORMAL,TOPPING,False,1,2,EXPIRED,True,2.06,22.675,6.15,HOLD,,False,,A,11.0,2,False,433.75,420.74,455.44,Near 200DMA — ideal dip entry zone,7,2026-06-18,17.29,False,False,False,False,,0,False,False,False,False,False,False,48.3,6,89.0
ZYDUSWELL,ZYDUS WELLNESS,WATCHLIST_EXTERNAL,48.0,12.0,CAUTION,3.5,1.5,NORMAL,CORRECTION,False,1,2,EXPIRED,True,10.68,19.525,4.63,HOLD,,False,,A,10.83,2,False,457.36,443.64,480.23,Near 200DMA — ideal dip entry zone,7,2026-06-18,6.12,True,True,False,False,LOW_ROE(6.1%) | HIGH_PE(65x vs ind 25x),0,False,False,False,False,False,False,48.3,6,89.0
DEEPINDS,DEEP INDUSTRIES,WATCHLIST_EXTERNAL,47.0,4.0,CAUTION,3.5,1.5,NORMAL,TOPPING,False,1,2,EXPIRED,True,8.83,25.2,6.13,HOLD,,False,,,0.0,2,False,453.02,439.43,475.67,Near 200DMA — ideal dip entry zone,7,2026-06-18,-4.95,True,False,False,True,LOW_ROE(-5.0%) | DRAWDOWN_RISK(vel=-9.0),0,False,False,False,False,False,False,48.3,6,89.0
ENRIN,SIEMENS ENER.IND,WATCHLIST_EXTERNAL,47.0,15.0,CAUTION,3.5,1.5,NORMAL,TOPPING,False,1,2,EXPIRED,True,24.24,160.3857,5.08,PARTIAL_EXIT,EXTENDED: 5.7× ATR above 200DMA,False,,A,9.5,4,False,3046.67,3464.43,3705.01,Extended — wait for ATR pullback,7,2026-06-18,25.11,False,True,False,False,HIGH_PE(84x vs ind 31x),0,True,True,False,False,False,False,48.3,6,89.0
MOREPENLAB,MOREPEN LABS.,WATCHLIST_CONFIRMED,47.0,15.0,CAUTION,3.5,3.0,NORMAL,LATE_CYCLE,False,2,3,EXPIRED,True,18.58,3.1714,7.39,HOLD,,False,,A,14.89,3,False,43.41,45.14,49.89,Extended — wait for ATR pullback,7,2026-06-18,10.21,True,False,False,False,LOW_ROE(10.2%),0,False,False,False,False,False,False,48.3,6,89.0
SURYODAY,SURYODAY SMALL,WATCHLIST_EXTERNAL,47.0,2.0,CAUTION,3.5,1.5,NORMAL,LATE_CYCLE,False,2,3,EXPIRED,True,20.4,7.6093,5.35,PARTIAL_EXIT,EXTENDED: 4.6× ATR above 200DMA,False,,,0.0,3,False,141.64,155.32,166.74,Extended — wait for ATR pullback,7,2026-06-18,3.43,True,False,False,False,LOW_ROE(3.4%),0,False,False,False,False,False,False,48.3,6,89.0
ADANIGREEN,ADANI GREEN,WATCHLIST_EXTERNAL,47.0,0.0,CAUTION,3.5,1.5,NORMAL,TOPPING,False,2,2,FRESH,True,37.18,49.8,4.08,PARTIAL_EXIT,EXTENDED: 10.9× ATR above 200DMA,False,,,0.0,2,False,1068.52,1366.2,1440.9,Extended — wait for ATR pullback,7,2026-06-18,11.9,True,True,False,False,LOW_ROE(11.9%) | HIGH_PE(101x vs ind 22x),0,False,False,False,False,False,False,48.3,6,89.0
ORIENTHOT,ORIENTAL HOTELS,WATCHLIST_EXTERNAL,47.0,7.0,CAUTION,3.5,1.5,NORMAL,LATE_CYCLE,False,2,3,EXPIRED,True,2.37,5.5414,5.88,HOLD,,False,,A,10.96,3,False,110.5,107.19,116.03,Near 200DMA — ideal dip entry zone,7,2026-06-18,5.75,True,False,False,False,LOW_ROE(5.8%),0,False,False,False,False,False,False,48.3,6,89.0
ORIENTTECH,ORIENT TECH.,WATCHLIST_EXTERNAL,47.0,16.0,CAUTION,3.5,1.5,NORMAL,CORRECTION,False,1,1,EXPIRED,False,-18.07,8.7143,4.01,HOLD,,False,,A,10.0,2,False,318.19,252.88,324.55,Below 200DMA — enter on recovery above 200DMA,7,2026-06-18,15.3,False,True,False,False,HIGH_PE(57x vs ind 23x),0,True,True,False,False,False,False,48.3,6,89.0
NIITMTS,NIIT LEARNING,WATCHLIST_EXTERNAL,47.0,18.0,CAUTION,3.5,1.5,NORMAL,TOPPING,False,1,1,FRESH,False,-33.18,11.6993,6.34,HOLD,,False,,B,32.9,3,False,331.53,214.87,338.16,Below 200DMA — enter on recovery above 200DMA,7,2026-06-18,18.8,False,False,False,False,,0,False,False,False,False,False,False,48.3,6,89.0
POLICYBZR,PB FINTECH.,WATCHLIST_EXTERNAL,47.0,4.0,CAUTION,3.5,1.5,NORMAL,LATE_CYCLE,False,1,2,EXPIRED,False,-3.29,56.1071,4.14,HOLD,,False,,,0.0,1,False,1679.92,1575.86,1713.52,Below 200DMA — enter on recovery above 200DMA,7,2026-06-18,5.49,True,True,False,False,LOW_ROE(5.5%) | HIGH_PE(121x vs ind 18x),0,True,True,False,False,False,False,48.3,6,89.0
MASTERTR,MASTER TRUST,WATCHLIST_CONFIRMED,47.0,11.0,CAUTION,3.5,3.0,NORMAL,LATE_CYCLE,False,1,2,EXPIRED,False,-24.21,7.1921,10.77,HOLD,,False,,A,7.5,2,False,105.68,77.7,107.79,Below 200DMA — enter on recovery above 200DMA,7,2026-06-18,20.56,False,False,False,False,,0,False,False,False,False,False,False,48.3,6,89.0
METROPOLIS,METROPOLIS HEALT,WATCHLIST_CONFIRMED,47.0,15.0,CAUTION,3.5,3.0,NORMAL,LATE_CYCLE,False,2,3,EXPIRED,True,11.23,21.0643,4.63,HOLD,,False,,A,14.74,3,False,490.52,475.8,515.05,Near 200DMA — ideal dip entry zone,7,2026-06-18,10.89,True,False,False,False,LOW_ROE(10.9%),0,False,False,False,False,False,False,48.3,6,89.0
SOLEX,SOLEX ENERGY,WATCHLIST_EXTERNAL,47.0,15.0,CAUTION,3.5,1.5,NORMAL,TOPPING,False,1,1,EXPIRED,False,-11.54,64.6786,6.77,HOLD,,False,,B,32.9,2,False,1295.81,1111.91,1321.73,Below 200DMA — enter on recovery above 200DMA,7,2026-06-18,26.16,False,False,False,False,,0,False,False,False,False,False,False,48.3,6,89.0
WSTCSTPAPR,WEST COAST PAPER,WATCHLIST_EXTERNAL,47.0,11.0,CAUTION,3.5,1.5,NORMAL,CORRECTION,False,2,2,FRESH,True,14.47,19.1321,4.45,HOLD,,False,,A,19.0,3,False,450.44,436.93,472.96,Near 200DMA — ideal dip entry zone,7,2026-06-18,8.91,True,False,False,False,LOW_ROE(8.9%),0,False,False,False,False,False,False,48.3,6,89.0
VIKRAMSOLR,VIKRAM SOLAR,WATCHLIST_EXTERNAL,47.0,16.0,CAUTION,3.5,1.5,NORMAL,TOPPING,False,1,1,FRESH,False,-15.8,8.0629,4.61,HOLD,,False,,B,32.9,2,False,249.03,203.4,254.01,Below 200DMA — enter on recovery above 200DMA,7,2026-06-18,11.26,True,False,False,False,LOW_ROE(11.3%),0,True,True,False,False,False,False,48.3,6,89.0
SALZERELEC,SALZER ELECTRON.,WATCHLIST_EXTERNAL,47.0,12.0,CAUTION,3.5,1.5,NORMAL,TOPPING,False,1,2,EXPIRED,True,-4.86,26.0786,4.78,HOLD,,False,,A,12.51,2,False,687.48,634.43,701.23,Below 200DMA — enter on recovery above 200DMA,7,2026-06-18,9.34,True,False,False,False,LOW_ROE(9.3%),0,False,False,False,False,False,False,48.3,6,89.0
SENCO,SENCO GOLD,WATCHLIST_CONFIRMED,47.0,4.0,CAUTION,3.5,3.0,NORMAL,LATE_CYCLE,False,3,3,FRESH,True,4.91,13.25,4.61,HOLD,,False,,A,7.42,3,False,329.05,319.18,345.5,Near 200DMA — ideal dip entry zone,7,2026-06-18,8.09,True,False,False,False,LOW_ROE(8.1%),0,False,False,False,False,False,False,48.3,6,89.0
COASTCORP,COASTAL CORPORAT,WATCHLIST_EXTERNAL,47.0,0.0,CAUTION,3.5,1.5,RESTRICTED,CORRECTION,False,1,1,EXPIRED,False,12.72,3.6143,8.48,HOLD,,False,,A,6.99,1,False,45.39,44.03,47.66,Near 200DMA — ideal dip entry zone,7,2026-06-18,1.71,True,False,False,True,LOW_ROE(1.7%) | DRAWDOWN_RISK(vel=-5.0),0,False,False,False,False,False,False,48.3,6,89.0
DEEPAKFERT,DEEPAK FERTILIS.,WATCHLIST_EXTERNAL,47.0,13.0,CAUTION,3.5,1.5,NORMAL,TOPPING,False,1,2,EXPIRED,True,21.94,63.15,4.89,PARTIAL_EXIT,EXTENDED: 5.4× ATR above 200DMA,False,,A,19.37,3,False,1271.53,1424.2,1518.92,Extended — wait for ATR pullback,7,2026-06-18,14.97,False,False,False,False,,0,False,False,False,False,False,False,48.3,6,89.0
DBEIL,DEEPAK BUILDERS,WATCHLIST_EXTERNAL,47.0,9.0,CAUTION,3.5,1.5,RESTRICTED,TOPPING,False,1,2,EXPIRED,True,-17.4,4.0043,5.34,HOLD,,False,,A,19.83,3,False,108.88,87.24,111.06,Below 200DMA — enter on recovery above 200DMA,7,2026-06-18,13.75,False,False,False,False,,0,False,False,False,False,False,False,48.3,6,89.0
DREDGECORP,DREDGING CORPN.,WATCHLIST_EXTERNAL,47.0,0.0,CAUTION,3.5,1.5,NORMAL,MID_CYCLE,False,2,3,EXPIRED,True,25.34,73.7714,7.9,PARTIAL_EXIT,EXTENDED: 3.8× ATR above 200DMA,False,,,0.0,3,False,894.22,973.26,1083.91,Extended — wait for ATR pullback,7,2026-06-18,-5.19,True,False,False,False,LOW_ROE(-5.2%),0,False,False,False,False,False,False,48.3,6,89.0
BANDHANBNK,BANDHAN BANK,WATCHLIST_EXTERNAL,47.0,1.0,CAUTION,3.5,1.5,NORMAL,LATE_CYCLE,False,3,3,FRESH,True,27.99,7.3064,4.1,PARTIAL_EXIT,EXTENDED: 8.2× ATR above 200DMA,False,,A,11.94,5,False,167.01,199.15,210.11,Extended — wait for ATR pullback,7,2026-06-18,11.16,False,False,False,False,,0,False,False,False,False,False,False,48.3,6,89.0
ATULAUTO,ATUL AUTO,WATCHLIST_EXTERNAL,47.0,12.0,CAUTION,3.5,1.5,NORMAL,CORRECTION,False,1,1,EXPIRED,False,0.93,14.9036,3.82,HOLD,,False,,A,8.0,2,False,463.7,449.79,486.88,Near 200DMA — ideal dip entry zone,7,2026-06-18,4.91,True,False,False,False,LOW_ROE(4.9%),0,False,False,False,False,False,False,48.3,6,89.0
INFY,INFOSYS,WATCHLIST_CONFIRMED,47.0,20.0,CAUTION,3.5,3.0,NORMAL,BASING,False,1,1,EXPIRED,False,-16.33,35.9275,3.72,HOLD,,False,,A,51.34,3,False,1383.71,1122.97,1411.38,Below 200DMA — enter on recovery above 200DMA,7,2026-06-18,32.68,False,False,False,False,,0,False,False,False,False,False,False,48.3,6,89.0
IFBIND,IFB INDUSTRIES,WATCHLIST_CONFIRMED,47.0,17.0,CAUTION,3.5,3.0,NORMAL,LATE_CYCLE,False,2,3,EXPIRED,True,-6.96,70.7571,6.57,HOLD,,False,,A,10.5,4,False,1390.03,1254.5,1417.83,Below 200DMA — enter on recovery above 200DMA,7,2026-06-18,14.12,False,False,False,False,,0,False,False,False,False,False,False,48.3,6,89.0
KRSNAA,KRSNAA DIAGNOST.,WATCHLIST_CONFIRMED,47.0,15.0,CAUTION,3.5,3.0,NORMAL,LATE_CYCLE,False,2,2,FRESH,False,-23.16,17.2821,3.89,HOLD,,False,,A,14.08,2,False,694.01,517.25,707.89,Below 200DMA — enter on recovery above 200DMA,7,2026-06-18,8.79,True,False,False,False,LOW_ROE(8.8%),0,False,False,False,False,False,False,48.3,6,89.0
LAOPALA,LA OPALA RG,WATCHLIST_CONFIRMED,47.0,16.0,CAUTION,3.5,3.0,NORMAL,LATE_CYCLE,False,3,3,FRESH,True,-11.6,6.185,4.1,HOLD,,False,,A,50.39,4,False,204.63,175.46,208.72,Below 200DMA — enter on recovery above 200DMA,7,2026-06-18,11.72,True,False,False,False,LOW_ROE(11.7%),0,True,True,False,False,False,False,48.3,6,89.0
GHCLTEXTIL,GHCL TEXTILES,WATCHLIST_EXTERNAL,47.0,4.0,CAUTION,3.5,1.5,NORMAL,LATE_CYCLE,False,3,3,FRESH,True,17.6,4.2314,5.41,HOLD,,False,,A,10.66,4,False,79.8,85.38,91.72,Extended — wait for ATR pullback,7,2026-06-18,3.89,True,False,False,False,LOW_ROE(3.9%),0,True,True,False,False,False,False,48.3,6,89.0
MANINDS,MAN INDUSTRIES,WATCHLIST_EXTERNAL,46.0,7.0,CAUTION,3.5,1.5,NORMAL,TOPPING,False,2,2,FRESH,True,37.56,32.3286,6.55,PARTIAL_EXIT,EXTENDED: 6.9× ATR above 200DMA,False,,A,5.5,2,False,430.79,527.94,576.44,Extended — wait for ATR pullback,7,2026-06-18,9.53,True,False,False,False,LOW_ROE(9.5%),0,False,False,False,False,False,False,48.3,6,89.0
NIACL,NEW INDIA ASSURA,MONITOR,46.0,1.0,CAUTION,3.5,0.5,NORMAL,TOPPING,False,2,2,FRESH,True,1.22,5.8864,4.27,EXIT,DETERIORATING (vel=-16.0 forensic=-3 regime=CAUTION),False,,A,16.15,1,False,163.46,158.56,171.63,Near 200DMA — ideal dip entry zone,7,2026-06-18,3.58,True,False,False,True,LOW_ROE(3.6%) | DRAWDOWN_RISK(vel=-16.0),0,True,True,False,False,False,False,48.3,6,89.0
PARKHOSPS,PARK MEDI WORLD,WATCHLIST_CONFIRMED,46.0,18.0,CAUTION,3.5,3.0,NORMAL,LATE_CYCLE,False,3,3,FRESH,True,25.09,12.89,6.09,PARTIAL_EXIT,EXTENDED: 4.9× ATR above 200DMA,False,,A,11.0,5,False,203.17,228.37,247.71,Extended — wait for ATR pullback,7,2026-06-18,19.18,False,False,False,False,,0,False,False,False,False,False,False,48.3,6,89.0
PAYTM,ONE 97,WATCHLIST_EXTERNAL,46.0,4.0,CAUTION,3.5,1.5,NORMAL,LATE_CYCLE,False,2,3,EXPIRED,True,-6.06,38.7857,4.16,HOLD,,False,,,0.0,2,False,1192.39,1086.5,1216.24,Below 200DMA — enter on recovery above 200DMA,7,2026-06-18,-4.38,True,False,False,False,LOW_ROE(-4.4%),0,True,True,False,False,False,False,48.3,6,89.0
MOBIKWIK,ONE MOBIKWIK,WATCHLIST_EXTERNAL,46.0,0.0,CAUTION,3.5,1.5,NORMAL,LATE_CYCLE,False,2,2,FRESH,False,-12.58,6.1486,3.72,HOLD,,False,,,0.0,1,False,226.71,192.24,231.24,Below 200DMA — enter on recovery above 200DMA,7,2026-06-18,-20.65,True,False,False,False,LOW_ROE(-20.6%),0,False,False,False,False,False,False,48.3,6,89.0
THELEELA,LEELA PALACES HOTELS,WATCHLIST_EXTERNAL,46.0,1.0,CAUTION,3.5,1.5,NORMAL,LATE_CYCLE,False,2,3,EXPIRED,True,7.53,15.2857,4.02,HOLD,,False,,,0.0,3,False,423.9,411.18,445.09,Near 200DMA — ideal dip entry zone,7,2026-06-18,1.34,True,False,False,False,LOW_ROE(1.3%),0,False,False,False,False,False,False,48.3,6,89.0
BHARTIARTL,BHARTI AIRTEL,WATCHLIST_EXTERNAL,46.0,7.0,CAUTION,3.5,1.5,NORMAL,CORRECTION,False,2,2,FRESH,True,-3.91,37.8,2.42,HOLD,,False,,A,14.14,3,False,1952.0,1819.43,1991.04,Below 200DMA — enter on recovery above 200DMA,7,2026-06-18,23.12,False,False,False,False,,0,False,False,False,False,False,False,48.3,6,89.0
DALMIASUG,DALMIA BHARAT,WATCHLIST_EXTERNAL,46.0,12.0,CAUTION,3.5,1.5,NORMAL,CORRECTION,False,1,1,FRESH,False,3.04,11.0179,3.89,HOLD,,False,,A,26.87,2,False,329.57,319.68,346.05,Near 200DMA — ideal dip entry zone,7,2026-06-18,11.96,True,False,False,False,LOW_ROE(12.0%),0,False,False,False,False,False,False,48.3,6,89.0
EFCIL,EFC (I),WATCHLIST_EXTERNAL,46.0,8.0,CAUTION,3.5,1.5,NORMAL,LATE_CYCLE,False,2,2,FRESH,False,-26.07,8.95,5.72,HOLD,,False,,A,6.0,1,False,253.76,181.98,258.84,Below 200DMA — enter on recovery above 200DMA,7,2026-06-18,20.78,False,False,False,False,,0,False,False,False,False,False,False,48.3,6,89.0
ASAHIINDIA,ASAHI INDIA GLAS,WATCHLIST_CONFIRMED,46.0,16.0,CAUTION,3.5,3.0,NORMAL,LATE_CYCLE,False,2,3,EXPIRED,True,-3.09,27.2286,3.7,HOLD,,False,,A,12.45,4,False,912.04,857.38,930.28,Below 200DMA — enter on recovery above 200DMA,7,2026-06-18,13.91,False,False,False,False,,0,False,False,False,False,False,False,48.3,6,89.0
AVG,AVG LOGISTICS,MONITOR,46.0,7.0,CAUTION,3.5,0.5,NORMAL,LATE_CYCLE,False,3,3,FRESH,True,-0.58,10.9,7.34,EXIT,DETERIORATING (vel=-9.0 forensic=-1 regime=CAUTION),False,,A,12.54,2,False,179.31,172.91,182.9,Below 200DMA — enter on recovery above 200DMA,7,2026-06-18,8.65,True,False,False,True,LOW_ROE(8.7%) | DRAWDOWN_RISK(vel=-9.0),0,False,False,False,False,False,False,48.3,6,89.0
INDRAMEDCO,INDRAPR.MEDICAL,WATCHLIST_CONFIRMED,46.0,20.0,CAUTION,3.5,3.0,NORMAL,LATE_CYCLE,False,1,2,EXPIRED,False,-14.45,14.775,4.66,HOLD,,False,,A,23.28,2,False,444.56,368.89,453.45,Below 200DMA — enter on recovery above 200DMA,7,2026-06-18,26.98,False,False,False,False,,0,True,True,False,False,False,False,48.3,6,89.0
IEX,INDIAN ENERGY EX,WATCHLIST_CONFIRMED,46.0,20.0,CAUTION,3.5,3.0,NORMAL,LATE_CYCLE,False,2,2,FRESH,False,-4.73,3.0271,2.93,HOLD,,False,,A,36.79,3,False,130.34,120.45,132.95,Below 200DMA — enter on recovery above 200DMA,7,2026-06-18,37.77,False,False,True,False,,0,True,True,False,False,False,False,48.3,6,89.0
KAYNES,KAYNES TECH,WATCHLIST_CONFIRMED,46.0,12.0,CAUTION,3.5,3.0,NORMAL,LATE_CYCLE,False,1,2,EXPIRED,False,-31.39,99.1786,3.66,HOLD,,False,,B,32.2,1,False,4734.11,3150.85,4828.79,Below 200DMA — enter on recovery above 200DMA,7,2026-06-18,10.33,True,False,False,False,LOW_ROE(10.3%),0,False,False,False,False,False,False,48.3,6,89.0
JYOTICNC,JYOTI CNC AUTO.,WATCHLIST_CONFIRMED,46.0,15.0,CAUTION,3.5,3.0,NORMAL,LATE_CYCLE,False,2,3,EXPIRED,True,-16.19,32.5321,5.52,HOLD,,False,,A,9.5,3,False,843.43,685.69,860.3,Below 200DMA — enter on recovery above 200DMA,7,2026-06-18,18.74,False,False,False,False,,0,False,False,False,False,False,False,48.3,6,89.0
KSCL,KAVERI SEED CO.,WATCHLIST_EXTERNAL,46.0,18.0,CAUTION,3.5,1.5,NORMAL,CORRECTION,False,1,1,EXPIRED,False,-9.49,25.2929,3.52,HOLD,,False,,A,17.06,3,False,952.01,835.8,971.05,Below 200DMA — enter on recovery above 200DMA,7,2026-06-18,18.77,False,False,False,False,,0,True,True,False,False,False,False,48.3,6,89.0
NRBBEARING,NRB BEARINGS,WATCHLIST_CONFIRMED,45.0,15.0,CAUTION,3.5,3.0,NORMAL,LATE_CYCLE,False,2,3,EXPIRED,True,48.0,22.1536,6.32,PARTIAL_EXIT,PROFIT_ZONE: +48% above 200DMA | EXTENDED: 9.1× ATR above 200DMA,False,,A,37.02,3,False,284.18,376.29,409.52,Extended — wait for ATR pullback,7,2026-06-18,8.65,True,False,False,False,LOW_ROE(8.7%),0,False,False,False,False,False,False,48.3,6,89.0
KTKBANK,KARNATAKA BANK,WATCHLIST_EXTERNAL,45.0,1.0,CAUTION,3.5,1.5,NORMAL,LATE_CYCLE,False,3,3,FRESH,True,32.01,10.7143,4.64,PARTIAL_EXIT,EXTENDED: 8.3× ATR above 200DMA,False,,A,23.89,5,False,209.95,255.72,271.79,Extended — wait for ATR pullback,7,2026-06-18,10.53,False,False,False,False,,0,False,False,False,False,False,False,48.3,6,89.0
TEXRAIL,TEXMACO RAIL,WATCHLIST_CONFIRMED,45.0,10.0,CAUTION,3.5,3.0,NORMAL,LATE_CYCLE,False,2,3,EXPIRED,True,-8.9,3.7471,4.11,HOLD,,False,,A,15.28,2,False,120.21,106.23,122.61,Below 200DMA — enter on recovery above 200DMA,7,2026-06-18,8.91,True,False,False,False,LOW_ROE(8.9%),0,False,False,False,False,False,False,48.3,6,89.0
STAR,STRIDES PHARMA,WATCHLIST_CONFIRMED,45.0,16.0,CAUTION,3.5,3.0,NORMAL,LATE_CYCLE,False,3,3,FRESH,True,18.68,47.9357,5.2,HOLD,,False,,A,14.41,5,False,932.66,1011.03,1082.93,Extended — wait for ATR pullback,7,2026-06-18,140.82,False,False,False,False,,0,False,False,False,False,False,False,48.3,6,89.0
WPIL,NAN,MONITOR,45.0,1.0,CAUTION,3.5,0.5,NORMAL,nan,False,2,2,AGING,True,5.31,17.5464,4.6,HOLD,,False,,,0.0,3,False,434.76,421.72,456.5,Near 200DMA — ideal dip entry zone,7,2026-06-18,,False,False,False,True,DRAWDOWN_RISK(vel=-22.0),0,False,False,False,False,False,False,48.3,6,89.0
VINDHYATEL,VINDHYA TELELINK,WATCHLIST_EXTERNAL,45.0,4.0,CAUTION,3.5,1.5,NORMAL,CORRECTION,False,2,2,FRESH,True,55.89,168.1357,9.15,EXIT,PROFIT_ZONE: +56% above 200DMA | EXTENDED: 7.3× ATR above 200DMA,False,,A,18.93,1,False,1414.17,1868.23,2120.43,Extended — wait for ATR pullback,7,2026-06-18,4.96,True,False,False,False,LOW_ROE(5.0%),0,False,False,False,False,False,False,48.3,6,89.0
VIKRAN,VIKRAN ENGG.,WATCHLIST_EXTERNAL,45.0,10.0,CAUTION,3.5,1.5,NORMAL,TOPPING,False,2,2,FRESH,True,-12.14,3.2171,5.15,EXIT,DETERIORATING (vel=-7.0 forensic=-3 regime=CAUTION),False,,A,7.0,2,False,85.3,72.69,87.01,Below 200DMA — enter on recovery above 200DMA,7,2026-06-18,16.63,False,False,False,False,,0,False,False,False,False,False,False,48.3,6,89.0
SARTELE,SAR TELEVENTURE,WATCHLIST_EXTERNAL,45.0,4.0,CAUTION,3.5,1.5,NORMAL,CORRECTION,False,1,2,EXPIRED,True,-14.47,11.4321,8.54,HOLD,,False,,,0.0,1,False,187.83,155.83,191.59,Below 200DMA — enter on recovery above 200DMA,7,2026-06-18,5.49,True,False,False,False,LOW_ROE(5.5%),0,False,False,False,False,False,False,48.3,6,89.0
RBLBANK,RBL BANK,WATCHLIST_EXTERNAL,45.0,1.0,CAUTION,3.5,1.5,NORMAL,LATE_CYCLE,False,3,3,FRESH,True,19.01,11.1536,3.63,HOLD,,False,,A,5.83,4,False,310.23,346.89,363.62,Extended — wait for ATR pullback,7,2026-06-18,4.58,True,False,False,False,LOW_ROE(4.6%),0,False,False,False,False,False,False,48.3,6,89.0
ROLEXRINGS,ROLEX RINGS,WATCHLIST_CONFIRMED,45.0,20.0,CAUTION,3.5,3.0,NORMAL,LATE_CYCLE,False,2,2,FRESH,False,8.52,3.9471,3.36,HOLD,,False,,A,12.0,3,False,129.86,125.96,136.35,Near 200DMA — ideal dip entry zone,7,2026-06-18,16.23,False,False,False,False,,0,True,True,False,False,False,False,48.3,6,89.0
SEDEMAC,SEDEMAC MECHATRO,WATCHLIST_CONFIRMED,45.0,18.0,CAUTION,3.5,3.0,NORMAL,LATE_CYCLE,False,2,3,EXPIRED,True,40.76,140.5143,6.25,PARTIAL_EXIT,PROFIT_ZONE: +41% above 200DMA | EXTENDED: 7.8× ATR above 200DMA,False,,A,11.0,4,False,1916.73,2416.97,2627.74,Extended — wait for ATR pullback,7,2026-06-18,20.24,False,True,False,False,HIGH_PE(140x vs ind 28x),0,False,False,False,False,False,False,48.3,6,89.0
DENTA,DENTA WATER,MONITOR,45.0,9.0,CAUTION,3.5,0.5,NORMAL,TOPPING,False,1,2,EXPIRED,True,-15.16,9.3357,4.08,EXIT,DETERIORATING (vel=-9.0 forensic=-3 regime=CAUTION),False,,A,16.78,2,False,323.96,266.6,330.44,Below 200DMA — enter on recovery above 200DMA,7,2026-06-18,12.94,False,False,False,True,DRAWDOWN_RISK(vel=-9.0),0,True,True,False,False,False,False,48.3,6,89.0
ALKYLAMINE,ALKYL AMINES,WATCHLIST_EXTERNAL,45.0,13.0,CAUTION,3.5,1.5,NORMAL,TOPPING,False,2,2,FRESH,True,8.79,89.4429,5.91,HOLD,,False,,A,16.23,3,False,1669.63,1619.54,1753.11,Near 200DMA — ideal dip entry zone,7,2026-06-18,13.27,False,False,False,False,,0,False,False,False,False,False,False,48.3,6,89.0
INDOFARM,INDO FARM EQUIP.,WATCHLIST_EXTERNAL,45.0,8.0,CAUTION,3.5,1.5,NORMAL,CORRECTION,False,1,1,EXPIRED,False,-26.91,5.6514,5.16,HOLD,,False,,A,6.0,2,False,179.81,127.48,183.41,Below 200DMA — enter on recovery above 200DMA,7,2026-06-18,4.43,True,False,False,False,LOW_ROE(4.4%),0,False,False,False,False,False,False,48.3,6,89.0
KALAMANDIR,SAI SILKS,MONITOR,45.0,16.0,CAUTION,3.5,0.5,NORMAL,TOPPING,False,1,2,EXPIRED,True,-20.47,4.325,4.85,HOLD,,False,,A,19.94,2,False,134.68,103.9,137.37,Below 200DMA — enter on recovery above 200DMA,7,2026-06-18,7.54,True,False,False,False,LOW_ROE(7.5%),0,False,False,False,False,False,False,48.3,6,89.0
LAURUSLABS,LAURUS LABS,WATCHLIST_CONFIRMED,45.0,7.0,CAUTION,3.5,3.0,NORMAL,LATE_CYCLE,False,3,3,AGING,True,30.23,38.8071,3.4,PARTIAL_EXIT,EXTENDED: 10.7× ATR above 200DMA,False,,A,7.12,5,False,1051.84,1292.19,1350.4,Extended — wait for ATR pullback,7,2026-06-18,8.01,True,False,False,False,LOW_ROE(8.0%),0,False,False,False,False,False,False,48.3,6,89.0
JAICORPLTD,JAI CORP,WATCHLIST_EXTERNAL,45.0,8.0,CAUTION,3.5,1.5,NORMAL,TOPPING,False,1,2,EXPIRED,True,-5.1,4.4929,4.46,HOLD,,False,,A,10.71,3,False,127.44,117.3,129.99,Below 200DMA — enter on recovery above 200DMA,7,2026-06-18,4.73,True,False,False,False,LOW_ROE(4.7%),0,True,True,False,False,False,False,48.3,6,89.0
GVPIL,GE POWER,WATCHLIST_EXTERNAL,45.0,4.0,CAUTION,3.5,1.5,NORMAL,TOPPING,False,1,2,EXPIRED,True,139.4,51.9179,5.9,EXIT,PROFIT_ZONE: +139% above 200DMA | EXTENDED: 28.3× ATR above 200DMA,False,,,0.0,5,False,440.76,951.36,1029.24,Extended — wait for ATR pullback,7,2026-06-18,64.11,False,False,False,False,,0,True,True,False,False,False,False,48.3,6,89.0
GLENMARK,GLENMARK PHARMA.,WATCHLIST_CONFIRMED,45.0,12.0,CAUTION,3.5,3.0,NORMAL,LATE_CYCLE,False,1,2,EXPIRED,False,3.41,73.9428,4.15,HOLD,,False,,A,10.3,1,False,2066.06,2004.08,2169.36,Near 200DMA — ideal dip entry zone,7,2026-06-18,11.83,True,False,False,False,LOW_ROE(11.8%),0,False,False,False,False,False,False,48.3,6,89.0
BHEL,B H E L,WATCHLIST_EXTERNAL,44.0,1.0,CAUTION,3.5,1.5,NORMAL,TOPPING,False,1,2,EXPIRED,True,36.79,14.175,4.34,PARTIAL_EXIT,EXTENDED: 10.2× ATR above 200DMA,False,,,0.0,3,False,286.76,363.9,385.16,Extended — wait for ATR pullback,7,2026-06-18,2.16,True,True,False,False,LOW_ROE(2.2%) | HIGH_PE(112x vs ind 31x),0,False,False,False,False,False,False,48.3,6,89.0
QUESTLAB,QUEST LABORATO.,WATCHLIST_CONFIRMED,44.0,13.0,CAUTION,3.5,3.0,RESTRICTED,LATE_CYCLE,False,2,3,EXPIRED,True,12.15,6.05,6.25,HOLD,,False,,A,8.5,3,False,103.65,100.54,108.83,Near 200DMA — ideal dip entry zone,7,2026-06-18,16.58,False,False,False,False,,0,False,False,False,False,False,False,48.3,6,89.0
MANAKALUCO,MANAKSIA ALUMI.,WATCHLIST_EXTERNAL,44.0,3.0,CAUTION,3.5,1.5,RESTRICTED,TOPPING,False,1,2,EXPIRED,True,26.08,2.7657,8.34,PARTIAL_EXIT,EXTENDED: 3.8× ATR above 200DMA,False,,A,6.32,4,False,31.57,34.27,38.42,Extended — wait for ATR pullback,7,2026-06-18,4.47,True,False,False,False,LOW_ROE(4.5%),0,False,False,False,False,False,False,48.3,6,89.0
MUKKA,MUKKA PROTEINS,WATCHLIST_EXTERNAL,44.0,4.0,CAUTION,3.5,1.5,RESTRICTED,CORRECTION,False,1,2,EXPIRED,True,3.22,1.0664,5.14,HOLD,,False,,,0.0,2,False,24.13,23.41,25.34,Near 200DMA — ideal dip entry zone,7,2026-06-18,10.54,True,False,False,False,LOW_ROE(10.5%),0,False,False,False,False,False,False,48.3,6,89.0
TUNWAL,TUNWAL E-MOTORS,WATCHLIST_EXTERNAL,44.0,8.0,CAUTION,3.5,1.5,RESTRICTED,BASING,False,1,1,EXPIRED,False,-17.3,1.1179,5.08,HOLD,,False,,A,6.0,1,False,31.92,25.61,32.56,Below 200DMA — enter on recovery above 200DMA,7,2026-06-18,11.51,True,False,False,False,LOW_ROE(11.5%),0,False,False,False,False,False,False,48.3,6,89.0
WELENT,WELSPUN ENTERP,WATCHLIST_EXTERNAL,44.0,7.0,CAUTION,3.5,1.5,NORMAL,TOPPING,False,1,2,EXPIRED,True,8.92,16.3357,3.57,EXIT,DETERIORATING (vel=-11.0 forensic=-5 regime=CAUTION),False,,A,12.02,2,False,504.7,489.56,529.94,Near 200DMA — ideal dip entry zone,7,2026-06-18,12.7,False,False,False,True,DRAWDOWN_RISK(vel=-11.0),0,False,False,False,False,False,False,48.3,6,89.0
SATIA,SATIA INDUSTRIES,WATCHLIST_EXTERNAL,44.0,12.0,CAUTION,3.5,1.5,RESTRICTED,CORRECTION,False,1,1,FRESH,False,-18.13,2.1636,4.64,HOLD,,False,,A,11.31,2,False,68.28,54.22,69.65,Below 200DMA — enter on recovery above 200DMA,7,2026-06-18,11.31,True,False,False,False,LOW_ROE(11.3%),0,False,False,False,False,False,False,48.3,6,89.0
RVNL,RAIL VIKAS,WATCHLIST_EXTERNAL,44.0,15.0,CAUTION,3.5,1.5,NORMAL,TOPPING,False,1,1,EXPIRED,False,-20.52,8.005,3.92,EXIT,DETERIORATING (vel=-7.0 forensic=-2 regime=CAUTION),False,,A,15.98,1,False,308.42,237.79,314.59,Below 200DMA — enter on recovery above 200DMA,7,2026-06-18,13.39,False,True,False,True,HIGH_PE(48x vs ind 18x) | DRAWDOWN_RISK(vel=-7.0),0,False,False,False,False,False,False,48.3,6,89.0
DCMSRIND,DCM SHRIRAM INDS,WATCHLIST_EXTERNAL,44.0,11.0,CAUTION,3.5,1.5,RESTRICTED,CORRECTION,False,1,1,AGING,False,-58.73,1.9029,5.98,HOLD,,False,,A,64.03,2,False,92.5,37.02,94.35,Below 200DMA — enter on recovery above 200DMA,7,2026-06-18,11.29,True,False,False,False,LOW_ROE(11.3%),0,False,False,False,False,False,False,48.3,6,89.0
ACMESOLAR,ACME SOLAR HOLD.,WATCHLIST_EXTERNAL,44.0,0.0,CAUTION,3.5,1.5,NORMAL,TOPPING,False,2,2,FRESH,True,25.44,17.9643,6.5,PARTIAL_EXIT,EXTENDED: 4.7× ATR above 200DMA,False,,,0.0,2,False,264.51,295.87,322.82,Extended — wait for ATR pullback,7,2026-06-18,5.59,True,False,False,False,LOW_ROE(5.6%),0,False,False,False,False,False,False,48.3,6,89.0
ABDL,ALLIED BLENDERS,WATCHLIST_EXTERNAL,44.0,12.0,CAUTION,3.5,1.5,NORMAL,CORRECTION,False,1,2,EXPIRED,True,15.85,23.9714,4.56,HOLD,,False,,A,16.75,3,False,544.04,582.31,618.26,Extended — wait for ATR pullback,7,2026-06-18,12.63,False,False,False,False,,0,False,False,False,False,False,False,48.3,6,89.0
LANDMARK,LANDMARK CARS,WATCHLIST_EXTERNAL,44.0,4.0,CAUTION,3.5,1.5,NORMAL,BASING,False,1,2,EXPIRED,True,-11.88,16.7679,4.76,HOLD,,False,,,0.0,3,False,479.77,410.07,489.37,Below 200DMA — enter on recovery above 200DMA,7,2026-06-18,2.88,True,False,False,False,LOW_ROE(2.9%),0,False,False,False,False,False,False,48.3,6,89.0
JPPOWER,JP POWER VEN.,WATCHLIST_EXTERNAL,44.0,7.0,CAUTION,3.5,1.5,NORMAL,TOPPING,False,1,1,EXPIRED,False,3.43,1.04,6.89,HOLD,,False,,A,5.5,0,False,17.51,16.98,18.39,Near 200DMA — ideal dip entry zone,7,2026-06-18,9.6,True,False,False,False,LOW_ROE(9.6%),0,False,False,False,False,False,False,48.3,6,89.0
FINPIPE,FINOLEX INDS.,WATCHLIST_EXTERNAL,44.0,13.0,CAUTION,3.5,1.5,NORMAL,TOPPING,False,2,2,FRESH,True,-4.96,5.7471,3.99,HOLD,,False,,A,20.0,4,False,182.09,167.87,185.73,Below 200DMA — enter on recovery above 200DMA,7,2026-06-18,13.12,False,False,False,False,,0,True,True,False,False,False,False,48.3,6,89.0
GGBL,GANESH GREEN,WATCHLIST_EXTERNAL,44.0,12.0,CAUTION,3.5,1.5,NORMAL,TOPPING,False,1,1,EXPIRED,False,-9.51,15.6964,6.18,HOLD,,False,,A,8.0,2,False,337.04,295.85,343.78,Below 200DMA — enter on recovery above 200DMA,7,2026-06-18,14.73,False,False,False,False,,0,False,False,False,False,False,False,48.3,6,89.0
GICRE,GENERAL INSURANC,MONITOR,44.0,2.0,CAUTION,3.5,0.5,NORMAL,TOPPING,False,1,1,EXPIRED,False,-6.72,12.2571,4.16,EXIT,DETERIORATING (vel=-12.0 forensic=-3 regime=CAUTION),False,,A,30.33,1,False,378.88,342.8,386.46,Below 200DMA — enter on recovery above 200DMA,7,2026-06-18,10.14,False,False,False,True,DRAWDOWN_RISK(vel=-12.0),0,True,True,False,False,False,False,48.3,6,89.0
GAEL,GUJ. AMBUJA EXP,WATCHLIST_EXTERNAL,44.0,7.0,CAUTION,3.5,1.5,NORMAL,CORRECTION,False,1,1,FRESH,False,19.07,5.1321,3.96,HOLD,,False,,A,7.37,2,False,130.59,145.23,152.92,Extended — wait for ATR pullback,7,2026-06-18,8.3,True,False,False,False,LOW_ROE(8.3%),0,True,True,False,False,False,False,48.3,6,89.0
HMAAGRO,HMA AGRO INDS.,WATCHLIST_EXTERNAL,44.0,16.0,CAUTION,3.5,1.5,RESTRICTED,CORRECTION,False,1,1,FRESH,False,-16.47,0.8914,4.67,HOLD,,False,,A,22.51,1,False,27.44,22.23,27.99,Below 200DMA — enter on recovery above 200DMA,7,2026-06-18,11.0,True,False,False,True,LOW_ROE(11.0%) | DRAWDOWN_RISK(vel=-5.0),0,False,False,False,False,False,False,48.3,6,89.0
HINDOILEXP,HIND.OIL EXPLOR.,WATCHLIST_EXTERNAL,44.0,8.0,CAUTION,3.5,1.5,NORMAL,TOPPING,False,1,1,EXPIRED,False,2.16,10.5171,7.98,HOLD,,False,,A,6.0,1,False,154.88,150.23,162.62,Near 200DMA — ideal dip entry zone,7,2026-06-18,11.14,True,False,False,True,LOW_ROE(11.1%) | DRAWDOWN_RISK(vel=-9.0),0,True,True,False,False,False,False,48.3,6,89.0
NLCINDIA,NLC INDIA,WATCHLIST_EXTERNAL,43.0,2.0,CAUTION,3.5,1.5,NORMAL,TOPPING,False,1,1,EXPIRED,False,14.73,13.2786,5.12,HOLD,,False,,A,14.07,2,False,271.07,262.94,284.62,Near 200DMA — ideal dip entry zone,7,2026-06-18,14.0,False,False,False,False,,0,False,False,False,False,False,False,48.3,6,89.0
LXCHEM,LAXMI ORGANIC,WATCHLIST_EXTERNAL,43.0,7.0,CAUTION,3.5,1.5,NORMAL,TOPPING,False,2,2,FRESH,True,-7.89,6.9929,5.53,HOLD,,False,,A,9.68,2,False,164.86,147.29,168.16,Below 200DMA — enter on recovery above 200DMA,7,2026-06-18,5.95,True,False,False,False,LOW_ROE(6.0%),0,False,False,False,False,False,False,48.3,6,89.0
MAXESTATES,MAX ESTATES,WATCHLIST_EXTERNAL,43.0,4.0,CAUTION,3.5,1.5,NORMAL,CORRECTION,False,2,2,FRESH,True,7.54,14.7286,3.84,HOLD,,False,,,0.0,3,False,428.2,415.35,449.61,Near 200DMA — ideal dip entry zone,7,2026-06-18,1.79,True,True,False,False,LOW_ROE(1.8%) | HIGH_PE(123x vs ind 24x),0,False,False,False,False,False,False,48.3,6,89.0
MAXHEALTH,MAX HEALTHCARE,WATCHLIST_CONFIRMED,43.0,11.0,CAUTION,3.5,3.0,NORMAL,LATE_CYCLE,False,3,3,AGING,True,-3.65,25.3,2.96,HOLD,,False,,A,9.05,4,False,1064.99,995.37,1086.29,Below 200DMA — enter on recovery above 200DMA,7,2026-06-18,11.47,True,False,False,False,LOW_ROE(11.5%),0,False,False,False,False,False,False,48.3,6,89.0
MEGASTAR,MEGASTAR FOODS,WATCHLIST_EXTERNAL,43.0,1.0,CAUTION,3.5,1.5,NORMAL,CORRECTION,False,1,2,EXPIRED,True,27.95,19.1286,7.11,PARTIAL_EXIT,EXTENDED: 4.7× ATR above 200DMA,False,,,0.0,1,False,252.32,284.59,313.29,Extended — wait for ATR pullback,7,2026-06-18,4.05,True,False,False,False,LOW_ROE(4.0%),0,False,False,False,False,False,False,48.3,6,89.0
MYMUDRA,MY MUDRA FIN.,MONITOR,43.0,1.0,CAUTION,3.5,0.5,ILLIQUID,LATE_CYCLE,False,1,1,EXPIRED,False,0.0,0.0,5.0,HOLD,,False,,,0.0,2,False,0.0,0.0,0.0,,7,2026-06-18,,False,False,False,True,DRAWDOWN_RISK(vel=-13.0),0,False,False,False,False,False,False,48.3,6,89.0
TENNIND,TENNECO CLEAN,WATCHLIST_CONFIRMED,43.0,15.0,CAUTION,3.5,3.0,NORMAL,LATE_CYCLE,False,1,2,EXPIRED,False,4.04,24.6429,5.21,HOLD,,False,,A,9.5,3,False,545.99,529.61,573.29,Near 200DMA — ideal dip entry zone,7,2026-06-18,34.29,False,False,False,False,,0,True,True,False,False,False,False,48.3,6,89.0
SURAJEST,SURAJ ESTATE,WATCHLIST_EXTERNAL,43.0,1.0,CAUTION,3.5,1.5,NORMAL,CORRECTION,False,1,1,EXPIRED,False,-19.83,8.7543,5.35,HOLD,,False,,,0.0,0,False,244.9,190.44,249.8,Below 200DMA — enter on recovery above 200DMA,7,2026-06-18,11.1,True,False,False,False,LOW_ROE(11.1%),0,False,False,False,False,False,False,48.3,6,89.0
SWANCORP,SWAN CORP,WATCHLIST_EXTERNAL,43.0,4.0,CAUTION,3.5,1.5,NORMAL,TOPPING,False,1,1,EXPIRED,False,-21.61,11.4607,4.35,HOLD,,False,,,0.0,0,False,403.18,306.57,411.24,Below 200DMA — enter on recovery above 200DMA,7,2026-06-18,10.29,True,False,False,True,LOW_ROE(10.3%) | DRAWDOWN_RISK(vel=-6.0),0,False,False,False,False,False,False,48.3,6,89.0
SMSPHARMA,SMS PHARMA.,WATCHLIST_CONFIRMED,43.0,15.0,CAUTION,3.5,3.0,NORMAL,LATE_CYCLE,False,1,2,EXPIRED,False,12.39,14.3036,4.57,HOLD,,False,,A,10.53,2,False,334.49,324.46,351.21,Near 200DMA — ideal dip entry zone,7,2026-06-18,10.81,True,False,False,False,LOW_ROE(10.8%),0,False,False,False,False,False,False,48.3,6,89.0
COCHINSHIP,COCHIN SHIPYARD,WATCHLIST_CONFIRMED,43.0,12.0,CAUTION,3.5,3.0,NORMAL,LATE_CYCLE,False,2,2,FRESH,False,-6.15,50.0643,4.0,HOLD,,False,,A,15.13,2,False,1598.49,1455.19,1630.46,Below 200DMA — enter on recovery above 200DMA,7,2026-06-18,14.83,False,False,False,False,,0,False,False,False,False,False,False,48.3,6,89.0
CHENNPETRO,C P C L,WATCHLIST_EXTERNAL,43.0,8.0,CAUTION,3.5,1.5,NORMAL,LATE_CYCLE,False,3,3,FRESH,True,26.87,57.3572,5.91,PARTIAL_EXIT,EXTENDED: 5.5× ATR above 200DMA,False,,A,10.69,4,False,918.31,1050.39,1136.42,Extended — wait for ATR pullback,7,2026-06-18,2.61,True,False,False,False,LOW_ROE(2.6%),0,False,False,False,False,False,False,48.3,6,89.0
APLLTD,ALEMBIC PHARMA,WATCHLIST_CONFIRMED,43.0,15.0,CAUTION,3.5,3.0,NORMAL,LATE_CYCLE,False,2,2,AGING,False,-8.97,21.9964,3.54,HOLD,,False,,A,26.07,2,False,819.66,723.77,836.05,Below 200DMA — enter on recovery above 200DMA,7,2026-06-18,11.24,True,False,False,False,LOW_ROE(11.2%),0,False,False,False,False,False,False,48.3,6,89.0
INOXWIND,INOX WIND,WATCHLIST_EXTERNAL,43.0,4.0,CAUTION,3.5,1.5,NORMAL,TOPPING,False,1,1,EXPIRED,False,-21.41,4.2129,5.56,HOLD,,False,,,0.0,1,False,115.79,88.27,118.11,Below 200DMA — enter on recovery above 200DMA,7,2026-06-18,8.88,True,False,False,False,LOW_ROE(8.9%),0,False,False,False,False,False,False,48.3,6,89.0
IOC,I O C L,WATCHLIST_EXTERNAL,43.0,4.0,CAUTION,3.5,1.5,NORMAL,LATE_CYCLE,False,3,3,FRESH,True,-4.09,3.6521,3.01,HOLD,,False,,A,58.82,4,False,151.62,141.06,154.65,Below 200DMA — enter on recovery above 200DMA,7,2026-06-18,7.29,True,False,False,False,LOW_ROE(7.3%),0,False,False,False,False,False,False,48.3,6,89.0
KELLTONTEC,KELLTON TECH,MONITOR,43.0,19.0,CAUTION,3.5,0.5,NORMAL,CORRECTION,False,2,2,AGING,True,-15.8,0.8279,6.28,HOLD,,False,,A,11.5,4,False,18.79,15.35,19.17,Below 200DMA — enter on recovery above 200DMA,7,2026-06-18,14.89,False,False,False,False,,0,False,False,False,False,False,False,48.3,6,89.0
JKTYRE,JK TYRE & INDUST,WATCHLIST_CONFIRMED,43.0,7.0,CAUTION,3.5,3.0,NORMAL,LATE_CYCLE,False,1,2,EXPIRED,False,-9.52,14.7107,4.48,HOLD,,False,,A,12.69,1,False,435.61,382.33,444.32,Below 200DMA — enter on recovery above 200DMA,7,2026-06-18,10.21,True,False,False,False,LOW_ROE(10.2%),0,False,False,False,False,False,False,48.3,6,89.0
HDFCBANK,HDFC BANK,WATCHLIST_EXTERNAL,43.0,4.0,CAUTION,3.5,1.5,NORMAL,LATE_CYCLE,False,3,3,FRESH,True,-12.58,16.3643,2.49,HOLD,,False,,A,16.41,5,False,900.35,763.49,918.36,Below 200DMA — enter on recovery above 200DMA,7,2026-06-18,14.02,False,False,False,False,,0,False,False,False,False,False,False,48.3,6,89.0
GUFICBIO,GUFIC BIOSCIENCE,WATCHLIST_CONFIRMED,43.0,16.0,CAUTION,3.5,3.0,NORMAL,LATE_CYCLE,False,2,3,EXPIRED,True,12.64,21.5643,7.06,HOLD,,False,,A,10.34,3,False,325.32,315.56,341.59,Near 200DMA — ideal dip entry zone,7,2026-06-18,11.59,True,False,False,False,LOW_ROE(11.6%),0,False,False,False,False,False,False,48.3,6,89.0
HLEGLAS,HLE GLASCOAT,WATCHLIST_CONFIRMED,43.0,9.0,CAUTION,3.5,3.0,NORMAL,LATE_CYCLE,False,3,3,FRESH,True,-6.17,22.5964,7.02,HOLD,,False,,A,10.32,4,False,411.8,374.81,420.04,Below 200DMA — enter on recovery above 200DMA,7,2026-06-18,10.17,True,False,False,False,LOW_ROE(10.2%),0,False,False,False,False,False,False,48.3,6,89.0
HGINFRA,H.G. INFRA ENGG.,MONITOR,43.0,5.0,CAUTION,3.5,0.5,NORMAL,TOPPING,False,1,1,AGING,False,-20.46,20.0893,4.18,EXIT,DETERIORATING (vel=-7.0 forensic=-3 regime=CAUTION),False,,A,8.58,1,False,725.42,559.69,739.93,Below 200DMA — enter on recovery above 200DMA,7,2026-06-18,17.14,False,False,False,True,DRAWDOWN_RISK(vel=-7.0),0,False,False,False,False,False,False,48.3,6,89.0
OIL,OIL INDIA,WATCHLIST_EXTERNAL,42.0,9.0,CAUTION,3.5,1.5,NORMAL,TOPPING,False,1,1,FRESH,False,-5.37,14.2857,4.11,HOLD,,False,,A,31.44,2,False,440.74,404.54,449.55,Below 200DMA — enter on recovery above 200DMA,7,2026-06-18,13.16,False,False,False,True,DRAWDOWN_RISK(vel=-9.0),0,False,False,False,False,False,False,48.3,6,89.0
PCBL,PCBL CHEMICAL,MONITOR,42.0,7.0,CAUTION,3.5,0.5,NORMAL,TOPPING,False,2,2,FRESH,True,-0.79,10.8036,4.19,HOLD,,False,,A,51.61,2,False,312.15,300.41,318.39,Below 200DMA — enter on recovery above 200DMA,7,2026-06-18,11.75,True,False,False,False,LOW_ROE(11.8%),0,False,False,False,False,False,False,48.3,6,89.0
TEJASCARGO,TEJAS CARGO,MONITOR,42.0,1.0,CAUTION,3.5,0.5,ILLIQUID,LATE_CYCLE,False,1,2,EXPIRED,False,0.0,0.0,5.0,HOLD,,False,,,0.0,2,False,0.0,0.0,0.0,,7,2026-06-18,,False,False,False,True,DRAWDOWN_RISK(vel=-5.0),0,False,False,False,False,False,False,48.3,6,89.0
ZUARI,ZUARI AGRO CHEM.,WATCHLIST_EXTERNAL,42.0,8.0,CAUTION,3.5,1.5,NORMAL,LATE_CYCLE,False,2,3,EXPIRED,True,-7.37,9.6071,4.84,HOLD,,False,,A,6.0,3,False,256.9,230.82,262.04,Below 200DMA — enter on recovery above 200DMA,7,2026-06-18,8.88,True,False,False,False,LOW_ROE(8.9%),0,False,False,False,False,False,False,48.3,6,89.0
WESTLIFE,WESTLIFE FOOD,WATCHLIST_EXTERNAL,42.0,3.0,CAUTION,3.5,1.5,NORMAL,LATE_CYCLE,False,1,2,EXPIRED,False,-15.39,20.5214,5.38,HOLD,,False,,A,5.24,1,False,540.69,443.77,551.5,Below 200DMA — enter on recovery above 200DMA,7,2026-06-18,2.01,True,True,False,False,LOW_ROE(2.0%) | HIGH_PE(214x vs ind 30x),0,False,False,False,False,False,False,48.3,6,89.0
SCODATUBES,SCODA TUBES,WATCHLIST_EXTERNAL,42.0,12.0,CAUTION,3.5,1.5,NORMAL,TOPPING,False,1,2,EXPIRED,True,-5.85,6.7179,5.69,HOLD,,False,,A,8.0,3,False,150.6,137.54,153.61,Below 200DMA — enter on recovery above 200DMA,7,2026-06-18,28.77,False,False,False,False,,0,False,False,False,False,False,False,48.3,6,89.0
SAGILITY,SAGILITY,WATCHLIST_EXTERNAL,42.0,8.0,CAUTION,3.5,1.5,NORMAL,CORRECTION,False,1,1,EXPIRED,False,-13.16,1.2129,3.68,HOLD,,False,,A,5.32,2,False,45.57,38.38,46.48,Below 200DMA — enter on recovery above 200DMA,7,2026-06-18,6.47,True,False,False,False,LOW_ROE(6.5%),0,False,False,False,False,False,False,48.3,6,89.0
COFFEEDAY,COFFEE DAY ENTER,WATCHLIST_EXTERNAL,42.0,1.0,CAUTION,3.5,1.5,NORMAL,LATE_CYCLE,False,3,3,AGING,True,0.5,2.8264,9.93,HOLD,,False,,,0.0,4,False,33.99,32.97,35.69,Near 200DMA — ideal dip entry zone,7,2026-06-18,-2.24,True,False,False,False,LOW_ROE(-2.2%),0,False,False,False,False,False,False,48.3,6,89.0
BIRLACABLE,BIRLA CABLE,WATCHLIST_EXTERNAL,42.0,9.0,CAUTION,3.5,1.5,NORMAL,TOPPING,False,2,2,FRESH,True,38.23,12.7429,7.31,PARTIAL_EXIT,EXTENDED: 6.3× ATR above 200DMA,False,,A,6.5,2,False,151.33,183.7,202.82,Extended — wait for ATR pullback,7,2026-06-18,1.93,True,False,False,False,LOW_ROE(1.9%),0,False,False,False,False,False,False,48.3,6,89.0
DHARMAJ,DHARMAJ CROP,MONITOR,42.0,15.0,CAUTION,3.5,0.5,NORMAL,LATE_CYCLE,False,2,3,EXPIRED,True,2.14,10.8857,4.79,HOLD,,False,,A,9.5,3,False,266.8,258.8,280.14,Near 200DMA — ideal dip entry zone,7,2026-06-18,8.83,True,False,False,False,LOW_ROE(8.8%),0,False,False,False,False,False,False,48.3,6,89.0
DBREALTY,VALOR ESTATE,WATCHLIST_EXTERNAL,42.0,0.0,CAUTION,3.5,1.5,NORMAL,LATE_CYCLE,False,2,3,EXPIRED,True,-8.59,5.5214,5.72,HOLD,,False,,,0.0,3,False,126.64,112.29,129.17,Below 200DMA — enter on recovery above 200DMA,7,2026-06-18,-2.57,True,False,False,False,LOW_ROE(-2.6%),0,False,False,False,False,False,False,48.3,6,89.0
ACC,ACC,WATCHLIST_EXTERNAL,42.0,16.0,CAUTION,3.5,1.5,NORMAL,TOPPING,False,1,1,FRESH,False,-17.22,29.9893,2.67,HOLD,,False,,A,15.47,3,False,1630.86,1309.5,1663.48,Below 200DMA — enter on recovery above 200DMA,7,2026-06-18,12.95,False,False,False,False,,0,True,True,False,False,False,False,48.3,6,89.0
BANSALWIRE,BANSAL WIRE INDS,MONITOR,42.0,12.0,CAUTION,3.5,0.5,NORMAL,TOPPING,False,2,2,AGING,True,1.0,12.1107,4.73,HOLD,,False,,A,8.0,1,False,304.2,295.07,319.41,Near 200DMA — ideal dip entry zone,7,2026-06-18,11.4,True,False,False,False,LOW_ROE(11.4%),0,False,False,False,False,False,False,48.3,6,89.0
AURUM,AURUM PROPTECH,WATCHLIST_EXTERNAL,42.0,0.0,CAUTION,3.5,1.5,NORMAL,CORRECTION,False,1,2,EXPIRED,True,14.76,7.595,4.52,HOLD,,False,,,0.0,2,False,175.57,170.3,184.35,Near 200DMA — ideal dip entry zone,7,2026-06-18,-12.16,True,False,False,False,LOW_ROE(-12.2%),0,False,False,False,False,False,False,48.3,6,89.0
AVTNPL,AVT NATURAL PROD,WATCHLIST_EXTERNAL,42.0,8.0,CAUTION,3.5,1.5,RESTRICTED,CORRECTION,False,2,2,FRESH,True,6.83,3.5814,5.96,HOLD,,False,,A,17.74,2,False,67.49,65.47,70.86,Near 200DMA — ideal dip entry zone,7,2026-06-18,9.52,True,False,False,False,LOW_ROE(9.5%),0,False,False,False,False,False,False,48.3,6,89.0
KUANTUM,KUANTUM PAPERS,WATCHLIST_EXTERNAL,42.0,7.0,CAUTION,3.5,1.5,RESTRICTED,CORRECTION,False,1,1,FRESH,False,-17.02,2.7607,4.35,HOLD,,False,,A,43.05,2,False,91.85,73.93,93.69,Below 200DMA — enter on recovery above 200DMA,7,2026-06-18,9.5,True,False,False,False,LOW_ROE(9.5%),0,False,False,False,False,False,False,48.3,6,89.0
JKCEMENT,J K CEMENTS,WATCHLIST_EXTERNAL,42.0,16.0,CAUTION,3.5,1.5,NORMAL,TOPPING,False,1,2,EXPIRED,True,-5.27,187.6429,4.14,HOLD,,False,,A,13.01,4,False,5742.57,5276.8,5857.42,Below 200DMA — enter on recovery above 200DMA,7,2026-06-18,14.14,False,False,False,False,,0,False,False,False,False,False,False,48.3,6,89.0
GODAVARIB,GODAVARI BIOREF.,WATCHLIST_EXTERNAL,42.0,4.0,CAUTION,3.5,1.5,NORMAL,CORRECTION,False,1,1,EXPIRED,False,6.36,12.4464,5.02,HOLD,,False,,,0.0,2,False,279.72,271.33,293.71,Near 200DMA — ideal dip entry zone,7,2026-06-18,-2.99,True,False,False,False,LOW_ROE(-3.0%),0,False,False,False,False,False,False,48.3,6,89.0
HMVL,HINDUSTAN MEDIA,WATCHLIST_EXTERNAL,42.0,7.0,CAUTION,3.5,1.5,RESTRICTED,TOPPING,False,1,2,EXPIRED,True,17.76,5.5921,7.89,HOLD,,False,,,0.0,2,False,72.21,73.85,82.23,Extended — wait for ATR pullback,7,2026-06-18,5.07,True,False,False,False,LOW_ROE(5.1%),0,True,True,False,False,False,False,48.3,6,89.0
J&KBANK,J & K BANK,WATCHLIST_EXTERNAL,41.0,4.0,CAUTION,3.5,1.5,NORMAL,LATE_CYCLE,False,2,3,EXPIRED,True,42.79,5.4229,3.99,PARTIAL_EXIT,PROFIT_ZONE: +43% above 200DMA | EXTENDED: 12.9× ATR above 200DMA,False,,A,21.94,4,False,114.12,152.1,160.24,Extended — wait for ATR pullback,7,2026-06-18,14.64,False,False,False,False,,0,False,False,False,False,False,False,48.3,6,89.0
SHILPAMED,SHILPA MEDICARE,WATCHLIST_CONFIRMED,41.0,8.0,CAUTION,3.5,3.0,NORMAL,LATE_CYCLE,False,2,3,EXPIRED,True,51.78,27.2321,5.71,EXIT,PROFIT_ZONE: +52% above 200DMA | EXTENDED: 10.9× ATR above 200DMA,False,,A,7.55,3,False,377.13,517.94,558.78,Extended — wait for ATR pullback,7,2026-06-18,3.31,True,False,False,False,LOW_ROE(3.3%),0,False,False,False,False,False,False,48.3,6,89.0
RAJRATAN,RAJRATAN GLOBAL,WATCHLIST_CONFIRMED,41.0,15.0,CAUTION,3.5,3.0,NORMAL,LATE_CYCLE,False,3,3,FRESH,True,9.75,18.2786,4.83,HOLD,,False,,A,14.82,4,False,413.6,401.19,434.28,Near 200DMA — ideal dip entry zone,7,2026-06-18,10.52,True,False,False,False,LOW_ROE(10.5%),0,False,False,False,False,False,False,48.3,6,89.0
PNGSREVA,PNGS REVA DIAMO.,MONITOR,41.0,19.0,CAUTION,3.5,0.5,NORMAL,LATE_CYCLE,False,2,2,FRESH,False,-0.22,15.3286,4.78,HOLD,,False,,A,11.5,3,False,385.29,372.92,393.0,Below 200DMA — enter on recovery above 200DMA,7,2026-06-18,59.36,False,False,False,False,,0,False,False,False,False,False,False,48.3,6,89.0
PICCADIL,PICCADILY AGRO,WATCHLIST_EXTERNAL,41.0,12.0,CAUTION,3.5,1.5,NORMAL,CORRECTION,False,1,1,EXPIRED,False,-3.89,14.7536,3.06,HOLD,,False,,A,8.0,2,False,602.9,562.07,614.96,Below 200DMA — enter on recovery above 200DMA,7,2026-06-18,15.05,False,False,False,False,,0,False,False,False,False,False,False,48.3,6,89.0
PIGL,POWER & INSTRUM.,MONITOR,41.0,12.0,CAUTION,3.5,0.5,NORMAL,TOPPING,False,1,1,EXPIRED,False,-16.32,7.9921,8.96,HOLD,,False,,A,9.98,1,False,127.92,103.83,130.48,Below 200DMA — enter on recovery above 200DMA,7,2026-06-18,10.64,True,False,False,False,LOW_ROE(10.6%),0,False,False,False,False,False,False,48.3,6,89.0
MICEL,MIC ELECTRONICS,WATCHLIST_EXTERNAL,41.0,3.0,CAUTION,3.5,1.5,NORMAL,TOPPING,False,1,1,FRESH,False,-5.77,1.5371,4.27,HOLD,,False,,,0.0,0,False,45.81,41.87,46.73,Below 200DMA — enter on recovery above 200DMA,7,2026-06-18,4.42,True,True,False,False,LOW_ROE(4.4%) | HIGH_PE(86x vs ind 23x),0,False,False,False,False,False,False,48.3,6,89.0
MSPL,MSP STEEL & POW.,WATCHLIST_EXTERNAL,41.0,7.0,CAUTION,3.5,1.5,NORMAL,TOPPING,False,1,2,EXPIRED,True,19.81,1.8657,5.33,HOLD,,False,,A,5.5,3,False,35.04,38.25,41.05,Extended — wait for ATR pullback,7,2026-06-18,-2.99,True,False,False,False,LOW_ROE(-3.0%),0,False,False,False,False,False,False,48.3,6,89.0
TATAPOWER,TATA POWER CO.,WATCHLIST_EXTERNAL,41.0,0.0,CAUTION,3.5,1.5,NORMAL,TOPPING,False,1,1,FRESH,False,2.31,8.3357,2.49,HOLD,,False,,A,7.53,2,False,392.43,380.66,412.05,Near 200DMA — ideal dip entry zone,7,2026-06-18,11.08,True,False,False,False,LOW_ROE(11.1%),0,False,False,False,False,False,False,48.3,6,89.0
TVSELECT,TVS ELEC.,WATCHLIST_EXTERNAL,41.0,4.0,CAUTION,3.5,1.5,NORMAL,LATE_CYCLE,False,2,3,EXPIRED,True,2.92,22.4071,5.54,HOLD,,False,,,0.0,3,False,471.24,457.1,494.8,Near 200DMA — ideal dip entry zone,7,2026-06-18,-4.08,True,False,False,False,LOW_ROE(-4.1%),0,False,False,False,False,False,False,48.3,6,89.0
VARROC,VARROC ENGINEER,WATCHLIST_CONFIRMED,41.0,12.0,CAUTION,3.5,3.0,NORMAL,LATE_CYCLE,False,3,3,FRESH,True,6.89,23.2643,4.5,HOLD,,False,,A,9.99,4,False,579.74,562.35,608.73,Near 200DMA — ideal dip entry zone,7,2026-06-18,3.91,True,False,False,False,LOW_ROE(3.9%),0,False,False,False,False,False,False,48.3,6,89.0
UNICHEMLAB,UNICHEM LABS.,WATCHLIST_CONFIRMED,41.0,8.0,CAUTION,3.5,3.0,NORMAL,LATE_CYCLE,False,2,3,EXPIRED,True,8.68,29.7071,7.93,HOLD,,False,,A,6.0,2,False,413.55,401.14,434.23,Near 200DMA — ideal dip entry zone,7,2026-06-18,5.61,True,False,False,False,LOW_ROE(5.6%),0,False,False,False,False,False,False,48.3,6,89.0
SYNGENE,SYNGENE INTL.,WATCHLIST_CONFIRMED,41.0,15.0,CAUTION,3.5,3.0,NORMAL,LATE_CYCLE,False,3,3,FRESH,True,-17.44,14.0393,3.76,HOLD,,False,,A,12.5,4,False,543.01,434.85,553.87,Below 200DMA — enter on recovery above 200DMA,7,2026-06-18,10.5,True,False,False,False,LOW_ROE(10.5%),0,False,False,False,False,False,False,48.3,6,89.0
SIGACHI,SIGACHI INDUST.,WATCHLIST_CONFIRMED,41.0,15.0,CAUTION,3.5,3.0,NORMAL,LATE_CYCLE,False,2,3,EXPIRED,True,-23.05,0.7864,4.35,HOLD,,False,,B,28.7,3,False,28.21,21.06,28.77,Below 200DMA — enter on recovery above 200DMA,7,2026-06-18,11.58,True,False,False,False,LOW_ROE(11.6%),0,False,False,False,False,False,False,48.3,6,89.0
SHREERAMA,SH. RAMA MULTI.,MONITOR,41.0,18.0,CAUTION,3.5,0.5,RESTRICTED,TOPPING,False,1,1,FRESH,False,-17.99,2.6286,7.13,HOLD,,False,,A,11.0,2,False,53.94,42.9,55.02,Below 200DMA — enter on recovery above 200DMA,7,2026-06-18,33.52,False,False,False,False,,0,False,False,False,False,False,False,48.3,6,89.0
SHAH,SHAH METACORP,MONITOR,41.0,14.0,CAUTION,3.5,0.5,NORMAL,TOPPING,False,1,1,EXPIRED,False,1.15,0.3707,9.55,EXIT,DETERIORATING (vel=-8.0 forensic=-3 regime=CAUTION),False,,A,9.0,1,False,4.61,4.47,4.84,Near 200DMA — ideal dip entry zone,7,2026-06-18,19.71,False,False,False,True,DRAWDOWN_RISK(vel=-8.0),0,False,False,False,False,False,False,48.3,6,89.0
CROMPTON,CROMPTON GR. CON,MONITOR,41.0,20.0,CAUTION,3.5,0.5,NORMAL,LATE_CYCLE,False,2,3,EXPIRED,True,2.41,9.3607,4.07,HOLD,,False,,A,24.23,4,False,269.42,261.34,282.89,Near 200DMA — ideal dip entry zone,7,2026-06-18,16.4,False,False,False,False,,0,True,True,False,False,False,False,48.3,6,89.0
BLISSGVS,BLISS GVS PHARMA,WATCHLIST_CONFIRMED,41.0,10.0,CAUTION,3.5,3.0,NORMAL,LATE_CYCLE,False,3,3,FRESH,True,124.12,25.6036,6.47,EXIT,PROFIT_ZONE: +124% above 200DMA | EXTENDED: 23.0× ATR above 200DMA,False,,A,9.36,3,False,211.87,423.64,462.05,Extended — wait for ATR pullback,7,2026-06-18,8.03,True,False,False,False,LOW_ROE(8.0%),0,True,True,False,False,False,False,48.3,6,89.0
DATAMATICS,DATAMATICS GLOB.,WATCHLIST_EXTERNAL,41.0,15.0,CAUTION,3.5,1.5,NORMAL,CORRECTION,False,2,2,FRESH,True,0.74,32.5929,4.85,HOLD,,False,,A,16.74,3,False,800.78,776.76,840.82,Near 200DMA — ideal dip entry zone,7,2026-06-18,15.02,False,False,False,False,,0,False,False,False,False,False,False,48.3,6,89.0
EIDPARRY,EID PARRY,MONITOR,41.0,15.0,CAUTION,3.5,0.5,NORMAL,CORRECTION,False,1,1,EXPIRED,False,-21.65,25.475,4.17,HOLD,,False,,A,9.5,1,False,935.02,710.62,953.72,Below 200DMA — enter on recovery above 200DMA,7,2026-06-18,11.07,True,False,False,True,LOW_ROE(11.1%) | DRAWDOWN_RISK(vel=-5.0),0,False,False,False,False,False,False,48.3,6,89.0
EMAPARTNER,EMA PARTNERS,MONITOR,41.0,1.0,CAUTION,3.5,0.5,ILLIQUID,LATE_CYCLE,False,1,2,EXPIRED,False,0.0,0.0,5.0,HOLD,,False,,,0.0,2,False,0.0,0.0,0.0,,7,2026-06-18,,False,False,False,True,DRAWDOWN_RISK(vel=-5.0),0,False,False,False,False,False,False,48.3,6,89.0
ABCOTS,AB COTSPIN,WATCHLIST_EXTERNAL,41.0,8.0,CAUTION,3.5,1.5,NORMAL,LATE_CYCLE,False,1,2,EXPIRED,False,-38.25,11.9029,6.12,HOLD,,False,,A,6.0,1,False,377.67,226.22,385.22,Below 200DMA — enter on recovery above 200DMA,7,2026-06-18,9.22,True,True,False,False,LOW_ROE(9.2%) | HIGH_PE(59x vs ind 16x),0,False,False,False,False,False,False,48.3,6,89.0
AWFIS,AWFIS SPACE,MONITOR,41.0,2.0,CAUTION,3.5,0.5,NORMAL,LATE_CYCLE,False,1,2,EXPIRED,False,-30.4,13.3821,5.29,HOLD,,False,,,0.0,2,False,436.22,294.49,444.94,Below 200DMA — enter on recovery above 200DMA,7,2026-06-18,14.78,False,False,False,True,DRAWDOWN_RISK(vel=-5.0),0,False,False,False,False,False,False,48.3,6,89.0
IRCON,IRCON INTL.,MONITOR,41.0,4.0,CAUTION,3.5,0.5,NORMAL,TOPPING,False,1,1,EXPIRED,False,-9.01,4.2086,3.59,EXIT,DETERIORATING (vel=-7.0 forensic=-3 regime=CAUTION),False,,A,25.21,0,False,154.66,136.5,157.75,Below 200DMA — enter on recovery above 200DMA,7,2026-06-18,11.5,True,False,False,True,LOW_ROE(11.5%) | DRAWDOWN_RISK(vel=-7.0),0,False,False,False,False,False,False,48.3,6,89.0
BALPHARMA,BAL PHARMA,WATCHLIST_CONFIRMED,40.0,8.0,CAUTION,3.5,3.0,RESTRICTED,LATE_CYCLE,False,2,3,EXPIRED,True,13.01,5.5957,7.63,HOLD,,False,,A,23.49,3,False,77.85,75.51,81.74,Near 200DMA — ideal dip entry zone,7,2026-06-18,9.32,True,False,False,False,LOW_ROE(9.3%),0,False,False,False,False,False,False,48.3,6,89.0
PRAKASH,PRAKASH INDUSTRI,MONITOR,40.0,6.0,CAUTION,3.5,0.5,NORMAL,TOPPING,False,2,2,FRESH,True,4.93,6.2693,5.03,EXIT,DETERIORATING (vel=-7.0 forensic=-1 regime=CAUTION),False,,A,17.22,1,False,142.49,138.22,149.61,Near 200DMA — ideal dip entry zone,7,2026-06-18,10.71,True,False,False,False,LOW_ROE(10.7%),0,True,True,False,False,False,False,48.3,6,89.0
PATELENG,PATEL ENGINEERIN,MONITOR,40.0,5.0,CAUTION,3.5,0.5,NORMAL,TOPPING,False,1,2,EXPIRED,True,-0.28,1.1871,4.64,HOLD,,False,,,0.0,2,False,30.77,29.76,31.39,Below 200DMA — enter on recovery above 200DMA,7,2026-06-18,6.55,True,False,False,False,LOW_ROE(6.5%),0,False,False,False,False,False,False,48.3,6,89.0
MARATHON,MARATHON NEXTGEN,WATCHLIST_EXTERNAL,40.0,9.0,CAUTION,3.5,1.5,NORMAL,CORRECTION,False,1,1,FRESH,False,-20.0,19.975,5.82,HOLD,,False,,A,8.95,2,False,515.26,399.83,525.57,Below 200DMA — enter on recovery above 200DMA,7,2026-06-18,15.72,False,False,False,False,,0,True,True,False,False,False,False,48.3,6,89.0
MANAKCOAT,MANAKSIA COATED,MONITOR,40.0,12.0,CAUTION,3.5,0.5,NORMAL,TOPPING,False,1,2,EXPIRED,True,-10.96,4.3729,4.65,HOLD,,False,,A,8.46,2,False,126.62,109.36,129.15,Below 200DMA — enter on recovery above 200DMA,7,2026-06-18,6.79,True,False,False,False,LOW_ROE(6.8%),0,False,False,False,False,False,False,48.3,6,89.0
RHETAN,RHETAN TMT LTD,MONITOR,40.0,2.0,CAUTION,3.5,0.5,NORMAL,TOPPING,False,2,2,FRESH,True,11.61,1.7271,7.32,HOLD,,False,,,0.0,1,False,25.36,24.6,26.63,Near 200DMA — ideal dip entry zone,7,2026-06-18,3.29,True,True,False,False,LOW_ROE(3.3%) | HIGH_PE(314x vs ind 23x),0,False,False,False,False,False,False,48.3,6,89.0
RUSHIL,RUSHIL DECOR,MONITOR,40.0,7.0,CAUTION,3.5,0.5,NORMAL,LATE_CYCLE,False,2,3,EXPIRED,True,-15.99,1.0271,6.92,HOLD,,False,,A,11.95,3,False,21.2,17.28,21.62,Below 200DMA — enter on recovery above 200DMA,7,2026-06-18,7.6,True,False,False,False,LOW_ROE(7.6%),0,False,False,False,False,False,False,48.3,6,89.0
SHADOWFAX,SHADOWFAX TECHNOLOGIES,MONITOR,40.0,4.0,CAUTION,3.5,0.5,NORMAL,LATE_CYCLE,False,2,3,EXPIRED,True,45.61,11.4514,6.38,PARTIAL_EXIT,PROFIT_ZONE: +46% above 200DMA | EXTENDED: 8.6× ATR above 200DMA,False,,,0.0,2,False,147.83,192.35,209.52,Extended — wait for ATR pullback,7,2026-06-18,1.61,True,True,False,False,LOW_ROE(1.6%) | HIGH_PE(361x vs ind 18x),0,False,False,False,False,False,False,48.3,6,89.0
CEATLTD,CEAT,WATCHLIST_CONFIRMED,40.0,8.0,CAUTION,3.5,3.0,NORMAL,LATE_CYCLE,False,3,3,FRESH,True,-3.67,95.95,3.3,HOLD,,False,,A,14.48,4,False,3619.91,3382.39,3692.31,Below 200DMA — enter on recovery above 200DMA,7,2026-06-18,10.82,True,False,False,False,LOW_ROE(10.8%),0,False,False,False,False,False,False,48.3,6,89.0
ENTERO,ENTERO HEALTHCAR,WATCHLIST_EXTERNAL,40.0,4.0,CAUTION,3.5,1.5,NORMAL,TOPPING,False,1,1,EXPIRED,False,-1.85,45.6357,4.94,HOLD,,False,,,0.0,1,False,1130.26,1076.12,1152.87,Below 200DMA — enter on recovery above 200DMA,7,2026-06-18,5.5,True,False,False,False,LOW_ROE(5.5%),0,False,False,False,False,False,False,48.3,6,89.0
DIVGIITTS,DIVGI TORQ,WATCHLIST_CONFIRMED,40.0,7.0,CAUTION,3.5,3.0,NORMAL,LATE_CYCLE,False,3,3,FRESH,True,26.37,40.075,5.69,PARTIAL_EXIT,EXTENDED: 5.6× ATR above 200DMA,False,,A,9.18,4,False,668.54,764.7,824.81,Extended — wait for ATR pullback,7,2026-06-18,4.09,True,False,False,False,LOW_ROE(4.1%),0,True,True,False,False,False,False,48.3,6,89.0
INNOVISION,NAN,MONITOR,40.0,1.0,CAUTION,3.5,0.5,NORMAL,nan,False,0,0,EXPIRED,False,-8.16,10.1,4.16,HOLD,,False,,,0.0,2,False,317.34,282.71,323.69,Below 200DMA — enter on recovery above 200DMA,7,2026-06-18,,False,False,False,True,DRAWDOWN_RISK(vel=-23.0),0,False,False,False,False,False,False,48.3,6,89.0
INFOBEAN,INFOBEANS TECH.,WATCHLIST_CONFIRMED,40.0,16.0,CAUTION,3.5,3.0,NORMAL,BASING,False,1,2,EXPIRED,True,1.84,10.8993,7.71,HOLD,,False,,A,11.81,3,False,166.61,161.61,174.94,Near 200DMA — ideal dip entry zone,7,2026-06-18,11.43,True,False,False,False,LOW_ROE(11.4%),0,True,True,False,False,False,False,48.3,6,89.0
FISCHER,FISCHER MEDICAL,WATCHLIST_EXTERNAL,40.0,4.0,CAUTION,3.5,1.5,NORMAL,LATE_CYCLE,False,1,2,EXPIRED,False,-38.83,1.9964,6.9,HOLD,,False,,,0.0,1,False,56.74,33.67,57.87,Below 200DMA — enter on recovery above 200DMA,7,2026-06-18,0.36,True,False,False,False,LOW_ROE(0.4%),0,False,False,False,False,False,False,48.3,6,89.0
GENESYS,GENESYS INTL.,MONITOR,40.0,8.0,CAUTION,3.5,0.5,NORMAL,CORRECTION,False,1,2,EXPIRED,True,-7.47,23.0929,7.92,HOLD,,False,,A,6.0,2,False,378.38,339.6,385.95,Below 200DMA — enter on recovery above 200DMA,7,2026-06-18,10.12,True,False,False,False,LOW_ROE(10.1%),0,False,False,False,False,False,False,48.3,6,89.0
GREAVESCOT,GREAVES COTTON,MONITOR,40.0,3.0,CAUTION,3.5,0.5,NORMAL,TOPPING,False,2,2,FRESH,True,5.46,8.0193,5.02,HOLD,,False,,A,18.12,1,False,181.88,176.42,190.97,Near 200DMA — ideal dip entry zone,7,2026-06-18,4.15,True,False,False,False,LOW_ROE(4.2%),0,False,False,False,False,False,False,48.3,6,89.0
WINDMACHIN,WINDSOR MACHINES,WATCHLIST_EXTERNAL,39.0,2.0,CAUTION,3.5,1.5,NORMAL,LATE_CYCLE,False,3,3,FRESH,True,17.82,16.2714,5.98,HOLD,,False,,,0.0,3,False,277.16,294.01,318.41,Extended — wait for ATR pullback,7,2026-06-18,1.01,True,False,False,False,LOW_ROE(1.0%),0,True,True,False,False,False,False,48.3,6,89.0
ADANIENT,ADANI ENTERP.,WATCHLIST_EXTERNAL,39.0,2.0,CAUTION,3.5,1.5,NORMAL,TOPPING,False,2,2,FRESH,True,25.95,77.5735,3.15,PARTIAL_EXIT,EXTENDED: 9.9× ATR above 200DMA,False,,,0.0,4,False,2343.66,2796.75,2913.11,Extended — wait for ATR pullback,7,2026-06-18,14.11,False,False,False,False,,0,False,False,False,False,False,False,48.3,6,89.0
M&M,M & M,MONITOR,39.0,7.0,CAUTION,3.5,0.5,NORMAL,BASING,False,1,2,EXPIRED,True,-8.24,84.6714,3.24,HOLD,,False,,A,13.75,3,False,3414.26,3038.91,3482.55,Below 200DMA — enter on recovery above 200DMA,7,2026-06-18,16.78,False,False,False,False,,0,False,False,False,False,False,False,48.3,6,89.0
MMFL,M M FORGINGS,WATCHLIST_CONFIRMED,39.0,12.0,CAUTION,3.5,1.5,ILLIQUID,LATE_CYCLE,False,2,2,FRESH,False,0.0,0.0,5.0,HOLD,,False,,A,17.36,3,False,0.0,0.0,0.0,,7,2026-06-18,13.67,False,False,False,False,,0,False,False,False,False,False,False,48.3,6,89.0
CHALET,CHALET HOTELS,WATCHLIST_EXTERNAL,39.0,6.0,CAUTION,3.5,1.5,NORMAL,LATE_CYCLE,False,2,3,EXPIRED,True,-9.12,25.1893,3.87,HOLD,,False,,A,6.37,3,False,859.42,757.57,876.61,Below 200DMA — enter on recovery above 200DMA,7,2026-06-18,4.68,True,False,False,False,LOW_ROE(4.7%),0,False,False,False,False,False,False,48.3,6,89.0
DOLATALGO,DOLAT ALGOTECH,WATCHLIST_CONFIRMED,39.0,15.0,CAUTION,3.5,3.0,NORMAL,LATE_CYCLE,False,2,3,EXPIRED,True,-2.25,2.685,4.18,HOLD,,False,,A,9.5,3,False,78.8,74.72,80.38,Below 200DMA — enter on recovery above 200DMA,7,2026-06-18,21.48,False,False,False,False,,0,False,False,False,False,False,False,48.3,6,89.0
ARE&M,AMARA RAJA ENER.,WATCHLIST_CONFIRMED,39.0,17.0,CAUTION,3.5,3.0,NORMAL,LATE_CYCLE,False,3,3,FRESH,True,-4.41,25.9143,3.64,HOLD,,False,,A,24.3,5,False,894.73,829.59,912.62,Below 200DMA — enter on recovery above 200DMA,7,2026-06-18,12.78,False,False,False,False,,0,True,True,False,False,False,False,48.3,6,89.0
360ONE,360 ONE,WATCHLIST_CONFIRMED,39.0,6.0,CAUTION,3.5,3.0,NORMAL,LATE_CYCLE,False,3,3,FRESH,True,4.35,35.3214,3.73,HOLD,,False,,A,16.46,4,False,1089.53,1056.84,1144.01,Near 200DMA — ideal dip entry zone,7,2026-06-18,14.37,False,False,False,False,,0,False,False,False,False,False,False,48.3,6,89.0
INTENTECH,INTENSE TECH.,WATCHLIST_EXTERNAL,39.0,11.0,CAUTION,3.5,1.5,RESTRICTED,CORRECTION,False,1,2,EXPIRED,True,-6.76,7.1764,8.48,HOLD,,False,,A,17.33,3,False,108.94,98.52,111.12,Below 200DMA — enter on recovery above 200DMA,7,2026-06-18,11.56,True,False,False,False,LOW_ROE(11.6%),0,False,False,False,False,False,False,48.3,6,89.0
ICICIBANK,ICICI BANK,WATCHLIST_EXTERNAL,39.0,4.0,CAUTION,3.5,1.5,NORMAL,LATE_CYCLE,False,3,3,FRESH,True,-0.68,27.3429,2.45,HOLD,,False,,A,12.7,5,False,1345.98,1296.7,1372.9,Below 200DMA — enter on recovery above 200DMA,7,2026-06-18,16.8,False,False,False,False,,0,False,False,False,False,False,False,48.3,6,89.0
FORTIS,FORTIS HEALTH.,WATCHLIST_CONFIRMED,39.0,11.0,CAUTION,3.5,3.0,NORMAL,LATE_CYCLE,False,3,3,FRESH,True,2.22,28.025,3.54,HOLD,,False,,A,8.7,4,False,929.06,901.19,975.51,Near 200DMA — ideal dip entry zone,7,2026-06-18,8.68,True,False,False,False,LOW_ROE(8.7%),0,False,False,False,False,False,False,48.3,6,89.0
JAYBARMARU,JAY BHARAT MARU.,WATCHLIST_CONFIRMED,38.0,3.0,CAUTION,3.5,3.0,NORMAL,LATE_CYCLE,False,3,3,FRESH,True,70.21,10.1443,7.4,EXIT,PROFIT_ZONE: +70% above 200DMA | EXTENDED: 11.4× ATR above 200DMA,False,,A,11.56,4,False,96.69,144.28,159.5,Extended — wait for ATR pullback,7,2026-06-18,5.85,True,False,False,False,LOW_ROE(5.8%),0,False,False,False,False,False,False,48.3,6,89.0
NRL,NUPUR RECYCLERS,WATCHLIST_EXTERNAL,38.0,9.0,CAUTION,3.5,1.5,NORMAL,TOPPING,False,1,2,EXPIRED,True,27.18,4.5271,7.09,PARTIAL_EXIT,EXTENDED: 4.6× ATR above 200DMA,False,,A,6.5,3,False,60.24,67.56,74.35,Extended — wait for ATR pullback,7,2026-06-18,12.28,False,False,False,False,,0,False,False,False,False,False,False,48.3,6,89.0
PARAGMILK,PARAG MILK FOODS,MONITOR,38.0,12.0,CAUTION,3.5,0.5,NORMAL,CORRECTION,False,1,2,EXPIRED,True,-12.06,10.3586,5.49,HOLD,,False,,A,12.95,2,False,257.45,219.6,262.6,Below 200DMA — enter on recovery above 200DMA,7,2026-06-18,11.61,True,False,False,True,LOW_ROE(11.6%) | DRAWDOWN_RISK(vel=-9.0),0,False,False,False,False,False,False,48.3,6,89.0
TRIVENI,TRIVEN.ENGG.IND.,WATCHLIST_EXTERNAL,38.0,4.0,CAUTION,3.5,1.5,NORMAL,CORRECTION,False,1,2,EXPIRED,True,9.88,14.9929,4.44,HOLD,,False,,A,11.05,2,False,369.04,357.97,387.49,Near 200DMA — ideal dip entry zone,7,2026-06-18,7.82,True,False,False,False,LOW_ROE(7.8%),0,False,False,False,False,False,False,48.3,6,89.0
WALCHANNAG,WALCHAN. INDS.,WATCHLIST_EXTERNAL,38.0,0.0,CAUTION,3.5,1.5,NORMAL,LATE_CYCLE,False,3,3,FRESH,True,48.66,17.14,7.34,PARTIAL_EXIT,PROFIT_ZONE: +49% above 200DMA | EXTENDED: 8.0× ATR above 200DMA,False,,,0.0,5,False,188.39,245.77,271.48,Extended — wait for ATR pullback,7,2026-06-18,-23.07,True,False,False,False,LOW_ROE(-23.1%),0,False,False,False,False,False,False,48.3,6,89.0
JNKINDIA,JNK,WATCHLIST_EXTERNAL,38.0,4.0,CAUTION,3.5,1.5,NORMAL,LATE_CYCLE,False,3,3,FRESH,True,64.64,34.7643,8.85,EXIT,PROFIT_ZONE: +65% above 200DMA | EXTENDED: 8.8× ATR above 200DMA,False,,A,5.26,3,False,286.2,401.67,453.82,Extended — wait for ATR pullback,7,2026-06-18,5.99,True,False,False,False,LOW_ROE(6.0%),0,True,True,False,False,False,False,48.3,6,89.0
GICL,GLOBE INTL. CAR.,MONITOR,38.0,1.0,CAUTION,3.5,0.5,NORMAL,LATE_CYCLE,False,1,2,EXPIRED,False,-58.47,2.8407,14.85,HOLD,,False,,,0.0,0,False,55.27,22.26,56.38,Below 200DMA — enter on recovery above 200DMA,7,2026-06-18,4.73,True,True,False,True,LOW_ROE(4.7%) | HIGH_PE(150x vs ind 18x) | DRAWDOWN_RISK(vel=-5.0),0,False,False,False,False,False,False,48.3,6,89.0
GANESHBE,GANESH BENZOPL.,WATCHLIST_EXTERNAL,38.0,11.0,CAUTION,3.5,1.5,NORMAL,TOPPING,False,1,2,EXPIRED,True,16.7,6.3064,7.45,HOLD,,False,,A,7.5,2,False,87.04,88.97,98.43,Extended — wait for ATR pullback,7,2026-06-18,7.07,True,False,False,True,LOW_ROE(7.1%) | DRAWDOWN_RISK(vel=-10.0),0,True,True,False,False,False,False,48.3,6,89.0
TATACONSUM,TATA CONSUMER,MONITOR,37.0,11.0,CAUTION,3.5,0.5,NORMAL,CORRECTION,False,1,1,EXPIRED,False,-0.91,28.3572,3.03,HOLD,,False,,A,15.36,2,False,1134.83,1090.76,1157.53,Below 200DMA — enter on recovery above 200DMA,7,2026-06-18,6.39,True,True,False,False,LOW_ROE(6.4%) | HIGH_PE(71x vs ind 14x),0,False,False,False,False,False,False,48.3,6,89.0
UPL,UPL,WATCHLIST_EXTERNAL,37.0,5.0,CAUTION,3.5,1.5,NORMAL,LATE_CYCLE,False,2,2,FRESH,False,-11.17,15.1643,2.96,HOLD,,False,,A,14.03,2,False,691.62,595.97,705.45,Below 200DMA — enter on recovery above 200DMA,7,2026-06-18,2.79,True,False,False,False,LOW_ROE(2.8%),0,False,False,False,False,False,False,48.3,6,89.0
LENSKART,LENSKART SOLUT.,MONITOR,37.0,1.0,CAUTION,3.5,0.5,NORMAL,TOPPING,False,1,1,EXPIRED,False,5.84,12.5929,3.0,HOLD,,False,,,0.0,4,False,475.84,461.56,499.63,Near 200DMA — ideal dip entry zone,7,2026-06-18,,False,True,False,False,HIGH_PE(151x vs ind 29x),0,False,False,False,False,False,False,48.3,6,89.0
ANURAS,ANUPAM RASAYAN,MONITOR,37.0,1.0,CAUTION,3.5,0.5,NORMAL,TOPPING,False,1,1,FRESH,False,4.77,53.7072,4.98,HOLD,,False,,,0.0,1,False,1235.51,1198.44,1297.29,Near 200DMA — ideal dip entry zone,7,2026-06-18,3.28,True,True,False,False,LOW_ROE(3.3%) | HIGH_PE(81x vs ind 25x),0,False,False,False,False,False,False,48.3,6,89.0
JUNIPER,JUNIPER HOTELS,WATCHLIST_EXTERNAL,37.0,1.0,CAUTION,3.5,1.5,NORMAL,LATE_CYCLE,False,1,2,EXPIRED,False,-16.43,7.4971,4.53,HOLD,,False,,,0.0,2,False,237.85,192.8,242.61,Below 200DMA — enter on recovery above 200DMA,7,2026-06-18,2.61,True,False,False,False,LOW_ROE(2.6%),0,False,False,False,False,False,False,48.3,6,89.0
AKUMS,AKUMS DRUGS,WATCHLIST_CONFIRMED,36.0,11.0,CAUTION,3.5,3.0,NORMAL,LATE_CYCLE,False,2,3,EXPIRED,True,24.16,24.2893,4.93,PARTIAL_EXIT,EXTENDED: 5.9× ATR above 200DMA,False,,A,7.5,3,False,476.46,542.97,579.41,Extended — wait for ATR pullback,7,2026-06-18,11.1,True,False,False,False,LOW_ROE(11.1%),0,True,True,False,False,False,False,48.3,6,89.0
OPTIEMUS,OPTIEMUS INFRA.,MONITOR,36.0,8.0,CAUTION,3.5,0.5,NORMAL,TOPPING,False,1,2,EXPIRED,True,-7.33,23.4536,6.24,HOLD,,False,,A,6.0,2,False,486.8,437.57,496.54,Below 200DMA — enter on recovery above 200DMA,7,2026-06-18,9.52,True,False,False,False,LOW_ROE(9.5%),0,False,False,False,False,False,False,48.3,6,89.0
OMNI,OMNITECH ENGG.,WATCHLIST_EXTERNAL,36.0,12.0,CAUTION,3.5,1.5,NORMAL,LATE_CYCLE,False,3,3,AGING,True,34.62,38.5321,9.38,PARTIAL_EXIT,EXTENDED: 4.4× ATR above 200DMA,False,,A,8.0,4,False,366.36,416.14,473.93,Extended — wait for ATR pullback,7,2026-06-18,21.55,False,False,False,False,,0,False,False,False,False,False,False,48.3,6,89.0
UNIVCABLES,UNIVERSAL CABLES,MONITOR,36.0,5.0,CAUTION,3.5,0.5,NORMAL,TOPPING,False,2,2,FRESH,True,50.8,99.7214,9.65,EXIT,PROFIT_ZONE: +51% above 200DMA | EXTENDED: 6.3× ATR above 200DMA,False,,A,10.31,2,False,822.54,1040.96,1190.54,Extended — wait for ATR pullback,7,2026-06-18,5.04,True,False,False,False,LOW_ROE(5.0%),0,False,False,False,False,False,False,48.3,6,89.0
VIYASH,VIYASH SCIENTIFIC,WATCHLIST_CONFIRMED,36.0,8.0,CAUTION,3.5,3.0,NORMAL,LATE_CYCLE,False,2,3,EXPIRED,True,15.82,11.0121,5.41,HOLD,,False,,A,6.0,3,False,210.98,222.33,238.84,Extended — wait for ATR pullback,7,2026-06-18,3.11,True,True,False,False,LOW_ROE(3.1%) | HIGH_PE(73x vs ind 28x),0,False,False,False,False,False,False,48.3,6,89.0
VPRPL,VISHNU PRAKASH R,MONITOR,36.0,4.0,CAUTION,3.5,0.5,NORMAL,TOPPING,False,1,1,FRESH,False,-51.36,1.7243,6.76,EXIT,DETERIORATING (vel=-7.0 forensic=-3 regime=CAUTION),False,,,0.0,0,False,62.89,29.67,64.15,Below 200DMA — enter on recovery above 200DMA,7,2026-06-18,7.52,True,False,False,True,LOW_ROE(7.5%) | DRAWDOWN_RISK(vel=-7.0),0,False,False,False,False,False,False,48.3,6,89.0
RIIL,REL. INDL. INFRA,MONITOR,36.0,1.0,CAUTION,3.5,0.5,NORMAL,LATE_CYCLE,False,3,3,AGING,True,10.15,31.01,4.24,HOLD,,False,,A,7.4,2,False,796.89,772.98,836.73,Near 200DMA — ideal dip entry zone,7,2026-06-18,2.59,True,True,False,False,LOW_ROE(2.6%) | HIGH_PE(87x vs ind 18x),0,True,True,False,False,False,False,48.3,6,89.0
RELIANCE,RELIANCE INDUSTRIES,WATCHLIST_EXTERNAL,36.0,7.0,CAUTION,3.5,1.5,NORMAL,LATE_CYCLE,False,2,2,FRESH,False,-5.9,27.4898,2.48,HOLD,,False,,A,12.37,2,False,1416.29,1292.72,1444.62,Below 200DMA — enter on recovery above 200DMA,7,2026-06-18,8.26,True,False,False,False,LOW_ROE(8.3%),0,False,False,False,False,False,False,48.3,6,89.0
SILGO,SILGO RETAIL,WATCHLIST_EXTERNAL,36.0,4.0,CAUTION,3.5,1.5,NORMAL,LATE_CYCLE,False,1,2,EXPIRED,False,4.09,4.0029,6.4,HOLD,,False,,,0.0,1,False,72.11,69.95,75.72,Near 200DMA — ideal dip entry zone,7,2026-06-18,7.66,True,False,False,False,LOW_ROE(7.7%),0,True,True,False,False,False,False,48.3,6,89.0
CANHLIFE,CANARA HSBC,MONITOR,36.0,1.0,CAUTION,3.5,0.5,NORMAL,TOPPING,False,1,1,EXPIRED,False,0.34,4.6143,4.01,EXIT,DETERIORATING (vel=-12.0 forensic=-2 regime=CAUTION),False,,,0.0,1,False,137.71,133.58,144.6,Near 200DMA — ideal dip entry zone,7,2026-06-18,8.11,False,False,False,True,DRAWDOWN_RISK(vel=-12.0),0,True,True,False,False,False,False,48.3,6,89.0
ELECTHERM,ELECTROTHERM(I),MONITOR,36.0,12.0,CAUTION,3.5,0.5,NORMAL,TOPPING,False,1,2,EXPIRED,True,31.12,123.3929,13.22,PARTIAL_EXIT,EXTENDED: 2.8× ATR above 200DMA,False,,A,8.0,3,False,854.09,873.06,1058.15,Extended — wait for ATR pullback,7,2026-06-18,,False,False,False,False,,0,False,False,False,False,False,False,48.3,6,89.0
ANNAPURNA,ANNAPURNA SWADI.,MONITOR,36.0,3.0,CAUTION,3.5,0.5,RESTRICTED,CORRECTION,False,1,1,EXPIRED,False,-34.06,6.1036,5.49,HOLD,,False,,,0.0,0,False,202.14,129.3,206.18,Below 200DMA — enter on recovery above 200DMA,7,2026-06-18,7.17,True,False,False,False,LOW_ROE(7.2%),0,False,False,False,False,False,False,48.3,6,89.0
ARIS,ARISINFRA SOLU.,MONITOR,36.0,4.0,CAUTION,3.5,0.5,NORMAL,TOPPING,False,1,1,AGING,False,-9.18,4.925,4.97,HOLD,,False,,,0.0,1,False,130.94,115.35,133.56,Below 200DMA — enter on recovery above 200DMA,7,2026-06-18,0.89,True,False,False,False,LOW_ROE(0.9%),0,True,True,False,False,False,False,48.3,6,89.0
AMANTA,AMANTA HEALTHCAR,WATCHLIST_CONFIRMED,36.0,9.0,CAUTION,3.5,3.0,NORMAL,LATE_CYCLE,False,2,3,EXPIRED,True,26.26,10.9857,8.83,PARTIAL_EXIT,EXTENDED: 3.6× ATR above 200DMA,False,,A,6.5,3,False,118.22,127.3,143.78,Extended — wait for ATR pullback,7,2026-06-18,10.89,True,False,False,False,LOW_ROE(10.9%),0,False,False,False,False,False,False,48.3,6,89.0
IGCL,INDOGULF CROPSCI,MONITOR,36.0,10.0,CAUTION,3.5,0.5,RESTRICTED,LATE_CYCLE,False,2,3,EXPIRED,True,-20.01,3.3086,6.23,HOLD,,False,,A,7.0,3,False,79.65,61.8,81.24,Below 200DMA — enter on recovery above 200DMA,7,2026-06-18,12.19,False,False,False,False,,0,False,False,False,False,False,False,48.3,6,89.0
INDIACEM,INDIA CEMENTS,MONITOR,36.0,1.0,CAUTION,3.5,0.5,NORMAL,TOPPING,False,1,1,FRESH,False,-4.86,11.1357,3.46,HOLD,,False,,,0.0,1,False,405.68,374.37,413.79,Below 200DMA — enter on recovery above 200DMA,7,2026-06-18,-1.41,True,False,False,False,LOW_ROE(-1.4%),0,False,False,False,False,False,False,48.3,6,89.0
KAVDEFENCE,KAVVERI DEFENCE,MONITOR,36.0,4.0,CAUTION,3.5,0.5,RESTRICTED,TOPPING,False,1,1,EXPIRED,False,-20.45,3.075,5.85,HOLD,,False,,,0.0,1,False,79.31,61.2,80.9,Below 200DMA — enter on recovery above 200DMA,7,2026-06-18,7.38,True,True,False,False,LOW_ROE(7.4%) | HIGH_PE(124x vs ind 45x),0,True,True,False,False,False,False,48.3,6,89.0
BHAGYANGR,BHAGYANAGAR IND,MONITOR,35.0,0.0,CAUTION,3.5,0.5,NORMAL,TOPPING,False,2,2,FRESH,True,110.01,18.8036,6.28,EXIT,PROFIT_ZONE: +110% above 200DMA | EXTENDED: 21.0× ATR above 200DMA,False,,,0.0,3,False,171.18,321.89,350.1,Extended — wait for ATR pullback,7,2026-06-18,6.76,True,False,False,False,LOW_ROE(6.8%),0,False,False,False,False,False,False,48.3,6,89.0
ROSSTECH,ROSSELL TECHSYS,WATCHLIST_EXTERNAL,35.0,8.0,CAUTION,3.5,1.5,NORMAL,TOPPING,False,2,2,FRESH,True,34.75,61.8429,7.27,PARTIAL_EXIT,EXTENDED: 5.7× ATR above 200DMA,False,,A,6.28,2,False,757.24,896.71,989.48,Extended — wait for ATR pullback,7,2026-06-18,5.92,True,False,False,False,LOW_ROE(5.9%),0,False,False,False,False,False,False,48.3,6,89.0
OMPOWER,NAN,MONITOR,35.0,1.0,CAUTION,3.5,0.5,NORMAL,nan,False,1,1,FRESH,False,-3.96,9.21,6.2,HOLD,,False,,,0.0,2,False,185.73,173.03,189.44,Below 200DMA — enter on recovery above 200DMA,7,2026-06-18,,False,False,False,True,DRAWDOWN_RISK(vel=-13.0),0,False,False,False,False,False,False,48.3,6,89.0
PNCINFRA,PNC INFRATECH,MONITOR,35.0,2.0,CAUTION,3.5,0.5,NORMAL,TOPPING,False,1,2,EXPIRED,True,-11.13,6.5821,3.71,EXIT,DETERIORATING (vel=-7.0 forensic=-3 regime=CAUTION),False,,A,6.17,2,False,239.82,206.75,244.62,Below 200DMA — enter on recovery above 200DMA,7,2026-06-18,13.62,False,False,False,False,,0,False,False,False,False,False,False,48.3,6,89.0
PRABHA,PRABHA ENERGY,MONITOR,35.0,4.0,CAUTION,3.5,0.5,NORMAL,TOPPING,False,1,1,FRESH,False,-13.42,5.4686,4.13,EXIT,DETERIORATING (vel=-9.0 forensic=-3 regime=CAUTION),False,,,0.0,0,False,183.41,154.03,187.08,Below 200DMA — enter on recovery above 200DMA,7,2026-06-18,-0.33,True,False,False,True,LOW_ROE(-0.3%) | DRAWDOWN_RISK(vel=-9.0),0,False,False,False,False,False,False,48.3,6,89.0
MFSL,MAX FINANCIAL,MONITOR,35.0,3.0,CAUTION,3.5,0.5,NORMAL,TOPPING,False,2,2,AGING,True,-0.8,45.8572,3.37,EXIT,DETERIORATING (vel=-11.0 forensic=-2 regime=CAUTION),False,,,0.0,1,False,1645.02,1582.85,1677.92,Below 200DMA — enter on recovery above 200DMA,7,2026-06-18,6.2,True,True,False,True,LOW_ROE(6.2%) | HIGH_PE(388x vs ind 59x) | DRAWDOWN_RISK(vel=-11.0),0,False,False,False,False,False,False,48.3,6,89.0
MODIS,MODI'S NAVNIRMAN,MONITOR,35.0,8.0,CAUTION,3.5,0.5,NORMAL,CORRECTION,False,1,2,EXPIRED,True,3.46,10.9286,3.77,HOLD,,False,,A,6.0,1,False,336.03,325.95,352.83,Near 200DMA — ideal dip entry zone,7,2026-06-18,11.6,True,False,False,False,LOW_ROE(11.6%),0,False,False,False,False,False,False,48.3,6,89.0
TATACAP,TATA CAPITAL,MONITOR,35.0,1.0,CAUTION,3.5,0.5,NORMAL,LATE_CYCLE,False,2,3,EXPIRED,True,2.44,9.3893,3.34,HOLD,,False,,,0.0,3,False,329.08,319.21,345.53,Near 200DMA — ideal dip entry zone,7,2026-06-18,,False,False,False,True,DRAWDOWN_RISK(vel=-23.0),0,False,False,False,False,False,False,48.3,6,89.0
TITAGARH,TITAGARH RAIL,WATCHLIST_EXTERNAL,35.0,8.0,CAUTION,3.5,1.5,NORMAL,LATE_CYCLE,False,2,3,EXPIRED,True,14.36,34.6607,4.52,HOLD,,False,,A,7.59,2,False,804.84,780.69,845.08,Near 200DMA — ideal dip entry zone,7,2026-06-18,11.13,True,False,False,False,LOW_ROE(11.1%),0,False,False,False,False,False,False,48.3,6,89.0
UTIAMC,UTI AMC,WATCHLIST_CONFIRMED,35.0,20.0,CAUTION,3.5,3.0,NORMAL,LATE_CYCLE,False,2,2,FRESH,False,-14.92,18.6143,2.38,HOLD,,False,,A,39.42,3,False,1102.64,909.96,1124.69,Below 200DMA — enter on recovery above 200DMA,7,2026-06-18,15.9,False,False,False,False,,0,True,True,False,False,False,False,48.3,6,89.0
STUDIOLSD,STUDIO LSD,MONITOR,35.0,1.0,CAUTION,3.5,0.5,ILLIQUID,TOPPING,False,1,1,EXPIRED,False,0.0,0.0,5.0,HOLD,,False,,,0.0,2,False,0.0,0.0,0.0,,7,2026-06-18,,False,False,False,True,DRAWDOWN_RISK(vel=-14.0),0,False,False,False,False,False,False,48.3,6,89.0
SULA,SULA VINEYARDS,MONITOR,35.0,11.0,CAUTION,3.5,0.5,NORMAL,CORRECTION,False,1,1,EXPIRED,False,-22.15,4.1014,3.13,HOLD,,False,,A,28.72,2,False,202.14,152.65,206.18,Below 200DMA — enter on recovery above 200DMA,7,2026-06-18,11.97,True,False,False,False,LOW_ROE(12.0%),0,False,False,False,False,False,False,48.3,6,89.0
RSWM,RSWM LTD,MONITOR,35.0,1.0,CAUTION,3.5,0.5,NORMAL,LATE_CYCLE,False,2,3,EXPIRED,True,25.32,14.5936,9.07,PARTIAL_EXIT,EXTENDED: 3.4× ATR above 200DMA,False,,,0.0,1,False,154.1,163.93,185.82,Extended — wait for ATR pullback,7,2026-06-18,-3.09,True,False,False,False,LOW_ROE(-3.1%),0,False,False,False,False,False,False,48.3,6,89.0
SHINDL,NAN,MONITOR,35.0,1.0,CAUTION,3.5,0.5,NORMAL,nan,False,1,1,EXPIRED,True,2.74,5.2843,4.04,HOLD,,False,,,0.0,3,False,152.96,148.37,160.61,Near 200DMA — ideal dip entry zone,7,2026-06-18,,False,False,False,True,DRAWDOWN_RISK(vel=-19.0),0,False,False,False,False,False,False,48.3,6,89.0
CMRGREEN,NAN,MONITOR,35.0,1.0,CAUTION,3.5,0.5,ILLIQUID,nan,False,0,0,EXPIRED,False,0.0,0.0,5.0,HOLD,,False,,,0.0,2,False,0.0,0.0,0.0,,7,2026-06-18,,False,False,False,True,DRAWDOWN_RISK(vel=-19.0),0,False,False,False,False,False,False,48.3,6,89.0
CENTUM,CENTUM ELECTRON,WATCHLIST_EXTERNAL,35.0,0.0,CAUTION,3.5,1.5,NORMAL,LATE_CYCLE,False,2,3,EXPIRED,True,35.72,189.2214,6.28,PARTIAL_EXIT,EXTENDED: 6.8× ATR above 200DMA,False,,,0.0,2,False,2663.26,3236.26,3520.09,Extended — wait for ATR pullback,7,2026-06-18,0.61,True,False,False,False,LOW_ROE(0.6%),0,False,False,False,False,False,False,48.3,6,89.0
CHETANA,CHETANA EDUCA.,MONITOR,35.0,1.0,CAUTION,3.5,0.5,ILLIQUID,LATE_CYCLE,False,1,2,EXPIRED,False,0.0,0.0,5.0,HOLD,,False,,,0.0,3,False,0.0,0.0,0.0,,7,2026-06-18,,False,False,False,False,,0,False,False,False,False,False,False,48.3,6,89.0
FEDDERSHOL,NAN,MONITOR,35.0,1.0,CAUTION,3.5,0.5,NORMAL,nan,False,1,2,EXPIRED,True,3.65,1.8121,6.08,HOLD,,False,,,0.0,3,False,34.48,33.45,36.2,Near 200DMA — ideal dip entry zone,7,2026-06-18,,False,False,False,True,DRAWDOWN_RISK(vel=-13.0),0,False,False,False,False,False,False,48.3,6,89.0
ACSTECH,NAN,MONITOR,35.0,1.0,CAUTION,3.5,0.5,RESTRICTED,nan,False,1,1,FRESH,True,2.02,2.1093,6.78,HOLD,,False,,,0.0,4,False,36.61,35.51,38.44,Near 200DMA — ideal dip entry zone,7,2026-06-18,,False,False,False,False,,0,False,False,False,False,False,False,48.3,6,89.0
ADVENZYMES,ADVANCED ENZYME,MONITOR,35.0,16.0,CAUTION,3.5,0.5,NORMAL,LATE_CYCLE,False,3,3,FRESH,True,17.49,14.8464,4.78,HOLD,,False,,A,29.12,4,False,317.29,343.11,365.38,Extended — wait for ATR pullback,7,2026-06-18,9.23,True,False,False,False,LOW_ROE(9.2%),0,True,True,False,False,False,False,48.3,6,89.0
ICICIPRULI,ICICI PRU LIFE,MONITOR,35.0,1.0,CAUTION,3.5,0.5,NORMAL,TOPPING,False,1,1,AGING,False,-14.96,13.8013,3.29,EXIT,DETERIORATING (vel=-11.0 forensic=-5 regime=CAUTION),False,,,0.0,1,False,592.25,488.54,604.1,Below 200DMA — enter on recovery above 200DMA,7,2026-06-18,10.91,False,False,False,True,DRAWDOWN_RISK(vel=-11.0),0,False,False,False,False,False,False,48.3,6,89.0
GEOJITFSL,GEOJIT FIN. SER.,WATCHLIST_CONFIRMED,35.0,17.0,CAUTION,3.5,3.0,NORMAL,LATE_CYCLE,False,2,3,EXPIRED,True,11.48,3.0029,4.56,HOLD,,False,,A,35.93,4,False,70.94,68.81,74.49,Near 200DMA — ideal dip entry zone,7,2026-06-18,14.46,False,False,False,False,,0,False,False,False,False,False,False,48.3,6,89.0
JSWENERGY,JSW ENERGY,MONITOR,34.0,0.0,CAUTION,3.5,0.5,NORMAL,TOPPING,False,2,2,FRESH,True,11.64,18.8475,3.95,HOLD,,False,,A,5.9,2,False,512.38,497.01,538.0,Near 200DMA — ideal dip entry zone,7,2026-06-18,7.13,True,False,False,False,LOW_ROE(7.1%),0,False,False,False,False,False,False,48.3,6,89.0
NELCAST,NELCAST,MONITOR,34.0,3.0,CAUTION,3.5,0.5,NORMAL,TOPPING,False,1,1,FRESH,False,12.48,6.5814,5.72,HOLD,,False,,A,7.61,0,False,122.68,119.0,128.81,Near 200DMA — ideal dip entry zone,7,2026-06-18,6.74,True,False,False,False,LOW_ROE(6.7%),0,False,False,False,False,False,False,48.3,6,89.0
OSIAHYPER,OSIA HYPER RETA.,MONITOR,34.0,1.0,CAUTION,3.5,0.5,RESTRICTED,TOPPING,False,1,1,EXPIRED,False,-74.27,0.2207,7.55,HOLD,,False,,,0.0,0,False,13.64,3.4,13.91,Below 200DMA — enter on recovery above 200DMA,7,2026-06-18,4.97,True,False,False,False,LOW_ROE(5.0%),0,False,False,False,False,False,False,48.3,6,89.0
YATRA,YATRA ONLINE,WATCHLIST_EXTERNAL,34.0,0.0,CAUTION,3.5,1.5,NORMAL,LATE_CYCLE,False,3,3,FRESH,True,-19.39,4.7986,5.12,HOLD,,False,,,0.0,3,False,139.56,109.12,142.35,Below 200DMA — enter on recovery above 200DMA,7,2026-06-18,4.67,True,False,False,False,LOW_ROE(4.7%),0,True,True,False,False,False,False,48.3,6,89.0
RICOAUTO,RICO AUTO INDS,WATCHLIST_EXTERNAL,34.0,5.0,CAUTION,3.5,1.5,NORMAL,LATE_CYCLE,False,2,3,EXPIRED,True,27.43,8.5843,7.19,PARTIAL_EXIT,EXTENDED: 4.6× ATR above 200DMA,False,,A,9.03,3,False,112.44,126.12,139.0,Extended — wait for ATR pullback,7,2026-06-18,2.93,True,False,False,False,LOW_ROE(2.9%),0,False,False,False,False,False,False,48.3,6,89.0
RUBYMILLS,RUBY MILLS,MONITOR,34.0,0.0,CAUTION,3.5,0.5,NORMAL,LATE_CYCLE,False,2,3,EXPIRED,True,40.79,21.5214,8.12,PARTIAL_EXIT,PROFIT_ZONE: +41% above 200DMA | EXTENDED: 6.0× ATR above 200DMA,False,,A,10.69,2,False,225.91,275.01,307.29,Extended — wait for ATR pullback,7,2026-06-18,6.65,True,False,False,False,LOW_ROE(6.7%),0,False,False,False,False,False,False,48.3,6,89.0
ESAFSFB,ESAF SMALL FIN,WATCHLIST_EXTERNAL,34.0,1.0,CAUTION,3.5,1.5,NORMAL,LATE_CYCLE,False,3,3,FRESH,True,13.55,1.34,5.22,HOLD,,False,,,0.0,4,False,27.15,26.34,28.51,Near 200DMA — ideal dip entry zone,7,2026-06-18,-26.75,True,False,False,False,LOW_ROE(-26.8%),0,False,False,False,False,False,False,48.3,6,89.0
ARFIN,ARFIN INDIA,MONITOR,34.0,4.0,CAUTION,3.5,0.5,NORMAL,TOPPING,False,2,2,FRESH,True,41.64,4.5743,5.55,PARTIAL_EXIT,PROFIT_ZONE: +42% above 200DMA | EXTENDED: 9.0× ATR above 200DMA,False,,A,5.42,2,False,69.82,89.75,96.61,Extended — wait for ATR pullback,7,2026-06-18,5.83,True,True,False,False,LOW_ROE(5.8%) | HIGH_PE(143x vs ind 23x),0,False,False,False,False,False,False,48.3,6,89.0
ARIHANTCAP,ARIHANT CAPITAL,WATCHLIST_EXTERNAL,34.0,16.0,CAUTION,3.5,1.5,NORMAL,LATE_CYCLE,False,3,3,FRESH,True,-18.29,3.4443,5.86,HOLD,,False,,A,17.28,5,False,86.35,68.44,88.08,Below 200DMA — enter on recovery above 200DMA,7,2026-06-18,15.27,False,False,False,False,,0,False,False,False,False,False,False,48.3,6,89.0
IOB,I O B,WATCHLIST_EXTERNAL,34.0,2.0,CAUTION,3.5,1.5,NORMAL,LATE_CYCLE,False,2,3,EXPIRED,True,-1.8,0.8893,3.0,HOLD,,False,,,0.0,3,False,36.23,34.51,36.95,Below 200DMA — enter on recovery above 200DMA,7,2026-06-18,15.34,False,False,False,False,,0,False,False,False,False,False,False,48.3,6,89.0
INDUSINDBK,INDUSIND BANK,WATCHLIST_EXTERNAL,34.0,2.0,CAUTION,3.5,1.5,NORMAL,LATE_CYCLE,False,3,3,FRESH,True,10.16,26.2643,3.37,HOLD,,False,,,0.0,4,False,849.88,824.38,892.37,Near 200DMA — ideal dip entry zone,7,2026-06-18,3.97,True,False,False,False,LOW_ROE(4.0%),0,False,False,False,False,False,False,48.3,6,89.0
ITCHOTELS,ITC HOTELS,WATCHLIST_EXTERNAL,34.0,8.0,CAUTION,3.5,1.5,NORMAL,LATE_CYCLE,False,2,3,EXPIRED,True,-15.68,3.8143,2.9,HOLD,,False,,A,6.0,3,False,187.25,153.14,191.0,Below 200DMA — enter on recovery above 200DMA,7,2026-06-18,5.93,True,False,False,False,LOW_ROE(5.9%),0,True,True,False,False,False,False,48.3,6,89.0
GKSL,GUJARAT KIDNEY,WATCHLIST_EXTERNAL,34.0,15.0,CAUTION,3.5,1.5,NORMAL,LATE_CYCLE,False,2,3,EXPIRED,True,10.96,5.85,5.49,HOLD,,False,,A,9.5,4,False,115.29,111.83,121.05,Near 200DMA — ideal dip entry zone,7,2026-06-18,38.16,False,False,False,False,,0,False,False,False,False,False,False,48.3,6,89.0
EDELWEISS,EDELWEISS.FIN.,MONITOR,33.0,1.0,CAUTION,3.5,0.5,NORMAL,LATE_CYCLE,False,3,3,FRESH,True,7.45,4.5107,4.49,HOLD,,False,,A,16.65,4,False,112.08,108.72,117.68,Near 200DMA — ideal dip entry zone,7,2026-06-18,9.01,False,False,False,True,DRAWDOWN_RISK(vel=-22.0),0,False,False,False,False,False,False,48.3,6,89.0
PCJEWELLER,PC JEWELLER,WATCHLIST_EXTERNAL,33.0,3.0,CAUTION,3.5,1.5,NORMAL,LATE_CYCLE,False,1,2,EXPIRED,False,-13.97,0.4207,5.63,HOLD,,False,,,0.0,1,False,10.43,8.7,10.64,Below 200DMA — enter on recovery above 200DMA,7,2026-06-18,9.33,True,False,False,False,LOW_ROE(9.3%),0,False,False,False,False,False,False,48.3,6,89.0
MARSONS,MARSONS,MONITOR,33.0,11.0,CAUTION,3.5,0.5,NORMAL,TOPPING,False,1,1,FRESH,False,-17.66,10.8043,11.02,HOLD,,False,,A,7.5,2,False,142.87,114.12,145.73,Below 200DMA — enter on recovery above 200DMA,7,2026-06-18,22.87,False,False,False,False,,0,True,True,False,False,False,False,48.3,6,89.0
MUTHOOTFIN,MUTHOOT FINANCE,MONITOR,33.0,1.0,CAUTION,3.5,0.5,NORMAL,LATE_CYCLE,False,2,2,AGING,False,-6.25,111.8214,4.21,EXIT,DETERIORATING (vel=-22.0 forensic=-3 regime=CAUTION),False,,A,10.39,1,False,3403.49,3094.88,3471.56,Below 200DMA — enter on recovery above 200DMA,7,2026-06-18,26.69,False,False,False,True,DRAWDOWN_RISK(vel=-22.0),0,False,False,False,False,False,False,48.3,6,89.0
WHITEFORCE,HAPPY SQUARE,MONITOR,33.0,1.0,CAUTION,3.5,0.5,ILLIQUID,LATE_CYCLE,False,1,2,EXPIRED,False,0.0,0.0,5.0,HOLD,,False,,,0.0,2,False,0.0,0.0,0.0,,7,2026-06-18,,False,False,False,True,DRAWDOWN_RISK(vel=-5.0),0,False,False,False,False,False,False,48.3,6,89.0
VIESL,VISION INFRA,MONITOR,33.0,1.0,CAUTION,3.5,0.5,ILLIQUID,LATE_CYCLE,False,1,2,EXPIRED,False,0.0,0.0,5.0,HOLD,,False,,,0.0,2,False,0.0,0.0,0.0,,7,2026-06-18,,False,False,False,True,DRAWDOWN_RISK(vel=-5.0),0,False,False,False,False,False,False,48.3,6,89.0
SBILIFE,SBI LIFE INSURAN,MONITOR,33.0,4.0,CAUTION,3.5,0.5,NORMAL,TOPPING,False,1,1,EXPIRED,False,-6.56,40.35,2.7,EXIT,DETERIORATING (vel=-10.0 forensic=-2 regime=CAUTION),False,,A,5.42,1,False,1919.53,1739.79,1957.92,Below 200DMA — enter on recovery above 200DMA,7,2026-06-18,13.92,False,False,False,True,DRAWDOWN_RISK(vel=-10.0),0,True,True,False,False,False,False,48.3,6,89.0
REGAAL,REGAAL RESOURCES,MONITOR,33.0,4.0,CAUTION,3.5,0.5,NORMAL,CORRECTION,False,1,1,EXPIRED,False,0.63,3.9171,5.8,HOLD,,False,,,0.0,2,False,80.61,78.19,84.64,Near 200DMA — ideal dip entry zone,7,2026-06-18,19.58,False,False,False,False,,0,False,False,False,False,False,False,48.3,6,89.0
SFML,SUPREME FACILITY,MONITOR,33.0,1.0,CAUTION,3.5,0.5,ILLIQUID,LATE_CYCLE,False,1,2,EXPIRED,False,0.0,0.0,5.0,HOLD,,False,,,0.0,2,False,0.0,0.0,0.0,,7,2026-06-18,,False,False,False,True,DRAWDOWN_RISK(vel=-5.0),0,False,False,False,False,False,False,48.3,6,89.0
SINDHUTRAD,SINDHU TRADE,MONITOR,33.0,1.0,CAUTION,3.5,0.5,NORMAL,LATE_CYCLE,False,2,3,EXPIRED,True,4.92,1.0893,5.23,HOLD,,False,,,0.0,1,False,23.81,23.1,25.0,Near 200DMA — ideal dip entry zone,7,2026-06-18,-0.68,True,False,False,False,LOW_ROE(-0.7%),0,False,False,False,False,False,False,48.3,6,89.0
COHANCE,COHANCE LIFE,WATCHLIST_EXTERNAL,33.0,12.0,CAUTION,3.5,1.5,NORMAL,LATE_CYCLE,False,2,3,EXPIRED,True,-21.36,12.6893,3.58,HOLD,,False,,A,8.0,4,False,540.61,412.4,551.42,Below 200DMA — enter on recovery above 200DMA,7,2026-06-18,15.79,False,False,False,False,,0,False,False,False,False,False,False,48.3,6,89.0
CONNPLEX,CONNPLEX CINEMAS,MONITOR,33.0,1.0,CAUTION,3.5,0.5,ILLIQUID,TOPPING,False,1,1,EXPIRED,False,0.0,0.0,5.0,HOLD,,False,,,0.0,2,False,0.0,0.0,0.0,,7,2026-06-18,,False,False,False,True,DRAWDOWN_RISK(vel=-15.0),0,False,False,False,False,False,False,48.3,6,89.0
BDL,BHARAT DYNAMICS,WATCHLIST_EXTERNAL,33.0,13.0,CAUTION,3.5,1.5,NORMAL,TOPPING,False,1,1,FRESH,False,-6.55,42.4572,3.89,HOLD,,False,,A,12.21,3,False,1401.57,1270.51,1429.6,Below 200DMA — enter on recovery above 200DMA,7,2026-06-18,13.71,False,False,False,False,,0,True,True,False,False,False,False,48.3,6,89.0
CANFINHOME,CAN FIN HOMES,MONITOR,33.0,2.0,CAUTION,3.5,0.5,NORMAL,LATE_CYCLE,False,3,3,FRESH,True,2.93,21.5143,2.93,EXIT,DETERIORATING (vel=-22.0 forensic=-3 regime=CAUTION),False,,A,18.73,4,False,854.73,829.09,897.47,Near 200DMA — ideal dip entry zone,7,2026-06-18,16.91,False,False,False,True,DRAWDOWN_RISK(vel=-22.0),0,False,False,False,False,False,False,48.3,6,89.0
FDC,FDC,MONITOR,33.0,16.0,CAUTION,3.5,0.5,NORMAL,LATE_CYCLE,False,2,3,EXPIRED,True,-4.23,16.6821,5.26,HOLD,,False,,A,10.0,3,False,397.64,369.38,405.59,Below 200DMA — enter on recovery above 200DMA,7,2026-06-18,11.7,True,False,False,False,LOW_ROE(11.7%),0,True,True,False,False,False,False,48.3,6,89.0
FABTECH,FABTECH TECH.,MONITOR,33.0,15.0,CAUTION,3.5,0.5,NORMAL,LATE_CYCLE,False,2,3,EXPIRED,True,-11.91,6.9707,5.26,HOLD,,False,,A,7.5,3,False,180.41,154.15,184.02,Below 200DMA — enter on recovery above 200DMA,7,2026-06-18,26.83,False,False,False,False,,0,False,False,False,False,False,False,48.3,6,89.0
ARMOUR,ARMOUR SECURITY,MONITOR,33.0,1.0,CAUTION,3.5,0.5,ILLIQUID,LATE_CYCLE,False,1,1,EXPIRED,False,0.0,0.0,5.0,HOLD,,False,,,0.0,2,False,0.0,0.0,0.0,,7,2026-06-18,,False,False,False,True,DRAWDOWN_RISK(vel=-5.0),0,False,False,False,False,False,False,48.3,6,89.0
JUBLPHARMA,JUBILANT PHARMO,WATCHLIST_EXTERNAL,33.0,8.0,CAUTION,3.5,1.5,NORMAL,LATE_CYCLE,False,2,3,EXPIRED,True,-1.23,25.6571,3.1,HOLD,,False,,A,11.97,3,False,1006.34,964.18,1026.47,Below 200DMA — enter on recovery above 200DMA,7,2026-06-18,13.42,False,False,False,False,,0,False,False,False,False,False,False,48.3,6,89.0
GODIGIT,GO DIGIT GENERAL,MONITOR,33.0,2.0,CAUTION,3.5,0.5,NORMAL,TOPPING,False,1,1,EXPIRED,False,-11.83,10.7036,4.35,EXIT,DETERIORATING (vel=-10.0 forensic=-2 regime=CAUTION),False,,,0.0,1,False,334.68,286.25,341.37,Below 200DMA — enter on recovery above 200DMA,7,2026-06-18,9.21,False,False,False,True,DRAWDOWN_RISK(vel=-10.0),0,True,True,False,False,False,False,48.3,6,89.0
GML,GALAXY MEDICARE,MONITOR,33.0,1.0,CAUTION,3.5,0.5,ILLIQUID,LATE_CYCLE,False,1,2,EXPIRED,False,0.0,0.0,5.0,HOLD,,False,,,0.0,3,False,0.0,0.0,0.0,,7,2026-06-18,,False,False,False,False,,0,False,False,False,False,False,False,48.3,6,89.0
ORICONENT,ORICON ENTERPRIS,MONITOR,32.0,1.0,CAUTION,3.5,0.5,NORMAL,TOPPING,False,1,1,EXPIRED,False,-6.47,3.4086,7.22,HOLD,,False,,A,9.91,0,False,60.56,54.94,61.77,Below 200DMA — enter on recovery above 200DMA,7,2026-06-18,11.12,True,False,False,False,LOW_ROE(11.1%),0,True,True,False,False,False,False,48.3,6,89.0
PHOGLOBAL,PHOENIX OVERSEAS,MONITOR,32.0,1.0,CAUTION,3.5,0.5,ILLIQUID,LATE_CYCLE,False,1,2,EXPIRED,False,0.0,0.0,5.0,HOLD,,False,,,0.0,2,False,0.0,0.0,0.0,,7,2026-06-18,,False,False,False,True,DRAWDOWN_RISK(vel=-5.0),0,False,False,False,False,False,False,48.3,6,89.0
POSITRON,POSITRON ENERGY,MONITOR,32.0,1.0,CAUTION,3.5,0.5,ILLIQUID,LATE_CYCLE,False,1,2,EXPIRED,False,0.0,0.0,5.0,HOLD,,False,,,0.0,2,False,0.0,0.0,0.0,,7,2026-06-18,,False,False,False,True,DRAWDOWN_RISK(vel=-5.0),0,False,False,False,False,False,False,48.3,6,89.0
PFC,POWER FIN.CORPN.,MONITOR,32.0,1.0,CAUTION,3.5,0.5,NORMAL,LATE_CYCLE,False,2,2,FRESH,False,9.12,11.5893,3.22,EXIT,DETERIORATING (vel=-22.0 forensic=-3 regime=CAUTION),False,,A,41.93,1,False,395.67,383.8,415.45,Near 200DMA — ideal dip entry zone,7,2026-06-18,19.53,False,False,False,True,DRAWDOWN_RISK(vel=-22.0),0,False,False,False,False,False,False,48.3,6,89.0
MINDTECK,MINDTECK (INDIA),WATCHLIST_EXTERNAL,32.0,16.0,CAUTION,3.5,1.5,NORMAL,BASING,False,1,2,EXPIRED,True,-2.09,9.9921,5.68,HOLD,,False,,A,15.74,3,False,215.58,204.74,219.89,Below 200DMA — enter on recovery above 200DMA,7,2026-06-18,11.04,True,False,False,False,LOW_ROE(11.0%),0,True,True,False,False,False,False,48.3,6,89.0
URBANCO,URBAN COMPANY,MONITOR,32.0,10.0,CAUTION,3.5,0.5,NORMAL,TOPPING,False,1,1,EXPIRED,False,-2.71,4.555,4.2,HOLD,,False,,A,7.0,2,False,133.67,126.15,136.34,Below 200DMA — enter on recovery above 200DMA,7,2026-06-18,13.35,False,False,False,False,,0,True,True,False,False,False,False,48.3,6,89.0
STLNETWORK,STL NETWORKS,MONITOR,32.0,1.0,CAUTION,3.5,0.5,NORMAL,CORRECTION,False,1,2,EXPIRED,True,14.75,1.5521,6.75,HOLD,,False,,,0.0,3,False,24.03,23.31,25.23,Near 200DMA — ideal dip entry zone,7,2026-06-18,,False,False,False,False,,0,False,False,False,False,False,False,48.3,6,89.0
XCHANGING,XCHANGING SOL.,WATCHLIST_EXTERNAL,32.0,13.0,CAUTION,3.5,1.5,RESTRICTED,BASING,False,1,1,EXPIRED,False,-14.59,2.38,4.46,HOLD,,False,,A,43.61,3,False,74.94,62.09,76.44,Below 200DMA — enter on recovery above 200DMA,7,2026-06-18,13.82,False,False,False,False,,0,False,False,False,False,False,False,48.3,6,89.0
RAYMOND,RAYMOND,MONITOR,32.0,2.0,CAUTION,3.5,0.5,NORMAL,CORRECTION,False,1,2,EXPIRED,True,23.36,24.8464,5.04,PARTIAL_EXIT,EXTENDED: 5.6× ATR above 200DMA,False,,,0.0,3,False,479.77,542.16,579.43,Extended — wait for ATR pullback,7,2026-06-18,205.36,False,False,False,False,,0,False,False,False,False,False,False,48.3,6,89.0
CUB,CITY UNION BANK,WATCHLIST_EXTERNAL,32.0,2.0,CAUTION,3.5,1.5,NORMAL,LATE_CYCLE,False,3,3,FRESH,True,4.79,7.1634,4.29,HOLD,,False,,A,11.23,5,False,191.28,185.54,200.84,Near 200DMA — ideal dip entry zone,7,2026-06-18,11.87,False,False,False,False,,0,False,False,False,False,False,False,48.3,6,89.0
CSSL,CLEAR SECURED,MONITOR,32.0,1.0,CAUTION,3.5,0.5,ILLIQUID,LATE_CYCLE,False,1,1,EXPIRED,False,0.0,0.0,5.0,HOLD,,False,,,0.0,2,False,0.0,0.0,0.0,,7,2026-06-18,,False,False,False,True,DRAWDOWN_RISK(vel=-5.0),0,False,False,False,False,False,False,48.3,6,89.0
BHARATCOAL,BHARAT COKING,MONITOR,32.0,11.0,CAUTION,3.5,0.5,NORMAL,TOPPING,False,1,2,EXPIRED,True,13.97,2.3871,7.09,HOLD,,False,,A,7.5,3,False,35.46,34.4,37.23,Near 200DMA — ideal dip entry zone,7,2026-06-18,19.19,False,False,False,True,DRAWDOWN_RISK(vel=-9.0),0,False,False,False,False,False,False,48.3,6,89.0
CHAMUNDA,CHAMUNDA ELE.,MONITOR,32.0,1.0,CAUTION,3.5,0.5,ILLIQUID,LATE_CYCLE,False,1,2,EXPIRED,False,0.0,0.0,5.0,HOLD,,False,,,0.0,2,False,0.0,0.0,0.0,,7,2026-06-18,,False,False,False,True,DRAWDOWN_RISK(vel=-5.0),0,False,False,False,False,False,False,48.3,6,89.0
DAVANGERE,DAVANGERE SUGAR,MONITOR,32.0,0.0,CAUTION,3.5,0.5,NORMAL,CORRECTION,False,1,1,EXPIRED,False,-7.15,0.1586,5.23,HOLD,,False,,,0.0,1,False,3.92,3.53,4.0,Below 200DMA — enter on recovery above 200DMA,7,2026-06-18,3.13,True,False,False,False,LOW_ROE(3.1%),0,False,False,False,False,False,False,48.3,6,89.0
AARTIDRUGS,AARTI DRUGS,WATCHLIST_EXTERNAL,32.0,13.0,CAUTION,3.5,1.5,NORMAL,LATE_CYCLE,False,1,2,EXPIRED,False,-10.53,10.5429,3.44,HOLD,,False,,A,11.44,3,False,411.0,356.67,419.22,Below 200DMA — enter on recovery above 200DMA,7,2026-06-18,12.28,False,False,False,False,,0,False,False,False,False,False,False,48.3,6,89.0
IDBI,IDBI BANK,WATCHLIST_EXTERNAL,32.0,4.0,CAUTION,3.5,1.5,NORMAL,LATE_CYCLE,False,3,3,FRESH,True,-0.93,3.5979,4.78,HOLD,,False,,A,32.74,5,False,91.21,87.65,93.03,Below 200DMA — enter on recovery above 200DMA,7,2026-06-18,14.73,False,False,False,False,,0,False,False,False,False,False,False,48.3,6,89.0
ABCAPITAL,ADITYA BIRLA CAP,MONITOR,31.0,0.0,CAUTION,3.5,0.5,NORMAL,LATE_CYCLE,False,3,3,FRESH,True,11.88,12.0321,3.88,EXIT,DETERIORATING (vel=-22.0 forensic=-3 regime=CAUTION),False,,,0.0,4,False,332.91,322.92,349.56,Near 200DMA — ideal dip entry zone,7,2026-06-18,10.97,False,False,False,True,DRAWDOWN_RISK(vel=-22.0),0,False,False,False,False,False,False,48.3,6,89.0
PAKKA,PAKKA,MONITOR,31.0,7.0,CAUTION,3.5,0.5,RESTRICTED,CORRECTION,False,1,1,AGING,False,-23.89,4.1336,5.97,HOLD,,False,,A,5.5,2,False,109.25,80.66,111.44,Below 200DMA — enter on recovery above 200DMA,7,2026-06-18,8.3,True,True,False,False,LOW_ROE(8.3%) | HIGH_PE(63x vs ind 19x),0,False,False,False,False,False,False,48.3,6,89.0
LTF,L&T FINANCE LTD,MONITOR,31.0,0.0,CAUTION,3.5,0.5,NORMAL,LATE_CYCLE,False,3,3,FRESH,True,6.64,9.3821,3.83,EXIT,DETERIORATING (vel=-22.0 forensic=-3 regime=CAUTION),False,,A,12.44,4,False,275.83,267.56,289.62,Near 200DMA — ideal dip entry zone,7,2026-06-18,10.34,False,False,False,True,DRAWDOWN_RISK(vel=-22.0),0,False,False,False,False,False,False,48.3,6,89.0
MAHEPC,MAHINDRA EPC,WATCHLIST_EXTERNAL,31.0,4.0,CAUTION,3.5,1.5,RESTRICTED,LATE_CYCLE,False,1,2,EXPIRED,False,-8.62,4.9086,5.05,HOLD,,False,,,0.0,1,False,127.72,113.21,130.27,Below 200DMA — enter on recovery above 200DMA,7,2026-06-18,4.18,True,False,False,False,LOW_ROE(4.2%),0,False,False,False,False,False,False,48.3,6,89.0
VENTIVE,VENTIVE HOSPITAL,WATCHLIST_EXTERNAL,31.0,1.0,CAUTION,3.5,1.5,NORMAL,LATE_CYCLE,False,2,3,EXPIRED,True,-5.25,21.5964,3.92,HOLD,,False,,,0.0,3,False,698.31,641.8,712.28,Below 200DMA — enter on recovery above 200DMA,7,2026-06-18,2.5,True,False,False,False,LOW_ROE(2.5%),0,False,False,False,False,False,False,48.3,6,89.0
VAKRANGEE,VAKRANGEE,MONITOR,31.0,7.0,CAUTION,3.5,0.5,RESTRICTED,CORRECTION,False,1,1,EXPIRED,False,-13.07,0.1793,3.37,HOLD,,False,,A,5.5,1,False,7.35,6.2,7.5,Below 200DMA — enter on recovery above 200DMA,7,2026-06-18,3.29,True,False,False,False,LOW_ROE(3.3%),0,True,True,False,False,False,False,48.3,6,89.0
ERIS,ERIS LIFESCIENCE,WATCHLIST_EXTERNAL,31.0,9.0,CAUTION,3.5,1.5,NORMAL,LATE_CYCLE,False,2,3,EXPIRED,True,-4.62,39.0579,3.32,HOLD,,False,,A,12.25,4,False,1479.39,1368.77,1508.98,Below 200DMA — enter on recovery above 200DMA,7,2026-06-18,12.33,False,False,False,False,,0,False,False,False,False,False,False,48.3,6,89.0
ADVENTHTL,ADVENT HOTELS,WATCHLIST_EXTERNAL,31.0,1.0,CAUTION,3.5,1.5,NORMAL,LATE_CYCLE,False,2,2,FRESH,False,-26.71,7.9936,6.98,HOLD,,False,,,0.0,3,False,187.4,133.22,191.15,Below 200DMA — enter on recovery above 200DMA,7,2026-06-18,,False,False,False,False,,0,False,False,False,False,False,False,48.3,6,89.0
AEGISVOPAK,AEGIS VOPAK TERM,MONITOR,31.0,4.0,CAUTION,3.5,0.5,NORMAL,TOPPING,False,2,2,FRESH,True,4.01,11.3307,5.71,HOLD,,False,,,0.0,2,False,228.91,222.04,240.36,Near 200DMA — ideal dip entry zone,7,2026-06-18,8.68,True,True,False,True,LOW_ROE(8.7%) | HIGH_PE(143x vs ind 13x) | DRAWDOWN_RISK(vel=-9.0),0,False,False,False,False,False,False,48.3,6,89.0
ABLBL,A B LIFESTYLE,MONITOR,31.0,1.0,CAUTION,3.5,0.5,NORMAL,TOPPING,False,1,1,EXPIRED,False,-15.72,3.3793,4.08,HOLD,,False,,,0.0,3,False,117.83,96.32,120.19,Below 200DMA — enter on recovery above 200DMA,7,2026-06-18,,False,False,False,False,,0,False,False,False,False,False,False,48.3,6,89.0
INDOTHAI,INDO THAI SEC.,WATCHLIST_EXTERNAL,31.0,3.0,CAUTION,3.5,1.5,NORMAL,LATE_CYCLE,False,1,2,EXPIRED,False,-18.35,14.7371,7.37,HOLD,,False,,,0.0,1,False,293.98,232.83,299.86,Below 200DMA — enter on recovery above 200DMA,7,2026-06-18,4.4,True,True,False,False,LOW_ROE(4.4%) | HIGH_PE(88x vs ind 22x),0,True,True,False,False,False,False,48.3,6,89.0
SATIN,SATIN CREDITCARE,MONITOR,30.0,0.0,CAUTION,3.5,0.5,NORMAL,LATE_CYCLE,False,3,3,FRESH,True,45.2,12.7186,6.48,PARTIAL_EXIT,PROFIT_ZONE: +45% above 200DMA | EXTENDED: 8.4× ATR above 200DMA,False,,,0.0,2,False,162.25,210.15,229.23,Extended — wait for ATR pullback,7,2026-06-18,7.32,True,False,False,True,LOW_ROE(7.3%) | DRAWDOWN_RISK(vel=-21.0),0,False,False,False,False,False,False,48.3,6,89.0
SIGMAADV,SIGMA ADVANCED SYSTEM,MONITOR,30.0,5.0,CAUTION,3.5,0.5,NORMAL,TOPPING,False,1,2,EXPIRED,True,124.88,29.5464,7.44,EXIT,PROFIT_ZONE: +125% above 200DMA | EXTENDED: 20.1× ATR above 200DMA,False,,,0.0,3,False,211.78,417.16,461.48,Extended — wait for ATR pullback,7,2026-06-18,-20.84,True,False,False,False,LOW_ROE(-20.8%),0,True,True,False,False,False,False,48.3,6,89.0
LICHSGFIN,LIC HOUSING FIN.,MONITOR,30.0,1.0,CAUTION,3.5,0.5,NORMAL,LATE_CYCLE,False,2,3,EXPIRED,True,1.38,15.2857,3.33,EXIT,DETERIORATING (vel=-21.0 forensic=-3 regime=CAUTION),False,,A,23.03,2,False,543.53,527.22,570.71,Near 200DMA — ideal dip entry zone,7,2026-06-18,14.97,False,False,False,True,DRAWDOWN_RISK(vel=-21.0),0,False,False,False,False,False,False,48.3,6,89.0
OSELDEVICE,OSEL DEVICES,MONITOR,30.0,1.0,CAUTION,3.5,0.5,ILLIQUID,LATE_CYCLE,False,1,2,EXPIRED,False,0.0,0.0,5.0,HOLD,,False,,,0.0,3,False,0.0,0.0,0.0,,7,2026-06-18,,False,False,False,False,,0,False,False,False,False,False,False,48.3,6,89.0
PPSL,PICTUREPOST STU.,MONITOR,30.0,1.0,CAUTION,3.5,0.5,ILLIQUID,TOPPING,False,0,0,EXPIRED,False,0.0,0.0,5.0,HOLD,,False,,,0.0,2,False,0.0,0.0,0.0,,7,2026-06-18,,False,False,False,True,DRAWDOWN_RISK(vel=-15.0),0,False,False,False,False,False,False,48.3,6,89.0
PRANIK,PRANIK LOGISTICS,MONITOR,30.0,1.0,CAUTION,3.5,0.5,ILLIQUID,LATE_CYCLE,False,1,2,EXPIRED,False,0.0,0.0,5.0,HOLD,,False,,,0.0,2,False,0.0,0.0,0.0,,7,2026-06-18,,False,False,False,False,,0,False,False,False,False,False,False,48.3,6,89.0
M&MFIN,M & M FIN. SERV.,MONITOR,30.0,1.0,CAUTION,3.5,0.5,NORMAL,LATE_CYCLE,False,2,2,FRESH,False,-8.33,9.3929,3.79,EXIT,DETERIORATING (vel=-21.0 forensic=-3 regime=CAUTION),False,,A,23.26,1,False,324.54,288.57,331.03,Below 200DMA — enter on recovery above 200DMA,7,2026-06-18,10.51,False,False,False,True,DRAWDOWN_RISK(vel=-21.0),0,False,False,False,False,False,False,48.3,6,89.0
MAYASHEEL,MAYASHEEL VENT.,MONITOR,30.0,1.0,CAUTION,3.5,0.5,ILLIQUID,TOPPING,False,1,1,EXPIRED,False,0.0,0.0,5.0,HOLD,,False,,,0.0,2,False,0.0,0.0,0.0,,7,2026-06-18,,False,False,False,True,DRAWDOWN_RISK(vel=-7.0),0,False,False,False,False,False,False,48.3,6,89.0
MUNJALAU,MUNJAL AUTO INDS,WATCHLIST_EXTERNAL,30.0,7.0,CAUTION,3.5,1.5,NORMAL,LATE_CYCLE,False,3,3,FRESH,True,14.27,5.5229,6.86,HOLD,,False,,A,18.95,4,False,84.6,82.06,88.83,Near 200DMA — ideal dip entry zone,7,2026-06-18,8.75,True,False,False,False,LOW_ROE(8.8%),0,False,False,False,False,False,False,48.3,6,89.0
SILKY,SILKY OVERSEAS,MONITOR,30.0,1.0,CAUTION,3.5,0.5,ILLIQUID,LATE_CYCLE,False,1,2,EXPIRED,False,0.0,0.0,5.0,HOLD,,False,,,0.0,3,False,0.0,0.0,0.0,,7,2026-06-18,,False,False,False,False,,0,False,False,False,False,False,False,48.3,6,89.0
FINBUD,FINBUD FINANCIAL,MONITOR,30.0,1.0,CAUTION,3.5,0.5,ILLIQUID,LATE_CYCLE,False,1,2,EXPIRED,False,0.0,0.0,5.0,HOLD,,False,,,0.0,3,False,0.0,0.0,0.0,,7,2026-06-18,,False,False,False,False,,0,False,False,False,False,False,False,48.3,6,89.0
EXCELSOFT,EXCELSOFT TECH.,MONITOR,30.0,12.0,CAUTION,3.5,0.5,NORMAL,CORRECTION,False,1,1,FRESH,False,-6.85,3.3443,5.01,HOLD,,False,,A,8.0,2,False,85.98,77.69,87.7,Below 200DMA — enter on recovery above 200DMA,7,2026-06-18,9.34,True,False,False,False,LOW_ROE(9.3%),0,False,False,False,False,False,False,48.3,6,89.0
DELTIC,DELTA AUTO.,MONITOR,30.0,1.0,CAUTION,3.5,0.5,ILLIQUID,BASING,False,1,1,EXPIRED,False,0.0,0.0,5.0,HOLD,,False,,,0.0,3,False,0.0,0.0,0.0,,7,2026-06-18,,False,False,False,False,,0,False,False,False,False,False,False,48.3,6,89.0
ELLEN,ELLEN.INDL.GAS,MONITOR,30.0,1.0,CAUTION,3.5,0.5,NORMAL,TOPPING,False,1,2,EXPIRED,True,-16.33,13.1357,5.6,HOLD,,False,,,0.0,3,False,336.36,273.01,343.09,Below 200DMA — enter on recovery above 200DMA,7,2026-06-18,,False,False,False,False,,0,False,False,False,False,False,False,48.3,6,89.0
ARVINDFASN,ARVIND FASHIONS.,MONITOR,30.0,7.0,CAUTION,3.5,0.5,NORMAL,TOPPING,False,2,2,FRESH,True,0.87,15.0,3.72,HOLD,,False,,A,5.5,3,False,480.13,465.73,504.14,Near 200DMA — ideal dip entry zone,7,2026-06-18,-3.72,True,False,False,False,LOW_ROE(-3.7%),0,False,False,False,False,False,False,48.3,6,89.0
ARVINDPORT,ARVIND PORT &,MONITOR,30.0,1.0,CAUTION,3.5,0.5,ILLIQUID,LATE_CYCLE,False,1,2,EXPIRED,False,0.0,0.0,5.0,HOLD,,False,,,0.0,2,False,0.0,0.0,0.0,,7,2026-06-18,,False,False,False,False,,0,False,False,False,False,False,False,48.3,6,89.0
BAGDIGITAL,B.A.G. CONVERGE.,MONITOR,30.0,1.0,CAUTION,3.5,0.5,ILLIQUID,TOPPING,False,0,0,EXPIRED,False,0.0,0.0,5.0,HOLD,,False,,,0.0,2,False,0.0,0.0,0.0,,7,2026-06-18,,False,False,False,True,DRAWDOWN_RISK(vel=-15.0),0,False,False,False,False,False,False,48.3,6,89.0
BAJAJHFL,BAJAJ HOUSING,MONITOR,30.0,0.0,CAUTION,3.5,0.5,NORMAL,LATE_CYCLE,False,2,2,FRESH,False,-10.01,1.715,2.4,EXIT,DETERIORATING (vel=-21.0 forensic=-4 regime=CAUTION),False,,,0.0,1,False,95.27,83.16,97.18,Below 200DMA — enter on recovery above 200DMA,7,2026-06-18,10.84,False,False,False,True,DRAWDOWN_RISK(vel=-21.0),0,False,False,False,False,False,False,48.3,6,89.0
IREDA,INDIAN RENEWABLE,MONITOR,30.0,0.0,CAUTION,3.5,0.5,NORMAL,LATE_CYCLE,False,1,2,EXPIRED,False,-6.22,3.6857,3.5,EXIT,DETERIORATING (vel=-21.0 forensic=-4 regime=CAUTION),False,,,0.0,1,False,134.85,122.67,137.55,Below 200DMA — enter on recovery above 200DMA,7,2026-06-18,16.54,False,False,False,True,DRAWDOWN_RISK(vel=-21.0),0,False,False,False,False,False,False,48.3,6,89.0
IDENTICAL,IDENTICAL BRAINS,MONITOR,30.0,1.0,CAUTION,3.5,0.5,ILLIQUID,TOPPING,False,0,0,EXPIRED,False,0.0,0.0,5.0,HOLD,,False,,,0.0,2,False,0.0,0.0,0.0,,7,2026-06-18,,False,False,False,True,DRAWDOWN_RISK(vel=-15.0),0,False,False,False,False,False,False,48.3,6,89.0
KOTAKBANK,KOTAK MAH. BANK,WATCHLIST_EXTERNAL,30.0,3.0,CAUTION,3.5,1.5,NORMAL,LATE_CYCLE,False,3,3,FRESH,True,-0.32,8.7893,2.61,HOLD,,False,,,0.0,5,False,405.8,392.37,413.92,Below 200DMA — enter on recovery above 200DMA,7,2026-06-18,14.05,False,False,False,False,,0,False,False,False,False,False,False,48.3,6,89.0
FRACTAL,FRACTAL ANALYT.,WATCHLIST_EXTERNAL,30.0,13.0,CAUTION,3.5,1.5,NORMAL,BASING,False,2,2,FRESH,True,8.48,51.3643,6.33,HOLD,,False,,A,8.5,4,False,897.02,870.11,941.87,Near 200DMA — ideal dip entry zone,7,2026-06-18,12.72,False,True,False,False,HIGH_PE(64x vs ind 23x),0,False,False,False,False,False,False,48.3,6,89.0
NMSTEEL,NEWMALAYALAM ST.,MONITOR,29.0,1.0,CAUTION,3.5,0.5,ILLIQUID,TOPPING,False,1,1,EXPIRED,False,0.0,0.0,5.0,HOLD,,False,,,0.0,2,False,0.0,0.0,0.0,,7,2026-06-18,,False,False,False,False,,0,False,False,False,False,False,False,48.3,6,89.0
PNBGILTS,PNB GILTS,MONITOR,29.0,6.0,CAUTION,3.5,0.5,NORMAL,LATE_CYCLE,False,3,3,AGING,True,11.18,6.1279,7.99,EXIT,DETERIORATING (vel=-21.0 forensic=-3 regime=CAUTION),False,,A,19.56,3,False,82.82,80.34,86.96,Near 200DMA — ideal dip entry zone,7,2026-06-18,15.08,False,False,False,True,DRAWDOWN_RISK(vel=-21.0),0,False,False,False,False,False,False,48.3,6,89.0
MASFIN,MAS FINANC SER,MONITOR,29.0,0.0,CAUTION,3.5,0.5,NORMAL,LATE_CYCLE,False,2,2,FRESH,False,-0.25,10.0643,3.87,EXIT,DETERIORATING (vel=-21.0 forensic=-4 regime=CAUTION),False,,A,7.68,1,False,313.08,302.93,319.34,Below 200DMA — enter on recovery above 200DMA,7,2026-06-18,11.9,False,False,False,True,DRAWDOWN_RISK(vel=-21.0),0,False,False,False,False,False,False,48.3,6,89.0
MMEL,MOVING MEDIA,MONITOR,29.0,1.0,CAUTION,3.5,0.5,ILLIQUID,LATE_CYCLE,False,1,1,EXPIRED,False,0.0,0.0,5.0,HOLD,,False,,,0.0,2,False,0.0,0.0,0.0,,7,2026-06-18,,False,False,False,True,DRAWDOWN_RISK(vel=-6.0),0,False,False,False,False,False,False,48.3,6,89.0
SUNDARMFIN,SUNDARAM FINANCE,MONITOR,29.0,1.0,CAUTION,3.5,0.5,NORMAL,LATE_CYCLE,False,2,2,FRESH,False,-6.47,152.4357,4.09,EXIT,DETERIORATING (vel=-21.0 forensic=-3 regime=CAUTION),False,,A,10.0,1,False,4785.09,4341.23,4880.79,Below 200DMA — enter on recovery above 200DMA,7,2026-06-18,14.24,False,False,False,True,DRAWDOWN_RISK(vel=-21.0),0,False,False,False,False,False,False,48.3,6,89.0
SBICARD,SBI CARDS,MONITOR,29.0,1.0,CAUTION,3.5,0.5,NORMAL,LATE_CYCLE,False,1,2,EXPIRED,False,-19.42,15.5357,2.98,EXIT,DETERIORATING (vel=-21.0 forensic=-3 regime=CAUTION),False,,A,6.14,1,False,776.48,606.93,792.01,Below 200DMA — enter on recovery above 200DMA,7,2026-06-18,13.91,False,False,False,True,DRAWDOWN_RISK(vel=-21.0),0,False,False,False,False,False,False,48.3,6,89.0
RECLTD,REC LTD,MONITOR,29.0,1.0,CAUTION,3.5,0.5,NORMAL,LATE_CYCLE,False,3,3,FRESH,True,2.08,8.9,2.98,EXIT,DETERIORATING (vel=-21.0 forensic=-3 regime=CAUTION),False,,A,61.91,3,False,351.45,340.91,369.02,Near 200DMA — ideal dip entry zone,7,2026-06-18,21.47,False,False,False,True,DRAWDOWN_RISK(vel=-21.0),0,False,False,False,False,False,False,48.3,6,89.0
SAHASRA,SAHASRA ELECTRO.,MONITOR,29.0,1.0,CAUTION,3.5,0.5,ILLIQUID,TOPPING,False,1,1,EXPIRED,False,0.0,0.0,5.0,HOLD,,False,,,0.0,2,False,0.0,0.0,0.0,,7,2026-06-18,,False,False,False,False,,0,False,False,False,False,False,False,48.3,6,89.0
SHEEL,SHEEL BIO.,MONITOR,29.0,1.0,CAUTION,3.5,0.5,ILLIQUID,LATE_CYCLE,False,1,1,EXPIRED,False,0.0,0.0,5.0,HOLD,,False,,,0.0,2,False,0.0,0.0,0.0,,7,2026-06-18,,False,False,False,True,DRAWDOWN_RISK(vel=-6.0),0,False,False,False,False,False,False,48.3,6,89.0
ENCOMPAS,ENCOMPASS DESIGN,MONITOR,29.0,1.0,CAUTION,3.5,0.5,ILLIQUID,LATE_CYCLE,False,1,1,EXPIRED,False,0.0,0.0,5.0,HOLD,,False,,,0.0,2,False,0.0,0.0,0.0,,7,2026-06-18,,False,False,False,True,DRAWDOWN_RISK(vel=-6.0),0,False,False,False,False,False,False,48.3,6,89.0
DHARARAIL,DHARA RAIL PRO.,MONITOR,29.0,1.0,CAUTION,3.5,0.5,ILLIQUID,LATE_CYCLE,False,1,1,EXPIRED,False,0.0,0.0,5.0,HOLD,,False,,,0.0,2,False,0.0,0.0,0.0,,7,2026-06-18,,False,False,False,True,DRAWDOWN_RISK(vel=-6.0),0,False,False,False,False,False,False,48.3,6,89.0
ELGNZ,ELEGANZ INTERIOR,MONITOR,29.0,1.0,CAUTION,3.5,0.5,ILLIQUID,LATE_CYCLE,False,1,1,EXPIRED,False,0.0,0.0,5.0,HOLD,,False,,,0.0,2,False,0.0,0.0,0.0,,7,2026-06-18,,False,False,False,True,DRAWDOWN_RISK(vel=-6.0),0,False,False,False,False,False,False,48.3,6,89.0
ELITECON,NAN,MONITOR,29.0,1.0,CAUTION,3.5,0.5,NORMAL,nan,False,0,0,AGING,False,-13.11,2.6779,11.04,HOLD,,False,,,0.0,2,False,33.49,28.23,34.16,Below 200DMA — enter on recovery above 200DMA,7,2026-06-18,,False,False,False,True,DRAWDOWN_RISK(vel=-9.0),0,False,False,False,False,False,False,48.3,6,89.0
ASHIKA,NAN,MONITOR,29.0,1.0,CAUTION,3.5,0.5,NORMAL,nan,False,1,1,FRESH,True,4.88,16.0,4.81,HOLD,,False,,,0.0,3,False,380.75,369.33,399.79,Near 200DMA — ideal dip entry zone,7,2026-06-18,,False,False,False,True,DRAWDOWN_RISK(vel=-20.0),0,False,False,False,False,False,False,48.3,6,89.0
AFCONS,AFCONS INFRASTR.,MONITOR,29.0,4.0,CAUTION,3.5,0.5,NORMAL,TOPPING,False,1,1,EXPIRED,False,-13.12,13.125,4.94,EXIT,DETERIORATING (vel=-7.0 forensic=-3 regime=CAUTION),False,,A,12.9,0,False,367.27,309.53,374.62,Below 200DMA — enter on recovery above 200DMA,7,2026-06-18,9.25,True,False,False,True,LOW_ROE(9.2%) | DRAWDOWN_RISK(vel=-7.0),0,False,False,False,False,False,False,48.3,6,89.0
BAJFINANCE,BAJAJ FINANCE,MONITOR,29.0,1.0,CAUTION,3.5,0.5,NORMAL,LATE_CYCLE,False,3,3,FRESH,True,-0.64,26.1679,3.28,EXIT,DETERIORATING (vel=-21.0 forensic=-3 regime=CAUTION),False,,A,7.79,3,False,964.6,929.65,983.89,Below 200DMA — enter on recovery above 200DMA,7,2026-06-18,17.21,False,False,False,True,DRAWDOWN_RISK(vel=-21.0),0,False,False,False,False,False,False,48.3,6,89.0
HPTL,HP TELECOM,MONITOR,29.0,1.0,CAUTION,3.5,0.5,ILLIQUID,LATE_CYCLE,False,1,1,EXPIRED,False,0.0,0.0,5.0,HOLD,,False,,,0.0,2,False,0.0,0.0,0.0,,7,2026-06-18,,False,False,False,True,DRAWDOWN_RISK(vel=-6.0),0,False,False,False,False,False,False,48.3,6,89.0
INDIAGLYCO,INDIA GLYCOLS,MONITOR,29.0,4.0,CAUTION,3.5,0.5,NORMAL,CORRECTION,False,1,1,EXPIRED,False,1.1,29.8464,3.72,HOLD,,False,,A,9.72,1,False,952.15,923.59,999.76,Near 200DMA — ideal dip entry zone,7,2026-06-18,10.24,True,False,False,False,LOW_ROE(10.2%),0,False,False,False,False,False,False,48.3,6,89.0
KLBRENG-B,NAN,MONITOR,29.0,1.0,CAUTION,3.5,0.5,NORMAL,nan,False,1,1,EXPIRED,True,0.45,19.45,4.69,HOLD,,False,,,0.0,4,False,495.06,480.21,519.81,Near 200DMA — ideal dip entry zone,7,2026-06-18,,False,False,False,False,,0,False,False,False,False,False,False,48.3,6,89.0
GAJANAND,GAJANAND INTER.,MONITOR,29.0,1.0,CAUTION,3.5,0.5,ILLIQUID,LATE_CYCLE,False,1,2,EXPIRED,False,0.0,0.0,5.0,HOLD,,False,,,0.0,2,False,0.0,0.0,0.0,,7,2026-06-18,,False,False,False,False,,0,False,False,False,False,False,False,48.3,6,89.0
JSFB,JANA SMALL FINAN,MONITOR,28.0,1.0,CAUTION,3.5,0.5,NORMAL,LATE_CYCLE,False,2,3,EXPIRED,True,8.31,15.3214,3.93,HOLD,,False,,,0.0,3,False,431.86,418.9,453.45,Near 200DMA — ideal dip entry zone,7,2026-06-18,12.18,False,False,False,False,,0,False,False,False,False,False,False,48.3,6,89.0
NUVAMA,NUVAMA WEALTH,WATCHLIST_EXTERNAL,28.0,6.0,CAUTION,3.5,1.5,NORMAL,LATE_CYCLE,False,3,3,FRESH,True,26.28,58.3214,4.05,PARTIAL_EXIT,EXTENDED: 7.8× ATR above 200DMA,False,,A,29.12,4,False,1367.31,1610.06,1697.54,Extended — wait for ATR pullback,7,2026-06-18,28.26,False,False,True,False,,0,False,False,False,False,False,False,48.3,6,89.0
POONAWALLA,POONAWALLA FIN,MONITOR,28.0,0.0,CAUTION,3.5,0.5,NORMAL,LATE_CYCLE,False,2,2,FRESH,False,-9.16,12.2214,3.62,EXIT,DETERIORATING (vel=-21.0 forensic=-4 regime=CAUTION),False,,,0.0,0,False,446.1,393.09,455.02,Below 200DMA — enter on recovery above 200DMA,7,2026-06-18,-1.2,True,True,False,True,LOW_ROE(-1.2%) | HIGH_PE(89x vs ind 17x) | DRAWDOWN_RISK(vel=-21.0),0,False,False,False,False,False,False,48.3,6,89.0
PRAMARA,PRAMARA PROMOTIO,MONITOR,28.0,2.0,CAUTION,3.5,0.5,NORMAL,TOPPING,False,1,1,EXPIRED,False,-54.68,8.2393,7.01,HOLD,,False,,,0.0,1,False,311.37,136.87,317.6,Below 200DMA — enter on recovery above 200DMA,7,2026-06-18,9.14,True,False,False,False,LOW_ROE(9.1%),0,False,False,False,False,False,False,48.3,6,89.0
MIEL,MANGLAM INFRA,MONITOR,28.0,1.0,CAUTION,3.5,0.5,ILLIQUID,LATE_CYCLE,False,1,1,EXPIRED,False,0.0,0.0,5.0,HOLD,,False,,,0.0,1,False,0.0,0.0,0.0,,7,2026-06-18,,False,False,False,True,DRAWDOWN_RISK(vel=-6.0),0,False,False,False,False,False,False,48.3,6,89.0
MUTHOOTMF,MUTHOOT MICROFIN,MONITOR,28.0,1.0,CAUTION,3.5,0.5,NORMAL,LATE_CYCLE,False,2,3,EXPIRED,True,17.36,8.5721,5.02,EXIT,DETERIORATING (vel=-21.0 forensic=-4 regime=CAUTION),False,,,0.0,1,False,174.69,187.87,200.72,Extended — wait for ATR pullback,7,2026-06-18,-8.45,True,False,False,True,LOW_ROE(-8.4%) | DRAWDOWN_RISK(vel=-21.0),0,False,False,False,False,False,False,48.3,6,89.0
MOIL,MOIL,MONITOR,28.0,10.0,CAUTION,3.5,0.5,NORMAL,TOPPING,False,1,1,FRESH,False,-9.29,8.4714,3.43,HOLD,,False,,A,32.12,3,False,326.65,287.41,333.18,Below 200DMA — enter on recovery above 200DMA,7,2026-06-18,14.47,False,False,False,False,,0,True,True,False,False,False,False,48.3,6,89.0
SPUNWEB,SPUNWEB NONWOVEN,MONITOR,28.0,1.0,CAUTION,3.5,0.5,ILLIQUID,LATE_CYCLE,False,1,2,EXPIRED,False,0.0,0.0,5.0,HOLD,,False,,,0.0,3,False,0.0,0.0,0.0,,7,2026-06-18,,False,False,False,False,,0,False,False,False,False,False,False,48.3,6,89.0
SWSOLAR,STERLING & WILS.,MONITOR,28.0,1.0,CAUTION,3.5,0.5,NORMAL,TOPPING,False,2,2,FRESH,True,2.59,10.6036,5.83,EXIT,DETERIORATING (vel=-7.0 forensic=-3 regime=CAUTION),False,,,0.0,1,False,212.77,206.39,223.41,Near 200DMA — ideal dip entry zone,7,2026-06-18,8.09,True,False,False,False,LOW_ROE(8.1%),0,False,False,False,False,False,False,48.3,6,89.0
REPCOHOME,REPCO HOME FIN,MONITOR,28.0,1.0,CAUTION,3.5,0.5,NORMAL,LATE_CYCLE,False,2,2,FRESH,False,-0.37,12.4107,3.82,EXIT,DETERIORATING (vel=-21.0 forensic=-4 regime=CAUTION),False,,A,20.87,1,False,391.1,377.96,398.92,Below 200DMA — enter on recovery above 200DMA,7,2026-06-18,13.47,False,False,False,True,DRAWDOWN_RISK(vel=-21.0),0,False,False,False,False,False,False,48.3,6,89.0
DIGITIDE,DIGITIDE SOLUTIO,MONITOR,28.0,1.0,CAUTION,3.5,0.5,NORMAL,CORRECTION,False,1,1,FRESH,False,-28.13,4.7614,6.36,HOLD,,False,,,0.0,3,False,124.95,87.11,127.45,Below 200DMA — enter on recovery above 200DMA,7,2026-06-18,,False,False,False,False,,0,False,False,False,False,False,False,48.3,6,89.0
ALEMBICLTD,ALEMBIC,MONITOR,28.0,11.0,CAUTION,3.5,0.5,NORMAL,CORRECTION,False,1,2,EXPIRED,True,-4.3,2.3143,3.06,HOLD,,False,,A,37.57,3,False,94.87,88.07,96.77,Below 200DMA — enter on recovery above 200DMA,7,2026-06-18,13.28,False,False,False,False,,0,True,True,False,False,False,False,48.3,6,89.0
INOXGREEN,INOX GREEN,MONITOR,28.0,5.0,CAUTION,3.5,0.5,NORMAL,TOPPING,False,1,2,EXPIRED,True,4.21,8.3921,5.07,HOLD,,False,,,0.0,3,False,190.45,184.74,199.97,Near 200DMA — ideal dip entry zone,7,2026-06-18,1.01,True,True,False,False,LOW_ROE(1.0%) | HIGH_PE(96x vs ind 22x),0,True,True,False,False,False,False,48.3,6,89.0
HUDCO,H U D C O,MONITOR,28.0,1.0,CAUTION,3.5,0.5,NORMAL,LATE_CYCLE,False,3,3,AGING,True,2.61,5.5264,3.1,EXIT,DETERIORATING (vel=-21.0 forensic=-5 regime=CAUTION),False,,A,38.66,3,False,208.22,201.97,218.63,Near 200DMA — ideal dip entry zone,7,2026-06-18,15.08,False,False,False,True,DRAWDOWN_RISK(vel=-21.0),0,False,False,False,False,False,False,48.3,6,89.0
KAYTEX,KAYTEX FABRICS,MONITOR,28.0,1.0,CAUTION,3.5,0.5,ILLIQUID,LATE_CYCLE,False,1,2,EXPIRED,False,0.0,0.0,5.0,HOLD,,False,,,0.0,3,False,0.0,0.0,0.0,,7,2026-06-18,,False,False,False,False,,0,False,False,False,False,False,False,48.3,6,89.0
HDBFS,HDB FINANC SER,MONITOR,28.0,0.0,CAUTION,3.5,0.5,NORMAL,LATE_CYCLE,False,3,3,AGING,True,-1.31,19.8113,3.39,EXIT,DETERIORATING (vel=-21.0 forensic=-3 regime=CAUTION),False,,A,5.13,3,False,709.67,679.34,723.86,Below 200DMA — enter on recovery above 200DMA,7,2026-06-18,13.75,False,False,False,True,DRAWDOWN_RISK(vel=-21.0),0,False,False,False,False,False,False,48.3,6,89.0
PSRAJ,P S RAJ STEELS,MONITOR,27.0,1.0,CAUTION,3.5,0.5,ILLIQUID,TOPPING,False,1,1,EXPIRED,False,0.0,0.0,5.0,HOLD,,False,,,0.0,2,False,0.0,0.0,0.0,,7,2026-06-18,,False,False,False,False,,0,False,False,False,False,False,False,48.3,6,89.0
MACOBSTECH,MACOBS TECHNOLO.,MONITOR,27.0,1.0,CAUTION,3.5,0.5,ILLIQUID,BASING,False,1,1,EXPIRED,False,0.0,0.0,5.0,HOLD,,False,,,0.0,3,False,0.0,0.0,0.0,,7,2026-06-18,,False,False,False,False,,0,False,False,False,False,False,False,48.3,6,89.0
MARUSHIKA,MARUSHIKA TECH.,MONITOR,27.0,1.0,CAUTION,3.5,0.5,ILLIQUID,LATE_CYCLE,False,1,1,EXPIRED,False,0.0,0.0,5.0,HOLD,,False,,,0.0,3,False,0.0,0.0,0.0,,7,2026-06-18,,False,False,False,False,,0,False,False,False,False,False,False,48.3,6,89.0
MANBA,MANBA FINANCE,MONITOR,27.0,0.0,CAUTION,3.5,0.5,NORMAL,LATE_CYCLE,False,3,3,FRESH,True,2.21,6.0957,5.64,EXIT,DETERIORATING (vel=-20.0 forensic=-4 regime=CAUTION),False,,A,10.54,3,False,126.93,123.12,133.28,Near 200DMA — ideal dip entry zone,7,2026-06-18,10.25,False,False,False,True,DRAWDOWN_RISK(vel=-20.0),0,False,False,False,False,False,False,48.3,6,89.0
MEDISTEP,MEDISTEP HEALTH.,MONITOR,27.0,1.0,CAUTION,3.5,0.5,ILLIQUID,BASING,False,1,1,EXPIRED,False,0.0,0.0,5.0,HOLD,,False,,,0.0,3,False,0.0,0.0,0.0,,7,2026-06-18,,False,False,False,False,,0,False,False,False,False,False,False,48.3,6,89.0
MRIL,MAHENDRA REALTOR,MONITOR,27.0,1.0,CAUTION,3.5,0.5,ILLIQUID,TOPPING,False,0,0,EXPIRED,False,0.0,0.0,5.0,HOLD,,False,,,0.0,2,False,0.0,0.0,0.0,,7,2026-06-18,,False,False,False,True,DRAWDOWN_RISK(vel=-7.0),0,False,False,False,False,False,False,48.3,6,89.0
UTTAMSUGAR,UTTAM SUG.MILLS,MONITOR,27.0,2.0,CAUTION,3.5,0.5,NORMAL,CORRECTION,False,1,1,FRESH,False,0.29,9.4507,4.73,HOLD,,False,,A,14.14,1,False,238.96,231.79,250.91,Near 200DMA — ideal dip entry zone,7,2026-06-18,11.21,True,False,False,False,LOW_ROE(11.2%),0,False,False,False,False,False,False,48.3,6,89.0
STANLEY,STANLEY LIFESTY.,MONITOR,27.0,8.0,CAUTION,3.5,0.5,NORMAL,LATE_CYCLE,False,2,2,AGING,False,-28.29,6.1914,5.04,HOLD,,False,,A,6.0,2,False,205.38,142.85,209.49,Below 200DMA — enter on recovery above 200DMA,7,2026-06-18,6.27,True,False,False,False,LOW_ROE(6.3%),0,False,False,False,False,False,False,48.3,6,89.0
STYLEBAAZA,BAAZAR STYLE,MONITOR,27.0,0.0,CAUTION,3.5,0.5,NORMAL,TOPPING,False,1,1,EXPIRED,False,9.09,14.675,5.03,HOLD,,False,,,0.0,1,False,320.88,311.25,336.92,Near 200DMA — ideal dip entry zone,7,2026-06-18,3.63,True,False,False,False,LOW_ROE(3.6%),0,False,False,False,False,False,False,48.3,6,89.0
VOLERCAR,VOLER CAR,MONITOR,27.0,1.0,CAUTION,3.5,0.5,ILLIQUID,LATE_CYCLE,False,1,1,EXPIRED,False,0.0,0.0,5.0,HOLD,,False,,,0.0,2,False,0.0,0.0,0.0,,7,2026-06-18,,False,False,False,False,,0,False,False,False,False,False,False,48.3,6,89.0
RNPL,RENOL POLYCHEM,MONITOR,27.0,1.0,CAUTION,3.5,0.5,ILLIQUID,TOPPING,False,1,1,EXPIRED,False,0.0,0.0,5.0,HOLD,,False,,,0.0,2,False,0.0,0.0,0.0,,7,2026-06-18,,False,False,False,False,,0,False,False,False,False,False,False,48.3,6,89.0
RICHA,RICHA INFO,MONITOR,27.0,1.0,CAUTION,3.5,0.5,ILLIQUID,LATE_CYCLE,False,1,2,EXPIRED,False,0.0,0.0,5.0,HOLD,,False,,,0.0,3,False,0.0,0.0,0.0,,7,2026-06-18,,False,False,False,False,,0,False,False,False,False,False,False,48.3,6,89.0
BIKEWO,BIKEWO GREEN,MONITOR,27.0,1.0,CAUTION,3.5,0.5,ILLIQUID,BASING,False,1,1,EXPIRED,False,0.0,0.0,5.0,HOLD,,False,,,0.0,3,False,0.0,0.0,0.0,,7,2026-06-18,,False,False,False,False,,0,False,False,False,False,False,False,48.3,6,89.0
BLUEWATER,BLUE WATER,MONITOR,27.0,1.0,CAUTION,3.5,0.5,ILLIQUID,LATE_CYCLE,False,1,1,EXPIRED,False,0.0,0.0,5.0,HOLD,,False,,,0.0,2,False,0.0,0.0,0.0,,7,2026-06-18,,False,False,False,False,,0,False,False,False,False,False,False,48.3,6,89.0
BRACEPORT,BRACE PORT,MONITOR,27.0,1.0,CAUTION,3.5,0.5,ILLIQUID,LATE_CYCLE,False,1,1,EXPIRED,False,0.0,0.0,5.0,HOLD,,False,,,0.0,2,False,0.0,0.0,0.0,,7,2026-06-18,,False,False,False,False,,0,False,False,False,False,False,False,48.3,6,89.0
EPWINDIA,EPW INDIA,MONITOR,27.0,1.0,CAUTION,3.5,0.5,ILLIQUID,LATE_CYCLE,False,1,1,EXPIRED,False,0.0,0.0,5.0,HOLD,,False,,,0.0,3,False,0.0,0.0,0.0,,7,2026-06-18,,False,False,False,False,,0,False,False,False,False,False,False,48.3,6,89.0
FEDFINA,FEDBANK FINANCI.,MONITOR,27.0,0.0,CAUTION,3.5,0.5,NORMAL,LATE_CYCLE,False,3,3,FRESH,True,9.15,6.8464,5.15,EXIT,DETERIORATING (vel=-20.0 forensic=-4 regime=CAUTION),False,,,0.0,3,False,146.26,141.87,153.57,Near 200DMA — ideal dip entry zone,7,2026-06-18,8.84,False,False,False,True,DRAWDOWN_RISK(vel=-20.0),0,False,False,False,False,False,False,48.3,6,89.0
ASHALOG,ASHAPURA LOGI.,MONITOR,27.0,1.0,CAUTION,3.5,0.5,ILLIQUID,LATE_CYCLE,False,1,1,EXPIRED,False,0.0,0.0,5.0,HOLD,,False,,,0.0,2,False,0.0,0.0,0.0,,7,2026-06-18,,False,False,False,False,,0,False,False,False,False,False,False,48.3,6,89.0
ASHWINI,ASHWINI CONTAIN.,MONITOR,27.0,1.0,CAUTION,3.5,0.5,ILLIQUID,LATE_CYCLE,False,1,1,EXPIRED,False,0.0,0.0,5.0,HOLD,,False,,,0.0,2,False,0.0,0.0,0.0,,7,2026-06-18,,False,False,False,False,,0,False,False,False,False,False,False,48.3,6,89.0
AMAGI,AMAGI MEDIA LABS,MONITOR,27.0,1.0,CAUTION,3.5,0.5,NORMAL,CORRECTION,False,1,2,EXPIRED,True,29.37,25.4214,6.12,PARTIAL_EXIT,EXTENDED: 5.8× ATR above 200DMA,False,,,0.0,2,False,385.52,447.91,486.04,Extended — wait for ATR pullback,7,2026-06-18,-13.49,True,True,False,False,LOW_ROE(-13.5%) | HIGH_PE(2057x vs ind 23x),0,True,True,False,False,False,False,48.3,6,89.0
AGARWALTUF,AGARWAL TOUGHENE,MONITOR,27.0,1.0,CAUTION,3.5,0.5,ILLIQUID,TOPPING,False,1,1,EXPIRED,False,0.0,0.0,5.0,HOLD,,False,,,0.0,2,False,0.0,0.0,0.0,,7,2026-06-18,,False,False,False,False,,0,False,False,False,False,False,False,48.3,6,89.0
INTELLECT,INTELLECT DESIGN,WATCHLIST_EXTERNAL,27.0,16.0,CAUTION,3.5,1.5,NORMAL,BASING,False,2,2,FRESH,True,-12.09,27.7607,4.36,HOLD,,False,,A,16.07,3,False,870.07,741.95,887.47,Below 200DMA — enter on recovery above 200DMA,7,2026-06-18,11.95,True,False,False,False,LOW_ROE(11.9%),0,True,True,False,False,False,False,48.3,6,89.0
IWARE,IWARE SUPPLYCH.,MONITOR,27.0,1.0,CAUTION,3.5,0.5,ILLIQUID,LATE_CYCLE,False,1,1,EXPIRED,False,0.0,0.0,5.0,HOLD,,False,,,0.0,2,False,0.0,0.0,0.0,,7,2026-06-18,,False,False,False,False,,0,False,False,False,False,False,False,48.3,6,89.0
JAYESH,JAYESH LOGISTICS,MONITOR,27.0,1.0,CAUTION,3.5,0.5,ILLIQUID,LATE_CYCLE,False,1,1,EXPIRED,False,0.0,0.0,5.0,HOLD,,False,,,0.0,2,False,0.0,0.0,0.0,,7,2026-06-18,,False,False,False,False,,0,False,False,False,False,False,False,48.3,6,89.0
JSWCEMENT,JSW CEMENT,MONITOR,27.0,0.0,CAUTION,3.5,0.5,NORMAL,TOPPING,False,1,2,EXPIRED,True,2.72,3.56,3.28,HOLD,,False,,,0.0,3,False,126.72,122.92,133.06,Near 200DMA — ideal dip entry zone,7,2026-06-18,-4.85,True,False,False,False,LOW_ROE(-4.8%),0,False,False,False,False,False,False,48.3,6,89.0
GODREJPROP,GODREJ PROPERT.,MONITOR,27.0,0.0,CAUTION,3.5,0.5,NORMAL,CORRECTION,False,2,2,FRESH,True,-5.49,60.2929,4.05,HOLD,,False,,,0.0,2,False,1892.15,1734.65,1929.99,Below 200DMA — enter on recovery above 200DMA,7,2026-06-18,8.09,True,False,False,False,LOW_ROE(8.1%),0,False,False,False,False,False,False,48.3,6,89.0
FLYSBS,FLYSBS AVIATION,MONITOR,27.0,1.0,CAUTION,3.5,0.5,ILLIQUID,LATE_CYCLE,False,1,1,EXPIRED,False,0.0,0.0,5.0,HOLD,,False,,,0.0,2,False,0.0,0.0,0.0,,7,2026-06-18,,False,False,False,False,,0,False,False,False,False,False,False,48.3,6,89.0
NTPC,NTPC,MONITOR,26.0,2.0,CAUTION,3.5,0.5,NORMAL,TOPPING,False,1,1,EXPIRED,False,0.71,9.1857,3.1,HOLD,,False,,A,28.53,2,False,353.04,342.45,370.69,Near 200DMA — ideal dip entry zone,7,2026-06-18,12.72,False,False,False,False,,0,False,False,False,False,False,False,48.3,6,89.0
PUSHPA,PUSHPA JEWELLERS,MONITOR,26.0,1.0,CAUTION,3.5,0.5,ILLIQUID,LATE_CYCLE,False,1,2,EXPIRED,False,0.0,0.0,5.0,HOLD,,False,,,0.0,3,False,0.0,0.0,0.0,,7,2026-06-18,,False,False,False,False,,0,False,False,False,False,False,False,48.3,6,89.0
PWL,PHYSICSWALLAH,MONITOR,26.0,5.0,CAUTION,3.5,0.5,NORMAL,TOPPING,False,1,2,EXPIRED,True,1.0,7.0864,7.5,HOLD,,False,,,0.0,3,False,112.26,108.89,117.87,Near 200DMA — ideal dip entry zone,7,2026-06-18,-31.28,True,False,False,False,LOW_ROE(-31.3%),0,False,False,False,False,False,False,48.3,6,89.0
MANAPPURAM,MANAPPURAM FIN.,MONITOR,26.0,0.0,CAUTION,3.5,0.5,NORMAL,LATE_CYCLE,False,3,3,FRESH,True,10.56,10.5036,3.95,EXIT,DETERIORATING (vel=-20.0 forensic=-3 regime=CAUTION),False,,A,11.51,4,False,288.58,279.92,303.01,Near 200DMA — ideal dip entry zone,7,2026-06-18,9.78,False,True,False,True,HIGH_PE(56x vs ind 17x) | DRAWDOWN_RISK(vel=-20.0),0,False,False,False,False,False,False,48.3,6,89.0
TSC,TSC INDIA,MONITOR,26.0,1.0,CAUTION,3.5,0.5,ILLIQUID,LATE_CYCLE,False,1,2,EXPIRED,False,0.0,0.0,5.0,HOLD,,False,,,0.0,3,False,0.0,0.0,0.0,,7,2026-06-18,,False,False,False,False,,0,False,False,False,False,False,False,48.3,6,89.0
CHOLAFIN,CHOLAMAN.INV.&FN,MONITOR,26.0,0.0,CAUTION,3.5,0.5,NORMAL,LATE_CYCLE,False,3,3,FRESH,True,3.66,57.65,4.12,EXIT,DETERIORATING (vel=-20.0 forensic=-3 regime=CAUTION),False,,,0.0,3,False,1619.89,1571.29,1700.88,Near 200DMA — ideal dip entry zone,7,2026-06-18,18.01,False,False,False,True,DRAWDOWN_RISK(vel=-20.0),0,False,False,False,False,False,False,48.3,6,89.0
BLUESTONE,BLUESTONE JEWEL,MONITOR,26.0,0.0,CAUTION,3.5,0.5,NORMAL,LATE_CYCLE,False,3,3,FRESH,True,-4.13,24.7714,5.83,HOLD,,False,,,0.0,3,False,531.9,494.65,542.54,Below 200DMA — enter on recovery above 200DMA,7,2026-06-18,-25.19,True,False,False,False,LOW_ROE(-25.2%),0,False,False,False,False,False,False,48.3,6,89.0
IRFC,I R F C,MONITOR,26.0,0.0,CAUTION,3.5,0.5,NORMAL,LATE_CYCLE,False,2,3,EXPIRED,True,-9.81,2.3486,2.81,EXIT,DETERIORATING (vel=-20.0 forensic=-6 regime=CAUTION),False,,A,21.39,2,False,111.36,97.43,113.59,Below 200DMA — enter on recovery above 200DMA,7,2026-06-18,12.9,False,False,False,True,DRAWDOWN_RISK(vel=-20.0),0,False,False,False,False,False,False,48.3,6,89.0
GULFPETRO,GP PETROLEUMS,MONITOR,26.0,3.0,CAUTION,3.5,0.5,RESTRICTED,LATE_CYCLE,False,2,3,EXPIRED,True,13.37,2.5529,7.56,HOLD,,False,,,0.0,2,False,35.74,34.67,37.53,Near 200DMA — ideal dip entry zone,7,2026-06-18,8.0,True,False,False,False,LOW_ROE(8.0%),0,True,True,False,False,False,False,48.3,6,89.0
NTPCGREEN,NTPC GREEN ENE.,MONITOR,25.0,0.0,CAUTION,3.5,0.5,NORMAL,TOPPING,False,1,1,FRESH,False,-1.05,2.5007,3.09,HOLD,,False,,,0.0,1,False,98.02,94.08,99.98,Below 200DMA — enter on recovery above 200DMA,7,2026-06-18,2.58,True,True,False,False,LOW_ROE(2.6%) | HIGH_PE(147x vs ind 22x),0,False,False,False,False,False,False,48.3,6,89.0
NAMOEWASTE,NAMO EWASTE,MONITOR,25.0,1.0,CAUTION,3.5,0.5,ILLIQUID,TOPPING,False,0,0,EXPIRED,False,0.0,0.0,5.0,EXIT,DETERIORATING (vel=-8.0 forensic=-2 regime=CAUTION),False,,,0.0,1,False,0.0,0.0,0.0,,7,2026-06-18,,False,False,False,True,DRAWDOWN_RISK(vel=-8.0),0,False,False,False,False,False,False,48.3,6,89.0
SSEGL,SATHLOKHAR SYS.,MONITOR,25.0,1.0,CAUTION,3.5,0.5,ILLIQUID,TOPPING,False,0,0,EXPIRED,False,0.0,0.0,5.0,HOLD,,False,,,0.0,2,False,0.0,0.0,0.0,,7,2026-06-18,,False,False,False,True,DRAWDOWN_RISK(vel=-7.0),0,False,False,False,False,False,False,48.3,6,89.0
VLINFRA,V.L.INFRAPROJECT,MONITOR,25.0,1.0,CAUTION,3.5,0.5,ILLIQUID,TOPPING,False,0,0,EXPIRED,False,0.0,0.0,5.0,HOLD,,False,,,0.0,2,False,0.0,0.0,0.0,,7,2026-06-18,,False,False,False,True,DRAWDOWN_RISK(vel=-7.0),0,False,False,False,False,False,False,48.3,6,89.0
WAKEFIT,WAKEFIT INNOVATI,MONITOR,25.0,4.0,CAUTION,3.5,0.5,NORMAL,LATE_CYCLE,False,2,2,FRESH,False,-22.82,6.5307,6.28,HOLD,,False,,A,7.0,2,False,161.74,121.09,164.97,Below 200DMA — enter on recovery above 200DMA,7,2026-06-18,-6.98,True,True,False,False,LOW_ROE(-7.0%) | HIGH_PE(127x vs ind 32x),0,False,False,False,False,False,False,48.3,6,89.0
VICTORYEV,VICTORY ELE.,MONITOR,25.0,1.0,CAUTION,3.5,0.5,ILLIQUID,BASING,False,0,0,EXPIRED,False,0.0,0.0,5.0,HOLD,,False,,,0.0,3,False,0.0,0.0,0.0,,7,2026-06-18,,False,False,False,False,,0,False,False,False,False,False,False,48.3,6,89.0
RAPIDFLEET,RAPID FLEET,MONITOR,25.0,1.0,CAUTION,3.5,0.5,ILLIQUID,LATE_CYCLE,False,1,1,EXPIRED,False,0.0,0.0,5.0,HOLD,,False,,,0.0,1,False,0.0,0.0,0.0,,7,2026-06-18,,False,False,False,False,,0,False,False,False,False,False,False,48.3,6,89.0
CURRENT,CURRENT INFRA.,MONITOR,25.0,1.0,CAUTION,3.5,0.5,ILLIQUID,TOPPING,False,0,0,EXPIRED,False,0.0,0.0,5.0,HOLD,,False,,,0.0,2,False,0.0,0.0,0.0,,7,2026-06-18,,False,False,False,True,DRAWDOWN_RISK(vel=-7.0),0,False,False,False,False,False,False,48.3,6,89.0
DECCANTRAN,DECCAN TRANSCON,MONITOR,25.0,1.0,CAUTION,3.5,0.5,ILLIQUID,LATE_CYCLE,False,1,1,EXPIRED,False,0.0,0.0,5.0,HOLD,,False,,,0.0,1,False,0.0,0.0,0.0,,7,2026-06-18,,False,False,False,False,,0,False,False,False,False,False,False,48.3,6,89.0
APRAMEYA,APRAMEYA ENGINEE,MONITOR,25.0,1.0,CAUTION,3.5,0.5,ILLIQUID,LATE_CYCLE,False,1,2,EXPIRED,False,0.0,0.0,5.0,HOLD,,False,,,0.0,3,False,0.0,0.0,0.0,,7,2026-06-18,,False,False,False,False,,0,False,False,False,False,False,False,48.3,6,89.0
AAKAAR,AAKAAR MEDICAL,MONITOR,25.0,1.0,CAUTION,3.5,0.5,ILLIQUID,BASING,False,1,1,EXPIRED,False,0.0,0.0,5.0,HOLD,,False,,,0.0,3,False,0.0,0.0,0.0,,7,2026-06-18,,False,False,False,False,,0,False,False,False,False,False,False,48.3,6,89.0
AAVAS,AAVAS FINANCIERS,MONITOR,25.0,1.0,CAUTION,3.5,0.5,NORMAL,LATE_CYCLE,False,3,3,FRESH,True,0.66,49.2,4.06,EXIT,DETERIORATING (vel=-20.0 forensic=-4 regime=CAUTION),False,,,0.0,3,False,1442.89,1399.6,1515.03,Near 200DMA — ideal dip entry zone,7,2026-06-18,13.17,False,False,False,True,DRAWDOWN_RISK(vel=-20.0),0,False,False,False,False,False,False,48.3,6,89.0
INTEGRITY,INTEGRITY INFRA.,MONITOR,25.0,1.0,CAUTION,3.5,0.5,ILLIQUID,TOPPING,False,0,0,EXPIRED,False,0.0,0.0,5.0,EXIT,DETERIORATING (vel=-7.0 forensic=-2 regime=CAUTION),False,,,0.0,1,False,0.0,0.0,0.0,,7,2026-06-18,,False,False,False,True,DRAWDOWN_RISK(vel=-7.0),0,False,False,False,False,False,False,48.3,6,89.0
KALPATARU,KALPAT.,MONITOR,25.0,7.0,CAUTION,3.5,0.5,NORMAL,CORRECTION,False,1,2,EXPIRED,True,-4.39,10.1143,3.68,HOLD,,False,,A,5.5,3,False,345.19,320.15,352.09,Below 200DMA — enter on recovery above 200DMA,7,2026-06-18,-10.15,True,False,False,False,LOW_ROE(-10.2%),0,False,False,False,False,False,False,48.3,6,89.0
KWIL,KWALITY WALL'S,MONITOR,25.0,1.0,CAUTION,3.5,0.5,NORMAL,CORRECTION,False,2,2,FRESH,True,35.34,2.3307,7.52,PARTIAL_EXIT,EXTENDED: 5.6× ATR above 200DMA,False,,,0.0,3,False,27.48,32.53,36.02,Extended — wait for ATR pullback,7,2026-06-18,,False,False,False,False,,0,True,True,False,False,False,False,48.3,6,89.0
HDFCLIFE,HDFC LIFE INSUR.,MONITOR,25.0,2.0,CAUTION,3.5,0.5,NORMAL,TOPPING,False,1,1,EXPIRED,False,-16.72,15.0929,3.11,EXIT,DETERIORATING (vel=-7.0 forensic=-2 regime=CAUTION),False,,A,6.34,1,False,698.61,564.35,712.58,Below 200DMA — enter on recovery above 200DMA,7,2026-06-18,11.32,False,False,False,True,DRAWDOWN_RISK(vel=-7.0),0,False,False,False,False,False,False,48.3,6,89.0
BAJEL,BAJEL PROJECTS,MONITOR,24.0,1.0,CAUTION,3.5,0.5,NORMAL,TOPPING,False,2,2,FRESH,True,11.85,10.125,6.08,HOLD,,False,,,0.0,3,False,178.76,173.4,187.7,Near 200DMA — ideal dip entry zone,7,2026-06-18,2.32,True,True,False,False,LOW_ROE(2.3%) | HIGH_PE(170x vs ind 31x),0,False,False,False,False,False,False,48.3,6,89.0
NEPTUNE,NEPTUNE PET.,MONITOR,24.0,1.0,CAUTION,3.5,0.5,ILLIQUID,TOPPING,False,0,0,EXPIRED,False,0.0,0.0,5.0,HOLD,,False,,,0.0,2,False,0.0,0.0,0.0,,7,2026-06-18,,False,False,False,False,,0,False,False,False,False,False,False,48.3,6,89.0
NEELAM,NEELAM LINENS,MONITOR,24.0,1.0,CAUTION,3.5,0.5,ILLIQUID,LATE_CYCLE,False,1,1,EXPIRED,False,0.0,0.0,5.0,HOLD,,False,,,0.0,3,False,0.0,0.0,0.0,,7,2026-06-18,,False,False,False,False,,0,False,False,False,False,False,False,48.3,6,89.0
NRVANDANA,N R VANDANA,MONITOR,24.0,1.0,CAUTION,3.5,0.5,ILLIQUID,LATE_CYCLE,False,1,1,EXPIRED,False,0.0,0.0,5.0,HOLD,,False,,,0.0,3,False,0.0,0.0,0.0,,7,2026-06-18,,False,False,False,False,,0,False,False,False,False,False,False,48.3,6,89.0
RAJPUTANA,RAJPUTANA BIO.,MONITOR,24.0,1.0,CAUTION,3.5,0.5,ILLIQUID,TOPPING,False,0,0,EXPIRED,False,0.0,0.0,5.0,HOLD,,False,,,0.0,2,False,0.0,0.0,0.0,,7,2026-06-18,,False,False,False,False,,0,False,False,False,False,False,False,48.3,6,89.0
PINELABS,PINE LABS,MONITOR,24.0,0.0,CAUTION,3.5,0.5,NORMAL,LATE_CYCLE,False,1,2,EXPIRED,False,-23.37,6.6357,5.23,HOLD,,False,,,0.0,1,False,198.52,147.56,202.49,Below 200DMA — enter on recovery above 200DMA,7,2026-06-18,-4.24,True,True,False,False,LOW_ROE(-4.2%) | HIGH_PE(750x vs ind 18x),0,False,False,False,False,False,False,48.3,6,89.0
PLATIND,PLATINUM INDUSTR,MONITOR,24.0,1.0,CAUTION,3.5,0.5,NORMAL,TOPPING,False,1,1,FRESH,True,-6.39,7.5821,3.95,HOLD,,False,,,0.0,3,False,246.05,223.42,250.97,Below 200DMA — enter on recovery above 200DMA,7,2026-06-18,,False,False,False,False,,0,True,True,False,False,False,False,48.3,6,89.0
PURPLEUTED,PURPLE UNITED,MONITOR,24.0,1.0,CAUTION,3.5,0.5,ILLIQUID,LATE_CYCLE,False,1,1,EXPIRED,False,0.0,0.0,5.0,HOLD,,False,,,0.0,3,False,0.0,0.0,0.0,,7,2026-06-18,,False,False,False,False,,0,False,False,False,False,False,False,48.3,6,89.0
PRECAM,PRECISION CAMSHF,WATCHLIST_EXTERNAL,24.0,12.0,CAUTION,3.5,1.5,NORMAL,LATE_CYCLE,False,2,2,FRESH,False,-7.82,6.0786,4.87,HOLD,,False,,A,16.39,2,False,162.49,145.3,165.74,Below 200DMA — enter on recovery above 200DMA,7,2026-06-18,6.83,True,False,False,False,LOW_ROE(6.8%),0,True,True,False,False,False,False,48.3,6,89.0
PRAVEG,NAN,MONITOR,24.0,1.0,CAUTION,3.5,0.5,NORMAL,nan,False,0,0,EXPIRED,False,-9.92,16.0286,8.17,HOLD,,False,,,0.0,2,False,261.25,228.29,266.48,Below 200DMA — enter on recovery above 200DMA,7,2026-06-18,,False,False,False,True,DRAWDOWN_RISK(vel=-10.0),0,False,False,False,False,False,False,48.3,6,89.0
PARAMOUNT,PARAMOUNT DYE,MONITOR,24.0,1.0,CAUTION,3.5,0.5,ILLIQUID,LATE_CYCLE,False,1,1,EXPIRED,False,0.0,0.0,5.0,HOLD,,False,,,0.0,3,False,0.0,0.0,0.0,,7,2026-06-18,,False,False,False,False,,0,False,False,False,False,False,False,48.3,6,89.0
LGEINDIA,LG ELECTRONICS,MONITOR,24.0,1.0,CAUTION,3.5,0.5,NORMAL,LATE_CYCLE,False,2,3,EXPIRED,True,2.2,37.8072,2.87,HOLD,,False,,,0.0,4,False,1544.86,1498.51,1622.1,Near 200DMA — ideal dip entry zone,7,2026-06-18,,False,False,False,False,,0,True,True,False,False,False,False,48.3,6,89.0
SUNLITE,SUNLITE RECYCLI.,MONITOR,24.0,1.0,CAUTION,3.5,0.5,ILLIQUID,TOPPING,False,0,0,EXPIRED,False,0.0,0.0,5.0,HOLD,,False,,,0.0,2,False,0.0,0.0,0.0,,7,2026-06-18,,False,False,False,False,,0,False,False,False,False,False,False,48.3,6,89.0
SNEHAA,SNEHAA ORGANICS,MONITOR,24.0,1.0,CAUTION,3.5,0.5,ILLIQUID,TOPPING,False,0,0,EXPIRED,False,0.0,0.0,5.0,HOLD,,False,,,0.0,2,False,0.0,0.0,0.0,,7,2026-06-18,,False,False,False,False,,0,False,False,False,False,False,False,48.3,6,89.0
WOL3D,WOL 3D INDIA,MONITOR,24.0,1.0,CAUTION,3.5,0.5,ILLIQUID,TOPPING,False,0,0,EXPIRED,False,0.0,0.0,5.0,HOLD,,False,,,0.0,2,False,0.0,0.0,0.0,,7,2026-06-18,,False,False,False,False,,0,False,False,False,False,False,False,48.3,6,89.0
SDREAMS,S D RETAIL,MONITOR,24.0,1.0,CAUTION,3.5,0.5,ILLIQUID,LATE_CYCLE,False,1,1,EXPIRED,False,0.0,0.0,5.0,HOLD,,False,,,0.0,3,False,0.0,0.0,0.0,,7,2026-06-18,,False,False,False,False,,0,False,False,False,False,False,False,48.3,6,89.0
ROYALARC,ROYAL ARC ELE.,MONITOR,24.0,1.0,CAUTION,3.5,0.5,ILLIQUID,TOPPING,False,0,0,EXPIRED,False,0.0,0.0,5.0,HOLD,,False,,,0.0,2,False,0.0,0.0,0.0,,7,2026-06-18,,False,False,False,False,,0,False,False,False,False,False,False,48.3,6,89.0
SIDDHICOTS,SIDDHI COTSPIN,MONITOR,24.0,1.0,CAUTION,3.5,0.5,ILLIQUID,LATE_CYCLE,False,1,1,EXPIRED,False,0.0,0.0,5.0,HOLD,,False,,,0.0,3,False,0.0,0.0,0.0,,7,2026-06-18,,False,False,False,False,,0,False,False,False,False,False,False,48.3,6,89.0
CLASSICEIL,CLASSIC ELECTROD,MONITOR,24.0,1.0,CAUTION,3.5,0.5,ILLIQUID,TOPPING,False,0,0,EXPIRED,False,0.0,0.0,5.0,HOLD,,False,,,0.0,2,False,0.0,0.0,0.0,,7,2026-06-18,,False,False,False,False,,0,False,False,False,False,False,False,48.3,6,89.0
BIRLAPREC,NAN,MONITOR,24.0,1.0,CAUTION,3.5,0.5,RESTRICTED,nan,False,0,0,EXPIRED,False,-0.39,2.4193,7.68,HOLD,,False,,,0.0,2,False,37.97,36.69,38.73,Below 200DMA — enter on recovery above 200DMA,7,2026-06-18,,False,False,False,True,DRAWDOWN_RISK(vel=-10.0),0,False,False,False,False,False,False,48.3,6,89.0
CEDAAR,CEDAAR TEXTILE,MONITOR,24.0,1.0,CAUTION,3.5,0.5,ILLIQUID,LATE_CYCLE,False,1,1,EXPIRED,False,0.0,0.0,5.0,HOLD,,False,,,0.0,3,False,0.0,0.0,0.0,,7,2026-06-18,,False,False,False,False,,0,False,False,False,False,False,False,48.3,6,89.0
CHOLAHLDNG,CHOLA FINANCIAL,MONITOR,24.0,1.0,CAUTION,3.5,0.5,NORMAL,LATE_CYCLE,False,2,2,FRESH,False,-8.58,53.6,4.06,EXIT,DETERIORATING (vel=-20.0 forensic=-4 regime=CAUTION),False,,,0.0,1,False,1732.64,1536.38,1767.29,Below 200DMA — enter on recovery above 200DMA,7,2026-06-18,17.37,False,False,False,True,DRAWDOWN_RISK(vel=-20.0),0,False,False,False,False,False,False,48.3,6,89.0
DIVYADHAN,DIVYADHAN RECY.,MONITOR,24.0,1.0,CAUTION,3.5,0.5,ILLIQUID,LATE_CYCLE,False,1,1,EXPIRED,False,0.0,0.0,5.0,HOLD,,False,,,0.0,3,False,0.0,0.0,0.0,,7,2026-06-18,,False,False,False,False,,0,False,False,False,False,False,False,48.3,6,89.0
ARUNAYA,ARUNAYA ORGANICS,MONITOR,24.0,1.0,CAUTION,3.5,0.5,ILLIQUID,TOPPING,False,0,0,EXPIRED,False,0.0,0.0,5.0,HOLD,,False,,,0.0,2,False,0.0,0.0,0.0,,7,2026-06-18,,False,False,False,False,,0,False,False,False,False,False,False,48.3,6,89.0
AERON,AERON COMPOSITES,MONITOR,24.0,1.0,CAUTION,3.5,0.5,ILLIQUID,TOPPING,False,0,0,EXPIRED,False,0.0,0.0,5.0,HOLD,,False,,,0.0,2,False,0.0,0.0,0.0,,7,2026-06-18,,False,False,False,False,,0,False,False,False,False,False,False,48.3,6,89.0
AMIRCHAND,NAN,MONITOR,24.0,1.0,CAUTION,3.5,0.5,NORMAL,nan,False,1,1,AGING,True,-0.89,4.4693,4.14,HOLD,,False,,,0.0,3,False,130.69,125.63,133.3,Below 200DMA — enter on recovery above 200DMA,7,2026-06-18,,False,False,False,True,DRAWDOWN_RISK(vel=-10.0),0,False,False,False,False,False,False,48.3,6,89.0
BALAJIPHOS,BALAJI PHOS.,MONITOR,24.0,1.0,CAUTION,3.5,0.5,ILLIQUID,LATE_CYCLE,False,1,2,EXPIRED,False,0.0,0.0,5.0,HOLD,,False,,,0.0,3,False,0.0,0.0,0.0,,7,2026-06-18,,False,False,False,False,,0,False,False,False,False,False,False,48.3,6,89.0
AVIANSH,AVI ANSH,MONITOR,24.0,1.0,CAUTION,3.5,0.5,ILLIQUID,LATE_CYCLE,False,1,1,EXPIRED,False,0.0,0.0,5.0,HOLD,,False,,,0.0,3,False,0.0,0.0,0.0,,7,2026-06-18,,False,False,False,False,,0,False,False,False,False,False,False,48.3,6,89.0
IPHL,INDIAN PHOSPHATE,MONITOR,24.0,1.0,CAUTION,3.5,0.5,ILLIQUID,TOPPING,False,0,0,EXPIRED,False,0.0,0.0,5.0,HOLD,,False,,,0.0,2,False,0.0,0.0,0.0,,7,2026-06-18,,False,False,False,False,,0,False,False,False,False,False,False,48.3,6,89.0
KEN,KEN ENTER.,MONITOR,24.0,1.0,CAUTION,3.5,0.5,ILLIQUID,LATE_CYCLE,False,1,1,EXPIRED,False,0.0,0.0,5.0,HOLD,,False,,,0.0,3,False,0.0,0.0,0.0,,7,2026-06-18,,False,False,False,False,,0,False,False,False,False,False,False,48.3,6,89.0
JAYBEE,JAY BEE LAMINATI,MONITOR,24.0,1.0,CAUTION,3.5,0.5,ILLIQUID,TOPPING,False,0,0,EXPIRED,False,0.0,0.0,5.0,HOLD,,False,,,0.0,2,False,0.0,0.0,0.0,,7,2026-06-18,,False,False,False,False,,0,False,False,False,False,False,False,48.3,6,89.0
GNRL,NAN,MONITOR,24.0,1.0,CAUTION,3.5,0.5,NORMAL,nan,False,0,0,EXPIRED,False,-10.64,3.3436,4.66,HOLD,,False,,A,5.5,2,False,96.38,83.55,98.31,Below 200DMA — enter on recovery above 200DMA,7,2026-06-18,,False,False,False,True,DRAWDOWN_RISK(vel=-10.0),0,False,False,False,False,False,False,48.3,6,89.0
FORCAS,FORCAS STUDIO,MONITOR,24.0,1.0,CAUTION,3.5,0.5,ILLIQUID,LATE_CYCLE,False,1,1,EXPIRED,False,0.0,0.0,5.0,HOLD,,False,,,0.0,3,False,0.0,0.0,0.0,,7,2026-06-18,,False,False,False,False,,0,False,False,False,False,False,False,48.3,6,89.0
MEESHO,MEESHO,MONITOR,23.0,4.0,CAUTION,3.5,0.5,NORMAL,TOPPING,False,1,1,FRESH,False,-3.15,7.5086,5.48,HOLD,,False,,,0.0,0,False,169.91,159.62,173.31,Below 200DMA — enter on recovery above 200DMA,7,2026-06-18,-272.68,True,False,False,False,LOW_ROE(-272.7%),0,True,True,False,False,False,False,48.3,6,89.0
UTSSAV,UTSSAV CZ GOLD,MONITOR,23.0,1.0,CAUTION,3.5,0.5,ILLIQUID,LATE_CYCLE,False,1,2,EXPIRED,False,0.0,0.0,5.0,HOLD,,False,,,0.0,3,False,0.0,0.0,0.0,,7,2026-06-18,,False,False,False,False,,0,False,False,False,False,False,False,48.3,6,89.0
BUILDPRO,SHANKARA BUILDPRO,MONITOR,23.0,1.0,CAUTION,3.5,0.5,NORMAL,TOPPING,False,1,1,FRESH,False,5.98,53.35,6.11,HOLD,,False,,,0.0,3,False,988.24,958.59,1037.65,Near 200DMA — ideal dip entry zone,7,2026-06-18,,False,False,False,False,,0,False,False,False,False,False,False,48.3,6,89.0
BALCO,SOLVE PLASTIC,MONITOR,23.0,1.0,CAUTION,3.5,0.5,ILLIQUID,TOPPING,False,0,0,EXPIRED,False,0.0,0.0,5.0,HOLD,,False,,,0.0,1,False,0.0,0.0,0.0,,7,2026-06-18,,False,False,False,False,,0,False,False,False,False,False,False,48.3,6,89.0
PRIMECAB,PRIME CABLE IND.,MONITOR,22.0,1.0,CAUTION,3.5,0.5,ILLIQUID,TOPPING,False,0,0,EXPIRED,False,0.0,0.0,5.0,HOLD,,False,,,0.0,2,False,0.0,0.0,0.0,,7,2026-06-18,,False,False,False,False,,0,False,False,False,False,False,False,48.3,6,89.0
MONOLITH,MONOLITHISCH IND,MONITOR,22.0,1.0,CAUTION,3.5,0.5,ILLIQUID,TOPPING,False,0,0,EXPIRED,False,0.0,0.0,5.0,HOLD,,False,,,0.0,2,False,0.0,0.0,0.0,,7,2026-06-18,,False,False,False,False,,0,False,False,False,False,False,False,48.3,6,89.0
URJA,URJA GLOBAL,MONITOR,22.0,3.0,CAUTION,3.5,0.5,NORMAL,TOPPING,False,1,1,EXPIRED,False,-10.01,0.4957,5.88,HOLD,,False,,,0.0,1,False,11.25,9.82,11.47,Below 200DMA — enter on recovery above 200DMA,7,2026-06-18,0.73,True,True,False,False,LOW_ROE(0.7%) | HIGH_PE(457x vs ind 31x),0,False,False,False,False,False,False,48.3,6,89.0
UHTL,UNITED HEAT,MONITOR,22.0,1.0,CAUTION,3.5,0.5,ILLIQUID,TOPPING,False,0,0,EXPIRED,False,0.0,0.0,5.0,HOLD,,False,,,0.0,2,False,0.0,0.0,0.0,,7,2026-06-18,,False,False,False,False,,0,False,False,False,False,False,False,48.3,6,89.0
SUNTECH,SUNTECH INFRA.,MONITOR,22.0,1.0,CAUTION,3.5,0.5,ILLIQUID,TOPPING,False,0,0,EXPIRED,False,0.0,0.0,5.0,HOLD,,False,,,0.0,2,False,0.0,0.0,0.0,,7,2026-06-18,,False,False,False,True,DRAWDOWN_RISK(vel=-7.0),0,False,False,False,False,False,False,48.3,6,89.0
SATTVAENGG,SATTVA ENG.,MONITOR,22.0,1.0,CAUTION,3.5,0.5,ILLIQUID,TOPPING,False,0,0,EXPIRED,False,0.0,0.0,5.0,HOLD,,False,,,0.0,2,False,0.0,0.0,0.0,,7,2026-06-18,,False,False,False,True,DRAWDOWN_RISK(vel=-7.0),0,False,False,False,False,False,False,48.3,6,89.0
SAVY,SAVY INFRA,MONITOR,22.0,1.0,CAUTION,3.5,0.5,ILLIQUID,TOPPING,False,0,0,EXPIRED,False,0.0,0.0,5.0,HOLD,,False,,,0.0,2,False,0.0,0.0,0.0,,7,2026-06-18,,False,False,False,True,DRAWDOWN_RISK(vel=-7.0),0,False,False,False,False,False,False,48.3,6,89.0
READYMIX,READYMIX CONS.,MONITOR,22.0,1.0,CAUTION,3.5,0.5,ILLIQUID,TOPPING,False,0,0,EXPIRED,False,0.0,0.0,5.0,HOLD,,False,,,0.0,2,False,0.0,0.0,0.0,,7,2026-06-18,,False,False,False,True,DRAWDOWN_RISK(vel=-7.0),0,False,False,False,False,False,False,48.3,6,89.0
SAMAY,SAMAY PROJECT,MONITOR,22.0,1.0,CAUTION,3.5,0.5,ILLIQUID,TOPPING,False,0,0,EXPIRED,False,0.0,0.0,5.0,HOLD,,False,,,0.0,2,False,0.0,0.0,0.0,,7,2026-06-18,,False,False,False,True,DRAWDOWN_RISK(vel=-7.0),0,False,False,False,False,False,False,48.3,6,89.0
SHRIKANHA,SHRI KANHA STAIN,MONITOR,22.0,1.0,CAUTION,3.5,0.5,ILLIQUID,TOPPING,False,0,0,EXPIRED,False,0.0,0.0,5.0,HOLD,,False,,,0.0,2,False,0.0,0.0,0.0,,7,2026-06-18,,False,False,False,False,,0,False,False,False,False,False,False,48.3,6,89.0
BHADORA,BHADORA INDUST.,MONITOR,22.0,1.0,CAUTION,3.5,0.5,ILLIQUID,TOPPING,False,0,0,EXPIRED,False,0.0,0.0,5.0,HOLD,,False,,,0.0,2,False,0.0,0.0,0.0,,7,2026-06-18,,False,False,False,False,,0,False,False,False,False,False,False,48.3,6,89.0
BIOPOL,BIOPOL CHEMICALS,MONITOR,22.0,1.0,CAUTION,3.5,0.5,ILLIQUID,TOPPING,False,0,0,EXPIRED,False,0.0,0.0,5.0,HOLD,,False,,,0.0,2,False,0.0,0.0,0.0,,7,2026-06-18,,False,False,False,False,,0,False,False,False,False,False,False,48.3,6,89.0
EXIMROUTES,EXIM ROUTES,MONITOR,22.0,1.0,CAUTION,3.5,0.5,ILLIQUID,CORRECTION,False,1,1,EXPIRED,False,0.0,0.0,5.0,HOLD,,False,,,0.0,3,False,0.0,0.0,0.0,,7,2026-06-18,,False,False,False,False,,0,False,False,False,False,False,False,48.3,6,89.0
DHARIWAL,DHARIWALCORP,MONITOR,22.0,1.0,CAUTION,3.5,0.5,ILLIQUID,TOPPING,False,0,0,EXPIRED,False,0.0,0.0,5.0,HOLD,,False,,,0.0,1,False,0.0,0.0,0.0,,7,2026-06-18,,False,False,False,False,,0,False,False,False,False,False,False,48.3,6,89.0
E2ERAIL,E TO E TRANSPORTATION,MONITOR,22.0,1.0,CAUTION,3.5,0.5,ILLIQUID,TOPPING,False,0,0,EXPIRED,False,0.0,0.0,5.0,HOLD,,False,,,0.0,2,False,0.0,0.0,0.0,,7,2026-06-18,,False,False,False,True,DRAWDOWN_RISK(vel=-7.0),0,False,False,False,False,False,False,48.3,6,89.0
ANONDITA,ANONDITA MEDI.,MONITOR,22.0,1.0,CAUTION,3.5,0.5,ILLIQUID,BASING,False,0,0,EXPIRED,False,0.0,0.0,5.0,HOLD,,False,,,0.0,3,False,0.0,0.0,0.0,,7,2026-06-18,,False,False,False,False,,0,False,False,False,False,False,False,48.3,6,89.0
APEXECO,APEX ECOTECH,MONITOR,22.0,1.0,CAUTION,3.5,0.5,ILLIQUID,TOPPING,False,0,0,EXPIRED,False,0.0,0.0,5.0,HOLD,,False,,,0.0,2,False,0.0,0.0,0.0,,7,2026-06-18,,False,False,False,True,DRAWDOWN_RISK(vel=-7.0),0,False,False,False,False,False,False,48.3,6,89.0
AESTHETIK,AESTHETIK ENGI.,MONITOR,22.0,1.0,CAUTION,3.5,0.5,ILLIQUID,TOPPING,False,0,0,EXPIRED,False,0.0,0.0,5.0,HOLD,,False,,,0.0,2,False,0.0,0.0,0.0,,7,2026-06-18,,False,False,False,True,DRAWDOWN_RISK(vel=-7.0),0,False,False,False,False,False,False,48.3,6,89.0
INNOMET,INNOMET ADVANCED,MONITOR,22.0,1.0,CAUTION,3.5,0.5,ILLIQUID,CORRECTION,False,1,1,EXPIRED,False,0.0,0.0,5.0,HOLD,,False,,,0.0,3,False,0.0,0.0,0.0,,7,2026-06-18,,False,False,False,False,,0,False,False,False,False,False,False,48.3,6,89.0
HVAX,HVAX TECHNOLOG.,MONITOR,22.0,1.0,CAUTION,3.5,0.5,ILLIQUID,TOPPING,False,0,0,EXPIRED,False,0.0,0.0,5.0,HOLD,,False,,,0.0,2,False,0.0,0.0,0.0,,7,2026-06-18,,False,False,False,True,DRAWDOWN_RISK(vel=-7.0),0,False,False,False,False,False,False,48.3,6,89.0
LAKSHYA,LAKSHYA POWERTEC,MONITOR,22.0,1.0,CAUTION,3.5,0.5,ILLIQUID,TOPPING,False,0,0,EXPIRED,False,0.0,0.0,5.0,HOLD,,False,,,0.0,2,False,0.0,0.0,0.0,,7,2026-06-18,,False,False,False,True,DRAWDOWN_RISK(vel=-7.0),0,False,False,False,False,False,False,48.3,6,89.0
GANESHIN,GANESH INFRA.,MONITOR,22.0,1.0,CAUTION,3.5,0.5,ILLIQUID,TOPPING,False,0,0,EXPIRED,False,0.0,0.0,5.0,HOLD,,False,,,0.0,2,False,0.0,0.0,0.0,,7,2026-06-18,,False,False,False,True,DRAWDOWN_RISK(vel=-7.0),0,False,False,False,False,False,False,48.3,6,89.0
GREENLEAF,GREENLEAF ENVI.,MONITOR,22.0,1.0,CAUTION,3.5,0.5,ILLIQUID,TOPPING,False,0,0,EXPIRED,False,0.0,0.0,5.0,HOLD,,False,,,0.0,2,False,0.0,0.0,0.0,,7,2026-06-18,,False,False,False,True,DRAWDOWN_RISK(vel=-7.0),0,False,False,False,False,False,False,48.3,6,89.0
PRITIKAUTO,PRITIKA AUTO,MONITOR,21.0,7.0,CAUTION,3.5,0.5,RESTRICTED,LATE_CYCLE,False,2,3,EXPIRED,True,15.92,0.7914,5.7,HOLD,,False,,A,5.5,3,False,14.37,15.08,16.26,Extended — wait for ATR pullback,7,2026-06-18,7.15,True,False,False,False,LOW_ROE(7.2%),0,False,False,False,False,False,False,48.3,6,89.0
UGROCAP,UGRO CAPITAL,MONITOR,21.0,0.0,CAUTION,3.5,0.5,NORMAL,LATE_CYCLE,False,2,2,FRESH,False,-31.65,2.8029,3.47,EXIT,DETERIORATING (vel=-19.0 forensic=-6 regime=CAUTION),False,,,0.0,0,False,141.84,94.04,144.68,Below 200DMA — enter on recovery above 200DMA,7,2026-06-18,7.03,True,False,False,True,LOW_ROE(7.0%) | DRAWDOWN_RISK(vel=-19.0),0,False,False,False,False,False,False,48.3,6,89.0
DIVINEHIRA,DIVINE HIRA JEW.,MONITOR,21.0,1.0,CAUTION,3.5,0.5,ILLIQUID,LATE_CYCLE,False,1,2,EXPIRED,False,0.0,0.0,5.0,HOLD,,False,,,0.0,3,False,0.0,0.0,0.0,,7,2026-06-18,,False,False,False,False,,0,False,False,False,False,False,False,48.3,6,89.0
ECOLINE,ECOLINE EXIM,MONITOR,21.0,1.0,CAUTION,3.5,0.5,ILLIQUID,TOPPING,False,0,0,EXPIRED,False,0.0,0.0,5.0,HOLD,,False,,,0.0,2,False,0.0,0.0,0.0,,7,2026-06-18,,False,False,False,False,,0,False,False,False,False,False,False,48.3,6,89.0
ARHAM,ARHAM TECH,MONITOR,21.0,1.0,CAUTION,3.5,0.5,ILLIQUID,LATE_CYCLE,False,1,2,EXPIRED,False,0.0,0.0,5.0,HOLD,,False,,,0.0,3,False,0.0,0.0,0.0,,7,2026-06-18,,False,False,False,False,,0,False,False,False,False,False,False,48.3,6,89.0
AEQUS,AEQUS,MONITOR,21.0,3.0,CAUTION,3.5,0.5,NORMAL,TOPPING,False,2,2,FRESH,True,28.06,12.0721,7.25,PARTIAL_EXIT,EXTENDED: 4.6× ATR above 200DMA,False,,,0.0,2,False,156.03,175.67,193.77,Extended — wait for ATR pullback,7,2026-06-18,-14.28,True,False,False,False,LOW_ROE(-14.3%),0,False,False,False,False,False,False,48.3,6,89.0
GJL,GROVER JEWELLS,MONITOR,21.0,1.0,CAUTION,3.5,0.5,ILLIQUID,LATE_CYCLE,False,1,1,EXPIRED,False,0.0,0.0,5.0,HOLD,,False,,,0.0,3,False,0.0,0.0,0.0,,7,2026-06-18,,False,False,False,False,,0,False,False,False,False,False,False,48.3,6,89.0
GANGABATH,GANGA BATH FITT.,MONITOR,21.0,1.0,CAUTION,3.5,0.5,ILLIQUID,LATE_CYCLE,False,1,2,EXPIRED,False,0.0,0.0,5.0,HOLD,,False,,,0.0,3,False,0.0,0.0,0.0,,7,2026-06-18,,False,False,False,False,,0,False,False,False,False,False,False,48.3,6,89.0
GROWW,BILLIONBRAINS,WATCHLIST_EXTERNAL,21.0,1.0,CAUTION,3.5,1.5,NORMAL,LATE_CYCLE,False,3,3,FRESH,True,14.8,6.9893,4.22,HOLD,,False,,,0.0,5,False,173.32,168.12,181.99,Near 200DMA — ideal dip entry zone,7,2026-06-18,,False,True,False,False,HIGH_PE(58x vs ind 22x),0,True,True,False,False,False,False,48.3,6,89.0
UCOBANK,UCO BANK,MONITOR,20.0,2.0,CAUTION,3.5,0.5,NORMAL,LATE_CYCLE,False,3,3,FRESH,True,0.67,0.8971,3.82,HOLD,,False,,A,14.18,4,False,28.01,27.17,29.41,Near 200DMA — ideal dip entry zone,7,2026-06-18,8.57,False,False,False,False,,0,False,False,False,False,False,False,48.3,6,89.0
RUBICON,RUBICON RESEARCH,WATCHLIST_EXTERNAL,20.0,1.0,CAUTION,3.5,1.5,NORMAL,LATE_CYCLE,False,2,3,EXPIRED,True,72.04,108.1,9.48,EXIT,PROFIT_ZONE: +72% above 200DMA | EXTENDED: 9.1× ATR above 200DMA,False,,,0.0,4,False,795.35,1152.1,1314.25,Extended — wait for ATR pullback,7,2026-06-18,,False,False,False,False,,0,False,False,False,False,False,False,48.3,6,89.0
SHRIAHIMSA,SHRI AHIMSA,MONITOR,20.0,1.0,CAUTION,3.5,0.5,ILLIQUID,CORRECTION,False,0,0,EXPIRED,False,0.0,0.0,5.0,HOLD,,False,,,0.0,2,False,0.0,0.0,0.0,,7,2026-06-18,,False,False,False,False,,0,False,False,False,False,False,False,48.3,6,89.0
JAINIK,JAINIK POWER,MONITOR,20.0,1.0,CAUTION,3.5,0.5,ILLIQUID,TOPPING,False,0,0,EXPIRED,False,0.0,0.0,5.0,HOLD,,False,,,0.0,3,False,0.0,0.0,0.0,,7,2026-06-18,,False,False,False,False,,0,False,False,False,False,False,False,48.3,6,89.0
GURUNANAK,GURUNANAK AGRI.,MONITOR,20.0,1.0,CAUTION,3.5,0.5,ILLIQUID,CORRECTION,False,0,0,EXPIRED,False,0.0,0.0,5.0,HOLD,,False,,,0.0,3,False,0.0,0.0,0.0,,7,2026-06-18,,False,False,False,False,,0,False,False,False,False,False,False,48.3,6,89.0
FRESHARA,FRESHARA AGRO,MONITOR,20.0,1.0,CAUTION,3.5,0.5,ILLIQUID,CORRECTION,False,0,0,EXPIRED,False,0.0,0.0,5.0,HOLD,,False,,,0.0,2,False,0.0,0.0,0.0,,7,2026-06-18,,False,False,False,False,,0,False,False,False,False,False,False,48.3,6,89.0
GCHOTELS,GRAND CONTINENT,MONITOR,20.0,1.0,CAUTION,3.5,0.5,ILLIQUID,LATE_CYCLE,False,1,2,EXPIRED,False,0.0,0.0,5.0,HOLD,,False,,,0.0,3,False,0.0,0.0,0.0,,7,2026-06-18,,False,False,False,False,,0,False,False,False,False,False,False,48.3,6,89.0
RAJINDLTD,RAJPUTANA INDU.,MONITOR,19.0,1.0,CAUTION,3.5,0.5,ILLIQUID,TOPPING,False,0,0,EXPIRED,False,0.0,0.0,5.0,HOLD,,False,,,0.0,2,False,0.0,0.0,0.0,,7,2026-06-18,,False,False,False,False,,0,False,False,False,False,False,False,48.3,6,89.0
PSFL,PARAMOUNT SPECIA,MONITOR,19.0,1.0,CAUTION,3.5,0.5,ILLIQUID,TOPPING,False,0,0,EXPIRED,False,0.0,0.0,5.0,HOLD,,False,,,0.0,2,False,0.0,0.0,0.0,,7,2026-06-18,,False,False,False,False,,0,False,False,False,False,False,False,48.3,6,89.0
MUNISH,MUNISH FORGE,MONITOR,19.0,1.0,CAUTION,3.5,0.5,ILLIQUID,TOPPING,False,0,0,EXPIRED,False,0.0,0.0,5.0,HOLD,,False,,,0.0,2,False,0.0,0.0,0.0,,7,2026-06-18,,False,False,False,False,,0,False,False,False,False,False,False,48.3,6,89.0
MPEL,MANAS POLYMERS,MONITOR,19.0,1.0,CAUTION,3.5,0.5,ILLIQUID,TOPPING,False,0,0,EXPIRED,False,0.0,0.0,5.0,HOLD,,False,,,0.0,2,False,0.0,0.0,0.0,,7,2026-06-18,,False,False,False,False,,0,False,False,False,False,False,False,48.3,6,89.0
SPPPOLY,SPP POLYMER,MONITOR,19.0,1.0,CAUTION,3.5,0.5,ILLIQUID,TOPPING,False,0,0,EXPIRED,False,0.0,0.0,5.0,HOLD,,False,,,0.0,2,False,0.0,0.0,0.0,,7,2026-06-18,,False,False,False,False,,0,False,False,False,False,False,False,48.3,6,89.0
VIGOR,VIGOR PLAST,MONITOR,19.0,1.0,CAUTION,3.5,0.5,ILLIQUID,TOPPING,False,0,0,EXPIRED,False,0.0,0.0,5.0,HOLD,,False,,,0.0,2,False,0.0,0.0,0.0,,7,2026-06-18,,False,False,False,False,,0,False,False,False,False,False,False,48.3,6,89.0
RAPPID,RAPPID VALVES,MONITOR,19.0,1.0,CAUTION,3.5,0.5,ILLIQUID,TOPPING,False,0,0,EXPIRED,False,0.0,0.0,5.0,HOLD,,False,,,0.0,2,False,0.0,0.0,0.0,,7,2026-06-18,,False,False,False,False,,0,False,False,False,False,False,False,48.3,6,89.0
SHUBHSHREE,SHUBHSHREE BIO.,MONITOR,19.0,1.0,CAUTION,3.5,0.5,ILLIQUID,TOPPING,False,0,0,EXPIRED,False,0.0,0.0,5.0,HOLD,,False,,,0.0,2,False,0.0,0.0,0.0,,7,2026-06-18,,False,False,False,False,,0,False,False,False,False,False,False,48.3,6,89.0
CESC,CESC,MONITOR,19.0,0.0,CAUTION,3.5,0.5,NORMAL,TOPPING,False,1,1,EXPIRED,False,2.6,4.88,3.45,HOLD,,False,,A,69.84,2,False,165.61,160.64,173.89,Near 200DMA — ideal dip entry zone,7,2026-06-18,11.4,True,False,False,False,LOW_ROE(11.4%),0,False,False,False,False,False,False,48.3,6,89.0
BULKCORP,BULKCORP INTER.,MONITOR,19.0,1.0,CAUTION,3.5,0.5,ILLIQUID,TOPPING,False,0,0,EXPIRED,False,0.0,0.0,5.0,HOLD,,False,,,0.0,2,False,0.0,0.0,0.0,,7,2026-06-18,,False,False,False,False,,0,False,False,False,False,False,False,48.3,6,89.0
ENVIRO,ENVIROTECH SYS.,MONITOR,19.0,1.0,CAUTION,3.5,0.5,ILLIQUID,TOPPING,False,0,0,EXPIRED,False,0.0,0.0,5.0,HOLD,,False,,,0.0,2,False,0.0,0.0,0.0,,7,2026-06-18,,False,False,False,False,,0,False,False,False,False,False,False,48.3,6,89.0
ARCIIL,ARC INSULATION,MONITOR,19.0,1.0,CAUTION,3.5,0.5,ILLIQUID,TOPPING,False,0,0,EXPIRED,False,0.0,0.0,5.0,HOLD,,False,,,0.0,2,False,0.0,0.0,0.0,,7,2026-06-18,,False,False,False,False,,0,False,False,False,False,False,False,48.3,6,89.0
ABHAPOWER,ABHA POWER,MONITOR,19.0,1.0,CAUTION,3.5,0.5,ILLIQUID,TOPPING,False,0,0,EXPIRED,False,0.0,0.0,5.0,HOLD,,False,,,0.0,2,False,0.0,0.0,0.0,,7,2026-06-18,,False,False,False,False,,0,False,False,False,False,False,False,48.3,6,89.0
AMCL,ANB METAL,MONITOR,19.0,1.0,CAUTION,3.5,0.5,ILLIQUID,TOPPING,False,0,0,EXPIRED,False,0.0,0.0,5.0,HOLD,,False,,,0.0,2,False,0.0,0.0,0.0,,7,2026-06-18,,False,False,False,False,,0,False,False,False,False,False,False,48.3,6,89.0
BARFLEX,BARFLEX POLYFILM,MONITOR,19.0,1.0,CAUTION,3.5,0.5,ILLIQUID,TOPPING,False,0,0,EXPIRED,False,0.0,0.0,5.0,HOLD,,False,,,0.0,2,False,0.0,0.0,0.0,,7,2026-06-18,,False,False,False,False,,0,False,False,False,False,False,False,48.3,6,89.0
AUSL,ADITYA ULTRA,MONITOR,19.0,1.0,CAUTION,3.5,0.5,ILLIQUID,TOPPING,False,0,0,EXPIRED,False,0.0,0.0,5.0,HOLD,,False,,,0.0,2,False,0.0,0.0,0.0,,7,2026-06-18,,False,False,False,False,,0,False,False,False,False,False,False,48.3,6,89.0
IDEALTECHO,IDEAL TECHNOPL.,MONITOR,19.0,1.0,CAUTION,3.5,0.5,ILLIQUID,TOPPING,False,0,0,EXPIRED,False,0.0,0.0,5.0,HOLD,,False,,,0.0,2,False,0.0,0.0,0.0,,7,2026-06-18,,False,False,False,False,,0,False,False,False,False,False,False,48.3,6,89.0
JYOTIGLOBL,JYOTI GLOBAL,MONITOR,19.0,1.0,CAUTION,3.5,0.5,ILLIQUID,TOPPING,False,0,0,EXPIRED,False,0.0,0.0,5.0,HOLD,,False,,,0.0,2,False,0.0,0.0,0.0,,7,2026-06-18,,False,False,False,False,,0,False,False,False,False,False,False,48.3,6,89.0
KALANA,KALANA ISPAT,MONITOR,19.0,1.0,CAUTION,3.5,0.5,ILLIQUID,TOPPING,False,0,0,EXPIRED,False,0.0,0.0,5.0,HOLD,,False,,,0.0,2,False,0.0,0.0,0.0,,7,2026-06-18,,False,False,False,False,,0,False,False,False,False,False,False,48.3,6,89.0
NFL,NATL.FERTILIZER,MONITOR,18.0,1.0,CAUTION,3.5,0.5,NORMAL,LATE_CYCLE,False,2,3,EXPIRED,True,-6.4,2.3943,3.68,HOLD,,False,,A,24.88,3,False,83.4,75.72,85.07,Below 200DMA — enter on recovery above 200DMA,7,2026-06-18,6.77,True,False,False,False,LOW_ROE(6.8%),0,False,False,False,False,False,False,48.3,6,89.0
NEOCHEM,NEOCHEM BIO,MONITOR,18.0,1.0,CAUTION,3.5,0.5,ILLIQUID,TOPPING,False,0,0,EXPIRED,False,0.0,0.0,5.0,HOLD,,False,,,0.0,2,False,0.0,0.0,0.0,,7,2026-06-18,,False,False,False,False,,0,False,False,False,False,False,False,48.3,6,89.0
MANILAM,MANILAM INDUSTRIES,MONITOR,18.0,1.0,CAUTION,3.5,0.5,ILLIQUID,LATE_CYCLE,False,1,1,EXPIRED,False,0.0,0.0,5.0,HOLD,,False,,,0.0,3,False,0.0,0.0,0.0,,7,2026-06-18,,False,False,False,False,,0,False,False,False,False,False,False,48.3,6,89.0
UNILEX,UNILEX COLOUR &C,MONITOR,18.0,1.0,CAUTION,3.5,0.5,ILLIQUID,TOPPING,False,0,0,EXPIRED,False,0.0,0.0,5.0,HOLD,,False,,,0.0,2,False,0.0,0.0,0.0,,7,2026-06-18,,False,False,False,False,,0,False,False,False,False,False,False,48.3,6,89.0
SPEB,SPEB ADHESIVES,MONITOR,18.0,1.0,CAUTION,3.5,0.5,ILLIQUID,TOPPING,False,0,0,EXPIRED,False,0.0,0.0,5.0,HOLD,,False,,,0.0,2,False,0.0,0.0,0.0,,7,2026-06-18,,False,False,False,False,,0,False,False,False,False,False,False,48.3,6,89.0
YAAP,YAAP DIGITAL,MONITOR,18.0,1.0,CAUTION,3.5,0.5,ILLIQUID,TOPPING,False,0,0,EXPIRED,False,0.0,0.0,5.0,HOLD,,False,,,0.0,3,False,0.0,0.0,0.0,,7,2026-06-18,,False,False,False,False,,0,False,False,False,False,False,False,48.3,6,89.0
SACHEEROME,SACHEEROME,MONITOR,18.0,1.0,CAUTION,3.5,0.5,ILLIQUID,TOPPING,False,0,0,EXPIRED,False,0.0,0.0,5.0,HOLD,,False,,,0.0,2,False,0.0,0.0,0.0,,7,2026-06-18,,False,False,False,False,,0,False,False,False,False,False,False,48.3,6,89.0
CENTRALBK,CENTRAL BANK,MONITOR,18.0,1.0,CAUTION,3.5,0.5,NORMAL,LATE_CYCLE,False,3,3,FRESH,True,-5.09,0.9643,3.42,HOLD,,False,,A,19.72,4,False,35.69,32.85,36.4,Below 200DMA — enter on recovery above 200DMA,7,2026-06-18,13.23,False,False,False,False,,0,False,False,False,False,False,False,48.3,6,89.0
AMBANIORGO,AMBANI ORGOCHEM,MONITOR,18.0,1.0,CAUTION,3.5,0.5,ILLIQUID,TOPPING,False,0,0,EXPIRED,False,0.0,0.0,5.0,HOLD,,False,,,0.0,2,False,0.0,0.0,0.0,,7,2026-06-18,,False,False,False,False,,0,False,False,False,False,False,False,48.3,6,89.0
FINOPB,FINO PAYMENTS,MONITOR,18.0,1.0,CAUTION,3.5,0.5,NORMAL,LATE_CYCLE,False,3,3,FRESH,True,-36.05,7.3321,6.29,HOLD,,False,,,0.0,4,False,218.79,135.71,223.17,Below 200DMA — enter on recovery above 200DMA,7,2026-06-18,12.39,False,False,False,False,,0,False,False,False,False,False,False,48.3,6,89.0
SMARTEN,SMARTEN POWER,MONITOR,17.0,1.0,CAUTION,3.5,0.5,ILLIQUID,TOPPING,False,0,0,EXPIRED,False,0.0,0.0,5.0,HOLD,,False,,,0.0,3,False,0.0,0.0,0.0,,7,2026-06-18,,False,False,False,False,,0,False,False,False,False,False,False,48.3,6,89.0
RAYMONDREL,RAYMOND REALTY,MONITOR,17.0,1.0,CAUTION,3.5,0.5,NORMAL,CORRECTION,False,2,2,FRESH,True,14.82,33.4679,6.75,HOLD,,False,,,0.0,4,False,518.47,502.92,544.39,Near 200DMA — ideal dip entry zone,7,2026-06-18,,False,False,False,False,,0,False,False,False,False,False,False,48.3,6,89.0
RTL,RAMA TELECOM,MONITOR,17.0,1.0,CAUTION,3.5,0.5,ILLIQUID,CORRECTION,False,0,0,EXPIRED,False,0.0,0.0,5.0,HOLD,,False,,,0.0,2,False,0.0,0.0,0.0,,7,2026-06-18,,False,False,False,True,DRAWDOWN_RISK(vel=-7.0),0,False,False,False,False,False,False,48.3,6,89.0
SAJHOTELS,SAJ HOTELS,MONITOR,16.0,1.0,CAUTION,3.5,0.5,ILLIQUID,LATE_CYCLE,False,1,2,EXPIRED,False,0.0,0.0,5.0,HOLD,,False,,,0.0,3,False,0.0,0.0,0.0,,7,2026-06-18,,False,False,False,False,,0,False,False,False,False,False,False,48.3,6,89.0
NIKITA,NIKITA GREENTECH RECYCLING,MONITOR,15.0,1.0,CAUTION,3.5,0.5,ILLIQUID,CORRECTION,False,0,0,EXPIRED,False,0.0,0.0,5.0,HOLD,,False,,,0.0,3,False,0.0,0.0,0.0,,7,2026-06-18,,False,False,False,False,,0,False,False,False,False,False,False,48.3,6,89.0
PROFX,PRO FX,MONITOR,15.0,1.0,CAUTION,3.5,0.5,ILLIQUID,LATE_CYCLE,False,1,1,EXPIRED,False,0.0,0.0,5.0,HOLD,,False,,,0.0,3,False,0.0,0.0,0.0,,7,2026-06-18,,False,False,False,False,,0,False,False,False,False,False,False,48.3,6,89.0
PELATRO,PELATRO,MONITOR,15.0,1.0,CAUTION,3.5,0.5,ILLIQUID,TOPPING,False,0,0,EXPIRED,False,0.0,0.0,5.0,HOLD,,False,,,0.0,3,False,0.0,0.0,0.0,,7,2026-06-18,,False,False,False,False,,0,False,False,False,False,False,False,48.3,6,89.0
THESL,THINKING HATS,MONITOR,15.0,1.0,CAUTION,3.5,0.5,ILLIQUID,TOPPING,False,0,0,EXPIRED,False,0.0,0.0,5.0,HOLD,,False,,,0.0,3,False,0.0,0.0,0.0,,7,2026-06-18,,False,False,False,False,,0,False,False,False,False,False,False,48.3,6,89.0
TATACOMM,TATA COMM,MONITOR,15.0,18.0,CAUTION,3.5,0.5,NORMAL,CORRECTION,False,2,2,FRESH,True,11.76,74.8715,4.73,HOLD,,False,,A,28.38,4,False,1699.85,1648.85,1784.84,Near 200DMA — ideal dip entry zone,7,2026-06-18,60.78,False,False,False,False,,0,False,False,False,False,False,False,48.3,6,89.0
STRIDERS,STRIDERS IMPEX,MONITOR,15.0,1.0,CAUTION,3.5,0.5,ILLIQUID,LATE_CYCLE,False,1,1,EXPIRED,False,0.0,0.0,5.0,HOLD,,False,,,0.0,3,False,0.0,0.0,0.0,,7,2026-06-18,,False,False,False,False,,0,False,False,False,False,False,False,48.3,6,89.0
REXPRO,REXPRO ENTER.,MONITOR,15.0,1.0,CAUTION,3.5,0.5,ILLIQUID,LATE_CYCLE,False,1,1,EXPIRED,False,0.0,0.0,5.0,HOLD,,False,,,0.0,3,False,0.0,0.0,0.0,,7,2026-06-18,,False,False,False,False,,0,False,False,False,False,False,False,48.3,6,89.0
SAFEENTP,SAFE ENTERPRISES,MONITOR,15.0,1.0,CAUTION,3.5,0.5,ILLIQUID,LATE_CYCLE,False,1,1,EXPIRED,False,0.0,0.0,5.0,HOLD,,False,,,0.0,3,False,0.0,0.0,0.0,,7,2026-06-18,,False,False,False,False,,0,False,False,False,False,False,False,48.3,6,89.0
SHYAMDHANI,SHYAM DHANI IND.,MONITOR,15.0,1.0,CAUTION,3.5,0.5,ILLIQUID,CORRECTION,False,0,0,EXPIRED,False,0.0,0.0,5.0,HOLD,,False,,,0.0,2,False,0.0,0.0,0.0,,7,2026-06-18,,False,False,False,False,,0,False,False,False,False,False,False,48.3,6,89.0
SHIVASHRIT,SHIVASHRIT FOODS,MONITOR,15.0,1.0,CAUTION,3.5,0.5,ILLIQUID,CORRECTION,False,0,0,EXPIRED,False,0.0,0.0,5.0,HOLD,,False,,,0.0,2,False,0.0,0.0,0.0,,7,2026-06-18,,False,False,False,False,,0,False,False,False,False,False,False,48.3,6,89.0
CUDML,CASH UR DRIVE,MONITOR,15.0,1.0,CAUTION,3.5,0.5,ILLIQUID,TOPPING,False,0,0,EXPIRED,False,0.0,0.0,5.0,HOLD,,False,,,0.0,3,False,0.0,0.0,0.0,,7,2026-06-18,,False,False,False,False,,0,False,False,False,False,False,False,48.3,6,89.0
CRAMC,CANARA ROBECO,MONITOR,15.0,1.0,CAUTION,3.5,0.5,NORMAL,LATE_CYCLE,False,2,2,FRESH,False,-6.77,7.9629,3.79,HOLD,,False,,A,8.78,3,False,270.41,244.53,275.82,Below 200DMA — enter on recovery above 200DMA,7,2026-06-18,,False,False,False,False,,0,True,True,False,False,False,False,48.3,6,89.0
BRANDMAN,BRANDMAN RETAIL,MONITOR,15.0,1.0,CAUTION,3.5,0.5,ILLIQUID,LATE_CYCLE,False,1,1,EXPIRED,False,0.0,0.0,5.0,HOLD,,False,,,0.0,3,False,0.0,0.0,0.0,,7,2026-06-18,,False,False,False,False,,0,False,False,False,False,False,False,48.3,6,89.0
ESPRIT,ESPRIT STONES,MONITOR,15.0,1.0,CAUTION,3.5,0.5,ILLIQUID,LATE_CYCLE,False,1,1,EXPIRED,False,0.0,0.0,5.0,HOLD,,False,,,0.0,3,False,0.0,0.0,0.0,,7,2026-06-18,,False,False,False,False,,0,False,False,False,False,False,False,48.3,6,89.0
DANISH,DANISH POWER,MONITOR,15.0,1.0,CAUTION,3.5,0.5,ILLIQUID,TOPPING,False,0,0,EXPIRED,False,0.0,0.0,5.0,HOLD,,False,,,0.0,3,False,0.0,0.0,0.0,,7,2026-06-18,,False,False,False,False,,0,False,False,False,False,False,False,48.3,6,89.0
EEPL,EPPELTONE ENE.,MONITOR,15.0,1.0,CAUTION,3.5,0.5,ILLIQUID,TOPPING,False,0,0,EXPIRED,False,0.0,0.0,5.0,HOLD,,False,,,0.0,3,False,0.0,0.0,0.0,,7,2026-06-18,,False,False,False,False,,0,False,False,False,False,False,False,48.3,6,89.0
ADDICTIVE,ADDICTIVE LEARN,MONITOR,15.0,1.0,CAUTION,3.5,0.5,ILLIQUID,TOPPING,False,0,0,EXPIRED,False,0.0,0.0,5.0,HOLD,,False,,,0.0,3,False,0.0,0.0,0.0,,7,2026-06-18,,False,False,False,False,,0,False,False,False,False,False,False,48.3,6,89.0
AARADHYA,AARADHYA DIS.,MONITOR,15.0,1.0,CAUTION,3.5,0.5,ILLIQUID,CORRECTION,False,0,0,EXPIRED,False,0.0,0.0,5.0,HOLD,,False,,,0.0,3,False,0.0,0.0,0.0,,7,2026-06-18,,False,False,False,False,,0,False,False,False,False,False,False,48.3,6,89.0
KKJEWELS,KABRA JEWELS,MONITOR,15.0,1.0,CAUTION,3.5,0.5,ILLIQUID,LATE_CYCLE,False,1,1,EXPIRED,False,0.0,0.0,5.0,HOLD,,False,,,0.0,3,False,0.0,0.0,0.0,,7,2026-06-18,,False,False,False,False,,0,False,False,False,False,False,False,48.3,6,89.0
JEYYAM,JEYYAM GLOBAL,MONITOR,15.0,1.0,CAUTION,3.5,0.5,ILLIQUID,CORRECTION,False,0,0,EXPIRED,False,0.0,0.0,5.0,HOLD,,False,,,0.0,2,False,0.0,0.0,0.0,,7,2026-06-18,,False,False,False,False,,0,False,False,False,False,False,False,48.3,6,89.0
FWSTC,FLYWINGS SIMULA.,MONITOR,15.0,1.0,CAUTION,3.5,0.5,ILLIQUID,TOPPING,False,0,0,EXPIRED,False,0.0,0.0,5.0,HOLD,,False,,,0.0,3,False,0.0,0.0,0.0,,7,2026-06-18,,False,False,False,False,,0,False,False,False,False,False,False,48.3,6,89.0
ETL,EMKAY TOOLS,MONITOR,14.0,1.0,CAUTION,3.5,0.5,ILLIQUID,LATE_CYCLE,False,1,1,EXPIRED,False,0.0,0.0,5.0,HOLD,,False,,,0.0,3,False,0.0,0.0,0.0,,7,2026-06-18,,False,False,False,False,,0,False,False,False,False,False,False,48.3,6,89.0
ACETEC,ACETECH E-COMMERCE,MONITOR,14.0,1.0,CAUTION,3.5,0.5,ILLIQUID,TOPPING,False,0,0,EXPIRED,False,0.0,0.0,5.0,HOLD,,False,,,0.0,3,False,0.0,0.0,0.0,,7,2026-06-18,,False,False,False,False,,0,False,False,False,False,False,False,48.3,6,89.0
HUBTOWN,HUBTOWN,MONITOR,14.0,0.0,CAUTION,3.5,0.5,NORMAL,CORRECTION,False,1,1,FRESH,False,-21.51,8.145,4.98,HOLD,,False,,,0.0,1,False,249.91,190.28,254.91,Below 200DMA — enter on recovery above 200DMA,7,2026-06-18,1.91,True,False,False,False,LOW_ROE(1.9%),0,False,False,False,False,False,False,48.3,6,89.0
LAMOSAIC,LAMOSAIC INDIA,MONITOR,14.0,1.0,CAUTION,3.5,0.5,ILLIQUID,LATE_CYCLE,False,1,1,EXPIRED,False,0.0,0.0,5.0,HOLD,,False,,,0.0,2,False,0.0,0.0,0.0,,7,2026-06-18,,False,False,False,False,,0,False,False,False,False,False,False,48.3,6,89.0
STUDDS,STUDDS ACCESSOR.,MONITOR,13.0,1.0,CAUTION,3.5,0.5,NORMAL,LATE_CYCLE,False,3,3,FRESH,True,-0.74,25.9857,6.23,HOLD,,False,,,0.0,5,False,504.34,485.58,514.43,Below 200DMA — enter on recovery above 200DMA,7,2026-06-18,,False,False,False,False,,0,True,True,False,False,False,False,48.3,6,89.0
SUBAHOTELS,SUBA HOTELS,MONITOR,13.0,1.0,CAUTION,3.5,0.5,ILLIQUID,LATE_CYCLE,False,1,1,EXPIRED,False,0.0,0.0,5.0,HOLD,,False,,,0.0,3,False,0.0,0.0,0.0,,7,2026-06-18,,False,False,False,False,,0,False,False,False,False,False,False,48.3,6,89.0
SHETHJI,SHREEJI GLOBAL,MONITOR,13.0,1.0,CAUTION,3.5,0.5,ILLIQUID,CORRECTION,False,0,0,EXPIRED,False,0.0,0.0,5.0,HOLD,,False,,,0.0,3,False,0.0,0.0,0.0,,7,2026-06-18,,False,False,False,False,,0,False,False,False,False,False,False,48.3,6,89.0
OPTIVALUE,OPTIVALUE TEK,MONITOR,12.0,1.0,CAUTION,3.5,0.5,ILLIQUID,CORRECTION,False,0,0,EXPIRED,False,0.0,0.0,5.0,HOLD,,False,,,0.0,3,False,0.0,0.0,0.0,,7,2026-06-18,,False,False,False,False,,0,False,False,False,False,False,False,48.3,6,89.0
ONESOURCE,ONESOURCE SPECI.,MONITOR,12.0,1.0,CAUTION,3.5,0.5,NORMAL,LATE_CYCLE,False,2,2,FRESH,False,-2.03,67.3072,4.99,HOLD,,False,,,0.0,1,False,1650.57,1568.59,1683.58,Below 200DMA — enter on recovery above 200DMA,7,2026-06-18,-0.31,True,True,False,False,LOW_ROE(-0.3%) | HIGH_PE(866x vs ind 28x),0,False,False,False,False,False,False,48.3,6,89.0
QVCEL,QVC EXPORTS,MONITOR,12.0,1.0,CAUTION,3.5,0.5,ILLIQUID,TOPPING,False,0,0,EXPIRED,False,0.0,0.0,5.0,HOLD,,False,,,0.0,3,False,0.0,0.0,0.0,,7,2026-06-18,,False,False,False,False,,0,False,False,False,False,False,False,48.3,6,89.0
PARTH,PARTH ELECTRICAL,MONITOR,12.0,1.0,CAUTION,3.5,0.5,ILLIQUID,TOPPING,False,0,0,EXPIRED,False,0.0,0.0,5.0,HOLD,,False,,,0.0,3,False,0.0,0.0,0.0,,7,2026-06-18,,False,False,False,False,,0,False,False,False,False,False,False,48.3,6,89.0
MGSL,MATRIX GEO SOL.,MONITOR,12.0,1.0,CAUTION,3.5,0.5,ILLIQUID,CORRECTION,False,0,0,EXPIRED,False,0.0,0.0,5.0,HOLD,,False,,,0.0,3,False,0.0,0.0,0.0,,7,2026-06-18,,False,False,False,False,,0,False,False,False,False,False,False,48.3,6,89.0
TECHD,TECHD CYBERSEC.,MONITOR,12.0,1.0,CAUTION,3.5,0.5,ILLIQUID,CORRECTION,False,0,0,EXPIRED,False,0.0,0.0,5.0,HOLD,,False,,,0.0,3,False,0.0,0.0,0.0,,7,2026-06-18,,False,False,False,False,,0,False,False,False,False,False,False,48.3,6,89.0
VDEAL,VDEAL SYSTEM,MONITOR,12.0,1.0,CAUTION,3.5,0.5,ILLIQUID,TOPPING,False,0,0,EXPIRED,False,0.0,0.0,5.0,HOLD,,False,,,0.0,3,False,0.0,0.0,0.0,,7,2026-06-18,,False,False,False,False,,0,False,False,False,False,False,False,48.3,6,89.0
VIJAYPD,VIJAYPD CEUTICAL,MONITOR,12.0,1.0,CAUTION,3.5,0.5,ILLIQUID,TOPPING,False,0,0,EXPIRED,False,0.0,0.0,5.0,HOLD,,False,,,0.0,3,False,0.0,0.0,0.0,,7,2026-06-18,,False,False,False,False,,0,False,False,False,False,False,False,48.3,6,89.0
SHKSIL,SHRI HARE-KRISH.,MONITOR,12.0,1.0,CAUTION,3.5,0.5,ILLIQUID,TOPPING,False,0,0,EXPIRED,False,0.0,0.0,5.0,HOLD,,False,,,0.0,3,False,0.0,0.0,0.0,,7,2026-06-18,,False,False,False,False,,0,False,False,False,False,False,False,48.3,6,89.0
ANYA,ANYA POLYTECH &,MONITOR,12.0,1.0,CAUTION,3.5,0.5,ILLIQUID,LATE_CYCLE,False,1,1,EXPIRED,False,0.0,0.0,5.0,HOLD,,False,,,0.0,3,False,0.0,0.0,0.0,,7,2026-06-18,,False,False,False,False,,0,False,False,False,False,False,False,48.3,6,89.0
AKANKSHA,AKANKSHA POWER,MONITOR,12.0,1.0,CAUTION,3.5,0.5,ILLIQUID,TOPPING,False,0,0,EXPIRED,False,0.0,0.0,5.0,HOLD,,False,,,0.0,3,False,0.0,0.0,0.0,,7,2026-06-18,,False,False,False,False,,0,False,False,False,False,False,False,48.3,6,89.0
AVANA,AVANA ELECTROSYSTEMS,MONITOR,12.0,1.0,CAUTION,3.5,0.5,ILLIQUID,TOPPING,False,0,0,EXPIRED,False,0.0,0.0,5.0,HOLD,,False,,,0.0,3,False,0.0,0.0,0.0,,7,2026-06-18,,False,False,False,False,,0,False,False,False,False,False,False,48.3,6,89.0
PPAP,PPAP AUTOMOTIVE,MONITOR,11.0,0.0,CAUTION,3.5,0.5,NORMAL,LATE_CYCLE,False,3,3,FRESH,True,9.63,11.6671,5.83,HOLD,,False,,A,14.51,4,False,218.93,212.36,229.88,Near 200DMA — ideal dip entry zone,7,2026-06-18,2.43,True,True,False,False,LOW_ROE(2.4%) | HIGH_PE(1665x vs ind 28x),0,False,False,False,False,False,False,48.3,6,89.0
PATILAUTOM,PATIL AUTOMATION,MONITOR,11.0,1.0,CAUTION,3.5,0.5,ILLIQUID,LATE_CYCLE,False,1,1,EXPIRED,False,0.0,0.0,5.0,HOLD,,False,,,0.0,3,False,0.0,0.0,0.0,,7,2026-06-18,,False,False,False,False,,0,False,False,False,False,False,False,48.3,6,89.0
TAURIAN,TAURIAN MPS,MONITOR,11.0,1.0,CAUTION,3.5,0.5,ILLIQUID,LATE_CYCLE,False,1,1,EXPIRED,False,0.0,0.0,5.0,HOLD,,False,,,0.0,3,False,0.0,0.0,0.0,,7,2026-06-18,,False,False,False,False,,0,False,False,False,False,False,False,48.3,6,89.0
V2RETAIL,V2 RETAIL,MONITOR,11.0,12.0,CAUTION,3.5,0.5,NORMAL,TOPPING,False,1,2,EXPIRED,True,8.3,12.9743,6.78,HOLD,,False,,A,8.0,4,False,212.09,205.73,222.69,Near 200DMA — ideal dip entry zone,7,2026-06-18,20.8,False,False,False,False,,0,False,False,False,False,False,False,48.3,6,89.0
SOCL,SUNDREX OIL,MONITOR,11.0,1.0,CAUTION,3.5,0.5,ILLIQUID,LATE_CYCLE,False,1,1,EXPIRED,False,0.0,0.0,5.0,HOLD,,False,,,0.0,3,False,0.0,0.0,0.0,,7,2026-06-18,,False,False,False,False,,0,False,False,False,False,False,False,48.3,6,89.0
BOSS,BOSS PACKAGING,MONITOR,11.0,1.0,CAUTION,3.5,0.5,ILLIQUID,LATE_CYCLE,False,1,1,EXPIRED,False,0.0,0.0,5.0,HOLD,,False,,,0.0,3,False,0.0,0.0,0.0,,7,2026-06-18,,False,False,False,False,,0,False,False,False,False,False,False,48.3,6,89.0
ASHOKLEY,ASHOK LEYLAND,MONITOR,11.0,4.0,CAUTION,3.5,0.5,NORMAL,CORRECTION,False,1,2,EXPIRED,True,-0.79,5.7067,4.29,HOLD,,False,,A,25.58,3,False,160.83,154.78,164.05,Below 200DMA — enter on recovery above 200DMA,7,2026-06-18,25.4,False,False,False,False,,0,False,False,False,False,False,False,48.3,6,89.0
KATARIA,KATARIA INDUST.,MONITOR,11.0,1.0,CAUTION,3.5,0.5,ILLIQUID,LATE_CYCLE,False,1,1,EXPIRED,False,0.0,0.0,5.0,HOLD,,False,,,0.0,3,False,0.0,0.0,0.0,,7,2026-06-18,,False,False,False,False,,0,False,False,False,False,False,False,48.3,6,89.0
TVSMOTOR,TVS MOTOR CO.,MONITOR,10.0,16.0,CAUTION,3.5,0.5,NORMAL,BASING,False,1,1,AGING,False,-3.21,85.9357,2.99,HOLD,,False,,A,12.87,2,False,3563.02,3345.24,3634.28,Below 200DMA — enter on recovery above 200DMA,7,2026-06-18,26.29,False,True,False,False,HIGH_PE(76x vs ind 28x),0,False,False,False,False,False,False,48.3,6,89.0
TECHERA,TECHERA ENGINEE.,MONITOR,10.0,1.0,CAUTION,3.5,0.5,ILLIQUID,TOPPING,False,0,0,EXPIRED,False,0.0,0.0,5.0,HOLD,,False,,,0.0,3,False,0.0,0.0,0.0,,7,2026-06-18,,False,False,False,False,,0,False,False,False,False,False,False,48.3,6,89.0
TROM,TROM INDUSTRIES,MONITOR,10.0,1.0,CAUTION,3.5,0.5,ILLIQUID,TOPPING,False,0,0,EXPIRED,False,0.0,0.0,5.0,HOLD,,False,,,0.0,2,False,0.0,0.0,0.0,,7,2026-06-18,,False,False,False,False,,0,False,False,False,False,False,False,48.3,6,89.0
SAWALIYA,SAWALIYA FOOD,MONITOR,9.0,1.0,CAUTION,3.5,0.5,ILLIQUID,CORRECTION,False,0,0,EXPIRED,False,0.0,0.0,5.0,HOLD,,False,,,0.0,3,False,0.0,0.0,0.0,,7,2026-06-18,,False,False,False,False,,0,False,False,False,False,False,False,48.3,6,89.0
CKKRETAIL,C K K RETAIL,MONITOR,9.0,1.0,CAUTION,3.5,0.5,ILLIQUID,CORRECTION,False,0,0,EXPIRED,False,0.0,0.0,5.0,HOLD,,False,,,0.0,3,False,0.0,0.0,0.0,,7,2026-06-18,,False,False,False,False,,0,False,False,False,False,False,False,48.3,6,89.0
PREMIUM,PREMIUM PLAST,MONITOR,8.0,1.0,CAUTION,3.5,0.5,ILLIQUID,LATE_CYCLE,False,1,2,EXPIRED,False,0.0,0.0,5.0,HOLD,,False,,,0.0,3,False,0.0,0.0,0.0,,7,2026-06-18,,False,False,False,False,,0,False,False,False,False,False,False,48.3,6,89.0
PARAMATRIX,PARAMATRIX TECH.,MONITOR,8.0,1.0,CAUTION,3.5,0.5,ILLIQUID,BASING,False,1,1,EXPIRED,False,0.0,0.0,5.0,HOLD,,False,,,0.0,3,False,0.0,0.0,0.0,,7,2026-06-18,,False,False,False,False,,0,False,False,False,False,False,False,48.3,6,89.0
MAXVOLT,MAXVOLT ENERGY,MONITOR,8.0,1.0,CAUTION,3.5,0.5,ILLIQUID,LATE_CYCLE,False,1,2,EXPIRED,False,0.0,0.0,5.0,HOLD,,False,,,0.0,3,False,0.0,0.0,0.0,,7,2026-06-18,,False,False,False,False,,0,False,False,False,False,False,False,48.3,6,89.0
C2C,C2C ADVANCED,MONITOR,8.0,1.0,CAUTION,3.5,0.5,ILLIQUID,TOPPING,False,0,0,EXPIRED,False,0.0,0.0,5.0,HOLD,,False,,,0.0,2,False,0.0,0.0,0.0,,7,2026-06-18,,False,False,False,False,,0,False,False,False,False,False,False,48.3,6,89.0
ETML,EMERALD TYRE,MONITOR,8.0,1.0,CAUTION,3.5,0.5,ILLIQUID,LATE_CYCLE,False,1,2,EXPIRED,False,0.0,0.0,5.0,HOLD,,False,,,0.0,3,False,0.0,0.0,0.0,,7,2026-06-18,,False,False,False,False,,0,False,False,False,False,False,False,48.3,6,89.0
ALCODIS,ALCOKRAFT DIST.,MONITOR,8.0,1.0,CAUTION,3.5,0.5,ILLIQUID,CORRECTION,False,0,0,EXPIRED,False,0.0,0.0,5.0,HOLD,,False,,,0.0,2,False,0.0,0.0,0.0,,7,2026-06-18,,False,False,False,False,,0,False,False,False,False,False,False,48.3,6,89.0
FORGEAUTO,FORGE AUTO,MONITOR,8.0,1.0,CAUTION,3.5,0.5,ILLIQUID,LATE_CYCLE,False,1,2,EXPIRED,False,0.0,0.0,5.0,HOLD,,False,,,0.0,3,False,0.0,0.0,0.0,,7,2026-06-18,,False,False,False,False,,0,False,False,False,False,False,False,48.3,6,89.0
MOBILISE,MOBILISE APP,MONITOR,6.0,1.0,CAUTION,3.5,0.5,ILLIQUID,BASING,False,1,1,EXPIRED,False,0.0,0.0,5.0,HOLD,,False,,,0.0,3,False,0.0,0.0,0.0,,7,2026-06-18,,False,False,False,False,,0,False,False,False,False,False,False,48.3,6,89.0
SELLOWRAP,SELLOWRAP INDUS.,MONITOR,6.0,1.0,CAUTION,3.5,0.5,ILLIQUID,LATE_CYCLE,False,1,2,EXPIRED,False,0.0,0.0,5.0,HOLD,,False,,,0.0,3,False,0.0,0.0,0.0,,7,2026-06-18,,False,False,False,False,,0,False,False,False,False,False,False,48.3,6,89.0
ARTEMISMED,ARTEMIS MEDICARE,MONITOR,6.0,1.0,CAUTION,3.5,0.5,NORMAL,LATE_CYCLE,False,3,3,FRESH,True,6.15,9.7821,4.44,HOLD,,False,,,0.0,5,False,249.0,241.53,261.45,Near 200DMA — ideal dip entry zone,7,2026-06-18,,False,False,False,False,,0,False,False,False,False,False,False,48.3,6,89.0
ACCPL,ACCRETION PHA.,MONITOR,5.0,1.0,CAUTION,3.5,0.5,ILLIQUID,LATE_CYCLE,False,1,2,EXPIRED,False,0.0,0.0,5.0,HOLD,,False,,,0.0,3,False,0.0,0.0,0.0,,7,2026-06-18,,False,False,False,False,,0,False,False,False,False,False,False,48.3,6,89.0
KRMAYURVED,KRM AYURVEDA,MONITOR,5.0,1.0,CAUTION,3.5,0.5,ILLIQUID,LATE_CYCLE,False,1,1,EXPIRED,False,0.0,0.0,5.0,HOLD,,False,,,0.0,3,False,0.0,0.0,0.0,,7,2026-06-18,,False,False,False,False,,0,False,False,False,False,False,False,48.3,6,89.0
SATECH,S A TECH SOFT.,MONITOR,4.0,1.0,CAUTION,3.5,0.5,ILLIQUID,BASING,False,1,1,EXPIRED,False,0.0,0.0,5.0,HOLD,,False,,,0.0,3,False,0.0,0.0,0.0,,7,2026-06-18,,False,False,False,False,,0,False,False,False,False,False,False,48.3,6,89.0
CAPILLARY,CAPILLARY TECH.,MONITOR,4.0,0.0,CAUTION,3.5,0.5,NORMAL,BASING,False,1,1,FRESH,False,-12.92,17.7643,4.25,HOLD,,False,,,0.0,1,False,575.33,485.97,586.84,Below 200DMA — enter on recovery above 200DMA,7,2026-06-18,2.34,True,True,False,False,LOW_ROE(2.3%) | HIGH_PE(182x vs ind 23x),0,False,False,False,False,False,False,48.3,6,89.0
SATKARTAR,SAT KARTAR,MONITOR,3.0,1.0,CAUTION,3.5,0.5,ILLIQUID,LATE_CYCLE,False,1,2,EXPIRED,False,0.0,0.0,5.0,HOLD,,False,,,0.0,2,False,0.0,0.0,0.0,,7,2026-06-18,,False,False,False,False,,0,False,False,False,False,False,False,48.3,6,89.0
INVICTA,INVICTA DIAGNOS.,MONITOR,3.0,1.0,CAUTION,3.5,0.5,ILLIQUID,LATE_CYCLE,False,1,1,EXPIRED,False,0.0,0.0,5.0,HOLD,,False,,,0.0,3,False,0.0,0.0,0.0,,7,2026-06-18,,False,False,False,False,,0,False,False,False,False,False,False,48.3,6,89.0
OBSCP,OBSC PERFECTION,MONITOR,2.0,1.0,CAUTION,3.5,0.5,ILLIQUID,LATE_CYCLE,False,1,1,EXPIRED,False,0.0,0.0,5.0,HOLD,,False,,,0.0,3,False,0.0,0.0,0.0,,7,2026-06-18,,False,False,False,False,,0,False,False,False,False,False,False,48.3,6,89.0
VGINFOTECH,VIRTUAL GALAXY,MONITOR,2.0,1.0,CAUTION,3.5,0.5,ILLIQUID,BASING,False,1,1,EXPIRED,False,0.0,0.0,5.0,HOLD,,False,,,0.0,3,False,0.0,0.0,0.0,,7,2026-06-18,,False,False,False,False,,0,False,False,False,False,False,False,48.3,6,89.0
ACTIVEINFR,ACTIVE INFRA.,MONITOR,2.0,1.0,CAUTION,3.5,0.5,ILLIQUID,CORRECTION,False,0,0,EXPIRED,False,0.0,0.0,5.0,HOLD,,False,,,0.0,3,False,0.0,0.0,0.0,,7,2026-06-18,,False,False,False,False,,0,False,False,False,False,False,False,48.3,6,89.0
IVC,IL&FS INV.MANAG.,AVOID,0.0,0.0,CAUTION,3.5,0.5,ILLIQUID,nan,False,1,1,EXPIRED,True,10.93,0.2786,3.92,HOLD,,False,,,0.0,3,False,7.69,7.46,8.07,Near 200DMA — ideal dip entry zone,7,2026-06-18,6.41,True,False,False,False,LOW_ROE(6.4%),0,False,False,False,False,False,False,48.3,6,89.0
DENEERS,DE NEERS TOOLS,AVOID,0.0,0.0,CAUTION,3.5,0.5,RESTRICTED,nan,False,1,1,EXPIRED,True,22.6,12.3643,6.75,PARTIAL_EXIT,EXTENDED: 4.0× ATR above 200DMA,False,,,0.0,4,False,179.4,195.22,213.77,Extended — wait for ATR pullback,7,2026-06-18,22.26,False,False,False,False,,0,False,False,False,False,False,False,48.3,6,89.0
CYBERMEDIA,CYBER MEDIA IND,AVOID,0.0,0.0,CAUTION,3.5,0.5,ILLIQUID,nan,False,1,1,EXPIRED,True,3.71,0.9371,6.58,HOLD,,False,,,0.0,4,False,16.47,15.98,17.29,Near 200DMA — ideal dip entry zone,7,2026-06-18,,False,False,False,False,,0,False,False,False,False,False,False,48.3,6,89.0
UNIHEALTH,UNIHEALTH HOSP,AVOID,0.0,0.0,CAUTION,3.5,0.5,NORMAL,nan,False,1,1,EXPIRED,True,77.71,29.35,6.43,EXIT,PROFIT_ZONE: +78% above 200DMA | EXTENDED: 14.5× ATR above 200DMA,False,,,0.0,4,False,308.25,489.1,533.12,Extended — wait for ATR pullback,7,2026-06-18,14.63,False,False,False,False,,0,False,False,False,False,False,False,48.3,6,89.0
AUTOIND,AUTOLINE INDUSTR,AVOID,0.0,0.0,CAUTION,3.5,0.5,RESTRICTED,nan,False,1,1,EXPIRED,True,11.42,3.8614,5.74,HOLD,,False,,,0.0,3,False,72.5,70.33,76.12,Near 200DMA — ideal dip entry zone,7,2026-06-18,11.79,True,False,False,False,LOW_ROE(11.8%),0,False,False,False,False,False,False,48.3,6,89.0
PRUDENT,PRUDENT CORP.,AVOID,0.0,0.0,CAUTION,3.5,0.5,NORMAL,nan,False,1,1,FRESH,True,17.67,103.8214,4.08,HOLD,,False,,,0.0,4,False,2595.46,2846.36,3002.09,Extended — wait for ATR pullback,7,2026-06-18,29.3,False,False,True,False,,0,True,True,False,False,False,False,48.3,6,89.0
PRIZOR,PRIZOR VIZTECH,AVOID,0.0,0.0,CAUTION,3.5,0.5,NORMAL,nan,False,1,1,EXPIRED,True,118.55,46.4607,6.38,EXIT,PROFIT_ZONE: +119% above 200DMA | EXTENDED: 22.3× ATR above 200DMA,False,,,0.0,4,False,399.65,780.53,850.22,Extended — wait for ATR pullback,7,2026-06-18,23.7,False,False,False,False,,0,False,False,False,False,False,False,48.3,6,89.0
PRIMESECU,PRIME SECURITIES,AVOID,0.0,0.0,CAUTION,3.5,0.5,NORMAL,nan,False,1,1,FRESH,True,3.71,13.3893,5.5,HOLD,,False,,,0.0,4,False,281.7,273.25,295.79,Near 200DMA — ideal dip entry zone,7,2026-06-18,18.58,False,False,False,False,,0,True,True,False,False,False,False,48.3,6,89.0
PYRAMID,PYRAMID TECHNOPL,AVOID,0.0,0.0,CAUTION,3.5,0.5,RESTRICTED,nan,False,1,1,FRESH,True,10.18,6.695,4.55,HOLD,,False,,,0.0,3,False,160.19,155.38,168.2,Near 200DMA — ideal dip entry zone,7,2026-06-18,10.7,True,False,False,False,LOW_ROE(10.7%),0,False,False,False,False,False,False,48.3,6,89.0
KINGFA,KINGFA SCIENCE,AVOID,0.0,0.0,CAUTION,3.5,0.5,NORMAL,nan,False,1,1,EXPIRED,True,14.51,213.7071,5.01,HOLD,,False,,,0.0,4,False,4474.43,4340.2,4698.15,Near 200DMA — ideal dip entry zone,7,2026-06-18,20.98,False,False,False,False,,0,True,True,False,False,False,False,48.3,6,89.0
JMA,JULLUNDUR MOTOR,AVOID,0.0,0.0,CAUTION,3.5,0.5,ILLIQUID,nan,False,1,1,EXPIRED,True,9.72,3.715,4.75,HOLD,,False,,,0.0,3,False,85.51,82.94,89.79,Near 200DMA — ideal dip entry zone,7,2026-06-18,10.35,True,False,False,False,LOW_ROE(10.3%),0,True,True,False,False,False,False,48.3,6,89.0
SANGINITA,SANGINITA CHEMI.,AVOID,0.0,0.0,CAUTION,3.5,0.5,RESTRICTED,nan,False,1,1,EXPIRED,True,143.01,0.635,2.06,EXIT,PROFIT_ZONE: +143% above 200DMA | EXTENDED: 83.2× ATR above 200DMA,False,,,0.0,3,False,15.21,35.68,36.63,Extended — wait for ATR pullback,7,2026-06-18,1.1,True,False,False,False,LOW_ROE(1.1%),0,False,False,False,False,False,False,48.3,6,89.0
SANOFICONR,SANOFI CONSUMER,AVOID,0.0,0.0,CAUTION,3.5,0.5,NORMAL,nan,False,1,1,FRESH,True,3.34,121.4786,3.07,HOLD,,False,,,0.0,4,False,4599.49,4461.51,4829.46,Near 200DMA — ideal dip entry zone,7,2026-06-18,73.09,False,False,False,False,,0,True,True,False,False,False,False,48.3,6,89.0
PIXTRANS,PIX TRANSMISSION,AVOID,0.0,0.0,CAUTION,3.5,0.5,NORMAL,nan,False,1,1,FRESH,True,10.35,52.85,3.94,HOLD,,False,,,0.0,4,False,1456.94,1413.23,1529.79,Near 200DMA — ideal dip entry zone,7,2026-06-18,18.94,False,False,False,False,,0,True,True,False,False,False,False,48.3,6,89.0
PITTIENG,PITTI ENGG.,AVOID,0.0,0.0,CAUTION,3.5,0.5,NORMAL,nan,False,1,1,EXPIRED,True,12.38,36.6321,4.43,HOLD,,False,,,0.0,4,False,882.85,856.36,926.99,Near 200DMA — ideal dip entry zone,7,2026-06-18,13.61,False,False,False,False,,0,False,False,False,False,False,False,48.3,6,89.0
CARERATING,CARE RATINGS,AVOID,0.0,0.0,CAUTION,3.5,0.5,NORMAL,nan,False,1,1,EXPIRED,True,3.7,47.0,3.42,HOLD,,False,,,0.0,4,False,1588.75,1541.09,1668.19,Near 200DMA — ideal dip entry zone,7,2026-06-18,17.02,False,False,False,False,,0,True,True,False,False,False,False,48.3,6,89.0
CAPITALSFB,CAPITAL SMALL,AVOID,0.0,0.0,CAUTION,3.5,0.5,RESTRICTED,nan,False,1,1,FRESH,True,10.69,8.6595,3.54,HOLD,,False,,,0.0,4,False,264.94,256.99,278.19,Near 200DMA — ideal dip entry zone,7,2026-06-18,9.93,False,False,False,False,,0,False,False,False,False,False,False,48.3,6,89.0
SPECTRUM,SPECTRUM ELECTR.,AVOID,0.0,0.0,CAUTION,3.5,0.5,NORMAL,nan,False,1,1,EXPIRED,True,23.1,101.8572,7.43,PARTIAL_EXIT,EXTENDED: 3.7× ATR above 200DMA,False,,,0.0,4,False,1335.99,1440.89,1593.67,Extended — wait for ATR pullback,7,2026-06-18,13.46,False,False,False,False,,0,False,False,False,False,False,False,48.3,6,89.0
SWARAJENG,SWARAJ ENGINES,AVOID,0.0,0.0,CAUTION,3.5,0.5,NORMAL,nan,False,1,1,EXPIRED,True,1.17,78.0643,2.43,HOLD,,False,,,0.0,4,False,3816.52,3702.02,4007.35,Near 200DMA — ideal dip entry zone,7,2026-06-18,39.6,False,False,False,False,,0,True,True,False,False,False,False,48.3,6,89.0
NSLNISP,NMDC STEEL,AVOID,0.0,0.0,CAUTION,3.5,0.5,NORMAL,nan,False,1,1,EXPIRED,True,12.08,2.5079,6.32,HOLD,,False,,,0.0,3,False,42.46,41.19,44.58,Near 200DMA — ideal dip entry zone,7,2026-06-18,-18.1,True,False,False,False,LOW_ROE(-18.1%),0,False,False,False,False,False,False,48.3,6,89.0
SPARC,SPARC,AVOID,0.0,0.0,CAUTION,3.5,0.5,NORMAL,nan,False,1,1,FRESH,True,65.88,12.7379,6.38,EXIT,PROFIT_ZONE: +66% above 200DMA | EXTENDED: 12.4× ATR above 200DMA,False,,,0.0,4,False,144.45,214.13,233.24,Extended — wait for ATR pullback,7,2026-06-18,,False,False,False,False,,0,False,False,False,False,False,False,48.3,6,89.0
SHERA,SHERA ENERGY,AVOID,0.0,0.0,CAUTION,3.5,0.5,RESTRICTED,nan,False,1,1,EXPIRED,True,22.36,5.9929,4.45,PARTIAL_EXIT,EXTENDED: 6.0× ATR above 200DMA,False,,,0.0,3,False,132.15,149.71,158.7,Extended — wait for ATR pullback,7,2026-06-18,11.6,True,False,False,False,LOW_ROE(11.6%),0,False,False,False,False,False,False,48.3,6,89.0
SRIVASAVI,SRIVASAVI ADHES.,AVOID,0.0,0.0,CAUTION,3.5,0.5,ILLIQUID,nan,False,1,1,EXPIRED,True,19.13,2.8643,5.38,HOLD,,False,,,0.0,4,False,53.64,58.17,62.47,Extended — wait for ATR pullback,7,2026-06-18,16.72,False,False,False,False,,0,False,False,False,False,False,False,48.3,6,89.0
BOSCHLTD,BOSCH,AVOID,0.0,0.0,CAUTION,3.5,0.5,NORMAL,nan,False,1,1,FRESH,True,6.83,1168.9286,3.58,HOLD,,False,,,0.0,4,False,36720.22,35618.61,38556.23,Near 200DMA — ideal dip entry zone,7,2026-06-18,14.59,False,False,False,False,,0,True,True,False,False,False,False,48.3,6,89.0
NEULANDLAB,NEULAND LABS.,AVOID,0.0,0.0,CAUTION,3.5,0.5,NORMAL,nan,False,1,1,EXPIRED,True,12.54,512.2143,3.61,HOLD,,False,,,0.0,4,False,15120.61,14666.99,15876.64,Near 200DMA — ideal dip entry zone,7,2026-06-18,17.06,False,True,False,False,HIGH_PE(86x vs ind 28x),0,False,False,False,False,False,False,48.3,6,89.0
SHRIRAMPPS,SHRIRAM PROPERTI,AVOID,0.0,0.0,CAUTION,3.5,0.5,NORMAL,nan,False,1,1,EXPIRED,True,5.04,3.4,4.61,HOLD,,False,,,0.0,3,False,84.23,81.7,88.44,Near 200DMA — ideal dip entry zone,7,2026-06-18,5.69,True,False,False,False,LOW_ROE(5.7%),0,False,False,False,False,False,False,48.3,6,89.0
SHRITECH,SHRI TECHTEX,AVOID,0.0,0.0,CAUTION,3.5,0.5,ILLIQUID,nan,False,1,1,EXPIRED,True,6.03,2.0357,3.59,HOLD,,False,,,0.0,4,False,64.13,62.21,67.34,Near 200DMA — ideal dip entry zone,7,2026-06-18,14.89,False,False,False,False,,0,False,False,False,False,False,False,48.3,6,89.0
SILKFLEX,SILKFLEX POLYMER,AVOID,0.0,0.0,CAUTION,3.5,0.5,RESTRICTED,nan,False,1,1,EXPIRED,True,71.09,10.025,5.87,EXIT,PROFIT_ZONE: +71% above 200DMA | EXTENDED: 14.5× ATR above 200DMA,False,,,0.0,4,False,119.82,184.95,199.99,Extended — wait for ATR pullback,7,2026-06-18,19.66,False,False,False,False,,0,False,False,False,False,False,False,48.3,6,89.0
NDLVENTURE,NDL VENTURES,AVOID,0.0,0.0,CAUTION,3.5,0.5,RESTRICTED,nan,False,1,1,FRESH,True,25.72,5.7793,5.4,PARTIAL_EXIT,EXTENDED: 5.7× ATR above 200DMA,False,,,0.0,3,False,102.07,116.77,125.44,Extended — wait for ATR pullback,7,2026-06-18,0.98,True,True,False,False,LOW_ROE(1.0%) | HIGH_PE(411x vs ind 17x),0,True,True,False,False,False,False,48.3,6,89.0
TCIFINANCE,TCI FINANCE,AVOID,0.0,0.0,CAUTION,3.5,0.5,RESTRICTED,nan,False,1,1,EXPIRED,True,62.25,1.5636,7.45,EXIT,PROFIT_ZONE: +62% above 200DMA | EXTENDED: 10.0× ATR above 200DMA,False,,,0.0,4,False,15.51,22.04,24.39,Extended — wait for ATR pullback,7,2026-06-18,,False,False,False,False,,0,False,False,False,False,False,False,48.3,6,89.0
MMP,MMP INDUSTRIES,AVOID,0.0,0.0,CAUTION,3.5,0.5,RESTRICTED,nan,False,1,1,EXPIRED,True,3.18,11.4707,5.16,HOLD,,False,,,0.0,4,False,258.43,250.68,271.35,Near 200DMA — ideal dip entry zone,7,2026-06-18,12.02,False,False,False,False,,0,False,False,False,False,False,False,48.3,6,89.0
INGERRAND,INGERSOLL-RAND,AVOID,0.0,0.0,CAUTION,3.5,0.5,NORMAL,nan,False,1,1,EXPIRED,True,18.18,163.2285,4.35,HOLD,,False,,,0.0,4,False,3806.8,4172.34,4417.19,Extended — wait for ATR pullback,7,2026-06-18,43.9,False,False,False,False,,0,True,True,False,False,False,False,48.3,6,89.0
TAINWALCHM,TAINWALA CHEM.,AVOID,0.0,0.0,CAUTION,3.5,0.5,ILLIQUID,nan,False,1,1,AGING,True,3.33,8.1064,4.82,HOLD,,False,,,0.0,3,False,195.5,189.63,205.28,Near 200DMA — ideal dip entry zone,7,2026-06-18,3.2,True,False,False,False,LOW_ROE(3.2%),0,True,True,False,False,False,False,48.3,6,89.0
CONSOFINVT,CONS. FINVEST,AVOID,0.0,0.0,CAUTION,3.5,0.5,RESTRICTED,nan,False,1,1,EXPIRED,True,15.38,10.8779,5.69,HOLD,,False,,,0.0,4,False,198.85,207.66,223.98,Extended — wait for ATR pullback,7,2026-06-18,10.54,False,False,False,False,,0,True,True,False,False,False,False,48.3,6,89.0
INDOTECH,INDO TECH.TRANS.,AVOID,0.0,0.0,CAUTION,3.5,0.5,NORMAL,nan,False,1,1,EXPIRED,True,44.21,144.1071,6.75,PARTIAL_EXIT,PROFIT_ZONE: +44% above 200DMA | EXTENDED: 7.9× ATR above 200DMA,False,,,0.0,4,False,1777.27,2274.79,2490.95,Extended — wait for ATR pullback,7,2026-06-18,22.75,False,False,False,False,,0,True,True,False,False,False,False,48.3,6,89.0
KSL,KALYANI STEELS,AVOID,0.0,0.0,CAUTION,3.5,0.5,NORMAL,nan,False,1,1,FRESH,True,5.93,28.8821,4.26,HOLD,,False,,,0.0,4,False,768.03,744.99,806.43,Near 200DMA — ideal dip entry zone,7,2026-06-18,13.55,False,False,False,False,,0,False,False,False,False,False,False,48.3,6,89.0
SADHAV,SADHAV SHIPPING,AVOID,0.0,0.0,CAUTION,3.5,0.5,RESTRICTED,nan,False,1,1,EXPIRED,True,15.01,5.425,5.23,HOLD,,False,,,0.0,3,False,108.17,113.55,121.69,Extended — wait for ATR pullback,7,2026-06-18,11.82,True,False,False,False,LOW_ROE(11.8%),0,False,False,False,False,False,False,48.3,6,89.0
RML,RANE (MADRAS),AVOID,0.0,0.0,CAUTION,3.5,0.5,NORMAL,nan,False,1,1,FRESH,True,20.5,30.25,3.71,PARTIAL_EXIT,EXTENDED: 6.6× ATR above 200DMA,False,,,0.0,3,False,812.13,918.1,963.48,Extended — wait for ATR pullback,7,2026-06-18,5.61,True,False,False,False,LOW_ROE(5.6%),0,False,False,False,False,False,False,48.3,6,89.0
GLFL,GUJ. LEASE FIN.,AVOID,0.0,0.0,CAUTION,3.5,0.5,ILLIQUID,nan,False,1,1,EXPIRED,True,12.41,0.2657,4.67,HOLD,,False,,,0.0,4,False,6.08,5.9,6.38,Near 200DMA — ideal dip entry zone,7,2026-06-18,,False,True,False,False,HIGH_PE(218x vs ind 17x),0,False,False,False,False,False,False,48.3,6,89.0
VOLTAMP,VOLT.TRANSFORM.,AVOID,0.0,0.0,CAUTION,3.5,0.5,NORMAL,nan,False,1,1,FRESH,True,20.92,355.1429,4.23,PARTIAL_EXIT,EXTENDED: 5.9× ATR above 200DMA,False,,,0.0,4,False,8339.66,9373.71,9906.43,Extended — wait for ATR pullback,7,2026-06-18,20.5,False,False,False,False,,0,True,True,False,False,False,False,48.3,6,89.0
ADOR,ADOR WELDING,AVOID,0.0,0.0,CAUTION,3.5,0.5,NORMAL,nan,False,1,1,FRESH,True,12.88,40.4357,4.14,HOLD,,False,,,0.0,3,False,1039.25,1008.07,1091.21,Near 200DMA — ideal dip entry zone,7,2026-06-18,11.84,True,False,False,False,LOW_ROE(11.8%),0,True,True,False,False,False,False,48.3,6,89.0
REMUS,REMUS PHARMA.,AVOID,0.0,0.0,CAUTION,3.5,0.5,RESTRICTED,nan,False,1,1,EXPIRED,True,7.3,29.8464,4.68,HOLD,,False,,,0.0,3,False,712.79,691.41,748.43,Near 200DMA — ideal dip entry zone,7,2026-06-18,11.36,True,False,False,False,LOW_ROE(11.4%),0,False,False,False,False,False,False,48.3,6,89.0
ZTECH,Z-TECH (INDIA),AVOID,0.0,0.0,CAUTION,3.5,0.5,NORMAL,nan,False,1,1,EXPIRED,True,4.4,23.7429,4.78,HOLD,,False,,,0.0,3,False,571.34,554.2,599.91,Near 200DMA — ideal dip entry zone,7,2026-06-18,11.81,True,False,False,False,LOW_ROE(11.8%),0,False,False,False,False,False,False,48.3,6,89.0
RATNAMANI,RATNAMANI METALS,AVOID,0.0,0.0,CAUTION,3.5,0.5,NORMAL,nan,False,1,1,EXPIRED,True,8.88,75.5071,3.48,HOLD,,False,,,0.0,4,False,2390.02,2318.32,2509.52,Near 200DMA — ideal dip entry zone,7,2026-06-18,14.96,False,False,False,False,,0,True,True,False,False,False,False,48.3,6,89.0
GRCL,GAYATRI RUBBERS,AVOID,0.0,0.0,CAUTION,3.5,0.5,ILLIQUID,nan,False,1,1,EXPIRED,True,21.97,14.1464,3.43,PARTIAL_EXIT,EXTENDED: 7.7× ATR above 200DMA,False,,,0.0,4,False,405.91,466.81,488.03,Extended — wait for ATR pullback,7,2026-06-18,20.18,False,True,False,False,HIGH_PE(75x vs ind 23x),0,False,False,False,False,False,False,48.3,6,89.0
LIKHITHA,LIKHITHA INFRA.,AVOID,0.0,0.0,CAUTION,3.5,0.5,RESTRICTED,nan,False,1,1,FRESH,True,20.57,10.4457,5.18,PARTIAL_EXIT,EXTENDED: 4.8× ATR above 200DMA,False,,,0.0,4,False,200.76,221.17,236.84,Extended — wait for ATR pullback,7,2026-06-18,18.59,False,False,False,False,,0,True,True,False,False,False,False,48.3,6,89.0
ZFCVINDIA,ZF COMMERCIAL,AVOID,0.0,0.0,CAUTION,3.5,0.5,NORMAL,nan,False,1,1,EXPIRED,True,6.89,423.3571,3.36,HOLD,,False,,,0.0,4,False,14137.31,13713.19,14844.18,Near 200DMA — ideal dip entry zone,7,2026-06-18,14.33,False,False,False,False,,0,True,True,False,False,False,False,48.3,6,89.0
ONGC,O N G C,AVOID,0.0,0.0,CAUTION,3.5,0.5,NORMAL,nan,False,0,0,FRESH,False,-3.45,6.5036,3.19,HOLD,,False,,,0.0,2,False,253.76,237.65,258.84,Below 200DMA — enter on recovery above 200DMA,7,2026-06-18,10.55,True,False,False,False,LOW_ROE(10.6%),0,False,False,False,False,False,False,48.3,6,89.0
ONMOBILE,ONMOBILE GLOBAL,AVOID,0.0,0.0,CAUTION,3.5,0.5,RESTRICTED,nan,False,1,1,FRESH,True,-6.09,1.745,3.98,HOLD,,False,,,0.0,3,False,56.01,51.02,57.13,Below 200DMA — enter on recovery above 200DMA,7,2026-06-18,-6.45,True,False,False,False,LOW_ROE(-6.5%),0,False,False,False,False,False,False,48.3,6,89.0
ONYX,ONYX BIOTEC,MONITOR,0.0,1.0,CAUTION,3.5,0.5,ILLIQUID,LATE_CYCLE,False,1,1,EXPIRED,False,0.0,0.0,5.0,HOLD,,False,,,0.0,3,False,0.0,0.0,0.0,,7,2026-06-18,,False,False,False,False,,0,False,False,False,False,False,False,48.3,6,89.0
ORBTEXP,ORBIT EXPORTS,AVOID,0.0,0.0,CAUTION,3.5,0.5,RESTRICTED,nan,False,1,1,FRESH,True,15.64,15.9693,9.02,HOLD,,False,,,0.0,4,False,183.63,180.42,204.38,Extended — wait for ATR pullback,7,2026-06-18,14.27,False,False,False,False,,0,True,True,False,False,False,False,48.3,6,89.0
ORCHASP,ORCHASP LTD,AVOID,0.0,0.0,CAUTION,3.5,0.5,ILLIQUID,nan,False,0,0,EXPIRED,False,-31.79,0.1357,9.2,HOLD,,False,,,0.0,2,False,2.59,1.72,2.64,Below 200DMA — enter on recovery above 200DMA,7,2026-06-18,-9.38,True,False,False,False,LOW_ROE(-9.4%),0,False,False,False,False,False,False,48.3,6,89.0
ORCHPHARMA,ORCHID PHARMA,AVOID,0.0,0.0,CAUTION,3.5,0.5,NORMAL,nan,False,1,1,FRESH,True,45.4,60.7036,7.03,PARTIAL_EXIT,PROFIT_ZONE: +45% above 200DMA | EXTENDED: 7.8× ATR above 200DMA,False,,,0.0,3,False,713.1,915.44,1006.5,Extended — wait for ATR pullback,7,2026-06-18,7.86,True,True,False,False,LOW_ROE(7.9%) | HIGH_PE(139x vs ind 28x),0,False,False,False,False,False,False,48.3,6,89.0
ORIENTBELL,ORIENT BELL,AVOID,0.0,0.0,CAUTION,3.5,0.5,RESTRICTED,nan,False,0,0,EXPIRED,False,8.42,14.0,5.26,HOLD,,False,,,0.0,2,False,294.36,285.53,309.08,Near 200DMA — ideal dip entry zone,7,2026-06-18,0.9,True,False,False,False,LOW_ROE(0.9%),0,False,False,False,False,False,False,48.3,6,89.0
ORIENTCEM,ORIENT CEMENT,AVOID,0.0,0.0,CAUTION,3.5,0.5,NORMAL,nan,False,0,0,FRESH,False,-19.85,3.5978,3.18,HOLD,,False,,,0.0,2,False,169.59,131.85,172.98,Below 200DMA — enter on recovery above 200DMA,7,2026-06-18,5.05,True,False,False,False,LOW_ROE(5.0%),0,True,True,False,False,False,False,48.3,6,89.0
ORIENTCER,ORIENT CERATECH,AVOID,0.0,0.0,CAUTION,3.5,0.5,ILLIQUID,nan,False,0,0,EXPIRED,False,-4.73,1.7779,5.56,HOLD,,False,,,0.0,2,False,40.27,37.21,41.08,Below 200DMA — enter on recovery above 200DMA,7,2026-06-18,3.51,True,False,False,False,LOW_ROE(3.5%),0,False,False,False,False,False,False,48.3,6,89.0
ORIENTLTD,ORIENT PRESS,AVOID,0.0,0.0,CAUTION,3.5,0.5,ILLIQUID,nan,False,1,1,EXPIRED,True,-8.09,3.3521,6.03,HOLD,,False,,,0.0,3,False,72.57,64.7,74.02,Below 200DMA — enter on recovery above 200DMA,7,2026-06-18,-4.24,True,False,False,False,LOW_ROE(-4.2%),0,False,False,False,False,False,False,48.3,6,89.0
ORIENTPPR,ORIENT PAPER,AVOID,0.0,0.0,CAUTION,3.5,0.5,RESTRICTED,nan,False,0,0,EXPIRED,False,-17.45,0.5564,3.74,HOLD,,False,,,0.0,2,False,21.62,17.31,22.05,Below 200DMA — enter on recovery above 200DMA,7,2026-06-18,-3.56,True,False,False,False,LOW_ROE(-3.6%),0,False,False,False,False,False,False,48.3,6,89.0
ORISSAMINE,ORISSA MINERALS,AVOID,0.0,0.0,CAUTION,3.5,0.5,NORMAL,nan,False,1,1,EXPIRED,True,-5.94,141.7428,3.99,HOLD,,False,,,0.0,4,False,4526.85,4130.26,4617.39,Below 200DMA — enter on recovery above 200DMA,7,2026-06-18,,False,False,False,False,,0,False,False,False,False,False,False,48.3,6,89.0
ORKLAINDIA,ORKLA INDIA,AVOID,0.0,0.0,CAUTION,3.5,0.5,NORMAL,nan,False,1,1,EXPIRED,True,3.16,16.4643,3.12,HOLD,,False,,,0.0,4,False,613.0,594.61,643.65,Near 200DMA — ideal dip entry zone,7,2026-06-18,,False,False,False,False,,0,True,True,False,False,False,False,48.3,6,89.0
ORTEL,ORTEL COMMU.,AVOID,0.0,0.0,CAUTION,3.5,0.5,ILLIQUID,nan,False,0,0,EXPIRED,False,1.52,0.1386,10.33,HOLD,,False,,,0.0,3,False,1.59,1.54,1.67,Near 200DMA — ideal dip entry zone,7,2026-06-18,,False,False,False,False,,0,False,False,False,False,False,False,48.3,6,89.0
ORTINGLOBE,ORTIN GLOBAL,AVOID,0.0,0.0,CAUTION,3.5,0.5,ILLIQUID,nan,False,1,1,EXPIRED,True,23.43,1.4321,9.93,PARTIAL_EXIT,EXTENDED: 2.8× ATR above 200DMA,False,,,0.0,3,False,14.02,14.44,16.58,Extended — wait for ATR pullback,7,2026-06-18,-42.8,True,False,False,False,LOW_ROE(-42.8%),0,False,False,False,False,False,False,48.3,6,89.0
ORIENTALTL,ORIENTAL TRIMEX,AVOID,0.0,0.0,CAUTION,3.5,0.5,ILLIQUID,nan,False,0,0,EXPIRED,False,-20.58,0.3764,7.16,HOLD,,False,,,0.0,2,False,7.94,6.12,8.1,Below 200DMA — enter on recovery above 200DMA,7,2026-06-18,8.74,True,False,False,False,LOW_ROE(8.7%),0,True,True,False,False,False,False,48.3,6,89.0
ONELIFECAP,ONELIFE CAPITAL,AVOID,0.0,0.0,CAUTION,3.5,0.5,ILLIQUID,nan,False,1,1,EXPIRED,True,82.18,1.9514,7.94,EXIT,PROFIT_ZONE: +82% above 200DMA | EXTENDED: 12.4× ATR above 200DMA,False,,,0.0,3,False,16.18,25.58,28.5,Extended — wait for ATR pullback,7,2026-06-18,-14.83,True,False,False,False,LOW_ROE(-14.8%),0,False,False,False,False,False,False,48.3,6,89.0
ONDOOR,ON DOOR CONCEPTS,AVOID,0.0,0.0,CAUTION,3.5,0.5,RESTRICTED,nan,False,1,1,EXPIRED,True,35.56,9.8357,6.05,PARTIAL_EXIT,EXTENDED: 7.1× ATR above 200DMA,False,,,0.0,3,False,143.92,175.43,190.18,Extended — wait for ATR pullback,7,2026-06-18,6.58,True,False,False,False,LOW_ROE(6.6%),0,False,False,False,False,False,False,48.3,6,89.0
OAL,ORIENTAL AROMAT.,AVOID,0.0,0.0,CAUTION,3.5,0.5,RESTRICTED,nan,False,1,1,FRESH,True,11.77,15.1393,5.33,HOLD,,False,,,0.0,3,False,304.97,295.82,320.22,Near 200DMA — ideal dip entry zone,7,2026-06-18,5.18,True,True,False,False,LOW_ROE(5.2%) | HIGH_PE(1138x vs ind 25x),0,False,False,False,False,False,False,48.3,6,89.0
OCCLLTD,OCCL,AVOID,0.0,0.0,CAUTION,3.5,0.5,NORMAL,nan,False,1,1,FRESH,True,22.44,8.6943,8.02,PARTIAL_EXIT,EXTENDED: 3.4× ATR above 200DMA,False,,,0.0,3,False,106.19,112.63,125.67,Extended — wait for ATR pullback,7,2026-06-18,5.4,True,False,False,False,LOW_ROE(5.4%),0,False,False,False,False,False,False,48.3,6,89.0
ODIGMA,ODIGMA CONSULTAN,AVOID,0.0,0.0,CAUTION,3.5,0.5,ILLIQUID,nan,False,0,0,EXPIRED,False,-23.4,1.1629,5.83,HOLD,,False,,,0.0,2,False,31.23,23.2,31.85,Below 200DMA — enter on recovery above 200DMA,7,2026-06-18,0.66,True,False,False,False,LOW_ROE(0.7%),0,True,True,False,False,False,False,48.3,6,89.0
OILCOUNTUB,OIL COUNTRY,AVOID,0.0,0.0,CAUTION,3.5,0.5,ILLIQUID,nan,False,0,0,EXPIRED,False,-5.76,2.96,6.3,HOLD,,False,,,0.0,2,False,59.79,54.65,60.99,Below 200DMA — enter on recovery above 200DMA,7,2026-06-18,-13.77,True,False,False,False,LOW_ROE(-13.8%),0,False,False,False,False,False,False,48.3,6,89.0
OLAELEC,OLA ELECTRIC,AVOID,0.0,0.0,CAUTION,3.5,0.5,NORMAL,nan,False,1,1,EXPIRED,True,6.87,3.02,8.49,HOLD,,False,,,0.0,3,False,39.93,38.73,41.93,Near 200DMA — ideal dip entry zone,7,2026-06-18,-44.25,True,False,False,False,LOW_ROE(-44.2%),0,False,False,False,False,False,False,48.3,6,89.0
OLIL,ONECLICK LOGISTI,AVOID,0.0,0.0,CAUTION,3.5,0.5,ILLIQUID,nan,False,1,1,EXPIRED,True,32.64,16.0571,4.49,PARTIAL_EXIT,EXTENDED: 8.7× ATR above 200DMA,False,,,0.0,3,False,323.51,396.99,421.07,Extended — wait for ATR pullback,7,2026-06-18,5.52,True,False,False,False,LOW_ROE(5.5%),0,False,False,False,False,False,False,48.3,6,89.0
OMAXE,OMAXE,AVOID,0.0,0.0,CAUTION,3.5,0.5,NORMAL,nan,False,0,0,EXPIRED,False,-0.78,4.1743,6.5,HOLD,,False,,,0.0,3,False,77.7,74.79,79.25,Below 200DMA — enter on recovery above 200DMA,7,2026-06-18,,False,False,False,False,,0,False,False,False,False,False,False,48.3,6,89.0
OBCL,ORISSA BENGAL,AVOID,0.0,0.0,CAUTION,3.5,0.5,ILLIQUID,nan,False,1,1,EXPIRED,True,5.51,3.1829,6.52,HOLD,,False,,,0.0,3,False,55.54,53.87,58.32,Near 200DMA — ideal dip entry zone,7,2026-06-18,2.52,True,False,False,False,LOW_ROE(2.5%),0,False,False,False,False,False,False,48.3,6,89.0
OMFREIGHT,OM FREIGHT FORWA,AVOID,0.0,0.0,CAUTION,3.5,0.5,ILLIQUID,nan,False,0,0,FRESH,False,-5.19,3.3243,4.85,HOLD,,False,,,0.0,3,False,86.81,79.83,88.55,Below 200DMA — enter on recovery above 200DMA,7,2026-06-18,12.68,False,False,False,False,,0,False,False,False,False,False,False,48.3,6,89.0
OMFURN,OMFURN INDIA,AVOID,0.0,0.0,CAUTION,3.5,0.5,ILLIQUID,nan,False,0,0,EXPIRED,False,-30.12,1.825,3.9,HOLD,,False,,,0.0,2,False,80.28,54.42,81.89,Below 200DMA — enter on recovery above 200DMA,7,2026-06-18,10.93,True,False,False,False,LOW_ROE(10.9%),0,False,False,False,False,False,False,48.3,6,89.0
OMINFRAL,OM INFRA,AVOID,0.0,0.0,CAUTION,3.5,0.5,RESTRICTED,nan,False,0,0,EXPIRED,False,-12.39,3.1443,4.4,HOLD,,False,,,0.0,2,False,97.81,83.12,99.77,Below 200DMA — enter on recovery above 200DMA,7,2026-06-18,4.81,True,False,False,False,LOW_ROE(4.8%),0,False,False,False,False,False,False,48.3,6,89.0
NIDAN,NIDAN LABORATOR.,AVOID,0.0,0.0,CAUTION,3.5,0.5,ILLIQUID,nan,False,0,0,EXPIRED,False,-21.0,0.4107,3.65,HOLD,,False,,,0.0,2,False,17.09,13.09,17.43,Below 200DMA — enter on recovery above 200DMA,7,2026-06-18,2.9,True,False,False,False,LOW_ROE(2.9%),0,False,False,False,False,False,False,48.3,6,89.0
NHPC,NHPC LTD,AVOID,0.0,0.0,CAUTION,3.5,0.5,NORMAL,nan,False,0,0,FRESH,False,-5.51,2.3179,3.74,HOLD,,False,,,0.0,2,False,78.75,72.18,80.33,Below 200DMA — enter on recovery above 200DMA,7,2026-06-18,7.58,True,False,False,False,LOW_ROE(7.6%),0,False,False,False,False,False,False,48.3,6,89.0
NIBL,NRB INDL BEARING,AVOID,0.0,0.0,CAUTION,3.5,0.5,ILLIQUID,nan,False,0,0,EXPIRED,False,0.93,1.7864,7.02,HOLD,,False,,,0.0,3,False,30.25,29.34,31.76,Near 200DMA — ideal dip entry zone,7,2026-06-18,,False,False,False,False,,0,False,False,False,False,False,False,48.3,6,89.0
NETWORK18,NETWRK.18 MEDIA,AVOID,0.0,0.0,CAUTION,3.5,0.5,NORMAL,nan,False,1,1,FRESH,True,-15.84,1.7971,6.31,HOLD,,False,,,0.0,3,False,40.64,33.17,41.45,Below 200DMA — enter on recovery above 200DMA,7,2026-06-18,-35.57,True,False,False,False,LOW_ROE(-35.6%),0,False,False,False,False,False,False,48.3,6,89.0
NEWJAISA,NEWJAISA TECH,AVOID,0.0,0.0,CAUTION,3.5,0.5,ILLIQUID,nan,False,0,0,EXPIRED,False,-38.52,0.925,6.65,HOLD,,False,,,0.0,2,False,27.16,16.2,27.7,Below 200DMA — enter on recovery above 200DMA,7,2026-06-18,-1.46,True,False,False,False,LOW_ROE(-1.5%),0,False,False,False,False,False,False,48.3,6,89.0
NEXTMEDIA,NEXT MEDIAWORKS,AVOID,0.0,0.0,CAUTION,3.5,0.5,ILLIQUID,nan,False,0,0,EXPIRED,False,-27.37,0.3021,9.09,HOLD,,False,,,0.0,3,False,5.49,3.87,5.6,Below 200DMA — enter on recovery above 200DMA,7,2026-06-18,,False,False,False,False,,0,False,False,False,False,False,False,48.3,6,89.0
NGIL,NAKODA GROUP,AVOID,0.0,0.0,CAUTION,3.5,0.5,ILLIQUID,nan,False,0,0,EXPIRED,False,20.84,2.3257,7.49,PARTIAL_EXIT,EXTENDED: 3.3× ATR above 200DMA,False,,,0.0,2,False,30.83,32.61,36.1,Extended — wait for ATR pullback,7,2026-06-18,-13.05,True,False,False,False,LOW_ROE(-13.1%),0,False,False,False,False,False,False,48.3,6,89.0
NGLFINE,NGL FINE CHEM,AVOID,0.0,0.0,CAUTION,3.5,0.5,NORMAL,nan,False,1,1,FRESH,True,56.84,221.0642,9.05,EXIT,PROFIT_ZONE: +57% above 200DMA | EXTENDED: 7.5× ATR above 200DMA,False,,,0.0,3,False,1868.37,2488.17,2819.77,Extended — wait for ATR pullback,7,2026-06-18,7.48,True,False,False,False,LOW_ROE(7.5%),0,False,False,False,False,False,False,48.3,6,89.0
NESCO,NESCO,AVOID,0.0,0.0,CAUTION,3.5,0.5,NORMAL,nan,False,0,0,FRESH,False,-9.75,37.4143,4.02,HOLD,,False,,,0.0,3,False,1236.72,1082.71,1261.45,Below 200DMA — enter on recovery above 200DMA,7,2026-06-18,14.27,False,False,False,False,,0,True,True,False,False,False,False,48.3,6,89.0
NDTV,NDTV,AVOID,0.0,0.0,CAUTION,3.5,0.5,NORMAL,nan,False,1,1,FRESH,True,-8.78,3.7921,5.57,HOLD,,False,,,0.0,3,False,89.51,79.2,91.3,Below 200DMA — enter on recovery above 200DMA,7,2026-06-18,-367.97,True,False,False,False,LOW_ROE(-368.0%),0,False,False,False,False,False,False,48.3,6,89.0
NEAGI,NAN,AVOID,0.0,0.0,CAUTION,3.5,0.5,ILLIQUID,nan,False,0,0,EXPIRED,False,-3.73,84.9286,3.29,HOLD,,False,,,0.0,3,False,3221.12,3007.97,3285.54,Below 200DMA — enter on recovery above 200DMA,7,2026-06-18,,False,False,False,False,,0,False,False,False,False,False,False,48.3,6,89.0
NECCLTD,NORTH EASTN.CAR.,AVOID,0.0,0.0,CAUTION,3.5,0.5,RESTRICTED,nan,False,1,1,EXPIRED,True,-0.57,1.0471,7.25,HOLD,,False,,,0.0,3,False,17.44,16.82,17.79,Below 200DMA — enter on recovery above 200DMA,7,2026-06-18,3.99,True,False,False,False,LOW_ROE(4.0%),0,False,False,False,False,False,False,48.3,6,89.0
NECLIFE,NECTAR LIFESCI.,AVOID,0.0,0.0,CAUTION,3.5,0.5,ILLIQUID,nan,False,0,0,EXPIRED,False,-15.28,0.4643,4.61,HOLD,,False,,,0.0,2,False,14.26,11.72,14.55,Below 200DMA — enter on recovery above 200DMA,7,2026-06-18,-11.89,True,False,False,False,LOW_ROE(-11.9%),0,False,False,False,False,False,False,48.3,6,89.0
NELCO,NELCO,AVOID,0.0,0.0,CAUTION,3.5,0.5,NORMAL,nan,False,1,1,FRESH,True,1.74,26.0535,4.2,HOLD,,False,,,0.0,3,False,731.18,709.24,767.74,Near 200DMA — ideal dip entry zone,7,2026-06-18,7.45,True,False,False,False,LOW_ROE(7.5%),0,False,False,False,False,False,False,48.3,6,89.0
NEPHROCARE,NEPHRO CARE,AVOID,0.0,0.0,CAUTION,3.5,0.5,ILLIQUID,nan,False,0,0,EXPIRED,False,-36.32,4.1536,7.24,HOLD,,False,,,0.0,2,False,108.13,66.78,110.29,Below 200DMA — enter on recovery above 200DMA,7,2026-06-18,6.8,True,True,False,False,LOW_ROE(6.8%) | HIGH_PE(117x vs ind 44x),0,False,False,False,False,False,False,48.3,6,89.0
NSIL,NALWA SONS INVST,AVOID,0.0,0.0,CAUTION,3.5,0.5,NORMAL,nan,False,0,0,EXPIRED,False,-11.02,129.5357,2.75,HOLD,,False,,,0.0,2,False,6344.53,5476.14,6471.42,Below 200DMA — enter on recovery above 200DMA,7,2026-06-18,0.28,True,True,False,False,LOW_ROE(0.3%) | HIGH_PE(123x vs ind 17x),0,True,True,False,False,False,False,48.3,6,89.0
NURECA,NURECA,AVOID,0.0,0.0,CAUTION,3.5,0.5,RESTRICTED,nan,False,0,0,EXPIRED,False,-10.81,11.175,5.61,HOLD,,False,,,0.0,2,False,268.01,231.88,273.37,Below 200DMA — enter on recovery above 200DMA,7,2026-06-18,0.44,True,False,False,False,LOW_ROE(0.4%),0,True,True,False,False,False,False,48.3,6,89.0
NUVOCO,NUVOCO VISTAS,AVOID,0.0,0.0,CAUTION,3.5,0.5,NORMAL,nan,False,1,1,AGING,True,-9.87,13.5571,5.08,HOLD,,False,,,0.0,3,False,355.32,310.64,362.43,Below 200DMA — enter on recovery above 200DMA,7,2026-06-18,0.24,True,False,False,False,LOW_ROE(0.2%),0,False,False,False,False,False,False,48.3,6,89.0
NRAIL,N R AGARWAL INDS,AVOID,0.0,0.0,CAUTION,3.5,0.5,ILLIQUID,nan,False,0,0,FRESH,False,-1.43,14.7357,4.0,HOLD,,False,,,0.0,2,False,448.19,428.55,457.15,Below 200DMA — enter on recovery above 200DMA,7,2026-06-18,2.28,True,False,False,False,LOW_ROE(2.3%),0,False,False,False,False,False,False,48.3,6,89.0
NOVARTIND,NOVARTIS INDIA,AVOID,0.0,0.0,CAUTION,3.5,0.5,NORMAL,nan,False,1,1,FRESH,True,14.21,77.7214,6.83,HOLD,,False,,,0.0,4,False,1195.74,1159.87,1255.53,Near 200DMA — ideal dip entry zone,7,2026-06-18,12.85,False,False,False,False,,0,True,True,False,False,False,False,48.3,6,89.0
NILAINFRA,NILA INFRASTRUCT,AVOID,0.0,0.0,CAUTION,3.5,0.5,ILLIQUID,nan,False,0,0,FRESH,False,-9.62,0.2764,4.1,HOLD,,False,,,0.0,3,False,8.94,7.84,9.12,Below 200DMA — enter on recovery above 200DMA,7,2026-06-18,12.48,False,False,False,False,,0,False,False,False,False,False,False,48.3,6,89.0
NILE,NAN,AVOID,0.0,0.0,CAUTION,3.5,0.5,RESTRICTED,nan,False,1,1,EXPIRED,True,2.13,83.8286,5.66,HOLD,,False,,,0.0,4,False,1739.34,1687.16,1826.31,Near 200DMA — ideal dip entry zone,7,2026-06-18,,False,False,False,False,,0,False,False,False,False,False,False,48.3,6,89.0
NILKAMAL,NILKAMAL LTD,AVOID,0.0,0.0,CAUTION,3.5,0.5,RESTRICTED,nan,False,0,0,FRESH,False,-8.33,29.0286,2.72,HOLD,,False,,,0.0,2,False,1398.69,1243.73,1426.66,Below 200DMA — enter on recovery above 200DMA,7,2026-06-18,7.16,True,False,False,False,LOW_ROE(7.2%),0,False,False,False,False,False,False,48.3,6,89.0
NIMBSPROJ,NAN,AVOID,0.0,0.0,CAUTION,3.5,0.5,RESTRICTED,nan,False,1,1,FRESH,True,3.81,9.1664,5.24,HOLD,,False,,,0.0,4,False,202.23,196.16,212.34,Near 200DMA — ideal dip entry zone,7,2026-06-18,,False,False,False,False,,0,False,False,False,False,False,False,48.3,6,89.0
NINSYS,NINTEC SYSTEMS,AVOID,0.0,0.0,CAUTION,3.5,0.5,RESTRICTED,nan,False,1,1,EXPIRED,True,57.52,42.0893,7.3,EXIT,PROFIT_ZONE: +58% above 200DMA | EXTENDED: 9.5× ATR above 200DMA,False,,,0.0,4,False,439.52,608.17,671.31,Extended — wait for ATR pullback,7,2026-06-18,42.91,False,False,False,False,,0,True,True,False,False,False,False,48.3,6,89.0
NIPPOBATRY,INDO NATIONAL,AVOID,0.0,0.0,CAUTION,3.5,0.5,ILLIQUID,nan,False,1,1,EXPIRED,True,-5.13,17.3714,5.64,HOLD,,False,,,0.0,4,False,389.42,358.37,397.21,Below 200DMA — enter on recovery above 200DMA,7,2026-06-18,28.25,False,False,False,False,,0,False,False,False,False,False,False,48.3,6,89.0
NIRAJ,NIRAJ CEMENT,AVOID,0.0,0.0,CAUTION,3.5,0.5,ILLIQUID,nan,False,1,1,FRESH,True,-8.65,1.5429,5.97,HOLD,,False,,,0.0,3,False,33.94,30.07,34.62,Below 200DMA — enter on recovery above 200DMA,7,2026-06-18,6.2,True,False,False,False,LOW_ROE(6.2%),0,True,True,False,False,False,False,48.3,6,89.0
NIRAJISPAT,NIRAJ ISPAT IND.,AVOID,0.0,0.0,CAUTION,3.5,0.5,ILLIQUID,nan,False,0,0,EXPIRED,False,-13.48,8.4079,4.63,HOLD,,False,,,0.0,2,False,251.62,211.17,256.65,Below 200DMA — enter on recovery above 200DMA,7,2026-06-18,6.25,True,False,False,False,LOW_ROE(6.2%),0,False,False,False,False,False,False,48.3,6,89.0
NIRLON,NAN,AVOID,0.0,0.0,CAUTION,3.5,0.5,RESTRICTED,nan,False,1,1,EXPIRED,True,3.01,16.1072,3.14,HOLD,,False,,,0.0,4,False,598.43,580.48,628.35,Near 200DMA — ideal dip entry zone,7,2026-06-18,,False,False,False,False,,0,False,False,False,False,False,False,48.3,6,89.0
NIRMAN,NIRMAN AGRI,AVOID,0.0,0.0,CAUTION,3.5,0.5,ILLIQUID,nan,False,0,0,EXPIRED,False,-42.1,3.325,8.6,HOLD,,False,,,0.0,3,False,80.13,45.01,81.73,Below 200DMA — enter on recovery above 200DMA,7,2026-06-18,22.99,False,False,False,False,,0,False,False,False,False,False,False,48.3,6,89.0
NITCO,NITCO,AVOID,0.0,0.0,CAUTION,3.5,0.5,NORMAL,nan,False,1,1,EXPIRED,True,2.15,5.6357,7.05,HOLD,,False,,,0.0,3,False,93.89,91.07,98.58,Near 200DMA — ideal dip entry zone,7,2026-06-18,-300.52,True,False,False,False,LOW_ROE(-300.5%),0,False,False,False,False,False,False,48.3,6,89.0
NITTAGELA,NAN,AVOID,0.0,0.0,CAUTION,3.5,0.5,NORMAL,nan,False,1,1,FRESH,True,14.55,131.8036,10.19,HOLD,,False,,,0.0,4,False,1355.63,1314.96,1423.41,Near 200DMA — ideal dip entry zone,7,2026-06-18,,False,False,False,False,,0,False,False,False,False,False,False,48.3,6,89.0
NKIND,N K INDUSTRIES,AVOID,0.0,0.0,CAUTION,3.5,0.5,ILLIQUID,nan,False,0,0,EXPIRED,False,-4.08,2.7271,5.11,HOLD,,False,,,0.0,3,False,66.73,62.09,68.06,Below 200DMA — enter on recovery above 200DMA,7,2026-06-18,,False,False,False,False,,0,False,False,False,False,False,False,48.3,6,89.0
NOCIL,NOCIL,AVOID,0.0,0.0,CAUTION,3.5,0.5,NORMAL,nan,False,0,0,EXPIRED,False,-1.6,5.0136,3.73,HOLD,,False,,,0.0,2,False,163.74,156.29,167.01,Below 200DMA — enter on recovery above 200DMA,7,2026-06-18,5.84,True,False,False,False,LOW_ROE(5.8%),0,True,True,False,False,False,False,48.3,6,89.0
NOIDATOLL,NOIDA TOLLBRIDG.,AVOID,0.0,0.0,CAUTION,3.5,0.5,RESTRICTED,nan,False,1,1,EXPIRED,True,16.05,0.3221,7.9,HOLD,,False,,,0.0,4,False,4.21,4.25,4.73,Extended — wait for ATR pullback,7,2026-06-18,,False,False,False,False,,0,False,False,False,False,False,False,48.3,6,89.0
NORBTEAEXP,NORBEN TEA,AVOID,0.0,0.0,CAUTION,3.5,0.5,ILLIQUID,nan,False,0,0,EXPIRED,False,-1.2,4.7057,7.8,HOLD,,False,,,0.0,2,False,73.26,70.21,74.73,Below 200DMA — enter on recovery above 200DMA,7,2026-06-18,-1.08,True,False,False,False,LOW_ROE(-1.1%),0,False,False,False,False,False,False,48.3,6,89.0
NOVAAGRI,NOVA AGRITECH,AVOID,0.0,0.0,CAUTION,3.5,0.5,ILLIQUID,nan,False,0,0,EXPIRED,False,-28.34,1.1321,5.17,HOLD,,False,,,0.0,3,False,36.67,25.49,37.4,Below 200DMA — enter on recovery above 200DMA,7,2026-06-18,12.48,False,False,False,False,,0,False,False,False,False,False,False,48.3,6,89.0
NITIRAJ,NITIRAJ ENGINEER,AVOID,0.0,0.0,CAUTION,3.5,0.5,ILLIQUID,nan,False,0,0,EXPIRED,False,-3.22,15.55,9.81,HOLD,,False,,,0.0,2,False,196.57,184.52,200.5,Below 200DMA — enter on recovery above 200DMA,7,2026-06-18,5.83,True,False,False,False,LOW_ROE(5.8%),0,True,True,False,False,False,False,48.3,6,89.0
NIITLTD,NIIT,AVOID,0.0,0.0,CAUTION,3.5,0.5,NORMAL,nan,False,1,1,EXPIRED,True,20.64,7.7264,8.96,PARTIAL_EXIT,EXTENDED: 2.8× ATR above 200DMA,False,,,0.0,3,False,85.79,88.05,99.64,Extended — wait for ATR pullback,7,2026-06-18,4.28,True,False,False,False,LOW_ROE(4.3%),0,True,True,False,False,False,False,48.3,6,89.0
RAMCOCEM,THE RAMCO CEMENT,AVOID,0.0,0.0,CAUTION,3.5,0.5,NORMAL,nan,False,0,0,FRESH,False,-11.91,27.175,3.65,HOLD,,False,,,0.0,2,False,1014.67,867.03,1034.96,Below 200DMA — enter on recovery above 200DMA,7,2026-06-18,3.66,True,False,False,False,LOW_ROE(3.7%),0,False,False,False,False,False,False,48.3,6,89.0
RAMASTEEL,RAMA STEEL TUBES,AVOID,0.0,0.0,CAUTION,3.5,0.5,NORMAL,nan,False,0,0,EXPIRED,False,-37.36,0.175,4.2,HOLD,,False,,,0.0,2,False,7.98,4.85,8.14,Below 200DMA — enter on recovery above 200DMA,7,2026-06-18,6.25,True,True,False,False,LOW_ROE(6.2%) | HIGH_PE(61x vs ind 23x),0,False,False,False,False,False,False,48.3,6,89.0
RAMCOIND,RAMCO INDS.,AVOID,0.0,0.0,CAUTION,3.5,0.5,NORMAL,nan,False,1,1,EXPIRED,True,-3.37,15.2321,6.15,HOLD,,False,,,0.0,3,False,307.55,288.28,313.7,Below 200DMA — enter on recovery above 200DMA,7,2026-06-18,4.27,True,False,False,False,LOW_ROE(4.3%),0,True,True,False,False,False,False,48.3,6,89.0
RAMAPHO,RAMA PHOSPHATES,AVOID,0.0,0.0,CAUTION,3.5,0.5,RESTRICTED,nan,False,0,0,FRESH,False,-16.77,4.2029,4.07,HOLD,,False,,,0.0,2,False,148.74,120.08,151.71,Below 200DMA — enter on recovery above 200DMA,7,2026-06-18,3.68,True,False,False,False,LOW_ROE(3.7%),0,False,False,False,False,False,False,48.3,6,89.0
RAMANEWS,SHREE RAMA NEWS.,AVOID,0.0,0.0,CAUTION,3.5,0.5,ILLIQUID,nan,False,0,0,EXPIRED,False,-4.5,1.2557,5.05,HOLD,,False,,,0.0,3,False,31.22,28.93,31.84,Below 200DMA — enter on recovery above 200DMA,7,2026-06-18,,False,False,False,False,,0,False,False,False,False,False,False,48.3,6,89.0
RALLIS,RALLIS INDIA,AVOID,0.0,0.0,CAUTION,3.5,0.5,NORMAL,nan,False,0,0,AGING,False,-14.48,7.0535,3.71,HOLD,,False,,,0.0,2,False,266.63,221.19,271.96,Below 200DMA — enter on recovery above 200DMA,7,2026-06-18,6.57,True,False,False,False,LOW_ROE(6.6%),0,True,True,False,False,False,False,48.3,6,89.0
RAMCOSYS,RAMCO SYSTEMS,AVOID,0.0,0.0,CAUTION,3.5,0.5,NORMAL,nan,False,1,1,FRESH,True,14.04,37.2464,7.84,HOLD,,False,,,0.0,3,False,500.08,485.08,525.08,Near 200DMA — ideal dip entry zone,7,2026-06-18,-10.85,True,True,False,False,LOW_ROE(-10.8%) | HIGH_PE(67x vs ind 23x),0,False,False,False,False,False,False,48.3,6,89.0
RAJTV,RAJ TELEVISION,AVOID,0.0,0.0,CAUTION,3.5,0.5,ILLIQUID,nan,False,0,0,FRESH,False,-64.61,1.0064,9.71,HOLD,,False,,,0.0,2,False,35.15,12.07,35.85,Below 200DMA — enter on recovery above 200DMA,7,2026-06-18,-17.01,True,False,False,False,LOW_ROE(-17.0%),0,False,False,False,False,False,False,48.3,6,89.0
RAJMET,RAJNANDINI METAL,AVOID,0.0,0.0,CAUTION,3.5,0.5,ILLIQUID,nan,False,0,0,EXPIRED,False,-7.0,0.1429,4.49,HOLD,,False,,,0.0,2,False,4.11,3.71,4.19,Below 200DMA — enter on recovery above 200DMA,7,2026-06-18,-3.85,True,False,False,False,LOW_ROE(-3.9%),0,False,False,False,False,False,False,48.3,6,89.0
RAJESHEXPO,RAJESH EXPORTS,AVOID,0.0,0.0,CAUTION,3.5,0.5,NORMAL,nan,False,0,0,EXPIRED,False,-43.0,5.2286,7.09,HOLD,,False,,,0.0,2,False,155.17,85.8,158.27,Below 200DMA — enter on recovery above 200DMA,7,2026-06-18,0.6,True,False,False,False,LOW_ROE(0.6%),0,True,True,False,False,False,False,48.3,6,89.0
RAJSREESUG,RAJSHREE SUGARS,AVOID,0.0,0.0,CAUTION,3.5,0.5,ILLIQUID,nan,False,1,1,EXPIRED,True,-1.57,1.8407,6.52,HOLD,,False,,,0.0,3,False,34.42,32.86,35.11,Below 200DMA — enter on recovery above 200DMA,7,2026-06-18,3.06,True,False,False,False,LOW_ROE(3.1%),0,False,False,False,False,False,False,48.3,6,89.0
RAJRILTD,RAJ RAYON INDS.,AVOID,0.0,0.0,CAUTION,3.5,0.5,ILLIQUID,nan,False,1,1,FRESH,True,-9.05,0.6029,3.49,HOLD,,False,,,0.0,3,False,22.8,20.12,23.26,Below 200DMA — enter on recovery above 200DMA,7,2026-06-18,11.27,True,True,False,False,LOW_ROE(11.3%) | HIGH_PE(51x vs ind 16x),0,False,False,False,False,False,False,48.3,6,89.0
RAJPALAYAM,NAN,AVOID,0.0,0.0,CAUTION,3.5,0.5,ILLIQUID,nan,False,1,1,EXPIRED,True,7.13,31.5107,4.54,HOLD,,False,,,0.0,4,False,777.77,754.44,816.66,Near 200DMA — ideal dip entry zone,7,2026-06-18,,False,False,False,False,,0,False,False,False,False,False,False,48.3,6,89.0
OSWALAGRO,OSWAL AGRO MILLS,AVOID,0.0,0.0,CAUTION,3.5,0.5,ILLIQUID,nan,False,0,0,EXPIRED,False,-22.52,2.0564,5.61,HOLD,,False,,,0.0,2,False,56.75,42.65,57.88,Below 200DMA — enter on recovery above 200DMA,7,2026-06-18,11.87,True,False,False,False,LOW_ROE(11.9%),0,True,True,False,False,False,False,48.3,6,89.0
PIONEEREMB,PION. EMBROIDER.,AVOID,0.0,0.0,CAUTION,3.5,0.5,ILLIQUID,nan,False,0,0,EXPIRED,False,-16.59,1.5286,7.52,HOLD,,False,,,0.0,2,False,29.24,23.66,29.82,Below 200DMA — enter on recovery above 200DMA,7,2026-06-18,2.9,True,False,False,False,LOW_ROE(2.9%),0,False,False,False,False,False,False,48.3,6,89.0
PIONRINV,NAN,AVOID,0.0,0.0,CAUTION,3.5,0.5,ILLIQUID,nan,False,0,0,EXPIRED,False,-15.18,10.0786,13.23,HOLD,,False,,,0.0,3,False,107.77,88.67,109.93,Below 200DMA — enter on recovery above 200DMA,7,2026-06-18,,False,False,False,False,,0,False,False,False,False,False,False,48.3,6,89.0
PKTEA,THE PERIA KARAMALAI TEA,AVOID,0.0,0.0,CAUTION,3.5,0.5,ILLIQUID,nan,False,0,0,EXPIRED,False,-0.94,32.95,5.17,HOLD,,False,,,0.0,2,False,772.27,742.05,787.72,Below 200DMA — enter on recovery above 200DMA,7,2026-06-18,0.11,True,False,False,False,LOW_ROE(0.1%),0,False,False,False,False,False,False,48.3,6,89.0
PLADAINFO,PLADA INFOTECH S,AVOID,0.0,0.0,CAUTION,3.5,0.5,ILLIQUID,nan,False,1,1,EXPIRED,True,-19.43,0.3893,4.08,HOLD,,False,,,0.0,3,False,14.21,11.11,14.49,Below 200DMA — enter on recovery above 200DMA,7,2026-06-18,8.11,True,False,False,False,LOW_ROE(8.1%),0,False,False,False,False,False,False,48.3,6,89.0
PLASTIBLEN,PLASTIBLENDS (I),AVOID,0.0,0.0,CAUTION,3.5,0.5,RESTRICTED,nan,False,1,1,FRESH,True,4.0,5.3721,3.76,HOLD,,False,,,0.0,3,False,164.78,159.84,173.02,Near 200DMA — ideal dip entry zone,7,2026-06-18,7.82,True,False,False,False,LOW_ROE(7.8%),0,True,True,False,False,False,False,48.3,6,89.0
PLAZACABLE,PLAZA WIRES,AVOID,0.0,0.0,CAUTION,3.5,0.5,ILLIQUID,nan,False,1,1,EXPIRED,True,9.28,2.06,5.14,HOLD,,False,,,0.0,3,False,44.04,42.72,46.24,Near 200DMA — ideal dip entry zone,7,2026-06-18,2.36,True,False,False,False,LOW_ROE(2.4%),0,False,False,False,False,False,False,48.3,6,89.0
PML,NAN,AVOID,0.0,0.0,CAUTION,3.5,0.5,ILLIQUID,nan,False,0,0,FRESH,False,-9.38,23.9679,5.74,HOLD,,False,,,0.0,3,False,552.88,485.97,563.94,Below 200DMA — enter on recovery above 200DMA,7,2026-06-18,,False,False,False,False,,0,False,False,False,False,False,False,48.3,6,89.0
PILITA,PIL ITALICA LIFE,AVOID,0.0,0.0,CAUTION,3.5,0.5,ILLIQUID,nan,False,0,0,FRESH,False,-20.01,0.4386,6.55,HOLD,,False,,,0.0,2,False,10.05,7.8,10.25,Below 200DMA — enter on recovery above 200DMA,7,2026-06-18,6.6,True,False,False,False,LOW_ROE(6.6%),0,False,False,False,False,False,False,48.3,6,89.0
PNC,PRIT NANDY COMM.,AVOID,0.0,0.0,CAUTION,3.5,0.5,ILLIQUID,nan,False,1,1,EXPIRED,True,-16.77,1.2629,7.11,HOLD,,False,,,0.0,3,False,25.6,20.67,26.11,Below 200DMA — enter on recovery above 200DMA,7,2026-06-18,-1.3,True,False,False,False,LOW_ROE(-1.3%),0,True,True,False,False,False,False,48.3,6,89.0
PODDARMENT,PODDAR PIGMENTS,AVOID,0.0,0.0,CAUTION,3.5,0.5,ILLIQUID,nan,False,1,1,EXPIRED,True,0.18,14.0036,6.55,HOLD,,False,,,0.0,3,False,256.24,248.55,269.05,Near 200DMA — ideal dip entry zone,7,2026-06-18,6.28,True,False,False,False,LOW_ROE(6.3%),0,True,True,False,False,False,False,48.3,6,89.0
PILANIINVS,PILANI INVEST.,AVOID,0.0,0.0,CAUTION,3.5,0.5,NORMAL,nan,False,0,0,EXPIRED,False,-9.53,110.8713,3.0,HOLD,,False,,,0.0,2,False,4897.5,4298.07,4995.45,Below 200DMA — enter on recovery above 200DMA,7,2026-06-18,0.62,True,True,False,False,LOW_ROE(0.6%) | HIGH_PE(5058x vs ind 17x),0,False,False,False,False,False,False,48.3,6,89.0
PHANTOMFX,PHANTOM DIGITAL,AVOID,0.0,0.0,CAUTION,3.5,0.5,RESTRICTED,nan,False,0,0,EXPIRED,False,-19.78,8.3821,5.66,HOLD,,False,,,0.0,3,False,221.71,172.51,226.14,Below 200DMA — enter on recovery above 200DMA,7,2026-06-18,16.66,False,False,False,False,,0,False,False,False,False,False,False,48.3,6,89.0
PTCIL,PTC INDUSTRIES,AVOID,0.0,0.0,CAUTION,3.5,0.5,NORMAL,nan,False,1,1,EXPIRED,True,4.75,918.7143,6.2,HOLD,,False,,,0.0,3,False,16964.65,16455.71,17812.88,Near 200DMA — ideal dip entry zone,7,2026-06-18,4.4,True,True,False,False,LOW_ROE(4.4%) | HIGH_PE(394x vs ind 23x),0,False,False,False,False,False,False,48.3,6,89.0
PTL,PTL ENTERPRISES,AVOID,0.0,0.0,CAUTION,3.5,0.5,ILLIQUID,nan,False,1,1,EXPIRED,True,8.06,0.9707,2.79,HOLD,,False,,,0.0,3,False,38.57,37.41,40.5,Near 200DMA — ideal dip entry zone,7,2026-06-18,4.27,True,False,False,False,LOW_ROE(4.3%),0,True,True,False,False,False,False,48.3,6,89.0
PULZ,PULZ ELECTRONICS,AVOID,0.0,0.0,CAUTION,3.5,0.5,ILLIQUID,nan,False,0,0,EXPIRED,False,-20.68,0.8643,4.31,HOLD,,False,,,0.0,3,False,30.32,23.33,30.93,Below 200DMA — enter on recovery above 200DMA,7,2026-06-18,12.48,False,True,False,False,HIGH_PE(197x vs ind 32x),0,False,False,False,False,False,False,48.3,6,89.0
PUNJABCHEM,PUNJAB CHEMICALS,AVOID,0.0,0.0,CAUTION,3.5,0.5,NORMAL,nan,False,0,0,FRESH,False,-11.84,41.5857,4.88,HOLD,,False,,,0.0,2,False,1158.83,990.95,1182.01,Below 200DMA — enter on recovery above 200DMA,7,2026-06-18,10.67,True,False,False,False,LOW_ROE(10.7%),0,False,False,False,False,False,False,48.3,6,89.0
PURVA,PURAVANKARA,AVOID,0.0,0.0,CAUTION,3.5,0.5,NORMAL,nan,False,1,1,FRESH,True,-7.61,7.4193,4.1,HOLD,,False,,,0.0,3,False,235.03,210.64,239.73,Below 200DMA — enter on recovery above 200DMA,7,2026-06-18,-10.39,True,False,False,False,LOW_ROE(-10.4%),0,False,False,False,False,False,False,48.3,6,89.0
PURVFLEXI,PURV FLEXI,AVOID,0.0,0.0,CAUTION,3.5,0.5,ILLIQUID,nan,False,0,0,EXPIRED,False,-30.2,1.7607,4.05,HOLD,,False,,,0.0,2,False,74.79,50.63,76.29,Below 200DMA — enter on recovery above 200DMA,7,2026-06-18,7.57,True,False,False,False,LOW_ROE(7.6%),0,False,False,False,False,False,False,48.3,6,89.0
PVP,PVP VENTURES,AVOID,0.0,0.0,CAUTION,3.5,0.5,NORMAL,nan,False,1,1,AGING,True,0.03,1.9079,7.47,HOLD,,False,,,0.0,3,False,30.63,29.71,32.16,Near 200DMA — ideal dip entry zone,7,2026-06-18,-3.03,True,False,False,False,LOW_ROE(-3.0%),0,False,False,False,False,False,False,48.3,6,89.0
PVSL,POPULAR VEHICLES,AVOID,0.0,0.0,CAUTION,3.5,0.5,RESTRICTED,nan,False,0,0,FRESH,False,-18.15,3.6971,4.64,HOLD,,False,,,0.0,2,False,116.72,92.66,119.05,Below 200DMA — enter on recovery above 200DMA,7,2026-06-18,-1.64,True,False,False,False,LOW_ROE(-1.6%),0,False,False,False,False,False,False,48.3,6,89.0
QFIL,QUALITY FOILS,AVOID,0.0,0.0,CAUTION,3.5,0.5,ILLIQUID,nan,False,1,1,EXPIRED,True,-2.43,1.5714,3.38,HOLD,,False,,,0.0,3,False,57.24,54.17,58.38,Below 200DMA — enter on recovery above 200DMA,7,2026-06-18,4.7,True,False,False,False,LOW_ROE(4.7%),0,False,False,False,False,False,False,48.3,6,89.0
QMSMEDI,QMS MEDICAL,AVOID,0.0,0.0,CAUTION,3.5,0.5,ILLIQUID,nan,False,1,1,EXPIRED,True,21.06,4.4357,4.87,PARTIAL_EXIT,EXTENDED: 5.2× ATR above 200DMA,False,,,0.0,4,False,90.37,100.53,107.18,Extended — wait for ATR pullback,7,2026-06-18,13.48,False,False,False,False,,0,False,False,False,False,False,False,48.3,6,89.0
PVRINOX,PVR INOX,AVOID,0.0,0.0,CAUTION,3.5,0.5,NORMAL,nan,False,0,0,EXPIRED,False,-8.01,22.4393,2.8,HOLD,,False,,,0.0,2,False,1044.32,931.88,1065.21,Below 200DMA — enter on recovery above 200DMA,7,2026-06-18,-3.97,True,True,False,False,LOW_ROE(-4.0%) | HIGH_PE(461x vs ind 21x),0,False,False,False,False,False,False,48.3,6,89.0
PREMCO,NAN,AVOID,0.0,0.0,CAUTION,3.5,0.5,ILLIQUID,nan,False,0,0,FRESH,False,-7.27,15.0929,4.86,HOLD,,False,,,0.0,3,False,402.12,361.71,410.16,Below 200DMA — enter on recovery above 200DMA,7,2026-06-18,,False,False,False,False,,0,False,False,False,False,False,False,48.3,6,89.0
PREMIER,PREMIER,AVOID,0.0,0.0,CAUTION,3.5,0.5,ILLIQUID,nan,False,1,1,EXPIRED,True,-4.08,0.13,5.2,HOLD,,False,,,0.0,4,False,3.13,2.91,3.19,Below 200DMA — enter on recovery above 200DMA,7,2026-06-18,,False,False,False,False,,0,False,False,False,False,False,False,48.3,6,89.0
PRESSTONIC,PRESSTONIC ENGI.,AVOID,0.0,0.0,CAUTION,3.5,0.5,ILLIQUID,nan,False,0,0,EXPIRED,False,-44.02,1.8857,7.18,HOLD,,False,,,0.0,2,False,56.27,30.55,57.4,Below 200DMA — enter on recovery above 200DMA,7,2026-06-18,3.36,True,False,False,False,LOW_ROE(3.4%),0,False,False,False,False,False,False,48.3,6,89.0
PRESTIGE,PRESTIGE ESTATES,AVOID,0.0,0.0,CAUTION,3.5,0.5,NORMAL,nan,False,1,1,FRESH,True,1.03,53.6929,4.23,HOLD,,False,,,0.0,3,False,1505.95,1460.77,1581.25,Near 200DMA — ideal dip entry zone,7,2026-06-18,6.32,True,False,False,False,LOW_ROE(6.3%),0,False,False,False,False,False,False,48.3,6,89.0
PRIMO,PRIMO CHEMICALS,AVOID,0.0,0.0,CAUTION,3.5,0.5,RESTRICTED,nan,False,0,0,EXPIRED,False,3.86,1.7564,8.92,HOLD,,False,,,0.0,2,False,22.76,22.08,23.9,Near 200DMA — ideal dip entry zone,7,2026-06-18,0.91,True,True,False,False,LOW_ROE(0.9%) | HIGH_PE(79x vs ind 25x),0,False,False,False,False,False,False,48.3,6,89.0
PRINCEPIPE,PRINCE PIPES,AVOID,0.0,0.0,CAUTION,3.5,0.5,NORMAL,nan,False,1,1,FRESH,True,2.64,11.7714,5.0,HOLD,,False,,,0.0,3,False,275.28,267.02,289.04,Near 200DMA — ideal dip entry zone,7,2026-06-18,2.74,True,True,False,False,LOW_ROE(2.7%) | HIGH_PE(61x vs ind 23x),0,False,False,False,False,False,False,48.3,6,89.0
PRITI,PRITI INTERNATI.,AVOID,0.0,0.0,CAUTION,3.5,0.5,ILLIQUID,nan,False,0,0,EXPIRED,False,-23.25,1.9579,5.53,HOLD,,False,,,0.0,2,False,55.38,41.23,56.49,Below 200DMA — enter on recovery above 200DMA,7,2026-06-18,6.64,True,False,False,False,LOW_ROE(6.6%),0,True,True,False,False,False,False,48.3,6,89.0
PRITIKA,PRITIKA ENGINEER,AVOID,0.0,0.0,CAUTION,3.5,0.5,ILLIQUID,nan,False,1,1,EXPIRED,True,-6.22,2.3857,4.22,HOLD,,False,,,0.0,4,False,72.35,65.81,73.8,Below 200DMA — enter on recovery above 200DMA,7,2026-06-18,12.63,False,False,False,False,,0,False,False,False,False,False,False,48.3,6,89.0
PRLIND,PREMIER ROADLINE,AVOID,0.0,0.0,CAUTION,3.5,0.5,ILLIQUID,nan,False,0,0,EXPIRED,False,-29.18,3.1571,7.63,HOLD,,False,,,0.0,3,False,70.11,48.16,71.51,Below 200DMA — enter on recovery above 200DMA,7,2026-06-18,17.66,False,False,False,False,,0,False,False,False,False,False,False,48.3,6,89.0
PROPEQUITY,P.E. ANALYTICS,AVOID,0.0,0.0,CAUTION,3.5,0.5,ILLIQUID,nan,False,1,1,EXPIRED,True,26.0,12.7286,6.23,PARTIAL_EXIT,EXTENDED: 5.0× ATR above 200DMA,False,,,0.0,4,False,194.45,219.54,238.64,Extended — wait for ATR pullback,7,2026-06-18,14.39,False,False,False,False,,0,False,False,False,False,False,False,48.3,6,89.0
PROTEAN,PROTEAN EGOV,AVOID,0.0,0.0,CAUTION,3.5,0.5,NORMAL,nan,False,1,1,FRESH,True,-9.62,24.5464,4.65,HOLD,,False,,,0.0,3,False,700.22,613.86,714.22,Below 200DMA — enter on recovery above 200DMA,7,2026-06-18,9.26,True,False,False,False,LOW_ROE(9.3%),0,True,True,False,False,False,False,48.3,6,89.0
PRECOT,PRECOT,AVOID,0.0,0.0,CAUTION,3.5,0.5,RESTRICTED,nan,False,1,1,EXPIRED,True,40.53,45.5179,7.88,PARTIAL_EXIT,PROFIT_ZONE: +41% above 200DMA | EXTENDED: 6.2× ATR above 200DMA,False,,,0.0,3,False,492.99,601.76,670.04,Extended — wait for ATR pullback,7,2026-06-18,7.33,True,False,False,False,LOW_ROE(7.3%),0,False,False,False,False,False,False,48.3,6,89.0
PRECISION,PRECISION METAL.,AVOID,0.0,0.0,CAUTION,3.5,0.5,ILLIQUID,nan,False,0,0,EXPIRED,False,-42.93,0.25,4.14,HOLD,,False,,,0.0,2,False,12.7,7.03,12.95,Below 200DMA — enter on recovery above 200DMA,7,2026-06-18,0.91,True,True,False,False,LOW_ROE(0.9%) | HIGH_PE(136x vs ind 28x),0,False,False,False,False,False,False,48.3,6,89.0
POLYPLEX,POLYPLEX CORPN,AVOID,0.0,0.0,CAUTION,3.5,0.5,NORMAL,nan,False,1,1,FRESH,True,3.08,25.3821,3.3,HOLD,,False,,,0.0,3,False,895.6,868.73,940.38,Near 200DMA — ideal dip entry zone,7,2026-06-18,5.56,True,True,False,False,LOW_ROE(5.6%) | HIGH_PE(89x vs ind 23x),0,False,False,False,False,False,False,48.3,6,89.0
POLYSIL,POLYSIL IRRIGATI,AVOID,0.0,0.0,CAUTION,3.5,0.5,RESTRICTED,nan,False,0,0,EXPIRED,False,-37.36,8.6036,7.51,HOLD,,False,,,0.0,2,False,219.43,133.33,223.82,Below 200DMA — enter on recovery above 200DMA,7,2026-06-18,-8.15,True,False,False,False,LOW_ROE(-8.2%),0,False,False,False,False,False,False,48.3,6,89.0
PONNIERODE,PONNI SUG.ERODE,AVOID,0.0,0.0,CAUTION,3.5,0.5,RESTRICTED,nan,False,1,1,FRESH,True,12.84,13.9925,5.29,HOLD,,False,,,0.0,3,False,281.19,272.75,295.25,Near 200DMA — ideal dip entry zone,7,2026-06-18,3.62,True,False,False,False,LOW_ROE(3.6%),0,True,True,False,False,False,False,48.3,6,89.0
POWERGRID,POWER GRID CORPN,AVOID,0.0,0.0,CAUTION,3.5,0.5,NORMAL,nan,False,0,0,FRESH,False,1.08,6.7857,2.84,HOLD,,False,,,0.0,3,False,283.29,274.79,297.45,Near 200DMA — ideal dip entry zone,7,2026-06-18,16.75,False,False,False,False,,0,False,False,False,False,False,False,48.3,6,89.0
PPLPHARMA,PIRAMAL PHARMA,AVOID,0.0,0.0,CAUTION,3.5,0.5,NORMAL,nan,False,0,0,FRESH,False,-5.82,5.8343,4.29,HOLD,,False,,,0.0,2,False,173.45,158.45,176.92,Below 200DMA — enter on recovery above 200DMA,7,2026-06-18,1.12,True,False,False,False,LOW_ROE(1.1%),0,False,False,False,False,False,False,48.3,6,89.0
PRADPME,NAN,AVOID,0.0,0.0,CAUTION,3.5,0.5,NORMAL,nan,False,1,1,FRESH,True,23.39,26.6964,6.24,PARTIAL_EXIT,EXTENDED: 4.5× ATR above 200DMA,False,,,0.0,4,False,415.99,459.91,499.95,Extended — wait for ATR pullback,7,2026-06-18,,False,False,False,False,,0,False,False,False,False,False,False,48.3,6,89.0
PRAENG,PRAJAY ENGINEERS,AVOID,0.0,0.0,CAUTION,3.5,0.5,ILLIQUID,nan,False,0,0,EXPIRED,False,-14.17,1.2864,7.32,HOLD,,False,,,0.0,2,False,24.58,20.47,25.07,Below 200DMA — enter on recovery above 200DMA,7,2026-06-18,-5.69,True,False,False,False,LOW_ROE(-5.7%),0,False,False,False,False,False,False,48.3,6,89.0
PRAKASHSTL,PRAKASH STEELAGE,AVOID,0.0,0.0,CAUTION,3.5,0.5,ILLIQUID,nan,False,0,0,EXPIRED,False,-6.8,0.1729,4.68,HOLD,,False,,,0.0,3,False,4.75,4.3,4.84,Below 200DMA — enter on recovery above 200DMA,7,2026-06-18,14.55,False,True,False,False,HIGH_PE(69x vs ind 23x),0,False,False,False,False,False,False,48.3,6,89.0
PRATHAM,PRATHAM EPC,AVOID,0.0,0.0,CAUTION,3.5,0.5,ILLIQUID,nan,False,0,0,EXPIRED,False,-18.0,5.0607,5.28,HOLD,,False,,,0.0,3,False,140.25,111.55,143.06,Below 200DMA — enter on recovery above 200DMA,7,2026-06-18,18.45,False,True,False,False,HIGH_PE(53x vs ind 18x),0,False,False,False,False,False,False,48.3,6,89.0
PRAXIS,PRAXIS HOME,AVOID,0.0,0.0,CAUTION,3.5,0.5,ILLIQUID,nan,False,1,1,FRESH,True,-10.52,0.39,5.68,HOLD,,False,,,0.0,4,False,9.21,7.99,9.39,Below 200DMA — enter on recovery above 200DMA,7,2026-06-18,,False,False,False,False,,0,False,False,False,False,False,False,48.3,6,89.0
PROV,PROVENTUS AGRO.,AVOID,0.0,0.0,CAUTION,3.5,0.5,ILLIQUID,nan,False,1,1,EXPIRED,True,21.99,39.3571,3.13,PARTIAL_EXIT,EXTENDED: 8.4× ATR above 200DMA,False,,,0.0,3,False,1238.61,1432.29,1491.32,Extended — wait for ATR pullback,7,2026-06-18,5.66,True,False,False,False,LOW_ROE(5.7%),0,False,False,False,False,False,False,48.3,6,89.0
PROZONER,PROZONE REALTY,AVOID,0.0,0.0,CAUTION,3.5,0.5,NORMAL,nan,False,0,0,EXPIRED,False,-8.75,2.2607,5.6,HOLD,,False,,,0.0,2,False,53.09,46.99,54.15,Below 200DMA — enter on recovery above 200DMA,7,2026-06-18,-8.11,True,False,False,False,LOW_ROE(-8.1%),0,False,False,False,False,False,False,48.3,6,89.0
PRSMJOHNSN,PRISM JOHNSON,AVOID,0.0,0.0,CAUTION,3.5,0.5,NORMAL,nan,False,0,0,EXPIRED,False,-8.91,3.0607,2.99,HOLD,,False,,,0.0,2,False,134.79,119.1,137.49,Below 200DMA — enter on recovery above 200DMA,7,2026-06-18,5.41,True,False,False,False,LOW_ROE(5.4%),0,False,False,False,False,False,False,48.3,6,89.0
PRUDMOULI,PRUDEN. SUGAR,AVOID,0.0,0.0,CAUTION,3.5,0.5,ILLIQUID,nan,False,0,0,EXPIRED,False,-28.89,1.0057,7.86,HOLD,,False,,,0.0,2,False,21.59,14.89,22.02,Below 200DMA — enter on recovery above 200DMA,7,2026-06-18,5.12,True,False,False,False,LOW_ROE(5.1%),0,False,False,False,False,False,False,48.3,6,89.0
PSB,PUN. & SIND BANK,AVOID,0.0,0.0,CAUTION,3.5,0.5,NORMAL,nan,False,1,1,AGING,True,-5.71,0.81,3.81,HOLD,,False,,,0.0,4,False,27.02,24.72,27.56,Below 200DMA — enter on recovery above 200DMA,7,2026-06-18,9.44,False,False,False,False,,0,False,False,False,False,False,False,48.3,6,89.0
PAGEIND,PAGE INDUSTRIES,AVOID,0.0,0.0,CAUTION,3.5,0.5,NORMAL,nan,False,1,1,EXPIRED,True,5.54,1020.0,3.11,HOLD,,False,,,0.0,4,False,37236.92,36119.81,39098.77,Near 200DMA — ideal dip entry zone,7,2026-06-18,51.82,False,True,False,False,HIGH_PE(48x vs ind 16x),0,False,False,False,False,False,False,48.3,6,89.0
PALASHSECU,PALASH SECURI.,AVOID,0.0,0.0,CAUTION,3.5,0.5,ILLIQUID,nan,False,0,0,EXPIRED,False,-7.71,4.3671,5.44,HOLD,,False,,,0.0,2,False,104.43,93.49,106.52,Below 200DMA — enter on recovery above 200DMA,7,2026-06-18,-2.16,True,False,False,False,LOW_ROE(-2.2%),0,True,True,False,False,False,False,48.3,6,89.0
PALREDTEC,PALRED TECHNOLOG,AVOID,0.0,0.0,CAUTION,3.5,0.5,ILLIQUID,nan,False,1,1,EXPIRED,True,16.99,2.9971,7.09,HOLD,,False,,,0.0,3,False,43.35,44.73,49.22,Extended — wait for ATR pullback,7,2026-06-18,-16.02,True,False,False,False,LOW_ROE(-16.0%),0,False,False,False,False,False,False,48.3,6,89.0
PANACEABIO,PANACEA BIOTEC,AVOID,0.0,0.0,CAUTION,3.5,0.5,NORMAL,nan,False,1,1,FRESH,True,36.92,46.0786,10.39,PARTIAL_EXIT,EXTENDED: 4.3× ATR above 200DMA,False,,,0.0,3,False,388.69,440.04,509.16,Extended — wait for ATR pullback,7,2026-06-18,-1.0,True,False,False,False,LOW_ROE(-1.0%),0,True,True,False,False,False,False,48.3,6,89.0
PANACHE,PANACHE DIGILIFE,AVOID,0.0,0.0,CAUTION,3.5,0.5,RESTRICTED,nan,False,1,1,EXPIRED,True,20.2,19.15,5.59,PARTIAL_EXIT,EXTENDED: 4.3× ATR above 200DMA,False,,,0.0,3,False,342.11,372.9,401.62,Extended — wait for ATR pullback,7,2026-06-18,10.45,True,False,False,False,LOW_ROE(10.4%),0,False,False,False,False,False,False,48.3,6,89.0
PANSARI,PANSARI DEVELOP.,AVOID,0.0,0.0,CAUTION,3.5,0.5,NORMAL,nan,False,1,1,EXPIRED,True,8.6,21.9214,8.49,HOLD,,False,,,0.0,3,False,285.18,276.62,299.44,Near 200DMA — ideal dip entry zone,7,2026-06-18,5.59,True,False,False,False,LOW_ROE(5.6%),0,False,False,False,False,False,False,48.3,6,89.0
PAR,PAR DRUGS & CHE.,AVOID,0.0,0.0,CAUTION,3.5,0.5,ILLIQUID,nan,False,1,1,EXPIRED,True,-0.68,4.5136,5.71,HOLD,,False,,,0.0,4,False,95.51,92.01,97.42,Below 200DMA — enter on recovery above 200DMA,7,2026-06-18,13.5,False,False,False,False,,0,True,True,False,False,False,False,48.3,6,89.0
RAIN,RAIN INDUSTRIES,AVOID,0.0,0.0,CAUTION,3.5,0.5,NORMAL,nan,False,1,1,FRESH,True,43.24,11.7471,7.15,PARTIAL_EXIT,PROFIT_ZONE: +43% above 200DMA | EXTENDED: 7.3× ATR above 200DMA,False,,,0.0,3,False,137.72,173.78,191.4,Extended — wait for ATR pullback,7,2026-06-18,1.87,True,True,False,False,LOW_ROE(1.9%) | HIGH_PE(88x vs ind 25x),0,False,False,False,False,False,False,48.3,6,89.0
PARAGON,PARAGON FINE,AVOID,0.0,0.0,CAUTION,3.5,0.5,ILLIQUID,nan,False,1,1,EXPIRED,True,10.49,2.6071,5.99,HOLD,,False,,,0.0,3,False,47.24,45.82,49.6,Near 200DMA — ideal dip entry zone,7,2026-06-18,6.62,True,False,False,False,LOW_ROE(6.6%),0,False,False,False,False,False,False,48.3,6,89.0
PDSL,PDS,AVOID,0.0,0.0,CAUTION,3.5,0.5,NORMAL,nan,False,1,1,FRESH,True,4.08,14.3893,5.12,HOLD,,False,,,0.0,3,False,323.84,314.12,340.03,Near 200DMA — ideal dip entry zone,7,2026-06-18,9.51,True,False,False,False,LOW_ROE(9.5%),0,False,False,False,False,False,False,48.3,6,89.0
PEARLPOLY,PEARL POLYMERS,AVOID,0.0,0.0,CAUTION,3.5,0.5,ILLIQUID,nan,False,0,0,EXPIRED,False,-15.96,1.13,7.14,HOLD,,False,,,0.0,2,False,22.6,18.42,23.05,Below 200DMA — enter on recovery above 200DMA,7,2026-06-18,-15.33,True,False,False,False,LOW_ROE(-15.3%),0,True,True,False,False,False,False,48.3,6,89.0
PENINLAND,PENINSULA LAND,AVOID,0.0,0.0,CAUTION,3.5,0.5,ILLIQUID,nan,False,0,0,EXPIRED,False,-33.75,0.6421,4.81,HOLD,,False,,,0.0,2,False,24.2,15.55,24.68,Below 200DMA — enter on recovery above 200DMA,7,2026-06-18,-15.68,True,False,False,False,LOW_ROE(-15.7%),0,False,False,False,False,False,False,48.3,6,89.0
PENTAGON,PENTAGON RUBBER,AVOID,0.0,0.0,CAUTION,3.5,0.5,ILLIQUID,nan,False,0,0,EXPIRED,False,-18.07,1.4643,3.14,HOLD,,False,,,0.0,2,False,68.35,54.32,69.72,Below 200DMA — enter on recovery above 200DMA,7,2026-06-18,8.4,True,False,False,False,LOW_ROE(8.4%),0,False,False,False,False,False,False,48.3,6,89.0
RACE,RACE ECO,AVOID,0.0,0.0,CAUTION,3.5,0.5,ILLIQUID,nan,False,0,0,EXPIRED,False,-29.11,5.2843,5.87,HOLD,,False,,,0.0,2,False,152.34,104.76,155.39,Below 200DMA — enter on recovery above 200DMA,7,2026-06-18,5.44,True,False,False,False,LOW_ROE(5.4%),0,False,False,False,False,False,False,48.3,6,89.0
QUICKTOUCH,QUICKTOUCH TECH,AVOID,0.0,0.0,CAUTION,3.5,0.5,ILLIQUID,nan,False,0,0,EXPIRED,False,-31.37,1.2286,6.07,HOLD,,False,,,0.0,2,False,35.41,23.57,36.12,Below 200DMA — enter on recovery above 200DMA,7,2026-06-18,3.22,True,False,False,False,LOW_ROE(3.2%),0,False,False,False,False,False,False,48.3,6,89.0
QUINT,NAN,AVOID,0.0,0.0,CAUTION,3.5,0.5,ILLIQUID,nan,False,1,1,FRESH,True,4.33,2.6107,7.39,HOLD,,False,,,0.0,4,False,40.64,39.42,42.67,Near 200DMA — ideal dip entry zone,7,2026-06-18,,False,False,False,False,,0,False,False,False,False,False,False,48.3,6,89.0
PCCL,PETRO CARBON,AVOID,0.0,0.0,CAUTION,3.5,0.5,RESTRICTED,nan,False,0,0,EXPIRED,False,12.04,16.2429,7.88,HOLD,,False,,,0.0,2,False,220.67,214.05,231.7,Near 200DMA — ideal dip entry zone,7,2026-06-18,5.55,True,True,False,False,LOW_ROE(5.5%) | HIGH_PE(81x vs ind 20x),0,False,False,False,False,False,False,48.3,6,89.0
RACLGEAR,RACL GEARTECH,AVOID,0.0,0.0,CAUTION,3.5,0.5,NORMAL,nan,False,1,1,EXPIRED,True,12.31,55.8714,5.16,HOLD,,False,,,0.0,3,False,1157.81,1123.08,1215.7,Near 200DMA — ideal dip entry zone,7,2026-06-18,10.48,True,False,False,False,LOW_ROE(10.5%),0,False,False,False,False,False,False,48.3,6,89.0
RADIOWALLA,RADIOWALLA,AVOID,0.0,0.0,CAUTION,3.5,0.5,ILLIQUID,nan,False,0,0,EXPIRED,False,-44.26,0.7286,3.13,HOLD,,False,,,0.0,2,False,50.06,27.06,51.06,Below 200DMA — enter on recovery above 200DMA,7,2026-06-18,3.67,True,True,False,False,LOW_ROE(3.7%) | HIGH_PE(126x vs ind 21x),0,False,False,False,False,False,False,48.3,6,89.0
RADIOCITY,MUSIC BROADCAST,AVOID,0.0,0.0,CAUTION,3.5,0.5,ILLIQUID,nan,False,1,1,EXPIRED,True,-7.48,0.3221,6.19,HOLD,,False,,,0.0,3,False,6.74,6.05,6.87,Below 200DMA — enter on recovery above 200DMA,7,2026-06-18,-6.8,True,False,False,False,LOW_ROE(-6.8%),0,False,False,False,False,False,False,48.3,6,89.0
PARASPETRO,PARAS PETROFILS,AVOID,0.0,0.0,CAUTION,3.5,0.5,ILLIQUID,nan,False,0,0,EXPIRED,False,-9.46,0.1429,8.75,HOLD,,False,,,0.0,2,False,2.16,1.9,2.2,Below 200DMA — enter on recovery above 200DMA,7,2026-06-18,0.38,True,False,False,False,LOW_ROE(0.4%),0,True,True,False,False,False,False,48.3,6,89.0
PARIN,PARIN ENTERPRIS.,AVOID,0.0,0.0,CAUTION,3.5,0.5,NORMAL,nan,False,1,1,EXPIRED,True,18.66,41.875,6.99,HOLD,,False,,,0.0,3,False,605.44,634.65,697.46,Extended — wait for ATR pullback,7,2026-06-18,9.85,True,False,False,False,LOW_ROE(9.8%),0,False,False,False,False,False,False,48.3,6,89.0
PARSVNATH,PARSVNATH DEVL.,AVOID,0.0,0.0,CAUTION,3.5,0.5,ILLIQUID,nan,False,0,0,EXPIRED,False,-69.06,0.0679,2.59,HOLD,,False,,,0.0,3,False,10.15,3.05,10.35,Below 200DMA — enter on recovery above 200DMA,7,2026-06-18,,False,False,False,False,,0,False,False,False,False,False,False,48.3,6,89.0
PARTYCRUS,PARTY CRUISERS,AVOID,0.0,0.0,CAUTION,3.5,0.5,ILLIQUID,nan,False,1,1,EXPIRED,True,19.95,2.7179,3.26,HOLD,,False,,,0.0,4,False,83.33,94.51,98.59,Extended — wait for ATR pullback,7,2026-06-18,19.1,False,False,False,False,,0,False,False,False,False,False,False,48.3,6,89.0
PATINTLOG,PATEL INTEGRATED,AVOID,0.0,0.0,CAUTION,3.5,0.5,RESTRICTED,nan,False,1,1,EXPIRED,True,10.12,0.59,5.01,HOLD,,False,,,0.0,3,False,12.84,12.45,13.48,Near 200DMA — ideal dip entry zone,7,2026-06-18,6.25,True,False,False,False,LOW_ROE(6.2%),0,False,False,False,False,False,False,48.3,6,89.0
PATTECH,PATTECH FITWELL,AVOID,0.0,0.0,CAUTION,3.5,0.5,ILLIQUID,nan,False,1,1,EXPIRED,True,2.19,0.3679,0.38,HOLD,,False,,,0.0,3,False,112.39,109.02,118.01,Near 200DMA — ideal dip entry zone,7,2026-06-18,5.97,True,True,False,False,LOW_ROE(6.0%) | HIGH_PE(77x vs ind 23x),0,False,False,False,False,False,False,48.3,6,89.0
PAUSHAKLTD,PAUSHAK,AVOID,0.0,0.0,CAUTION,3.5,0.5,RESTRICTED,nan,False,0,0,FRESH,False,-5.66,24.4714,6.31,HOLD,,False,,,0.0,2,False,493.28,451.39,503.15,Below 200DMA — enter on recovery above 200DMA,7,2026-06-18,10.61,True,False,False,False,LOW_ROE(10.6%),0,False,False,False,False,False,False,48.3,6,89.0
PAVNAIND,PAVNA INDUSTRIES,AVOID,0.0,0.0,CAUTION,3.5,0.5,ILLIQUID,nan,False,0,0,EXPIRED,False,-32.42,0.7086,4.91,HOLD,,False,,,0.0,2,False,25.64,16.81,26.15,Below 200DMA — enter on recovery above 200DMA,7,2026-06-18,3.69,True,False,False,False,LOW_ROE(3.7%),0,False,False,False,False,False,False,48.3,6,89.0
RADAAN,RADAAN MEDIA.,AVOID,0.0,0.0,CAUTION,3.5,0.5,ILLIQUID,nan,False,0,0,EXPIRED,False,-5.09,0.2221,8.65,HOLD,,False,,,0.0,3,False,3.25,2.99,3.31,Below 200DMA — enter on recovery above 200DMA,7,2026-06-18,,False,False,False,False,,0,False,False,False,False,False,False,48.3,6,89.0
OSWALGREEN,OSWAL GREEN TECH,AVOID,0.0,0.0,CAUTION,3.5,0.5,RESTRICTED,nan,False,0,0,EXPIRED,False,-21.9,0.855,4.2,HOLD,,False,,,0.0,2,False,31.27,23.69,31.9,Below 200DMA — enter on recovery above 200DMA,7,2026-06-18,0.34,True,False,False,False,LOW_ROE(0.3%),0,True,True,False,False,False,False,48.3,6,89.0
OSWALSEEDS,SHREEOSWAL SEEDS,AVOID,0.0,0.0,CAUTION,3.5,0.5,ILLIQUID,nan,False,0,0,EXPIRED,False,-19.94,0.4307,4.73,HOLD,,False,,,0.0,2,False,13.65,10.6,13.92,Below 200DMA — enter on recovery above 200DMA,7,2026-06-18,8.07,True,False,False,False,LOW_ROE(8.1%),0,False,False,False,False,False,False,48.3,6,89.0
QUICKHEAL,QUICK HEAL TECH,AVOID,0.0,0.0,CAUTION,3.5,0.5,NORMAL,nan,False,0,0,FRESH,False,-26.24,10.4864,7.25,HOLD,,False,,,0.0,2,False,235.37,168.41,240.08,Below 200DMA — enter on recovery above 200DMA,7,2026-06-18,1.14,True,True,False,False,LOW_ROE(1.1%) | HIGH_PE(145x vs ind 23x),0,True,True,False,False,False,False,48.3,6,89.0
PFIZER,PFIZER,AVOID,0.0,0.0,CAUTION,3.5,0.5,NORMAL,nan,False,0,0,EXPIRED,False,-8.65,100.9071,2.69,HOLD,,False,,,0.0,3,False,4918.78,4358.69,5017.16,Below 200DMA — enter on recovery above 200DMA,7,2026-06-18,18.2,False,False,False,False,,0,True,True,False,False,False,False,48.3,6,89.0
PGHH,P & G HYGIENE,AVOID,0.0,0.0,CAUTION,3.5,0.5,NORMAL,nan,False,0,0,EXPIRED,False,-22.97,222.75,2.97,HOLD,,False,,,0.0,3,False,11677.52,8725.64,11911.07,Below 200DMA — enter on recovery above 200DMA,7,2026-06-18,87.12,False,False,False,False,,0,True,True,False,False,False,False,48.3,6,89.0
PGHL,P & G HEALTH LTD,AVOID,0.0,0.0,CAUTION,3.5,0.5,NORMAL,nan,False,1,1,FRESH,True,12.82,145.0357,2.78,HOLD,,False,,,0.0,4,False,5539.55,5373.36,5816.53,Near 200DMA — ideal dip entry zone,7,2026-06-18,37.34,False,False,False,False,,0,True,True,False,False,False,False,48.3,6,89.0
QUADFUTURE,QUADRANT FUTURE,AVOID,0.0,0.0,CAUTION,3.5,0.5,NORMAL,nan,False,1,1,FRESH,True,30.74,23.7464,6.62,PARTIAL_EXIT,EXTENDED: 5.6× ATR above 200DMA,False,,,0.0,3,False,329.21,382.91,418.53,Extended — wait for ATR pullback,7,2026-06-18,-6.6,True,False,False,False,LOW_ROE(-6.6%),0,True,True,False,False,False,False,48.3,6,89.0
QUADPRO,QUADPRO ITES,AVOID,0.0,0.0,CAUTION,3.5,0.5,ILLIQUID,nan,False,1,1,EXPIRED,True,-12.93,0.0536,2.99,HOLD,,False,,,0.0,3,False,2.47,2.09,2.52,Below 200DMA — enter on recovery above 200DMA,7,2026-06-18,3.21,True,False,False,False,LOW_ROE(3.2%),0,False,False,False,False,False,False,48.3,6,89.0
QUESS,QUESS CORP,AVOID,0.0,0.0,CAUTION,3.5,0.5,NORMAL,nan,False,1,1,FRESH,True,17.69,10.9586,5.28,HOLD,,False,,,0.0,3,False,211.81,227.36,243.8,Extended — wait for ATR pullback,7,2026-06-18,4.22,True,False,False,False,LOW_ROE(4.2%),0,False,False,False,False,False,False,48.3,6,89.0
MAANALU,MAAN ALUMINIUM,AVOID,0.0,0.0,CAUTION,3.5,0.5,NORMAL,nan,False,0,0,FRESH,False,-7.04,5.4014,5.06,HOLD,,False,,,0.0,2,False,137.75,124.21,140.5,Below 200DMA — enter on recovery above 200DMA,7,2026-06-18,8.69,True,False,False,False,LOW_ROE(8.7%),0,False,False,False,False,False,False,48.3,6,89.0
MACPOWER,MACPOWER CNC,AVOID,0.0,0.0,CAUTION,3.5,0.5,NORMAL,nan,False,0,0,EXPIRED,False,5.78,56.0036,6.72,HOLD,,False,,,0.0,3,False,944.95,916.6,992.2,Near 200DMA — ideal dip entry zone,7,2026-06-18,17.81,False,False,False,False,,0,True,True,False,False,False,False,48.3,6,89.0
MADHAV,MADHAV MARBLES,AVOID,0.0,0.0,CAUTION,3.5,0.5,ILLIQUID,nan,False,0,0,EXPIRED,False,-7.57,1.5743,5.15,HOLD,,False,,,0.0,2,False,39.71,35.6,40.5,Below 200DMA — enter on recovery above 200DMA,7,2026-06-18,-1.19,True,False,False,False,LOW_ROE(-1.2%),0,True,True,False,False,False,False,48.3,6,89.0
MADHAVBAUG,VAIDYA SANE,AVOID,0.0,0.0,CAUTION,3.5,0.5,ILLIQUID,nan,False,0,0,EXPIRED,False,-28.57,7.8929,5.44,HOLD,,False,,,0.0,2,False,243.95,169.02,248.83,Below 200DMA — enter on recovery above 200DMA,7,2026-06-18,11.41,True,False,False,False,LOW_ROE(11.4%),0,False,False,False,False,False,False,48.3,6,89.0
MADHAVIPL,NAN,AVOID,0.0,0.0,CAUTION,3.5,0.5,ILLIQUID,nan,False,1,1,EXPIRED,True,1.5,0.5921,7.94,HOLD,,False,,,0.0,4,False,8.82,8.56,9.26,Near 200DMA — ideal dip entry zone,7,2026-06-18,,False,False,False,False,,0,False,False,False,False,False,False,48.3,6,89.0
MADHUCON,MADHUCON PROJECT,AVOID,0.0,0.0,CAUTION,3.5,0.5,ILLIQUID,nan,False,1,1,AGING,True,13.22,0.4036,7.3,HOLD,,False,,,0.0,4,False,5.86,5.68,6.15,Near 200DMA — ideal dip entry zone,7,2026-06-18,,False,False,False,False,,0,False,False,False,False,False,False,48.3,6,89.0
MADHUSUDAN,MADHUSUDAN MASA,AVOID,0.0,0.0,CAUTION,3.5,0.5,ILLIQUID,nan,False,0,0,EXPIRED,False,3.23,7.1286,5.94,HOLD,,False,,,0.0,3,False,139.49,135.31,146.46,Near 200DMA — ideal dip entry zone,7,2026-06-18,16.04,False,False,False,False,,0,False,False,False,False,False,False,48.3,6,89.0
MADRASFERT,MADRAS FERTILIZE,AVOID,0.0,0.0,CAUTION,3.5,0.5,RESTRICTED,nan,False,1,1,EXPIRED,True,-4.02,3.09,5.16,HOLD,,False,,,0.0,4,False,74.9,69.73,76.4,Below 200DMA — enter on recovery above 200DMA,7,2026-06-18,,False,True,False,False,HIGH_PE(135x vs ind 16x),0,False,False,False,False,False,False,48.3,6,89.0
LYPSAGEMS,LYPSA GEMS,AVOID,0.0,0.0,CAUTION,3.5,0.5,ILLIQUID,nan,False,0,0,EXPIRED,False,-9.2,0.2129,5.21,HOLD,,False,,,0.0,2,False,5.4,4.75,5.51,Below 200DMA — enter on recovery above 200DMA,7,2026-06-18,-92.02,True,False,False,False,LOW_ROE(-92.0%),0,True,True,False,False,False,False,48.3,6,89.0
LYKALABS,LYKA LABS,AVOID,0.0,0.0,CAUTION,3.5,0.5,RESTRICTED,nan,False,1,1,EXPIRED,True,-6.41,4.7893,8.15,HOLD,,False,,,0.0,3,False,75.34,68.39,76.85,Below 200DMA — enter on recovery above 200DMA,7,2026-06-18,7.74,True,False,False,False,LOW_ROE(7.7%),0,False,False,False,False,False,False,48.3,6,89.0
LOYALTEX,LOYAL TEXTILE,AVOID,0.0,0.0,CAUTION,3.5,0.5,ILLIQUID,nan,False,0,0,FRESH,False,-12.48,2.2579,1.33,HOLD,,False,,,0.0,2,False,233.08,197.88,237.74,Below 200DMA — enter on recovery above 200DMA,7,2026-06-18,-19.05,True,False,False,False,LOW_ROE(-19.1%),0,False,False,False,False,False,False,48.3,6,89.0
LPDC,LANDMARK PROP.,AVOID,0.0,0.0,CAUTION,3.5,0.5,ILLIQUID,nan,False,0,0,EXPIRED,False,-4.99,0.4171,7.4,HOLD,,False,,,0.0,2,False,7.12,6.56,7.26,Below 200DMA — enter on recovery above 200DMA,7,2026-06-18,-9.31,True,False,False,False,LOW_ROE(-9.3%),0,True,True,False,False,False,False,48.3,6,89.0
LRRPL,LEAD RECLAIM,AVOID,0.0,0.0,CAUTION,3.5,0.5,ILLIQUID,nan,False,1,1,EXPIRED,True,20.34,4.9929,6.52,PARTIAL_EXIT,EXTENDED: 3.7× ATR above 200DMA,False,,,0.0,3,False,76.41,81.96,89.45,Extended — wait for ATR pullback,7,2026-06-18,3.31,True,True,False,False,LOW_ROE(3.3%) | HIGH_PE(66x vs ind 23x),0,False,False,False,False,False,False,48.3,6,89.0
LUMAXIND,LUMAX INDUSTRIES,AVOID,0.0,0.0,CAUTION,3.5,0.5,NORMAL,nan,False,0,0,EXPIRED,False,2.57,197.0,4.43,HOLD,,False,,,0.0,3,False,5207.49,5051.27,5467.86,Near 200DMA — ideal dip entry zone,7,2026-06-18,18.07,False,False,False,False,,0,False,False,False,False,False,False,48.3,6,89.0
LUXIND,LUX INDUSTRIES,AVOID,0.0,0.0,CAUTION,3.5,0.5,NORMAL,nan,False,0,0,FRESH,False,4.63,63.2643,6.11,HOLD,,False,,,0.0,2,False,1187.26,1151.64,1246.62,Near 200DMA — ideal dip entry zone,7,2026-06-18,9.55,True,False,False,False,LOW_ROE(9.6%),0,False,False,False,False,False,False,48.3,6,89.0
MIDHANI,MISHRA DHATU NIG,AVOID,0.0,0.0,CAUTION,3.5,0.5,NORMAL,nan,False,1,1,EXPIRED,True,23.36,21.6893,5.8,PARTIAL_EXIT,EXTENDED: 4.8× ATR above 200DMA,False,,,0.0,3,False,363.86,405.47,438.01,Extended — wait for ATR pullback,7,2026-06-18,7.83,True,False,False,False,LOW_ROE(7.8%),0,False,False,False,False,False,False,48.3,6,89.0
MIDWESTLTD,MIDWEST,AVOID,0.0,0.0,CAUTION,3.5,0.5,NORMAL,nan,False,1,1,EXPIRED,True,-2.91,45.2572,4.2,HOLD,,False,,,0.0,4,False,1332.16,1254.6,1358.8,Below 200DMA — enter on recovery above 200DMA,7,2026-06-18,,False,False,False,False,,0,False,False,False,False,False,False,48.3,6,89.0
MANGALAM,MANGALAM DRUGS,AVOID,0.0,0.0,CAUTION,3.5,0.5,ILLIQUID,nan,False,1,1,EXPIRED,True,-29.9,1.4971,6.01,HOLD,,False,,,0.0,3,False,42.65,29.0,43.5,Below 200DMA — enter on recovery above 200DMA,7,2026-06-18,4.51,True,False,False,False,LOW_ROE(4.5%),0,False,False,False,False,False,False,48.3,6,89.0
MANGLMCEM,MANGALAM CEMENT,AVOID,0.0,0.0,CAUTION,3.5,0.5,NORMAL,nan,False,0,0,FRESH,False,6.51,21.2321,3.0,HOLD,,False,,,0.0,2,False,796.85,772.94,836.69,Near 200DMA — ideal dip entry zone,7,2026-06-18,5.29,True,False,False,False,LOW_ROE(5.3%),0,False,False,False,False,False,False,48.3,6,89.0
MANOMAY,MANOMAY TEX INDI,AVOID,0.0,0.0,CAUTION,3.5,0.5,RESTRICTED,nan,False,0,0,FRESH,False,-10.16,11.63,7.54,HOLD,,False,,,0.0,3,False,205.9,179.43,210.02,Below 200DMA — enter on recovery above 200DMA,7,2026-06-18,12.99,False,False,False,False,,0,False,False,False,False,False,False,48.3,6,89.0
MANORG,MANGALAM ORGANIC,AVOID,0.0,0.0,CAUTION,3.5,0.5,RESTRICTED,nan,False,1,1,EXPIRED,True,8.11,30.0821,6.85,HOLD,,False,,,0.0,3,False,487.61,472.98,511.99,Near 200DMA — ideal dip entry zone,7,2026-06-18,4.3,True,False,False,False,LOW_ROE(4.3%),0,False,False,False,False,False,False,48.3,6,89.0
MANUGRAPH,MANUGRAPH INDIA,AVOID,0.0,0.0,CAUTION,3.5,0.5,ILLIQUID,nan,False,1,1,EXPIRED,True,-8.78,1.3607,10.58,HOLD,,False,,,0.0,3,False,16.91,14.97,17.25,Below 200DMA — enter on recovery above 200DMA,7,2026-06-18,-50.1,True,False,False,False,LOW_ROE(-50.1%),0,False,False,False,False,False,False,48.3,6,89.0
MARALOVER,MARAL OVERSEAS,AVOID,0.0,0.0,CAUTION,3.5,0.5,ILLIQUID,nan,False,1,1,EXPIRED,True,20.65,2.5193,5.34,PARTIAL_EXIT,EXTENDED: 4.6× ATR above 200DMA,False,,,0.0,3,False,46.95,51.61,55.39,Extended — wait for ATR pullback,7,2026-06-18,-22.22,True,False,False,False,LOW_ROE(-22.2%),0,False,False,False,False,False,False,48.3,6,89.0
MARC,MARC TECHNOCRATS,AVOID,0.0,0.0,CAUTION,3.5,0.5,ILLIQUID,nan,False,0,0,EXPIRED,False,7.06,2.3357,3.84,HOLD,,False,,,0.0,3,False,68.19,66.14,71.6,Near 200DMA — ideal dip entry zone,7,2026-06-18,26.84,False,False,False,False,,0,False,False,False,False,False,False,48.3,6,89.0
MARCO,MARCO CABLES,AVOID,0.0,0.0,CAUTION,3.5,0.5,ILLIQUID,nan,False,0,0,EXPIRED,False,-17.64,1.3857,5.43,HOLD,,False,,,0.0,3,False,37.16,29.68,37.9,Below 200DMA — enter on recovery above 200DMA,7,2026-06-18,16.15,False,False,False,False,,0,False,False,False,False,False,False,48.3,6,89.0
MASKINVEST,MASK INVESTMENTS,AVOID,0.0,0.0,CAUTION,3.5,0.5,ILLIQUID,nan,False,1,1,EXPIRED,True,2.03,6.875,5.29,HOLD,,False,,,0.0,3,False,152.88,148.29,160.52,Near 200DMA — ideal dip entry zone,7,2026-06-18,0.04,True,False,False,False,LOW_ROE(0.0%),0,True,True,False,False,False,False,48.3,6,89.0
MASON,MASON INFRATECH,AVOID,0.0,0.0,CAUTION,3.5,0.5,ILLIQUID,nan,False,1,1,EXPIRED,True,-17.81,8.9143,7.48,HOLD,,False,,,0.0,4,False,174.05,138.76,177.53,Below 200DMA — enter on recovery above 200DMA,7,2026-06-18,25.7,False,False,False,False,,0,False,False,False,False,False,False,48.3,6,89.0
MASTER,MASTER COMPONENT,AVOID,0.0,0.0,CAUTION,3.5,0.5,ILLIQUID,nan,False,1,1,EXPIRED,True,2.11,4.0107,1.4,HOLD,,False,,,0.0,4,False,337.87,327.73,354.76,Near 200DMA — ideal dip entry zone,7,2026-06-18,22.02,False,False,False,False,,0,False,False,False,False,False,False,48.3,6,89.0
MATRIMONY,MATRIMONY.COM,AVOID,0.0,0.0,CAUTION,3.5,0.5,NORMAL,nan,False,0,0,EXPIRED,False,-18.79,14.8464,4.57,HOLD,,False,,,0.0,3,False,480.54,378.54,490.15,Below 200DMA — enter on recovery above 200DMA,7,2026-06-18,18.74,False,False,False,False,,0,False,False,False,False,False,False,48.3,6,89.0
MAWANASUG,MAWANA SUGARS,AVOID,0.0,0.0,CAUTION,3.5,0.5,RESTRICTED,nan,False,1,1,AGING,True,20.83,4.1529,4.6,PARTIAL_EXIT,EXTENDED: 5.4× ATR above 200DMA,False,,,0.0,4,False,89.74,100.13,106.36,Extended — wait for ATR pullback,7,2026-06-18,22.24,False,False,False,False,,0,True,True,False,False,False,False,48.3,6,89.0
MANDEEP,MANDEEP AUTO,AVOID,0.0,0.0,CAUTION,3.5,0.5,ILLIQUID,nan,False,0,0,EXPIRED,False,-14.41,0.625,3.81,HOLD,,False,,,0.0,2,False,23.02,19.11,23.48,Below 200DMA — enter on recovery above 200DMA,7,2026-06-18,4.14,True,False,False,False,LOW_ROE(4.1%),0,False,False,False,False,False,False,48.3,6,89.0
MANAV,MANAV INFRA,AVOID,0.0,0.0,CAUTION,3.5,0.5,ILLIQUID,nan,False,0,0,EXPIRED,False,24.93,0.8607,2.63,PARTIAL_EXIT,EXTENDED: 11.4× ATR above 200DMA,False,,,0.0,3,False,31.42,37.53,38.82,Extended — wait for ATR pullback,7,2026-06-18,39.71,False,False,False,False,,0,False,False,False,False,False,False,48.3,6,89.0
MAFATIND,NAN,AVOID,0.0,0.0,CAUTION,3.5,0.5,RESTRICTED,nan,False,0,0,FRESH,False,-2.88,4.6557,4.34,HOLD,,False,,,0.0,3,False,132.54,124.86,135.19,Below 200DMA — enter on recovery above 200DMA,7,2026-06-18,,False,False,False,False,,0,False,False,False,False,False,False,48.3,6,89.0
MAGADSUGAR,MAGADH SUGAR,AVOID,0.0,0.0,CAUTION,3.5,0.5,RESTRICTED,nan,False,0,0,FRESH,False,-8.92,12.8643,3.42,HOLD,,False,,,0.0,3,False,495.8,438.0,505.72,Below 200DMA — enter on recovery above 200DMA,7,2026-06-18,13.12,False,False,False,False,,0,False,False,False,False,False,False,48.3,6,89.0
MAGNUM,MAGNUM VENTURES,AVOID,0.0,0.0,CAUTION,3.5,0.5,ILLIQUID,nan,False,0,0,EXPIRED,False,-9.62,1.0643,6.31,HOLD,,False,,,0.0,2,False,22.41,19.64,22.86,Below 200DMA — enter on recovery above 200DMA,7,2026-06-18,-1.65,True,False,False,False,LOW_ROE(-1.6%),0,False,False,False,False,False,False,48.3,6,89.0
MAGSON,MAGSON RETAIL,AVOID,0.0,0.0,CAUTION,3.5,0.5,ILLIQUID,nan,False,0,0,EXPIRED,False,17.6,2.8429,2.13,HOLD,,False,,,0.0,2,False,136.05,154.31,158.58,Extended — wait for ATR pullback,7,2026-06-18,1.75,True,True,False,False,LOW_ROE(1.8%) | HIGH_PE(179x vs ind 25x),0,False,False,False,False,False,False,48.3,6,89.0
MAHAPEXLTD,MAHA RASHTRA APX,AVOID,0.0,0.0,CAUTION,3.5,0.5,ILLIQUID,nan,False,0,0,EXPIRED,False,-42.08,2.2221,5.61,HOLD,,False,,,0.0,2,False,82.04,46.09,83.68,Below 200DMA — enter on recovery above 200DMA,7,2026-06-18,4.22,True,False,False,False,LOW_ROE(4.2%),0,True,True,False,False,False,False,48.3,6,89.0
MAHASTEEL,MAHAMAYA STEEL,AVOID,0.0,0.0,CAUTION,3.5,0.5,RESTRICTED,nan,False,0,0,EXPIRED,False,5.96,43.4286,6.59,HOLD,,False,,,0.0,2,False,746.64,724.24,783.97,Near 200DMA — ideal dip entry zone,7,2026-06-18,5.1,True,True,False,False,LOW_ROE(5.1%) | HIGH_PE(139x vs ind 23x),0,False,False,False,False,False,False,48.3,6,89.0
MAHESHWARI,MAHESHWARI LOGI.,AVOID,0.0,0.0,CAUTION,3.5,0.5,RESTRICTED,nan,False,1,1,EXPIRED,True,38.25,4.1514,6.98,PARTIAL_EXIT,EXTENDED: 6.6× ATR above 200DMA,False,,,0.0,3,False,51.6,63.03,69.25,Extended — wait for ATR pullback,7,2026-06-18,9.12,True,False,False,False,LOW_ROE(9.1%),0,False,False,False,False,False,False,48.3,6,89.0
MAHICKRA,MAHICKRA CHEM.,AVOID,0.0,0.0,CAUTION,3.5,0.5,ILLIQUID,nan,False,1,1,EXPIRED,True,37.28,7.7661,3.73,PARTIAL_EXIT,EXTENDED: 12.0× ATR above 200DMA,False,,,0.0,3,False,182.03,234.37,246.02,Extended — wait for ATR pullback,7,2026-06-18,7.1,True,False,False,False,LOW_ROE(7.1%),0,False,False,False,False,False,False,48.3,6,89.0
MAHLIFE,MAHINDRA LIFE.,AVOID,0.0,0.0,CAUTION,3.5,0.5,NORMAL,nan,False,1,1,FRESH,True,-4.75,10.0393,3.48,HOLD,,False,,,0.0,3,False,363.66,336.01,370.93,Below 200DMA — enter on recovery above 200DMA,7,2026-06-18,3.23,True,False,False,False,LOW_ROE(3.2%),0,True,True,False,False,False,False,48.3,6,89.0
MAITREYA,MAITREYA MEDICA.,AVOID,0.0,0.0,CAUTION,3.5,0.5,ILLIQUID,nan,False,0,0,EXPIRED,False,-29.47,8.7036,6.99,HOLD,,False,,,0.0,3,False,211.96,145.01,216.2,Below 200DMA — enter on recovery above 200DMA,7,2026-06-18,48.9,False,False,False,False,,0,False,False,False,False,False,False,48.3,6,89.0
MAJESAUT,NAN,AVOID,0.0,0.0,CAUTION,3.5,0.5,ILLIQUID,nan,False,1,1,FRESH,True,4.94,11.4964,4.07,HOLD,,False,,,0.0,4,False,322.66,312.98,338.79,Near 200DMA — ideal dip entry zone,7,2026-06-18,,False,False,False,False,,0,False,False,False,False,False,False,48.3,6,89.0
MAL,MANGALAM ALLOYS,AVOID,0.0,0.0,CAUTION,3.5,0.5,ILLIQUID,nan,False,0,0,EXPIRED,False,-26.74,1.5321,5.47,HOLD,,False,,,0.0,2,False,45.86,32.59,46.78,Below 200DMA — enter on recovery above 200DMA,7,2026-06-18,9.33,True,False,False,False,LOW_ROE(9.3%),0,False,False,False,False,False,False,48.3,6,89.0
MALLCOM,MALLCOM (INDIA),AVOID,0.0,0.0,CAUTION,3.5,0.5,RESTRICTED,nan,False,1,1,EXPIRED,True,-6.47,48.1071,5.26,HOLD,,False,,,0.0,4,False,1172.84,1064.09,1196.3,Below 200DMA — enter on recovery above 200DMA,7,2026-06-18,19.23,False,False,False,False,,0,False,False,False,False,False,False,48.3,6,89.0
MALUPAPER,MALU PAPER,AVOID,0.0,0.0,CAUTION,3.5,0.5,ILLIQUID,nan,False,0,0,EXPIRED,False,-7.28,1.2957,4.82,HOLD,,False,,,0.0,3,False,34.78,31.28,35.48,Below 200DMA — enter on recovery above 200DMA,7,2026-06-18,,False,False,False,False,,0,False,False,False,False,False,False,48.3,6,89.0
MANAKSIA,MANAKSIA,AVOID,0.0,0.0,CAUTION,3.5,0.5,ILLIQUID,nan,False,1,1,EXPIRED,True,-3.5,2.4457,4.88,HOLD,,False,,,0.0,3,False,62.34,58.36,63.59,Below 200DMA — enter on recovery above 200DMA,7,2026-06-18,9.78,True,False,False,False,LOW_ROE(9.8%),0,True,True,False,False,False,False,48.3,6,89.0
MANAKSTEEL,MANAKSIA STEELS,AVOID,0.0,0.0,CAUTION,3.5,0.5,ILLIQUID,nan,False,1,1,EXPIRED,True,9.67,2.9879,5.29,HOLD,,False,,,0.0,3,False,61.77,59.92,64.86,Near 200DMA — ideal dip entry zone,7,2026-06-18,3.37,True,False,False,False,LOW_ROE(3.4%),0,False,False,False,False,False,False,48.3,6,89.0
MANALIPETC,MANALI PETROCHEM,AVOID,0.0,0.0,CAUTION,3.5,0.5,NORMAL,nan,False,1,1,EXPIRED,True,9.88,3.4293,6.18,HOLD,,False,,,0.0,3,False,60.6,58.78,63.63,Near 200DMA — ideal dip entry zone,7,2026-06-18,2.68,True,False,False,False,LOW_ROE(2.7%),0,False,False,False,False,False,False,48.3,6,89.0
MAHSCOOTER,MAH. SCOOTERS,AVOID,0.0,0.0,CAUTION,3.5,0.5,NORMAL,nan,False,1,1,EXPIRED,True,-11.13,357.3571,3.42,HOLD,,False,,,0.0,3,False,14126.62,12178.35,14409.15,Below 200DMA — enter on recovery above 200DMA,7,2026-06-18,0.69,True,False,False,False,LOW_ROE(0.7%),0,True,True,False,False,False,False,48.3,6,89.0
MAXIND,MAX INDIA LTD,AVOID,0.0,0.0,CAUTION,3.5,0.5,NORMAL,nan,False,1,1,EXPIRED,True,-9.25,7.9493,5.86,HOLD,,False,,,0.0,3,False,179.43,157.95,183.02,Below 200DMA — enter on recovery above 200DMA,7,2026-06-18,-39.14,True,False,False,False,LOW_ROE(-39.1%),0,False,False,False,False,False,False,48.3,6,89.0
MAXPOSURE,MAXPOSURE,AVOID,0.0,0.0,CAUTION,3.5,0.5,ILLIQUID,nan,False,0,0,EXPIRED,False,-20.68,1.5429,5.29,HOLD,,False,,,0.0,2,False,44.13,33.95,45.01,Below 200DMA — enter on recovery above 200DMA,7,2026-06-18,11.27,True,False,False,False,LOW_ROE(11.3%),0,False,False,False,False,False,False,48.3,6,89.0
MHHL,MOHINI HEALTH,AVOID,0.0,0.0,CAUTION,3.5,0.5,ILLIQUID,nan,False,0,0,EXPIRED,False,-23.62,0.7179,2.67,HOLD,,False,,,0.0,2,False,42.29,31.33,43.14,Below 200DMA — enter on recovery above 200DMA,7,2026-06-18,5.56,True,False,False,False,LOW_ROE(5.6%),0,False,False,False,False,False,False,48.3,6,89.0
MHLXMIRU,MAHALAXMI RUBTEC,AVOID,0.0,0.0,CAUTION,3.5,0.5,ILLIQUID,nan,False,0,0,EXPIRED,False,-15.43,10.0229,7.21,HOLD,,False,,,0.0,3,False,197.35,161.88,201.3,Below 200DMA — enter on recovery above 200DMA,7,2026-06-18,24.41,False,False,False,False,,0,False,False,False,False,False,False,48.3,6,89.0
MHRIL,MAHINDRA HOLIDAY,AVOID,0.0,0.0,CAUTION,3.5,0.5,NORMAL,nan,False,0,0,EXPIRED,False,-21.07,10.5393,5.47,HOLD,,False,,,0.0,3,False,292.82,224.2,298.68,Below 200DMA — enter on recovery above 200DMA,7,2026-06-18,16.35,False,False,False,False,,0,False,False,False,False,False,False,48.3,6,89.0
MICROPRO,MICROPRO SOFTWAR,AVOID,0.0,0.0,CAUTION,3.5,0.5,ILLIQUID,nan,False,1,1,EXPIRED,True,3.22,0.7143,4.08,HOLD,,False,,,0.0,3,False,20.34,19.73,21.36,Near 200DMA — ideal dip entry zone,7,2026-06-18,-4.05,True,False,False,False,LOW_ROE(-4.0%),0,False,False,False,False,False,False,48.3,6,89.0
MFML,MAHALAXMI FAB.,AVOID,0.0,0.0,CAUTION,3.5,0.5,ILLIQUID,nan,False,0,0,FRESH,False,-9.89,1.6057,8.24,HOLD,,False,,,0.0,2,False,25.94,22.67,26.46,Below 200DMA — enter on recovery above 200DMA,7,2026-06-18,8.08,True,False,False,False,LOW_ROE(8.1%),0,False,False,False,False,False,False,48.3,6,89.0
METROGLOBL,NAN,AVOID,0.0,0.0,CAUTION,3.5,0.5,ILLIQUID,nan,False,0,0,FRESH,False,-0.77,7.18,6.73,HOLD,,False,,,0.0,3,False,129.02,124.18,131.6,Below 200DMA — enter on recovery above 200DMA,7,2026-06-18,,False,False,False,False,,0,False,False,False,False,False,False,48.3,6,89.0
MAZDA,MAZDA,AVOID,0.0,0.0,CAUTION,3.5,0.5,RESTRICTED,nan,False,1,1,EXPIRED,True,2.17,9.6357,4.97,HOLD,,False,,,0.0,3,False,227.86,221.02,239.25,Near 200DMA — ideal dip entry zone,7,2026-06-18,10.81,True,False,False,False,LOW_ROE(10.8%),0,True,True,False,False,False,False,48.3,6,89.0
MBLINFRA,MBL INFRAST,AVOID,0.0,0.0,CAUTION,3.5,0.5,RESTRICTED,nan,False,1,1,EXPIRED,True,-15.76,2.0529,9.15,HOLD,,False,,,0.0,4,False,31.97,26.12,32.61,Below 200DMA — enter on recovery above 200DMA,7,2026-06-18,17.87,False,False,False,False,,0,False,False,False,False,False,False,48.3,6,89.0
MCCHRLS-B,NAN,AVOID,0.0,0.0,CAUTION,3.5,0.5,ILLIQUID,nan,False,1,1,EXPIRED,True,0.79,49.2286,8.58,HOLD,,False,,,0.0,4,False,683.06,662.57,717.21,Near 200DMA — ideal dip entry zone,7,2026-06-18,,False,False,False,False,,0,False,False,False,False,False,False,48.3,6,89.0
MCL,MADHAV COPPER,AVOID,0.0,0.0,CAUTION,3.5,0.5,RESTRICTED,nan,False,0,0,EXPIRED,False,0.81,3.1364,6.31,HOLD,,False,,,0.0,2,False,59.13,57.36,62.09,Near 200DMA — ideal dip entry zone,7,2026-06-18,10.26,True,False,False,False,LOW_ROE(10.3%),0,False,False,False,False,False,False,48.3,6,89.0
MCLEODRUSS,MCLEOD RUSSEL,AVOID,0.0,0.0,CAUTION,3.5,0.5,NORMAL,nan,False,1,1,EXPIRED,True,33.48,1.4557,2.64,PARTIAL_EXIT,EXTENDED: 15.2× ATR above 200DMA,False,,,0.0,3,False,49.48,63.14,65.32,Extended — wait for ATR pullback,7,2026-06-18,-349.34,True,False,False,False,LOW_ROE(-349.3%),0,False,False,False,False,False,False,48.3,6,89.0
MCON,MCON RASAYAN,AVOID,0.0,0.0,CAUTION,3.5,0.5,ILLIQUID,nan,False,1,1,EXPIRED,True,-13.43,2.95,7.06,HOLD,,False,,,0.0,3,False,57.93,48.65,59.09,Below 200DMA — enter on recovery above 200DMA,7,2026-06-18,6.85,True,True,False,False,LOW_ROE(6.8%) | HIGH_PE(55x vs ind 18x),0,False,False,False,False,False,False,48.3,6,89.0
MDL,MARVEL DECOR,AVOID,0.0,0.0,CAUTION,3.5,0.5,ILLIQUID,nan,False,1,1,EXPIRED,True,6.04,4.0286,6.53,HOLD,,False,,,0.0,3,False,69.78,67.69,73.27,Near 200DMA — ideal dip entry zone,7,2026-06-18,5.5,True,False,False,False,LOW_ROE(5.5%),0,False,False,False,False,False,False,48.3,6,89.0
MEDIORG,MEDICAMEN ORGAN.,AVOID,0.0,0.0,CAUTION,3.5,0.5,ILLIQUID,nan,False,0,0,EXPIRED,False,-22.57,1.2357,6.9,HOLD,,False,,,0.0,3,False,27.77,20.86,28.33,Below 200DMA — enter on recovery above 200DMA,7,2026-06-18,13.43,False,False,False,False,,0,False,False,False,False,False,False,48.3,6,89.0
MEGAFLEX,MEGA FLEX PLAST.,AVOID,0.0,0.0,CAUTION,3.5,0.5,ILLIQUID,nan,False,0,0,EXPIRED,False,17.6,0.475,0.45,HOLD,,False,,,0.0,2,False,107.95,126.0,126.71,Extended — wait for ATR pullback,7,2026-06-18,6.2,True,False,False,False,LOW_ROE(6.2%),0,False,False,False,False,False,False,48.3,6,89.0
MEGATHERM,MEGATHERM INDU.,AVOID,0.0,0.0,CAUTION,3.5,0.5,RESTRICTED,nan,False,0,0,EXPIRED,False,-18.5,12.2107,7.51,HOLD,,False,,,0.0,3,False,239.51,189.34,244.3,Below 200DMA — enter on recovery above 200DMA,7,2026-06-18,15.04,False,False,False,False,,0,False,False,False,False,False,False,48.3,6,89.0
MEIL,MANGAL ELECTRICA,AVOID,0.0,0.0,CAUTION,3.5,0.5,RESTRICTED,nan,False,1,1,EXPIRED,True,-12.76,11.6286,4.47,HOLD,,False,,,0.0,4,False,358.22,303.12,365.38,Below 200DMA — enter on recovery above 200DMA,7,2026-06-18,29.17,False,False,False,False,,0,False,False,False,False,False,False,48.3,6,89.0
MENNPIS,NAN,AVOID,0.0,0.0,CAUTION,3.5,0.5,ILLIQUID,nan,False,0,0,EXPIRED,False,-2.96,2.4221,5.22,HOLD,,False,,,0.0,3,False,57.34,53.97,58.49,Below 200DMA — enter on recovery above 200DMA,7,2026-06-18,,False,False,False,False,,0,False,False,False,False,False,False,48.3,6,89.0
MEP,MEP INFRAST.,AVOID,0.0,0.0,CAUTION,3.5,0.5,ILLIQUID,nan,False,0,0,EXPIRED,False,-48.34,0.0129,1.96,HOLD,,False,,,0.0,3,False,1.53,0.77,1.56,Below 200DMA — enter on recovery above 200DMA,7,2026-06-18,,False,False,False,False,,0,False,False,False,False,False,False,48.3,6,89.0
MERCANTILE,NAN,AVOID,0.0,0.0,CAUTION,3.5,0.5,ILLIQUID,nan,False,0,0,EXPIRED,False,-0.47,2.665,12.78,HOLD,,False,,,0.0,3,False,25.14,24.27,25.64,Below 200DMA — enter on recovery above 200DMA,7,2026-06-18,,False,False,False,False,,0,False,False,False,False,False,False,48.3,6,89.0
METROBRAND,METRO BRANDS,AVOID,0.0,0.0,CAUTION,3.5,0.5,NORMAL,nan,False,0,0,EXPIRED,False,-6.52,25.0429,2.94,HOLD,,False,,,0.0,3,False,1093.46,991.53,1115.33,Below 200DMA — enter on recovery above 200DMA,7,2026-06-18,20.51,False,False,False,False,,0,False,False,False,False,False,False,48.3,6,89.0
MEDICAMEQ,MEDICAMEN BIOTEC,AVOID,0.0,0.0,CAUTION,3.5,0.5,RESTRICTED,nan,False,0,0,EXPIRED,False,-30.45,15.5929,8.34,HOLD,,False,,,0.0,2,False,322.49,217.57,328.94,Below 200DMA — enter on recovery above 200DMA,7,2026-06-18,3.36,True,False,False,False,LOW_ROE(3.4%),0,False,False,False,False,False,False,48.3,6,89.0
LINC,LINC,AVOID,0.0,0.0,CAUTION,3.5,0.5,RESTRICTED,nan,False,1,1,FRESH,True,-10.79,3.4086,4.09,HOLD,,False,,,0.0,4,False,112.05,96.96,114.29,Below 200DMA — enter on recovery above 200DMA,7,2026-06-18,16.22,False,False,False,False,,0,False,False,False,False,False,False,48.3,6,89.0
LINDEINDIA,LINDE INDIA,AVOID,0.0,0.0,CAUTION,3.5,0.5,NORMAL,nan,False,0,0,EXPIRED,False,7.93,207.4286,3.54,HOLD,,False,,,0.0,2,False,6512.65,6317.27,6838.28,Near 200DMA — ideal dip entry zone,7,2026-06-18,11.91,True,True,False,False,LOW_ROE(11.9%) | HIGH_PE(102x vs ind 25x),0,True,True,False,False,False,False,48.3,6,89.0
LGHL,LAXMI GOLDORNA,AVOID,0.0,0.0,CAUTION,3.5,0.5,RESTRICTED,nan,False,0,0,EXPIRED,False,-19.41,9.6129,5.03,HOLD,,False,,,0.0,3,False,284.66,222.53,290.35,Below 200DMA — enter on recovery above 200DMA,7,2026-06-18,16.24,False,True,False,False,HIGH_PE(118x vs ind 32x),0,False,False,False,False,False,False,48.3,6,89.0
LIBAS,LIBAS CONSUMER,AVOID,0.0,0.0,CAUTION,3.5,0.5,ILLIQUID,nan,False,0,0,EXPIRED,False,2.71,0.6171,6.32,HOLD,,False,,,0.0,2,False,11.4,11.06,11.97,Near 200DMA — ideal dip entry zone,7,2026-06-18,6.64,True,False,False,False,LOW_ROE(6.6%),0,False,False,False,False,False,False,48.3,6,89.0
LIBERTSHOE,LIBERTY SHOES,AVOID,0.0,0.0,CAUTION,3.5,0.5,RESTRICTED,nan,False,0,0,EXPIRED,False,-13.16,7.8871,3.92,HOLD,,False,,,0.0,2,False,277.83,234.03,283.39,Below 200DMA — enter on recovery above 200DMA,7,2026-06-18,6.09,True,False,False,False,LOW_ROE(6.1%),0,False,False,False,False,False,False,48.3,6,89.0
LLOYDSENT,LLOYDS ENTERPRIS,AVOID,0.0,0.0,CAUTION,3.5,0.5,NORMAL,nan,False,1,1,FRESH,True,21.02,3.5664,5.66,PARTIAL_EXIT,EXTENDED: 4.5× ATR above 200DMA,False,,,0.0,3,False,62.48,68.48,73.83,Extended — wait for ATR pullback,7,2026-06-18,2.33,True,False,False,False,LOW_ROE(2.3%),0,False,False,False,False,False,False,48.3,6,89.0
LMW,LMW,AVOID,0.0,0.0,CAUTION,3.5,0.5,NORMAL,nan,False,1,1,FRESH,True,10.56,431.5,3.16,HOLD,,False,,,0.0,3,False,14842.58,14397.3,15584.71,Near 200DMA — ideal dip entry zone,7,2026-06-18,3.69,True,True,False,False,LOW_ROE(3.7%) | HIGH_PE(129x vs ind 30x),0,True,True,False,False,False,False,48.3,6,89.0
LOKESHMACH,LOKESH MACH.,AVOID,0.0,0.0,CAUTION,3.5,0.5,RESTRICTED,nan,False,1,1,EXPIRED,True,35.68,11.9821,5.26,PARTIAL_EXIT,EXTENDED: 8.1× ATR above 200DMA,False,,,0.0,3,False,201.36,249.24,267.21,Extended — wait for ATR pullback,7,2026-06-18,0.25,True,True,False,False,LOW_ROE(0.2%) | HIGH_PE(212x vs ind 30x),0,False,False,False,False,False,False,48.3,6,89.0
LORDSCHLO,LORDS CHLORO,AVOID,0.0,0.0,CAUTION,3.5,0.5,ILLIQUID,nan,False,0,0,EXPIRED,False,-15.77,6.6836,5.98,HOLD,,False,,,0.0,2,False,159.33,130.17,162.52,Below 200DMA — enter on recovery above 200DMA,7,2026-06-18,3.4,True,False,False,False,LOW_ROE(3.4%),0,False,False,False,False,False,False,48.3,6,89.0
LOTUSEYE,LOTUS EYE HOSPIT,AVOID,0.0,0.0,CAUTION,3.5,0.5,RESTRICTED,nan,False,1,1,FRESH,True,17.18,8.7657,7.72,HOLD,,False,,,0.0,3,False,116.3,118.75,131.9,Extended — wait for ATR pullback,7,2026-06-18,1.23,True,True,False,False,LOW_ROE(1.2%) | HIGH_PE(330x vs ind 44x),0,True,True,False,False,False,False,48.3,6,89.0
LOVABLE,LOVABLE LINGERIE,AVOID,0.0,0.0,CAUTION,3.5,0.5,ILLIQUID,nan,False,1,1,EXPIRED,True,-7.47,2.8957,4.69,HOLD,,False,,,0.0,3,False,79.99,71.8,81.59,Below 200DMA — enter on recovery above 200DMA,7,2026-06-18,1.0,True,False,False,False,LOW_ROE(1.0%),0,True,True,False,False,False,False,48.3,6,89.0
MONEYBOXX,MONEYBOXX FIN.,AVOID,0.0,0.0,CAUTION,3.5,0.5,ILLIQUID,nan,False,0,0,EXPIRED,False,3.97,3.4257,5.82,HOLD,,False,,,0.0,2,False,67.91,65.87,71.31,Near 200DMA — ideal dip entry zone,7,2026-06-18,0.48,True,False,False,False,LOW_ROE(0.5%),0,False,False,False,False,False,False,48.3,6,89.0
MONOPHARMA,MONO PHARMACARE,AVOID,0.0,0.0,CAUTION,3.5,0.5,ILLIQUID,nan,False,0,0,EXPIRED,False,-29.53,0.4786,5.15,HOLD,,False,,,0.0,2,False,15.82,10.82,16.14,Below 200DMA — enter on recovery above 200DMA,7,2026-06-18,9.9,True,True,False,False,LOW_ROE(9.9%) | HIGH_PE(89x vs ind 28x),0,False,False,False,False,False,False,48.3,6,89.0
MONTECARLO,MONTE CARLO FAS.,AVOID,0.0,0.0,CAUTION,3.5,0.5,NORMAL,nan,False,0,0,FRESH,False,-11.42,17.5857,3.87,HOLD,,False,,,0.0,2,False,615.89,529.18,628.21,Below 200DMA — enter on recovery above 200DMA,7,2026-06-18,9.73,True,False,False,False,LOW_ROE(9.7%),0,False,False,False,False,False,False,48.3,6,89.0
MORARJEE,MORARJEE TEXT.,AVOID,0.0,0.0,CAUTION,3.5,0.5,ILLIQUID,nan,False,1,1,FRESH,True,11.83,0.41,5.67,HOLD,,False,,,0.0,4,False,7.75,7.52,8.14,Near 200DMA — ideal dip entry zone,7,2026-06-18,,False,False,False,False,,0,False,False,False,False,False,False,48.3,6,89.0
NATIONSTD,NAN,AVOID,0.0,0.0,CAUTION,3.5,0.5,ILLIQUID,nan,False,0,0,AGING,False,-2.5,33.8786,3.25,HOLD,,False,,,0.0,3,False,1282.1,1212.5,1307.74,Below 200DMA — enter on recovery above 200DMA,7,2026-06-18,,False,False,False,False,,0,False,False,False,False,False,False,48.3,6,89.0
NAUKRI,INFO EDG.(INDIA),AVOID,0.0,0.0,CAUTION,3.5,0.5,NORMAL,nan,False,1,1,FRESH,True,-14.62,31.7929,3.75,HOLD,,False,,,0.0,3,False,1191.2,986.54,1215.02,Below 200DMA — enter on recovery above 200DMA,7,2026-06-18,2.76,True,False,False,False,LOW_ROE(2.8%),0,True,True,False,False,False,False,48.3,6,89.0
NAVKARCORP,NAVKAR CORPORAT.,AVOID,0.0,0.0,CAUTION,3.5,0.5,NORMAL,nan,False,1,1,AGING,True,1.77,4.48,5.12,HOLD,,False,,,0.0,3,False,103.22,100.12,108.38,Near 200DMA — ideal dip entry zone,7,2026-06-18,-2.35,True,False,False,False,LOW_ROE(-2.4%),0,True,True,False,False,False,False,48.3,6,89.0
NAVKARURB,NAVKAR URBAN.,AVOID,0.0,0.0,CAUTION,3.5,0.5,ILLIQUID,nan,False,1,1,EXPIRED,True,-26.78,0.0479,5.18,HOLD,,False,,,0.0,3,False,1.52,1.08,1.55,Below 200DMA — enter on recovery above 200DMA,7,2026-06-18,0.2,True,False,False,False,LOW_ROE(0.2%),0,True,True,False,False,False,False,48.3,6,89.0
NBIFIN,NBI INDL. FIN.,AVOID,0.0,0.0,CAUTION,3.5,0.5,ILLIQUID,nan,False,0,0,EXPIRED,False,-14.03,83.2786,5.36,HOLD,,False,,,0.0,2,False,2169.03,1808.86,2212.41,Below 200DMA — enter on recovery above 200DMA,7,2026-06-18,0.26,True,False,False,False,LOW_ROE(0.3%),0,True,True,False,False,False,False,48.3,6,89.0
NCLIND,NCL INDUSTRIES,AVOID,0.0,0.0,CAUTION,3.5,0.5,NORMAL,nan,False,1,1,FRESH,True,2.84,8.2493,5.07,HOLD,,False,,,0.0,3,False,189.97,184.27,199.47,Near 200DMA — ideal dip entry zone,7,2026-06-18,2.94,True,False,False,False,LOW_ROE(2.9%),0,False,False,False,False,False,False,48.3,6,89.0
NDGL,NAGA DHUNSERI,AVOID,0.0,0.0,CAUTION,3.5,0.5,ILLIQUID,nan,False,1,1,EXPIRED,True,-13.58,137.4571,6.31,HOLD,,False,,,0.0,3,False,3026.85,2537.33,3087.39,Below 200DMA — enter on recovery above 200DMA,7,2026-06-18,2.69,True,True,False,False,LOW_ROE(2.7%) | HIGH_PE(55x vs ind 17x),0,False,False,False,False,False,False,48.3,6,89.0
NDL,NANDAN DENIM,AVOID,0.0,0.0,CAUTION,3.5,0.5,ILLIQUID,nan,False,0,0,EXPIRED,False,-11.77,0.1336,6.21,HOLD,,False,,,0.0,2,False,2.92,2.5,2.98,Below 200DMA — enter on recovery above 200DMA,7,2026-06-18,5.41,True,False,False,False,LOW_ROE(5.4%),0,False,False,False,False,False,False,48.3,6,89.0
NDRAUTO,NDR AUTO COMPON.,AVOID,0.0,0.0,CAUTION,3.5,0.5,NORMAL,nan,False,1,1,FRESH,True,1.92,35.025,4.92,HOLD,,False,,,0.0,4,False,838.85,813.68,880.79,Near 200DMA — ideal dip entry zone,7,2026-06-18,17.62,False,False,False,False,,0,False,False,False,False,False,False,48.3,6,89.0
NATHBIOGEN,NATH BIO-GENES,AVOID,0.0,0.0,CAUTION,3.5,0.5,RESTRICTED,nan,False,0,0,FRESH,False,4.85,5.4379,3.9,HOLD,,False,,,0.0,2,False,159.58,154.79,167.56,Near 200DMA — ideal dip entry zone,7,2026-06-18,5.99,True,False,False,False,LOW_ROE(6.0%),0,False,False,False,False,False,False,48.3,6,89.0
NATCAPSUQ,NATURAL CAPSULES,AVOID,0.0,0.0,CAUTION,3.5,0.5,ILLIQUID,nan,False,0,0,EXPIRED,False,-15.74,5.6057,4.43,HOLD,,False,,,0.0,2,False,180.09,147.19,183.69,Below 200DMA — enter on recovery above 200DMA,7,2026-06-18,0.33,True,False,False,False,LOW_ROE(0.3%),0,False,False,False,False,False,False,48.3,6,89.0
MTEDUCARE,MT EDUCARE,AVOID,0.0,0.0,CAUTION,3.5,0.5,ILLIQUID,nan,False,1,1,EXPIRED,True,13.92,0.1471,8.96,HOLD,,False,,,0.0,4,False,1.73,1.68,1.82,Near 200DMA — ideal dip entry zone,7,2026-06-18,,False,False,False,False,,0,False,False,False,False,False,False,48.3,6,89.0
MTNL,M T N L,AVOID,0.0,0.0,CAUTION,3.5,0.5,NORMAL,nan,False,1,1,FRESH,True,-7.47,1.3471,5.03,HOLD,,False,,,0.0,4,False,34.75,31.19,35.45,Below 200DMA — enter on recovery above 200DMA,7,2026-06-18,,False,False,False,False,,0,False,False,False,False,False,False,48.3,6,89.0
MUKANDLTD,MUKAND,AVOID,0.0,0.0,CAUTION,3.5,0.5,NORMAL,nan,False,0,0,AGING,False,1.04,3.8036,3.4,HOLD,,False,,,0.0,2,False,132.89,128.9,139.53,Near 200DMA — ideal dip entry zone,7,2026-06-18,7.99,True,False,False,False,LOW_ROE(8.0%),0,False,False,False,False,False,False,48.3,6,89.0
MUKTAARTS,MUKTA ARTS,AVOID,0.0,0.0,CAUTION,3.5,0.5,ILLIQUID,nan,False,1,1,FRESH,True,4.93,3.5179,6.67,HOLD,,False,,,0.0,4,False,60.35,58.54,63.37,Near 200DMA — ideal dip entry zone,7,2026-06-18,,False,False,False,False,,0,False,False,False,False,False,False,48.3,6,89.0
MUNJALSHOW,MUNJAL SHOWA,AVOID,0.0,0.0,CAUTION,3.5,0.5,RESTRICTED,nan,False,0,0,FRESH,False,0.36,3.6807,3.42,HOLD,,False,,,0.0,2,False,128.63,124.77,135.06,Near 200DMA — ideal dip entry zone,7,2026-06-18,4.28,True,False,False,False,LOW_ROE(4.3%),0,True,True,False,False,False,False,48.3,6,89.0
MURUDCERA,MURUDESH.CERAMIC,AVOID,0.0,0.0,CAUTION,3.5,0.5,ILLIQUID,nan,False,0,0,EXPIRED,False,-10.68,1.8007,6.77,HOLD,,False,,,0.0,2,False,35.74,30.96,36.45,Below 200DMA — enter on recovery above 200DMA,7,2026-06-18,2.67,True,False,False,False,LOW_ROE(2.7%),0,False,False,False,False,False,False,48.3,6,89.0
MUTHOOTCAP,MUTHOOT CAP.SERV,AVOID,0.0,0.0,CAUTION,3.5,0.5,RESTRICTED,nan,False,0,0,FRESH,False,-17.35,5.3679,3.22,HOLD,,False,,,0.0,2,False,242.39,194.33,247.24,Below 200DMA — enter on recovery above 200DMA,7,2026-06-18,6.95,True,False,False,False,LOW_ROE(7.0%),0,False,False,False,False,False,False,48.3,6,89.0
MVKAGRO,M.V.K. AGRO,AVOID,0.0,0.0,CAUTION,3.5,0.5,RESTRICTED,nan,False,0,0,EXPIRED,False,-23.88,27.1536,7.63,HOLD,,False,,,0.0,2,False,560.7,414.0,571.91,Below 200DMA — enter on recovery above 200DMA,7,2026-06-18,10.38,True,False,False,False,LOW_ROE(10.4%),0,False,False,False,False,False,False,48.3,6,89.0
NACLIND,NACL INDUSTRIES,AVOID,0.0,0.0,CAUTION,3.5,0.5,NORMAL,nan,False,1,1,FRESH,True,-2.37,9.3914,6.6,HOLD,,False,,,0.0,3,False,174.77,165.51,178.27,Below 200DMA — enter on recovery above 200DMA,7,2026-06-18,-21.57,True,False,False,False,LOW_ROE(-21.6%),0,False,False,False,False,False,False,48.3,6,89.0
NAGREEKCAP,NAGREEKA CAP.,AVOID,0.0,0.0,CAUTION,3.5,0.5,ILLIQUID,nan,False,0,0,EXPIRED,False,0.75,1.71,7.32,HOLD,,False,,,0.0,3,False,27.84,27.0,29.23,Near 200DMA — ideal dip entry zone,7,2026-06-18,87.85,False,False,False,False,,0,False,False,False,False,False,False,48.3,6,89.0
NAGREEKEXP,NAGREEKA EXPORTS,AVOID,0.0,0.0,CAUTION,3.5,0.5,ILLIQUID,nan,False,1,1,EXPIRED,True,3.05,1.7236,7.46,HOLD,,False,,,0.0,3,False,26.89,26.08,28.23,Near 200DMA — ideal dip entry zone,7,2026-06-18,2.06,True,False,False,False,LOW_ROE(2.1%),0,False,False,False,False,False,False,48.3,6,89.0
NAHARCAP,NAHAR CAPITAL,AVOID,0.0,0.0,CAUTION,3.5,0.5,ILLIQUID,nan,False,0,0,EXPIRED,False,-2.24,8.7571,4.17,HOLD,,False,,,0.0,2,False,257.56,244.25,262.71,Below 200DMA — enter on recovery above 200DMA,7,2026-06-18,3.18,True,False,False,False,LOW_ROE(3.2%),0,True,True,False,False,False,False,48.3,6,89.0
NAHARINDUS,NAHAR INDL. ENT.,AVOID,0.0,0.0,CAUTION,3.5,0.5,RESTRICTED,nan,False,1,1,EXPIRED,True,8.3,4.745,4.85,HOLD,,False,,,0.0,3,False,108.39,105.14,113.81,Near 200DMA — ideal dip entry zone,7,2026-06-18,1.87,True,False,False,False,LOW_ROE(1.9%),0,False,False,False,False,False,False,48.3,6,89.0
NAHARPOLY,NAHAR POLY,AVOID,0.0,0.0,CAUTION,3.5,0.5,RESTRICTED,nan,False,0,0,EXPIRED,False,-3.65,10.1964,4.89,HOLD,,False,,,0.0,2,False,259.63,242.65,264.82,Below 200DMA — enter on recovery above 200DMA,7,2026-06-18,5.91,True,False,False,False,LOW_ROE(5.9%),0,False,False,False,False,False,False,48.3,6,89.0
NAHARSPING,NAHAR SPINNING,AVOID,0.0,0.0,CAUTION,3.5,0.5,RESTRICTED,nan,False,0,0,EXPIRED,False,16.84,7.2964,3.51,HOLD,,False,,,0.0,2,False,213.62,235.01,245.95,Extended — wait for ATR pullback,7,2026-06-18,0.83,True,False,False,False,LOW_ROE(0.8%),0,False,False,False,False,False,False,48.3,6,89.0
NAMAN,NAMAN INDUSTRIES PROXIMA,AVOID,0.0,0.0,CAUTION,3.5,0.5,ILLIQUID,nan,False,0,0,EXPIRED,False,-25.88,2.225,5.52,HOLD,,False,,,0.0,2,False,65.3,46.95,66.61,Below 200DMA — enter on recovery above 200DMA,7,2026-06-18,7.91,True,False,False,False,LOW_ROE(7.9%),0,False,False,False,False,False,False,48.3,6,89.0
MPTODAY,MADHYA PRAD. TOD,AVOID,0.0,0.0,CAUTION,3.5,0.5,ILLIQUID,nan,False,1,1,EXPIRED,True,-0.06,0.325,0.85,HOLD,,False,,,0.0,3,False,46.03,44.62,46.95,Below 200DMA — enter on recovery above 200DMA,7,2026-06-18,7.15,True,False,False,False,LOW_ROE(7.2%),0,False,False,False,False,False,False,48.3,6,89.0
MRF,MRF,AVOID,0.0,0.0,CAUTION,3.5,0.5,NORMAL,nan,False,0,0,FRESH,False,-9.61,2338.9286,2.17,HOLD,,False,,,0.0,2,False,142983.4,125367.65,145843.07,Below 200DMA — enter on recovery above 200DMA,7,2026-06-18,10.11,True,False,False,False,LOW_ROE(10.1%),0,False,False,False,False,False,False,48.3,6,89.0
MOTOGENFIN,MOTOR & GEN FIN,AVOID,0.0,0.0,CAUTION,3.5,0.5,ILLIQUID,nan,False,1,1,EXPIRED,True,20.44,2.0614,8.44,PARTIAL_EXIT,EXTENDED: 2.9× ATR above 200DMA,False,,,0.0,3,False,24.33,25.18,28.27,Extended — wait for ATR pullback,7,2026-06-18,1.05,True,True,False,False,LOW_ROE(1.1%) | HIGH_PE(61x vs ind 21x),0,True,True,False,False,False,False,48.3,6,89.0
MPSLTD,MPS,AVOID,0.0,0.0,CAUTION,3.5,0.5,NORMAL,nan,False,1,1,FRESH,True,-4.48,72.5429,4.78,HOLD,,False,,,0.0,4,False,1908.41,1768.31,1946.58,Below 200DMA — enter on recovery above 200DMA,7,2026-06-18,31.12,False,False,False,False,,0,True,True,False,False,False,False,48.3,6,89.0
MMTC,MMTC,AVOID,0.0,0.0,CAUTION,3.5,0.5,NORMAL,nan,False,1,1,EXPIRED,True,19.38,3.7907,5.98,HOLD,,False,,,0.0,3,False,63.69,68.45,74.13,Extended — wait for ATR pullback,7,2026-06-18,5.09,True,False,False,False,LOW_ROE(5.1%),0,True,True,False,False,False,False,48.3,6,89.0
MMWL,NAN,AVOID,0.0,0.0,CAUTION,3.5,0.5,ILLIQUID,nan,False,1,1,EXPIRED,True,2.6,0.8629,7.78,HOLD,,False,,,0.0,4,False,12.97,12.58,13.62,Near 200DMA — ideal dip entry zone,7,2026-06-18,,False,False,False,False,,0,False,False,False,False,False,False,48.3,6,89.0
MODINATUR,MODI NATURALS,AVOID,0.0,0.0,CAUTION,3.5,0.5,RESTRICTED,nan,False,1,1,EXPIRED,True,15.71,25.2929,7.31,HOLD,,False,,,0.0,4,False,358.88,364.66,402.6,Extended — wait for ATR pullback,7,2026-06-18,25.52,False,False,False,False,,0,False,False,False,False,False,False,48.3,6,89.0
MODIRUBBER,MODI RUBBER,AVOID,0.0,0.0,CAUTION,3.5,0.5,ILLIQUID,nan,False,0,0,EXPIRED,False,5.51,4.7529,4.44,HOLD,,False,,,0.0,2,False,121.69,118.04,127.77,Near 200DMA — ideal dip entry zone,7,2026-06-18,2.41,True,False,False,False,LOW_ROE(2.4%),0,True,True,False,False,False,False,48.3,6,89.0
MODTHREAD,MODERN THREADS,AVOID,0.0,0.0,CAUTION,3.5,0.5,ILLIQUID,nan,False,0,0,EXPIRED,False,-5.34,2.0521,5.64,HOLD,,False,,,0.0,2,False,46.12,42.35,47.04,Below 200DMA — enter on recovery above 200DMA,7,2026-06-18,2.54,True,False,False,False,LOW_ROE(2.5%),0,False,False,False,False,False,False,48.3,6,89.0
MKPL,M K PROTEINS,AVOID,0.0,0.0,CAUTION,3.5,0.5,ILLIQUID,nan,False,0,0,EXPIRED,False,-14.81,0.1679,4.08,HOLD,,False,,,0.0,3,False,5.8,4.79,5.92,Below 200DMA — enter on recovery above 200DMA,7,2026-06-18,12.09,False,False,False,False,,0,True,True,False,False,False,False,48.3,6,89.0
MITTAL,MITTAL LIFE STYL,AVOID,0.0,0.0,CAUTION,3.5,0.5,ILLIQUID,nan,False,1,1,EXPIRED,True,-13.3,0.0586,6.89,HOLD,,False,,,0.0,3,False,1.18,0.99,1.2,Below 200DMA — enter on recovery above 200DMA,7,2026-06-18,3.99,True,False,False,False,LOW_ROE(4.0%),0,False,False,False,False,False,False,48.3,6,89.0
MIRCELECTR,MIRC ELECTRONICS,AVOID,0.0,0.0,CAUTION,3.5,0.5,NORMAL,nan,False,1,1,FRESH,True,25.48,1.9686,6.26,PARTIAL_EXIT,EXTENDED: 4.9× ATR above 200DMA,False,,,0.0,3,False,30.07,33.79,36.75,Extended — wait for ATR pullback,7,2026-06-18,-1.83,True,False,False,False,LOW_ROE(-1.8%),0,False,False,False,False,False,False,48.3,6,89.0
MIRZAINT,MIRZA INTERNATIO,AVOID,0.0,0.0,CAUTION,3.5,0.5,RESTRICTED,nan,False,0,0,EXPIRED,False,-11.5,1.2107,4.68,HOLD,,False,,,0.0,2,False,35.07,30.11,35.77,Below 200DMA — enter on recovery above 200DMA,7,2026-06-18,-0.58,True,False,False,False,LOW_ROE(-0.6%),0,True,True,False,False,False,False,48.3,6,89.0
MITCON,MITCON CONSULT.,AVOID,0.0,0.0,CAUTION,3.5,0.5,ILLIQUID,nan,False,1,1,EXPIRED,True,18.42,4.8321,7.16,HOLD,,False,,,0.0,3,False,68.4,71.34,78.58,Extended — wait for ATR pullback,7,2026-06-18,4.38,True,False,False,False,LOW_ROE(4.4%),0,False,False,False,False,False,False,48.3,6,89.0
MOHITIND,MOHIT INDUSTRIES,AVOID,0.0,0.0,CAUTION,3.5,0.5,ILLIQUID,nan,False,0,0,FRESH,False,-14.96,1.4086,7.28,HOLD,,False,,,0.0,2,False,27.29,22.51,27.84,Below 200DMA — enter on recovery above 200DMA,7,2026-06-18,-1.38,True,False,False,False,LOW_ROE(-1.4%),0,False,False,False,False,False,False,48.3,6,89.0
MOKSH,MOKSH ORNAMENTS,AVOID,0.0,0.0,CAUTION,3.5,0.5,ILLIQUID,nan,False,0,0,EXPIRED,False,-9.91,0.4257,4.26,HOLD,,False,,,0.0,2,False,13.31,11.63,13.58,Below 200DMA — enter on recovery above 200DMA,7,2026-06-18,10.92,True,False,False,False,LOW_ROE(10.9%),0,False,False,False,False,False,False,48.3,6,89.0
MOL,MEGHMANI ORGANI.,AVOID,0.0,0.0,CAUTION,3.5,0.5,NORMAL,nan,False,0,0,FRESH,False,-18.37,1.9893,4.72,HOLD,,False,,,0.0,2,False,61.9,49.01,63.14,Below 200DMA — enter on recovery above 200DMA,7,2026-06-18,-0.7,True,False,False,False,LOW_ROE(-0.7%),0,False,False,False,False,False,False,48.3,6,89.0
MOLDTECH,MOLD-TEK TECHNOL,AVOID,0.0,0.0,CAUTION,3.5,0.5,RESTRICTED,nan,False,1,1,FRESH,True,-12.88,4.8486,4.48,HOLD,,False,,,0.0,3,False,149.06,125.96,152.04,Below 200DMA — enter on recovery above 200DMA,7,2026-06-18,10.34,True,False,False,False,LOW_ROE(10.3%),0,True,True,False,False,False,False,48.3,6,89.0
MOLDTKPAC,MOLD-TEK PACK.,AVOID,0.0,0.0,CAUTION,3.5,0.5,NORMAL,nan,False,1,1,FRESH,True,9.46,26.8714,4.63,HOLD,,False,,,0.0,3,False,635.87,616.79,667.66,Near 200DMA — ideal dip entry zone,7,2026-06-18,9.49,True,False,False,False,LOW_ROE(9.5%),0,False,False,False,False,False,False,48.3,6,89.0
RISHABH,RISHABH INSTRUM.,AVOID,0.0,0.0,CAUTION,3.5,0.5,NORMAL,nan,False,1,1,EXPIRED,True,33.7,27.1822,5.71,PARTIAL_EXIT,EXTENDED: 7.1× ATR above 200DMA,False,,,0.0,3,False,427.07,516.64,557.41,Extended — wait for ATR pullback,7,2026-06-18,3.7,True,False,False,False,LOW_ROE(3.7%),0,False,False,False,False,False,False,48.3,6,89.0
TVSSCS,TVS SUPPLY,AVOID,0.0,0.0,CAUTION,3.5,0.5,NORMAL,nan,False,1,1,EXPIRED,True,17.14,6.4,5.67,HOLD,,False,,,0.0,3,False,115.68,122.71,132.31,Extended — wait for ATR pullback,7,2026-06-18,-0.75,True,True,False,False,LOW_ROE(-0.8%) | HIGH_PE(49x vs ind 18x),0,False,False,False,False,False,False,48.3,6,89.0
TVSSRICHAK,TVS SRICHAKRA,AVOID,0.0,0.0,CAUTION,3.5,0.5,NORMAL,nan,False,1,1,EXPIRED,True,3.16,137.7429,4.12,HOLD,,False,,,0.0,3,False,3885.96,3769.38,4080.26,Near 200DMA — ideal dip entry zone,7,2026-06-18,1.74,True,False,False,False,LOW_ROE(1.7%),0,False,False,False,False,False,False,48.3,6,89.0
TVTODAY,T.V. TODAY NETW.,AVOID,0.0,0.0,CAUTION,3.5,0.5,RESTRICTED,nan,False,0,0,EXPIRED,False,-17.49,3.9236,4.43,HOLD,,False,,,0.0,2,False,128.68,102.98,131.25,Below 200DMA — enter on recovery above 200DMA,7,2026-06-18,8.36,True,False,False,False,LOW_ROE(8.4%),0,True,True,False,False,False,False,48.3,6,89.0
TVVISION,TV VISION,AVOID,0.0,0.0,CAUTION,3.5,0.5,ILLIQUID,nan,False,0,0,EXPIRED,False,-15.46,0.3621,8.25,HOLD,,False,,,0.0,3,False,6.23,5.11,6.35,Below 200DMA — enter on recovery above 200DMA,7,2026-06-18,,False,False,False,False,,0,False,False,False,False,False,False,48.3,6,89.0
UCAL,UCAL,AVOID,0.0,0.0,CAUTION,3.5,0.5,ILLIQUID,nan,False,1,1,EXPIRED,True,-10.35,3.4857,4.1,HOLD,,False,,,0.0,3,False,113.73,98.9,116.0,Below 200DMA — enter on recovery above 200DMA,7,2026-06-18,-4.59,True,False,False,False,LOW_ROE(-4.6%),0,False,False,False,False,False,False,48.3,6,89.0
TEJASNET,TEJAS NETWORKS,AVOID,0.0,0.0,CAUTION,3.5,0.5,NORMAL,nan,False,1,1,AGING,True,26.5,36.4143,7.26,PARTIAL_EXIT,EXTENDED: 4.4× ATR above 200DMA,False,,,0.0,3,False,475.89,529.17,583.79,Extended — wait for ATR pullback,7,2026-06-18,11.61,True,False,False,False,LOW_ROE(11.6%),0,False,False,False,False,False,False,48.3,6,89.0
TERASOFT,TERA SOFTWARE,AVOID,0.0,0.0,CAUTION,3.5,0.5,NORMAL,nan,False,1,1,EXPIRED,True,7.09,24.9857,6.85,HOLD,,False,,,0.0,3,False,408.95,396.68,429.4,Near 200DMA — ideal dip entry zone,7,2026-06-18,7.69,True,False,False,False,LOW_ROE(7.7%),0,False,False,False,False,False,False,48.3,6,89.0
TEXINFRA,TEXMACO INFRAST.,AVOID,0.0,0.0,CAUTION,3.5,0.5,RESTRICTED,nan,False,1,1,EXPIRED,True,3.91,2.7779,3.29,HOLD,,False,,,0.0,3,False,97.53,94.6,102.41,Near 200DMA — ideal dip entry zone,7,2026-06-18,-0.54,True,True,False,False,LOW_ROE(-0.5%) | HIGH_PE(100x vs ind 21x),0,True,True,False,False,False,False,48.3,6,89.0
TEXMOPIPES,TEXMO PIPES,AVOID,0.0,0.0,CAUTION,3.5,0.5,RESTRICTED,nan,False,1,1,EXPIRED,True,-6.33,2.3043,6.05,HOLD,,False,,,0.0,3,False,48.76,44.31,49.74,Below 200DMA — enter on recovery above 200DMA,7,2026-06-18,8.87,True,False,False,False,LOW_ROE(8.9%),0,False,False,False,False,False,False,48.3,6,89.0
TFL,TRANSWAR.FIN.,AVOID,0.0,0.0,CAUTION,3.5,0.5,ILLIQUID,nan,False,1,1,EXPIRED,True,-5.67,0.93,8.66,HOLD,,False,,,0.0,3,False,13.65,12.49,13.92,Below 200DMA — enter on recovery above 200DMA,7,2026-06-18,-16.33,True,False,False,False,LOW_ROE(-16.3%),0,False,False,False,False,False,False,48.3,6,89.0
TGBHOTELS,TGB BANQUETS,AVOID,0.0,0.0,CAUTION,3.5,0.5,ILLIQUID,nan,False,0,0,FRESH,False,-9.82,0.3464,4.57,HOLD,,False,,,0.0,2,False,10.09,8.83,10.29,Below 200DMA — enter on recovery above 200DMA,7,2026-06-18,2.55,True,False,False,False,LOW_ROE(2.5%),0,False,False,False,False,False,False,48.3,6,89.0
THACKER,NAN,AVOID,0.0,0.0,CAUTION,3.5,0.5,ILLIQUID,nan,False,1,1,EXPIRED,True,9.68,104.2786,9.78,HOLD,,False,,,0.0,4,False,1166.08,1131.1,1224.38,Near 200DMA — ideal dip entry zone,7,2026-06-18,,False,False,False,False,,0,False,False,False,False,False,False,48.3,6,89.0
THAKDEV,NAN,AVOID,0.0,0.0,CAUTION,3.5,0.5,ILLIQUID,nan,False,0,0,EXPIRED,False,-2.05,5.4821,4.99,HOLD,,False,,,0.0,3,False,134.71,127.99,137.4,Below 200DMA — enter on recovery above 200DMA,7,2026-06-18,,False,False,False,False,,0,False,False,False,False,False,False,48.3,6,89.0
THEINVEST,THE INVEST.TRUST,AVOID,0.0,0.0,CAUTION,3.5,0.5,ILLIQUID,nan,False,0,0,EXPIRED,False,-14.96,5.6521,6.78,HOLD,,False,,,0.0,2,False,117.59,97.0,119.94,Below 200DMA — enter on recovery above 200DMA,7,2026-06-18,6.03,True,False,False,False,LOW_ROE(6.0%),0,False,False,False,False,False,False,48.3,6,89.0
THEJO,THEJO ENGG.,AVOID,0.0,0.0,CAUTION,3.5,0.5,NORMAL,nan,False,1,1,EXPIRED,True,0.32,68.5214,4.76,HOLD,,False,,,0.0,4,False,1723.76,1672.05,1809.95,Near 200DMA — ideal dip entry zone,7,2026-06-18,16.76,False,False,False,False,,0,False,False,False,False,False,False,48.3,6,89.0
THEMISMED,THEMIS MEDICARE,AVOID,0.0,0.0,CAUTION,3.5,0.5,RESTRICTED,nan,False,1,1,EXPIRED,True,1.16,5.4343,6.35,HOLD,,False,,,0.0,3,False,101.46,98.42,106.53,Near 200DMA — ideal dip entry zone,7,2026-06-18,7.41,True,False,False,False,LOW_ROE(7.4%),0,False,False,False,False,False,False,48.3,6,89.0
TICL,TWAMEV CONSTR.,AVOID,0.0,0.0,CAUTION,3.5,0.5,NORMAL,nan,False,0,0,EXPIRED,False,-18.51,1.3164,7.76,HOLD,,False,,,0.0,3,False,24.97,19.74,25.47,Below 200DMA — enter on recovery above 200DMA,7,2026-06-18,18.44,False,False,False,False,,0,False,False,False,False,False,False,48.3,6,89.0
TIGERLOGS,TIGER LOGISTICS,AVOID,0.0,0.0,CAUTION,3.5,0.5,ILLIQUID,nan,False,0,0,EXPIRED,False,-3.45,1.7471,6.02,HOLD,,False,,,0.0,3,False,36.04,33.76,36.76,Below 200DMA — enter on recovery above 200DMA,7,2026-06-18,19.53,False,False,False,False,,0,False,False,False,False,False,False,48.3,6,89.0
TIIL,TECHNOCRAF.INDS.,AVOID,0.0,0.0,CAUTION,3.5,0.5,NORMAL,nan,False,1,1,EXPIRED,True,7.6,103.5892,4.96,HOLD,,False,,,0.0,4,False,2330.21,2260.3,2446.72,Near 200DMA — ideal dip entry zone,7,2026-06-18,14.46,False,False,False,False,,0,False,False,False,False,False,False,48.3,6,89.0
TIJARIA,TIJARIA POLYPIPE,AVOID,0.0,0.0,CAUTION,3.5,0.5,ILLIQUID,nan,False,0,0,AGING,False,-18.42,0.3514,9.69,HOLD,,False,,,0.0,3,False,5.33,4.22,5.44,Below 200DMA — enter on recovery above 200DMA,7,2026-06-18,,False,False,False,False,,0,False,False,False,False,False,False,48.3,6,89.0
TIL,TIL,AVOID,0.0,0.0,CAUTION,3.5,0.5,NORMAL,nan,False,1,1,EXPIRED,True,-17.5,10.3821,6.09,HOLD,,False,,,0.0,3,False,247.81,198.32,252.77,Below 200DMA — enter on recovery above 200DMA,7,2026-06-18,3.47,True,False,False,False,LOW_ROE(3.5%),0,False,False,False,False,False,False,48.3,6,89.0
TIMESCAN,TIMESCAN LOGIST.,AVOID,0.0,0.0,CAUTION,3.5,0.5,ILLIQUID,nan,False,1,1,EXPIRED,True,-13.36,0.7571,2.12,HOLD,,False,,,0.0,4,False,49.57,41.66,50.56,Below 200DMA — enter on recovery above 200DMA,7,2026-06-18,22.31,False,False,False,False,,0,False,False,False,False,False,False,48.3,6,89.0
TECILCHEM,TECIL CHEMICAL,AVOID,0.0,0.0,CAUTION,3.5,0.5,ILLIQUID,nan,False,0,0,EXPIRED,False,-31.2,0.9507,10.28,HOLD,,False,,,0.0,3,False,16.13,10.77,16.45,Below 200DMA — enter on recovery above 200DMA,7,2026-06-18,,False,False,False,False,,0,False,False,False,False,False,False,48.3,6,89.0
TECHNVISN,NAN,AVOID,0.0,0.0,CAUTION,3.5,0.5,ILLIQUID,nan,False,0,0,FRESH,False,-6.67,300.3571,7.04,HOLD,,False,,,0.0,3,False,5488.85,4969.31,5598.63,Below 200DMA — enter on recovery above 200DMA,7,2026-06-18,,False,False,False,False,,0,False,False,False,False,False,False,48.3,6,89.0
TARMAT,TARMAT,AVOID,0.0,0.0,CAUTION,3.5,0.5,ILLIQUID,nan,False,0,0,EXPIRED,False,-2.06,1.9043,4.41,HOLD,,False,,,0.0,2,False,52.93,50.28,53.99,Below 200DMA — enter on recovery above 200DMA,7,2026-06-18,1.08,True,False,False,False,LOW_ROE(1.1%),0,True,True,False,False,False,False,48.3,6,89.0
TARSONS,TARSONS PRODUCTS,AVOID,0.0,0.0,CAUTION,3.5,0.5,NORMAL,nan,False,1,1,EXPIRED,True,18.66,13.195,5.69,HOLD,,False,,,0.0,3,False,234.38,251.72,271.51,Extended — wait for ATR pullback,7,2026-06-18,4.72,True,False,False,False,LOW_ROE(4.7%),0,False,False,False,False,False,False,48.3,6,89.0
TASTYBITE,TASTY BITE EAT.,AVOID,0.0,0.0,CAUTION,3.5,0.5,NORMAL,nan,False,1,1,EXPIRED,True,2.68,364.5,5.34,HOLD,,False,,,0.0,3,False,7973.78,7734.57,8372.47,Near 200DMA — ideal dip entry zone,7,2026-06-18,8.23,True,False,False,False,LOW_ROE(8.2%),0,False,False,False,False,False,False,48.3,6,89.0
TATACHEM,TATA CHEMICALS,AVOID,0.0,0.0,CAUTION,3.5,0.5,NORMAL,nan,False,0,0,FRESH,False,-5.54,23.8808,3.93,HOLD,,False,,,0.0,2,False,771.72,707.13,787.15,Below 200DMA — enter on recovery above 200DMA,7,2026-06-18,1.09,True,True,False,False,LOW_ROE(1.1%) | HIGH_PE(101x vs ind 25x),0,False,False,False,False,False,False,48.3,6,89.0
TATVA,TATVA CHINTAN,AVOID,0.0,0.0,CAUTION,3.5,0.5,NORMAL,nan,False,0,0,FRESH,False,-4.26,49.3429,4.96,HOLD,,False,,,0.0,2,False,1246.58,1157.69,1271.51,Below 200DMA — enter on recovery above 200DMA,7,2026-06-18,0.77,True,True,False,False,LOW_ROE(0.8%) | HIGH_PE(81x vs ind 25x),0,False,False,False,False,False,False,48.3,6,89.0
TCC,TCC CONCEPT,AVOID,0.0,0.0,CAUTION,3.5,0.5,RESTRICTED,nan,False,0,0,FRESH,False,-7.57,13.2679,4.55,HOLD,,False,,,0.0,3,False,378.28,339.16,385.85,Below 200DMA — enter on recovery above 200DMA,7,2026-06-18,,False,False,False,False,,0,True,True,False,False,False,False,48.3,6,89.0
TCI,TRANSPORT CORP.,AVOID,0.0,0.0,CAUTION,3.5,0.5,NORMAL,nan,False,0,0,EXPIRED,False,-11.23,25.4036,3.28,HOLD,,False,,,0.0,3,False,1045.57,900.31,1066.48,Below 200DMA — enter on recovery above 200DMA,7,2026-06-18,19.14,False,False,False,False,,0,False,False,False,False,False,False,48.3,6,89.0
TCIEXP,TCI EXPRESS,AVOID,0.0,0.0,CAUTION,3.5,0.5,NORMAL,nan,False,1,1,EXPIRED,True,-6.35,22.4464,4.99,HOLD,,False,,,0.0,3,False,576.81,523.99,588.35,Below 200DMA — enter on recovery above 200DMA,7,2026-06-18,11.23,True,False,False,False,LOW_ROE(11.2%),0,True,True,False,False,False,False,48.3,6,89.0
TCL,THAAI,AVOID,0.0,0.0,CAUTION,3.5,0.5,RESTRICTED,nan,False,1,1,EXPIRED,True,-2.33,4.2357,5.04,HOLD,,False,,,0.0,4,False,103.36,97.92,105.43,Below 200DMA — enter on recovery above 200DMA,7,2026-06-18,13.27,False,False,False,False,,0,False,False,False,False,False,False,48.3,6,89.0
TCPLPACK,TCPL PACKAGING,AVOID,0.0,0.0,CAUTION,3.5,0.5,RESTRICTED,nan,False,1,1,EXPIRED,True,-5.63,115.9571,5.06,HOLD,,False,,,0.0,4,False,2914.33,2667.69,2972.62,Below 200DMA — enter on recovery above 200DMA,7,2026-06-18,22.22,False,False,False,False,,0,False,False,False,False,False,False,48.3,6,89.0
TEAMGTY,TEAM INDIA GUAR.,AVOID,0.0,0.0,CAUTION,3.5,0.5,ILLIQUID,nan,False,0,0,EXPIRED,False,-8.98,13.9964,7.05,HOLD,,False,,,0.0,2,False,261.65,231.01,266.88,Below 200DMA — enter on recovery above 200DMA,7,2026-06-18,4.91,True,True,False,False,LOW_ROE(4.9%) | HIGH_PE(114x vs ind 17x),0,True,True,False,False,False,False,48.3,6,89.0
TEAMLEASE,TEAM LEASE SERV.,AVOID,0.0,0.0,CAUTION,3.5,0.5,NORMAL,nan,False,1,1,EXPIRED,True,-4.51,25.2357,2.11,HOLD,,False,,,0.0,3,False,1500.93,1390.2,1530.95,Below 200DMA — enter on recovery above 200DMA,7,2026-06-18,11.97,True,False,False,False,LOW_ROE(12.0%),0,False,False,False,False,False,False,48.3,6,89.0
TBI,TBI CORN,AVOID,0.0,0.0,CAUTION,3.5,0.5,ILLIQUID,nan,False,0,0,EXPIRED,False,-16.0,4.1107,7.48,HOLD,,False,,,0.0,3,False,78.51,63.97,80.08,Below 200DMA — enter on recovery above 200DMA,7,2026-06-18,13.45,False,True,False,False,HIGH_PE(42x vs ind 14x),0,False,False,False,False,False,False,48.3,6,89.0
TIMKEN,TIMKEN INDIA,AVOID,0.0,0.0,CAUTION,3.5,0.5,NORMAL,nan,False,1,1,EXPIRED,True,12.54,97.3357,3.24,HOLD,,False,,,0.0,4,False,3206.03,3109.85,3366.33,Near 200DMA — ideal dip entry zone,7,2026-06-18,15.73,False,False,False,False,,0,True,True,False,False,False,False,48.3,6,89.0
TRUST,TRUST FINTECH,AVOID,0.0,0.0,CAUTION,3.5,0.5,ILLIQUID,nan,False,0,0,EXPIRED,False,-32.31,1.925,7.45,HOLD,,False,,,0.0,2,False,45.8,30.07,46.72,Below 200DMA — enter on recovery above 200DMA,7,2026-06-18,7.31,True,False,False,False,LOW_ROE(7.3%),0,False,False,False,False,False,False,48.3,6,89.0
TTKHLTCARE,TTK HEALTHCARE,AVOID,0.0,0.0,CAUTION,3.5,0.5,ILLIQUID,nan,False,0,0,EXPIRED,False,-10.7,32.1714,4.31,HOLD,,False,,,0.0,2,False,1004.17,869.85,1024.25,Below 200DMA — enter on recovery above 200DMA,7,2026-06-18,7.67,True,False,False,False,LOW_ROE(7.7%),0,True,True,False,False,False,False,48.3,6,89.0
TTKPRESTIG,TTK PRESTIGE,AVOID,0.0,0.0,CAUTION,3.5,0.5,NORMAL,nan,False,1,1,EXPIRED,True,-6.65,18.6322,4.11,HOLD,,False,,,0.0,3,False,583.37,528.26,595.04,Below 200DMA — enter on recovery above 200DMA,7,2026-06-18,5.98,True,False,False,False,LOW_ROE(6.0%),0,True,True,False,False,False,False,48.3,6,89.0
TTL,T T,AVOID,0.0,0.0,CAUTION,3.5,0.5,ILLIQUID,nan,False,0,0,EXPIRED,False,-22.42,0.4157,7.19,HOLD,,False,,,0.0,2,False,8.95,6.73,9.13,Below 200DMA — enter on recovery above 200DMA,7,2026-06-18,4.55,True,False,False,False,LOW_ROE(4.5%),0,False,False,False,False,False,False,48.3,6,89.0
TTML,TATA TELE. MAH.,AVOID,0.0,0.0,CAUTION,3.5,0.5,NORMAL,nan,False,1,1,EXPIRED,True,-4.41,2.225,5.87,HOLD,,False,,,0.0,4,False,47.57,44.11,48.52,Below 200DMA — enter on recovery above 200DMA,7,2026-06-18,,False,False,False,False,,0,False,False,False,False,False,False,48.3,6,89.0
TVSHLTD,TVS HOLDINGS,AVOID,0.0,0.0,CAUTION,3.5,0.5,NORMAL,nan,False,0,0,FRESH,False,-4.73,302.7857,2.72,HOLD,,False,,,0.0,3,False,14021.87,12957.26,14302.31,Below 200DMA — enter on recovery above 200DMA,7,2026-06-18,24.84,False,False,False,False,,0,False,False,False,False,False,False,48.3,6,89.0
TRU,TRUCAP FINANCE,AVOID,0.0,0.0,CAUTION,3.5,0.5,ILLIQUID,nan,False,0,0,FRESH,False,-27.13,0.3114,6.43,HOLD,,False,,,0.0,2,False,7.97,5.64,8.13,Below 200DMA — enter on recovery above 200DMA,7,2026-06-18,-36.54,True,False,False,False,LOW_ROE(-36.5%),0,False,False,False,False,False,False,48.3,6,89.0
TIPSFILMS,TIPS FILMS,AVOID,0.0,0.0,CAUTION,3.5,0.5,ILLIQUID,nan,False,0,0,FRESH,False,-11.62,20.1071,6.94,HOLD,,False,,,0.0,2,False,393.53,337.37,401.4,Below 200DMA — enter on recovery above 200DMA,7,2026-06-18,-99.96,True,False,False,False,LOW_ROE(-100.0%),0,False,False,False,False,False,False,48.3,6,89.0
TIRUMALCHM,THIRUMALAI CHEM.,AVOID,0.0,0.0,CAUTION,3.5,0.5,NORMAL,nan,False,0,0,AGING,False,-23.18,8.82,6.06,HOLD,,False,,,0.0,2,False,227.51,169.54,232.06,Below 200DMA — enter on recovery above 200DMA,7,2026-06-18,-3.99,True,False,False,False,LOW_ROE(-4.0%),0,False,False,False,False,False,False,48.3,6,89.0
TNPETRO,T N PETRO PROD.,AVOID,0.0,0.0,CAUTION,3.5,0.5,NORMAL,nan,False,1,1,FRESH,True,-7.2,2.5843,3.41,HOLD,,False,,,0.0,3,False,97.86,88.09,99.82,Below 200DMA — enter on recovery above 200DMA,7,2026-06-18,6.4,True,False,False,False,LOW_ROE(6.4%),0,False,False,False,False,False,False,48.3,6,89.0
TNPL,T N NEWSPRINT,AVOID,0.0,0.0,CAUTION,3.5,0.5,RESTRICTED,nan,False,0,0,FRESH,False,-0.75,3.4643,2.88,HOLD,,False,,,0.0,2,False,145.59,140.16,148.5,Below 200DMA — enter on recovery above 200DMA,7,2026-06-18,0.18,True,False,False,False,LOW_ROE(0.2%),0,False,False,False,False,False,False,48.3,6,89.0
TNTELE,T N TELECOM.,AVOID,0.0,0.0,CAUTION,3.5,0.5,ILLIQUID,nan,False,0,0,EXPIRED,False,-12.96,0.625,8.18,HOLD,,False,,,0.0,3,False,10.54,8.89,10.75,Below 200DMA — enter on recovery above 200DMA,7,2026-06-18,,False,False,False,False,,0,False,False,False,False,False,False,48.3,6,89.0
TOKYOPLAST,TOKYO PLAST INTL,AVOID,0.0,0.0,CAUTION,3.5,0.5,ILLIQUID,nan,False,0,0,FRESH,False,-17.46,3.9564,5.59,HOLD,,False,,,0.0,2,False,102.96,82.43,105.02,Below 200DMA — enter on recovery above 200DMA,7,2026-06-18,2.14,True,False,False,False,LOW_ROE(2.1%),0,False,False,False,False,False,False,48.3,6,89.0
TOTAL,TOTAL TRANSPORT,AVOID,0.0,0.0,CAUTION,3.5,0.5,ILLIQUID,nan,False,0,0,EXPIRED,False,-20.91,2.2836,5.36,HOLD,,False,,,0.0,2,False,64.61,49.57,65.9,Below 200DMA — enter on recovery above 200DMA,7,2026-06-18,10.7,True,False,False,False,LOW_ROE(10.7%),0,False,False,False,False,False,False,48.3,6,89.0
TOUCHWOOD,TOUCHWOOD ENTER.,AVOID,0.0,0.0,CAUTION,3.5,0.5,ILLIQUID,nan,False,1,1,EXPIRED,True,-16.68,4.1929,6.7,HOLD,,False,,,0.0,4,False,90.1,72.82,91.9,Below 200DMA — enter on recovery above 200DMA,7,2026-06-18,12.95,False,False,False,False,,0,True,True,False,False,False,False,48.3,6,89.0
TPHQ,TEAMO PRODUCTION,AVOID,0.0,0.0,CAUTION,3.5,0.5,ILLIQUID,nan,False,0,0,FRESH,False,-18.09,0.0207,5.07,HOLD,,False,,,0.0,2,False,0.6,0.48,0.61,Below 200DMA — enter on recovery above 200DMA,7,2026-06-18,2.48,True,False,False,False,LOW_ROE(2.5%),0,True,True,False,False,False,False,48.3,6,89.0
TRACXN,TRACXN TECHNOLO.,AVOID,0.0,0.0,CAUTION,3.5,0.5,RESTRICTED,nan,False,0,0,EXPIRED,False,-20.57,1.2929,4.92,HOLD,,False,,,0.0,2,False,39.68,30.57,40.47,Below 200DMA — enter on recovery above 200DMA,7,2026-06-18,-14.51,True,False,False,False,LOW_ROE(-14.5%),0,True,True,False,False,False,False,48.3,6,89.0
TRANSPEK,NAN,AVOID,0.0,0.0,CAUTION,3.5,0.5,RESTRICTED,nan,False,0,0,EXPIRED,False,-10.63,46.2714,5.56,HOLD,,False,,,0.0,3,False,1117.31,968.54,1139.66,Below 200DMA — enter on recovery above 200DMA,7,2026-06-18,,False,False,False,False,,0,False,False,False,False,False,False,48.3,6,89.0
TRANSWORLD,TRANSWORLD SHIPP,AVOID,0.0,0.0,CAUTION,3.5,0.5,RESTRICTED,nan,False,1,1,FRESH,True,-3.37,8.9993,5.86,HOLD,,False,,,0.0,3,False,190.67,178.72,194.48,Below 200DMA — enter on recovery above 200DMA,7,2026-06-18,4.24,True,False,False,False,LOW_ROE(4.2%),0,False,False,False,False,False,False,48.3,6,89.0
TREEHOUSE,TREE HOUSE EDU.,AVOID,0.0,0.0,CAUTION,3.5,0.5,ILLIQUID,nan,False,0,0,AGING,False,-7.17,0.4571,7.52,HOLD,,False,,,0.0,2,False,7.85,7.07,8.01,Below 200DMA — enter on recovery above 200DMA,7,2026-06-18,-9.0,True,False,False,False,LOW_ROE(-9.0%),0,True,True,False,False,False,False,48.3,6,89.0
TREJHARA,TREJHARA SOLUTIO,AVOID,0.0,0.0,CAUTION,3.5,0.5,RESTRICTED,nan,False,0,0,EXPIRED,False,-25.36,9.2764,7.66,HOLD,,False,,,0.0,2,False,194.75,141.0,198.65,Below 200DMA — enter on recovery above 200DMA,7,2026-06-18,1.8,True,True,False,False,LOW_ROE(1.8%) | HIGH_PE(63x vs ind 23x),0,True,True,False,False,False,False,48.3,6,89.0
TREL,TRANSINDIA REAL,AVOID,0.0,0.0,CAUTION,3.5,0.5,ILLIQUID,nan,False,0,0,EXPIRED,False,-3.92,1.2064,5.55,HOLD,,False,,,0.0,2,False,27.17,25.32,27.71,Below 200DMA — enter on recovery above 200DMA,7,2026-06-18,4.24,True,False,False,False,LOW_ROE(4.2%),0,True,True,False,False,False,False,48.3,6,89.0
TRF,TRF,AVOID,0.0,0.0,CAUTION,3.5,0.5,RESTRICTED,nan,False,0,0,EXPIRED,False,-18.35,10.2593,5.28,HOLD,,False,,,0.0,3,False,285.54,226.15,291.25,Below 200DMA — enter on recovery above 200DMA,7,2026-06-18,,False,False,False,False,,0,False,False,False,False,False,False,48.3,6,89.0
TRIDENT,TRIDENT,AVOID,0.0,0.0,CAUTION,3.5,0.5,NORMAL,nan,False,1,1,FRESH,True,-4.29,0.6343,3.05,HOLD,,False,,,0.0,3,False,26.05,24.18,26.57,Below 200DMA — enter on recovery above 200DMA,7,2026-06-18,8.0,True,False,False,False,LOW_ROE(8.0%),0,False,False,False,False,False,False,48.3,6,89.0
TRIDHYA,TRIDHYA TECH,AVOID,0.0,0.0,CAUTION,3.5,0.5,ILLIQUID,nan,False,1,1,EXPIRED,True,-13.25,0.2714,2.82,HOLD,,False,,,0.0,3,False,13.31,11.2,13.58,Below 200DMA — enter on recovery above 200DMA,7,2026-06-18,-8.32,True,False,False,False,LOW_ROE(-8.3%),0,False,False,False,False,False,False,48.3,6,89.0
TRIGYN,TRIGYN TECHNO.,AVOID,0.0,0.0,CAUTION,3.5,0.5,ILLIQUID,nan,False,0,0,FRESH,False,-12.19,3.0171,6.41,HOLD,,False,,,0.0,2,False,64.3,54.77,65.59,Below 200DMA — enter on recovery above 200DMA,7,2026-06-18,1.75,True,False,False,False,LOW_ROE(1.8%),0,True,True,False,False,False,False,48.3,6,89.0
TARC,TARC LTD,AVOID,0.0,0.0,CAUTION,3.5,0.5,NORMAL,nan,False,0,0,EXPIRED,False,-11.79,5.2307,4.87,HOLD,,False,,,0.0,2,False,146.0,124.93,148.92,Below 200DMA — enter on recovery above 200DMA,7,2026-06-18,-22.17,True,False,False,False,LOW_ROE(-22.2%),0,False,False,False,False,False,False,48.3,6,89.0
VEEKAYEM,VEEKAYEM FASH.,AVOID,0.0,0.0,CAUTION,3.5,0.5,ILLIQUID,nan,False,1,1,EXPIRED,True,-25.18,6.3036,5.4,HOLD,,False,,,0.0,4,False,187.11,135.8,190.85,Below 200DMA — enter on recovery above 200DMA,7,2026-06-18,13.63,False,False,False,False,,0,False,False,False,False,False,False,48.3,6,89.0
VELJAN,NAN,AVOID,0.0,0.0,CAUTION,3.5,0.5,ILLIQUID,nan,False,1,1,EXPIRED,True,9.72,80.8857,8.18,HOLD,,False,,,0.0,4,False,1081.98,1049.52,1136.08,Near 200DMA — ideal dip entry zone,7,2026-06-18,,False,False,False,False,,0,False,False,False,False,False,False,48.3,6,89.0
VENKEYS,VENKY'S (INDIA),AVOID,0.0,0.0,CAUTION,3.5,0.5,NORMAL,nan,False,0,0,FRESH,False,-2.41,44.4214,3.76,HOLD,,False,,,0.0,2,False,1451.99,1374.49,1481.03,Below 200DMA — enter on recovery above 200DMA,7,2026-06-18,7.9,True,False,False,False,LOW_ROE(7.9%),0,False,False,False,False,False,False,48.3,6,89.0
VERANDA,VERANDA LEARNING,AVOID,0.0,0.0,CAUTION,3.5,0.5,NORMAL,nan,False,1,1,FRESH,True,15.71,12.8864,6.58,HOLD,,False,,,0.0,3,False,203.0,209.12,228.45,Extended — wait for ATR pullback,7,2026-06-18,-96.25,True,False,False,False,LOW_ROE(-96.2%),0,False,False,False,False,False,False,48.3,6,89.0
VERITAAS,VERITAAS ADVER.,AVOID,0.0,0.0,CAUTION,3.5,0.5,ILLIQUID,nan,False,0,0,EXPIRED,False,-26.99,0.4857,1.41,HOLD,,False,,,0.0,3,False,56.43,39.96,57.56,Below 200DMA — enter on recovery above 200DMA,7,2026-06-18,12.5,False,False,False,False,,0,False,False,False,False,False,False,48.3,6,89.0
VERTEXPLUS,VERTEXPLUS TECH.,AVOID,0.0,0.0,CAUTION,3.5,0.5,ILLIQUID,nan,False,0,0,EXPIRED,False,-55.14,1.9214,4.99,HOLD,,False,,,0.0,2,False,103.11,44.86,105.17,Below 200DMA — enter on recovery above 200DMA,7,2026-06-18,3.65,True,True,False,False,LOW_ROE(3.6%) | HIGH_PE(105x vs ind 23x),0,False,False,False,False,False,False,48.3,6,89.0
VEEDOL,VEEDOL CORPORAT,AVOID,0.0,0.0,CAUTION,3.5,0.5,NORMAL,nan,False,1,1,FRESH,True,-4.91,39.7,3.24,HOLD,,False,,,0.0,4,False,1544.75,1424.83,1575.64,Below 200DMA — enter on recovery above 200DMA,7,2026-06-18,18.46,False,False,False,False,,0,True,True,False,False,False,False,48.3,6,89.0
VEDL,VEDANTA,AVOID,0.0,0.0,CAUTION,3.5,0.5,NORMAL,nan,False,0,0,EXPIRED,False,-42.97,12.4786,4.89,HOLD,,False,,,0.0,3,False,537.41,297.31,548.16,Below 200DMA — enter on recovery above 200DMA,7,2026-06-18,39.13,False,False,False,False,,0,False,False,False,False,False,False,48.3,6,89.0
VCL,VAXTEX COTFAB,AVOID,0.0,0.0,CAUTION,3.5,0.5,ILLIQUID,nan,False,0,0,EXPIRED,False,-16.51,0.0721,6.6,HOLD,,False,,,0.0,2,False,1.57,1.27,1.6,Below 200DMA — enter on recovery above 200DMA,7,2026-06-18,4.82,True,False,False,False,LOW_ROE(4.8%),0,False,False,False,False,False,False,48.3,6,89.0
UNITEDTEA,UNITED NILGIRI,AVOID,0.0,0.0,CAUTION,3.5,0.5,ILLIQUID,nan,False,0,0,EXPIRED,False,1.78,18.7536,4.55,HOLD,,False,,,0.0,2,False,485.94,471.36,510.24,Near 200DMA — ideal dip entry zone,7,2026-06-18,8.39,True,False,False,False,LOW_ROE(8.4%),0,True,True,False,False,False,False,48.3,6,89.0
UNIVPHOTO,UNIVERSUS PHOTO,AVOID,0.0,0.0,CAUTION,3.5,0.5,ILLIQUID,nan,False,0,0,EXPIRED,False,15.12,9.4107,3.09,HOLD,,False,,,0.0,2,False,317.06,346.18,360.29,Extended — wait for ATR pullback,7,2026-06-18,9.95,True,False,False,False,LOW_ROE(9.9%),0,True,True,False,False,False,False,48.3,6,89.0
URAVIDEF,URAVI DEFENCE &,AVOID,0.0,0.0,CAUTION,3.5,0.5,ILLIQUID,nan,False,0,0,AGING,False,-42.22,7.1521,7.69,HOLD,,False,,,0.0,2,False,193.2,108.28,197.06,Below 200DMA — enter on recovery above 200DMA,7,2026-06-18,5.49,True,False,False,False,LOW_ROE(5.5%),0,False,False,False,False,False,False,48.3,6,89.0
URBAN,URBAN ENVIRO,AVOID,0.0,0.0,CAUTION,3.5,0.5,ILLIQUID,nan,False,0,0,EXPIRED,False,-11.22,3.4071,3.1,HOLD,,False,,,0.0,3,False,148.68,128.04,151.65,Below 200DMA — enter on recovery above 200DMA,7,2026-06-18,32.17,False,False,False,False,,0,False,False,False,False,False,False,48.3,6,89.0
USK,UDAYSHIVAKUMAR,AVOID,0.0,0.0,CAUTION,3.5,0.5,ILLIQUID,nan,False,1,1,EXPIRED,True,-5.11,1.6386,8.2,HOLD,,False,,,0.0,3,False,25.27,23.26,25.78,Below 200DMA — enter on recovery above 200DMA,7,2026-06-18,-4.28,True,False,False,False,LOW_ROE(-4.3%),0,False,False,False,False,False,False,48.3,6,89.0
UTKARSHBNK,UTKARSH SMALL F.,AVOID,0.0,0.0,CAUTION,3.5,0.5,NORMAL,nan,False,1,1,FRESH,True,-10.16,0.5271,4.52,HOLD,,False,,,0.0,3,False,15.58,13.58,15.89,Below 200DMA — enter on recovery above 200DMA,7,2026-06-18,0.8,True,False,False,False,LOW_ROE(0.8%),0,False,False,False,False,False,False,48.3,6,89.0
UYFINCORP,U. Y. FINCORP,AVOID,0.0,0.0,CAUTION,3.5,0.5,ILLIQUID,nan,False,1,1,EXPIRED,True,2.24,0.6986,5.79,HOLD,,False,,,0.0,3,False,14.15,13.73,14.86,Near 200DMA — ideal dip entry zone,7,2026-06-18,3.56,True,False,False,False,LOW_ROE(3.6%),0,True,True,False,False,False,False,48.3,6,89.0
VAISHALI,VAISHALI PHARMA,AVOID,0.0,0.0,CAUTION,3.5,0.5,ILLIQUID,nan,False,1,1,EXPIRED,True,-13.84,0.3314,5.34,HOLD,,False,,,0.0,3,False,8.65,7.23,8.82,Below 200DMA — enter on recovery above 200DMA,7,2026-06-18,1.26,True,True,False,False,LOW_ROE(1.3%) | HIGH_PE(99x vs ind 28x),0,False,False,False,False,False,False,48.3,6,89.0
VALIANTLAB,VALIANT LABORATO,AVOID,0.0,0.0,CAUTION,3.5,0.5,RESTRICTED,nan,False,0,0,EXPIRED,False,-6.76,3.8429,6.92,HOLD,,False,,,0.0,2,False,71.46,64.63,72.89,Below 200DMA — enter on recovery above 200DMA,7,2026-06-18,-0.94,True,False,False,False,LOW_ROE(-0.9%),0,False,False,False,False,False,False,48.3,6,89.0
VALIANTORG,VALIANT ORGANICS,AVOID,0.0,0.0,CAUTION,3.5,0.5,NORMAL,nan,False,1,1,FRESH,True,10.9,16.4393,6.35,HOLD,,False,,,0.0,3,False,280.34,271.93,294.36,Near 200DMA — ideal dip entry zone,7,2026-06-18,-0.52,True,False,False,False,LOW_ROE(-0.5%),0,False,False,False,False,False,False,48.3,6,89.0
VARDHACRLC,VARDHMAN ACRYLIC,AVOID,0.0,0.0,CAUTION,3.5,0.5,RESTRICTED,nan,False,1,1,EXPIRED,True,14.29,2.1907,5.85,HOLD,,False,,,0.0,3,False,39.29,38.11,41.25,Near 200DMA — ideal dip entry zone,7,2026-06-18,4.95,True,False,False,False,LOW_ROE(5.0%),0,True,True,False,False,False,False,48.3,6,89.0
VARDMNPOLY,VARDHMAN POLYTEX,AVOID,0.0,0.0,CAUTION,3.5,0.5,ILLIQUID,nan,False,0,0,AGING,False,-7.84,0.5064,9.07,HOLD,,False,,,0.0,3,False,7.27,6.5,7.42,Below 200DMA — enter on recovery above 200DMA,7,2026-06-18,,False,True,False,False,HIGH_PE(56x vs ind 16x),0,False,False,False,False,False,False,48.3,6,89.0
VASWANI,VASWANI INDUSTRI,AVOID,0.0,0.0,CAUTION,3.5,0.5,RESTRICTED,nan,False,1,1,EXPIRED,True,2.18,4.0243,8.28,HOLD,,False,,,0.0,3,False,57.06,55.35,59.91,Near 200DMA — ideal dip entry zone,7,2026-06-18,6.26,True,True,False,False,LOW_ROE(6.3%) | HIGH_PE(198x vs ind 19x),0,False,False,False,False,False,False,48.3,6,89.0
UNITEDPOLY,UNITED POLYFAB,AVOID,0.0,0.0,CAUTION,3.5,0.5,ILLIQUID,nan,False,1,1,EXPIRED,True,-0.64,1.8436,6.74,HOLD,,False,,,0.0,4,False,33.04,31.85,33.7,Below 200DMA — enter on recovery above 200DMA,7,2026-06-18,18.18,False,False,False,False,,0,False,False,False,False,False,False,48.3,6,89.0
UNITECH,UNITECH,AVOID,0.0,0.0,CAUTION,3.5,0.5,NORMAL,nan,False,1,1,EXPIRED,True,-10.0,0.2007,4.73,HOLD,,False,,,0.0,4,False,5.66,4.94,5.77,Below 200DMA — enter on recovery above 200DMA,7,2026-06-18,,False,False,False,False,,0,False,False,False,False,False,False,48.3,6,89.0
UEL,UJAAS ENERGY,AVOID,0.0,0.0,CAUTION,3.5,0.5,ILLIQUID,nan,False,0,0,FRESH,False,1.54,7.6171,6.5,HOLD,,False,,,0.0,2,False,138.43,134.28,145.35,Near 200DMA — ideal dip entry zone,7,2026-06-18,10.35,True,False,False,False,LOW_ROE(10.3%),0,False,False,False,False,False,False,48.3,6,89.0
UFBL,UNITED FOODBRANDS,AVOID,0.0,0.0,CAUTION,3.5,0.5,NORMAL,nan,False,1,1,EXPIRED,True,133.73,39.3464,7.63,EXIT,PROFIT_ZONE: +134% above 200DMA | EXTENDED: 21.0× ATR above 200DMA,False,,,0.0,3,False,264.88,540.41,599.43,Extended — wait for ATR pullback,7,2026-06-18,-7.66,True,False,False,False,LOW_ROE(-7.7%),0,False,False,False,False,False,False,48.3,6,89.0
UFLEX,UFLEX,AVOID,0.0,0.0,CAUTION,3.5,0.5,NORMAL,nan,False,1,1,FRESH,True,-11.32,18.9429,5.4,HOLD,,False,,,0.0,3,False,474.64,408.27,484.13,Below 200DMA — enter on recovery above 200DMA,7,2026-06-18,1.93,True,False,False,False,LOW_ROE(1.9%),0,False,False,False,False,False,False,48.3,6,89.0
UFO,UFO MOVIEZ,AVOID,0.0,0.0,CAUTION,3.5,0.5,RESTRICTED,nan,False,1,1,EXPIRED,True,1.79,2.355,3.73,HOLD,,False,,,0.0,3,False,74.45,72.22,78.17,Near 200DMA — ideal dip entry zone,7,2026-06-18,3.21,True,False,False,False,LOW_ROE(3.2%),0,False,False,False,False,False,False,48.3,6,89.0
UGARSUGAR,UGAR SUGAR WORKS,AVOID,0.0,0.0,CAUTION,3.5,0.5,RESTRICTED,nan,False,0,0,EXPIRED,False,-1.87,1.8121,5.41,HOLD,,False,,,0.0,2,False,40.94,38.96,41.76,Below 200DMA — enter on recovery above 200DMA,7,2026-06-18,-7.52,True,False,False,False,LOW_ROE(-7.5%),0,False,False,False,False,False,False,48.3,6,89.0
ULTRACEMCO,ULTRATECH CEM.,AVOID,0.0,0.0,CAUTION,3.5,0.5,NORMAL,nan,False,0,0,EXPIRED,False,-4.62,243.5714,2.57,HOLD,,False,,,0.0,2,False,11923.55,11031.81,12162.02,Below 200DMA — enter on recovery above 200DMA,7,2026-06-18,8.54,True,False,False,False,LOW_ROE(8.5%),0,False,False,False,False,False,False,48.3,6,89.0
ULTRAMAR,NAN,AVOID,0.0,0.0,CAUTION,3.5,0.5,RESTRICTED,nan,False,0,0,FRESH,False,-8.1,13.3071,4.32,HOLD,,False,,,0.0,3,False,402.65,358.95,410.7,Below 200DMA — enter on recovery above 200DMA,7,2026-06-18,,False,False,False,False,,0,False,False,False,False,False,False,48.3,6,89.0
UMA,UMA CONVERTER,AVOID,0.0,0.0,CAUTION,3.5,0.5,ILLIQUID,nan,False,0,0,EXPIRED,False,-9.61,0.3464,2.26,HOLD,,False,,,0.0,2,False,20.36,17.85,20.77,Below 200DMA — enter on recovery above 200DMA,7,2026-06-18,3.6,True,False,False,False,LOW_ROE(3.6%),0,False,False,False,False,False,False,48.3,6,89.0
UMAEXPORTS,UMA EXPORTS,AVOID,0.0,0.0,CAUTION,3.5,0.5,ILLIQUID,nan,False,0,0,EXPIRED,False,-31.97,1.6636,8.32,HOLD,,False,,,0.0,2,False,35.27,23.27,35.98,Below 200DMA — enter on recovery above 200DMA,7,2026-06-18,1.82,True,False,False,False,LOW_ROE(1.8%),0,False,False,False,False,False,False,48.3,6,89.0
UMESLTD,USHA MART. EDU.,AVOID,0.0,0.0,CAUTION,3.5,0.5,ILLIQUID,nan,False,1,1,EXPIRED,True,8.64,0.4107,8.48,HOLD,,False,,,0.0,3,False,5.35,5.19,5.62,Near 200DMA — ideal dip entry zone,7,2026-06-18,2.15,True,True,False,False,LOW_ROE(2.1%) | HIGH_PE(49x vs ind 17x),0,True,True,False,False,False,False,48.3,6,89.0
UMIYA-MRO,UMIYA BUILDCON,AVOID,0.0,0.0,CAUTION,3.5,0.5,ILLIQUID,nan,False,1,1,FRESH,True,-0.31,4.6057,6.41,HOLD,,False,,,0.0,3,False,86.54,83.68,88.27,Below 200DMA — enter on recovery above 200DMA,7,2026-06-18,7.79,True,False,False,False,LOW_ROE(7.8%),0,False,False,False,False,False,False,48.3,6,89.0
UNIDT,UNITED DRILLING,AVOID,0.0,0.0,CAUTION,3.5,0.5,RESTRICTED,nan,False,0,0,FRESH,False,11.02,13.0779,7.11,HOLD,,False,,,0.0,2,False,198.67,192.71,208.6,Near 200DMA — ideal dip entry zone,7,2026-06-18,5.69,True,False,False,False,LOW_ROE(5.7%),0,False,False,False,False,False,False,48.3,6,89.0
UNIENTER,UNIPHOS ENTER.,AVOID,0.0,0.0,CAUTION,3.5,0.5,ILLIQUID,nan,False,1,1,EXPIRED,True,-14.53,4.805,5.3,HOLD,,False,,,0.0,3,False,127.28,105.53,129.83,Below 200DMA — enter on recovery above 200DMA,7,2026-06-18,0.01,True,False,False,False,LOW_ROE(0.0%),0,True,True,False,False,False,False,48.3,6,89.0
UNIINFO,UNIINFO TELECOM,AVOID,0.0,0.0,CAUTION,3.5,0.5,ILLIQUID,nan,False,0,0,EXPIRED,False,-22.42,0.7571,7.83,HOLD,,False,,,0.0,2,False,14.95,11.25,15.25,Below 200DMA — enter on recovery above 200DMA,7,2026-06-18,-2.11,True,False,False,False,LOW_ROE(-2.1%),0,False,False,False,False,False,False,48.3,6,89.0
TARAPUR,TARAPUR TRANS,AVOID,0.0,0.0,CAUTION,3.5,0.5,ILLIQUID,nan,False,0,0,EXPIRED,False,-26.74,1.1607,6.95,HOLD,,False,,,0.0,3,False,27.36,19.44,27.91,Below 200DMA — enter on recovery above 200DMA,7,2026-06-18,2538.92,False,False,False,False,,0,False,False,False,False,False,False,48.3,6,89.0
SPLIL,SPL INDUSTRIES,AVOID,0.0,0.0,CAUTION,3.5,0.5,ILLIQUID,nan,False,0,0,EXPIRED,False,-11.76,1.7186,6.94,HOLD,,False,,,0.0,2,False,33.68,28.83,34.35,Below 200DMA — enter on recovery above 200DMA,7,2026-06-18,4.69,True,False,False,False,LOW_ROE(4.7%),0,True,True,False,False,False,False,48.3,6,89.0
SPMLINFRA,SPML INFRA,AVOID,0.0,0.0,CAUTION,3.5,0.5,NORMAL,nan,False,0,0,EXPIRED,False,-6.42,8.8843,5.6,HOLD,,False,,,0.0,2,False,203.55,184.78,207.62,Below 200DMA — enter on recovery above 200DMA,7,2026-06-18,6.22,True,False,False,False,LOW_ROE(6.2%),0,False,False,False,False,False,False,48.3,6,89.0
SRD,SHANKAR LAL RAM.,AVOID,0.0,0.0,CAUTION,3.5,0.5,ILLIQUID,nan,False,0,0,EXPIRED,False,-32.24,1.9357,5.91,HOLD,,False,,,0.0,2,False,58.04,38.15,59.2,Below 200DMA — enter on recovery above 200DMA,7,2026-06-18,10.4,True,False,False,False,LOW_ROE(10.4%),0,False,False,False,False,False,False,48.3,6,89.0
SREEL,SREELEATHERS,AVOID,0.0,0.0,CAUTION,3.5,0.5,ILLIQUID,nan,False,1,1,EXPIRED,True,-3.45,7.7364,4.58,HOLD,,False,,,0.0,3,False,209.88,196.57,214.08,Below 200DMA — enter on recovery above 200DMA,7,2026-06-18,4.88,True,False,False,False,LOW_ROE(4.9%),0,True,True,False,False,False,False,48.3,6,89.0
SRF,SRF,AVOID,0.0,0.0,CAUTION,3.5,0.5,NORMAL,nan,False,1,1,FRESH,True,-3.31,71.0286,3.15,HOLD,,False,,,0.0,3,False,2798.01,2624.34,2853.97,Below 200DMA — enter on recovery above 200DMA,7,2026-06-18,9.91,True,False,False,False,LOW_ROE(9.9%),0,False,False,False,False,False,False,48.3,6,89.0
SRGHFL,SRG HOUSING,AVOID,0.0,0.0,CAUTION,3.5,0.5,ILLIQUID,nan,False,0,0,FRESH,False,-0.71,10.575,4.56,HOLD,,False,,,0.0,3,False,279.98,269.66,285.58,Below 200DMA — enter on recovery above 200DMA,7,2026-06-18,9.24,False,False,False,False,,0,False,False,False,False,False,False,48.3,6,89.0
SRHHYPOLTD,SR.RAYALA.HYPO,AVOID,0.0,0.0,CAUTION,3.5,0.5,RESTRICTED,nan,False,0,0,EXPIRED,False,-4.96,16.8214,4.15,HOLD,,False,,,0.0,2,False,511.88,471.9,522.12,Below 200DMA — enter on recovery above 200DMA,7,2026-06-18,9.81,True,False,False,False,LOW_ROE(9.8%),0,True,True,False,False,False,False,48.3,6,89.0
SRTL,SHREE RAM TWIST.,AVOID,0.0,0.0,CAUTION,3.5,0.5,ILLIQUID,nan,False,0,0,AGING,False,-13.06,1.3857,4.06,HOLD,,False,,,0.0,2,False,47.14,39.75,48.08,Below 200DMA — enter on recovery above 200DMA,7,2026-06-18,10.25,True,False,False,False,LOW_ROE(10.2%),0,False,False,False,False,False,False,48.3,6,89.0
SSDL,SARASWATI SAREE,AVOID,0.0,0.0,CAUTION,3.5,0.5,ILLIQUID,nan,False,0,0,EXPIRED,False,-23.21,2.9107,6.26,HOLD,,False,,,0.0,3,False,72.63,54.1,74.08,Below 200DMA — enter on recovery above 200DMA,7,2026-06-18,17.19,False,False,False,False,,0,True,True,False,False,False,False,48.3,6,89.0
STARCEMENT,STAR CEMENT,AVOID,0.0,0.0,CAUTION,3.5,0.5,NORMAL,nan,False,0,0,EXPIRED,False,-6.64,4.9093,2.74,HOLD,,False,,,0.0,2,False,230.04,208.33,234.64,Below 200DMA — enter on recovery above 200DMA,7,2026-06-18,5.87,True,False,False,False,LOW_ROE(5.9%),0,False,False,False,False,False,False,48.3,6,89.0
STARPAPER,STAR PAPER MILLS,AVOID,0.0,0.0,CAUTION,3.5,0.5,ILLIQUID,nan,False,0,0,FRESH,False,-9.94,4.1121,3.59,HOLD,,False,,,0.0,2,False,152.8,133.48,155.86,Below 200DMA — enter on recovery above 200DMA,7,2026-06-18,6.04,True,False,False,False,LOW_ROE(6.0%),0,True,True,False,False,False,False,48.3,6,89.0
STARTECK,STARTECK FIN.,AVOID,0.0,0.0,CAUTION,3.5,0.5,ILLIQUID,nan,False,1,1,EXPIRED,True,-0.22,9.5457,4.13,HOLD,,False,,,0.0,3,False,278.11,269.18,283.67,Below 200DMA — enter on recovery above 200DMA,7,2026-06-18,4.45,True,False,False,False,LOW_ROE(4.5%),0,False,False,False,False,False,False,48.3,6,89.0
STCINDIA,S T C,AVOID,0.0,0.0,CAUTION,3.5,0.5,NORMAL,nan,False,1,1,EXPIRED,True,19.93,7.7629,6.42,HOLD,,False,,,0.0,4,False,120.98,129.56,141.21,Extended — wait for ATR pullback,7,2026-06-18,,False,False,False,False,,0,False,False,False,False,False,False,48.3,6,89.0
STEELXIND,STEEL EXCHANGE,AVOID,0.0,0.0,CAUTION,3.5,0.5,NORMAL,nan,False,1,1,EXPIRED,True,35.39,0.7707,7.36,PARTIAL_EXIT,EXTENDED: 5.8× ATR above 200DMA,False,,,0.0,3,False,9.28,11.03,12.18,Extended — wait for ATR pullback,7,2026-06-18,3.67,True,False,False,False,LOW_ROE(3.7%),0,False,False,False,False,False,False,48.3,6,89.0
SUPERHOUSE,SUPERHOUSE LTD,AVOID,0.0,0.0,CAUTION,3.5,0.5,ILLIQUID,nan,False,1,1,EXPIRED,True,1.15,6.8864,5.3,HOLD,,False,,,0.0,3,False,154.05,149.43,161.75,Near 200DMA — ideal dip entry zone,7,2026-06-18,2.05,True,False,False,False,LOW_ROE(2.0%),0,False,False,False,False,False,False,48.3,6,89.0
SUPERSPIN,SUPER SPINNING,AVOID,0.0,0.0,CAUTION,3.5,0.5,ILLIQUID,nan,False,0,0,FRESH,False,-32.38,0.4493,10.85,HOLD,,False,,,0.0,2,False,7.35,4.82,7.5,Below 200DMA — enter on recovery above 200DMA,7,2026-06-18,-29.73,True,False,False,False,LOW_ROE(-29.7%),0,False,False,False,False,False,False,48.3,6,89.0
SUPRAJIT,SUPRAJIT ENGG.,AVOID,0.0,0.0,CAUTION,3.5,0.5,NORMAL,nan,False,1,1,FRESH,True,4.19,14.9679,3.89,HOLD,,False,,,0.0,3,False,443.44,430.14,465.61,Near 200DMA — ideal dip entry zone,7,2026-06-18,7.75,True,False,False,False,LOW_ROE(7.8%),0,False,False,False,False,False,False,48.3,6,89.0
SUPREME,SUPREME HOLDINGS,AVOID,0.0,0.0,CAUTION,3.5,0.5,RESTRICTED,nan,False,0,0,EXPIRED,False,-31.86,2.1743,5.72,HOLD,,False,,,0.0,2,False,66.9,44.22,68.24,Below 200DMA — enter on recovery above 200DMA,7,2026-06-18,1.85,True,False,False,False,LOW_ROE(1.9%),0,True,True,False,False,False,False,48.3,6,89.0
SUPREMEENG,SUPREME ENGG.,AVOID,0.0,0.0,CAUTION,3.5,0.5,ILLIQUID,nan,False,1,1,EXPIRED,True,19.93,0.0564,5.37,HOLD,,False,,,0.0,4,False,1.05,1.15,1.23,Extended — wait for ATR pullback,7,2026-06-18,,False,False,False,False,,0,False,False,False,False,False,False,48.3,6,89.0
SUPREMEINF,SUPREME INFRA.,AVOID,0.0,0.0,CAUTION,3.5,0.5,RESTRICTED,nan,False,0,0,EXPIRED,False,-11.13,5.7207,8.91,HOLD,,False,,,0.0,3,False,86.65,74.7,88.38,Below 200DMA — enter on recovery above 200DMA,7,2026-06-18,,False,False,False,False,,0,False,False,False,False,False,False,48.3,6,89.0
SURAJLTD,SURAJ,AVOID,0.0,0.0,CAUTION,3.5,0.5,ILLIQUID,nan,False,0,0,EXPIRED,False,-11.08,8.9043,4.65,HOLD,,False,,,0.0,2,False,258.66,223.1,263.83,Below 200DMA — enter on recovery above 200DMA,7,2026-06-18,10.0,True,False,False,False,LOW_ROE(10.0%),0,False,False,False,False,False,False,48.3,6,89.0
SURAKSHA,SURAKSHA DIAGNO.,AVOID,0.0,0.0,CAUTION,3.5,0.5,NORMAL,nan,False,0,0,FRESH,False,-7.04,12.2679,5.54,HOLD,,False,,,0.0,3,False,285.65,257.58,291.36,Below 200DMA — enter on recovery above 200DMA,7,2026-06-18,15.07,False,False,False,False,,0,False,False,False,False,False,False,48.3,6,89.0
SURANASOL,SURANA SOLAR,AVOID,0.0,0.0,CAUTION,3.5,0.5,ILLIQUID,nan,False,1,1,FRESH,True,-0.61,1.0457,4.59,HOLD,,False,,,0.0,3,False,27.49,26.5,28.04,Below 200DMA — enter on recovery above 200DMA,7,2026-06-18,-0.09,True,True,False,False,LOW_ROE(-0.1%) | HIGH_PE(556x vs ind 31x),0,True,True,False,False,False,False,48.3,6,89.0
SURANAT&P,SURANA TELECOM,AVOID,0.0,0.0,CAUTION,3.5,0.5,ILLIQUID,nan,False,1,1,EXPIRED,True,-3.97,0.755,4.83,HOLD,,False,,,0.0,4,False,19.51,18.18,19.9,Below 200DMA — enter on recovery above 200DMA,7,2026-06-18,14.99,False,False,False,False,,0,True,True,False,False,False,False,48.3,6,89.0
SURANI,SURANI STEEL TUB,AVOID,0.0,0.0,CAUTION,3.5,0.5,ILLIQUID,nan,False,0,0,EXPIRED,False,31.86,5.1571,5.36,PARTIAL_EXIT,EXTENDED: 7.1× ATR above 200DMA,False,,,0.0,2,False,87.48,105.04,112.77,Extended — wait for ATR pullback,7,2026-06-18,0.4,True,True,False,False,LOW_ROE(0.4%) | HIGH_PE(448x vs ind 23x),0,False,False,False,False,False,False,48.3,6,89.0
SURYALA,NAN,AVOID,0.0,0.0,CAUTION,3.5,0.5,RESTRICTED,nan,False,1,1,FRESH,True,13.13,27.5107,7.43,HOLD,,False,,,0.0,4,False,392.78,381.0,412.42,Near 200DMA — ideal dip entry zone,7,2026-06-18,,False,False,False,False,,0,False,False,False,False,False,False,48.3,6,89.0
SURYALAXMI,SURYALAK. COTT.,AVOID,0.0,0.0,CAUTION,3.5,0.5,ILLIQUID,nan,False,1,1,EXPIRED,True,1.61,2.6771,5.37,HOLD,,False,,,0.0,3,False,58.87,57.1,61.81,Near 200DMA — ideal dip entry zone,7,2026-06-18,1.35,True,False,False,False,LOW_ROE(1.4%),0,False,False,False,False,False,False,48.3,6,89.0
SUTLEJTEX,SUTLEJ TEXTILES,AVOID,0.0,0.0,CAUTION,3.5,0.5,ILLIQUID,nan,False,1,1,EXPIRED,True,11.04,1.9079,6.13,HOLD,,False,,,0.0,3,False,33.63,32.62,35.31,Near 200DMA — ideal dip entry zone,7,2026-06-18,-7.64,True,False,False,False,LOW_ROE(-7.6%),0,False,False,False,False,False,False,48.3,6,89.0
SUVEN,SUVEN LIFE SCIE.,AVOID,0.0,0.0,CAUTION,3.5,0.5,NORMAL,nan,False,1,1,EXPIRED,True,39.17,18.9707,8.66,PARTIAL_EXIT,EXTENDED: 5.4× ATR above 200DMA,False,,,0.0,3,False,188.8,224.81,253.26,Extended — wait for ATR pullback,7,2026-06-18,-146.15,True,False,False,False,LOW_ROE(-146.2%),0,True,True,False,False,False,False,48.3,6,89.0
SUVIDHAA,SUVIDHAA INFO.,AVOID,0.0,0.0,CAUTION,3.5,0.5,ILLIQUID,nan,False,0,0,EXPIRED,False,-18.98,0.14,6.15,HOLD,,False,,,0.0,2,False,3.37,2.65,3.44,Below 200DMA — enter on recovery above 200DMA,7,2026-06-18,-44.25,True,False,False,False,LOW_ROE(-44.2%),0,True,True,False,False,False,False,48.3,6,89.0
SUYOG,SUYOG TELEMATICS,AVOID,0.0,0.0,CAUTION,3.5,0.5,NORMAL,nan,False,1,1,EXPIRED,True,12.22,41.9786,6.36,HOLD,,False,,,0.0,3,False,705.92,684.74,741.22,Near 200DMA — ideal dip entry zone,7,2026-06-18,10.13,True,False,False,False,LOW_ROE(10.1%),0,False,False,False,False,False,False,48.3,6,89.0
SVLL,SHREE VASU LOGIS,AVOID,0.0,0.0,CAUTION,3.5,0.5,NORMAL,nan,False,1,1,EXPIRED,True,6.4,68.2821,11.54,HOLD,,False,,,0.0,3,False,667.57,647.54,700.95,Near 200DMA — ideal dip entry zone,7,2026-06-18,6.38,True,True,False,False,LOW_ROE(6.4%) | HIGH_PE(143x vs ind 18x),0,False,False,False,False,False,False,48.3,6,89.0
SVPGLOB,SVP GLOBAL,AVOID,0.0,0.0,CAUTION,3.5,0.5,ILLIQUID,nan,False,1,1,EXPIRED,True,9.17,0.2557,7.77,HOLD,,False,,,0.0,4,False,3.62,3.51,3.8,Near 200DMA — ideal dip entry zone,7,2026-06-18,,False,False,False,False,,0,False,False,False,False,False,False,48.3,6,89.0
SWANDEF,SWAN DEFENCE,AVOID,0.0,0.0,CAUTION,3.5,0.5,NORMAL,nan,False,1,1,AGING,True,44.02,96.3214,5.62,PARTIAL_EXIT,PROFIT_ZONE: +44% above 200DMA | EXTENDED: 9.4× ATR above 200DMA,False,,,0.0,3,False,1427.03,1862.56,2007.04,Extended — wait for ATR pullback,7,2026-06-18,-61.24,True,False,False,False,LOW_ROE(-61.2%),0,False,False,False,False,False,False,48.3,6,89.0
SUNREST,SUNREST LIFESCIE,AVOID,0.0,0.0,CAUTION,3.5,0.5,ILLIQUID,nan,False,0,0,EXPIRED,False,-17.68,0.5929,2.1,HOLD,,False,,,0.0,3,False,41.18,32.88,42.0,Below 200DMA — enter on recovery above 200DMA,7,2026-06-18,12.29,False,False,False,False,,0,False,False,False,False,False,False,48.3,6,89.0
SUNFLAG,SUNFLAG IRON,AVOID,0.0,0.0,CAUTION,3.5,0.5,NORMAL,nan,False,1,1,EXPIRED,True,33.11,23.3857,7.69,PARTIAL_EXIT,EXTENDED: 5.2× ATR above 200DMA,False,,,0.0,3,False,274.21,318.23,353.31,Extended — wait for ATR pullback,7,2026-06-18,1.85,True,False,False,False,LOW_ROE(1.9%),0,True,True,False,False,False,False,48.3,6,89.0
STEL,STEL HOLDINGS,AVOID,0.0,0.0,CAUTION,3.5,0.5,NORMAL,nan,False,1,1,EXPIRED,True,23.36,32.8607,6.77,PARTIAL_EXIT,EXTENDED: 4.1× ATR above 200DMA,False,,,0.0,3,False,472.28,516.88,566.17,Extended — wait for ATR pullback,7,2026-06-18,0.91,True,False,False,False,LOW_ROE(0.9%),0,True,True,False,False,False,False,48.3,6,89.0
STLTECH,STERLITE TECH.,AVOID,0.0,0.0,CAUTION,3.5,0.5,NORMAL,nan,False,1,1,EXPIRED,True,211.72,37.4929,7.3,EXIT,PROFIT_ZONE: +212% above 200DMA | EXTENDED: 34.8× ATR above 200DMA,False,,,0.0,3,False,197.81,541.61,597.85,Extended — wait for ATR pullback,7,2026-06-18,-6.18,True,True,False,False,LOW_ROE(-6.2%) | HIGH_PE(2732x vs ind 45x),0,False,False,False,False,False,False,48.3,6,89.0
STOVEKRAFT,STOVE KRAFT,AVOID,0.0,0.0,CAUTION,3.5,0.5,NORMAL,nan,False,1,1,FRESH,True,13.68,28.525,5.11,HOLD,,False,,,0.0,3,False,589.29,571.61,618.75,Near 200DMA — ideal dip entry zone,7,2026-06-18,8.18,True,False,False,False,LOW_ROE(8.2%),0,False,False,False,False,False,False,48.3,6,89.0
STYLAMIND,STYLAM INDUSTRIE,AVOID,0.0,0.0,CAUTION,3.5,0.5,NORMAL,nan,False,1,1,EXPIRED,True,49.61,116.8071,4.26,PARTIAL_EXIT,PROFIT_ZONE: +50% above 200DMA | EXTENDED: 14.0× ATR above 200DMA,False,,,0.0,4,False,2201.66,3060.29,3235.5,Extended — wait for ATR pullback,7,2026-06-18,18.54,False,False,False,False,,0,True,True,False,False,False,False,48.3,6,89.0
STYRENIX,STYRENIX PERFOR.,AVOID,0.0,0.0,CAUTION,3.5,0.5,NORMAL,nan,False,0,0,FRESH,False,2.86,59.3428,3.21,HOLD,,False,,,0.0,3,False,2153.95,2089.33,2261.65,Near 200DMA — ideal dip entry zone,7,2026-06-18,20.14,False,False,False,False,,0,False,False,False,False,False,False,48.3,6,89.0
SUBEXLTD,SUBEX,AVOID,0.0,0.0,CAUTION,3.5,0.5,NORMAL,nan,False,1,1,FRESH,True,9.66,0.6307,6.3,HOLD,,False,,,0.0,3,False,10.95,10.62,11.5,Near 200DMA — ideal dip entry zone,7,2026-06-18,-10.33,True,True,False,False,LOW_ROE(-10.3%) | HIGH_PE(413x vs ind 23x),0,True,True,False,False,False,False,48.3,6,89.0
STEELCITY,STEEL CITY SEC.,AVOID,0.0,0.0,CAUTION,3.5,0.5,ILLIQUID,nan,False,0,0,EXPIRED,False,-10.18,2.2287,3.4,HOLD,,False,,,0.0,3,False,87.55,76.28,89.3,Below 200DMA — enter on recovery above 200DMA,7,2026-06-18,13.24,False,False,False,False,,0,True,True,False,False,False,False,48.3,6,89.0
SUBROS,SUBROS,AVOID,0.0,0.0,CAUTION,3.5,0.5,NORMAL,nan,False,0,0,FRESH,False,-13.83,24.0357,3.95,HOLD,,False,,,0.0,3,False,847.89,708.73,864.85,Below 200DMA — enter on recovery above 200DMA,7,2026-06-18,13.76,False,False,False,False,,0,True,True,False,False,False,False,48.3,6,89.0
SUDARSCHEM,SUDARSHAN CHEM.,AVOID,0.0,0.0,CAUTION,3.5,0.5,NORMAL,nan,False,1,1,FRESH,True,-11.7,36.7857,4.91,HOLD,,False,,,0.0,3,False,1017.64,871.59,1037.99,Below 200DMA — enter on recovery above 200DMA,7,2026-06-18,1.62,True,False,False,False,LOW_ROE(1.6%),0,False,False,False,False,False,False,48.3,6,89.0
SUKHJITS,SUKHJIT STARCH,AVOID,0.0,0.0,CAUTION,3.5,0.5,RESTRICTED,nan,False,0,0,EXPIRED,False,-0.09,8.4186,5.93,HOLD,,False,,,0.0,2,False,170.47,165.2,173.88,Below 200DMA — enter on recovery above 200DMA,7,2026-06-18,7.36,True,False,False,False,LOW_ROE(7.4%),0,False,False,False,False,False,False,48.3,6,89.0
SUMIT,SUMIT WOODS,AVOID,0.0,0.0,CAUTION,3.5,0.5,RESTRICTED,nan,False,0,0,EXPIRED,False,-33.33,2.1657,6.12,HOLD,,False,,,0.0,2,False,63.66,41.17,64.93,Below 200DMA — enter on recovery above 200DMA,7,2026-06-18,7.19,True,False,False,False,LOW_ROE(7.2%),0,False,False,False,False,False,False,48.3,6,89.0
SUMMITSEC,SUMMIT SECURITIE,AVOID,0.0,0.0,CAUTION,3.5,0.5,RESTRICTED,nan,False,0,0,EXPIRED,False,-16.8,49.3429,3.83,HOLD,,False,,,0.0,2,False,1858.4,1499.72,1895.57,Below 200DMA — enter on recovery above 200DMA,7,2026-06-18,0.7,True,False,False,False,LOW_ROE(0.7%),0,True,True,False,False,False,False,48.3,6,89.0
SUNCLAY,SUNDARAM CLAYTON,AVOID,0.0,0.0,CAUTION,3.5,0.5,RESTRICTED,nan,False,0,0,AGING,False,-4.54,50.1786,4.54,HOLD,,False,,,0.0,2,False,1388.37,1285.64,1416.14,Below 200DMA — enter on recovery above 200DMA,7,2026-06-18,-1.1,True,False,False,False,LOW_ROE(-1.1%),0,False,False,False,False,False,False,48.3,6,89.0
SUNDARAM,SUNDARAM MULTI.,AVOID,0.0,0.0,CAUTION,3.5,0.5,ILLIQUID,nan,False,0,0,EXPIRED,False,-17.87,0.0507,4.51,HOLD,,False,,,0.0,2,False,1.64,1.31,1.67,Below 200DMA — enter on recovery above 200DMA,7,2026-06-18,-5.85,True,False,False,False,LOW_ROE(-5.8%),0,False,False,False,False,False,False,48.3,6,89.0
SUNDRMBRAK,SUNDARAM BRAKE,AVOID,0.0,0.0,CAUTION,3.5,0.5,RESTRICTED,nan,False,1,1,EXPIRED,True,7.81,31.3929,5.17,HOLD,,False,,,0.0,3,False,676.12,655.84,709.93,Near 200DMA — ideal dip entry zone,7,2026-06-18,5.21,True,False,False,False,LOW_ROE(5.2%),0,False,False,False,False,False,False,48.3,6,89.0
SUNDROP,SUNDROP BRANDS,AVOID,0.0,0.0,CAUTION,3.5,0.5,RESTRICTED,nan,False,1,1,EXPIRED,True,-5.2,23.4893,4.23,HOLD,,False,,,0.0,3,False,702.17,645.68,716.21,Below 200DMA — enter on recovery above 200DMA,7,2026-06-18,-7.64,True,False,False,False,LOW_ROE(-7.6%),0,True,True,False,False,False,False,48.3,6,89.0
SUDARCOLOR,SUDARSHAN COLORANTS,AVOID,0.0,0.0,CAUTION,3.5,0.5,RESTRICTED,nan,False,1,1,FRESH,True,-15.85,13.6643,4.55,HOLD,,False,,,0.0,3,False,428.52,349.78,437.09,Below 200DMA — enter on recovery above 200DMA,7,2026-06-18,9.83,True,False,False,False,LOW_ROE(9.8%),0,True,True,False,False,False,False,48.3,6,89.0
SONAMLTD,SONAM,AVOID,0.0,0.0,CAUTION,3.5,0.5,RESTRICTED,nan,False,1,1,EXPIRED,True,17.28,3.165,6.88,HOLD,,False,,,0.0,3,False,47.09,48.9,53.65,Extended — wait for ATR pullback,7,2026-06-18,10.05,True,False,False,False,LOW_ROE(10.1%),0,False,False,False,False,False,False,48.3,6,89.0
SONUINFRA,SONU INFRATECH,AVOID,0.0,0.0,CAUTION,3.5,0.5,ILLIQUID,nan,False,0,0,EXPIRED,False,-41.91,1.55,4.23,HOLD,,False,,,0.0,3,False,75.75,42.68,77.27,Below 200DMA — enter on recovery above 200DMA,7,2026-06-18,18.55,False,False,False,False,,0,False,False,False,False,False,False,48.3,6,89.0
SOTL,SAVITA OIL TECH,AVOID,0.0,0.0,CAUTION,3.5,0.5,NORMAL,nan,False,1,1,EXPIRED,True,57.37,42.9964,8.45,EXIT,PROFIT_ZONE: +57% above 200DMA | EXTENDED: 8.1× ATR above 200DMA,False,,,0.0,3,False,388.06,524.71,589.2,Extended — wait for ATR pullback,7,2026-06-18,6.81,True,False,False,False,LOW_ROE(6.8%),0,True,True,False,False,False,False,48.3,6,89.0
SPCENET,SPACENET ENTERPR,AVOID,0.0,0.0,CAUTION,3.5,0.5,RESTRICTED,nan,False,0,0,EXPIRED,False,-45.4,0.2241,8.25,HOLD,,False,,,0.0,2,False,5.97,3.16,6.09,Below 200DMA — enter on recovery above 200DMA,7,2026-06-18,7.88,True,False,False,False,LOW_ROE(7.9%),0,True,True,False,False,False,False,48.3,6,89.0
SPCL,SHIVALIC POWER,AVOID,0.0,0.0,CAUTION,3.5,0.5,ILLIQUID,nan,False,0,0,EXPIRED,False,-18.42,3.2393,5.44,HOLD,,False,,,0.0,2,False,87.58,69.31,89.33,Below 200DMA — enter on recovery above 200DMA,7,2026-06-18,11.0,True,False,False,False,LOW_ROE(11.0%),0,False,False,False,False,False,False,48.3,6,89.0
SPECIALITY,SPECIALITY REST.,AVOID,0.0,0.0,CAUTION,3.5,0.5,RESTRICTED,nan,False,1,1,FRESH,True,-5.28,4.4486,4.93,HOLD,,False,,,0.0,3,False,114.4,105.11,116.69,Below 200DMA — enter on recovery above 200DMA,7,2026-06-18,6.64,True,False,False,False,LOW_ROE(6.6%),0,False,False,False,False,False,False,48.3,6,89.0
SPECTSTM,SPECTRUM TALENT,AVOID,0.0,0.0,CAUTION,3.5,0.5,ILLIQUID,nan,False,0,0,EXPIRED,False,-29.43,3.0679,6.45,HOLD,,False,,,0.0,2,False,80.85,55.34,82.47,Below 200DMA — enter on recovery above 200DMA,7,2026-06-18,4.54,True,False,False,False,LOW_ROE(4.5%),0,False,False,False,False,False,False,48.3,6,89.0
SPENCERS,SPENCER'S RETAIL,AVOID,0.0,0.0,CAUTION,3.5,0.5,ILLIQUID,nan,False,1,1,EXPIRED,True,-10.58,1.565,5.08,HOLD,,False,,,0.0,4,False,41.38,35.89,42.21,Below 200DMA — enter on recovery above 200DMA,7,2026-06-18,,False,False,False,False,,0,False,False,False,False,False,False,48.3,6,89.0
SPIC,S P I C,AVOID,0.0,0.0,CAUTION,3.5,0.5,NORMAL,nan,False,1,1,FRESH,True,-10.45,2.6829,4.53,HOLD,,False,,,0.0,4,False,79.3,68.88,80.89,Below 200DMA — enter on recovery above 200DMA,7,2026-06-18,12.98,False,False,False,False,,0,False,False,False,False,False,False,48.3,6,89.0
SONAMAC,SONA MACHINERY,AVOID,0.0,0.0,CAUTION,3.5,0.5,ILLIQUID,nan,False,0,0,EXPIRED,False,-32.2,2.1214,7.48,HOLD,,False,,,0.0,2,False,50.22,33.03,51.22,Below 200DMA — enter on recovery above 200DMA,7,2026-06-18,5.56,True,False,False,False,LOW_ROE(5.6%),0,False,False,False,False,False,False,48.3,6,89.0
SONAL,NAN,AVOID,0.0,0.0,CAUTION,3.5,0.5,ILLIQUID,nan,False,0,0,EXPIRED,False,-2.66,1.7564,2.32,HOLD,,False,,,0.0,3,False,93.38,88.17,95.25,Below 200DMA — enter on recovery above 200DMA,7,2026-06-18,,False,False,False,False,,0,False,False,False,False,False,False,48.3,6,89.0
SOMICONVEY,SOMI CONV.BELT.,AVOID,0.0,0.0,CAUTION,3.5,0.5,ILLIQUID,nan,False,0,0,FRESH,False,-17.39,3.2093,3.85,HOLD,,False,,,0.0,2,False,121.02,96.98,123.44,Below 200DMA — enter on recovery above 200DMA,7,2026-06-18,7.17,True,False,False,False,LOW_ROE(7.2%),0,False,False,False,False,False,False,48.3,6,89.0
SOMATEX,SOMA TEXTILES,AVOID,0.0,0.0,CAUTION,3.5,0.5,ILLIQUID,nan,False,0,0,EXPIRED,False,-8.32,6.8543,8.46,HOLD,,False,,,0.0,3,False,106.03,94.29,108.15,Below 200DMA — enter on recovery above 200DMA,7,2026-06-18,43.89,False,True,False,False,HIGH_PE(60x vs ind 16x),0,True,True,False,False,False,False,48.3,6,89.0
SMARTWORKS,SMARTWORKS COWOR,AVOID,0.0,0.0,CAUTION,3.5,0.5,NORMAL,nan,False,1,1,FRESH,True,-1.03,17.4464,4.45,HOLD,,False,,,0.0,3,False,475.7,456.68,485.21,Below 200DMA — enter on recovery above 200DMA,7,2026-06-18,-58.56,True,False,False,False,LOW_ROE(-58.6%),0,False,False,False,False,False,False,48.3,6,89.0
SMCGLOBAL,SMC GLOBAL SEC.,AVOID,0.0,0.0,CAUTION,3.5,0.5,NORMAL,nan,False,1,1,FRESH,True,4.6,3.2497,5.34,HOLD,,False,,,0.0,3,False,69.8,67.71,73.29,Near 200DMA — ideal dip entry zone,7,2026-06-18,11.97,True,False,False,False,LOW_ROE(12.0%),0,False,False,False,False,False,False,48.3,6,89.0
SMLT,SARTHAK METALS,AVOID,0.0,0.0,CAUTION,3.5,0.5,ILLIQUID,nan,False,0,0,AGING,False,-15.76,3.095,5.22,HOLD,,False,,,0.0,2,False,84.48,69.03,86.17,Below 200DMA — enter on recovery above 200DMA,7,2026-06-18,3.14,True,False,False,False,LOW_ROE(3.1%),0,True,True,False,False,False,False,48.3,6,89.0
SOBHA,SOBHA,AVOID,0.0,0.0,CAUTION,3.5,0.5,NORMAL,nan,False,1,1,AGING,True,-2.39,44.6,3.78,HOLD,,False,,,0.0,3,False,1449.81,1372.74,1478.81,Below 200DMA — enter on recovery above 200DMA,7,2026-06-18,2.08,True,True,False,False,LOW_ROE(2.1%) | HIGH_PE(95x vs ind 24x),0,False,False,False,False,False,False,48.3,6,89.0
SOFTTECH,SOFTTECH ENGINEE,AVOID,0.0,0.0,CAUTION,3.5,0.5,ILLIQUID,nan,False,1,1,FRESH,True,19.84,11.6357,3.4,HOLD,,False,,,0.0,3,False,342.46,387.13,404.58,Extended — wait for ATR pullback,7,2026-06-18,0.78,True,True,False,False,LOW_ROE(0.8%) | HIGH_PE(137x vs ind 23x),0,False,False,False,False,False,False,48.3,6,89.0
SOLARA,SOLARA ACTIVE,AVOID,0.0,0.0,CAUTION,3.5,0.5,NORMAL,nan,False,1,1,EXPIRED,True,6.39,32.3893,6.68,HOLD,,False,,,0.0,3,False,546.52,530.12,573.85,Near 200DMA — ideal dip entry zone,7,2026-06-18,0.05,True,False,False,False,LOW_ROE(0.1%),0,False,False,False,False,False,False,48.3,6,89.0
SOMANYCERA,SOMANY CERAMICS,AVOID,0.0,0.0,CAUTION,3.5,0.5,NORMAL,nan,False,1,1,FRESH,True,20.12,23.8286,5.48,PARTIAL_EXIT,EXTENDED: 4.4× ATR above 200DMA,False,,,0.0,3,False,434.22,473.94,509.69,Extended — wait for ATR pullback,7,2026-06-18,7.78,True,False,False,False,LOW_ROE(7.8%),0,False,False,False,False,False,False,48.3,6,89.0
SMARTLINK,SMARTLINK HOLD.,AVOID,0.0,0.0,CAUTION,3.5,0.5,ILLIQUID,nan,False,1,1,EXPIRED,True,20.7,7.4914,5.45,PARTIAL_EXIT,EXTENDED: 4.6× ATR above 200DMA,False,,,0.0,3,False,136.7,150.02,161.25,Extended — wait for ATR pullback,7,2026-06-18,3.36,True,False,False,False,LOW_ROE(3.4%),0,True,True,False,False,False,False,48.3,6,89.0
TAKE,TAKE SOLUTIONS,AVOID,0.0,0.0,CAUTION,3.5,0.5,RESTRICTED,nan,False,0,0,FRESH,False,-6.64,1.5936,6.45,HOLD,,False,,,0.0,3,False,31.77,28.77,32.41,Below 200DMA — enter on recovery above 200DMA,7,2026-06-18,182.53,False,False,False,False,,0,True,True,False,False,False,False,48.3,6,89.0
TAMBOLIIN,NAN,AVOID,0.0,0.0,CAUTION,3.5,0.5,ILLIQUID,nan,False,1,1,EXPIRED,True,7.3,10.7907,6.98,HOLD,,False,,,0.0,4,False,172.79,167.61,181.43,Near 200DMA — ideal dip entry zone,7,2026-06-18,,False,False,False,False,,0,False,False,False,False,False,False,48.3,6,89.0
TAALTECH,NAN,AVOID,0.0,0.0,CAUTION,3.5,0.5,RESTRICTED,nan,False,1,1,EXPIRED,True,9.22,210.3643,7.46,HOLD,,False,,,0.0,4,False,3096.78,3003.88,3251.62,Near 200DMA — ideal dip entry zone,7,2026-06-18,,False,False,False,False,,0,False,False,False,False,False,False,48.3,6,89.0
SYSTANGO,SYSTANGO TECH,AVOID,0.0,0.0,CAUTION,3.5,0.5,RESTRICTED,nan,False,0,0,EXPIRED,False,-16.71,9.3786,5.16,HOLD,,False,,,0.0,3,False,262.1,211.75,267.34,Below 200DMA — enter on recovery above 200DMA,7,2026-06-18,23.2,False,False,False,False,,0,False,False,False,False,False,False,48.3,6,89.0
SWELECTES,SWELECT ENERGY,AVOID,0.0,0.0,CAUTION,3.5,0.5,NORMAL,nan,False,0,0,FRESH,False,-6.2,27.6286,5.29,HOLD,,False,,,0.0,2,False,667.92,607.7,681.28,Below 200DMA — enter on recovery above 200DMA,7,2026-06-18,1.47,True,False,False,False,LOW_ROE(1.5%),0,False,False,False,False,False,False,48.3,6,89.0
SWIGGY,SWIGGY,AVOID,0.0,0.0,CAUTION,3.5,0.5,NORMAL,nan,False,0,0,FRESH,False,-24.89,10.6714,4.94,HOLD,,False,,,0.0,2,False,345.45,251.67,352.36,Below 200DMA — enter on recovery above 200DMA,7,2026-06-18,-30.5,True,False,False,False,LOW_ROE(-30.5%),0,False,False,False,False,False,False,48.3,6,89.0
SYLVANPLY,SYLVAN PLYBOARD,AVOID,0.0,0.0,CAUTION,3.5,0.5,ILLIQUID,nan,False,0,0,EXPIRED,False,-10.56,0.6107,1.4,HOLD,,False,,,0.0,2,False,58.42,50.68,59.59,Below 200DMA — enter on recovery above 200DMA,7,2026-06-18,5.51,True,False,False,False,LOW_ROE(5.5%),0,False,False,False,False,False,False,48.3,6,89.0
SYNOPTICS,SYNOPTICS TECHNO,AVOID,0.0,0.0,CAUTION,3.5,0.5,ILLIQUID,nan,False,1,1,EXPIRED,True,4.91,3.8607,6.75,HOLD,,False,,,0.0,3,False,65.39,63.43,68.66,Near 200DMA — ideal dip entry zone,7,2026-06-18,5.79,True,False,False,False,LOW_ROE(5.8%),0,False,False,False,False,False,False,48.3,6,89.0
SYSTMTXC,SYSTEMATIX CORP.,AVOID,0.0,0.0,CAUTION,3.5,0.5,RESTRICTED,nan,False,0,0,FRESH,False,-36.13,3.54,6.37,HOLD,,False,,,0.0,3,False,104.44,64.7,106.53,Below 200DMA — enter on recovery above 200DMA,7,2026-06-18,15.26,False,False,False,False,,0,True,True,False,False,False,False,48.3,6,89.0
VISHNUINFR,VISHNUSURYA PRO.,AVOID,0.0,0.0,CAUTION,3.5,0.5,ILLIQUID,nan,False,1,1,EXPIRED,True,2.41,6.0679,4.29,HOLD,,False,,,0.0,4,False,165.65,160.68,173.93,Near 200DMA — ideal dip entry zone,7,2026-06-18,18.58,False,False,False,False,,0,False,False,False,False,False,False,48.3,6,89.0
VISHWARAJ,VISHWARAJ SUGAR,AVOID,0.0,0.0,CAUTION,3.5,0.5,ILLIQUID,nan,False,0,0,EXPIRED,False,-16.28,0.3336,7.15,HOLD,,False,,,0.0,2,False,6.69,5.43,6.82,Below 200DMA — enter on recovery above 200DMA,7,2026-06-18,-13.83,True,False,False,False,LOW_ROE(-13.8%),0,False,False,False,False,False,False,48.3,6,89.0
VISHWAS,VISHWAS AGRI,AVOID,0.0,0.0,CAUTION,3.5,0.5,ILLIQUID,nan,False,1,1,EXPIRED,True,10.98,0.9714,2.26,HOLD,,False,,,0.0,4,False,46.54,45.14,48.87,Near 200DMA — ideal dip entry zone,7,2026-06-18,37.28,False,False,False,False,,0,False,False,False,False,False,False,48.3,6,89.0
VITAL,VITAL CHEMTECH,AVOID,0.0,0.0,CAUTION,3.5,0.5,ILLIQUID,nan,False,0,0,EXPIRED,False,-5.22,3.2007,7.32,HOLD,,False,,,0.0,2,False,55.38,50.92,56.49,Below 200DMA — enter on recovery above 200DMA,7,2026-06-18,3.35,True,False,False,False,LOW_ROE(3.4%),0,False,False,False,False,False,False,48.3,6,89.0
VIVIANA,VIVIANA POWER,AVOID,0.0,0.0,CAUTION,3.5,0.5,NORMAL,nan,False,0,0,EXPIRED,False,-15.31,46.9607,6.91,HOLD,,False,,,0.0,3,False,962.28,790.5,981.53,Below 200DMA — enter on recovery above 200DMA,7,2026-06-18,32.7,False,False,False,False,,0,False,False,False,False,False,False,48.3,6,89.0
VIVIDHA,VISAGAR POLYTEX,AVOID,0.0,0.0,CAUTION,3.5,0.5,ILLIQUID,nan,False,0,0,EXPIRED,False,-19.75,0.0271,6.25,HOLD,,False,,,0.0,2,False,0.65,0.5,0.66,Below 200DMA — enter on recovery above 200DMA,7,2026-06-18,-147.27,True,False,False,False,LOW_ROE(-147.3%),0,False,False,False,False,False,False,48.3,6,89.0
VIVIMEDLAB,VIVIMED LABS.,AVOID,0.0,0.0,CAUTION,3.5,0.5,ILLIQUID,nan,False,0,0,EXPIRED,False,-14.52,0.3971,7.86,HOLD,,False,,,0.0,3,False,7.09,5.88,7.23,Below 200DMA — enter on recovery above 200DMA,7,2026-06-18,,False,False,False,False,,0,False,False,False,False,False,False,48.3,6,89.0
VIVO,VIVO COLLABORAT.,AVOID,0.0,0.0,CAUTION,3.5,0.5,ILLIQUID,nan,False,1,1,EXPIRED,True,3.64,1.6071,2.49,HOLD,,False,,,0.0,3,False,74.78,72.54,78.52,Near 200DMA — ideal dip entry zone,7,2026-06-18,-10.26,True,False,False,False,LOW_ROE(-10.3%),0,False,False,False,False,False,False,48.3,6,89.0
VLEGOV,VL E-GOVERNANCE,AVOID,0.0,0.0,CAUTION,3.5,0.5,ILLIQUID,nan,False,0,0,EXPIRED,False,-31.56,0.6757,6.11,HOLD,,False,,,0.0,2,False,19.4,12.88,19.79,Below 200DMA — enter on recovery above 200DMA,7,2026-06-18,-5508.15,True,False,False,False,LOW_ROE(-5508.1%),0,False,False,False,False,False,False,48.3,6,89.0
VLSFINANCE,VLS FINANCE,AVOID,0.0,0.0,CAUTION,3.5,0.5,RESTRICTED,nan,False,1,1,FRESH,True,-3.49,8.4421,4.25,HOLD,,False,,,0.0,3,False,247.09,231.32,252.03,Below 200DMA — enter on recovery above 200DMA,7,2026-06-18,1.87,True,False,False,False,LOW_ROE(1.9%),0,True,True,False,False,False,False,48.3,6,89.0
VMSTMT,VMS TMT,AVOID,0.0,0.0,CAUTION,3.5,0.5,ILLIQUID,nan,False,0,0,EXPIRED,False,-14.48,1.4821,3.86,HOLD,,False,,,0.0,3,False,53.81,44.64,54.89,Below 200DMA — enter on recovery above 200DMA,7,2026-06-18,20.14,False,False,False,False,,0,False,False,False,False,False,False,48.3,6,89.0
VR,V R INFRASPACE,AVOID,0.0,0.0,CAUTION,3.5,0.5,ILLIQUID,nan,False,0,0,EXPIRED,False,-24.57,1.2571,1.2,HOLD,,False,,,0.0,2,False,166.19,121.59,169.51,Below 200DMA — enter on recovery above 200DMA,7,2026-06-18,5.55,True,True,False,False,LOW_ROE(5.5%) | HIGH_PE(71x vs ind 24x),0,False,False,False,False,False,False,48.3,6,89.0
VRAJ,VRAJ IRON,AVOID,0.0,0.0,CAUTION,3.5,0.5,RESTRICTED,nan,False,0,0,EXPIRED,False,-7.35,5.1279,5.05,HOLD,,False,,,0.0,2,False,131.54,118.21,134.17,Below 200DMA — enter on recovery above 200DMA,7,2026-06-18,11.11,True,False,False,False,LOW_ROE(11.1%),0,True,True,False,False,False,False,48.3,6,89.0
VSCL,VADIVARHE SPECI.,AVOID,0.0,0.0,CAUTION,3.5,0.5,ILLIQUID,nan,False,1,1,EXPIRED,True,15.29,0.2893,1.29,HOLD,,False,,,0.0,4,False,23.42,26.42,26.86,Extended — wait for ATR pullback,7,2026-06-18,,False,False,False,False,,0,False,False,False,False,False,False,48.3,6,89.0
VSSL,VARDHMAN SPECIAL,AVOID,0.0,0.0,CAUTION,3.5,0.5,NORMAL,nan,False,1,1,EXPIRED,True,7.18,9.8464,4.09,HOLD,,False,,,0.0,3,False,269.36,261.28,282.83,Near 200DMA — ideal dip entry zone,7,2026-06-18,11.67,True,False,False,False,LOW_ROE(11.7%),0,True,True,False,False,False,False,48.3,6,89.0
VSTL,VIBHOR STEEL,AVOID,0.0,0.0,CAUTION,3.5,0.5,ILLIQUID,nan,False,0,0,EXPIRED,False,-7.49,4.0136,3.98,HOLD,,False,,,0.0,2,False,130.7,117.28,133.31,Below 200DMA — enter on recovery above 200DMA,7,2026-06-18,6.26,True,False,False,False,LOW_ROE(6.3%),0,False,False,False,False,False,False,48.3,6,89.0
VSTTILLERS,VST TILL. TRACT.,AVOID,0.0,0.0,CAUTION,3.5,0.5,NORMAL,nan,False,0,0,EXPIRED,False,-15.8,156.2214,4.13,HOLD,,False,,,0.0,2,False,5396.32,4407.29,5504.25,Below 200DMA — enter on recovery above 200DMA,7,2026-06-18,9.28,True,False,False,False,LOW_ROE(9.3%),0,True,True,False,False,False,False,48.3,6,89.0
WAAREEINDO,INDOSOLAR,AVOID,0.0,0.0,CAUTION,3.5,0.5,NORMAL,nan,False,0,0,FRESH,False,-14.76,19.15,5.79,HOLD,,False,,,0.0,3,False,465.76,385.09,475.08,Below 200DMA — enter on recovery above 200DMA,7,2026-06-18,135.55,False,False,False,False,,0,True,True,False,False,False,False,48.3,6,89.0
WANBURY,WANBURY,AVOID,0.0,0.0,CAUTION,3.5,0.5,NORMAL,nan,False,1,1,EXPIRED,True,8.05,17.7536,7.95,HOLD,,False,,,0.0,4,False,247.98,240.54,260.38,Near 200DMA — ideal dip entry zone,7,2026-06-18,51.51,False,False,False,False,,0,False,False,False,False,False,False,48.3,6,89.0
WTICAB,WISE TRAVEL,AVOID,0.0,0.0,CAUTION,3.5,0.5,RESTRICTED,nan,False,1,1,EXPIRED,True,-14.57,7.4571,8.06,HOLD,,False,,,0.0,4,False,129.93,107.67,132.53,Below 200DMA — enter on recovery above 200DMA,7,2026-06-18,13.58,False,False,False,False,,0,False,False,False,False,False,False,48.3,6,89.0
XELPMOC,XELPMOC DESIGN,AVOID,0.0,0.0,CAUTION,3.5,0.5,RESTRICTED,nan,False,0,0,EXPIRED,False,-24.98,5.9664,8.3,HOLD,,False,,,0.0,2,False,114.99,83.67,117.29,Below 200DMA — enter on recovery above 200DMA,7,2026-06-18,-12.62,True,False,False,False,LOW_ROE(-12.6%),0,True,True,False,False,False,False,48.3,6,89.0
XPROINDIA,XPRO INDIA,AVOID,0.0,0.0,CAUTION,3.5,0.5,NORMAL,nan,False,1,1,FRESH,True,30.28,81.6143,7.18,PARTIAL_EXIT,EXTENDED: 5.1× ATR above 200DMA,False,,,0.0,3,False,1046.98,1200.77,1323.19,Extended — wait for ATR pullback,7,2026-06-18,6.23,True,True,False,False,LOW_ROE(6.2%) | HIGH_PE(177x vs ind 23x),0,False,False,False,False,False,False,48.3,6,89.0
XTGLOBAL,XT GLOBAL INFOT.,AVOID,0.0,0.0,CAUTION,3.5,0.5,ILLIQUID,nan,False,0,0,EXPIRED,False,-14.43,1.4564,6.02,HOLD,,False,,,0.0,2,False,33.94,28.17,34.62,Below 200DMA — enter on recovery above 200DMA,7,2026-06-18,5.43,True,False,False,False,LOW_ROE(5.4%),0,False,False,False,False,False,False,48.3,6,89.0
YASHO,YASHO INDUSTRIES,AVOID,0.0,0.0,CAUTION,3.5,0.5,NORMAL,nan,False,1,1,FRESH,True,71.32,186.6071,8.07,EXIT,PROFIT_ZONE: +71% above 200DMA | EXTENDED: 10.6× ATR above 200DMA,False,,,0.0,3,False,1619.8,2401.89,2681.8,Extended — wait for ATR pullback,7,2026-06-18,1.45,True,True,False,False,LOW_ROE(1.4%) | HIGH_PE(95x vs ind 25x),0,False,False,False,False,False,False,48.3,6,89.0
YASHOPTICS,YASH OPTICS,AVOID,0.0,0.0,CAUTION,3.5,0.5,ILLIQUID,nan,False,1,1,EXPIRED,True,2.38,3.1964,3.04,HOLD,,False,,,0.0,4,False,123.07,119.38,129.22,Near 200DMA — ideal dip entry zone,7,2026-06-18,42.2,False,False,False,False,,0,False,False,False,False,False,False,48.3,6,89.0
YCCL,YASONS CHEMEX,AVOID,0.0,0.0,CAUTION,3.5,0.5,ILLIQUID,nan,False,1,1,EXPIRED,True,-11.34,0.6179,7.34,HOLD,,False,,,0.0,4,False,11.39,9.8,11.62,Below 200DMA — enter on recovery above 200DMA,7,2026-06-18,16.56,False,False,False,False,,0,False,False,False,False,False,False,48.3,6,89.0
YUDIZ,YUDIZ SOLUTIONS,AVOID,0.0,0.0,CAUTION,3.5,0.5,ILLIQUID,nan,False,0,0,EXPIRED,False,-15.25,0.8929,4.39,HOLD,,False,,,0.0,2,False,28.79,23.67,29.37,Below 200DMA — enter on recovery above 200DMA,7,2026-06-18,-2.42,True,False,False,False,LOW_ROE(-2.4%),0,False,False,False,False,False,False,48.3,6,89.0
YUKEN,YUKEN INDIA,AVOID,0.0,0.0,CAUTION,3.5,0.5,RESTRICTED,nan,False,0,0,EXPIRED,False,-15.02,22.8143,3.95,HOLD,,False,,,0.0,2,False,816.14,672.74,832.46,Below 200DMA — enter on recovery above 200DMA,7,2026-06-18,8.18,True,False,False,False,LOW_ROE(8.2%),0,False,False,False,False,False,False,48.3,6,89.0
ZEAL,ZEAL GLOBAL SERV,AVOID,0.0,0.0,CAUTION,3.5,0.5,ILLIQUID,nan,False,0,0,EXPIRED,False,-25.04,1.3214,2.36,HOLD,,False,,,0.0,3,False,89.51,65.09,91.3,Below 200DMA — enter on recovery above 200DMA,7,2026-06-18,17.98,False,False,False,False,,0,False,False,False,False,False,False,48.3,6,89.0
ZEEL,ZEE ENTERTAINMEN,AVOID,0.0,0.0,CAUTION,3.5,0.5,NORMAL,nan,False,1,1,FRESH,True,15.81,6.9,7.53,HOLD,,False,,,0.0,3,False,94.96,96.17,106.52,Extended — wait for ATR pullback,7,2026-06-18,5.89,True,False,False,False,LOW_ROE(5.9%),0,True,True,False,False,False,False,48.3,6,89.0
ZEELEARN,ZEE LEARN,AVOID,0.0,0.0,CAUTION,3.5,0.5,NORMAL,nan,False,1,1,EXPIRED,True,14.4,0.5429,8.14,HOLD,,False,,,0.0,3,False,6.99,6.78,7.34,Near 200DMA — ideal dip entry zone,7,2026-06-18,6.49,True,False,False,False,LOW_ROE(6.5%),0,False,False,False,False,False,False,48.3,6,89.0
ZEEMEDIA,ZEE MEDIA,AVOID,0.0,0.0,CAUTION,3.5,0.5,NORMAL,nan,False,1,1,EXPIRED,True,-9.22,0.445,6.37,HOLD,,False,,,0.0,3,False,9.23,8.13,9.41,Below 200DMA — enter on recovery above 200DMA,7,2026-06-18,-54.1,True,False,False,False,LOW_ROE(-54.1%),0,False,False,False,False,False,False,48.3,6,89.0
ZENITHDRUG,ZENITH DRUGS,AVOID,0.0,0.0,CAUTION,3.5,0.5,ILLIQUID,nan,False,0,0,EXPIRED,False,-19.51,2.825,8.14,HOLD,,False,,,0.0,2,False,51.74,40.4,52.77,Below 200DMA — enter on recovery above 200DMA,7,2026-06-18,10.32,True,False,False,False,LOW_ROE(10.3%),0,False,False,False,False,False,False,48.3,6,89.0
ZENITHEXPO,ZENITH EXPORTS,AVOID,0.0,0.0,CAUTION,3.5,0.5,ILLIQUID,nan,False,1,1,EXPIRED,True,-3.77,10.6457,5.96,HOLD,,False,,,0.0,3,False,222.65,207.82,227.1,Below 200DMA — enter on recovery above 200DMA,7,2026-06-18,2.09,True,False,False,False,LOW_ROE(2.1%),0,True,True,False,False,False,False,48.3,6,89.0
ZENITHSTL,ZENITH STEEL,AVOID,0.0,0.0,CAUTION,3.5,0.5,ILLIQUID,nan,False,0,0,EXPIRED,False,-11.7,0.4286,8.67,HOLD,,False,,,0.0,3,False,6.72,5.75,6.85,Below 200DMA — enter on recovery above 200DMA,7,2026-06-18,,False,False,False,False,,0,False,False,False,False,False,False,48.3,6,89.0
ZFSTEERING,NAN,AVOID,0.0,0.0,CAUTION,3.5,0.5,RESTRICTED,nan,False,0,0,FRESH,False,-5.39,37.1607,6.43,HOLD,,False,,,0.0,3,False,733.1,672.74,747.76,Below 200DMA — enter on recovery above 200DMA,7,2026-06-18,,False,False,False,False,,0,False,False,False,False,False,False,48.3,6,89.0
ZIMLAB,ZIM LABORATORIES,AVOID,0.0,0.0,CAUTION,3.5,0.5,RESTRICTED,nan,False,1,1,EXPIRED,True,40.1,6.2379,6.89,PARTIAL_EXIT,PROFIT_ZONE: +40% above 200DMA | EXTENDED: 7.0× ATR above 200DMA,False,,,0.0,3,False,77.51,96.11,105.47,Extended — wait for ATR pullback,7,2026-06-18,4.82,True,False,False,False,LOW_ROE(4.8%),0,False,False,False,False,False,False,48.3,6,89.0
ZODIAC,ZODIAC ENERGY,AVOID,0.0,0.0,CAUTION,3.5,0.5,RESTRICTED,nan,False,0,0,EXPIRED,False,-9.57,9.0036,3.8,HOLD,,False,,,0.0,3,False,314.51,275.87,320.8,Below 200DMA — enter on recovery above 200DMA,7,2026-06-18,,False,True,False,False,HIGH_PE(67x vs ind 18x),0,False,False,False,False,False,False,48.3,6,89.0
ZODIACLOTH,ZODIAC CLOTH. CO,AVOID,0.0,0.0,CAUTION,3.5,0.5,ILLIQUID,nan,False,0,0,EXPIRED,False,-13.75,2.3071,3.77,HOLD,,False,,,0.0,2,False,85.22,71.3,86.92,Below 200DMA — enter on recovery above 200DMA,7,2026-06-18,-18.1,True,False,False,False,LOW_ROE(-18.1%),0,False,False,False,False,False,False,48.3,6,89.0
ZOTA,ZOTA HEALTH CARE,AVOID,0.0,0.0,CAUTION,3.5,0.5,NORMAL,nan,False,0,0,EXPIRED,False,-10.82,52.9286,5.2,HOLD,,False,,,0.0,2,False,1369.34,1184.56,1396.73,Below 200DMA — enter on recovery above 200DMA,7,2026-06-18,-25.21,True,False,False,False,LOW_ROE(-25.2%),0,False,False,False,False,False,False,48.3,6,89.0
ZSARACOM,NAN,AVOID,0.0,0.0,CAUTION,3.5,0.5,ILLIQUID,nan,False,1,1,EXPIRED,True,0.41,377.2143,4.66,HOLD,,False,,,0.0,4,False,9677.29,9386.97,10161.15,Near 200DMA — ideal dip entry zone,7,2026-06-18,,False,False,False,False,,0,False,False,False,False,False,False,48.3,6,89.0
ZUARIIND,ZUARI INDUSTRIES,AVOID,0.0,0.0,CAUTION,3.5,0.5,NORMAL,nan,False,1,1,EXPIRED,True,-7.24,10.375,4.65,HOLD,,False,,,0.0,3,False,288.76,259.81,294.54,Below 200DMA — enter on recovery above 200DMA,7,2026-06-18,-1.85,True,False,False,False,LOW_ROE(-1.9%),0,False,False,False,False,False,False,48.3,6,89.0
WSI,W S INDS.,AVOID,0.0,0.0,CAUTION,3.5,0.5,RESTRICTED,nan,False,0,0,EXPIRED,False,-11.58,2.7979,4.99,HOLD,,False,,,0.0,2,False,76.03,65.21,77.55,Below 200DMA — enter on recovery above 200DMA,7,2026-06-18,-8.94,True,False,False,False,LOW_ROE(-8.9%),0,False,False,False,False,False,False,48.3,6,89.0
WORTHPERI,WORTH PERIPHERAL,AVOID,0.0,0.0,CAUTION,3.5,0.5,ILLIQUID,nan,False,0,0,EXPIRED,False,-9.91,5.1343,4.83,HOLD,,False,,,0.0,2,False,141.69,123.82,144.52,Below 200DMA — enter on recovery above 200DMA,7,2026-06-18,8.87,True,False,False,False,LOW_ROE(8.9%),0,True,True,False,False,False,False,48.3,6,89.0
WINNY,WINNY IMMIGRATIO,AVOID,0.0,0.0,CAUTION,3.5,0.5,ILLIQUID,nan,False,0,0,EXPIRED,False,-30.78,0.4036,1.17,HOLD,,False,,,0.0,2,False,59.59,40.01,60.78,Below 200DMA — enter on recovery above 200DMA,7,2026-06-18,-78.48,True,False,False,False,LOW_ROE(-78.5%),0,False,False,False,False,False,False,48.3,6,89.0
WINSOL,WINSOL ENGINEERS,AVOID,0.0,0.0,CAUTION,3.5,0.5,ILLIQUID,nan,False,0,0,EXPIRED,False,-17.89,6.8786,6.57,HOLD,,False,,,0.0,3,False,153.08,121.93,156.14,Below 200DMA — enter on recovery above 200DMA,7,2026-06-18,23.82,False,False,False,False,,0,False,False,False,False,False,False,48.3,6,89.0
WINSOME,WINSOME YARNS,AVOID,0.0,0.0,CAUTION,3.5,0.5,ILLIQUID,nan,False,1,1,EXPIRED,True,32.56,0.0314,1.48,PARTIAL_EXIT,EXTENDED: 26.4× ATR above 200DMA,False,,,0.0,4,False,1.92,2.49,2.53,Extended — wait for ATR pullback,7,2026-06-18,,False,False,False,False,,0,False,False,False,False,False,False,48.3,6,89.0
WIPL,W I PLYWOODS,AVOID,0.0,0.0,CAUTION,3.5,0.5,ILLIQUID,nan,False,1,1,EXPIRED,True,-0.41,8.995,6.96,HOLD,,False,,,0.0,3,False,155.82,150.52,158.94,Below 200DMA — enter on recovery above 200DMA,7,2026-06-18,6.18,True,False,False,False,LOW_ROE(6.2%),0,False,False,False,False,False,False,48.3,6,89.0
WOCKPHARMA,WOCKHARDT,AVOID,0.0,0.0,CAUTION,3.5,0.5,NORMAL,nan,False,1,1,FRESH,True,40.62,153.55,9.11,PARTIAL_EXIT,PROFIT_ZONE: +41% above 200DMA | EXTENDED: 5.4× ATR above 200DMA,False,,,0.0,3,False,1438.51,1715.7,1946.02,Extended — wait for ATR pullback,7,2026-06-18,-1.08,True,True,False,False,LOW_ROE(-1.1%) | HIGH_PE(909x vs ind 28x),0,False,False,False,False,False,False,48.3,6,89.0
WOMANCART,WOMANCART,AVOID,0.0,0.0,CAUTION,3.5,0.5,ILLIQUID,nan,False,0,0,EXPIRED,False,-49.49,5.2393,5.79,HOLD,,False,,,0.0,2,False,215.09,105.39,219.39,Below 200DMA — enter on recovery above 200DMA,7,2026-06-18,10.8,True,False,False,False,LOW_ROE(10.8%),0,False,False,False,False,False,False,48.3,6,89.0
WONDERLA,WONDERLA HOLIDAY,AVOID,0.0,0.0,CAUTION,3.5,0.5,NORMAL,nan,False,0,0,FRESH,False,-9.29,11.5357,2.84,HOLD,,False,,,0.0,2,False,537.24,472.73,547.98,Below 200DMA — enter on recovery above 200DMA,7,2026-06-18,6.34,True,False,False,False,LOW_ROE(6.3%),0,True,True,False,False,False,False,48.3,6,89.0
WEALTH,WEALTH FIRST POR,AVOID,0.0,0.0,CAUTION,3.5,0.5,RESTRICTED,nan,False,1,1,EXPIRED,True,-4.12,54.1429,6.82,HOLD,,False,,,0.0,4,False,993.38,923.92,1013.25,Below 200DMA — enter on recovery above 200DMA,7,2026-06-18,26.57,False,False,False,False,,0,True,True,False,False,False,False,48.3,6,89.0
WEIZMANIND,WEIZMANN,AVOID,0.0,0.0,CAUTION,3.5,0.5,ILLIQUID,nan,False,1,1,EXPIRED,True,-9.31,3.3557,4.74,HOLD,,False,,,0.0,3,False,93.63,82.36,95.5,Below 200DMA — enter on recovery above 200DMA,7,2026-06-18,-5.91,True,False,False,False,LOW_ROE(-5.9%),0,False,False,False,False,False,False,48.3,6,89.0
WELINV,WELSPUN INVESTME,AVOID,0.0,0.0,CAUTION,3.5,0.5,RESTRICTED,nan,False,1,1,EXPIRED,True,34.7,64.5429,4.36,PARTIAL_EXIT,EXTENDED: 9.5× ATR above 200DMA,False,,,0.0,3,False,1317.73,1645.91,1742.73,Extended — wait for ATR pullback,7,2026-06-18,0.51,True,True,False,False,LOW_ROE(0.5%) | HIGH_PE(151x vs ind 17x),0,True,True,False,False,False,False,48.3,6,89.0
WENDT,WENDT INDIA,AVOID,0.0,0.0,CAUTION,3.5,0.5,NORMAL,nan,False,1,1,FRESH,True,2.14,305.3929,4.65,HOLD,,False,,,0.0,4,False,7714.12,7482.7,8099.83,Near 200DMA — ideal dip entry zone,7,2026-06-18,16.2,False,True,False,False,HIGH_PE(61x vs ind 23x),0,True,True,False,False,False,False,48.3,6,89.0
WEWIN,WE WIN LTD,AVOID,0.0,0.0,CAUTION,3.5,0.5,ILLIQUID,nan,False,0,0,EXPIRED,False,-0.55,3.1257,7.56,HOLD,,False,,,0.0,2,False,49.88,48.12,50.88,Below 200DMA — enter on recovery above 200DMA,7,2026-06-18,5.81,True,False,False,False,LOW_ROE(5.8%),0,False,False,False,False,False,False,48.3,6,89.0
WEWORK,WEWORK INDIA,AVOID,0.0,0.0,CAUTION,3.5,0.5,NORMAL,nan,False,1,1,EXPIRED,True,14.58,22.2821,4.11,HOLD,,False,,,0.0,4,False,568.01,550.97,596.41,Near 200DMA — ideal dip entry zone,7,2026-06-18,,False,True,False,False,HIGH_PE(141x vs ind 21x),0,False,False,False,False,False,False,48.3,6,89.0
WHIRLPOOL,WHIRLPOOL INDIA,AVOID,0.0,0.0,CAUTION,3.5,0.5,NORMAL,nan,False,0,0,EXPIRED,False,-21.45,20.6571,3.15,HOLD,,False,,,0.0,2,False,1002.2,763.63,1022.24,Below 200DMA — enter on recovery above 200DMA,7,2026-06-18,9.09,True,False,False,False,LOW_ROE(9.1%),0,True,True,False,False,False,False,48.3,6,89.0
WILLAMAGOR,WILLIAMSON MAGOR,AVOID,0.0,0.0,CAUTION,3.5,0.5,ILLIQUID,nan,False,1,1,EXPIRED,True,-6.41,1.6036,6.93,HOLD,,False,,,0.0,4,False,29.66,26.93,30.25,Below 200DMA — enter on recovery above 200DMA,7,2026-06-18,,False,False,False,False,,0,False,False,False,False,False,False,48.3,6,89.0
VGL,VARVEE GLOBAL,AVOID,0.0,0.0,CAUTION,3.5,0.5,NORMAL,nan,False,1,1,EXPIRED,True,7.04,4.1386,6.66,HOLD,,False,,,0.0,4,False,69.65,67.56,73.13,Near 200DMA — ideal dip entry zone,7,2026-06-18,51.88,False,False,False,False,,0,False,False,False,False,False,False,48.3,6,89.0
VHL,VARDHMAN HOLD.,AVOID,0.0,0.0,CAUTION,3.5,0.5,ILLIQUID,nan,False,1,1,EXPIRED,True,-2.26,102.1286,3.53,HOLD,,False,,,0.0,3,False,3555.44,3370.75,3626.55,Below 200DMA — enter on recovery above 200DMA,7,2026-06-18,7.29,True,False,False,False,LOW_ROE(7.3%),0,True,True,False,False,False,False,48.3,6,89.0
VHLTD,VICEROY HOTELS,AVOID,0.0,0.0,CAUTION,3.5,0.5,ILLIQUID,nan,False,0,0,EXPIRED,False,2.99,4.8893,4.27,HOLD,,False,,,0.0,3,False,133.32,129.32,139.99,Near 200DMA — ideal dip entry zone,7,2026-06-18,31.92,False,False,False,False,,0,False,False,False,False,False,False,48.3,6,89.0
VIAZ,VIAZ TYRES,AVOID,0.0,0.0,CAUTION,3.5,0.5,ILLIQUID,nan,False,1,1,EXPIRED,True,-10.61,1.9929,3.83,HOLD,,False,,,0.0,3,False,69.92,60.62,71.32,Below 200DMA — enter on recovery above 200DMA,7,2026-06-18,9.07,True,False,False,False,LOW_ROE(9.1%),0,False,False,False,False,False,False,48.3,6,89.0
VIDHIING,VIDHI SPECIALTY,AVOID,0.0,0.0,CAUTION,3.5,0.5,RESTRICTED,nan,False,0,0,EXPIRED,False,-11.42,8.1036,3.36,HOLD,,False,,,0.0,3,False,327.09,281.06,333.63,Below 200DMA — enter on recovery above 200DMA,7,2026-06-18,14.41,False,False,False,False,,0,False,False,False,False,False,False,48.3,6,89.0
VIJIFIN,VIJI FINANCE,AVOID,0.0,0.0,CAUTION,3.5,0.5,ILLIQUID,nan,False,1,1,EXPIRED,True,34.04,0.2136,6.25,PARTIAL_EXIT,EXTENDED: 6.5× ATR above 200DMA,False,,,0.0,3,False,3.06,3.67,3.99,Extended — wait for ATR pullback,7,2026-06-18,0.79,True,False,False,False,LOW_ROE(0.8%),0,False,False,False,False,False,False,48.3,6,89.0
VIKASECO,VIKAS ECOTECH,AVOID,0.0,0.0,CAUTION,3.5,0.5,ILLIQUID,nan,False,0,0,EXPIRED,False,-19.01,0.0371,3.45,HOLD,,False,,,0.0,2,False,1.59,1.25,1.62,Below 200DMA — enter on recovery above 200DMA,7,2026-06-18,4.32,True,False,False,False,LOW_ROE(4.3%),0,True,True,False,False,False,False,48.3,6,89.0
VIKASLIFE,VIKAS LIFECARE,AVOID,0.0,0.0,CAUTION,3.5,0.5,RESTRICTED,nan,False,0,0,EXPIRED,False,-15.21,0.0457,3.68,HOLD,,False,,,0.0,2,False,1.76,1.45,1.8,Below 200DMA — enter on recovery above 200DMA,7,2026-06-18,-2.0,True,False,False,False,LOW_ROE(-2.0%),0,False,False,False,False,False,False,48.3,6,89.0
VINEETLAB,VINEET LABORATOR,AVOID,0.0,0.0,CAUTION,3.5,0.5,ILLIQUID,nan,False,0,0,EXPIRED,False,-2.75,1.3129,4.49,HOLD,,False,,,0.0,2,False,36.11,34.07,36.83,Below 200DMA — enter on recovery above 200DMA,7,2026-06-18,-137.85,True,False,False,False,LOW_ROE(-137.8%),0,False,False,False,False,False,False,48.3,6,89.0
VINNY,VINNY OVERSEAS,AVOID,0.0,0.0,CAUTION,3.5,0.5,ILLIQUID,nan,False,1,1,FRESH,True,-2.55,0.0607,6.23,HOLD,,False,,,0.0,3,False,1.2,1.13,1.22,Below 200DMA — enter on recovery above 200DMA,7,2026-06-18,6.27,True,True,False,False,LOW_ROE(6.3%) | HIGH_PE(54x vs ind 16x),0,False,False,False,False,False,False,48.3,6,89.0
VINSYS,VINSYS IT SERV.,AVOID,0.0,0.0,CAUTION,3.5,0.5,RESTRICTED,nan,False,1,1,EXPIRED,True,12.18,20.4964,6.09,HOLD,,False,,,0.0,4,False,360.13,349.33,378.14,Near 200DMA — ideal dip entry zone,7,2026-06-18,22.91,False,False,False,False,,0,False,False,False,False,False,False,48.3,6,89.0
VINYAS,VINYAS INNOVATIV,AVOID,0.0,0.0,CAUTION,3.5,0.5,NORMAL,nan,False,1,1,EXPIRED,True,26.15,98.6893,8.33,PARTIAL_EXIT,EXTENDED: 3.8× ATR above 200DMA,False,,,0.0,4,False,1127.46,1224.92,1372.96,Extended — wait for ATR pullback,7,2026-06-18,13.22,False,False,False,False,,0,False,False,False,False,False,False,48.3,6,89.0
VINYLINDIA,VINYL CHEMICALS,AVOID,0.0,0.0,CAUTION,3.5,0.5,NORMAL,nan,False,0,0,EXPIRED,False,4.07,11.2464,5.33,HOLD,,False,,,0.0,3,False,243.11,235.82,255.27,Near 200DMA — ideal dip entry zone,7,2026-06-18,17.63,False,False,False,False,,0,True,True,False,False,False,False,48.3,6,89.0
VIPCLOTHNG,VIP CLOTHING,AVOID,0.0,0.0,CAUTION,3.5,0.5,ILLIQUID,nan,False,1,1,EXPIRED,True,-10.88,1.0393,4.96,HOLD,,False,,,0.0,3,False,28.22,24.4,28.78,Below 200DMA — enter on recovery above 200DMA,7,2026-06-18,2.96,True,False,False,False,LOW_ROE(3.0%),0,False,False,False,False,False,False,48.3,6,89.0
VIPIND,V I P INDS.,AVOID,0.0,0.0,CAUTION,3.5,0.5,NORMAL,nan,False,1,1,EXPIRED,True,-11.59,15.7786,5.86,HOLD,,False,,,0.0,3,False,365.65,313.55,372.96,Below 200DMA — enter on recovery above 200DMA,7,2026-06-18,-11.16,True,False,False,False,LOW_ROE(-11.2%),0,False,False,False,False,False,False,48.3,6,89.0
VIPULLTD,VIPUL LTD,AVOID,0.0,0.0,CAUTION,3.5,0.5,ILLIQUID,nan,False,0,0,EXPIRED,False,-8.82,0.7371,9.6,HOLD,,False,,,0.0,2,False,10.1,8.93,10.3,Below 200DMA — enter on recovery above 200DMA,7,2026-06-18,-7.5,True,False,False,False,LOW_ROE(-7.5%),0,False,False,False,False,False,False,48.3,6,89.0
VIRINCHI,VIRINCHI,AVOID,0.0,0.0,CAUTION,3.5,0.5,ILLIQUID,nan,False,0,0,EXPIRED,False,-22.1,0.7871,5.51,HOLD,,False,,,0.0,2,False,22.0,16.63,22.44,Below 200DMA — enter on recovery above 200DMA,7,2026-06-18,0.15,True,False,False,False,LOW_ROE(0.1%),0,False,False,False,False,False,False,48.3,6,89.0
VISAKAIND,VISAKA INDUSTRIE,AVOID,0.0,0.0,CAUTION,3.5,0.5,RESTRICTED,nan,False,1,1,FRESH,True,10.28,2.7679,4.27,HOLD,,False,,,0.0,3,False,70.57,68.45,74.1,Near 200DMA — ideal dip entry zone,7,2026-06-18,-0.4,True,False,False,False,LOW_ROE(-0.4%),0,False,False,False,False,False,False,48.3,6,89.0
VISAMAN,VISAMAN GLOBAL,AVOID,0.0,0.0,CAUTION,3.5,0.5,ILLIQUID,nan,False,0,0,EXPIRED,False,-4.81,0.0,5.0,HOLD,,False,,,0.0,2,False,118.97,109.85,121.35,Below 200DMA — enter on recovery above 200DMA,7,2026-06-18,7.6,True,False,False,False,LOW_ROE(7.6%),0,False,False,False,False,False,False,48.3,6,89.0
VILAS,VILAS TRANSCORE,AVOID,0.0,0.0,CAUTION,3.5,0.5,NORMAL,nan,False,0,0,EXPIRED,False,-5.84,16.6429,5.09,HOLD,,False,,,0.0,2,False,417.0,380.87,425.34,Below 200DMA — enter on recovery above 200DMA,7,2026-06-18,11.86,True,False,False,False,LOW_ROE(11.9%),0,False,False,False,False,False,False,48.3,6,89.0
SANWARIA,SANWARIA CONSUM.,AVOID,0.0,0.0,CAUTION,3.5,0.5,ILLIQUID,nan,False,0,0,FRESH,False,-17.85,0.0164,8.95,HOLD,,False,,,0.0,3,False,0.27,0.21,0.28,Below 200DMA — enter on recovery above 200DMA,7,2026-06-18,,False,False,False,False,,0,False,False,False,False,False,False,48.3,6,89.0
SAPPHIRE,SAPPHIRE FOODS,AVOID,0.0,0.0,CAUTION,3.5,0.5,NORMAL,nan,False,1,1,EXPIRED,True,-20.0,8.5586,5.64,HOLD,,False,,,0.0,3,False,227.79,176.77,232.35,Below 200DMA — enter on recovery above 200DMA,7,2026-06-18,1.38,True,False,False,False,LOW_ROE(1.4%),0,False,False,False,False,False,False,48.3,6,89.0
SAPPL,NAN,AVOID,0.0,0.0,CAUTION,3.5,0.5,ILLIQUID,nan,False,0,0,EXPIRED,False,-9.37,15.6214,7.07,HOLD,,False,,,0.0,3,False,292.66,257.29,298.51,Below 200DMA — enter on recovery above 200DMA,7,2026-06-18,,False,False,False,False,,0,False,False,False,False,False,False,48.3,6,89.0
SARVESHWAR,SARVESHWAR FOODS,AVOID,0.0,0.0,CAUTION,3.5,0.5,RESTRICTED,nan,False,1,1,FRESH,True,-12.84,0.1514,4.59,HOLD,,False,,,0.0,3,False,4.54,3.84,4.63,Below 200DMA — enter on recovery above 200DMA,7,2026-06-18,9.53,True,False,False,False,LOW_ROE(9.5%),0,False,False,False,False,False,False,48.3,6,89.0
SASKEN,SASKEN TECHNOL.,AVOID,0.0,0.0,CAUTION,3.5,0.5,NORMAL,nan,False,1,1,FRESH,True,69.88,157.2214,7.84,EXIT,PROFIT_ZONE: +70% above 200DMA | EXTENDED: 10.7× ATR above 200DMA,False,,,0.0,3,False,1416.99,2092.76,2328.59,Extended — wait for ATR pullback,7,2026-06-18,6.38,True,False,False,False,LOW_ROE(6.4%),0,True,True,False,False,False,False,48.3,6,89.0
SANOFI,SANOFI INDIA,AVOID,0.0,0.0,CAUTION,3.5,0.5,NORMAL,nan,False,0,0,FRESH,False,-17.33,89.4428,3.25,HOLD,,False,,,0.0,3,False,3996.62,3205.07,4076.55,Below 200DMA — enter on recovery above 200DMA,7,2026-06-18,43.61,False,False,False,False,,0,True,True,False,False,False,False,48.3,6,89.0
SANDESH,SANDESH,AVOID,0.0,0.0,CAUTION,3.5,0.5,ILLIQUID,nan,False,0,0,EXPIRED,False,-9.09,30.05,3.72,HOLD,,False,,,0.0,2,False,1065.33,939.44,1086.64,Below 200DMA — enter on recovery above 200DMA,7,2026-06-18,5.7,True,False,False,False,LOW_ROE(5.7%),0,True,True,False,False,False,False,48.3,6,89.0
SANGAMIND,SANGAM INDIA,AVOID,0.0,0.0,CAUTION,3.5,0.5,NORMAL,nan,False,1,1,AGING,True,15.46,18.7179,4.28,HOLD,,False,,,0.0,3,False,454.41,487.21,515.29,Extended — wait for ATR pullback,7,2026-06-18,3.16,True,False,False,False,LOW_ROE(3.2%),0,False,False,False,False,False,False,48.3,6,89.0
SANGANI,SANGANI HOSPITAL,AVOID,0.0,0.0,CAUTION,3.5,0.5,ILLIQUID,nan,False,0,0,EXPIRED,False,-19.3,0.9857,2.65,HOLD,,False,,,0.0,2,False,55.27,43.26,56.38,Below 200DMA — enter on recovery above 200DMA,7,2026-06-18,7.18,True,False,False,False,LOW_ROE(7.2%),0,False,False,False,False,False,False,48.3,6,89.0
SCANSTL,NAN,AVOID,0.0,0.0,CAUTION,3.5,0.5,ILLIQUID,nan,False,1,1,EXPIRED,True,3.79,2.5843,8.03,HOLD,,False,,,0.0,4,False,37.21,36.09,39.07,Near 200DMA — ideal dip entry zone,7,2026-06-18,,False,False,False,False,,0,False,False,False,False,False,False,48.3,6,89.0
SCHAND,S CHAND & COMPAN,AVOID,0.0,0.0,CAUTION,3.5,0.5,RESTRICTED,nan,False,0,0,FRESH,False,-7.61,5.3779,4.3,HOLD,,False,,,0.0,2,False,162.45,145.59,165.7,Below 200DMA — enter on recovery above 200DMA,7,2026-06-18,6.42,True,False,False,False,LOW_ROE(6.4%),0,False,False,False,False,False,False,48.3,6,89.0
SCML,SHARP CHUCKS AND,AVOID,0.0,0.0,CAUTION,3.5,0.5,ILLIQUID,nan,False,0,0,EXPIRED,False,-36.89,2.2643,3.48,HOLD,,False,,,0.0,2,False,123.59,75.66,126.06,Below 200DMA — enter on recovery above 200DMA,7,2026-06-18,9.48,True,False,False,False,LOW_ROE(9.5%),0,False,False,False,False,False,False,48.3,6,89.0
SCPL,SHEETAL COOL,AVOID,0.0,0.0,CAUTION,3.5,0.5,NORMAL,nan,False,1,1,EXPIRED,True,55.2,31.4893,7.9,EXIT,PROFIT_ZONE: +55% above 200DMA | EXTENDED: 8.4× ATR above 200DMA,False,,,0.0,4,False,308.22,415.37,462.61,Extended — wait for ATR pullback,7,2026-06-18,12.64,False,False,False,False,,0,False,False,False,False,False,False,48.3,6,89.0
SATIPOLY,SATI POLY,AVOID,0.0,0.0,CAUTION,3.5,0.5,ILLIQUID,nan,False,1,1,EXPIRED,True,-30.4,0.9929,3.18,HOLD,,False,,,0.0,3,False,53.88,36.38,54.96,Below 200DMA — enter on recovery above 200DMA,7,2026-06-18,-65.3,True,False,False,False,LOW_ROE(-65.3%),0,False,False,False,False,False,False,48.3,6,89.0
SAURASHCEM,SAURASHTRA CEM.,AVOID,0.0,0.0,CAUTION,3.5,0.5,RESTRICTED,nan,False,0,0,EXPIRED,False,-26.07,2.0743,4.22,HOLD,,False,,,0.0,2,False,79.79,57.22,81.39,Below 200DMA — enter on recovery above 200DMA,7,2026-06-18,0.74,True,False,False,False,LOW_ROE(0.7%),0,False,False,False,False,False,False,48.3,6,89.0
SAYAJIHOTL,NAN,AVOID,0.0,0.0,CAUTION,3.5,0.5,ILLIQUID,nan,False,1,1,EXPIRED,True,10.7,15.0786,6.19,HOLD,,False,,,0.0,4,False,264.23,256.3,277.44,Near 200DMA — ideal dip entry zone,7,2026-06-18,,False,False,False,False,,0,False,False,False,False,False,False,48.3,6,89.0
SBGLP,SURATWWALA BUSI.,AVOID,0.0,0.0,CAUTION,3.5,0.5,ILLIQUID,nan,False,0,0,FRESH,False,-14.65,1.5007,6.81,HOLD,,False,,,0.0,3,False,30.97,25.64,31.59,Below 200DMA — enter on recovery above 200DMA,7,2026-06-18,16.0,False,False,False,False,,0,False,False,False,False,False,False,48.3,6,89.0
RITEZONE,RITE ZONE,AVOID,0.0,0.0,CAUTION,3.5,0.5,ILLIQUID,nan,False,0,0,EXPIRED,False,-21.67,0.4964,3.45,HOLD,,False,,,0.0,2,False,22.02,16.73,22.46,Below 200DMA — enter on recovery above 200DMA,7,2026-06-18,5.92,True,False,False,False,LOW_ROE(5.9%),0,False,False,False,False,False,False,48.3,6,89.0
RKDL,RAVIKUMAR DISTLL,AVOID,0.0,0.0,CAUTION,3.5,0.5,ILLIQUID,nan,False,0,0,EXPIRED,False,-19.74,1.125,7.36,HOLD,,False,,,0.0,2,False,22.85,17.79,23.31,Below 200DMA — enter on recovery above 200DMA,7,2026-06-18,0.32,True,True,False,False,LOW_ROE(0.3%) | HIGH_PE(379x vs ind 39x),0,False,False,False,False,False,False,48.3,6,89.0
RKEC,RKEC PROJECTS,AVOID,0.0,0.0,CAUTION,3.5,0.5,ILLIQUID,nan,False,0,0,EXPIRED,False,-51.38,2.2071,10.91,HOLD,,False,,,0.0,2,False,49.94,23.55,50.94,Below 200DMA — enter on recovery above 200DMA,7,2026-06-18,4.8,True,False,False,False,LOW_ROE(4.8%),0,False,False,False,False,False,False,48.3,6,89.0
RKSWAMY,R K SWAMY,AVOID,0.0,0.0,CAUTION,3.5,0.5,RESTRICTED,nan,False,1,1,FRESH,True,-12.46,4.2143,5.11,HOLD,,False,,,0.0,3,False,113.03,95.97,115.29,Below 200DMA — enter on recovery above 200DMA,7,2026-06-18,7.48,True,False,False,False,LOW_ROE(7.5%),0,False,False,False,False,False,False,48.3,6,89.0
LGBBROSLTD,L G BALAKRISHNAN,AVOID,0.0,0.0,CAUTION,3.5,0.5,NORMAL,nan,False,0,0,FRESH,False,-8.4,47.7429,3.73,HOLD,,False,,,0.0,3,False,1674.83,1488.17,1708.33,Below 200DMA — enter on recovery above 200DMA,7,2026-06-18,15.86,False,False,False,False,,0,True,True,False,False,False,False,48.3,6,89.0
RILINFRA,RACHANA INFRA.,AVOID,0.0,0.0,CAUTION,3.5,0.5,ILLIQUID,nan,False,1,1,EXPIRED,True,4.29,2.0714,6.77,HOLD,,False,,,0.0,3,False,35.19,34.13,36.95,Near 200DMA — ideal dip entry zone,7,2026-06-18,4.19,True,False,False,False,LOW_ROE(4.2%),0,False,False,False,False,False,False,48.3,6,89.0
REFRACTORY,REFRACTORY SHAP.,AVOID,0.0,0.0,CAUTION,3.5,0.5,ILLIQUID,nan,False,0,0,EXPIRED,False,-29.35,1.1571,4.34,HOLD,,False,,,0.0,3,False,45.29,31.04,46.2,Below 200DMA — enter on recovery above 200DMA,7,2026-06-18,13.69,False,True,False,False,HIGH_PE(73x vs ind 23x),0,False,False,False,False,False,False,48.3,6,89.0
REGENCERAM,REGENCY CERAMICS,AVOID,0.0,0.0,CAUTION,3.5,0.5,ILLIQUID,nan,False,0,0,EXPIRED,False,-9.52,1.9057,5.66,HOLD,,False,,,0.0,3,False,44.67,39.21,45.56,Below 200DMA — enter on recovery above 200DMA,7,2026-06-18,,False,True,False,False,HIGH_PE(1078x vs ind 32x),0,False,False,False,False,False,False,48.3,6,89.0
RELAXO,RELAXO FOOTWEAR,AVOID,0.0,0.0,CAUTION,3.5,0.5,NORMAL,nan,False,1,1,EXPIRED,True,-3.11,20.275,6.68,HOLD,,False,,,0.0,3,False,375.93,353.32,383.45,Below 200DMA — enter on recovery above 200DMA,7,2026-06-18,8.12,True,False,False,False,LOW_ROE(8.1%),0,False,False,False,False,False,False,48.3,6,89.0
RELCHEMQ,REL. CHEMOTEX,AVOID,0.0,0.0,CAUTION,3.5,0.5,ILLIQUID,nan,False,1,1,EXPIRED,True,3.96,6.89,5.88,HOLD,,False,,,0.0,3,False,135.27,131.21,142.03,Near 200DMA — ideal dip entry zone,7,2026-06-18,2.95,True,False,False,False,LOW_ROE(3.0%),0,False,False,False,False,False,False,48.3,6,89.0
RELIGARE,RELIGARE ENTERP.,AVOID,0.0,0.0,CAUTION,3.5,0.5,NORMAL,nan,False,1,1,EXPIRED,True,3.05,6.71,3.28,HOLD,,False,,,0.0,3,False,238.41,231.26,250.33,Near 200DMA — ideal dip entry zone,7,2026-06-18,4.98,True,True,False,False,LOW_ROE(5.0%) | HIGH_PE(71x vs ind 17x),0,True,True,False,False,False,False,48.3,6,89.0
RELTD,RAVINDRA ENERGY,AVOID,0.0,0.0,CAUTION,3.5,0.5,NORMAL,nan,False,1,1,FRESH,True,-1.06,11.3052,9.3,HOLD,,False,,,0.0,3,False,147.43,141.49,150.38,Below 200DMA — enter on recovery above 200DMA,7,2026-06-18,6.39,True,False,False,False,LOW_ROE(6.4%),0,False,False,False,False,False,False,48.3,6,89.0
RCOM,RELIANCE COMMUNI,AVOID,0.0,0.0,CAUTION,3.5,0.5,RESTRICTED,nan,False,0,0,AGING,False,-14.94,0.0321,4.05,HOLD,,False,,,0.0,3,False,1.12,0.92,1.14,Below 200DMA — enter on recovery above 200DMA,7,2026-06-18,,False,False,False,False,,0,False,False,False,False,False,False,48.3,6,89.0
REPL,RUDRABHISH. ENT.,AVOID,0.0,0.0,CAUTION,3.5,0.5,ILLIQUID,nan,False,0,0,EXPIRED,False,-32.28,4.5207,7.41,HOLD,,False,,,0.0,2,False,108.13,71.03,110.29,Below 200DMA — enter on recovery above 200DMA,7,2026-06-18,9.0,True,False,False,False,LOW_ROE(9.0%),0,False,False,False,False,False,False,48.3,6,89.0
REPRO,REPRO INDIA,AVOID,0.0,0.0,CAUTION,3.5,0.5,RESTRICTED,nan,False,1,1,EXPIRED,True,-14.18,16.6536,5.41,HOLD,,False,,,0.0,3,False,430.58,358.41,439.19,Below 200DMA — enter on recovery above 200DMA,7,2026-06-18,-0.54,True,False,False,False,LOW_ROE(-0.5%),0,False,False,False,False,False,False,48.3,6,89.0
RETAIL,JHS SVEND.RETAIL,AVOID,0.0,0.0,CAUTION,3.5,0.5,ILLIQUID,nan,False,0,0,FRESH,False,-32.73,1.8993,12.91,HOLD,,False,,,0.0,2,False,26.24,17.12,26.76,Below 200DMA — enter on recovery above 200DMA,7,2026-06-18,0.68,True,True,False,False,LOW_ROE(0.7%) | HIGH_PE(108x vs ind 29x),0,False,False,False,False,False,False,48.3,6,89.0
REXPIPES,REX PIPES&CABLES,AVOID,0.0,0.0,CAUTION,3.5,0.5,ILLIQUID,nan,False,0,0,EXPIRED,False,2.98,0.6536,0.45,HOLD,,False,,,0.0,3,False,169.22,164.14,177.68,Near 200DMA — ideal dip entry zone,7,2026-06-18,14.03,False,False,False,False,,0,False,False,False,False,False,False,48.3,6,89.0
RGL,RENAISS. GLOBAL,AVOID,0.0,0.0,CAUTION,3.5,0.5,NORMAL,nan,False,1,1,EXPIRED,True,-5.09,5.3186,5.79,HOLD,,False,,,0.0,3,False,116.12,106.9,118.44,Below 200DMA — enter on recovery above 200DMA,7,2026-06-18,5.47,True,False,False,False,LOW_ROE(5.5%),0,False,False,False,False,False,False,48.3,6,89.0
RHFL,RELIANCE HOME,AVOID,0.0,0.0,CAUTION,3.5,0.5,ILLIQUID,nan,False,1,1,EXPIRED,True,-25.28,0.0921,5.0,HOLD,,False,,,0.0,4,False,2.96,2.14,3.02,Below 200DMA — enter on recovery above 200DMA,7,2026-06-18,,False,False,False,False,,0,False,False,False,False,False,False,48.3,6,89.0
RHL,ROBUST HOTELS,AVOID,0.0,0.0,CAUTION,3.5,0.5,ILLIQUID,nan,False,1,1,EXPIRED,True,-9.96,6.0736,3.91,HOLD,,False,,,0.0,3,False,207.29,181.04,211.44,Below 200DMA — enter on recovery above 200DMA,7,2026-06-18,2.29,True,False,False,False,LOW_ROE(2.3%),0,False,False,False,False,False,False,48.3,6,89.0
RENUKA,SH.RENUKA SUGAR,AVOID,0.0,0.0,CAUTION,3.5,0.5,NORMAL,nan,False,0,0,FRESH,False,-13.44,0.9471,4.91,HOLD,,False,,,0.0,3,False,26.77,22.47,27.31,Below 200DMA — enter on recovery above 200DMA,7,2026-06-18,,False,False,False,False,,0,False,False,False,False,False,False,48.3,6,89.0
RCF,R C F,AVOID,0.0,0.0,CAUTION,3.5,0.5,NORMAL,nan,False,1,1,EXPIRED,True,-0.38,4.5343,4.03,HOLD,,False,,,0.0,3,False,135.63,131.07,138.34,Below 200DMA — enter on recovery above 200DMA,7,2026-06-18,5.11,True,False,False,False,LOW_ROE(5.1%),0,False,False,False,False,False,False,48.3,6,89.0
RCDL,RAJGOR CASTOR,AVOID,0.0,0.0,CAUTION,3.5,0.5,ILLIQUID,nan,False,1,1,EXPIRED,True,19.85,0.9929,4.18,HOLD,,False,,,0.0,3,False,23.78,26.51,28.0,Extended — wait for ATR pullback,7,2026-06-18,10.85,True,False,False,False,LOW_ROE(10.8%),0,False,False,False,False,False,False,48.3,6,89.0
RANASUG,RANA SUGARS,AVOID,0.0,0.0,CAUTION,3.5,0.5,RESTRICTED,nan,False,0,0,EXPIRED,False,-0.27,0.6121,5.69,HOLD,,False,,,0.0,2,False,12.95,12.53,13.21,Below 200DMA — enter on recovery above 200DMA,7,2026-06-18,5.98,True,False,False,False,LOW_ROE(6.0%),0,False,False,False,False,False,False,48.3,6,89.0
RANEHOLDIN,RANE HOLDINGS,AVOID,0.0,0.0,CAUTION,3.5,0.5,NORMAL,nan,False,1,1,EXPIRED,True,19.01,68.8643,5.13,HOLD,,False,,,0.0,4,False,1353.29,1472.87,1576.17,Extended — wait for ATR pullback,7,2026-06-18,18.74,False,False,False,False,,0,False,False,False,False,False,False,48.3,6,89.0
RBA,RESTAURANT BRAND,AVOID,0.0,0.0,CAUTION,3.5,0.5,NORMAL,nan,False,1,1,EXPIRED,True,2.45,0.9893,1.72,HOLD,,False,,,0.0,3,False,67.39,65.37,70.76,Near 200DMA — ideal dip entry zone,7,2026-06-18,-23.8,True,False,False,False,LOW_ROE(-23.8%),0,False,False,False,False,False,False,48.3,6,89.0
RBMINFRA,RBM INFRACON,AVOID,0.0,0.0,CAUTION,3.5,0.5,NORMAL,nan,False,0,0,EXPIRED,False,-22.45,22.4214,8.77,HOLD,,False,,,0.0,3,False,395.76,297.69,403.68,Below 200DMA — enter on recovery above 200DMA,7,2026-06-18,20.92,False,False,False,False,,0,False,False,False,False,False,False,48.3,6,89.0
RBS,RAMDEVBABA SOL.,AVOID,0.0,0.0,CAUTION,3.5,0.5,ILLIQUID,nan,False,0,0,EXPIRED,False,-15.44,3.35,4.72,HOLD,,False,,,0.0,2,False,100.75,82.64,102.77,Below 200DMA — enter on recovery above 200DMA,7,2026-06-18,9.9,True,False,False,False,LOW_ROE(9.9%),0,False,False,False,False,False,False,48.3,6,89.0
SAHAJSOLAR,SAHAJ SOLAR,AVOID,0.0,0.0,CAUTION,3.5,0.5,ILLIQUID,nan,False,0,0,EXPIRED,False,-20.88,5.1143,4.59,HOLD,,False,,,0.0,3,False,168.85,129.59,172.23,Below 200DMA — enter on recovery above 200DMA,7,2026-06-18,25.36,False,False,False,False,,0,False,False,False,False,False,False,48.3,6,89.0
SAHANA,SAHANA SYSTEMS,AVOID,0.0,0.0,CAUTION,3.5,0.5,NORMAL,nan,False,1,1,EXPIRED,True,-2.46,47.05,6.03,HOLD,,False,,,0.0,4,False,960.41,908.7,979.62,Below 200DMA — enter on recovery above 200DMA,7,2026-06-18,22.27,False,False,False,False,,0,False,False,False,False,False,False,48.3,6,89.0
SAHLIBHFI,NAN,AVOID,0.0,0.0,CAUTION,3.5,0.5,RESTRICTED,nan,False,0,0,EXPIRED,False,-2.2,5.0557,7.99,HOLD,,False,,,0.0,3,False,77.62,73.63,79.17,Below 200DMA — enter on recovery above 200DMA,7,2026-06-18,,False,False,False,False,,0,False,False,False,False,False,False,48.3,6,89.0
SAHYADRI,SAHYADRI INDUSTR,AVOID,0.0,0.0,CAUTION,3.5,0.5,ILLIQUID,nan,False,1,1,FRESH,True,9.17,11.7714,5.01,HOLD,,False,,,0.0,3,False,258.49,250.74,271.41,Near 200DMA — ideal dip entry zone,7,2026-06-18,5.14,True,False,False,False,LOW_ROE(5.1%),0,True,True,False,False,False,False,48.3,6,89.0
SAIFL,SAMEERA AGRO,AVOID,0.0,0.0,CAUTION,3.5,0.5,RESTRICTED,nan,False,0,0,EXPIRED,False,-58.98,0.2143,4.99,HOLD,,False,,,0.0,2,False,12.56,5.0,12.81,Below 200DMA — enter on recovery above 200DMA,7,2026-06-18,11.64,True,True,False,False,LOW_ROE(11.6%) | HIGH_PE(45x vs ind 14x),0,False,False,False,False,False,False,48.3,6,89.0
SAKHTISUG,SAKTHI SUGARS,AVOID,0.0,0.0,CAUTION,3.5,0.5,ILLIQUID,nan,False,1,1,EXPIRED,True,-2.85,0.6786,4.49,HOLD,,False,,,0.0,4,False,18.66,17.59,19.03,Below 200DMA — enter on recovery above 200DMA,7,2026-06-18,40.26,False,False,False,False,,0,False,False,False,False,False,False,48.3,6,89.0
SAKUMA,SAKUMA EXPORTS,AVOID,0.0,0.0,CAUTION,3.5,0.5,ILLIQUID,nan,False,1,1,EXPIRED,True,-9.18,0.0914,5.68,HOLD,,False,,,0.0,3,False,2.13,1.87,2.17,Below 200DMA — enter on recovery above 200DMA,7,2026-06-18,2.09,True,False,False,False,LOW_ROE(2.1%),0,True,True,False,False,False,False,48.3,6,89.0
SALASAR,SALASAR TECHNO,AVOID,0.0,0.0,CAUTION,3.5,0.5,NORMAL,nan,False,0,0,FRESH,False,-13.57,0.2479,4.15,HOLD,,False,,,0.0,2,False,8.3,6.95,8.47,Below 200DMA — enter on recovery above 200DMA,7,2026-06-18,2.43,True,False,False,False,LOW_ROE(2.4%),0,False,False,False,False,False,False,48.3,6,89.0
SALONA,SALONA COTSPIN,AVOID,0.0,0.0,CAUTION,3.5,0.5,ILLIQUID,nan,False,0,0,EXPIRED,False,3.75,17.2107,7.55,HOLD,,False,,,0.0,2,False,263.77,255.86,276.96,Near 200DMA — ideal dip entry zone,7,2026-06-18,3.79,True,False,False,False,LOW_ROE(3.8%),0,False,False,False,False,False,False,48.3,6,89.0
SALSTEEL,S.A.L STEEL,AVOID,0.0,0.0,CAUTION,3.5,0.5,RESTRICTED,nan,False,1,1,EXPIRED,True,35.64,3.91,8.19,PARTIAL_EXIT,EXTENDED: 5.2× ATR above 200DMA,False,,,0.0,3,False,42.25,49.49,55.36,Extended — wait for ATR pullback,7,2026-06-18,-16.59,True,False,False,False,LOW_ROE(-16.6%),0,False,False,False,False,False,False,48.3,6,89.0
SAMBHAAV,SAMBHAAV MEDIA,AVOID,0.0,0.0,CAUTION,3.5,0.5,ILLIQUID,nan,False,0,0,EXPIRED,False,-12.69,0.3757,6.79,HOLD,,False,,,0.0,2,False,7.61,6.44,7.76,Below 200DMA — enter on recovery above 200DMA,7,2026-06-18,-0.07,True,False,False,False,LOW_ROE(-0.1%),0,False,False,False,False,False,False,48.3,6,89.0
SAMHI,SAMHI HOTELS,AVOID,0.0,0.0,CAUTION,3.5,0.5,NORMAL,nan,False,1,1,FRESH,True,-5.09,5.1757,3.71,HOLD,,False,,,0.0,3,False,176.36,162.37,179.89,Below 200DMA — enter on recovery above 200DMA,7,2026-06-18,7.49,True,False,False,False,LOW_ROE(7.5%),0,False,False,False,False,False,False,48.3,6,89.0
SAMPANN,SAMPANN UTPADAN,AVOID,0.0,0.0,CAUTION,3.5,0.5,RESTRICTED,nan,False,0,0,FRESH,False,-11.31,1.4493,6.35,HOLD,,False,,,0.0,3,False,30.88,26.57,31.5,Below 200DMA — enter on recovery above 200DMA,7,2026-06-18,45.85,False,False,False,False,,0,False,False,False,False,False,False,48.3,6,89.0
SANATHAN,SANATHAN TEXTILE,AVOID,0.0,0.0,CAUTION,3.5,0.5,NORMAL,nan,False,0,0,EXPIRED,False,-7.43,17.5286,5.08,HOLD,,False,,,0.0,2,False,447.6,401.92,456.55,Below 200DMA — enter on recovery above 200DMA,7,2026-06-18,8.87,True,False,False,False,LOW_ROE(8.9%),0,False,False,False,False,False,False,48.3,6,89.0
RULKA,RULKA,AVOID,0.0,0.0,CAUTION,3.5,0.5,ILLIQUID,nan,False,0,0,EXPIRED,False,-18.02,6.5536,8.98,HOLD,,False,,,0.0,2,False,106.86,84.97,109.0,Below 200DMA — enter on recovery above 200DMA,7,2026-06-18,6.61,True,True,False,False,LOW_ROE(6.6%) | HIGH_PE(95x vs ind 18x),0,False,False,False,False,False,False,48.3,6,89.0
RUPA,RUPA & CO,AVOID,0.0,0.0,CAUTION,3.5,0.5,NORMAL,nan,False,1,1,FRESH,True,-4.22,5.7607,4.41,HOLD,,False,,,0.0,3,False,163.61,152.01,166.88,Below 200DMA — enter on recovery above 200DMA,7,2026-06-18,8.19,True,False,False,False,LOW_ROE(8.2%),0,False,False,False,False,False,False,48.3,6,89.0
RUSTOMJEE,KEYSTONE REALTOR,AVOID,0.0,0.0,CAUTION,3.5,0.5,NORMAL,nan,False,1,1,FRESH,True,-16.8,11.3,3.32,HOLD,,False,,,0.0,3,False,491.47,396.63,501.3,Below 200DMA — enter on recovery above 200DMA,7,2026-06-18,6.2,True,False,False,False,LOW_ROE(6.2%),0,False,False,False,False,False,False,48.3,6,89.0
RVHL,RAVINDER HEIGHTS,AVOID,0.0,0.0,CAUTION,3.5,0.5,RESTRICTED,nan,False,1,1,EXPIRED,True,-6.54,3.7321,10.07,HOLD,,False,,,0.0,3,False,47.57,43.13,48.52,Below 200DMA — enter on recovery above 200DMA,7,2026-06-18,-1.05,True,False,False,False,LOW_ROE(-1.1%),0,True,True,False,False,False,False,48.3,6,89.0
RVTH,REVATHI EQUIP,AVOID,0.0,0.0,CAUTION,3.5,0.5,ILLIQUID,nan,False,1,1,EXPIRED,True,-4.47,37.3607,6.26,HOLD,,False,,,0.0,4,False,750.32,695.25,765.33,Below 200DMA — enter on recovery above 200DMA,7,2026-06-18,15.98,False,False,False,False,,0,False,False,False,False,False,False,48.3,6,89.0
S&SPOWER,S & S POWER SWIT,AVOID,0.0,0.0,CAUTION,3.5,0.5,ILLIQUID,nan,False,1,1,FRESH,True,16.46,17.8143,5.45,HOLD,,False,,,0.0,3,False,336.85,356.67,383.39,Extended — wait for ATR pullback,7,2026-06-18,-5.49,True,False,False,False,LOW_ROE(-5.5%),0,False,False,False,False,False,False,48.3,6,89.0
SAAKSHI,SAAKSHI MEDTECH,AVOID,0.0,0.0,CAUTION,3.5,0.5,RESTRICTED,nan,False,1,1,EXPIRED,True,37.74,12.3714,5.61,PARTIAL_EXIT,EXTENDED: 8.1× ATR above 200DMA,False,,,0.0,3,False,192.1,239.86,258.41,Extended — wait for ATR pullback,7,2026-06-18,4.8,True,True,False,False,LOW_ROE(4.8%) | HIGH_PE(102x vs ind 31x),0,False,False,False,False,False,False,48.3,6,89.0
SABAR,SABAR FLEX INDIA,AVOID,0.0,0.0,CAUTION,3.5,0.5,ILLIQUID,nan,False,1,1,EXPIRED,True,4.71,0.125,2.56,HOLD,,False,,,0.0,3,False,5.59,5.42,5.87,Near 200DMA — ideal dip entry zone,7,2026-06-18,1.88,True,True,False,False,LOW_ROE(1.9%) | HIGH_PE(95x vs ind 23x),0,False,False,False,False,False,False,48.3,6,89.0
SABEVENTS,SAB EVENTS,LANDMINE,0.0,0.0,CAUTION,3.5,0.5,ILLIQUID,nan,False,0,0,EXPIRED,False,-13.81,0.5279,7.92,HOLD,,False,,,0.0,3,False,9.28,7.76,9.47,Below 200DMA — enter on recovery above 200DMA,7,2026-06-18,,False,False,False,False,,0,False,False,False,False,False,False,48.3,6,89.0
SADBHAV,SADBHAV ENGG.,AVOID,0.0,0.0,CAUTION,3.5,0.5,ILLIQUID,nan,False,0,0,EXPIRED,False,-10.88,0.5979,7.85,HOLD,,False,,,0.0,3,False,10.26,8.87,10.47,Below 200DMA — enter on recovery above 200DMA,7,2026-06-18,,False,False,False,False,,0,False,False,False,False,False,False,48.3,6,89.0
SADBHIN,SADBHAV INFRA.,AVOID,0.0,0.0,CAUTION,3.5,0.5,ILLIQUID,nan,False,1,1,FRESH,True,-13.96,0.1593,6.48,HOLD,,False,,,0.0,4,False,3.43,2.86,3.5,Below 200DMA — enter on recovery above 200DMA,7,2026-06-18,,False,False,False,False,,0,False,False,False,False,False,False,48.3,6,89.0
SADHNANIQ,SADHANA NITRO,AVOID,0.0,0.0,CAUTION,3.5,0.5,RESTRICTED,nan,False,1,1,EXPIRED,True,-50.57,0.07,3.22,HOLD,,False,,,0.0,3,False,5.28,2.53,5.39,Below 200DMA — enter on recovery above 200DMA,7,2026-06-18,2.69,True,False,False,False,LOW_ROE(2.7%),0,False,False,False,False,False,False,48.3,6,89.0
SAGARDEEP,SAGARDEEP ALLOYS,AVOID,0.0,0.0,CAUTION,3.5,0.5,ILLIQUID,nan,False,1,1,EXPIRED,True,-2.86,1.325,6.34,HOLD,,False,,,0.0,3,False,25.8,24.31,26.32,Below 200DMA — enter on recovery above 200DMA,7,2026-06-18,6.41,True,False,False,False,LOW_ROE(6.4%),0,False,False,False,False,False,False,48.3,6,89.0
SAGCEM,SAGAR CEMENTS,AVOID,0.0,0.0,CAUTION,3.5,0.5,RESTRICTED,nan,False,0,0,EXPIRED,False,-15.61,5.1529,3.53,HOLD,,False,,,0.0,2,False,207.6,169.94,211.75,Below 200DMA — enter on recovery above 200DMA,7,2026-06-18,-12.18,True,False,False,False,LOW_ROE(-12.2%),0,False,False,False,False,False,False,48.3,6,89.0
RUDRA,RUDRA GLOBAL,AVOID,0.0,0.0,CAUTION,3.5,0.5,ILLIQUID,nan,False,0,0,EXPIRED,False,-7.26,0.6436,4.16,HOLD,,False,,,0.0,2,False,20.03,18.02,20.43,Below 200DMA — enter on recovery above 200DMA,7,2026-06-18,9.13,True,False,False,False,LOW_ROE(9.1%),0,False,False,False,False,False,False,48.3,6,89.0
RUCHIRA,RUCHIRA PAPERS,AVOID,0.0,0.0,CAUTION,3.5,0.5,RESTRICTED,nan,False,0,0,EXPIRED,False,-10.43,4.2093,4.6,HOLD,,False,,,0.0,3,False,122.61,106.53,125.06,Below 200DMA — enter on recovery above 200DMA,7,2026-06-18,14.44,False,False,False,False,,0,False,False,False,False,False,False,48.3,6,89.0
RUCHINFRA,RUCHI INFRASTR.,AVOID,0.0,0.0,CAUTION,3.5,0.5,ILLIQUID,nan,False,1,1,EXPIRED,True,-3.24,0.26,4.94,HOLD,,False,,,0.0,3,False,6.52,6.12,6.65,Below 200DMA — enter on recovery above 200DMA,7,2026-06-18,0.84,True,False,False,False,LOW_ROE(0.8%),0,False,False,False,False,False,False,48.3,6,89.0
ROCKINGDCE,ROCKINGDEALS CIR,AVOID,0.0,0.0,CAUTION,3.5,0.5,ILLIQUID,nan,False,0,0,EXPIRED,False,-6.32,12.675,7.98,HOLD,,False,,,0.0,3,False,203.57,184.98,207.64,Below 200DMA — enter on recovery above 200DMA,7,2026-06-18,13.21,False,True,False,False,HIGH_PE(78x vs ind 21x),0,False,False,False,False,False,False,48.3,6,89.0
ROHLTD,ROYAL ORCH.HOTEL,AVOID,0.0,0.0,CAUTION,3.5,0.5,NORMAL,nan,False,0,0,EXPIRED,False,-16.76,12.8429,4.63,HOLD,,False,,,0.0,3,False,400.28,323.2,408.29,Below 200DMA — enter on recovery above 200DMA,7,2026-06-18,20.47,False,False,False,False,,0,False,False,False,False,False,False,48.3,6,89.0
ROLLT,ROLLATAINERS,AVOID,0.0,0.0,CAUTION,3.5,0.5,ILLIQUID,nan,False,1,1,EXPIRED,True,114.44,0.185,7.18,EXIT,PROFIT_ZONE: +114% above 200DMA | EXTENDED: 19.1× ATR above 200DMA,False,,,0.0,4,False,1.44,2.72,3.0,Extended — wait for ATR pullback,7,2026-06-18,,False,False,False,False,,0,False,False,False,False,False,False,48.3,6,89.0
ROML,RAJ OIL MILLS,AVOID,0.0,0.0,CAUTION,3.5,0.5,ILLIQUID,nan,False,1,1,EXPIRED,True,-3.99,1.6571,4.38,HOLD,,False,,,0.0,4,False,47.33,44.08,48.28,Below 200DMA — enter on recovery above 200DMA,7,2026-06-18,,False,False,False,False,,0,False,False,False,False,False,False,48.3,6,89.0
ROSSELLIND,ROSSELL INDIA,AVOID,0.0,0.0,CAUTION,3.5,0.5,ILLIQUID,nan,False,1,1,EXPIRED,True,2.94,2.2386,4.8,HOLD,,False,,,0.0,3,False,54.31,52.68,57.03,Near 200DMA — ideal dip entry zone,7,2026-06-18,10.37,True,False,False,False,LOW_ROE(10.4%),0,False,False,False,False,False,False,48.3,6,89.0
ROXHITECH,ROX HI-TECH,AVOID,0.0,0.0,CAUTION,3.5,0.5,ILLIQUID,nan,False,0,0,EXPIRED,False,-25.34,1.5643,6.33,HOLD,,False,,,0.0,3,False,39.71,28.76,40.5,Below 200DMA — enter on recovery above 200DMA,7,2026-06-18,18.1,False,False,False,False,,0,False,False,False,False,False,False,48.3,6,89.0
RPGLIFE,RPG LIFESCIENCE.,AVOID,0.0,0.0,CAUTION,3.5,0.5,NORMAL,nan,False,1,1,FRESH,True,5.0,86.1357,4.49,HOLD,,False,,,0.0,4,False,2192.39,2126.62,2302.01,Near 200DMA — ideal dip entry zone,7,2026-06-18,34.54,False,False,False,False,,0,True,True,False,False,False,False,48.3,6,89.0
RPPL,RAJSHREE POLYPAC,AVOID,0.0,0.0,CAUTION,3.5,0.5,ILLIQUID,nan,False,1,1,EXPIRED,True,1.58,1.3243,8.66,HOLD,,False,,,0.0,3,False,18.07,17.53,18.97,Near 200DMA — ideal dip entry zone,7,2026-06-18,4.93,True,False,False,False,LOW_ROE(4.9%),0,False,False,False,False,False,False,48.3,6,89.0
RPSGVENT,RPSG VENTURES,AVOID,0.0,0.0,CAUTION,3.5,0.5,NORMAL,nan,False,0,0,EXPIRED,False,7.99,27.1536,3.72,HOLD,,False,,,0.0,2,False,811.81,787.46,852.4,Near 200DMA — ideal dip entry zone,7,2026-06-18,-1.84,True,False,False,False,LOW_ROE(-1.8%),0,False,False,False,False,False,False,48.3,6,89.0
RRIL,NAN,AVOID,0.0,0.0,CAUTION,3.5,0.5,ILLIQUID,nan,False,1,1,EXPIRED,True,2.92,0.9593,5.83,HOLD,,False,,,0.0,4,False,19.18,18.6,20.14,Near 200DMA — ideal dip entry zone,7,2026-06-18,,False,False,False,False,,0,False,False,False,False,False,False,48.3,6,89.0
RSDFIN,NAN,AVOID,0.0,0.0,CAUTION,3.5,0.5,ILLIQUID,nan,False,0,0,FRESH,False,-3.38,5.7671,8.59,HOLD,,False,,,0.0,3,False,83.34,78.1,85.01,Below 200DMA — enter on recovery above 200DMA,7,2026-06-18,,False,False,False,False,,0,False,False,False,False,False,False,48.3,6,89.0
RSSOFTWARE,R S SOFTWARE (I),AVOID,0.0,0.0,CAUTION,3.5,0.5,ILLIQUID,nan,False,0,0,EXPIRED,False,-30.05,1.3479,4.87,HOLD,,False,,,0.0,2,False,47.48,32.21,48.43,Below 200DMA — enter on recovery above 200DMA,7,2026-06-18,-39.82,True,False,False,False,LOW_ROE(-39.8%),0,False,False,False,False,False,False,48.3,6,89.0
RTNINDIA,RATTANINDIA ENT,AVOID,0.0,0.0,CAUTION,3.5,0.5,NORMAL,nan,False,1,1,EXPIRED,True,-13.04,2.0136,6.84,HOLD,,False,,,0.0,3,False,40.63,34.27,41.44,Below 200DMA — enter on recovery above 200DMA,7,2026-06-18,9.16,True,False,False,False,LOW_ROE(9.2%),0,False,False,False,False,False,False,48.3,6,89.0
RTNPOWER,RATTANINDIA POW.,AVOID,0.0,0.0,CAUTION,3.5,0.5,NORMAL,nan,False,0,0,FRESH,False,-4.4,0.385,4.94,HOLD,,False,,,0.0,2,False,9.78,9.07,9.98,Below 200DMA — enter on recovery above 200DMA,7,2026-06-18,4.84,True,False,False,False,LOW_ROE(4.8%),0,False,False,False,False,False,False,48.3,6,89.0
RUBFILA,RUBFILA INTL.,AVOID,0.0,0.0,CAUTION,3.5,0.5,RESTRICTED,nan,False,0,0,EXPIRED,False,-1.5,2.82,4.63,HOLD,,False,,,0.0,2,False,74.12,70.82,75.6,Below 200DMA — enter on recovery above 200DMA,7,2026-06-18,9.82,True,False,False,False,LOW_ROE(9.8%),0,True,True,False,False,False,False,48.3,6,89.0
RPOWER,RELIANCE POWER,AVOID,0.0,0.0,CAUTION,3.5,0.5,NORMAL,nan,False,0,0,FRESH,False,-20.26,1.2014,5.37,HOLD,,False,,,0.0,3,False,33.67,26.04,34.34,Below 200DMA — enter on recovery above 200DMA,7,2026-06-18,18.04,False,False,False,False,,0,False,False,False,False,False,False,48.3,6,89.0
SHRENIK,SHRENIK,LANDMINE,0.0,0.0,CAUTION,3.5,0.5,ILLIQUID,nan,False,0,0,EXPIRED,False,-21.11,0.0186,6.2,HOLD,,False,,,0.0,2,False,0.46,0.35,0.47,Below 200DMA — enter on recovery above 200DMA,7,2026-06-18,0.39,True,False,False,False,LOW_ROE(0.4%),0,False,False,False,False,False,False,48.3,6,89.0
SHREYANIND,SHREYANS INDS.,AVOID,0.0,0.0,CAUTION,3.5,0.5,ILLIQUID,nan,False,0,0,EXPIRED,False,-24.67,7.9514,7.07,HOLD,,False,,,0.0,2,False,179.27,130.99,182.86,Below 200DMA — enter on recovery above 200DMA,7,2026-06-18,11.87,True,False,False,False,LOW_ROE(11.9%),0,False,False,False,False,False,False,48.3,6,89.0
SHRIKRISH,NAN,AVOID,0.0,0.0,CAUTION,3.5,0.5,ILLIQUID,nan,False,0,0,FRESH,False,-0.51,2.8007,7.85,HOLD,,False,,,0.0,3,False,43.01,41.51,43.87,Below 200DMA — enter on recovery above 200DMA,7,2026-06-18,,False,False,False,False,,0,False,False,False,False,False,False,48.3,6,89.0
SHUBHLAXMI,SHUBHLAXMI JEWEL,AVOID,0.0,0.0,CAUTION,3.5,0.5,ILLIQUID,nan,False,1,1,EXPIRED,True,6.64,1.3786,6.34,HOLD,,False,,,0.0,3,False,24.47,23.74,25.69,Near 200DMA — ideal dip entry zone,7,2026-06-18,5.48,True,False,False,False,LOW_ROE(5.5%),0,False,False,False,False,False,False,48.3,6,89.0
SHYAMCENT,SHYAM CENTURY,AVOID,0.0,0.0,CAUTION,3.5,0.5,ILLIQUID,nan,False,0,0,EXPIRED,False,-15.95,0.3107,7.52,HOLD,,False,,,0.0,2,False,5.9,4.81,6.02,Below 200DMA — enter on recovery above 200DMA,7,2026-06-18,-5.57,True,False,False,False,LOW_ROE(-5.6%),0,True,True,False,False,False,False,48.3,6,89.0
SHYAMMETL,SHYAM METALICS,AVOID,0.0,0.0,CAUTION,3.5,0.5,NORMAL,nan,False,1,1,FRESH,True,10.14,23.275,2.92,HOLD,,False,,,0.0,3,False,867.61,841.58,910.99,Near 200DMA — ideal dip entry zone,7,2026-06-18,8.6,True,False,False,False,LOW_ROE(8.6%),0,True,True,False,False,False,False,48.3,6,89.0
SHYAMTEL,SHYAM TELECOM,AVOID,0.0,0.0,CAUTION,3.5,0.5,ILLIQUID,nan,False,0,0,FRESH,False,29.09,0.4807,3.34,PARTIAL_EXIT,EXTENDED: 10.4× ATR above 200DMA,False,,,0.0,3,False,13.36,16.29,17.01,Extended — wait for ATR pullback,7,2026-06-18,,False,False,False,False,,0,True,True,False,False,False,False,48.3,6,89.0
SICAGEN,NAN,AVOID,0.0,0.0,CAUTION,3.5,0.5,ILLIQUID,nan,False,1,1,EXPIRED,True,3.1,3.115,6.93,HOLD,,False,,,0.0,4,False,52.34,50.77,54.96,Near 200DMA — ideal dip entry zone,7,2026-06-18,,False,False,False,False,,0,False,False,False,False,False,False,48.3,6,89.0
SICALLOG,SICAL LOGISTICS,AVOID,0.0,0.0,CAUTION,3.5,0.5,RESTRICTED,nan,False,1,1,EXPIRED,True,17.05,3.7979,4.72,HOLD,,False,,,0.0,4,False,82.57,89.04,94.74,Extended — wait for ATR pullback,7,2026-06-18,,False,False,False,False,,0,False,False,False,False,False,False,48.3,6,89.0
SIDDHIKA,SIDDHIKA COATINS,AVOID,0.0,0.0,CAUTION,3.5,0.5,ILLIQUID,nan,False,0,0,EXPIRED,False,-1.66,8.6679,5.04,HOLD,,False,,,0.0,3,False,209.89,200.21,214.09,Below 200DMA — enter on recovery above 200DMA,7,2026-06-18,22.09,False,False,False,False,,0,False,False,False,False,False,False,48.3,6,89.0
SHIVALIK,SHIVALIK RASAYAN,AVOID,0.0,0.0,CAUTION,3.5,0.5,NORMAL,nan,False,0,0,FRESH,False,-34.56,15.7464,8.5,HOLD,,False,,,0.0,2,False,339.55,215.53,346.34,Below 200DMA — enter on recovery above 200DMA,7,2026-06-18,4.02,True,False,False,False,LOW_ROE(4.0%),0,False,False,False,False,False,False,48.3,6,89.0
SHIVAMAUTO,SHIVAM AUTOTECH,AVOID,0.0,0.0,CAUTION,3.5,0.5,ILLIQUID,nan,False,0,0,EXPIRED,False,-27.89,0.825,5.9,HOLD,,False,,,0.0,2,False,23.28,16.29,23.75,Below 200DMA — enter on recovery above 200DMA,7,2026-06-18,-152.6,True,False,False,False,LOW_ROE(-152.6%),0,False,False,False,False,False,False,48.3,6,89.0
SHIVAMILLS,SHIVA MILLS,AVOID,0.0,0.0,CAUTION,3.5,0.5,ILLIQUID,nan,False,0,0,EXPIRED,False,0.43,3.1829,6.16,HOLD,,False,,,0.0,2,False,61.78,59.93,64.87,Near 200DMA — ideal dip entry zone,7,2026-06-18,-4.12,True,False,False,False,LOW_ROE(-4.1%),0,True,True,False,False,False,False,48.3,6,89.0
SHIVATEX,SHIVA TEXYARN,AVOID,0.0,0.0,CAUTION,3.5,0.5,ILLIQUID,nan,False,0,0,EXPIRED,False,-11.02,7.7629,6.17,HOLD,,False,,,0.0,2,False,169.64,146.41,173.03,Below 200DMA — enter on recovery above 200DMA,7,2026-06-18,8.89,True,False,False,False,LOW_ROE(8.9%),0,False,False,False,False,False,False,48.3,6,89.0
SHIVAUM,SHIV AUM STEELS,AVOID,0.0,0.0,CAUTION,3.5,0.5,ILLIQUID,nan,False,1,1,EXPIRED,True,19.22,5.5893,1.82,HOLD,,False,,,0.0,3,False,309.52,357.82,366.21,Extended — wait for ATR pullback,7,2026-06-18,8.42,True,True,False,False,LOW_ROE(8.4%) | HIGH_PE(96x vs ind 21x),0,False,False,False,False,False,False,48.3,6,89.0
SHK,S H KELKAR & CO.,AVOID,0.0,0.0,CAUTION,3.5,0.5,NORMAL,nan,False,1,1,EXPIRED,True,-19.58,5.58,4.86,HOLD,,False,,,0.0,3,False,171.25,133.59,174.68,Below 200DMA — enter on recovery above 200DMA,7,2026-06-18,5.76,True,False,False,False,LOW_ROE(5.8%),0,False,False,False,False,False,False,48.3,6,89.0
SHOPERSTOP,SHOPPERS STOP,AVOID,0.0,0.0,CAUTION,3.5,0.5,NORMAL,nan,False,1,1,EXPIRED,True,-10.47,13.8357,4.62,HOLD,,False,,,0.0,3,False,401.14,348.38,409.16,Below 200DMA — enter on recovery above 200DMA,7,2026-06-18,3.39,True,False,False,False,LOW_ROE(3.4%),0,False,False,False,False,False,False,48.3,6,89.0
SHRADHA,SHRADHA REALTY,AVOID,0.0,0.0,CAUTION,3.5,0.5,ILLIQUID,nan,False,0,0,EXPIRED,False,-15.5,1.9371,6.74,HOLD,,False,,,0.0,3,False,40.84,33.47,41.66,Below 200DMA — enter on recovery above 200DMA,7,2026-06-18,12.1,False,False,False,False,,0,False,False,False,False,False,False,48.3,6,89.0
SHREDIGCEM,SH. DIGVIJAY CEM,AVOID,0.0,0.0,CAUTION,3.5,0.5,RESTRICTED,nan,False,1,1,FRESH,True,-6.08,3.065,4.87,HOLD,,False,,,0.0,3,False,80.37,73.22,81.98,Below 200DMA — enter on recovery above 200DMA,7,2026-06-18,6.92,True,False,False,False,LOW_ROE(6.9%),0,False,False,False,False,False,False,48.3,6,89.0
SHREECEM,SHREE CEMENT,AVOID,0.0,0.0,CAUTION,3.5,0.5,NORMAL,nan,False,1,1,EXPIRED,True,-5.82,570.3571,2.74,HOLD,,False,,,0.0,3,False,26514.0,24220.9,27044.28,Below 200DMA — enter on recovery above 200DMA,7,2026-06-18,5.21,True,False,False,False,LOW_ROE(5.2%),0,True,True,False,False,False,False,48.3,6,89.0
SHREEKARNI,SHREE KARNI,AVOID,0.0,0.0,CAUTION,3.5,0.5,ILLIQUID,nan,False,1,1,EXPIRED,True,-3.11,11.6357,3.04,HOLD,,False,,,0.0,4,False,473.73,445.23,483.2,Below 200DMA — enter on recovery above 200DMA,7,2026-06-18,16.77,False,False,False,False,,0,False,False,False,False,False,False,48.3,6,89.0
SHILCTECH,SHILCHAR TECH.,AVOID,0.0,0.0,CAUTION,3.5,0.5,NORMAL,nan,False,0,0,FRESH,False,9.84,154.3857,4.21,HOLD,,False,,,0.0,3,False,4008.08,3887.84,4208.48,Near 200DMA — ideal dip entry zone,7,2026-06-18,42.34,False,False,False,False,,0,True,True,False,False,False,False,48.3,6,89.0
SHREEOSFM,SHREE OSFM,AVOID,0.0,0.0,CAUTION,3.5,0.5,ILLIQUID,nan,False,0,0,EXPIRED,False,-28.7,2.2821,4.47,HOLD,,False,,,0.0,3,False,85.83,59.36,87.55,Below 200DMA — enter on recovery above 200DMA,7,2026-06-18,13.51,False,False,False,False,,0,False,False,False,False,False,False,48.3,6,89.0
SIGIND,SIGNET INDUSTRIE,AVOID,0.0,0.0,CAUTION,3.5,0.5,ILLIQUID,nan,False,0,0,EXPIRED,False,-4.76,2.2257,5.47,HOLD,,False,,,0.0,2,False,51.3,47.39,52.33,Below 200DMA — enter on recovery above 200DMA,7,2026-06-18,6.69,True,False,False,False,LOW_ROE(6.7%),0,False,False,False,False,False,False,48.3,6,89.0
SHIGAN,SHIGAN QUANTUM,AVOID,0.0,0.0,CAUTION,3.5,0.5,ILLIQUID,nan,False,1,1,EXPIRED,True,15.01,3.3357,5.49,HOLD,,False,,,0.0,3,False,63.43,66.28,71.28,Extended — wait for ATR pullback,7,2026-06-18,9.4,True,False,False,False,LOW_ROE(9.4%),0,False,False,False,False,False,False,48.3,6,89.0
SHEMAROO,SHEMAROO ENTERT.,AVOID,0.0,0.0,CAUTION,3.5,0.5,RESTRICTED,nan,False,1,1,FRESH,True,22.14,7.0371,6.52,PARTIAL_EXIT,EXTENDED: 4.1× ATR above 200DMA,False,,,0.0,3,False,106.05,115.46,126.01,Extended — wait for ATR pullback,7,2026-06-18,-18.01,True,False,False,False,LOW_ROE(-18.0%),0,False,False,False,False,False,False,48.3,6,89.0
SETUINFRA,SETUBANDHAN INF.,AVOID,0.0,0.0,CAUTION,3.5,0.5,ILLIQUID,nan,False,0,0,EXPIRED,False,-19.38,0.0264,7.54,HOLD,,False,,,0.0,2,False,0.52,0.41,0.53,Below 200DMA — enter on recovery above 200DMA,7,2026-06-18,0.18,True,False,False,False,LOW_ROE(0.2%),0,False,False,False,False,False,False,48.3,6,89.0
SEYAIND,SEYA INDUSTRIES,AVOID,0.0,0.0,CAUTION,3.5,0.5,ILLIQUID,nan,False,0,0,EXPIRED,False,-18.76,0.4414,4.07,HOLD,,False,,,0.0,2,False,16.03,12.63,16.35,Below 200DMA — enter on recovery above 200DMA,7,2026-06-18,-0.77,True,False,False,False,LOW_ROE(-0.8%),0,False,False,False,False,False,False,48.3,6,89.0
SFL,SHEELA FOAM,AVOID,0.0,0.0,CAUTION,3.5,0.5,NORMAL,nan,False,1,1,EXPIRED,True,17.83,25.6286,4.33,HOLD,,False,,,0.0,3,False,602.34,658.49,696.94,Extended — wait for ATR pullback,7,2026-06-18,3.17,True,False,False,False,LOW_ROE(3.2%),0,False,False,False,False,False,False,48.3,6,89.0
SGIL,SYNERGY GREEN,AVOID,0.0,0.0,CAUTION,3.5,0.5,NORMAL,nan,False,1,1,EXPIRED,True,10.5,31.7464,6.48,HOLD,,False,,,0.0,4,False,531.95,515.99,558.55,Near 200DMA — ideal dip entry zone,7,2026-06-18,15.68,False,True,False,False,HIGH_PE(96x vs ind 23x),0,False,False,False,False,False,False,48.3,6,89.0
SGL,STL GLOBAL,AVOID,0.0,0.0,CAUTION,3.5,0.5,ILLIQUID,nan,False,0,0,EXPIRED,False,-15.09,0.9193,10.29,HOLD,,False,,,0.0,2,False,12.62,10.4,12.87,Below 200DMA — enter on recovery above 200DMA,7,2026-06-18,-2.5,True,True,False,False,LOW_ROE(-2.5%) | HIGH_PE(265x vs ind 16x),0,False,False,False,False,False,False,48.3,6,89.0
SHAHALLOYS,SHAH ALLOYS,AVOID,0.0,0.0,CAUTION,3.5,0.5,ILLIQUID,nan,False,0,0,EXPIRED,False,-2.2,3.1779,5.72,HOLD,,False,,,0.0,3,False,68.17,64.67,69.53,Below 200DMA — enter on recovery above 200DMA,7,2026-06-18,,False,False,False,False,,0,False,False,False,False,False,False,48.3,6,89.0
SHALPAINTS,SHALIMAR PAINTS,AVOID,0.0,0.0,CAUTION,3.5,0.5,ILLIQUID,nan,False,1,1,EXPIRED,True,-16.76,2.39,5.53,HOLD,,False,,,0.0,3,False,62.34,50.33,63.59,Below 200DMA — enter on recovery above 200DMA,7,2026-06-18,-25.45,True,False,False,False,LOW_ROE(-25.4%),0,False,False,False,False,False,False,48.3,6,89.0
SHANKARA,SHANKARA BUILDING,AVOID,0.0,0.0,CAUTION,3.5,0.5,RESTRICTED,nan,False,0,0,FRESH,False,-44.69,2.3693,2.43,HOLD,,False,,,0.0,2,False,211.7,113.58,215.93,Below 200DMA — enter on recovery above 200DMA,7,2026-06-18,8.92,True,False,False,False,LOW_ROE(8.9%),0,False,False,False,False,False,False,48.3,6,89.0
SHANTHALA,SHANTHALA FMCG,AVOID,0.0,0.0,CAUTION,3.5,0.5,ILLIQUID,nan,False,0,0,EXPIRED,False,-25.11,1.2464,6.47,HOLD,,False,,,0.0,2,False,30.85,22.41,31.47,Below 200DMA — enter on recovery above 200DMA,7,2026-06-18,4.25,True,False,False,False,LOW_ROE(4.2%),0,False,False,False,False,False,False,48.3,6,89.0
SHANTI,SHANTI OVERSEAS,AVOID,0.0,0.0,CAUTION,3.5,0.5,ILLIQUID,nan,False,0,0,EXPIRED,False,-21.92,0.3636,6.83,HOLD,,False,,,0.0,2,False,8.18,6.2,8.34,Below 200DMA — enter on recovery above 200DMA,7,2026-06-18,-24.28,True,False,False,False,LOW_ROE(-24.3%),0,False,False,False,False,False,False,48.3,6,89.0
SHANTIGEAR,SHANTHI GEARS,AVOID,0.0,0.0,CAUTION,3.5,0.5,RESTRICTED,nan,False,0,0,FRESH,False,-4.43,6.0321,1.6,HOLD,,False,,,0.0,3,False,473.25,438.73,482.72,Below 200DMA — enter on recovery above 200DMA,7,2026-06-18,23.83,False,False,False,False,,0,True,True,False,False,False,False,48.3,6,89.0
SHARDUL,NAN,AVOID,0.0,0.0,CAUTION,3.5,0.5,ILLIQUID,nan,False,0,0,FRESH,False,-1.13,2.5943,10.97,HOLD,,False,,,0.0,3,False,28.7,27.53,29.27,Below 200DMA — enter on recovery above 200DMA,7,2026-06-18,,False,False,False,False,,0,False,False,False,False,False,False,48.3,6,89.0
SHBAJRG,NAN,AVOID,0.0,0.0,CAUTION,3.5,0.5,ILLIQUID,nan,False,1,1,EXPIRED,True,9.07,14.3843,8.99,HOLD,,False,,,0.0,4,False,176.0,170.72,184.8,Near 200DMA — ideal dip entry zone,7,2026-06-18,,False,False,False,False,,0,False,False,False,False,False,False,48.3,6,89.0
SHEETAL,SHEETAL UNIVER.,AVOID,0.0,0.0,CAUTION,3.5,0.5,RESTRICTED,nan,False,1,1,EXPIRED,True,47.06,5.4893,2.26,PARTIAL_EXIT,PROFIT_ZONE: +47% above 200DMA | EXTENDED: 25.0× ATR above 200DMA,False,,,0.0,4,False,198.55,281.02,289.26,Extended — wait for ATR pullback,7,2026-06-18,21.21,False,False,False,False,,0,False,False,False,False,False,False,48.3,6,89.0
SHEKHAWATI,SHEKHAWATI INDS,AVOID,0.0,0.0,CAUTION,3.5,0.5,ILLIQUID,nan,False,1,1,EXPIRED,True,-13.94,0.8843,7.18,HOLD,,False,,,0.0,4,False,17.16,14.33,17.5,Below 200DMA — enter on recovery above 200DMA,7,2026-06-18,47.64,False,False,False,False,,0,True,True,False,False,False,False,48.3,6,89.0
SHALBY,SHALBY,AVOID,0.0,0.0,CAUTION,3.5,0.5,NORMAL,nan,False,1,1,FRESH,True,-9.59,7.2364,5.06,HOLD,,False,,,0.0,3,False,189.82,166.46,193.62,Below 200DMA — enter on recovery above 200DMA,7,2026-06-18,0.63,True,True,False,False,LOW_ROE(0.6%) | HIGH_PE(180x vs ind 44x),0,False,False,False,False,False,False,48.3,6,89.0
SIGMA,SIGMA SOLVE,AVOID,0.0,0.0,CAUTION,3.5,0.5,RESTRICTED,nan,False,0,0,EXPIRED,False,-18.29,2.2079,6.82,HOLD,,False,,,0.0,3,False,47.57,37.7,48.52,Below 200DMA — enter on recovery above 200DMA,7,2026-06-18,38.62,False,False,False,False,,0,True,True,False,False,False,False,48.3,6,89.0
SIGNORIA,SIGNORIA CREATIO,AVOID,0.0,0.0,CAUTION,3.5,0.5,ILLIQUID,nan,False,1,1,EXPIRED,True,2.41,2.4893,3.73,HOLD,,False,,,0.0,4,False,78.12,75.78,82.03,Near 200DMA — ideal dip entry zone,7,2026-06-18,15.63,False,False,False,False,,0,False,False,False,False,False,False,48.3,6,89.0
SIMBHALS,SIMBHAOLI SUGAR,AVOID,0.0,0.0,CAUTION,3.5,0.5,ILLIQUID,nan,False,0,0,EXPIRED,False,-31.85,0.3929,6.85,HOLD,,False,,,0.0,3,False,10.1,6.67,10.3,Below 200DMA — enter on recovery above 200DMA,7,2026-06-18,,False,False,False,False,,0,False,False,False,False,False,False,48.3,6,89.0
SIMPLEXINF,SIMPLEX INFRA,AVOID,0.0,0.0,CAUTION,3.5,0.5,NORMAL,nan,False,1,1,EXPIRED,True,14.46,16.4286,6.99,HOLD,,False,,,0.0,3,False,246.24,238.85,258.55,Near 200DMA — ideal dip entry zone,7,2026-06-18,2.21,True,False,False,False,LOW_ROE(2.2%),0,False,False,False,False,False,False,48.3,6,89.0
SINCLAIR,SINCLAIRS HOTELS,AVOID,0.0,0.0,CAUTION,3.5,0.5,RESTRICTED,nan,False,0,0,EXPIRED,False,-9.37,2.6714,4.19,HOLD,,False,,,0.0,3,False,84.36,74.16,86.05,Below 200DMA — enter on recovery above 200DMA,7,2026-06-18,12.06,False,False,False,False,,0,False,False,False,False,False,False,48.3,6,89.0
SINGERIND,NAN,AVOID,0.0,0.0,CAUTION,3.5,0.5,RESTRICTED,nan,False,1,1,FRESH,True,1.21,2.8286,4.72,HOLD,,False,,,0.0,4,False,71.0,68.87,74.55,Near 200DMA — ideal dip entry zone,7,2026-06-18,,False,False,False,False,,0,False,False,False,False,False,False,48.3,6,89.0
SINTERCOM,SINTERCOM INDIA,AVOID,0.0,0.0,CAUTION,3.5,0.5,RESTRICTED,nan,False,1,1,EXPIRED,True,-20.21,4.0107,6.18,HOLD,,False,,,0.0,3,False,97.64,75.57,99.59,Below 200DMA — enter on recovery above 200DMA,7,2026-06-18,0.66,True,True,False,False,LOW_ROE(0.7%) | HIGH_PE(231x vs ind 28x),0,False,False,False,False,False,False,48.3,6,89.0
SIS,SIS,AVOID,0.0,0.0,CAUTION,3.5,0.5,NORMAL,nan,False,1,1,FRESH,True,26.85,21.0,5.91,PARTIAL_EXIT,EXTENDED: 5.5× ATR above 200DMA,False,,,0.0,3,False,336.14,384.4,415.9,Extended — wait for ATR pullback,7,2026-06-18,0.49,True,False,False,False,LOW_ROE(0.5%),0,False,False,False,False,False,False,48.3,6,89.0
SITINET,SITI NETWORKS,AVOID,0.0,0.0,CAUTION,3.5,0.5,ILLIQUID,nan,False,1,1,EXPIRED,True,-6.77,0.0171,5.7,HOLD,,False,,,0.0,4,False,0.39,0.35,0.4,Below 200DMA — enter on recovery above 200DMA,7,2026-06-18,,False,False,False,False,,0,False,False,False,False,False,False,48.3,6,89.0
SJLOGISTIC,S J LOGISTICS (I,AVOID,0.0,0.0,CAUTION,3.5,0.5,NORMAL,nan,False,1,1,EXPIRED,True,-1.65,26.9214,9.51,HOLD,,False,,,0.0,4,False,345.45,329.56,352.36,Below 200DMA — enter on recovery above 200DMA,7,2026-06-18,24.14,False,False,False,False,,0,False,False,False,False,False,False,48.3,6,89.0
SJVN,SJVN,AVOID,0.0,0.0,CAUTION,3.5,0.5,NORMAL,nan,False,0,0,EXPIRED,False,-5.37,1.8271,2.97,HOLD,,False,,,0.0,2,False,78.06,71.65,79.62,Below 200DMA — enter on recovery above 200DMA,7,2026-06-18,5.78,True,False,False,False,LOW_ROE(5.8%),0,False,False,False,False,False,False,48.3,6,89.0
SKFINDIA,SKF INDIA,AVOID,0.0,0.0,CAUTION,3.5,0.5,NORMAL,nan,False,0,0,EXPIRED,False,-28.37,48.6428,3.59,HOLD,,False,,,0.0,3,False,2272.37,1578.87,2317.82,Below 200DMA — enter on recovery above 200DMA,7,2026-06-18,21.78,False,False,False,False,,0,True,True,False,False,False,False,48.3,6,89.0
SKP,SKP BEARING,AVOID,0.0,0.0,CAUTION,3.5,0.5,ILLIQUID,nan,False,0,0,EXPIRED,False,-17.01,6.2429,4.93,HOLD,,False,,,0.0,2,False,183.16,147.44,186.82,Below 200DMA — enter on recovery above 200DMA,7,2026-06-18,5.81,True,True,False,False,LOW_ROE(5.8%) | HIGH_PE(69x vs ind 23x),0,False,False,False,False,False,False,48.3,6,89.0
SLONE,SLONE INFOSYS.,AVOID,0.0,0.0,CAUTION,3.5,0.5,ILLIQUID,nan,False,0,0,EXPIRED,False,-48.75,6.2179,6.12,HOLD,,False,,,0.0,3,False,238.07,118.34,242.83,Below 200DMA — enter on recovery above 200DMA,7,2026-06-18,18.98,False,False,False,False,,0,False,False,False,False,False,False,48.3,6,89.0
SKFINDUS,SKF INDIA INDUS.,AVOID,0.0,0.0,CAUTION,3.5,0.5,NORMAL,nan,False,1,1,EXPIRED,True,6.17,109.9143,5.22,HOLD,,False,,,0.0,4,False,2380.86,2309.43,2499.9,Near 200DMA — ideal dip entry zone,7,2026-06-18,,False,False,False,False,,0,False,False,False,False,False,False,48.3,6,89.0
SIKA,NAN,AVOID,0.0,0.0,CAUTION,3.5,0.5,NORMAL,nan,False,0,0,EXPIRED,False,-3.43,35.7107,4.65,HOLD,,False,,,0.0,3,False,954.86,894.49,973.96,Below 200DMA — enter on recovery above 200DMA,7,2026-06-18,,False,False,False,False,,0,False,False,False,False,False,False,48.3,6,89.0
SIKKO,SIKKO INDUSTRIES,AVOID,0.0,0.0,CAUTION,3.5,0.5,ILLIQUID,nan,False,0,0,EXPIRED,False,-17.17,0.1629,5.12,HOLD,,False,,,0.0,2,False,4.61,3.71,4.7,Below 200DMA — enter on recovery above 200DMA,7,2026-06-18,5.24,True,False,False,False,LOW_ROE(5.2%),0,False,False,False,False,False,False,48.3,6,89.0
SIL,STANDARD INDS.,AVOID,0.0,0.0,CAUTION,3.5,0.5,ILLIQUID,nan,False,1,1,FRESH,True,-2.04,0.8286,6.34,HOLD,,False,,,0.0,3,False,16.01,15.21,16.33,Below 200DMA — enter on recovery above 200DMA,7,2026-06-18,-11.31,True,False,False,False,LOW_ROE(-11.3%),0,True,True,False,False,False,False,48.3,6,89.0
SILINV,SIL INVESTMENTS,AVOID,0.0,0.0,CAUTION,3.5,0.5,ILLIQUID,nan,False,0,0,EXPIRED,False,-14.87,13.975,3.91,HOLD,,False,,,0.0,2,False,504.16,416.32,514.24,Below 200DMA — enter on recovery above 200DMA,7,2026-06-18,0.98,True,False,False,False,LOW_ROE(1.0%),0,True,True,False,False,False,False,48.3,6,89.0
SILLYMONKS,SILLY MONKS,AVOID,0.0,0.0,CAUTION,3.5,0.5,ILLIQUID,nan,False,1,1,EXPIRED,True,-8.89,1.6629,11.72,HOLD,,False,,,0.0,3,False,18.68,16.51,19.05,Below 200DMA — enter on recovery above 200DMA,7,2026-06-18,2.66,True,False,False,False,LOW_ROE(2.7%),0,True,True,False,False,False,False,48.3,6,89.0
SIGNATURE,SIGNATUREGLOBAL,AVOID,0.0,0.0,CAUTION,3.5,0.5,NORMAL,nan,False,0,0,AGING,False,-18.5,32.1393,4.87,HOLD,,False,,,0.0,3,False,972.22,768.58,991.66,Below 200DMA — enter on recovery above 200DMA,7,2026-06-18,13.91,False,True,False,False,HIGH_PE(3322x vs ind 24x),0,False,False,False,False,False,False,48.3,6,89.0
SEPC,SEPC,AVOID,0.0,0.0,CAUTION,3.5,0.5,NORMAL,nan,False,0,0,FRESH,False,-19.78,0.5607,9.26,HOLD,,False,,,0.0,2,False,9.06,7.05,9.24,Below 200DMA — enter on recovery above 200DMA,7,2026-06-18,1.65,True,False,False,False,LOW_ROE(1.6%),0,False,False,False,False,False,False,48.3,6,89.0
SERVICE,SERVICE CARE LTD,AVOID,0.0,0.0,CAUTION,3.5,0.5,ILLIQUID,nan,False,0,0,EXPIRED,False,-3.32,0.5964,1.5,HOLD,,False,,,0.0,2,False,49.44,46.37,50.43,Below 200DMA — enter on recovery above 200DMA,7,2026-06-18,4.29,True,False,False,False,LOW_ROE(4.3%),0,False,False,False,False,False,False,48.3,6,89.0
SESHAPAPER,SESHASAYEE PAPER,AVOID,0.0,0.0,CAUTION,3.5,0.5,RESTRICTED,nan,False,0,0,FRESH,False,-10.25,7.6985,4.14,HOLD,,False,,,0.0,2,False,248.43,216.27,253.4,Below 200DMA — enter on recovery above 200DMA,7,2026-06-18,5.49,True,False,False,False,LOW_ROE(5.5%),0,True,True,False,False,False,False,48.3,6,89.0
SETCO,SETCO AUTOMOTIVE,AVOID,0.0,0.0,CAUTION,3.5,0.5,RESTRICTED,nan,False,1,1,EXPIRED,True,75.75,0.3626,2.38,EXIT,PROFIT_ZONE: +76% above 200DMA | EXTENDED: 38.1× ATR above 200DMA,False,,,0.0,4,False,10.38,17.52,18.07,Extended — wait for ATR pullback,7,2026-06-18,,False,False,False,False,,0,False,False,False,False,False,False,48.3,6,89.0
SECMARK,SECMARK CONSULT.,AVOID,0.0,0.0,CAUTION,3.5,0.5,ILLIQUID,nan,False,0,0,EXPIRED,False,4.92,7.7236,7.46,HOLD,,False,,,0.0,3,False,118.41,114.86,124.33,Near 200DMA — ideal dip entry zone,7,2026-06-18,20.93,False,False,False,False,,0,True,True,False,False,False,False,48.3,6,89.0
SEJALLTD,SEJAL GLASS,AVOID,0.0,0.0,CAUTION,3.5,0.5,RESTRICTED,nan,False,1,1,EXPIRED,True,3.93,38.6321,6.09,HOLD,,False,,,0.0,4,False,732.44,710.47,769.06,Near 200DMA — ideal dip entry zone,7,2026-06-18,28.78,False,False,False,False,,0,False,False,False,False,False,False,48.3,6,89.0
SEL,SUNGARNER ENERG.,AVOID,0.0,0.0,CAUTION,3.5,0.5,ILLIQUID,nan,False,0,0,EXPIRED,False,-16.37,6.1321,4.2,HOLD,,False,,,0.0,3,False,209.24,169.75,213.42,Below 200DMA — enter on recovery above 200DMA,7,2026-06-18,14.74,False,False,False,False,,0,False,False,False,False,False,False,48.3,6,89.0
SELMC,SEL MFG. CO,AVOID,0.0,0.0,CAUTION,3.5,0.5,ILLIQUID,nan,False,0,0,EXPIRED,False,-4.38,2.3393,9.47,HOLD,,False,,,0.0,3,False,31.0,28.75,31.62,Below 200DMA — enter on recovery above 200DMA,7,2026-06-18,,False,False,False,False,,0,False,False,False,False,False,False,48.3,6,89.0
SEMAC,SEMAC CONSTRUCT,AVOID,0.0,0.0,CAUTION,3.5,0.5,ILLIQUID,nan,False,1,1,EXPIRED,True,-4.89,18.4929,6.83,HOLD,,False,,,0.0,3,False,341.56,315.1,348.39,Below 200DMA — enter on recovery above 200DMA,7,2026-06-18,-8.05,True,False,False,False,LOW_ROE(-8.1%),0,False,False,False,False,False,False,48.3,6,89.0
SECURKLOUD,SECUREKLOUD TECH,AVOID,0.0,0.0,CAUTION,3.5,0.5,ILLIQUID,nan,False,0,0,EXPIRED,False,-16.26,1.3271,8.41,HOLD,,False,,,0.0,2,False,22.62,18.37,23.07,Below 200DMA — enter on recovery above 200DMA,7,2026-06-18,-56.85,True,False,False,False,LOW_ROE(-56.9%),0,False,False,False,False,False,False,48.3,6,89.0
LFIC,LAK. FIN. & INDL,AVOID,0.0,0.0,CAUTION,3.5,0.5,ILLIQUID,nan,False,1,1,EXPIRED,True,-7.04,7.5986,5.94,HOLD,,False,,,0.0,3,False,165.12,148.89,168.42,Below 200DMA — enter on recovery above 200DMA,7,2026-06-18,6.08,True,False,False,False,LOW_ROE(6.1%),0,True,True,False,False,False,False,48.3,6,89.0
CONTROLPR,CONTROL PRINT,AVOID,0.0,0.0,CAUTION,3.5,0.5,NORMAL,nan,False,0,0,EXPIRED,False,-8.75,14.35,2.75,HOLD,,False,,,0.0,3,False,685.71,606.93,699.42,Below 200DMA — enter on recovery above 200DMA,7,2026-06-18,24.25,False,False,False,False,,0,True,True,False,False,False,False,48.3,6,89.0
COOLCAPS,COOL CAPS,AVOID,0.0,0.0,CAUTION,3.5,0.5,ILLIQUID,nan,False,1,1,EXPIRED,True,-49.05,2.0,8.65,HOLD,,False,,,0.0,4,False,54.46,26.92,55.55,Below 200DMA — enter on recovery above 200DMA,7,2026-06-18,21.84,False,True,False,False,HIGH_PE(330x vs ind 23x),0,False,False,False,False,False,False,48.3,6,89.0
CORALFINAC,CORAL INDIA FIN.,AVOID,0.0,0.0,CAUTION,3.5,0.5,ILLIQUID,nan,False,0,0,EXPIRED,False,-12.94,1.2486,4.61,HOLD,,False,,,0.0,2,False,37.31,31.51,38.06,Below 200DMA — enter on recovery above 200DMA,7,2026-06-18,7.92,True,False,False,False,LOW_ROE(7.9%),0,True,True,False,False,False,False,48.3,6,89.0
CORONA,CORONA REMEDIES,AVOID,0.0,0.0,CAUTION,3.5,0.5,NORMAL,nan,False,1,1,FRESH,True,13.49,77.1786,5.17,HOLD,,False,,,0.0,4,False,1579.3,1531.92,1658.27,Near 200DMA — ideal dip entry zone,7,2026-06-18,24.65,False,False,False,False,,0,True,True,False,False,False,False,48.3,6,89.0
COSMOFIRST,COSMO FIRST,AVOID,0.0,0.0,CAUTION,3.5,0.5,NORMAL,nan,False,1,1,FRESH,True,-0.04,31.825,5.11,HOLD,,False,,,0.0,3,False,747.34,724.64,762.29,Below 200DMA — enter on recovery above 200DMA,7,2026-06-18,9.09,True,False,False,False,LOW_ROE(9.1%),0,False,False,False,False,False,False,48.3,6,89.0
COUNCODOS,COUNTRY CONDO,AVOID,0.0,0.0,CAUTION,3.5,0.5,ILLIQUID,nan,False,0,0,EXPIRED,False,-14.64,0.3207,7.92,HOLD,,False,,,0.0,2,False,5.69,4.71,5.8,Below 200DMA — enter on recovery above 200DMA,7,2026-06-18,2.38,True,True,False,False,LOW_ROE(2.4%) | HIGH_PE(61x vs ind 24x),0,True,True,False,False,False,False,48.3,6,89.0
CPEDU,CAREER POINT EDU,AVOID,0.0,0.0,CAUTION,3.5,0.5,ILLIQUID,nan,False,0,0,EXPIRED,False,-22.36,8.5436,5.73,HOLD,,False,,,0.0,3,False,230.63,173.68,235.24,Below 200DMA — enter on recovery above 200DMA,7,2026-06-18,32.72,False,False,False,False,,0,False,False,False,False,False,False,48.3,6,89.0
CPS,C P S SHAPERS,AVOID,0.0,0.0,CAUTION,3.5,0.5,RESTRICTED,nan,False,0,0,EXPIRED,False,-2.48,39.9036,5.0,HOLD,,False,,,0.0,2,False,982.32,929.26,1001.97,Below 200DMA — enter on recovery above 200DMA,7,2026-06-18,0.99,True,True,False,False,LOW_ROE(1.0%) | HIGH_PE(391x vs ind 16x),0,False,False,False,False,False,False,48.3,6,89.0
CMRSL,CYBER MEDIA RES.,AVOID,0.0,0.0,CAUTION,3.5,0.5,ILLIQUID,nan,False,0,0,EXPIRED,False,-6.53,2.9429,5.1,HOLD,,False,,,0.0,3,False,74.14,67.22,75.62,Below 200DMA — enter on recovery above 200DMA,7,2026-06-18,13.44,False,False,False,False,,0,False,False,False,False,False,False,48.3,6,89.0
CNL,CREATIVE NEWTECH,AVOID,0.0,0.0,CAUTION,3.5,0.5,NORMAL,nan,False,1,1,FRESH,True,6.87,37.7571,6.42,HOLD,,False,,,0.0,4,False,660.49,640.68,693.51,Near 200DMA — ideal dip entry zone,7,2026-06-18,15.72,False,False,False,False,,0,False,False,False,False,False,False,48.3,6,89.0
COMFINTE,NAN,AVOID,0.0,0.0,CAUTION,3.5,0.5,ILLIQUID,nan,False,0,0,EXPIRED,False,-10.19,0.3221,6.24,HOLD,,False,,,0.0,3,False,6.89,6.0,7.03,Below 200DMA — enter on recovery above 200DMA,7,2026-06-18,,False,False,False,False,,0,False,False,False,False,False,False,48.3,6,89.0
COMMITTED,COMMITTED CARGO,AVOID,0.0,0.0,CAUTION,3.5,0.5,ILLIQUID,nan,False,1,1,EXPIRED,True,20.02,10.3286,4.44,PARTIAL_EXIT,EXTENDED: 5.4× ATR above 200DMA,False,,,0.0,3,False,232.58,258.49,273.99,Extended — wait for ATR pullback,7,2026-06-18,10.22,True,False,False,False,LOW_ROE(10.2%),0,False,False,False,False,False,False,48.3,6,89.0
COMPINFO,COMPUAGE INFO.,AVOID,0.0,0.0,CAUTION,3.5,0.5,ILLIQUID,nan,False,1,1,EXPIRED,True,-14.14,0.0971,8.63,HOLD,,False,,,0.0,4,False,1.57,1.31,1.6,Below 200DMA — enter on recovery above 200DMA,7,2026-06-18,,False,False,False,False,,0,False,False,False,False,False,False,48.3,6,89.0
COMPUSOFT,COMPUCOM SOFT.,AVOID,0.0,0.0,CAUTION,3.5,0.5,ILLIQUID,nan,False,0,0,EXPIRED,False,-14.93,0.5393,4.82,HOLD,,False,,,0.0,2,False,15.79,13.03,16.11,Below 200DMA — enter on recovery above 200DMA,7,2026-06-18,1.05,True,False,False,False,LOW_ROE(1.1%),0,False,False,False,False,False,False,48.3,6,89.0
CONFIPET,CONFIDENCE PETRO,AVOID,0.0,0.0,CAUTION,3.5,0.5,NORMAL,nan,False,1,1,EXPIRED,True,52.58,5.3607,9.51,EXIT,PROFIT_ZONE: +53% above 200DMA | EXTENDED: 6.6× ATR above 200DMA,False,,,0.0,3,False,44.33,56.92,64.96,Extended — wait for ATR pullback,7,2026-06-18,6.52,True,False,False,False,LOW_ROE(6.5%),0,False,False,False,False,False,False,48.3,6,89.0
CLSL,CROP LIFE SCIENC,AVOID,0.0,0.0,CAUTION,3.5,0.5,ILLIQUID,nan,False,0,0,EXPIRED,False,-11.42,1.0429,2.84,HOLD,,False,,,0.0,2,False,49.68,42.68,50.67,Below 200DMA — enter on recovery above 200DMA,7,2026-06-18,7.23,True,False,False,False,LOW_ROE(7.2%),0,False,False,False,False,False,False,48.3,6,89.0
CMNL,CHAMAN METALLICS,AVOID,0.0,0.0,CAUTION,3.5,0.5,ILLIQUID,nan,False,0,0,EXPIRED,False,-20.46,5.5321,6.58,HOLD,,False,,,0.0,2,False,126.92,97.92,129.46,Below 200DMA — enter on recovery above 200DMA,7,2026-06-18,9.83,True,False,False,False,LOW_ROE(9.8%),0,False,False,False,False,False,False,48.3,6,89.0
CINELINE,CINELINE INDIA,AVOID,0.0,0.0,CAUTION,3.5,0.5,ILLIQUID,nan,False,0,0,EXPIRED,False,-3.27,2.4943,3.63,HOLD,,False,,,0.0,2,False,85.34,80.07,87.05,Below 200DMA — enter on recovery above 200DMA,7,2026-06-18,-12.3,True,False,False,False,LOW_ROE(-12.3%),0,False,False,False,False,False,False,48.3,6,89.0
CINEVISTA,CINEVISTA,AVOID,0.0,0.0,CAUTION,3.5,0.5,ILLIQUID,nan,False,0,0,EXPIRED,False,-5.9,0.8021,6.28,HOLD,,False,,,0.0,2,False,16.29,14.87,16.62,Below 200DMA — enter on recovery above 200DMA,7,2026-06-18,-62.59,True,False,False,False,LOW_ROE(-62.6%),0,False,False,False,False,False,False,48.3,6,89.0
CLEANMAX,CLEAN MAX ENVIRO,AVOID,0.0,0.0,CAUTION,3.5,0.5,NORMAL,nan,False,1,1,EXPIRED,True,29.53,78.9286,7.0,PARTIAL_EXIT,EXTENDED: 5.1× ATR above 200DMA,False,,,0.0,3,False,1044.6,1195.24,1313.64,Extended — wait for ATR pullback,7,2026-06-18,1.09,True,True,False,False,LOW_ROE(1.1%) | HIGH_PE(274x vs ind 22x),0,False,False,False,False,False,False,48.3,6,89.0
CLEDUCATE,CL EDUCATE,AVOID,0.0,0.0,CAUTION,3.5,0.5,ILLIQUID,nan,False,1,1,EXPIRED,True,-25.67,2.1579,4.92,HOLD,,False,,,0.0,3,False,70.75,51.01,72.17,Below 200DMA — enter on recovery above 200DMA,7,2026-06-18,-4.14,True,False,False,False,LOW_ROE(-4.1%),0,False,False,False,False,False,False,48.3,6,89.0
CURAA,CURA TECH.,AVOID,0.0,0.0,CAUTION,3.5,0.5,ILLIQUID,nan,False,0,0,EXPIRED,False,-37.51,6.5614,9.51,HOLD,,False,,,0.0,2,False,132.46,80.29,135.11,Below 200DMA — enter on recovery above 200DMA,7,2026-06-18,-9.31,True,False,False,False,LOW_ROE(-9.3%),0,False,False,False,False,False,False,48.3,6,89.0
CTE,CAMBRIDGE TECH.,AVOID,0.0,0.0,CAUTION,3.5,0.5,ILLIQUID,nan,False,1,1,EXPIRED,True,-14.32,2.3079,8.73,HOLD,,False,,,0.0,3,False,37.02,30.77,37.76,Below 200DMA — enter on recovery above 200DMA,7,2026-06-18,-70.74,True,False,False,False,LOW_ROE(-70.7%),0,False,False,False,False,False,False,48.3,6,89.0
CRAYONS,CRAYONS ADVERTIS,AVOID,0.0,0.0,CAUTION,3.5,0.5,ILLIQUID,nan,False,0,0,EXPIRED,False,-27.24,1.5429,6.22,HOLD,,False,,,0.0,2,False,40.89,28.86,41.71,Below 200DMA — enter on recovery above 200DMA,7,2026-06-18,9.36,True,False,False,False,LOW_ROE(9.4%),0,False,False,False,False,False,False,48.3,6,89.0
CREATIVEYE,CREATIVE EYE,AVOID,0.0,0.0,CAUTION,3.5,0.5,ILLIQUID,nan,False,0,0,EXPIRED,False,-5.96,0.4121,7.46,HOLD,,False,,,0.0,2,False,7.05,6.43,7.19,Below 200DMA — enter on recovery above 200DMA,7,2026-06-18,-3.59,True,False,False,False,LOW_ROE(-3.6%),0,False,False,False,False,False,False,48.3,6,89.0
CREST,CREST VENTURES,AVOID,0.0,0.0,CAUTION,3.5,0.5,RESTRICTED,nan,False,1,1,EXPIRED,True,9.73,18.5607,5.59,HOLD,,False,,,0.0,3,False,363.41,352.51,381.58,Near 200DMA — ideal dip entry zone,7,2026-06-18,7.41,True,False,False,False,LOW_ROE(7.4%),0,False,False,False,False,False,False,48.3,6,89.0
CRISIL,CRISIL,AVOID,0.0,0.0,CAUTION,3.5,0.5,NORMAL,nan,False,1,1,AGING,True,-7.31,112.8857,3.31,HOLD,,False,,,0.0,4,False,4414.38,3968.76,4502.67,Below 200DMA — enter on recovery above 200DMA,7,2026-06-18,27.37,False,False,False,False,,0,True,True,False,False,False,False,48.3,6,89.0
CROWN,CROWN LIFTERS,AVOID,0.0,0.0,CAUTION,3.5,0.5,ILLIQUID,nan,False,0,0,EXPIRED,False,-13.15,4.9793,5.13,HOLD,,False,,,0.0,3,False,133.99,112.88,136.67,Below 200DMA — enter on recovery above 200DMA,7,2026-06-18,30.7,False,False,False,False,,0,False,False,False,False,False,False,48.3,6,89.0
CSBBANK,CSB BANK,MONITOR,0.0,1.0,CAUTION,3.5,0.5,NORMAL,LATE_CYCLE,False,2,2,FRESH,False,-7.47,12.1821,3.98,HOLD,,False,,,0.0,2,False,397.38,356.67,405.33,Below 200DMA — enter on recovery above 200DMA,7,2026-06-18,13.2,False,False,False,False,,0,False,False,False,False,False,False,48.3,6,89.0
CSLFINANCE,CSL FINANCE,AVOID,0.0,0.0,CAUTION,3.5,0.5,RESTRICTED,nan,False,0,0,EXPIRED,False,-15.14,7.4879,3.97,HOLD,,False,,,0.0,3,False,266.8,219.62,272.14,Below 200DMA — enter on recovery above 200DMA,7,2026-06-18,13.31,False,False,False,False,,0,False,False,False,False,False,False,48.3,6,89.0
BIRLACORPN,BIRLA CORPN.,AVOID,0.0,0.0,CAUTION,3.5,0.5,NORMAL,nan,False,1,1,FRESH,True,-7.47,26.175,3.19,HOLD,,False,,,0.0,3,False,1064.4,955.3,1085.69,Below 200DMA — enter on recovery above 200DMA,7,2026-06-18,4.21,True,False,False,False,LOW_ROE(4.2%),0,False,False,False,False,False,False,48.3,6,89.0
BIRLAMONEY,ADIT.BIRLA MONEY,MONITOR,0.0,8.0,CAUTION,3.5,0.5,RESTRICTED,LATE_CYCLE,False,3,3,AGING,True,-0.54,6.5207,5.4,HOLD,,False,,A,6.0,4,False,145.65,140.51,148.56,Below 200DMA — enter on recovery above 200DMA,7,2026-06-18,31.42,False,False,True,False,,0,False,False,False,False,False,False,48.3,6,89.0
BIRLANU,BIRLANU LTD,AVOID,0.0,0.0,CAUTION,3.5,0.5,NORMAL,nan,False,1,1,EXPIRED,True,-13.0,68.7,5.82,HOLD,,False,,,0.0,3,False,1627.4,1373.33,1659.95,Below 200DMA — enter on recovery above 200DMA,7,2026-06-18,-2.72,True,False,False,False,LOW_ROE(-2.7%),0,False,False,False,False,False,False,48.3,6,89.0
BLACKROSE,NAN,AVOID,0.0,0.0,CAUTION,3.5,0.5,ILLIQUID,nan,False,1,1,EXPIRED,True,1.45,3.825,4.9,HOLD,,False,,,0.0,4,False,92.25,89.48,96.86,Near 200DMA — ideal dip entry zone,7,2026-06-18,,False,False,False,False,,0,False,False,False,False,False,False,48.3,6,89.0
BLAL,BEML LAND ASSETS,AVOID,0.0,0.0,CAUTION,3.5,0.5,RESTRICTED,nan,False,0,0,AGING,False,-6.24,4.895,3.18,HOLD,,False,,,0.0,2,False,197.27,179.42,201.22,Below 200DMA — enter on recovery above 200DMA,7,2026-06-18,-337.11,True,False,False,False,LOW_ROE(-337.1%),0,False,False,False,False,False,False,48.3,6,89.0
BLBLIMITED,BLB,AVOID,0.0,0.0,CAUTION,3.5,0.5,ILLIQUID,nan,False,0,0,EXPIRED,False,0.84,0.7421,5.56,HOLD,,False,,,0.0,2,False,15.88,15.4,16.67,Near 200DMA — ideal dip entry zone,7,2026-06-18,3.97,True,False,False,False,LOW_ROE(4.0%),0,True,True,False,False,False,False,48.3,6,89.0
BLIL,NAN,AVOID,0.0,0.0,CAUTION,3.5,0.5,RESTRICTED,nan,False,0,0,FRESH,False,-1.44,1.4207,2.37,HOLD,,False,,,0.0,3,False,73.0,69.79,74.46,Below 200DMA — enter on recovery above 200DMA,7,2026-06-18,,False,False,False,False,,0,False,False,False,False,False,False,48.3,6,89.0
BGRENERGY,BGR ENERGY SYS.,AVOID,0.0,0.0,CAUTION,3.5,0.5,NORMAL,nan,False,1,1,FRESH,True,1.48,16.9679,6.21,HOLD,,False,,,0.0,4,False,323.32,313.62,339.49,Near 200DMA — ideal dip entry zone,7,2026-06-18,,False,False,False,False,,0,False,False,False,False,False,False,48.3,6,89.0
BHAGCHEM,BHAGIRADHA CHEM.,AVOID,0.0,0.0,CAUTION,3.5,0.5,NORMAL,nan,False,1,1,FRESH,True,11.74,13.335,6.08,HOLD,,False,,,0.0,3,False,235.45,228.39,247.22,Near 200DMA — ideal dip entry zone,7,2026-06-18,2.03,True,True,False,False,LOW_ROE(2.0%) | HIGH_PE(182x vs ind 16x),0,False,False,False,False,False,False,48.3,6,89.0
BHAGERIA,BHAGERIA INDUST.,AVOID,0.0,0.0,CAUTION,3.5,0.5,NORMAL,nan,False,1,1,FRESH,True,29.87,12.6707,6.68,PARTIAL_EXIT,EXTENDED: 5.4× ATR above 200DMA,False,,,0.0,3,False,175.19,202.18,221.18,Extended — wait for ATR pullback,7,2026-06-18,7.24,True,False,False,False,LOW_ROE(7.2%),0,False,False,False,False,False,False,48.3,6,89.0
BHANDARI,BHANDARI HOSIERY,AVOID,0.0,0.0,CAUTION,3.5,0.5,ILLIQUID,nan,False,0,0,AGING,False,-20.44,0.1229,4.82,HOLD,,False,,,0.0,2,False,3.85,2.97,3.93,Below 200DMA — enter on recovery above 200DMA,7,2026-06-18,5.04,True,False,False,False,LOW_ROE(5.0%),0,False,False,False,False,False,False,48.3,6,89.0
BHARATGEAR,BHARAT GEARS,AVOID,0.0,0.0,CAUTION,3.5,0.5,NORMAL,nan,False,1,1,EXPIRED,True,17.43,5.9179,5.58,HOLD,,False,,,0.0,3,False,108.47,115.54,124.42,Extended — wait for ATR pullback,7,2026-06-18,2.82,True,False,False,False,LOW_ROE(2.8%),0,False,False,False,False,False,False,48.3,6,89.0
BHARATRAS,BHARAT RASAYAN,AVOID,0.0,0.0,CAUTION,3.5,0.5,NORMAL,nan,False,1,1,EXPIRED,True,-26.46,43.9357,3.61,HOLD,,False,,,0.0,4,False,1984.71,1415.81,2024.4,Below 200DMA — enter on recovery above 200DMA,7,2026-06-18,12.47,False,False,False,False,,0,True,True,False,False,False,False,48.3,6,89.0
BEWLTD,BEW ENGG,AVOID,0.0,0.0,CAUTION,3.5,0.5,ILLIQUID,nan,False,0,0,EXPIRED,False,-37.18,4.3929,7.72,HOLD,,False,,,0.0,2,False,108.72,66.25,110.89,Below 200DMA — enter on recovery above 200DMA,7,2026-06-18,8.81,True,True,False,False,LOW_ROE(8.8%) | HIGH_PE(151x vs ind 30x),0,False,False,False,False,False,False,48.3,6,89.0
BIGBLOC,BIGBLOC CONST.,AVOID,0.0,0.0,CAUTION,3.5,0.5,RESTRICTED,nan,False,0,0,EXPIRED,False,-9.93,2.2,5.24,HOLD,,False,,,0.0,2,False,55.93,48.87,57.05,Below 200DMA — enter on recovery above 200DMA,7,2026-06-18,7.15,True,False,False,False,LOW_ROE(7.2%),0,False,False,False,False,False,False,48.3,6,89.0
BIL,BHARTIYA INTL.,AVOID,0.0,0.0,CAUTION,3.5,0.5,ILLIQUID,nan,False,0,0,EXPIRED,False,-9.68,35.15,6.0,HOLD,,False,,,0.0,2,False,778.91,682.39,794.49,Below 200DMA — enter on recovery above 200DMA,7,2026-06-18,3.5,True,False,False,False,LOW_ROE(3.5%),0,False,False,False,False,False,False,48.3,6,89.0
BILVYAPAR,BIL VYAPAR,AVOID,0.0,0.0,CAUTION,3.5,0.5,ILLIQUID,nan,False,0,0,EXPIRED,False,-48.49,0.2086,6.06,HOLD,,False,,,0.0,3,False,8.02,4.01,8.18,Below 200DMA — enter on recovery above 200DMA,7,2026-06-18,,False,False,False,False,,0,False,False,False,False,False,False,48.3,6,89.0
BIMETAL,NAN,AVOID,0.0,0.0,CAUTION,3.5,0.5,ILLIQUID,nan,False,1,1,EXPIRED,True,9.0,36.8036,6.85,HOLD,,False,,,0.0,4,False,591.73,573.98,621.32,Near 200DMA — ideal dip entry zone,7,2026-06-18,,False,False,False,False,,0,False,False,False,False,False,False,48.3,6,89.0
BIOFILCHEM,BIOFIL CHEMICALS,AVOID,0.0,0.0,CAUTION,3.5,0.5,RESTRICTED,nan,False,1,1,EXPIRED,True,0.03,2.425,8.14,HOLD,,False,,,0.0,3,False,35.72,34.65,37.51,Near 200DMA — ideal dip entry zone,7,2026-06-18,2.97,True,False,False,False,LOW_ROE(3.0%),0,True,True,False,False,False,False,48.3,6,89.0
BIRDYS,GRILL SPLENDOUR,AVOID,0.0,0.0,CAUTION,3.5,0.5,ILLIQUID,nan,False,0,0,EXPIRED,False,-18.71,1.6321,1.94,HOLD,,False,,,0.0,2,False,124.0,97.78,126.48,Below 200DMA — enter on recovery above 200DMA,7,2026-06-18,-20.56,True,False,False,False,LOW_ROE(-20.6%),0,False,False,False,False,False,False,48.3,6,89.0
BI,NAN,AVOID,0.0,0.0,CAUTION,3.5,0.5,ILLIQUID,nan,False,0,0,FRESH,False,-7.74,3.3336,6.9,HOLD,,False,,,0.0,3,False,62.86,56.25,64.12,Below 200DMA — enter on recovery above 200DMA,7,2026-06-18,,False,False,False,False,,0,False,False,False,False,False,False,48.3,6,89.0
BLKASHYAP,B.L.KASHYAP,AVOID,0.0,0.0,CAUTION,3.5,0.5,NORMAL,nan,False,0,0,FRESH,False,-1.02,1.9386,4.32,HOLD,,False,,,0.0,2,False,54.35,52.19,55.44,Below 200DMA — enter on recovery above 200DMA,7,2026-06-18,5.25,True,True,False,False,LOW_ROE(5.2%) | HIGH_PE(4988x vs ind 18x),0,False,False,False,False,False,False,48.3,6,89.0
BETA,BETA DRUGS LTD,AVOID,0.0,0.0,CAUTION,3.5,0.5,NORMAL,nan,False,1,1,EXPIRED,True,22.87,93.1786,5.97,PARTIAL_EXIT,EXTENDED: 4.6× ATR above 200DMA,False,,,0.0,4,False,1523.39,1685.44,1825.21,Extended — wait for ATR pullback,7,2026-06-18,21.52,False,False,False,False,,0,False,False,False,False,False,False,48.3,6,89.0
BESTAGRO,BEST AGROLIFE,AVOID,0.0,0.0,CAUTION,3.5,0.5,RESTRICTED,nan,False,0,0,FRESH,False,-23.94,0.7664,5.82,HOLD,,False,,,0.0,2,False,20.77,15.33,21.19,Below 200DMA — enter on recovery above 200DMA,7,2026-06-18,9.23,True,False,False,False,LOW_ROE(9.2%),0,False,False,False,False,False,False,48.3,6,89.0
BCPL,NAN,AVOID,0.0,0.0,CAUTION,3.5,0.5,RESTRICTED,nan,False,1,1,EXPIRED,True,4.11,3.8664,5.99,HOLD,,False,,,0.0,4,False,74.46,72.23,78.18,Near 200DMA — ideal dip entry zone,7,2026-06-18,,False,False,False,False,,0,False,False,False,False,False,False,48.3,6,89.0
BEACON,BEACON TRUST.,AVOID,0.0,0.0,CAUTION,3.5,0.5,ILLIQUID,nan,False,0,0,EXPIRED,False,10.74,3.175,4.28,HOLD,,False,,,0.0,3,False,80.46,78.05,84.48,Near 200DMA — ideal dip entry zone,7,2026-06-18,12.1,False,False,False,False,,0,False,False,False,False,False,False,48.3,6,89.0
BEARDSELL,BEARDSELL,AVOID,0.0,0.0,CAUTION,3.5,0.5,ILLIQUID,nan,False,1,1,EXPIRED,True,-0.88,1.7486,7.35,HOLD,,False,,,0.0,4,False,28.8,27.69,29.38,Below 200DMA — enter on recovery above 200DMA,7,2026-06-18,12.11,False,False,False,False,,0,False,False,False,False,False,False,48.3,6,89.0
BEDMUTHA,BEDMUTHA INDUS.,AVOID,0.0,0.0,CAUTION,3.5,0.5,ILLIQUID,nan,False,0,0,EXPIRED,False,-10.1,5.2543,5.82,HOLD,,False,,,0.0,2,False,120.41,105.0,122.82,Below 200DMA — enter on recovery above 200DMA,7,2026-06-18,-0.04,True,False,False,False,LOW_ROE(-0.0%),0,False,False,False,False,False,False,48.3,6,89.0
BEEKAY,NAN,AVOID,0.0,0.0,CAUTION,3.5,0.5,ILLIQUID,nan,False,0,0,FRESH,False,-0.47,30.2714,8.84,HOLD,,False,,,0.0,3,False,413.09,398.82,421.35,Below 200DMA — enter on recovery above 200DMA,7,2026-06-18,,False,False,False,False,,0,False,False,False,False,False,False,48.3,6,89.0
BELLACASA,BELLA CASA FASHI,AVOID,0.0,0.0,CAUTION,3.5,0.5,RESTRICTED,nan,False,0,0,EXPIRED,False,-28.16,10.7607,5.33,HOLD,,False,,,0.0,2,False,337.11,234.92,343.85,Below 200DMA — enter on recovery above 200DMA,7,2026-06-18,10.56,True,False,False,False,LOW_ROE(10.6%),0,False,False,False,False,False,False,48.3,6,89.0
BEML,BEML LTD,AVOID,0.0,0.0,CAUTION,3.5,0.5,NORMAL,nan,False,1,1,AGING,True,-1.68,62.9292,4.18,HOLD,,False,,,0.0,3,False,1839.23,1754.05,1876.01,Below 200DMA — enter on recovery above 200DMA,7,2026-06-18,10.13,True,False,False,False,LOW_ROE(10.1%),0,False,False,False,False,False,False,48.3,6,89.0
BENGALASM,NAN,AVOID,0.0,0.0,CAUTION,3.5,0.5,RESTRICTED,nan,False,0,0,EXPIRED,False,-0.65,286.0,5.31,HOLD,,False,,,0.0,3,False,6500.09,6264.26,6630.09,Below 200DMA — enter on recovery above 200DMA,7,2026-06-18,,False,False,False,False,,0,False,False,False,False,False,False,48.3,6,89.0
BLUECOAST,BLU.COAST HOTEL.,AVOID,0.0,0.0,CAUTION,3.5,0.5,ILLIQUID,nan,False,0,0,FRESH,False,-22.77,1.8814,7.92,HOLD,,False,,,0.0,3,False,36.9,27.64,37.64,Below 200DMA — enter on recovery above 200DMA,7,2026-06-18,,False,False,False,False,,0,False,False,False,False,False,False,48.3,6,89.0
CAPTRUST,CAPITAL TRUST,AVOID,0.0,0.0,CAUTION,3.5,0.5,ILLIQUID,nan,False,0,0,EXPIRED,False,-31.41,0.8064,7.33,HOLD,,False,,,0.0,2,False,19.25,12.8,19.64,Below 200DMA — enter on recovery above 200DMA,7,2026-06-18,1.29,True,False,False,False,LOW_ROE(1.3%),0,False,False,False,False,False,False,48.3,6,89.0
CARBORUNIV,CARBORUNDUM UNI.,AVOID,0.0,0.0,CAUTION,3.5,0.5,NORMAL,nan,False,1,1,FRESH,True,26.07,41.3214,4.39,PARTIAL_EXIT,EXTENDED: 7.1× ATR above 200DMA,False,,,0.0,3,False,896.59,1047.66,1109.64,Extended — wait for ATR pullback,7,2026-06-18,8.3,True,True,False,False,LOW_ROE(8.3%) | HIGH_PE(58x vs ind 23x),0,True,True,False,False,False,False,48.3,6,89.0
CBAZAAR,NET AVENUE,AVOID,0.0,0.0,CAUTION,3.5,0.5,ILLIQUID,nan,False,0,0,EXPIRED,False,0.99,0.0857,2.42,HOLD,,False,,,0.0,2,False,4.21,4.08,4.42,Near 200DMA — ideal dip entry zone,7,2026-06-18,-67.4,True,False,False,False,LOW_ROE(-67.4%),0,False,False,False,False,False,False,48.3,6,89.0
CCCL,C C C L,AVOID,0.0,0.0,CAUTION,3.5,0.5,RESTRICTED,nan,False,0,0,EXPIRED,False,-18.69,0.6479,5.21,HOLD,,False,,,0.0,3,False,18.34,14.46,18.71,Below 200DMA — enter on recovery above 200DMA,7,2026-06-18,43.88,False,False,False,False,,0,True,True,False,False,False,False,48.3,6,89.0
CCHHL,COUNTRY CLUB HOS,AVOID,0.0,0.0,CAUTION,3.5,0.5,ILLIQUID,nan,False,0,0,EXPIRED,False,-11.93,0.835,7.68,HOLD,,False,,,0.0,2,False,14.82,12.66,15.12,Below 200DMA — enter on recovery above 200DMA,7,2026-06-18,1.39,True,False,False,False,LOW_ROE(1.4%),0,True,True,False,False,False,False,48.3,6,89.0
CELEBRITY,CELEBRITY FASH.,AVOID,0.0,0.0,CAUTION,3.5,0.5,ILLIQUID,nan,False,0,0,EXPIRED,False,-18.81,0.3757,6.17,HOLD,,False,,,0.0,2,False,9.0,7.09,9.18,Below 200DMA — enter on recovery above 200DMA,7,2026-06-18,-88.86,True,False,False,False,LOW_ROE(-88.9%),0,False,False,False,False,False,False,48.3,6,89.0
CELLPOINT,CELL POINT,AVOID,0.0,0.0,CAUTION,3.5,0.5,ILLIQUID,nan,False,0,0,EXPIRED,False,-3.3,0.8214,6.1,HOLD,,False,,,0.0,2,False,16.7,15.67,17.03,Below 200DMA — enter on recovery above 200DMA,7,2026-06-18,3.05,True,False,False,False,LOW_ROE(3.0%),0,False,False,False,False,False,False,48.3,6,89.0
CENTENKA,CENTURY ENKA,AVOID,0.0,0.0,CAUTION,3.5,0.5,NORMAL,nan,False,1,1,EXPIRED,True,11.06,20.4429,4.86,HOLD,,False,,,0.0,3,False,454.45,440.82,477.17,Near 200DMA — ideal dip entry zone,7,2026-06-18,4.69,True,False,False,False,LOW_ROE(4.7%),0,True,True,False,False,False,False,48.3,6,89.0
CENTEXT,CENTURY EXTRUS.,AVOID,0.0,0.0,CAUTION,3.5,0.5,ILLIQUID,nan,False,0,0,EXPIRED,False,-11.02,0.9614,5.72,HOLD,,False,,,0.0,2,False,22.68,19.57,23.13,Below 200DMA — enter on recovery above 200DMA,7,2026-06-18,11.98,True,False,False,False,LOW_ROE(12.0%),0,False,False,False,False,False,False,48.3,6,89.0
CENTRUM,CENTRUM CAPITAL,AVOID,0.0,0.0,CAUTION,3.5,0.5,RESTRICTED,nan,False,0,0,EXPIRED,False,-21.68,0.7507,4.07,HOLD,,False,,,0.0,2,False,28.25,21.47,28.82,Below 200DMA — enter on recovery above 200DMA,7,2026-06-18,-67.13,True,False,False,False,LOW_ROE(-67.1%),0,False,False,False,False,False,False,48.3,6,89.0
CENTURYPLY,CENTURY PLYBOARD,AVOID,0.0,0.0,CAUTION,3.5,0.5,NORMAL,nan,False,0,0,EXPIRED,False,-0.53,23.8929,3.75,HOLD,,False,,,0.0,2,False,769.2,742.2,784.58,Below 200DMA — enter on recovery above 200DMA,7,2026-06-18,7.84,True,False,False,False,LOW_ROE(7.8%),0,False,False,False,False,False,False,48.3,6,89.0
CERA,CERA SANITARY.,AVOID,0.0,0.0,CAUTION,3.5,0.5,NORMAL,nan,False,1,1,FRESH,True,11.78,207.0,4.04,HOLD,,False,,,0.0,4,False,5507.33,5342.11,5782.7,Near 200DMA — ideal dip entry zone,7,2026-06-18,18.21,False,False,False,False,,0,True,True,False,False,False,False,48.3,6,89.0
CEREBRAINT,CEREBRA INTEGR.,AVOID,0.0,0.0,CAUTION,3.5,0.5,ILLIQUID,nan,False,1,1,EXPIRED,True,-32.31,0.23,6.81,HOLD,,False,,,0.0,3,False,5.98,3.93,6.1,Below 200DMA — enter on recovery above 200DMA,7,2026-06-18,-28.68,True,False,False,False,LOW_ROE(-28.7%),0,False,False,False,False,False,False,48.3,6,89.0
CHANDAN,CHANDAN HEALTHCA,MONITOR,0.0,1.0,CAUTION,3.5,0.5,ILLIQUID,LATE_CYCLE,False,1,1,EXPIRED,False,0.0,0.0,5.0,HOLD,,False,,,0.0,3,False,0.0,0.0,0.0,,7,2026-06-18,,False,False,False,False,,0,False,False,False,False,False,False,48.3,6,89.0
CHAVDA,CHAVDA INFRA LTD,AVOID,0.0,0.0,CAUTION,3.5,0.5,ILLIQUID,nan,False,0,0,EXPIRED,False,-13.07,2.3679,3.14,HOLD,,False,,,0.0,3,False,103.99,87.69,106.07,Below 200DMA — enter on recovery above 200DMA,7,2026-06-18,18.79,False,False,False,False,,0,False,False,False,False,False,False,48.3,6,89.0
CHEMBOND,CHEMBOND MATERI.,AVOID,0.0,0.0,CAUTION,3.5,0.5,ILLIQUID,nan,False,1,1,EXPIRED,True,4.87,9.6564,6.88,HOLD,,False,,,0.0,3,False,160.53,155.71,168.56,Near 200DMA — ideal dip entry zone,7,2026-06-18,11.25,True,False,False,False,LOW_ROE(11.2%),0,True,True,False,False,False,False,48.3,6,89.0
CHEMBONDCH,CHEMBOND CHEMIC.,AVOID,0.0,0.0,CAUTION,3.5,0.5,ILLIQUID,nan,False,1,1,FRESH,True,18.5,9.9179,6.3,HOLD,,False,,,0.0,4,False,159.33,168.96,183.84,Extended — wait for ATR pullback,7,2026-06-18,17.82,False,False,False,False,,0,True,True,False,False,False,False,48.3,6,89.0
CHEMCON,CHEMCON SPECIAL.,AVOID,0.0,0.0,CAUTION,3.5,0.5,NORMAL,nan,False,1,1,FRESH,True,0.54,9.5593,5.94,HOLD,,False,,,0.0,3,False,192.23,186.46,201.84,Near 200DMA — ideal dip entry zone,7,2026-06-18,4.88,True,False,False,False,LOW_ROE(4.9%),0,True,True,False,False,False,False,48.3,6,89.0
CHEMPLASTS,CHEMPLAST SANMAR,AVOID,0.0,0.0,CAUTION,3.5,0.5,NORMAL,nan,False,0,0,FRESH,False,-22.97,10.5671,5.61,HOLD,,False,,,0.0,2,False,293.56,219.36,299.43,Below 200DMA — enter on recovery above 200DMA,7,2026-06-18,-5.34,True,False,False,False,LOW_ROE(-5.3%),0,False,False,False,False,False,False,48.3,6,89.0
CHEVIOT,CHEVIOT COMPANY,AVOID,0.0,0.0,CAUTION,3.5,0.5,RESTRICTED,nan,False,0,0,FRESH,False,1.41,30.0429,3.24,HOLD,,False,,,0.0,2,False,1096.91,1064.0,1151.76,Near 200DMA — ideal dip entry zone,7,2026-06-18,8.87,True,False,False,False,LOW_ROE(8.9%),0,True,True,False,False,False,False,48.3,6,89.0
CIFL,CAPITAL INDIA,AVOID,0.0,0.0,CAUTION,3.5,0.5,RESTRICTED,nan,False,0,0,EXPIRED,False,-20.21,1.3264,6.37,HOLD,,False,,,0.0,2,False,31.33,24.25,31.96,Below 200DMA — enter on recovery above 200DMA,7,2026-06-18,0.25,True,False,False,False,LOW_ROE(0.2%),0,False,False,False,False,False,False,48.3,6,89.0
CHEMFAB,CHEMFAB ALKA.,AVOID,0.0,0.0,CAUTION,3.5,0.5,ILLIQUID,nan,False,0,0,EXPIRED,False,-17.97,24.0893,7.51,HOLD,,False,,,0.0,2,False,469.03,373.21,478.41,Below 200DMA — enter on recovery above 200DMA,7,2026-06-18,-1.83,True,False,False,False,LOW_ROE(-1.8%),0,False,False,False,False,False,False,48.3,6,89.0
CURIS,CURIS LIFESCIEN.,MONITOR,0.0,1.0,CAUTION,3.5,0.5,ILLIQUID,LATE_CYCLE,False,1,1,EXPIRED,False,0.0,0.0,5.0,HOLD,,False,,,0.0,3,False,0.0,0.0,0.0,,7,2026-06-18,,False,False,False,False,,0,False,False,False,False,False,False,48.3,6,89.0
BUTTERFLY,BUTTERFLY GAN AP,AVOID,0.0,0.0,CAUTION,3.5,0.5,NORMAL,nan,False,1,1,FRESH,True,0.68,21.7357,3.93,HOLD,,False,,,0.0,3,False,659.62,639.83,692.6,Near 200DMA — ideal dip entry zone,7,2026-06-18,10.0,True,False,False,False,LOW_ROE(10.0%),0,True,True,False,False,False,False,48.3,6,89.0
BVCL,BARAK VALLEY,AVOID,0.0,0.0,CAUTION,3.5,0.5,ILLIQUID,nan,False,0,0,EXPIRED,False,-3.97,1.975,5.55,HOLD,,False,,,0.0,2,False,44.43,41.39,45.32,Below 200DMA — enter on recovery above 200DMA,7,2026-06-18,4.12,True,True,False,False,LOW_ROE(4.1%) | HIGH_PE(3720x vs ind 26x),0,False,False,False,False,False,False,48.3,6,89.0
BYKE,THE BYKE HOSPI.,AVOID,0.0,0.0,CAUTION,3.5,0.5,ILLIQUID,nan,False,0,0,EXPIRED,False,-28.97,1.9979,6.7,HOLD,,False,,,0.0,2,False,50.41,34.74,51.42,Below 200DMA — enter on recovery above 200DMA,7,2026-06-18,2.05,True,False,False,False,LOW_ROE(2.0%),0,False,False,False,False,False,False,48.3,6,89.0
CADSYS,CADSYS (INDIA),AVOID,0.0,0.0,CAUTION,3.5,0.5,ILLIQUID,nan,False,1,1,EXPIRED,True,25.2,0.0,5.0,HOLD,,False,,,0.0,3,False,56.27,70.45,70.45,Extended — wait for ATR pullback,7,2026-06-18,-126.62,True,False,False,False,LOW_ROE(-126.6%),0,False,False,False,False,False,False,48.3,6,89.0
CALSOFT,CALIFORNIA SOFT.,AVOID,0.0,0.0,CAUTION,3.5,0.5,RESTRICTED,nan,False,1,1,EXPIRED,True,43.95,1.1707,6.09,PARTIAL_EXIT,PROFIT_ZONE: +44% above 200DMA | EXTENDED: 8.7× ATR above 200DMA,False,,,0.0,3,False,16.03,20.73,22.48,Extended — wait for ATR pullback,7,2026-06-18,2.93,True,True,False,False,LOW_ROE(2.9%) | HIGH_PE(72x vs ind 23x),0,True,True,False,False,False,False,48.3,6,89.0
CAMLINFINE,CAMLIN FINE,AVOID,0.0,0.0,CAUTION,3.5,0.5,NORMAL,nan,False,1,1,EXPIRED,True,-9.88,9.19,7.87,HOLD,,False,,,0.0,3,False,155.44,135.89,158.55,Below 200DMA — enter on recovery above 200DMA,7,2026-06-18,-15.42,True,False,False,False,LOW_ROE(-15.4%),0,False,False,False,False,False,False,48.3,6,89.0
CANARYS,CANARYS AUTOMA.,AVOID,0.0,0.0,CAUTION,3.5,0.5,ILLIQUID,nan,False,0,0,EXPIRED,False,-25.39,1.0571,6.54,HOLD,,False,,,0.0,2,False,26.0,18.82,26.52,Below 200DMA — enter on recovery above 200DMA,7,2026-06-18,9.74,True,False,False,False,LOW_ROE(9.7%),0,False,False,False,False,False,False,48.3,6,89.0
BTTL,NAN,AVOID,0.0,0.0,CAUTION,3.5,0.5,ILLIQUID,nan,False,1,1,EXPIRED,True,1.65,1.7457,5.95,HOLD,,False,,,0.0,4,False,34.66,33.62,36.39,Near 200DMA — ideal dip entry zone,7,2026-06-18,,False,False,False,False,,0,False,False,False,False,False,False,48.3,6,89.0
BTML,BODHI TREE,AVOID,0.0,0.0,CAUTION,3.5,0.5,RESTRICTED,nan,False,0,0,EXPIRED,False,-16.36,0.3357,6.27,HOLD,,False,,,0.0,3,False,7.69,6.24,7.84,Below 200DMA — enter on recovery above 200DMA,7,2026-06-18,14.9,False,True,False,False,HIGH_PE(134x vs ind 21x),0,False,False,False,False,False,False,48.3,6,89.0
BSL,BSL,AVOID,0.0,0.0,CAUTION,3.5,0.5,ILLIQUID,nan,False,1,1,EXPIRED,True,-13.82,6.0071,5.65,HOLD,,False,,,0.0,3,False,148.0,123.72,150.96,Below 200DMA — enter on recovery above 200DMA,7,2026-06-18,6.84,True,False,False,False,LOW_ROE(6.8%),0,False,False,False,False,False,False,48.3,6,89.0
BLUEDART,BLUE DART EXPRES,AVOID,0.0,0.0,CAUTION,3.5,0.5,NORMAL,nan,False,0,0,EXPIRED,False,-11.42,95.7,2.37,HOLD,,False,,,0.0,3,False,5466.05,4696.64,5575.37,Below 200DMA — enter on recovery above 200DMA,7,2026-06-18,16.19,False,True,False,False,HIGH_PE(48x vs ind 18x),0,False,False,False,False,False,False,48.3,6,89.0
BLUEPEBBLE,BLUE PEBBLE,AVOID,0.0,0.0,CAUTION,3.5,0.5,ILLIQUID,nan,False,0,0,EXPIRED,False,-40.12,4.9607,7.44,HOLD,,False,,,0.0,3,False,133.61,77.6,136.28,Below 200DMA — enter on recovery above 200DMA,7,2026-06-18,18.39,False,False,False,False,,0,False,False,False,False,False,False,48.3,6,89.0
BLUSPRING,BLUSPRING ENTER.,AVOID,0.0,0.0,CAUTION,3.5,0.5,NORMAL,nan,False,1,1,FRESH,True,58.13,7.9464,8.72,EXIT,PROFIT_ZONE: +58% above 200DMA | EXTENDED: 8.0× ATR above 200DMA,False,,,0.0,4,False,69.15,93.46,105.38,Extended — wait for ATR pullback,7,2026-06-18,,False,False,False,False,,0,False,False,False,False,False,False,48.3,6,89.0
BMETRICS,BOMBAY METRICS,AVOID,0.0,0.0,CAUTION,3.5,0.5,ILLIQUID,nan,False,0,0,EXPIRED,False,-14.84,1.1107,3.65,HOLD,,False,,,0.0,3,False,42.86,35.41,43.72,Below 200DMA — enter on recovery above 200DMA,7,2026-06-18,23.46,False,False,False,False,,0,False,False,False,False,False,False,48.3,6,89.0
BMWVENTLTD,BMW VENTURES,AVOID,0.0,0.0,CAUTION,3.5,0.5,RESTRICTED,nan,False,0,0,EXPIRED,False,-0.09,2.07,4.17,HOLD,,False,,,0.0,3,False,59.6,57.76,60.79,Below 200DMA — enter on recovery above 200DMA,7,2026-06-18,15.62,False,False,False,False,,0,False,False,False,False,False,False,48.3,6,89.0
BNAGROCHEM,NAN,AVOID,0.0,0.0,CAUTION,3.5,0.5,RESTRICTED,nan,False,1,1,EXPIRED,True,4.11,19.2786,7.71,HOLD,,False,,,0.0,4,False,288.21,279.56,302.62,Near 200DMA — ideal dip entry zone,7,2026-06-18,,False,False,False,False,,0,False,False,False,False,False,False,48.3,6,89.0
BNALTD,NAN,AVOID,0.0,0.0,CAUTION,3.5,0.5,ILLIQUID,nan,False,0,0,EXPIRED,False,-8.71,16.8143,5.99,HOLD,,False,,,0.0,3,False,369.17,326.89,376.55,Below 200DMA — enter on recovery above 200DMA,7,2026-06-18,,False,False,False,False,,0,False,False,False,False,False,False,48.3,6,89.0
BODALCHEM,BODAL CHEMICALS,AVOID,0.0,0.0,CAUTION,3.5,0.5,NORMAL,nan,False,0,0,EXPIRED,False,9.28,3.6971,6.92,HOLD,,False,,,0.0,2,False,58.65,56.89,61.58,Near 200DMA — ideal dip entry zone,7,2026-06-18,1.67,True,False,False,False,LOW_ROE(1.7%),0,False,False,False,False,False,False,48.3,6,89.0
BOHRAIND,BOHRA INDUSTRIES,AVOID,0.0,0.0,CAUTION,3.5,0.5,ILLIQUID,nan,False,0,0,EXPIRED,False,-19.67,1.4,10.7,HOLD,,False,,,0.0,2,False,19.54,15.23,19.93,Below 200DMA — enter on recovery above 200DMA,7,2026-06-18,-6.93,True,False,False,False,LOW_ROE(-6.9%),0,True,True,False,False,False,False,48.3,6,89.0
BONLON,BONLON INDUSTRIE,AVOID,0.0,0.0,CAUTION,3.5,0.5,ILLIQUID,nan,False,0,0,EXPIRED,False,4.48,3.0886,7.99,HOLD,,False,,,0.0,2,False,44.38,43.05,46.6,Near 200DMA — ideal dip entry zone,7,2026-06-18,3.29,True,False,False,False,LOW_ROE(3.3%),0,False,False,False,False,False,False,48.3,6,89.0
BOROLTD,BOROSIL,AVOID,0.0,0.0,CAUTION,3.5,0.5,NORMAL,nan,False,0,0,EXPIRED,False,-19.62,6.5621,3.48,HOLD,,False,,,0.0,2,False,281.36,219.37,286.99,Below 200DMA — enter on recovery above 200DMA,7,2026-06-18,9.19,True,False,False,False,LOW_ROE(9.2%),0,True,True,False,False,False,False,48.3,6,89.0
BOSCH-HCIL,BOSCH HOME COMFORT,AVOID,0.0,0.0,CAUTION,3.5,0.5,NORMAL,nan,False,0,0,AGING,False,-14.22,51.0357,4.79,HOLD,,False,,,0.0,2,False,1491.17,1240.73,1520.99,Below 200DMA — enter on recovery above 200DMA,7,2026-06-18,9.18,True,True,False,False,LOW_ROE(9.2%) | HIGH_PE(289x vs ind 32x),0,False,False,False,False,False,False,48.3,6,89.0
BPL,BPL,AVOID,0.0,0.0,CAUTION,3.5,0.5,RESTRICTED,nan,False,1,1,EXPIRED,True,-9.6,1.9714,4.22,HOLD,,False,,,0.0,3,False,61.94,54.32,63.18,Below 200DMA — enter on recovery above 200DMA,7,2026-06-18,-3.79,True,False,False,False,LOW_ROE(-3.8%),0,False,False,False,False,False,False,48.3,6,89.0
BRIGHOTEL,BRIGADE HOTEL,AVOID,0.0,0.0,CAUTION,3.5,0.5,RESTRICTED,nan,False,1,1,EXPIRED,True,-8.25,1.7721,3.31,HOLD,,False,,,0.0,4,False,69.93,62.24,71.33,Below 200DMA — enter on recovery above 200DMA,7,2026-06-18,23.65,False,False,False,False,,0,False,False,False,False,False,False,48.3,6,89.0
BRNL,BHARAT ROAD,AVOID,0.0,0.0,CAUTION,3.5,0.5,ILLIQUID,nan,False,0,0,EXPIRED,False,-10.76,0.8936,5.65,HOLD,,False,,,0.0,3,False,21.27,18.41,21.7,Below 200DMA — enter on recovery above 200DMA,7,2026-06-18,42.67,False,False,False,False,,0,False,False,False,False,False,False,48.3,6,89.0
BROOKS,BROOKS LAB.,AVOID,0.0,0.0,CAUTION,3.5,0.5,RESTRICTED,nan,False,1,1,EXPIRED,True,-22.78,3.7371,6.7,HOLD,,False,,,0.0,3,False,86.72,64.96,88.45,Below 200DMA — enter on recovery above 200DMA,7,2026-06-18,-10.16,True,False,False,False,LOW_ROE(-10.2%),0,True,True,False,False,False,False,48.3,6,89.0
BSHSL,BOMBAY SUPER HYB,AVOID,0.0,0.0,CAUTION,3.5,0.5,ILLIQUID,nan,False,0,0,EXPIRED,False,-12.03,4.0014,5.19,HOLD,,False,,,0.0,3,False,105.14,89.72,107.24,Below 200DMA — enter on recovery above 200DMA,7,2026-06-18,25.22,False,False,False,False,,0,False,False,False,False,False,False,48.3,6,89.0
EXCELINDUS,EXCEL INDUSTRIES,AVOID,0.0,0.0,CAUTION,3.5,0.5,RESTRICTED,nan,False,0,0,EXPIRED,False,-6.55,28.7714,3.73,HOLD,,False,,,0.0,2,False,990.98,898.32,1010.8,Below 200DMA — enter on recovery above 200DMA,7,2026-06-18,5.37,True,False,False,False,LOW_ROE(5.4%),0,True,True,False,False,False,False,48.3,6,89.0
EVERESTIND,EVEREST INDS.,AVOID,0.0,0.0,CAUTION,3.5,0.5,NORMAL,nan,False,0,0,FRESH,False,-23.44,20.3643,6.58,HOLD,,False,,,0.0,2,False,484.98,360.16,494.68,Below 200DMA — enter on recovery above 200DMA,7,2026-06-18,-0.6,True,False,False,False,LOW_ROE(-0.6%),0,False,False,False,False,False,False,48.3,6,89.0
EUROTEXIND,EUROTEX INDUSTRI,AVOID,0.0,0.0,CAUTION,3.5,0.5,ILLIQUID,nan,False,1,1,EXPIRED,True,22.5,1.7457,10.97,PARTIAL_EXIT,EXTENDED: 2.5× ATR above 200DMA,False,,,0.0,4,False,15.58,15.6,18.22,Extended — wait for ATR pullback,7,2026-06-18,,False,False,False,False,,0,False,False,False,False,False,False,48.3,6,89.0
EUROBOND,EURO PANEL,AVOID,0.0,0.0,CAUTION,3.5,0.5,ILLIQUID,nan,False,1,1,EXPIRED,True,-3.45,10.3464,6.92,HOLD,,False,,,0.0,4,False,185.88,174.08,189.6,Below 200DMA — enter on recovery above 200DMA,7,2026-06-18,13.83,False,False,False,False,,0,False,False,False,False,False,False,48.3,6,89.0
ENERGYDEV,ENERGY DEVL.CO.,AVOID,0.0,0.0,CAUTION,3.5,0.5,ILLIQUID,nan,False,1,1,EXPIRED,True,-7.27,0.9586,6.77,HOLD,,False,,,0.0,3,False,18.31,16.47,18.68,Below 200DMA — enter on recovery above 200DMA,7,2026-06-18,-2451.08,True,False,False,False,LOW_ROE(-2451.1%),0,False,False,False,False,False,False,48.3,6,89.0
ENFUSE,ENFUSE SOLUTIONS,AVOID,0.0,0.0,CAUTION,3.5,0.5,ILLIQUID,nan,False,0,0,EXPIRED,False,-16.05,9.4607,6.68,HOLD,,False,,,0.0,2,False,202.5,164.9,206.55,Below 200DMA — enter on recovery above 200DMA,7,2026-06-18,9.26,True,False,False,False,LOW_ROE(9.3%),0,False,False,False,False,False,False,48.3,6,89.0
ENIL,ENT.NETWORK,AVOID,0.0,0.0,CAUTION,3.5,0.5,ILLIQUID,nan,False,0,0,FRESH,False,-12.44,4.7779,5.3,HOLD,,False,,,0.0,2,False,123.54,104.92,126.01,Below 200DMA — enter on recovery above 200DMA,7,2026-06-18,1.49,True,False,False,False,LOW_ROE(1.5%),0,False,False,False,False,False,False,48.3,6,89.0
ENSER,ENSER,AVOID,0.0,0.0,CAUTION,3.5,0.5,ILLIQUID,nan,False,1,1,EXPIRED,True,1.8,0.6929,4.92,HOLD,,False,,,0.0,4,False,16.6,16.1,17.43,Near 200DMA — ideal dip entry zone,7,2026-06-18,25.02,False,True,False,False,HIGH_PE(203x vs ind 23x),0,False,False,False,False,False,False,48.3,6,89.0
EPIGRAL,EPIGRAL,AVOID,0.0,0.0,CAUTION,3.5,0.5,NORMAL,nan,False,0,0,FRESH,False,-12.95,45.5276,4.83,HOLD,,False,,,0.0,3,False,1299.21,1097.07,1325.19,Below 200DMA — enter on recovery above 200DMA,7,2026-06-18,18.78,False,False,False,False,,0,False,False,False,False,False,False,48.3,6,89.0
EQUIPPP,EQUIPPP SOCIAL,AVOID,0.0,0.0,CAUTION,3.5,0.5,ILLIQUID,nan,False,1,1,EXPIRED,True,9.42,1.1679,6.97,HOLD,,False,,,0.0,3,False,18.38,17.83,19.3,Near 200DMA — ideal dip entry zone,7,2026-06-18,-5.68,True,True,False,False,LOW_ROE(-5.7%) | HIGH_PE(264x vs ind 23x),0,False,False,False,False,False,False,48.3,6,89.0
ESABINDIA,ESAB INDIA,AVOID,0.0,0.0,CAUTION,3.5,0.5,NORMAL,nan,False,0,0,FRESH,False,2.24,217.1429,4.55,HOLD,,False,,,0.0,3,False,5598.23,5430.28,5878.14,Near 200DMA — ideal dip entry zone,7,2026-06-18,48.56,False,False,False,False,,0,True,True,False,False,False,False,48.3,6,89.0
ESCONET,ESCONET,AVOID,0.0,0.0,CAUTION,3.5,0.5,ILLIQUID,nan,False,0,0,EXPIRED,False,-24.73,5.0714,5.19,HOLD,,False,,,0.0,3,False,155.77,113.73,158.89,Below 200DMA — enter on recovery above 200DMA,7,2026-06-18,,False,False,False,False,,0,False,False,False,False,False,False,48.3,6,89.0
ESFL,ESSEN SPECIALITY,AVOID,0.0,0.0,CAUTION,3.5,0.5,ILLIQUID,nan,False,0,0,EXPIRED,False,-35.34,4.6536,4.64,HOLD,,False,,,0.0,2,False,186.29,116.84,190.02,Below 200DMA — enter on recovery above 200DMA,7,2026-06-18,7.64,True,True,False,False,LOW_ROE(7.6%) | HIGH_PE(1038x vs ind 32x),0,False,False,False,False,False,False,48.3,6,89.0
ESSARSHPNG,ESSAR SHIPPING,AVOID,0.0,0.0,CAUTION,3.5,0.5,RESTRICTED,nan,False,0,0,EXPIRED,False,-10.52,0.93,4.63,HOLD,,False,,,0.0,3,False,26.95,23.4,27.49,Below 200DMA — enter on recovery above 200DMA,7,2026-06-18,,False,False,False,False,,0,False,False,False,False,False,False,48.3,6,89.0
ESTER,ESTER INDUSTRIES,AVOID,0.0,0.0,CAUTION,3.5,0.5,RESTRICTED,nan,False,0,0,EXPIRED,False,-10.2,3.1964,4.23,HOLD,,False,,,0.0,2,False,101.09,88.06,103.11,Below 200DMA — enter on recovery above 200DMA,7,2026-06-18,1.77,True,False,False,False,LOW_ROE(1.8%),0,False,False,False,False,False,False,48.3,6,89.0
ETHOSLTD,ETHOS,AVOID,0.0,0.0,CAUTION,3.5,0.5,NORMAL,nan,False,0,0,FRESH,False,-7.11,74.0428,3.7,HOLD,,False,,,0.0,2,False,2584.03,2328.39,2635.71,Below 200DMA — enter on recovery above 200DMA,7,2026-06-18,9.8,True,True,False,False,LOW_ROE(9.8%) | HIGH_PE(114x vs ind 32x),0,False,False,False,False,False,False,48.3,6,89.0
FEL,FUTURE ENTERP.,AVOID,0.0,0.0,CAUTION,3.5,0.5,ILLIQUID,nan,False,0,0,EXPIRED,False,-10.3,0.0179,5.11,HOLD,,False,,,0.0,2,False,0.47,0.41,0.48,Below 200DMA — enter on recovery above 200DMA,7,2026-06-18,-238.27,True,False,False,False,LOW_ROE(-238.3%),0,False,False,False,False,False,False,48.3,6,89.0
FELDVR,FUTURE ENT. DVR,AVOID,0.0,0.0,CAUTION,3.5,0.5,ILLIQUID,nan,False,0,0,EXPIRED,False,-12.37,0.2021,9.15,HOLD,,False,,,0.0,2,False,3.02,2.57,3.08,Below 200DMA — enter on recovery above 200DMA,7,2026-06-18,-238.27,True,False,False,False,LOW_ROE(-238.3%),0,False,False,False,False,False,False,48.3,6,89.0
FIBERWEB,FIBERWEB (INDIA),AVOID,0.0,0.0,CAUTION,3.5,0.5,ILLIQUID,nan,False,0,0,EXPIRED,False,-23.38,1.1421,4.66,HOLD,,False,,,0.0,2,False,38.36,28.51,39.13,Below 200DMA — enter on recovery above 200DMA,7,2026-06-18,8.51,True,False,False,False,LOW_ROE(8.5%),0,True,True,False,False,False,False,48.3,6,89.0
FIDEL,FIDEL SOFTECH,AVOID,0.0,0.0,CAUTION,3.5,0.5,ILLIQUID,nan,False,0,0,EXPIRED,False,2.37,5.7429,4.44,HOLD,,False,,,0.0,3,False,151.56,147.01,159.14,Near 200DMA — ideal dip entry zone,7,2026-06-18,20.6,False,False,False,False,,0,False,False,False,False,False,False,48.3,6,89.0
FILATFASH,FILATEX FASH.,AVOID,0.0,0.0,CAUTION,3.5,0.5,RESTRICTED,nan,False,0,0,FRESH,False,-38.58,0.0129,7.37,HOLD,,False,,,0.0,2,False,0.34,0.2,0.35,Below 200DMA — enter on recovery above 200DMA,7,2026-06-18,0.41,True,False,False,False,LOW_ROE(0.4%),0,True,True,False,False,False,False,48.3,6,89.0
FINEORG,FINE ORGANIC,AVOID,0.0,0.0,CAUTION,3.5,0.5,NORMAL,nan,False,1,1,EXPIRED,True,10.85,136.9428,3.29,HOLD,,False,,,0.0,4,False,4502.28,4367.21,4727.39,Near 200DMA — ideal dip entry zone,7,2026-06-18,17.88,False,False,False,False,,0,True,True,False,False,False,False,48.3,6,89.0
FCSSOFT,FCS SOFTWARE,AVOID,0.0,0.0,CAUTION,3.5,0.5,ILLIQUID,nan,False,0,0,EXPIRED,False,-16.11,0.0479,3.68,HOLD,,False,,,0.0,2,False,1.86,1.51,1.9,Below 200DMA — enter on recovery above 200DMA,7,2026-06-18,0.86,True,False,False,False,LOW_ROE(0.9%),0,True,True,False,False,False,False,48.3,6,89.0
FAZE3Q,FAZE THREE,AVOID,0.0,0.0,CAUTION,3.5,0.5,NORMAL,nan,False,1,1,EXPIRED,True,19.92,24.3464,5.16,HOLD,,False,,,0.0,3,False,471.69,516.96,553.48,Extended — wait for ATR pullback,7,2026-06-18,9.68,True,False,False,False,LOW_ROE(9.7%),0,False,False,False,False,False,False,48.3,6,89.0
FACT,F A C T,AVOID,0.0,0.0,CAUTION,3.5,0.5,NORMAL,nan,False,1,1,EXPIRED,True,11.44,39.625,4.91,HOLD,,False,,,0.0,3,False,868.24,842.19,911.65,Near 200DMA — ideal dip entry zone,7,2026-06-18,3.01,True,True,False,False,LOW_ROE(3.0%) | HIGH_PE(1697x vs ind 16x),0,False,False,False,False,False,False,48.3,6,89.0
FAIRCHEMOR,FAIRCHEM ORGANIC,AVOID,0.0,0.0,CAUTION,3.5,0.5,RESTRICTED,nan,False,1,1,FRESH,True,-8.68,20.4714,4.09,HOLD,,False,,,0.0,3,False,658.06,582.92,671.22,Below 200DMA — enter on recovery above 200DMA,7,2026-06-18,7.28,True,True,False,False,LOW_ROE(7.3%) | HIGH_PE(273x vs ind 25x),0,False,False,False,False,False,False,48.3,6,89.0
FALCONTECH,FALCON,AVOID,0.0,0.0,CAUTION,3.5,0.5,ILLIQUID,nan,False,0,0,EXPIRED,False,-20.94,0.9214,8.92,HOLD,,False,,,0.0,2,False,15.68,12.03,15.99,Below 200DMA — enter on recovery above 200DMA,7,2026-06-18,5.14,True,False,False,False,LOW_ROE(5.1%),0,False,False,False,False,False,False,48.3,6,89.0
EXXARO,EXXARO TILES,AVOID,0.0,0.0,CAUTION,3.5,0.5,RESTRICTED,nan,False,0,0,EXPIRED,False,-11.07,0.41,7.37,HOLD,,False,,,0.0,2,False,7.51,6.48,7.66,Below 200DMA — enter on recovery above 200DMA,7,2026-06-18,-0.04,True,False,False,False,LOW_ROE(-0.0%),0,False,False,False,False,False,False,48.3,6,89.0
EXPLEOSOL,EXPLEO SOLUTIONS,AVOID,0.0,0.0,CAUTION,3.5,0.5,NORMAL,nan,False,0,0,EXPIRED,False,-9.42,39.0571,5.64,HOLD,,False,,,0.0,3,False,918.16,806.7,936.52,Below 200DMA — enter on recovery above 200DMA,7,2026-06-18,16.24,False,False,False,False,,0,True,True,False,False,False,False,48.3,6,89.0
EXICOM,EXICOM TELE-SYS.,AVOID,0.0,0.0,CAUTION,3.5,0.5,NORMAL,nan,False,1,1,AGING,True,37.21,14.3879,10.46,PARTIAL_EXIT,EXTENDED: 4.3× ATR above 200DMA,False,,,0.0,3,False,120.29,136.27,157.86,Extended — wait for ATR pullback,7,2026-06-18,-17.93,True,False,False,False,LOW_ROE(-17.9%),0,False,False,False,False,False,False,48.3,6,89.0
EXIDEIND,EXIDE INDS.,AVOID,0.0,0.0,CAUTION,3.5,0.5,NORMAL,nan,False,1,1,FRESH,True,7.38,10.9429,3.38,HOLD,,False,,,0.0,3,False,361.71,350.86,379.8,Near 200DMA — ideal dip entry zone,7,2026-06-18,5.71,True,False,False,False,LOW_ROE(5.7%),0,False,False,False,False,False,False,48.3,6,89.0
EMMIL,ENERGY-MISSION,AVOID,0.0,0.0,CAUTION,3.5,0.5,ILLIQUID,nan,False,0,0,EXPIRED,False,-24.29,5.0607,4.91,HOLD,,False,,,0.0,3,False,163.38,119.99,166.65,Below 200DMA — enter on recovery above 200DMA,7,2026-06-18,14.93,False,False,False,False,,0,False,False,False,False,False,False,48.3,6,89.0
EMMBI,EMMBI INDUSTRIES,AVOID,0.0,0.0,CAUTION,3.5,0.5,ILLIQUID,nan,False,1,1,EXPIRED,True,-1.48,3.685,4.79,HOLD,,False,,,0.0,3,False,93.68,89.52,95.55,Below 200DMA — enter on recovery above 200DMA,7,2026-06-18,3.55,True,False,False,False,LOW_ROE(3.5%),0,False,False,False,False,False,False,48.3,6,89.0
DELAPLEX,DELAPLEX,AVOID,0.0,0.0,CAUTION,3.5,0.5,ILLIQUID,nan,False,0,0,EXPIRED,False,-17.7,5.1214,5.97,HOLD,,False,,,0.0,3,False,125.16,99.91,127.66,Below 200DMA — enter on recovery above 200DMA,7,2026-06-18,16.53,False,False,False,False,,0,False,False,False,False,False,False,48.3,6,89.0
DELPHIFX,DELPHI WORLD,AVOID,0.0,0.0,CAUTION,3.5,0.5,RESTRICTED,nan,False,0,0,EXPIRED,False,-35.17,1.0657,14.77,HOLD,,False,,,0.0,2,False,13.36,8.4,13.63,Below 200DMA — enter on recovery above 200DMA,7,2026-06-18,2.21,True,False,False,False,LOW_ROE(2.2%),0,False,False,False,False,False,False,48.3,6,89.0
DELTAMAGNT,DELTA MANUFACT.,AVOID,0.0,0.0,CAUTION,3.5,0.5,ILLIQUID,nan,False,1,1,EXPIRED,True,-9.67,3.4914,6.82,HOLD,,False,,,0.0,3,False,68.03,59.61,69.39,Below 200DMA — enter on recovery above 200DMA,7,2026-06-18,-82.8,True,False,False,False,LOW_ROE(-82.8%),0,False,False,False,False,False,False,48.3,6,89.0
DEN,DEN NETWORKS,AVOID,0.0,0.0,CAUTION,3.5,0.5,NORMAL,nan,False,1,1,AGING,True,-4.25,1.0614,4.4,HOLD,,False,,,0.0,3,False,30.23,28.08,30.83,Below 200DMA — enter on recovery above 200DMA,7,2026-06-18,5.53,True,False,False,False,LOW_ROE(5.5%),0,True,True,False,False,False,False,48.3,6,89.0
DENORA,DE NORA INDIA,AVOID,0.0,0.0,CAUTION,3.5,0.5,RESTRICTED,nan,False,1,1,FRESH,True,12.52,38.8036,5.65,HOLD,,False,,,0.0,3,False,732.34,710.37,768.96,Near 200DMA — ideal dip entry zone,7,2026-06-18,1.41,True,False,False,False,LOW_ROE(1.4%),0,True,True,False,False,False,False,48.3,6,89.0
DENTALKART,VASA DENTICITY,AVOID,0.0,0.0,CAUTION,3.5,0.5,NORMAL,nan,False,0,0,EXPIRED,False,-28.34,16.9643,5.49,HOLD,,False,,,0.0,3,False,517.66,359.82,528.01,Below 200DMA — enter on recovery above 200DMA,7,2026-06-18,12.8,False,False,False,False,,0,False,False,False,False,False,False,48.3,6,89.0
DESTINY,DESTINY LOGISTIC,AVOID,0.0,0.0,CAUTION,3.5,0.5,ILLIQUID,nan,False,0,0,EXPIRED,False,-10.28,0.0,5.0,HOLD,,False,,,0.0,2,False,118.03,102.72,120.39,Below 200DMA — enter on recovery above 200DMA,7,2026-06-18,8.3,True,False,False,False,LOW_ROE(8.3%),0,False,False,False,False,False,False,48.3,6,89.0
DEVIT,DEV INFORMATION,AVOID,0.0,0.0,CAUTION,3.5,0.5,ILLIQUID,nan,False,0,0,AGING,False,-17.49,1.4786,6.29,HOLD,,False,,,0.0,3,False,34.17,27.34,34.85,Below 200DMA — enter on recovery above 200DMA,7,2026-06-18,21.67,False,False,False,False,,0,False,False,False,False,False,False,48.3,6,89.0
DEVX,DEV ACCELE.,AVOID,0.0,0.0,CAUTION,3.5,0.5,RESTRICTED,nan,False,0,0,EXPIRED,False,-12.93,1.4143,4.67,HOLD,,False,,,0.0,2,False,41.77,35.28,42.61,Below 200DMA — enter on recovery above 200DMA,7,2026-06-18,3.41,True,True,False,False,LOW_ROE(3.4%) | HIGH_PE(227x vs ind 21x),0,False,False,False,False,False,False,48.3,6,89.0
DEVYANI,DEVYANI INTL.,AVOID,0.0,0.0,CAUTION,3.5,0.5,NORMAL,nan,False,0,0,EXPIRED,False,-16.02,4.3729,4.63,HOLD,,False,,,0.0,2,False,134.89,109.88,137.59,Below 200DMA — enter on recovery above 200DMA,7,2026-06-18,0.84,True,False,False,False,LOW_ROE(0.8%),0,False,False,False,False,False,False,48.3,6,89.0
DGCONTENT,DIGICONTENT,AVOID,0.0,0.0,CAUTION,3.5,0.5,ILLIQUID,nan,False,0,0,EXPIRED,False,-14.34,1.6893,7.67,HOLD,,False,,,0.0,3,False,30.85,25.64,31.47,Below 200DMA — enter on recovery above 200DMA,7,2026-06-18,89.02,False,False,False,False,,0,False,False,False,False,False,False,48.3,6,89.0
DHAMPURSUG,DHAMPUR SUGAR,AVOID,0.0,0.0,CAUTION,3.5,0.5,NORMAL,nan,False,0,0,EXPIRED,False,7.82,4.785,4.08,HOLD,,False,,,0.0,2,False,130.39,126.48,136.91,Near 200DMA — ideal dip entry zone,7,2026-06-18,4.53,True,False,False,False,LOW_ROE(4.5%),0,False,False,False,False,False,False,48.3,6,89.0
DHANLAXMI,DHANLAXMI CROP,AVOID,0.0,0.0,CAUTION,3.5,0.5,ILLIQUID,nan,False,0,0,EXPIRED,False,-9.41,1.2929,5.21,HOLD,,False,,,0.0,3,False,32.89,28.91,33.55,Below 200DMA — enter on recovery above 200DMA,7,2026-06-18,18.89,False,False,False,False,,0,False,False,False,False,False,False,48.3,6,89.0
DHARAN,DHARAN INFRA-EPC,AVOID,0.0,0.0,CAUTION,3.5,0.5,RESTRICTED,nan,False,1,1,EXPIRED,True,-43.29,0.0093,6.97,HOLD,,False,,,0.0,3,False,0.28,0.16,0.29,Below 200DMA — enter on recovery above 200DMA,7,2026-06-18,-3.82,True,False,False,False,LOW_ROE(-3.8%),0,True,True,False,False,False,False,48.3,6,89.0
DHRUV,DHRUV CONSULTANC,AVOID,0.0,0.0,CAUTION,3.5,0.5,ILLIQUID,nan,False,0,0,EXPIRED,False,-32.37,1.49,6.36,HOLD,,False,,,0.0,2,False,41.56,27.27,42.39,Below 200DMA — enter on recovery above 200DMA,7,2026-06-18,6.72,True,False,False,False,LOW_ROE(6.7%),0,False,False,False,False,False,False,48.3,6,89.0
DHTL,DOCMODE HEALTH,AVOID,0.0,0.0,CAUTION,3.5,0.5,ILLIQUID,nan,False,0,0,EXPIRED,False,-37.12,0.8393,2.49,HOLD,,False,,,0.0,2,False,64.41,39.28,65.7,Below 200DMA — enter on recovery above 200DMA,7,2026-06-18,-24.27,True,False,False,False,LOW_ROE(-24.3%),0,False,False,False,False,False,False,48.3,6,89.0
DHUNINV,DHUNSERI INVEST.,AVOID,0.0,0.0,CAUTION,3.5,0.5,ILLIQUID,nan,False,0,0,EXPIRED,False,-23.34,37.9464,5.37,HOLD,,False,,,0.0,2,False,1105.91,822.32,1128.03,Below 200DMA — enter on recovery above 200DMA,7,2026-06-18,3.38,True,False,False,False,LOW_ROE(3.4%),0,False,False,False,False,False,False,48.3,6,89.0
DIACABS,DIAMOND POWER,AVOID,0.0,0.0,CAUTION,3.5,0.5,NORMAL,nan,False,1,1,FRESH,True,36.86,11.7121,6.87,PARTIAL_EXIT,EXTENDED: 6.4× ATR above 200DMA,False,,,0.0,4,False,149.43,181.09,198.65,Extended — wait for ATR pullback,7,2026-06-18,,False,False,False,False,,0,False,False,False,False,False,False,48.3,6,89.0
DIAMINESQ,DIAMINES & CHEM.,AVOID,0.0,0.0,CAUTION,3.5,0.5,ILLIQUID,nan,False,0,0,EXPIRED,False,-10.18,11.4621,5.63,HOLD,,False,,,0.0,2,False,272.08,237.06,277.52,Below 200DMA — enter on recovery above 200DMA,7,2026-06-18,1.69,True,False,False,False,LOW_ROE(1.7%),0,True,True,False,False,False,False,48.3,6,89.0
DEEM,DEEM ROLL-TECH,AVOID,0.0,0.0,CAUTION,3.5,0.5,ILLIQUID,nan,False,1,1,EXPIRED,True,2.38,3.125,7.98,HOLD,,False,,,0.0,3,False,45.91,44.53,48.21,Near 200DMA — ideal dip entry zone,7,2026-06-18,3.39,True,False,False,False,LOW_ROE(3.4%),0,False,False,False,False,False,False,48.3,6,89.0
DECCANCE,DECCAN CEMENTS,AVOID,0.0,0.0,CAUTION,3.5,0.5,RESTRICTED,nan,False,0,0,EXPIRED,False,-26.81,17.6143,3.68,HOLD,,False,,,0.0,2,False,784.73,557.12,800.42,Below 200DMA — enter on recovery above 200DMA,7,2026-06-18,1.04,True,False,False,False,LOW_ROE(1.0%),0,False,False,False,False,False,False,48.3,6,89.0
DAICHI,NAN,AVOID,0.0,0.0,CAUTION,3.5,0.5,RESTRICTED,nan,False,1,1,FRESH,True,21.1,12.3164,4.81,PARTIAL_EXIT,EXTENDED: 5.3× ATR above 200DMA,False,,,0.0,4,False,253.78,282.7,301.17,Extended — wait for ATR pullback,7,2026-06-18,,False,False,False,False,,0,False,False,False,False,False,False,48.3,6,89.0
DALBHARAT,DALMIA BHARATLTD,AVOID,0.0,0.0,CAUTION,3.5,0.5,NORMAL,nan,False,0,0,FRESH,False,-15.45,44.9929,3.13,HOLD,,False,,,0.0,2,False,2038.27,1671.7,2079.04,Below 200DMA — enter on recovery above 200DMA,7,2026-06-18,3.93,True,False,False,False,LOW_ROE(3.9%),0,False,False,False,False,False,False,48.3,6,89.0
DAMODARIND,DAMODAR INDUST.,AVOID,0.0,0.0,CAUTION,3.5,0.5,ILLIQUID,nan,False,1,1,EXPIRED,True,1.08,1.6886,6.69,HOLD,,False,,,0.0,3,False,29.99,29.09,31.49,Near 200DMA — ideal dip entry zone,7,2026-06-18,3.75,True,False,False,False,LOW_ROE(3.8%),0,False,False,False,False,False,False,48.3,6,89.0
DANGEE,DANGEE DUMS,AVOID,0.0,0.0,CAUTION,3.5,0.5,ILLIQUID,nan,False,0,0,EXPIRED,False,-12.31,0.1579,6.0,HOLD,,False,,,0.0,2,False,3.6,3.07,3.67,Below 200DMA — enter on recovery above 200DMA,7,2026-06-18,-3.3,True,False,False,False,LOW_ROE(-3.3%),0,False,False,False,False,False,False,48.3,6,89.0
DBCORP,D B CORP,AVOID,0.0,0.0,CAUTION,3.5,0.5,RESTRICTED,nan,False,0,0,FRESH,False,-14.19,4.4086,2.59,HOLD,,False,,,0.0,3,False,238.11,198.2,242.87,Below 200DMA — enter on recovery above 200DMA,7,2026-06-18,16.68,False,False,False,False,,0,False,False,False,False,False,False,48.3,6,89.0
DBL,DILIP BUILDCON,AVOID,0.0,0.0,CAUTION,3.5,0.5,NORMAL,nan,False,0,0,FRESH,False,-6.39,12.1536,3.37,HOLD,,False,,,0.0,3,False,461.76,419.28,471.0,Below 200DMA — enter on recovery above 200DMA,7,2026-06-18,12.65,False,False,False,False,,0,False,False,False,False,False,False,48.3,6,89.0
DBOL,DHAMPUR BIO,AVOID,0.0,0.0,CAUTION,3.5,0.5,RESTRICTED,nan,False,0,0,EXPIRED,False,21.49,4.7421,5.04,PARTIAL_EXIT,EXTENDED: 5.1× ATR above 200DMA,False,,,0.0,2,False,92.99,103.5,110.61,Extended — wait for ATR pullback,7,2026-06-18,1.45,True,False,False,False,LOW_ROE(1.4%),0,False,False,False,False,False,False,48.3,6,89.0
DCAL,DISHMAN CARBOGEN,AVOID,0.0,0.0,CAUTION,3.5,0.5,NORMAL,nan,False,0,0,EXPIRED,False,-24.7,8.3764,5.99,HOLD,,False,,,0.0,2,False,222.89,162.81,227.35,Below 200DMA — enter on recovery above 200DMA,7,2026-06-18,0.06,True,False,False,False,LOW_ROE(0.1%),0,False,False,False,False,False,False,48.3,6,89.0
DCG,DCG CABLES,AVOID,0.0,0.0,CAUTION,3.5,0.5,ILLIQUID,nan,False,0,0,EXPIRED,False,-9.6,3.4143,7.06,HOLD,,False,,,0.0,2,False,64.16,56.26,65.44,Below 200DMA — enter on recovery above 200DMA,7,2026-06-18,10.24,True,False,False,False,LOW_ROE(10.2%),0,False,False,False,False,False,False,48.3,6,89.0
DCI,DC INFOTECH,AVOID,0.0,0.0,CAUTION,3.5,0.5,ILLIQUID,nan,False,0,0,EXPIRED,False,1.83,11.1536,4.98,HOLD,,False,,,0.0,3,False,264.13,256.21,277.34,Near 200DMA — ideal dip entry zone,7,2026-06-18,20.08,False,False,False,False,,0,False,False,False,False,False,False,48.3,6,89.0
DCM,DCM,AVOID,0.0,0.0,CAUTION,3.5,0.5,ILLIQUID,nan,False,1,1,EXPIRED,True,11.0,5.7214,7.1,HOLD,,False,,,0.0,4,False,87.08,84.47,91.43,Near 200DMA — ideal dip entry zone,7,2026-06-18,51.06,False,False,False,False,,0,True,True,False,False,False,False,48.3,6,89.0
DCMFINSERV,DCM FINANCIAL,AVOID,0.0,0.0,CAUTION,3.5,0.5,ILLIQUID,nan,False,1,1,EXPIRED,True,-0.32,0.2129,4.82,HOLD,,False,,,0.0,4,False,5.32,5.14,5.43,Below 200DMA — enter on recovery above 200DMA,7,2026-06-18,,False,False,False,False,,0,False,False,False,False,False,False,48.3,6,89.0
DCMNVL,DCM NOUVELLE,AVOID,0.0,0.0,CAUTION,3.5,0.5,ILLIQUID,nan,False,1,1,EXPIRED,True,7.34,7.7521,6.18,HOLD,,False,,,0.0,3,False,140.28,136.07,147.29,Near 200DMA — ideal dip entry zone,7,2026-06-18,2.75,True,False,False,False,LOW_ROE(2.8%),0,False,False,False,False,False,False,48.3,6,89.0
DCMSHRIRAM,DCM SHRIRAM,AVOID,0.0,0.0,CAUTION,3.5,0.5,NORMAL,nan,False,0,0,FRESH,False,-10.27,32.0786,3.68,HOLD,,False,,,0.0,2,False,1165.23,1014.23,1188.53,Below 200DMA — enter on recovery above 200DMA,7,2026-06-18,8.63,True,False,False,False,LOW_ROE(8.6%),0,False,False,False,False,False,False,48.3,6,89.0
DCMSIL,DCM SHRIRAM INTL,AVOID,0.0,0.0,CAUTION,3.5,0.5,RESTRICTED,nan,False,0,0,EXPIRED,False,-3.9,2.1836,4.12,HOLD,,False,,,0.0,3,False,66.19,61.7,67.51,Below 200DMA — enter on recovery above 200DMA,7,2026-06-18,,False,False,False,False,,0,False,False,False,False,False,False,48.3,6,89.0
DCW,DCW,AVOID,0.0,0.0,CAUTION,3.5,0.5,NORMAL,nan,False,1,1,FRESH,True,-10.23,1.9221,4.64,HOLD,,False,,,0.0,3,False,55.39,48.23,56.5,Below 200DMA — enter on recovery above 200DMA,7,2026-06-18,2.93,True,False,False,False,LOW_ROE(2.9%),0,False,False,False,False,False,False,48.3,6,89.0
DCXINDIA,DCX SYSTEMS,AVOID,0.0,0.0,CAUTION,3.5,0.5,NORMAL,nan,False,0,0,EXPIRED,False,-3.23,9.85,6.1,HOLD,,False,,,0.0,2,False,200.28,188.0,204.29,Below 200DMA — enter on recovery above 200DMA,7,2026-06-18,2.83,True,False,False,False,LOW_ROE(2.8%),0,True,True,False,False,False,False,48.3,6,89.0
DBSTOCKBRO,DB INTL.STOCK,AVOID,0.0,0.0,CAUTION,3.5,0.5,ILLIQUID,nan,False,1,1,EXPIRED,True,19.41,2.7707,10.6,HOLD,,False,,,0.0,3,False,26.28,25.84,29.99,Extended — wait for ATR pullback,7,2026-06-18,8.04,True,False,False,False,LOW_ROE(8.0%),0,True,True,False,False,False,False,48.3,6,89.0
DICIND,DIC INDIA,AVOID,0.0,0.0,CAUTION,3.5,0.5,ILLIQUID,nan,False,0,0,AGING,False,-1.11,27.025,6.31,HOLD,,False,,,0.0,2,False,519.89,498.68,530.29,Below 200DMA — enter on recovery above 200DMA,7,2026-06-18,4.12,True,False,False,False,LOW_ROE(4.1%),0,True,True,False,False,False,False,48.3,6,89.0
DIGIDRIVE,DIGIDRIVE DIST.,AVOID,0.0,0.0,CAUTION,3.5,0.5,ILLIQUID,nan,False,0,0,EXPIRED,False,-26.33,1.0143,6.62,HOLD,,False,,,0.0,2,False,24.96,17.84,25.46,Below 200DMA — enter on recovery above 200DMA,7,2026-06-18,2.88,True,False,False,False,LOW_ROE(2.9%),0,True,True,False,False,False,False,48.3,6,89.0
DIGIKORE,DIGIKORE STUDIOS,AVOID,0.0,0.0,CAUTION,3.5,0.5,RESTRICTED,nan,False,0,0,EXPIRED,False,-41.47,4.8429,11.31,HOLD,,False,,,0.0,2,False,87.82,49.86,89.58,Below 200DMA — enter on recovery above 200DMA,7,2026-06-18,-20.72,True,False,False,False,LOW_ROE(-20.7%),0,False,False,False,False,False,False,48.3,6,89.0
DTIL,DHUNSERI TEA,AVOID,0.0,0.0,CAUTION,3.5,0.5,ILLIQUID,nan,False,0,0,FRESH,False,-12.18,5.1336,4.56,HOLD,,False,,,0.0,2,False,153.71,130.95,156.78,Below 200DMA — enter on recovery above 200DMA,7,2026-06-18,-3.85,True,False,False,False,LOW_ROE(-3.9%),0,False,False,False,False,False,False,48.3,6,89.0
DTL,DIENSTEN TECH,AVOID,0.0,0.0,CAUTION,3.5,0.5,ILLIQUID,nan,False,0,0,EXPIRED,False,-9.35,4.4536,4.44,HOLD,,False,,,0.0,2,False,132.93,116.88,135.59,Below 200DMA — enter on recovery above 200DMA,7,2026-06-18,-11.15,True,False,False,False,LOW_ROE(-11.2%),0,False,False,False,False,False,False,48.3,6,89.0
DUCOL,DUCOL ORGANICS,AVOID,0.0,0.0,CAUTION,3.5,0.5,ILLIQUID,nan,False,0,0,EXPIRED,False,-24.07,4.1893,4.57,HOLD,,False,,,0.0,2,False,144.86,106.7,147.76,Below 200DMA — enter on recovery above 200DMA,7,2026-06-18,5.12,True,False,False,False,LOW_ROE(5.1%),0,False,False,False,False,False,False,48.3,6,89.0
DUCON,DUCON TECH,AVOID,0.0,0.0,CAUTION,3.5,0.5,ILLIQUID,nan,False,1,1,EXPIRED,True,-7.14,0.2157,7.07,HOLD,,False,,,0.0,3,False,3.94,3.55,4.02,Below 200DMA — enter on recovery above 200DMA,7,2026-06-18,7.72,True,False,False,False,LOW_ROE(7.7%),0,False,False,False,False,False,False,48.3,6,89.0
DUGLOBAL,DU DIGITAL,AVOID,0.0,0.0,CAUTION,3.5,0.5,ILLIQUID,nan,False,0,0,EXPIRED,False,-9.59,1.8286,6.79,HOLD,,False,,,0.0,2,False,35.73,31.33,36.44,Below 200DMA — enter on recovery above 200DMA,7,2026-06-18,3.96,True,True,False,False,LOW_ROE(4.0%) | HIGH_PE(127x vs ind 30x),0,False,False,False,False,False,False,48.3,6,89.0
DURLAX,DURLAX TOP,AVOID,0.0,0.0,CAUTION,3.5,0.5,RESTRICTED,nan,False,0,0,EXPIRED,False,10.37,2.3857,5.88,HOLD,,False,,,0.0,3,False,44.12,42.8,46.33,Near 200DMA — ideal dip entry zone,7,2026-06-18,13.0,False,False,False,False,,0,False,False,False,False,False,False,48.3,6,89.0
DVL,DHUNSERI VENT.,AVOID,0.0,0.0,CAUTION,3.5,0.5,ILLIQUID,nan,False,1,1,EXPIRED,True,-11.85,8.1021,3.99,HOLD,,False,,,0.0,3,False,276.42,236.36,281.95,Below 200DMA — enter on recovery above 200DMA,7,2026-06-18,4.52,True,False,False,False,LOW_ROE(4.5%),0,False,False,False,False,False,False,48.3,6,89.0
DWARKESH,DWARIKESH SUGAR,AVOID,0.0,0.0,CAUTION,3.5,0.5,NORMAL,nan,False,0,0,EXPIRED,False,6.67,1.7771,4.87,HOLD,,False,,,0.0,2,False,41.05,39.82,43.1,Near 200DMA — ideal dip entry zone,7,2026-06-18,2.89,True,True,False,False,LOW_ROE(2.9%) | HIGH_PE(37x vs ind 14x),0,False,False,False,False,False,False,48.3,6,89.0
DYNAMATECH,DYNAMATIC TECH.,AVOID,0.0,0.0,CAUTION,3.5,0.5,NORMAL,nan,False,0,0,FRESH,False,16.61,454.2857,5.09,HOLD,,False,,,0.0,2,False,9190.51,9808.43,10489.86,Extended — wait for ATR pullback,7,2026-06-18,6.0,True,True,False,False,LOW_ROE(6.0%) | HIGH_PE(181x vs ind 30x),0,False,False,False,False,False,False,48.3,6,89.0
DYNAMIC,DYNAMIC SERVICES,AVOID,0.0,0.0,CAUTION,3.5,0.5,ILLIQUID,nan,False,1,1,EXPIRED,True,24.34,11.1214,8.67,PARTIAL_EXIT,EXTENDED: 3.4× ATR above 200DMA,False,,,0.0,3,False,123.86,131.76,148.44,Extended — wait for ATR pullback,7,2026-06-18,9.14,True,False,False,False,LOW_ROE(9.1%),0,False,False,False,False,False,False,48.3,6,89.0
DYNPRO,DYNEMIC PRODUCTS,AVOID,0.0,0.0,CAUTION,3.5,0.5,RESTRICTED,nan,False,0,0,EXPIRED,False,-13.35,13.4814,7.04,HOLD,,False,,,0.0,2,False,265.27,222.95,270.58,Below 200DMA — enter on recovery above 200DMA,7,2026-06-18,6.69,True,False,False,False,LOW_ROE(6.7%),0,False,False,False,False,False,False,48.3,6,89.0
E2E,E2E NETWORKS,AVOID,0.0,0.0,CAUTION,3.5,0.5,NORMAL,nan,False,1,1,EXPIRED,True,39.75,24.7264,7.68,PARTIAL_EXIT,EXTENDED: 6.2× ATR above 200DMA,False,,,0.0,3,False,276.5,336.95,374.04,Extended — wait for ATR pullback,7,2026-06-18,2.98,True,False,False,False,LOW_ROE(3.0%),0,False,False,False,False,False,False,48.3,6,89.0
EASTSILK,ESI,AVOID,0.0,0.0,CAUTION,3.5,0.5,ILLIQUID,nan,False,0,0,EXPIRED,False,-22.24,2.1507,5.18,HOLD,,False,,,0.0,2,False,64.08,48.34,65.36,Below 200DMA — enter on recovery above 200DMA,7,2026-06-18,6.37,True,True,False,False,LOW_ROE(6.4%) | HIGH_PE(1112x vs ind 16x),0,False,False,False,False,False,False,48.3,6,89.0
DSFCL,DCM SHRIRAM FINE CHEMICALS,AVOID,0.0,0.0,CAUTION,3.5,0.5,ILLIQUID,nan,False,0,0,FRESH,False,-11.69,1.2793,6.56,HOLD,,False,,,0.0,3,False,26.5,22.7,27.03,Below 200DMA — enter on recovery above 200DMA,7,2026-06-18,,False,False,False,False,,0,True,True,False,False,False,False,48.3,6,89.0
DRONE,DRONE DESTINATIO,AVOID,0.0,0.0,CAUTION,3.5,0.5,ILLIQUID,nan,False,0,0,EXPIRED,False,-33.38,2.1393,6.3,HOLD,,False,,,0.0,2,False,61.17,39.53,62.39,Below 200DMA — enter on recovery above 200DMA,7,2026-06-18,-11.45,True,False,False,False,LOW_ROE(-11.4%),0,False,False,False,False,False,False,48.3,6,89.0
DIGISPICE,DIGISPICE TECH.,AVOID,0.0,0.0,CAUTION,3.5,0.5,ILLIQUID,nan,False,1,1,EXPIRED,True,-7.39,0.9657,5.6,HOLD,,False,,,0.0,3,False,22.34,20.07,22.79,Below 200DMA — enter on recovery above 200DMA,7,2026-06-18,-18.42,True,True,False,False,LOW_ROE(-18.4%) | HIGH_PE(62x vs ind 23x),0,True,True,False,False,False,False,48.3,6,89.0
DIGJAMLMTD,DIGJAM,AVOID,0.0,0.0,CAUTION,3.5,0.5,ILLIQUID,nan,False,0,0,FRESH,False,-6.26,2.3921,6.39,HOLD,,False,,,0.0,2,False,47.9,43.55,48.86,Below 200DMA — enter on recovery above 200DMA,7,2026-06-18,-196.53,True,True,False,False,LOW_ROE(-196.5%) | HIGH_PE(49x vs ind 16x),0,False,False,False,False,False,False,48.3,6,89.0
DISAQ,NAN,AVOID,0.0,0.0,CAUTION,3.5,0.5,RESTRICTED,nan,False,0,0,EXPIRED,False,-0.34,366.5714,3.73,HOLD,,False,,,0.0,3,False,11833.3,11439.21,12069.97,Below 200DMA — enter on recovery above 200DMA,7,2026-06-18,,False,False,False,False,,0,False,False,False,False,False,False,48.3,6,89.0
DISHTV,DISH TV INDIA,AVOID,0.0,0.0,CAUTION,3.5,0.5,RESTRICTED,nan,False,0,0,EXPIRED,False,-16.83,0.1186,4.48,HOLD,,False,,,0.0,3,False,3.82,3.08,3.9,Below 200DMA — enter on recovery above 200DMA,7,2026-06-18,,False,False,False,False,,0,False,False,False,False,False,False,48.3,6,89.0
DKEGL,D.K. ENTERPRISES,AVOID,0.0,0.0,CAUTION,3.5,0.5,ILLIQUID,nan,False,0,0,EXPIRED,False,-6.88,1.4679,2.63,HOLD,,False,,,0.0,3,False,72.05,65.09,73.49,Below 200DMA — enter on recovery above 200DMA,7,2026-06-18,18.69,False,False,False,False,,0,False,False,False,False,False,False,48.3,6,89.0
DMCC,DMCC SPECIALITY,AVOID,0.0,0.0,CAUTION,3.5,0.5,NORMAL,nan,False,0,0,EXPIRED,False,-5.06,11.2643,5.35,HOLD,,False,,,0.0,2,False,266.12,245.07,271.44,Below 200DMA — enter on recovery above 200DMA,7,2026-06-18,9.46,True,False,False,False,LOW_ROE(9.5%),0,False,False,False,False,False,False,48.3,6,89.0
DNAMEDIA,DILIGENT MEDIA,AVOID,0.0,0.0,CAUTION,3.5,0.5,ILLIQUID,nan,False,0,0,EXPIRED,False,-21.5,0.1793,7.34,HOLD,,False,,,0.0,3,False,3.73,2.84,3.8,Below 200DMA — enter on recovery above 200DMA,7,2026-06-18,,False,False,False,False,,0,False,False,False,False,False,False,48.3,6,89.0
DOLLEX,DOLLEX AGROTECH,AVOID,0.0,0.0,CAUTION,3.5,0.5,ILLIQUID,nan,False,0,0,EXPIRED,False,-16.86,1.0679,4.24,HOLD,,False,,,0.0,3,False,36.39,29.34,37.12,Below 200DMA — enter on recovery above 200DMA,7,2026-06-18,12.52,False,False,False,False,,0,False,False,False,False,False,False,48.3,6,89.0
DOLPHIN,DOLPHIN OFFSHORE,AVOID,0.0,0.0,CAUTION,3.5,0.5,ILLIQUID,nan,False,0,0,EXPIRED,False,-3.99,12.175,3.75,HOLD,,False,,,0.0,3,False,405.26,377.43,413.37,Below 200DMA — enter on recovery above 200DMA,7,2026-06-18,17.06,False,False,False,False,,0,False,False,False,False,False,False,48.3,6,89.0
DONEAR,DONEAR INDS.,AVOID,0.0,0.0,CAUTION,3.5,0.5,RESTRICTED,nan,False,0,0,FRESH,False,-3.46,3.1879,4.26,HOLD,,False,,,0.0,3,False,93.03,87.12,94.89,Below 200DMA — enter on recovery above 200DMA,7,2026-06-18,13.58,False,False,False,False,,0,False,False,False,False,False,False,48.3,6,89.0
DPABHUSHAN,D.P. ABHUSHAN,AVOID,0.0,0.0,CAUTION,3.5,0.5,NORMAL,nan,False,0,0,EXPIRED,False,-28.56,33.3643,4.38,HOLD,,False,,,0.0,3,False,1280.13,887.11,1305.73,Below 200DMA — enter on recovery above 200DMA,7,2026-06-18,27.89,False,False,False,False,,0,False,False,False,False,False,False,48.3,6,89.0
DPEL,DIVINE POWER,AVOID,0.0,0.0,CAUTION,3.5,0.5,NORMAL,nan,False,0,0,EXPIRED,False,45.39,11.525,2.88,PARTIAL_EXIT,PROFIT_ZONE: +45% above 200DMA | EXTENDED: 18.9× ATR above 200DMA,False,,,0.0,2,False,329.85,456.5,473.79,Extended — wait for ATR pullback,7,2026-06-18,10.63,True,False,False,False,LOW_ROE(10.6%),0,False,False,False,False,False,False,48.3,6,89.0
DPSCLTD,INDIA POWER CORP,AVOID,0.0,0.0,CAUTION,3.5,0.5,ILLIQUID,nan,False,0,0,EXPIRED,False,-23.61,0.4493,7.04,HOLD,,False,,,0.0,2,False,10.03,7.43,10.23,Below 200DMA — enter on recovery above 200DMA,7,2026-06-18,0.8,True,True,False,False,LOW_ROE(0.8%) | HIGH_PE(268x vs ind 22x),0,False,False,False,False,False,False,48.3,6,89.0
DPWIRES,D P WIRES,AVOID,0.0,0.0,CAUTION,3.5,0.5,RESTRICTED,nan,False,0,0,EXPIRED,False,-8.93,6.9543,4.68,HOLD,,False,,,0.0,2,False,195.92,173.07,199.84,Below 200DMA — enter on recovery above 200DMA,7,2026-06-18,8.94,True,False,False,False,LOW_ROE(8.9%),0,True,True,False,False,False,False,48.3,6,89.0
DRAGARWQ,NAN,AVOID,0.0,0.0,CAUTION,3.5,0.5,RESTRICTED,nan,False,0,0,FRESH,False,-2.04,164.9428,4.02,HOLD,,False,,,0.0,3,False,5025.94,4775.6,5126.46,Below 200DMA — enter on recovery above 200DMA,7,2026-06-18,,False,False,False,False,,0,False,False,False,False,False,False,48.3,6,89.0
DRCSYSTEMS,DRC SYSTEMS,AVOID,0.0,0.0,CAUTION,3.5,0.5,ILLIQUID,nan,False,0,0,EXPIRED,False,-16.8,0.51,4.33,HOLD,,False,,,0.0,3,False,17.01,13.73,17.35,Below 200DMA — enter on recovery above 200DMA,7,2026-06-18,23.34,False,False,False,False,,0,True,True,False,False,False,False,48.3,6,89.0
DODLA,DODLA DAIRY,AVOID,0.0,0.0,CAUTION,3.5,0.5,NORMAL,nan,False,1,1,EXPIRED,True,-7.84,29.9,3.26,HOLD,,False,,,0.0,4,False,1193.5,1066.9,1217.37,Below 200DMA — enter on recovery above 200DMA,7,2026-06-18,18.49,False,False,False,False,,0,True,True,False,False,False,False,48.3,6,89.0
EMBDL,EMBASSY DEVELOP,AVOID,0.0,0.0,CAUTION,3.5,0.5,NORMAL,nan,False,1,1,FRESH,True,-8.28,3.6436,6.81,HOLD,,False,,,0.0,3,False,70.01,62.28,71.41,Below 200DMA — enter on recovery above 200DMA,7,2026-06-18,2.14,True,False,False,False,LOW_ROE(2.1%),0,False,False,False,False,False,False,48.3,6,89.0
EMKAYTOOLS,EMKAY TAPS & CUT,AVOID,0.0,0.0,CAUTION,3.5,0.5,ILLIQUID,nan,False,0,0,EXPIRED,False,-19.59,5.8321,7.29,HOLD,,False,,,0.0,2,False,119.46,93.17,121.85,Below 200DMA — enter on recovery above 200DMA,7,2026-06-18,9.32,True,False,False,False,LOW_ROE(9.3%),0,False,False,False,False,False,False,48.3,6,89.0
EMAMIREAL,EMAMI REALTY LTD,AVOID,0.0,0.0,CAUTION,3.5,0.5,ILLIQUID,nan,False,1,1,EXPIRED,True,9.0,2.095,2.7,HOLD,,False,,,0.0,4,False,85.34,82.78,89.61,Near 200DMA — ideal dip entry zone,7,2026-06-18,,False,False,False,False,,0,False,False,False,False,False,False,48.3,6,89.0
EFACTOR,E FACTOR EXPERIE,AVOID,0.0,0.0,CAUTION,3.5,0.5,ILLIQUID,nan,False,0,0,EXPIRED,False,-27.3,6.2536,3.97,HOLD,,False,,,0.0,3,False,259.83,183.23,265.03,Below 200DMA — enter on recovery above 200DMA,7,2026-06-18,28.5,False,False,False,False,,0,False,False,False,False,False,False,48.3,6,89.0
EFORCE,ELECTRO FORCE,AVOID,0.0,0.0,CAUTION,3.5,0.5,ILLIQUID,nan,False,0,0,EXPIRED,False,-30.52,1.1,5.95,HOLD,,False,,,0.0,2,False,31.95,21.53,32.59,Below 200DMA — enter on recovery above 200DMA,7,2026-06-18,1.79,True,True,False,False,LOW_ROE(1.8%) | HIGH_PE(133x vs ind 31x),0,False,False,False,False,False,False,48.3,6,89.0
EIFFL,EURO INDIA FRESH,AVOID,0.0,0.0,CAUTION,3.5,0.5,NORMAL,nan,False,1,1,EXPIRED,True,25.87,14.6507,5.89,PARTIAL_EXIT,EXTENDED: 5.3× ATR above 200DMA,False,,,0.0,3,False,237.21,269.27,291.24,Extended — wait for ATR pullback,7,2026-06-18,7.73,True,True,False,False,LOW_ROE(7.7%) | HIGH_PE(104x vs ind 25x),0,False,False,False,False,False,False,48.3,6,89.0
EIHAHOTELS,EIH ASSOC.HOTELS,AVOID,0.0,0.0,CAUTION,3.5,0.5,RESTRICTED,nan,False,0,0,EXPIRED,False,-8.81,9.1821,3.49,HOLD,,False,,,0.0,3,False,345.94,305.99,352.86,Below 200DMA — enter on recovery above 200DMA,7,2026-06-18,17.12,False,False,False,False,,0,True,True,False,False,False,False,48.3,6,89.0
EKC,EVEREST KANTO,AVOID,0.0,0.0,CAUTION,3.5,0.5,NORMAL,nan,False,0,0,EXPIRED,False,-8.66,4.5293,4.87,HOLD,,False,,,0.0,2,False,122.16,108.23,124.6,Below 200DMA — enter on recovery above 200DMA,7,2026-06-18,8.12,True,False,False,False,LOW_ROE(8.1%),0,False,False,False,False,False,False,48.3,6,89.0
ELANTAS,NAN,AVOID,0.0,0.0,CAUTION,3.5,0.5,NORMAL,nan,False,1,1,AGING,True,8.64,457.5,5.33,HOLD,,False,,,0.0,4,False,9480.06,9195.66,9954.06,Near 200DMA — ideal dip entry zone,7,2026-06-18,,False,False,False,False,,0,False,False,False,False,False,False,48.3,6,89.0
ELCIDIN,NAN,AVOID,0.0,0.0,CAUTION,3.5,0.5,ILLIQUID,nan,False,0,0,FRESH,False,-2.41,2956.4286,3.0,HOLD,,False,,,0.0,3,False,121071.38,114605.5,123492.81,Below 200DMA — enter on recovery above 200DMA,7,2026-06-18,,False,False,False,False,,0,False,False,False,False,False,False,48.3,6,89.0
ELDEHSG,ELDECO HOUSING,AVOID,0.0,0.0,CAUTION,3.5,0.5,ILLIQUID,nan,False,0,0,FRESH,False,-7.99,39.1429,6.04,HOLD,,False,,,0.0,2,False,845.01,754.13,861.91,Below 200DMA — enter on recovery above 200DMA,7,2026-06-18,5.6,True,False,False,False,LOW_ROE(5.6%),0,False,False,False,False,False,False,48.3,6,89.0
ELGIRUBCO,ELGI RUBBER CO,AVOID,0.0,0.0,CAUTION,3.5,0.5,RESTRICTED,nan,False,1,1,EXPIRED,True,-3.45,3.7386,9.0,HOLD,,False,,,0.0,3,False,51.61,48.34,52.64,Below 200DMA — enter on recovery above 200DMA,7,2026-06-18,-2.43,True,False,False,False,LOW_ROE(-2.4%),0,False,False,False,False,False,False,48.3,6,89.0
ELIN,ELIN ELECTRONICS,AVOID,0.0,0.0,CAUTION,3.5,0.5,NORMAL,nan,False,0,0,EXPIRED,False,-32.4,4.6971,5.32,HOLD,,False,,,0.0,2,False,156.78,102.81,159.92,Below 200DMA — enter on recovery above 200DMA,7,2026-06-18,5.49,True,False,False,False,LOW_ROE(5.5%),0,True,True,False,False,False,False,48.3,6,89.0
EMAMIPAP,EMAMI PAPER,AVOID,0.0,0.0,CAUTION,3.5,0.5,RESTRICTED,nan,False,1,1,EXPIRED,True,-1.44,3.5679,5.0,HOLD,,False,,,0.0,3,False,86.8,82.98,88.54,Below 200DMA — enter on recovery above 200DMA,7,2026-06-18,5.09,True,False,False,False,LOW_ROE(5.1%),0,False,False,False,False,False,False,48.3,6,89.0
EIMCOELECO,EIMCO ELECON(I),AVOID,0.0,0.0,CAUTION,3.5,0.5,NORMAL,nan,False,1,1,EXPIRED,True,-3.73,60.8745,4.49,HOLD,,False,,,0.0,3,False,1690.61,1578.67,1724.42,Below 200DMA — enter on recovery above 200DMA,7,2026-06-18,11.32,True,False,False,False,LOW_ROE(11.3%),0,True,True,False,False,False,False,48.3,6,89.0
APCL,ANJANI PORTLAND,AVOID,0.0,0.0,CAUTION,3.5,0.5,ILLIQUID,nan,False,0,0,EXPIRED,False,-8.72,5.6293,5.93,HOLD,,False,,,0.0,2,False,124.86,110.55,127.36,Below 200DMA — enter on recovery above 200DMA,7,2026-06-18,-37.81,True,False,False,False,LOW_ROE(-37.8%),0,False,False,False,False,False,False,48.3,6,89.0
APEX,APEX FROZEN FOOD,AVOID,0.0,0.0,CAUTION,3.5,0.5,NORMAL,nan,False,0,0,EXPIRED,False,25.6,18.9929,5.47,PARTIAL_EXIT,EXTENDED: 5.6× ATR above 200DMA,False,,,0.0,2,False,331.88,378.86,407.35,Extended — wait for ATR pullback,7,2026-06-18,0.78,True,False,False,False,LOW_ROE(0.8%),0,True,True,False,False,False,False,48.3,6,89.0
ANIKINDS,ANIK INDUSTRIES,AVOID,0.0,0.0,CAUTION,3.5,0.5,ILLIQUID,nan,False,1,1,EXPIRED,True,-17.95,2.2064,5.86,HOLD,,False,,,0.0,3,False,55.1,43.85,56.2,Below 200DMA — enter on recovery above 200DMA,7,2026-06-18,0.8,True,True,False,False,LOW_ROE(0.8%) | HIGH_PE(63x vs ind 21x),0,True,True,False,False,False,False,48.3,6,89.0
ANKITMETAL,ANKIT MET.POWER,AVOID,0.0,0.0,CAUTION,3.5,0.5,ILLIQUID,nan,False,0,0,EXPIRED,False,-10.58,0.0807,6.33,HOLD,,False,,,0.0,3,False,1.71,1.48,1.74,Below 200DMA — enter on recovery above 200DMA,7,2026-06-18,,False,False,False,False,,0,False,False,False,False,False,False,48.3,6,89.0
ANLON,ANLON TECH,AVOID,0.0,0.0,CAUTION,3.5,0.5,RESTRICTED,nan,False,1,1,EXPIRED,True,63.22,29.6072,4.96,EXIT,PROFIT_ZONE: +63% above 200DMA | EXTENDED: 15.3× ATR above 200DMA,False,,,0.0,3,False,439.09,657.49,701.9,Extended — wait for ATR pullback,7,2026-06-18,11.03,True,False,False,False,LOW_ROE(11.0%),0,False,False,False,False,False,False,48.3,6,89.0
ANMOL,ANMOL INDIA,AVOID,0.0,0.0,CAUTION,3.5,0.5,RESTRICTED,nan,False,1,1,EXPIRED,True,-8.39,0.59,5.84,HOLD,,False,,,0.0,3,False,13.24,11.77,13.5,Below 200DMA — enter on recovery above 200DMA,7,2026-06-18,6.5,True,False,False,False,LOW_ROE(6.5%),0,False,False,False,False,False,False,48.3,6,89.0
ANSALAPI,ANSAL PROPERTIES,AVOID,0.0,0.0,CAUTION,3.5,0.5,ILLIQUID,nan,False,0,0,EXPIRED,False,-14.04,0.0771,2.81,HOLD,,False,,,0.0,3,False,3.83,3.19,3.91,Below 200DMA — enter on recovery above 200DMA,7,2026-06-18,,False,False,False,False,,0,False,False,False,False,False,False,48.3,6,89.0
ANTGRAPHIC,ANTARCTICA,AVOID,0.0,0.0,CAUTION,3.5,0.5,ILLIQUID,nan,False,0,0,EXPIRED,False,-13.77,0.0407,6.03,HOLD,,False,,,0.0,2,False,0.94,0.79,0.96,Below 200DMA — enter on recovery above 200DMA,7,2026-06-18,-2.64,True,False,False,False,LOW_ROE(-2.6%),0,False,False,False,False,False,False,48.3,6,89.0
ASALCBR,ASSOC.ALCOHOLS,AVOID,0.0,0.0,CAUTION,3.5,0.5,NORMAL,nan,False,0,0,EXPIRED,False,-9.05,27.6393,4.01,HOLD,,False,,,0.0,3,False,908.77,801.7,926.95,Below 200DMA — enter on recovery above 200DMA,7,2026-06-18,15.65,False,False,False,False,,0,False,False,False,False,False,False,48.3,6,89.0
ASCOM,ASCOM LEASING &,AVOID,0.0,0.0,CAUTION,3.5,0.5,ILLIQUID,nan,False,0,0,EXPIRED,False,39.99,3.9143,2.0,PARTIAL_EXIT,EXTENDED: 24.0× ATR above 200DMA,False,,,0.0,3,False,167.66,226.87,232.74,Extended — wait for ATR pullback,7,2026-06-18,10.27,False,False,False,False,,0,False,False,False,False,False,False,48.3,6,89.0
ASHIMASYN,ASHIMA,AVOID,0.0,0.0,CAUTION,3.5,0.5,ILLIQUID,nan,False,1,1,EXPIRED,True,-11.42,0.7371,5.51,HOLD,,False,,,0.0,3,False,18.13,15.58,18.49,Below 200DMA — enter on recovery above 200DMA,7,2026-06-18,-6.36,True,False,False,False,LOW_ROE(-6.4%),0,False,False,False,False,False,False,48.3,6,89.0
ASHOKAMET,ASHOKA METCAST,AVOID,0.0,0.0,CAUTION,3.5,0.5,ILLIQUID,nan,False,0,0,FRESH,False,-1.6,0.5564,4.33,HOLD,,False,,,0.0,2,False,15.67,14.96,15.98,Below 200DMA — enter on recovery above 200DMA,7,2026-06-18,4.92,True,False,False,False,LOW_ROE(4.9%),0,False,False,False,False,False,False,48.3,6,89.0
ASIANHOTNR,ASIAN HOTELS (N),AVOID,0.0,0.0,CAUTION,3.5,0.5,RESTRICTED,nan,False,1,1,EXPIRED,True,-2.56,11.9607,4.72,HOLD,,False,,,0.0,4,False,312.34,295.22,318.59,Below 200DMA — enter on recovery above 200DMA,7,2026-06-18,71.38,False,False,False,False,,0,False,False,False,False,False,False,48.3,6,89.0
ASIANTILES,ASIAN GRANITO,AVOID,0.0,0.0,CAUTION,3.5,0.5,NORMAL,nan,False,0,0,EXPIRED,False,-9.42,2.1779,4.41,HOLD,,False,,,0.0,2,False,65.36,57.42,66.67,Below 200DMA — enter on recovery above 200DMA,7,2026-06-18,2.01,True,False,False,False,LOW_ROE(2.0%),0,False,False,False,False,False,False,48.3,6,89.0
ASAL,AUTOMOTIVE STAMP,AVOID,0.0,0.0,CAUTION,3.5,0.5,NORMAL,nan,False,1,1,FRESH,True,3.34,18.0393,4.28,HOLD,,False,,,0.0,4,False,489.15,474.48,513.61,Near 200DMA — ideal dip entry zone,7,2026-06-18,192.08,False,False,False,False,,0,False,False,False,False,False,False,48.3,6,89.0
ASAHISONG,ASAHI SONGWON,AVOID,0.0,0.0,CAUTION,3.5,0.5,RESTRICTED,nan,False,1,1,AGING,True,1.8,11.5964,5.45,HOLD,,False,,,0.0,3,False,250.69,243.17,263.22,Near 200DMA — ideal dip entry zone,7,2026-06-18,7.75,True,False,False,False,LOW_ROE(7.8%),0,False,False,False,False,False,False,48.3,6,89.0
AQYLON,AQYLON NEXUS,AVOID,0.0,0.0,CAUTION,3.5,0.5,NORMAL,nan,False,0,0,EXPIRED,False,-90.71,3.1993,7.6,HOLD,,False,,,0.0,3,False,544.04,49.0,554.92,Below 200DMA — enter on recovery above 200DMA,7,2026-06-18,,False,True,False,False,HIGH_PE(121x vs ind 21x),0,False,False,False,False,False,False,48.3,6,89.0
ARABIAN,ARABIAN PETROL.,AVOID,0.0,0.0,CAUTION,3.5,0.5,ILLIQUID,nan,False,0,0,EXPIRED,False,-6.61,2.2071,3.97,HOLD,,False,,,0.0,3,False,71.42,64.7,72.85,Below 200DMA — enter on recovery above 200DMA,7,2026-06-18,15.62,False,False,False,False,,0,False,False,False,False,False,False,48.3,6,89.0
ARCHIDPLY,ARCHIDPLY INDS.,AVOID,0.0,0.0,CAUTION,3.5,0.5,ILLIQUID,nan,False,1,1,EXPIRED,True,-4.9,3.8,5.42,HOLD,,False,,,0.0,3,False,88.45,81.59,90.22,Below 200DMA — enter on recovery above 200DMA,7,2026-06-18,-7.08,True,False,False,False,LOW_ROE(-7.1%),0,False,False,False,False,False,False,48.3,6,89.0
ARCHIES,ARCHIES,AVOID,0.0,0.0,CAUTION,3.5,0.5,ILLIQUID,nan,False,0,0,EXPIRED,False,-14.0,0.7043,5.78,HOLD,,False,,,0.0,2,False,17.01,14.19,17.35,Below 200DMA — enter on recovery above 200DMA,7,2026-06-18,-1.12,True,False,False,False,LOW_ROE(-1.1%),0,False,False,False,False,False,False,48.3,6,89.0
ARENTERP,RAJDARSHAN INDS,AVOID,0.0,0.0,CAUTION,3.5,0.5,ILLIQUID,nan,False,0,0,EXPIRED,False,-13.64,1.7893,5.73,HOLD,,False,,,0.0,2,False,43.38,36.34,44.25,Below 200DMA — enter on recovery above 200DMA,7,2026-06-18,1.07,True,False,False,False,LOW_ROE(1.1%),0,True,True,False,False,False,False,48.3,6,89.0
ARIES,ARIES AGRO,AVOID,0.0,0.0,CAUTION,3.5,0.5,RESTRICTED,nan,False,0,0,EXPIRED,False,-5.4,14.2643,5.08,HOLD,,False,,,0.0,2,False,356.06,326.74,363.18,Below 200DMA — enter on recovery above 200DMA,7,2026-06-18,11.75,True,False,False,False,LOW_ROE(11.8%),0,False,False,False,False,False,False,48.3,6,89.0
ARIHANT,NAN,AVOID,0.0,0.0,CAUTION,3.5,0.5,RESTRICTED,nan,False,1,1,EXPIRED,True,8.94,74.2643,10.16,HOLD,,False,,,0.0,4,False,805.06,780.91,845.31,Near 200DMA — ideal dip entry zone,7,2026-06-18,,False,False,False,False,,0,False,False,False,False,False,False,48.3,6,89.0
ARIHANTACA,ARIHANT ACADEMY,AVOID,0.0,0.0,CAUTION,3.5,0.5,ILLIQUID,nan,False,1,1,EXPIRED,True,0.59,2.5714,0.66,HOLD,,False,,,0.0,4,False,466.23,452.24,489.54,Near 200DMA — ideal dip entry zone,7,2026-06-18,17.75,False,False,False,False,,0,False,False,False,False,False,False,48.3,6,89.0
ARIHANTSUP,ARIHANT SUPER.,AVOID,0.0,0.0,CAUTION,3.5,0.5,RESTRICTED,nan,False,1,1,EXPIRED,True,-15.07,10.0321,4.5,HOLD,,False,,,0.0,4,False,314.71,259.28,321.0,Below 200DMA — enter on recovery above 200DMA,7,2026-06-18,17.68,False,False,False,False,,0,False,False,False,False,False,False,48.3,6,89.0
ARISTO,ARISTO BIO-TECH,AVOID,0.0,0.0,CAUTION,3.5,0.5,ILLIQUID,nan,False,0,0,EXPIRED,False,-10.64,2.5071,3.02,HOLD,,False,,,0.0,2,False,111.58,96.71,113.81,Below 200DMA — enter on recovery above 200DMA,7,2026-06-18,10.88,True,False,False,False,LOW_ROE(10.9%),0,False,False,False,False,False,False,48.3,6,89.0
ARMANFIN,ARMAN FINANCIAL,AVOID,0.0,0.0,CAUTION,3.5,0.5,NORMAL,nan,False,1,1,EXPIRED,True,5.74,87.0786,6.31,HOLD,,False,,,0.0,3,False,1566.51,1519.51,1644.84,Near 200DMA — ideal dip entry zone,7,2026-06-18,5.96,True,True,False,False,LOW_ROE(6.0%) | HIGH_PE(55x vs ind 17x),0,False,False,False,False,False,False,48.3,6,89.0
AROGRANITE,ARO GRANITE INDS,AVOID,0.0,0.0,CAUTION,3.5,0.5,ILLIQUID,nan,False,0,0,EXPIRED,False,-16.56,1.0386,4.96,HOLD,,False,,,0.0,2,False,30.11,24.37,30.71,Below 200DMA — enter on recovery above 200DMA,7,2026-06-18,-3.46,True,False,False,False,LOW_ROE(-3.5%),0,False,False,False,False,False,False,48.3,6,89.0
ARSHIYA,ARSHIYA,AVOID,0.0,0.0,CAUTION,3.5,0.5,ILLIQUID,nan,False,0,0,FRESH,False,-28.3,0.0579,6.55,HOLD,,False,,,0.0,3,False,1.48,1.03,1.51,Below 200DMA — enter on recovery above 200DMA,7,2026-06-18,,False,False,False,False,,0,False,False,False,False,False,False,48.3,6,89.0
ARTNIRMAN,ART NIRMAN LTD,AVOID,0.0,0.0,CAUTION,3.5,0.5,ILLIQUID,nan,False,0,0,EXPIRED,False,-12.02,2.19,6.58,HOLD,,False,,,0.0,2,False,45.4,38.74,46.31,Below 200DMA — enter on recovery above 200DMA,7,2026-06-18,5.34,True,True,False,False,LOW_ROE(5.3%) | HIGH_PE(67x vs ind 24x),0,False,False,False,False,False,False,48.3,6,89.0
ARVEE,ARVEE LABORAT.,AVOID,0.0,0.0,CAUTION,3.5,0.5,ILLIQUID,nan,False,1,1,EXPIRED,True,1.49,11.6143,8.17,HOLD,,False,,,0.0,3,False,168.18,163.13,176.59,Near 200DMA — ideal dip entry zone,7,2026-06-18,6.87,True,True,False,False,LOW_ROE(6.9%) | HIGH_PE(77x vs ind 25x),0,True,True,False,False,False,False,48.3,6,89.0
APTECHT,APTECH,AVOID,0.0,0.0,CAUTION,3.5,0.5,NORMAL,nan,False,1,1,EXPIRED,True,23.27,6.7564,6.77,PARTIAL_EXIT,EXTENDED: 4.1× ATR above 200DMA,False,,,0.0,3,False,97.12,106.21,116.34,Extended — wait for ATR pullback,7,2026-06-18,7.59,True,False,False,False,LOW_ROE(7.6%),0,True,True,False,False,False,False,48.3,6,89.0
APOLLOPIPE,APOLLO PIPES,AVOID,0.0,0.0,CAUTION,3.5,0.5,NORMAL,nan,False,1,1,EXPIRED,True,33.89,22.3107,5.41,PARTIAL_EXIT,EXTENDED: 7.5× ATR above 200DMA,False,,,0.0,3,False,369.56,450.18,483.64,Extended — wait for ATR pullback,7,2026-06-18,4.12,True,True,False,False,LOW_ROE(4.1%) | HIGH_PE(119x vs ind 23x),0,True,True,False,False,False,False,48.3,6,89.0
APOLSINHOT,APOLLO SINDOORI,AVOID,0.0,0.0,CAUTION,3.5,0.5,ILLIQUID,nan,False,1,1,EXPIRED,True,6.94,76.2929,6.87,HOLD,,False,,,0.0,3,False,1246.32,1208.93,1308.64,Near 200DMA — ideal dip entry zone,7,2026-06-18,5.29,True,False,False,False,LOW_ROE(5.3%),0,False,False,False,False,False,False,48.3,6,89.0
APS,AUSTRALIAN PREM,AVOID,0.0,0.0,CAUTION,3.5,0.5,RESTRICTED,nan,False,0,0,EXPIRED,False,-19.3,13.1679,5.05,HOLD,,False,,,0.0,3,False,387.41,303.27,395.16,Below 200DMA — enter on recovery above 200DMA,7,2026-06-18,45.48,False,False,False,False,,0,False,False,False,False,False,False,48.3,6,89.0
ALBERTDAVD,ALBERT DAVID,AVOID,0.0,0.0,CAUTION,3.5,0.5,ILLIQUID,nan,False,0,0,EXPIRED,False,-5.23,23.3857,3.97,HOLD,,False,,,0.0,2,False,746.09,685.89,761.01,Below 200DMA — enter on recovery above 200DMA,7,2026-06-18,4.38,True,False,False,False,LOW_ROE(4.4%),0,False,False,False,False,False,False,48.3,6,89.0
ALICON,ALICON CAST.,AVOID,0.0,0.0,CAUTION,3.5,0.5,RESTRICTED,nan,False,0,0,EXPIRED,False,-15.38,21.6822,3.97,HOLD,,False,,,0.0,2,False,774.71,635.88,790.2,Below 200DMA — enter on recovery above 200DMA,7,2026-06-18,7.76,True,False,False,False,LOW_ROE(7.8%),0,False,False,False,False,False,False,48.3,6,89.0
ALKALI,ALKALI METALS,AVOID,0.0,0.0,CAUTION,3.5,0.5,RESTRICTED,nan,False,1,1,FRESH,True,10.52,6.8693,9.64,HOLD,,False,,,0.0,3,False,77.38,75.06,81.25,Near 200DMA — ideal dip entry zone,7,2026-06-18,-13.03,True,True,False,False,LOW_ROE(-13.0%) | HIGH_PE(64x vs ind 25x),0,False,False,False,False,False,False,48.3,6,89.0
ALLCARGO,ALLCARGO LOGIST.,AVOID,0.0,0.0,CAUTION,3.5,0.5,NORMAL,nan,False,0,0,EXPIRED,False,-42.59,0.3107,4.13,HOLD,,False,,,0.0,2,False,15.73,8.76,16.04,Below 200DMA — enter on recovery above 200DMA,7,2026-06-18,1.47,True,False,False,False,LOW_ROE(1.5%),0,False,False,False,False,False,False,48.3,6,89.0
ALLDIGI,ALLDIGI TECH,AVOID,0.0,0.0,CAUTION,3.5,0.5,RESTRICTED,nan,False,0,0,EXPIRED,False,-3.38,20.7464,3.09,HOLD,,False,,,0.0,3,False,834.04,781.67,850.72,Below 200DMA — enter on recovery above 200DMA,7,2026-06-18,32.1,False,False,False,False,,0,False,False,False,False,False,False,48.3,6,89.0
ALLETEC,ALL E TECH,AVOID,0.0,0.0,CAUTION,3.5,0.5,ILLIQUID,nan,False,0,0,EXPIRED,False,-29.98,8.025,6.68,HOLD,,False,,,0.0,3,False,206.02,139.92,210.14,Below 200DMA — enter on recovery above 200DMA,7,2026-06-18,20.89,False,False,False,False,,0,False,False,False,False,False,False,48.3,6,89.0
ALMONDZ,ALMONDZ GLOBAL,AVOID,0.0,0.0,CAUTION,3.5,0.5,ILLIQUID,nan,False,0,0,EXPIRED,False,-17.47,0.8829,7.88,HOLD,,False,,,0.0,2,False,16.3,13.05,16.63,Below 200DMA — enter on recovery above 200DMA,7,2026-06-18,7.18,True,False,False,False,LOW_ROE(7.2%),0,False,False,False,False,False,False,48.3,6,89.0
ALOKINDS,ALOK INDUSTRIES,AVOID,0.0,0.0,CAUTION,3.5,0.5,NORMAL,nan,False,0,0,EXPIRED,False,-16.0,0.5,4.65,HOLD,,False,,,0.0,3,False,15.36,12.51,15.67,Below 200DMA — enter on recovery above 200DMA,7,2026-06-18,,False,False,False,False,,0,False,False,False,False,False,False,48.3,6,89.0
ALPA,ALPA LABORATORIE,AVOID,0.0,0.0,CAUTION,3.5,0.5,ILLIQUID,nan,False,1,1,EXPIRED,True,-8.23,2.9021,5.0,HOLD,,False,,,0.0,3,False,75.89,67.55,77.41,Below 200DMA — enter on recovery above 200DMA,7,2026-06-18,11.38,True,False,False,False,LOW_ROE(11.4%),0,True,True,False,False,False,False,48.3,6,89.0
ALPHAGEO,ALPHAGEO (INDIA),AVOID,0.0,0.0,CAUTION,3.5,0.5,ILLIQUID,nan,False,0,0,FRESH,False,-4.97,11.0193,6.18,HOLD,,False,,,0.0,2,False,225.28,207.66,229.79,Below 200DMA — enter on recovery above 200DMA,7,2026-06-18,-2.27,True,False,False,False,LOW_ROE(-2.3%),0,True,True,False,False,False,False,48.3,6,89.0
ALUWIND,ALUWIND INFRA,AVOID,0.0,0.0,CAUTION,3.5,0.5,RESTRICTED,nan,False,0,0,EXPIRED,False,-26.25,2.8357,6.77,HOLD,,False,,,0.0,3,False,68.21,48.79,69.57,Below 200DMA — enter on recovery above 200DMA,7,2026-06-18,13.61,False,False,False,False,,0,False,False,False,False,False,False,48.3,6,89.0
AMBALALSA,NAN,AVOID,0.0,0.0,CAUTION,3.5,0.5,RESTRICTED,nan,False,0,0,FRESH,False,-2.21,2.1379,7.94,HOLD,,False,,,0.0,3,False,33.04,31.34,33.7,Below 200DMA — enter on recovery above 200DMA,7,2026-06-18,,False,False,False,False,,0,False,False,False,False,False,False,48.3,6,89.0
ALANKIT,ALANKIT,AVOID,0.0,0.0,CAUTION,3.5,0.5,ILLIQUID,nan,False,0,0,EXPIRED,False,-17.03,0.3914,5.48,HOLD,,False,,,0.0,2,False,10.33,8.31,10.54,Below 200DMA — enter on recovery above 200DMA,7,2026-06-18,6.69,True,False,False,False,LOW_ROE(6.7%),0,True,True,False,False,False,False,48.3,6,89.0
ABMKNO,NAN,AVOID,0.0,0.0,CAUTION,3.5,0.5,ILLIQUID,nan,False,0,0,EXPIRED,False,-5.17,13.32,7.48,HOLD,,False,,,0.0,3,False,225.35,207.29,229.86,Below 200DMA — enter on recovery above 200DMA,7,2026-06-18,,False,False,False,False,,0,False,False,False,False,False,False,48.3,6,89.0
ABREL,A B REAL ESTATE,AVOID,0.0,0.0,CAUTION,3.5,0.5,NORMAL,nan,False,0,0,FRESH,False,-13.83,47.3786,4.38,HOLD,,False,,,0.0,2,False,1508.11,1260.51,1538.27,Below 200DMA — enter on recovery above 200DMA,7,2026-06-18,-4.2,True,False,False,False,LOW_ROE(-4.2%),0,False,False,False,False,False,False,48.3,6,89.0
ACCELYA,ACCELYA SOLUTION,AVOID,0.0,0.0,CAUTION,3.5,0.5,RESTRICTED,nan,False,0,0,EXPIRED,False,-9.83,31.2929,3.34,HOLD,,False,,,0.0,3,False,1246.58,1090.38,1271.51,Below 200DMA — enter on recovery above 200DMA,7,2026-06-18,39.1,False,False,False,False,,0,False,False,False,False,False,False,48.3,6,89.0
ACCORD,ACCORD SYNERGY,AVOID,0.0,0.0,CAUTION,3.5,0.5,ILLIQUID,nan,False,1,1,EXPIRED,True,213.01,3.1393,3.78,EXIT,PROFIT_ZONE: +213% above 200DMA | EXTENDED: 67.6× ATR above 200DMA,False,,,0.0,3,False,31.82,93.32,98.03,Extended — wait for ATR pullback,7,2026-06-18,-9.4,True,False,False,False,LOW_ROE(-9.4%),0,False,False,False,False,False,False,48.3,6,89.0
ACCURACY,ACCURACY SHIPPI.,AVOID,0.0,0.0,CAUTION,3.5,0.5,ILLIQUID,nan,False,1,1,EXPIRED,True,-0.5,0.3686,7.83,HOLD,,False,,,0.0,3,False,5.68,5.48,5.79,Below 200DMA — enter on recovery above 200DMA,7,2026-06-18,3.85,True,False,False,False,LOW_ROE(3.9%),0,False,False,False,False,False,False,48.3,6,89.0
ACEINTEG,ACE INTEGRATED,AVOID,0.0,0.0,CAUTION,3.5,0.5,ILLIQUID,nan,False,1,1,EXPIRED,True,-2.05,1.35,7.83,HOLD,,False,,,0.0,3,False,21.13,20.08,21.55,Below 200DMA — enter on recovery above 200DMA,7,2026-06-18,-8.89,True,False,False,False,LOW_ROE(-8.9%),0,True,True,False,False,False,False,48.3,6,89.0
ACI,ARCHEAN CHEMICAL,AVOID,0.0,0.0,CAUTION,3.5,0.5,NORMAL,nan,False,0,0,FRESH,False,-9.64,19.1741,4.35,HOLD,,False,,,0.0,2,False,585.08,512.79,596.78,Below 200DMA — enter on recovery above 200DMA,7,2026-06-18,8.7,True,False,False,False,LOW_ROE(8.7%),0,False,False,False,False,False,False,48.3,6,89.0
ACL,ANDHRA CEMENTS,AVOID,0.0,0.0,CAUTION,3.5,0.5,ILLIQUID,nan,False,0,0,EXPIRED,False,-18.79,2.035,4.53,HOLD,,False,,,0.0,2,False,66.41,52.31,67.74,Below 200DMA — enter on recovery above 200DMA,7,2026-06-18,-105.23,True,False,False,False,LOW_ROE(-105.2%),0,False,False,False,False,False,False,48.3,6,89.0
ADL,ARCHIDPLY DECOR,AVOID,0.0,0.0,CAUTION,3.5,0.5,ILLIQUID,nan,False,0,0,EXPIRED,False,-5.45,4.0093,6.62,HOLD,,False,,,0.0,2,False,76.83,70.46,78.37,Below 200DMA — enter on recovery above 200DMA,7,2026-06-18,0.11,True,True,False,False,LOW_ROE(0.1%) | HIGH_PE(2333x vs ind 32x),0,False,False,False,False,False,False,48.3,6,89.0
ADROITINFO,ADROIT INFO.,AVOID,0.0,0.0,CAUTION,3.5,0.5,ILLIQUID,nan,False,0,0,FRESH,False,-5.79,0.5029,6.38,HOLD,,False,,,0.0,2,False,10.04,9.18,10.24,Below 200DMA — enter on recovery above 200DMA,7,2026-06-18,0.92,True,False,False,False,LOW_ROE(0.9%),0,False,False,False,False,False,False,48.3,6,89.0
ADSL,ALLIED DIGITAL,AVOID,0.0,0.0,CAUTION,3.5,0.5,NORMAL,nan,False,1,1,FRESH,True,-13.76,4.4543,4.35,HOLD,,False,,,0.0,3,False,142.48,119.18,145.33,Below 200DMA — enter on recovery above 200DMA,7,2026-06-18,4.62,True,False,False,False,LOW_ROE(4.6%),0,False,False,False,False,False,False,48.3,6,89.0
ADVANIHOTR,ADVANI HOTELS.,AVOID,0.0,0.0,CAUTION,3.5,0.5,ILLIQUID,nan,False,0,0,FRESH,False,-3.48,1.6364,3.73,HOLD,,False,,,0.0,3,False,54.6,51.12,55.69,Below 200DMA — enter on recovery above 200DMA,7,2026-06-18,32.47,False,False,False,False,,0,True,True,False,False,False,False,48.3,6,89.0
ABMINTLLTD,A B M INTERNATL.,AVOID,0.0,0.0,CAUTION,3.5,0.5,ILLIQUID,nan,False,0,0,EXPIRED,False,-8.25,1.7214,5.06,HOLD,,False,,,0.0,2,False,44.46,39.57,45.35,Below 200DMA — enter on recovery above 200DMA,7,2026-06-18,-10.09,True,False,False,False,LOW_ROE(-10.1%),0,False,False,False,False,False,False,48.3,6,89.0
21STCENMGM,21ST CENT. MGMT.,AVOID,0.0,0.0,CAUTION,3.5,0.5,ILLIQUID,nan,False,0,0,EXPIRED,False,-20.09,1.1464,4.2,HOLD,,False,,,0.0,3,False,41.01,31.79,41.83,Below 200DMA — enter on recovery above 200DMA,7,2026-06-18,24.19,False,False,False,False,,0,True,True,False,False,False,False,48.3,6,89.0
3BBLACKBIO,NAN,AVOID,0.0,0.0,CAUTION,3.5,0.5,NORMAL,nan,False,0,0,EXPIRED,False,-3.9,76.3643,7.62,HOLD,,False,,,0.0,3,False,1251.11,1166.23,1276.13,Below 200DMA — enter on recovery above 200DMA,7,2026-06-18,,False,False,False,False,,0,False,False,False,False,False,False,48.3,6,89.0
3IINFOLTD,3I INFOTECH,AVOID,0.0,0.0,CAUTION,3.5,0.5,RESTRICTED,nan,False,1,1,FRESH,True,0.92,0.6371,4.37,HOLD,,False,,,0.0,3,False,17.35,16.83,18.22,Near 200DMA — ideal dip entry zone,7,2026-06-18,8.26,True,False,False,False,LOW_ROE(8.3%),0,False,False,False,False,False,False,48.3,6,89.0
3MINDIA,3M INDIA,AVOID,0.0,0.0,CAUTION,3.5,0.5,NORMAL,nan,False,1,1,FRESH,True,0.41,725.7143,2.63,HOLD,,False,,,0.0,4,False,32925.75,31937.98,34572.04,Near 200DMA — ideal dip entry zone,7,2026-06-18,25.78,False,True,False,False,HIGH_PE(97x vs ind 22x),0,True,True,False,False,False,False,48.3,6,89.0
3PLAND,3P LAND HOLD.,AVOID,0.0,0.0,CAUTION,3.5,0.5,ILLIQUID,nan,False,0,0,FRESH,False,-16.15,2.1079,8.11,HOLD,,False,,,0.0,2,False,37.2,30.25,37.94,Below 200DMA — enter on recovery above 200DMA,7,2026-06-18,1.5,True,False,False,False,LOW_ROE(1.5%),0,False,False,False,False,False,False,48.3,6,89.0
5PAISA,5PAISA CAPITAL,AVOID,0.0,0.0,CAUTION,3.5,0.5,NORMAL,nan,False,1,1,FRESH,True,-1.58,11.6571,4.34,HOLD,,False,,,0.0,3,False,327.83,312.97,334.39,Below 200DMA — enter on recovery above 200DMA,7,2026-06-18,11.3,True,False,False,False,LOW_ROE(11.3%),0,False,False,False,False,False,False,48.3,6,89.0
63MOONS,63 MOONS TECH.,AVOID,0.0,0.0,CAUTION,3.5,0.5,NORMAL,nan,False,1,1,FRESH,True,-6.62,26.6179,4.78,HOLD,,False,,,0.0,3,False,715.11,647.77,729.41,Below 200DMA — enter on recovery above 200DMA,7,2026-06-18,-0.97,True,False,False,False,LOW_ROE(-1.0%),0,True,True,False,False,False,False,48.3,6,89.0
A2ZINFRA,A2Z INFRA ENGG.,AVOID,0.0,0.0,CAUTION,3.5,0.5,RESTRICTED,nan,False,0,0,EXPIRED,False,-11.73,0.76,6.37,HOLD,,False,,,0.0,3,False,16.22,13.89,16.54,Below 200DMA — enter on recovery above 200DMA,7,2026-06-18,19.87,False,True,False,False,HIGH_PE(116x vs ind 18x),0,False,False,False,False,False,False,48.3,6,89.0
AAATECH,AAA TECHNOLOGIES,AVOID,0.0,0.0,CAUTION,3.5,0.5,ILLIQUID,nan,False,1,1,FRESH,True,2.99,3.4364,4.23,HOLD,,False,,,0.0,3,False,94.77,91.93,99.51,Near 200DMA — ideal dip entry zone,7,2026-06-18,11.39,True,False,False,False,LOW_ROE(11.4%),0,True,True,False,False,False,False,48.3,6,89.0
AAKASH,AAKASH EXPLOR.,AVOID,0.0,0.0,CAUTION,3.5,0.5,ILLIQUID,nan,False,1,1,EXPIRED,True,4.64,0.5193,6.67,HOLD,,False,,,0.0,3,False,8.93,8.66,9.38,Near 200DMA — ideal dip entry zone,7,2026-06-18,3.05,True,True,False,False,LOW_ROE(3.0%) | HIGH_PE(904x vs ind 13x),0,False,False,False,False,False,False,48.3,6,89.0
AEPL,ARTEMIS ELECTRI.,AVOID,0.0,0.0,CAUTION,3.5,0.5,ILLIQUID,nan,False,0,0,EXPIRED,False,-5.3,0.61,4.5,HOLD,,False,,,0.0,2,False,17.16,15.76,17.5,Below 200DMA — enter on recovery above 200DMA,7,2026-06-18,8.79,True,False,False,False,LOW_ROE(8.8%),0,True,True,False,False,False,False,48.3,6,89.0
AAREYDRUGS,AAREY DRUGS,AVOID,0.0,0.0,CAUTION,3.5,0.5,RESTRICTED,nan,False,0,0,EXPIRED,False,5.29,3.97,5.91,HOLD,,False,,,0.0,2,False,76.6,74.3,80.43,Near 200DMA — ideal dip entry zone,7,2026-06-18,2.91,True,False,False,False,LOW_ROE(2.9%),0,False,False,False,False,False,False,48.3,6,89.0
AARON,AARON INDUSTRIES,AVOID,0.0,0.0,CAUTION,3.5,0.5,ILLIQUID,nan,False,0,0,EXPIRED,False,-24.33,4.4293,4.27,HOLD,,False,,,0.0,3,False,164.63,120.84,167.92,Below 200DMA — enter on recovery above 200DMA,7,2026-06-18,19.16,False,False,False,False,,0,False,False,False,False,False,False,48.3,6,89.0
AARTECH,AARTECH SOLONICS,AVOID,0.0,0.0,CAUTION,3.5,0.5,RESTRICTED,nan,False,1,1,EXPIRED,True,0.92,2.4414,5.94,HOLD,,False,,,0.0,3,False,48.89,47.42,51.33,Near 200DMA — ideal dip entry zone,7,2026-06-18,8.79,True,True,False,False,LOW_ROE(8.8%) | HIGH_PE(83x vs ind 31x),0,False,False,False,False,False,False,48.3,6,89.0
AARTISURF,AARTI SURFACTANT,AVOID,0.0,0.0,CAUTION,3.5,0.5,RESTRICTED,nan,False,0,0,FRESH,False,-6.86,14.1786,4.37,HOLD,,False,,,0.0,2,False,417.69,377.38,426.04,Below 200DMA — enter on recovery above 200DMA,7,2026-06-18,6.25,True,False,False,False,LOW_ROE(6.2%),0,False,False,False,False,False,False,48.3,6,89.0
AARVI,AARVI ENCON,AVOID,0.0,0.0,CAUTION,3.5,0.5,RESTRICTED,nan,False,1,1,EXPIRED,True,10.7,7.4036,6.32,HOLD,,False,,,0.0,3,False,126.93,123.12,133.28,Near 200DMA — ideal dip entry zone,7,2026-06-18,8.01,True,False,False,False,LOW_ROE(8.0%),0,False,False,False,False,False,False,48.3,6,89.0
AATMAJ,AATMAJ HEALTH,AVOID,0.0,0.0,CAUTION,3.5,0.5,ILLIQUID,nan,False,0,0,EXPIRED,False,-3.77,0.6143,3.69,HOLD,,False,,,0.0,2,False,20.78,19.4,21.2,Below 200DMA — enter on recovery above 200DMA,7,2026-06-18,1.78,True,False,False,False,LOW_ROE(1.8%),0,False,False,False,False,False,False,48.3,6,89.0
ABANSENT,NAN,AVOID,0.0,0.0,CAUTION,3.5,0.5,ILLIQUID,nan,False,0,0,EXPIRED,False,-12.39,1.5743,7.05,HOLD,,False,,,0.0,3,False,30.6,26.01,31.21,Below 200DMA — enter on recovery above 200DMA,7,2026-06-18,,False,False,False,False,,0,False,False,False,False,False,False,48.3,6,89.0
ABBOTINDIA,ABBOTT INDIA,AVOID,0.0,0.0,CAUTION,3.5,0.5,NORMAL,nan,False,0,0,FRESH,False,-7.45,591.7857,2.74,HOLD,,False,,,0.0,3,False,28044.38,25176.35,28605.27,Below 200DMA — enter on recovery above 200DMA,7,2026-06-18,33.41,False,False,False,False,,0,True,True,False,False,False,False,48.3,6,89.0
ABFRL,ADITYA BIR. FAS.,AVOID,0.0,0.0,CAUTION,3.5,0.5,NORMAL,nan,False,0,0,EXPIRED,False,-14.46,2.0771,4.04,HOLD,,False,,,0.0,2,False,72.16,59.87,73.6,Below 200DMA — enter on recovery above 200DMA,7,2026-06-18,-5.52,True,False,False,False,LOW_ROE(-5.5%),0,False,False,False,False,False,False,48.3,6,89.0
AARNAV,AARNAV FASHIONS,AVOID,0.0,0.0,CAUTION,3.5,0.5,RESTRICTED,nan,False,1,1,EXPIRED,True,3.09,1.395,6.71,HOLD,,False,,,0.0,4,False,24.18,23.45,25.39,Near 200DMA — ideal dip entry zone,7,2026-06-18,,False,False,False,False,,0,False,False,False,False,False,False,48.3,6,89.0
AKSHAR,AKSHAR SPINTEX,AVOID,0.0,0.0,CAUTION,3.5,0.5,ILLIQUID,nan,False,0,0,EXPIRED,False,-11.51,0.015,4.0,HOLD,,False,,,0.0,2,False,0.51,0.44,0.52,Below 200DMA — enter on recovery above 200DMA,7,2026-06-18,-5.04,True,False,False,False,LOW_ROE(-5.0%),0,True,True,False,False,False,False,48.3,6,89.0
AKSHARCHEM,AKSHARCHEM (I),AVOID,0.0,0.0,CAUTION,3.5,0.5,RESTRICTED,nan,False,1,1,FRESH,True,-6.39,13.5621,7.57,HOLD,,False,,,0.0,3,False,229.67,208.55,234.26,Below 200DMA — enter on recovery above 200DMA,7,2026-06-18,1.81,True,False,False,False,LOW_ROE(1.8%),0,False,False,False,False,False,False,48.3,6,89.0
AKSHOPTFBR,AKSH OPTIFIBRE,AVOID,0.0,0.0,CAUTION,3.5,0.5,ILLIQUID,nan,False,1,1,EXPIRED,True,8.67,0.2186,3.8,HOLD,,False,,,0.0,3,False,6.35,6.16,6.67,Near 200DMA — ideal dip entry zone,7,2026-06-18,-223.77,True,False,False,False,LOW_ROE(-223.8%),0,False,False,False,False,False,False,48.3,6,89.0
AKIKO,AKIKO,AVOID,0.0,0.0,CAUTION,3.5,0.5,ILLIQUID,nan,False,1,1,EXPIRED,True,7.48,9.9179,4.58,HOLD,,False,,,0.0,4,False,241.68,234.43,253.76,Near 200DMA — ideal dip entry zone,7,2026-06-18,16.71,False,False,False,False,,0,False,False,False,False,False,False,48.3,6,89.0
AKI,AKI INDIA,AVOID,0.0,0.0,CAUTION,3.5,0.5,ILLIQUID,nan,False,0,0,EXPIRED,False,-26.46,0.3107,7.62,HOLD,,False,,,0.0,2,False,6.65,4.74,6.78,Below 200DMA — enter on recovery above 200DMA,7,2026-06-18,2.58,True,False,False,False,LOW_ROE(2.6%),0,False,False,False,False,False,False,48.3,6,89.0
AKCAPIT,NAN,AVOID,0.0,0.0,CAUTION,3.5,0.5,ILLIQUID,nan,False,1,1,FRESH,True,4.78,63.1786,4.44,HOLD,,False,,,0.0,4,False,1631.11,1582.18,1712.67,Near 200DMA — ideal dip entry zone,7,2026-06-18,,False,False,False,False,,0,False,False,False,False,False,False,48.3,6,89.0
AERONEU,AEROFLEX NEU,AVOID,0.0,0.0,CAUTION,3.5,0.5,RESTRICTED,nan,False,1,1,FRESH,True,7.6,3.59,4.93,HOLD,,False,,,0.0,3,False,81.2,78.76,85.26,Near 200DMA — ideal dip entry zone,7,2026-06-18,0.24,True,True,False,False,LOW_ROE(0.2%) | HIGH_PE(89x vs ind 23x),0,False,False,False,False,False,False,48.3,6,89.0
AFFORDABLE,AFFORDABLE ROBO.,AVOID,0.0,0.0,CAUTION,3.5,0.5,RESTRICTED,nan,False,0,0,EXPIRED,False,-16.24,8.6871,6.07,HOLD,,False,,,0.0,2,False,204.88,166.46,208.98,Below 200DMA — enter on recovery above 200DMA,7,2026-06-18,-11.56,True,False,False,False,LOW_ROE(-11.6%),0,False,False,False,False,False,False,48.3,6,89.0
AFSL,ABANS FINANCIAL,AVOID,0.0,0.0,CAUTION,3.5,0.5,RESTRICTED,nan,False,0,0,FRESH,False,-1.43,1.6043,0.96,HOLD,,False,,,0.0,3,False,203.95,195.01,208.03,Below 200DMA — enter on recovery above 200DMA,7,2026-06-18,10.1,False,False,False,False,,0,False,False,False,False,False,False,48.3,6,89.0
AGNI,AGNI GREEN,AVOID,0.0,0.0,CAUTION,3.5,0.5,ILLIQUID,nan,False,0,0,EXPIRED,False,-18.5,0.75,4.96,HOLD,,False,,,0.0,2,False,22.27,17.61,22.72,Below 200DMA — enter on recovery above 200DMA,7,2026-06-18,1.25,True,True,False,False,LOW_ROE(1.2%) | HIGH_PE(235x vs ind 18x),0,False,False,False,False,False,False,48.3,6,89.0
AGRITECH,AGRI-TECH INDIA,AVOID,0.0,0.0,CAUTION,3.5,0.5,RESTRICTED,nan,False,1,1,AGING,True,-8.73,9.0557,9.3,HOLD,,False,,,0.0,3,False,127.98,113.31,130.54,Below 200DMA — enter on recovery above 200DMA,7,2026-06-18,-1.11,True,False,False,False,LOW_ROE(-1.1%),0,False,False,False,False,False,False,48.3,6,89.0
AGROPHOS,AGRO PHOS INDIA,AVOID,0.0,0.0,CAUTION,3.5,0.5,ILLIQUID,nan,False,0,0,EXPIRED,False,-14.35,1.4214,5.44,HOLD,,False,,,0.0,2,False,36.58,30.39,37.31,Below 200DMA — enter on recovery above 200DMA,7,2026-06-18,-12.76,True,False,False,False,LOW_ROE(-12.8%),0,False,False,False,False,False,False,48.3,6,89.0
AKG,AKG EXIM,AVOID,0.0,0.0,CAUTION,3.5,0.5,ILLIQUID,nan,False,0,0,EXPIRED,False,-11.8,0.4729,5.25,HOLD,,False,,,0.0,2,False,12.26,10.49,12.51,Below 200DMA — enter on recovery above 200DMA,7,2026-06-18,1.17,True,True,False,False,LOW_ROE(1.2%) | HIGH_PE(57x vs ind 21x),0,False,False,False,False,False,False,48.3,6,89.0
AGUL,A G UNIVERSAL,AVOID,0.0,0.0,CAUTION,3.5,0.5,ILLIQUID,nan,False,1,1,EXPIRED,True,-4.52,0.3679,0.69,HOLD,,False,,,0.0,3,False,66.92,61.98,68.26,Below 200DMA — enter on recovery above 200DMA,7,2026-06-18,7.23,True,False,False,False,LOW_ROE(7.2%),0,False,False,False,False,False,False,48.3,6,89.0
AHLADA,AHLADA ENGINEERS,AVOID,0.0,0.0,CAUTION,3.5,0.5,ILLIQUID,nan,False,0,0,EXPIRED,False,-18.83,2.7107,8.07,HOLD,,False,,,0.0,2,False,49.65,39.09,50.64,Below 200DMA — enter on recovery above 200DMA,7,2026-06-18,2.66,True,False,False,False,LOW_ROE(2.7%),0,False,False,False,False,False,False,48.3,6,89.0
AHLEAST,ASIAN HOTELS (E),AVOID,0.0,0.0,CAUTION,3.5,0.5,ILLIQUID,nan,False,0,0,EXPIRED,False,1.42,5.6879,4.49,HOLD,,False,,,0.0,2,False,149.76,145.27,157.25,Near 200DMA — ideal dip entry zone,7,2026-06-18,7.19,True,False,False,False,LOW_ROE(7.2%),0,False,False,False,False,False,False,48.3,6,89.0
AHLUCONT,AHLUWALIA CONTR.,AVOID,0.0,0.0,CAUTION,3.5,0.5,NORMAL,nan,False,1,1,EXPIRED,True,-4.57,32.2929,4.61,HOLD,,False,,,0.0,3,False,880.05,814.65,897.65,Below 200DMA — enter on recovery above 200DMA,7,2026-06-18,11.24,True,False,False,False,LOW_ROE(11.2%),0,True,True,False,False,False,False,48.3,6,89.0
AILIMITED,ABHISHEK INTEGR.,AVOID,0.0,0.0,CAUTION,3.5,0.5,ILLIQUID,nan,False,0,0,EXPIRED,False,-6.86,1.2286,4.09,HOLD,,False,,,0.0,2,False,38.7,34.97,39.47,Below 200DMA — enter on recovery above 200DMA,7,2026-06-18,10.0,True,True,False,False,LOW_ROE(10.0%) | HIGH_PE(51x vs ind 18x),0,False,False,False,False,False,False,48.3,6,89.0
AIMTRON,AIMTRON,AVOID,0.0,0.0,CAUTION,3.5,0.5,NORMAL,nan,False,1,1,EXPIRED,True,45.02,70.4286,6.66,PARTIAL_EXIT,PROFIT_ZONE: +45% above 200DMA | EXTENDED: 8.1× ATR above 200DMA,False,,,0.0,4,False,874.93,1127.94,1233.59,Extended — wait for ATR pullback,7,2026-06-18,16.54,False,False,False,False,,0,False,False,False,False,False,False,48.3,6,89.0
AIRAN,AIRAN,AVOID,0.0,0.0,CAUTION,3.5,0.5,ILLIQUID,nan,False,0,0,EXPIRED,False,-14.17,0.7879,5.8,HOLD,,False,,,0.0,3,False,18.98,15.8,19.36,Below 200DMA — enter on recovery above 200DMA,7,2026-06-18,12.8,False,False,False,False,,0,True,True,False,False,False,False,48.3,6,89.0
AIROLAM,AIRO LAM,AVOID,0.0,0.0,CAUTION,3.5,0.5,ILLIQUID,nan,False,1,1,EXPIRED,True,-9.8,4.4314,6.14,HOLD,,False,,,0.0,3,False,96.01,84.0,97.93,Below 200DMA — enter on recovery above 200DMA,7,2026-06-18,3.69,True,False,False,False,LOW_ROE(3.7%),0,False,False,False,False,False,False,48.3,6,89.0
AISL,ANI INTEGRATED,AVOID,0.0,0.0,CAUTION,3.5,0.5,ILLIQUID,nan,False,0,0,EXPIRED,False,-27.57,1.7393,3.79,HOLD,,False,,,0.0,3,False,75.94,53.35,77.46,Below 200DMA — enter on recovery above 200DMA,7,2026-06-18,12.76,False,False,False,False,,0,False,False,False,False,False,False,48.3,6,89.0
AJOONI,AJOONI BIOTECH,AVOID,0.0,0.0,CAUTION,3.5,0.5,ILLIQUID,nan,False,0,0,EXPIRED,False,-16.6,0.205,6.46,HOLD,,False,,,0.0,2,False,4.57,3.7,4.66,Below 200DMA — enter on recovery above 200DMA,7,2026-06-18,5.51,True,False,False,False,LOW_ROE(5.5%),0,False,False,False,False,False,False,48.3,6,89.0
AKASH,AKASH INFRAPROJ.,AVOID,0.0,0.0,CAUTION,3.5,0.5,ILLIQUID,nan,False,0,0,EXPIRED,False,0.83,1.2029,5.37,HOLD,,False,,,0.0,2,False,26.68,25.88,28.01,Near 200DMA — ideal dip entry zone,7,2026-06-18,1.05,True,False,False,False,LOW_ROE(1.1%),0,False,False,False,False,False,False,48.3,6,89.0
ANDHRAPAP,ANDHRA PAPER,AVOID,0.0,0.0,CAUTION,3.5,0.5,RESTRICTED,nan,False,0,0,EXPIRED,False,-7.94,1.5007,2.84,HOLD,,False,,,0.0,2,False,68.81,61.44,70.19,Below 200DMA — enter on recovery above 200DMA,7,2026-06-18,4.58,True,True,False,False,LOW_ROE(4.6%) | HIGH_PE(65x vs ind 19x),0,False,False,False,False,False,False,48.3,6,89.0
ANDHRSUGAR,ANDHRA SUGARS,AVOID,0.0,0.0,CAUTION,3.5,0.5,NORMAL,nan,False,0,0,EXPIRED,False,5.98,4.7936,6.9,HOLD,,False,,,0.0,2,False,78.65,76.29,82.58,Near 200DMA — ideal dip entry zone,7,2026-06-18,1.63,True,False,False,False,LOW_ROE(1.6%),0,True,True,False,False,False,False,48.3,6,89.0
AMBICAAGAR,AMBICA AGARBAT.,AVOID,0.0,0.0,CAUTION,3.5,0.5,ILLIQUID,nan,False,1,1,EXPIRED,True,-1.06,1.3236,6.46,HOLD,,False,,,0.0,3,False,24.84,23.84,25.34,Below 200DMA — enter on recovery above 200DMA,7,2026-06-18,0.45,True,False,False,False,LOW_ROE(0.5%),0,False,False,False,False,False,False,48.3,6,89.0
AMBIKCO,AMBIKA COTTON,AVOID,0.0,0.0,CAUTION,3.5,0.5,NORMAL,nan,False,1,1,EXPIRED,True,17.21,60.0643,4.45,HOLD,,False,,,0.0,3,False,1381.12,1498.67,1588.77,Extended — wait for ATR pullback,7,2026-06-18,7.27,True,False,False,False,LOW_ROE(7.3%),0,True,True,False,False,False,False,48.3,6,89.0
AMDIND,AMD INDUSTRIES,AVOID,0.0,0.0,CAUTION,3.5,0.5,ILLIQUID,nan,False,1,1,EXPIRED,True,-4.08,2.4136,6.24,HOLD,,False,,,0.0,3,False,48.35,44.99,49.32,Below 200DMA — enter on recovery above 200DMA,7,2026-06-18,0.64,True,False,False,False,LOW_ROE(0.6%),0,False,False,False,False,False,False,48.3,6,89.0
AMEYA,AMEYA PRECISION,AVOID,0.0,0.0,CAUTION,3.5,0.5,ILLIQUID,nan,False,0,0,EXPIRED,False,5.92,1.8536,2.06,HOLD,,False,,,0.0,3,False,101.96,98.9,107.06,Near 200DMA — ideal dip entry zone,7,2026-06-18,16.15,False,False,False,False,,0,False,False,False,False,False,False,48.3,6,89.0
AMJLAND,AMJ LAND HOLDIN.,AVOID,0.0,0.0,CAUTION,3.5,0.5,ILLIQUID,nan,False,0,0,EXPIRED,False,-16.68,1.8193,5.62,HOLD,,False,,,0.0,2,False,46.59,37.66,47.52,Below 200DMA — enter on recovery above 200DMA,7,2026-06-18,9.01,True,False,False,False,LOW_ROE(9.0%),0,True,True,False,False,False,False,48.3,6,89.0
AMNPLST,AMINES & PLAST.,AVOID,0.0,0.0,CAUTION,3.5,0.5,RESTRICTED,nan,False,1,1,EXPIRED,True,6.7,13.7721,8.25,HOLD,,False,,,0.0,4,False,187.69,182.06,197.07,Near 200DMA — ideal dip entry zone,7,2026-06-18,15.85,False,False,False,False,,0,False,False,False,False,False,False,48.3,6,89.0
AMRUTANJAN,AMRUTANJAN HEALT,AVOID,0.0,0.0,CAUTION,3.5,0.5,NORMAL,nan,False,0,0,EXPIRED,False,-15.43,16.5786,3.73,HOLD,,False,,,0.0,3,False,631.16,517.74,643.78,Below 200DMA — enter on recovery above 200DMA,7,2026-06-18,15.56,False,False,False,False,,0,True,True,False,False,False,False,48.3,6,89.0
AXITA,AXITA COTTON,AVOID,0.0,0.0,CAUTION,3.5,0.5,RESTRICTED,nan,False,0,0,FRESH,False,-10.41,0.34,5.3,HOLD,,False,,,0.0,2,False,8.59,7.47,8.76,Below 200DMA — enter on recovery above 200DMA,7,2026-06-18,1.47,True,False,False,False,LOW_ROE(1.5%),0,False,False,False,False,False,False,48.3,6,89.0
AYMSYNTEX,AYM SYNTEX,AVOID,0.0,0.0,CAUTION,3.5,0.5,RESTRICTED,nan,False,1,1,FRESH,True,16.66,12.5521,6.87,HOLD,,False,,,0.0,3,False,187.98,194.19,213.01,Extended — wait for ATR pullback,7,2026-06-18,2.01,True,False,False,False,LOW_ROE(2.0%),0,False,False,False,False,False,False,48.3,6,89.0
BABAFP,BABA FOOD,AVOID,0.0,0.0,CAUTION,3.5,0.5,ILLIQUID,nan,False,1,1,EXPIRED,True,-12.35,1.7036,7.79,HOLD,,False,,,0.0,3,False,29.95,25.46,30.55,Below 200DMA — enter on recovery above 200DMA,7,2026-06-18,6.81,True,False,False,False,LOW_ROE(6.8%),0,False,False,False,False,False,False,48.3,6,89.0
BAFNAPH,BAFNA PHARMA.,AVOID,0.0,0.0,CAUTION,3.5,0.5,RESTRICTED,nan,False,1,1,EXPIRED,True,14.75,12.6179,9.66,HOLD,,False,,,0.0,3,False,136.63,132.53,143.46,Near 200DMA — ideal dip entry zone,7,2026-06-18,4.9,True,False,False,False,LOW_ROE(4.9%),0,False,False,False,False,False,False,48.3,6,89.0
BAGFILMS,BAG FILMS,AVOID,0.0,0.0,CAUTION,3.5,0.5,ILLIQUID,nan,False,0,0,EXPIRED,False,-13.37,0.2393,5.68,HOLD,,False,,,0.0,2,False,5.84,4.91,5.96,Below 200DMA — enter on recovery above 200DMA,7,2026-06-18,3.95,True,False,False,False,LOW_ROE(4.0%),0,False,False,False,False,False,False,48.3,6,89.0
BAHETI,BAHETI RECYCLING,AVOID,0.0,0.0,CAUTION,3.5,0.5,NORMAL,nan,False,1,1,EXPIRED,True,8.56,15.6214,2.99,HOLD,,False,,,0.0,4,False,577.95,560.61,606.85,Near 200DMA — ideal dip entry zone,7,2026-06-18,30.46,False,False,False,False,,0,False,False,False,False,False,False,48.3,6,89.0
BAIDFIN,BAID FINSERV,AVOID,0.0,0.0,CAUTION,3.5,0.5,ILLIQUID,nan,False,0,0,EXPIRED,False,-7.64,0.5514,6.61,HOLD,,False,,,0.0,2,False,10.84,9.71,11.06,Below 200DMA — enter on recovery above 200DMA,7,2026-06-18,7.51,True,False,False,False,LOW_ROE(7.5%),0,False,False,False,False,False,False,48.3,6,89.0
BAJAJELEC,BAJAJ ELECTRICAL,AVOID,0.0,0.0,CAUTION,3.5,0.5,NORMAL,nan,False,0,0,EXPIRED,False,-25.69,11.5643,4.23,HOLD,,False,,,0.0,2,False,441.15,317.97,449.97,Below 200DMA — enter on recovery above 200DMA,7,2026-06-18,7.73,True,True,False,False,LOW_ROE(7.7%) | HIGH_PE(110x vs ind 32x),0,False,False,False,False,False,False,48.3,6,89.0
BAJAJHCARE,BAJAJ HEALTHCARE,AVOID,0.0,0.0,CAUTION,3.5,0.5,NORMAL,nan,False,0,0,FRESH,False,-21.02,10.7643,4.32,HOLD,,False,,,0.0,2,False,378.82,290.22,386.4,Below 200DMA — enter on recovery above 200DMA,7,2026-06-18,8.47,True,False,False,False,LOW_ROE(8.5%),0,False,False,False,False,False,False,48.3,6,89.0
BAJAJHLDNG,BAJAJ HOLDINGS,AVOID,0.0,0.0,CAUTION,3.5,0.5,NORMAL,nan,False,1,1,EXPIRED,True,-5.9,284.7143,3.25,HOLD,,False,,,0.0,4,False,11158.03,10185.0,11381.19,Below 200DMA — enter on recovery above 200DMA,7,2026-06-18,10.4,False,False,False,False,,0,True,True,False,False,False,False,48.3,6,89.0
BAJAJINDEF,INDEF MANUFACTUR,AVOID,0.0,0.0,CAUTION,3.5,0.5,RESTRICTED,nan,False,0,0,FRESH,False,-23.61,12.5036,6.26,HOLD,,False,,,0.0,3,False,313.93,232.61,320.21,Below 200DMA — enter on recovery above 200DMA,7,2026-06-18,13.51,False,False,False,False,,0,True,True,False,False,False,False,48.3,6,89.0
BAJAJST,NAN,AVOID,0.0,0.0,CAUTION,3.5,0.5,RESTRICTED,nan,False,0,0,FRESH,False,-9.51,16.0393,5.16,HOLD,,False,,,0.0,3,False,412.15,361.76,420.39,Below 200DMA — enter on recovery above 200DMA,7,2026-06-18,,False,False,False,False,,0,False,False,False,False,False,False,48.3,6,89.0
BALAJEE,SHREE TIRUPATIBA,AVOID,0.0,0.0,CAUTION,3.5,0.5,ILLIQUID,nan,False,0,0,EXPIRED,False,-23.14,1.39,5.77,HOLD,,False,,,0.0,2,False,37.64,28.06,38.39,Below 200DMA — enter on recovery above 200DMA,7,2026-06-18,8.66,True,False,False,False,LOW_ROE(8.7%),0,False,False,False,False,False,False,48.3,6,89.0
BALAJITELE,BALAJI TELEFILMS,AVOID,0.0,0.0,CAUTION,3.5,0.5,NORMAL,nan,False,0,0,EXPIRED,False,-17.98,3.645,5.14,HOLD,,False,,,0.0,3,False,103.82,82.6,105.9,Below 200DMA — enter on recovery above 200DMA,7,2026-06-18,13.25,False,False,False,False,,0,True,True,False,False,False,False,48.3,6,89.0
BALAMINES,BALAJI AMINES,AVOID,0.0,0.0,CAUTION,3.5,0.5,NORMAL,nan,False,1,1,EXPIRED,True,62.97,144.05,8.03,EXIT,PROFIT_ZONE: +63% above 200DMA | EXTENDED: 9.4× ATR above 200DMA,False,,,0.0,3,False,1320.72,1864.3,2080.38,Extended — wait for ATR pullback,7,2026-06-18,8.54,True,False,False,False,LOW_ROE(8.5%),0,True,True,False,False,False,False,48.3,6,89.0
BALAXI,BALAXI PHARMA,AVOID,0.0,0.0,CAUTION,3.5,0.5,ILLIQUID,nan,False,0,0,EXPIRED,False,-23.01,1.2721,6.48,HOLD,,False,,,0.0,2,False,30.6,22.85,31.21,Below 200DMA — enter on recovery above 200DMA,7,2026-06-18,-1.24,True,False,False,False,LOW_ROE(-1.2%),0,True,True,False,False,False,False,48.3,6,89.0
BALKRISHNA,BALKRISHNA PAPER,AVOID,0.0,0.0,CAUTION,3.5,0.5,ILLIQUID,nan,False,0,0,FRESH,False,-6.65,0.8929,5.97,HOLD,,False,,,0.0,3,False,19.23,17.41,19.61,Below 200DMA — enter on recovery above 200DMA,7,2026-06-18,,False,False,False,False,,0,False,False,False,False,False,False,48.3,6,89.0
BAJAJHIND,BAJAJ HINDUSTHAN,AVOID,0.0,0.0,CAUTION,3.5,0.5,NORMAL,nan,False,1,1,EXPIRED,True,2.49,0.7986,4.94,HOLD,,False,,,0.0,3,False,18.93,18.36,19.88,Near 200DMA — ideal dip entry zone,7,2026-06-18,-0.56,True,False,False,False,LOW_ROE(-0.6%),0,False,False,False,False,False,False,48.3,6,89.0
BANARBEADS,BANARAS BEADS,AVOID,0.0,0.0,CAUTION,3.5,0.5,ILLIQUID,nan,False,0,0,EXPIRED,False,-15.92,5.42,6.46,HOLD,,False,,,0.0,2,False,119.66,97.59,122.05,Below 200DMA — enter on recovery above 200DMA,7,2026-06-18,5.53,True,False,False,False,LOW_ROE(5.5%),0,False,False,False,False,False,False,48.3,6,89.0
BANG,BANG OVERSEAS,AVOID,0.0,0.0,CAUTION,3.5,0.5,ILLIQUID,nan,False,0,0,EXPIRED,False,-35.29,3.275,13.51,HOLD,,False,,,0.0,2,False,44.94,28.21,45.84,Below 200DMA — enter on recovery above 200DMA,7,2026-06-18,-2.49,True,False,False,False,LOW_ROE(-2.5%),0,False,False,False,False,False,False,48.3,6,89.0
BANKA,BANKA BIOLOO,AVOID,0.0,0.0,CAUTION,3.5,0.5,ILLIQUID,nan,False,1,1,EXPIRED,True,18.29,2.1929,3.01,HOLD,,False,,,0.0,3,False,73.93,83.06,86.35,Extended — wait for ATR pullback,7,2026-06-18,-28.29,True,False,False,False,LOW_ROE(-28.3%),0,False,False,False,False,False,False,48.3,6,89.0
BANARISUG,BANNARI AMM.SUG.,AVOID,0.0,0.0,CAUTION,3.5,0.5,ILLIQUID,nan,False,0,0,EXPIRED,False,-0.12,36.5428,1.22,HOLD,,False,,,0.0,2,False,3604.7,3492.29,3676.79,Below 200DMA — enter on recovery above 200DMA,7,2026-06-18,5.88,True,False,False,False,LOW_ROE(5.9%),0,True,True,False,False,False,False,48.3,6,89.0
BANSWRAS,BANSWARA SYNTEX,AVOID,0.0,0.0,CAUTION,3.5,0.5,RESTRICTED,nan,False,1,1,FRESH,True,10.52,6.3321,5.83,HOLD,,False,,,0.0,3,False,117.84,114.3,123.73,Near 200DMA — ideal dip entry zone,7,2026-06-18,3.96,True,False,False,False,LOW_ROE(4.0%),0,False,False,False,False,False,False,48.3,6,89.0
BASF,BASF INDIA,AVOID,0.0,0.0,CAUTION,3.5,0.5,NORMAL,nan,False,0,0,EXPIRED,False,-10.67,101.7714,3.49,HOLD,,False,,,0.0,3,False,3920.8,3397.33,3999.22,Below 200DMA — enter on recovery above 200DMA,7,2026-06-18,13.18,False,False,False,False,,0,True,True,False,False,False,False,48.3,6,89.0
BASILIC,BASILIC FLY STUD,AVOID,0.0,0.0,CAUTION,3.5,0.5,RESTRICTED,nan,False,0,0,EXPIRED,False,-31.38,10.9679,6.48,HOLD,,False,,,0.0,3,False,296.03,197.06,301.95,Below 200DMA — enter on recovery above 200DMA,7,2026-06-18,18.51,False,False,False,False,,0,False,False,False,False,False,False,48.3,6,89.0
BASML,BANNARI AMM SPG.,AVOID,0.0,0.0,CAUTION,3.5,0.5,RESTRICTED,nan,False,1,1,EXPIRED,True,-1.19,1.6357,7.89,HOLD,,False,,,0.0,3,False,25.19,24.14,25.69,Below 200DMA — enter on recovery above 200DMA,7,2026-06-18,1.73,True,False,False,False,LOW_ROE(1.7%),0,False,False,False,False,False,False,48.3,6,89.0
BAWEJA,BAWEJA STUDIOS L,AVOID,0.0,0.0,CAUTION,3.5,0.5,ILLIQUID,nan,False,0,0,EXPIRED,False,-20.0,0.9679,3.88,HOLD,,False,,,0.0,2,False,37.37,29.0,38.12,Below 200DMA — enter on recovery above 200DMA,7,2026-06-18,7.96,True,False,False,False,LOW_ROE(8.0%),0,False,False,False,False,False,False,48.3,6,89.0
BAYERCROP,BAYER CROP SCI.,AVOID,0.0,0.0,CAUTION,3.5,0.5,NORMAL,nan,False,0,0,FRESH,False,-9.18,91.8143,2.62,HOLD,,False,,,0.0,3,False,4634.67,4083.12,4727.36,Below 200DMA — enter on recovery above 200DMA,7,2026-06-18,19.93,False,False,False,False,,0,True,True,False,False,False,False,48.3,6,89.0
BBL,BHARAT BIJLEE,AVOID,0.0,0.0,CAUTION,3.5,0.5,NORMAL,nan,False,1,1,FRESH,True,1.03,86.4857,3.69,HOLD,,False,,,0.0,3,False,2782.12,2698.66,2921.23,Near 200DMA — ideal dip entry zone,7,2026-06-18,6.89,True,False,False,False,LOW_ROE(6.9%),0,True,True,False,False,False,False,48.3,6,89.0
BBTC,THE BOMBAY BURMAH,AVOID,0.0,0.0,CAUTION,3.5,0.5,NORMAL,nan,False,1,1,EXPIRED,True,-11.36,42.4357,3.34,HOLD,,False,,,0.0,4,False,1719.9,1478.86,1754.3,Below 200DMA — enter on recovery above 200DMA,7,2026-06-18,19.93,False,False,False,False,,0,False,False,False,False,False,False,48.3,6,89.0
BBTCL,B&B TRIPLEWALL,AVOID,0.0,0.0,CAUTION,3.5,0.5,RESTRICTED,nan,False,1,1,EXPIRED,True,12.28,14.915,8.2,HOLD,,False,,,0.0,3,False,194.3,188.47,204.02,Near 200DMA — ideal dip entry zone,7,2026-06-18,-4.96,True,False,False,False,LOW_ROE(-5.0%),0,False,False,False,False,False,False,48.3,6,89.0
BCG,BRIGHTCOM GROUP,AVOID,0.0,0.0,CAUTION,3.5,0.5,NORMAL,nan,False,1,1,EXPIRED,True,-10.17,0.725,8.45,HOLD,,False,,,0.0,3,False,11.47,9.99,11.7,Below 200DMA — enter on recovery above 200DMA,7,2026-06-18,8.17,True,False,False,False,LOW_ROE(8.2%),0,True,True,False,False,False,False,48.3,6,89.0
BCONCEPTS,BRAND CONCEPTS,AVOID,0.0,0.0,CAUTION,3.5,0.5,RESTRICTED,nan,False,0,0,FRESH,False,-38.25,10.5279,7.24,HOLD,,False,,,0.0,2,False,282.58,169.25,288.23,Below 200DMA — enter on recovery above 200DMA,7,2026-06-18,6.56,True,False,False,False,LOW_ROE(6.6%),0,False,False,False,False,False,False,48.3,6,89.0
BATLIBOI,NAN,AVOID,0.0,0.0,CAUTION,3.5,0.5,ILLIQUID,nan,False,1,1,EXPIRED,True,10.16,4.12,5.93,HOLD,,False,,,0.0,4,False,75.73,73.46,79.52,Near 200DMA — ideal dip entry zone,7,2026-06-18,,False,False,False,False,,0,False,False,False,False,False,False,48.3,6,89.0
AVADHSUGAR,AVADH SUGAR,AVOID,0.0,0.0,CAUTION,3.5,0.5,RESTRICTED,nan,False,0,0,EXPIRED,False,9.02,21.575,5.74,HOLD,,False,,,0.0,2,False,413.63,401.22,434.31,Near 200DMA — ideal dip entry zone,7,2026-06-18,7.99,True,False,False,False,LOW_ROE(8.0%),0,False,False,False,False,False,False,48.3,6,89.0
ASMS,BARTRONICS INDIA,AVOID,0.0,0.0,CAUTION,3.5,0.5,RESTRICTED,nan,False,1,1,EXPIRED,True,-26.67,0.3814,5.7,HOLD,,False,,,0.0,3,False,10.95,7.79,11.17,Below 200DMA — enter on recovery above 200DMA,7,2026-06-18,6.18,True,True,False,False,LOW_ROE(6.2%) | HIGH_PE(75x vs ind 23x),0,True,True,False,False,False,False,48.3,6,89.0
ASPINWALL,ASPINWALL & CO,AVOID,0.0,0.0,CAUTION,3.5,0.5,ILLIQUID,nan,False,1,1,EXPIRED,True,6.43,11.7079,5.53,HOLD,,False,,,0.0,3,False,238.64,231.48,250.57,Near 200DMA — ideal dip entry zone,7,2026-06-18,7.54,True,False,False,False,LOW_ROE(7.5%),0,False,False,False,False,False,False,48.3,6,89.0
ASPIRE,ASPIRE & INNOVAT,AVOID,0.0,0.0,CAUTION,3.5,0.5,ILLIQUID,nan,False,0,0,EXPIRED,False,-17.32,0.4714,4.01,HOLD,,False,,,0.0,2,False,17.05,13.68,17.39,Below 200DMA — enter on recovery above 200DMA,7,2026-06-18,7.89,True,False,False,False,LOW_ROE(7.9%),0,False,False,False,False,False,False,48.3,6,89.0
ASTAR,NAN,AVOID,0.0,0.0,CAUTION,3.5,0.5,ILLIQUID,nan,False,0,0,FRESH,False,-4.0,34.8107,6.81,HOLD,,False,,,0.0,3,False,639.25,595.24,652.03,Below 200DMA — enter on recovery above 200DMA,7,2026-06-18,,False,False,False,False,,0,False,False,False,False,False,False,48.3,6,89.0
ASTEC,ASTEC LIFESCIENC,AVOID,0.0,0.0,CAUTION,3.5,0.5,NORMAL,nan,False,1,1,AGING,True,11.99,49.0964,7.46,HOLD,,False,,,0.0,3,False,704.94,683.79,740.19,Near 200DMA — ideal dip entry zone,7,2026-06-18,-57.4,True,False,False,False,LOW_ROE(-57.4%),0,False,False,False,False,False,False,48.3,6,89.0
ASTRAZEN,ASTRAZENECA PHAR,AVOID,0.0,0.0,CAUTION,3.5,0.5,NORMAL,nan,False,1,1,EXPIRED,True,-2.75,217.8929,3.07,HOLD,,False,,,0.0,4,False,8753.61,8257.12,8928.68,Below 200DMA — enter on recovery above 200DMA,7,2026-06-18,15.02,False,True,False,False,HIGH_PE(105x vs ind 28x),0,True,True,False,False,False,False,48.3,6,89.0
ASTRON,ASTRON PAPER,AVOID,0.0,0.0,CAUTION,3.5,0.5,ILLIQUID,nan,False,0,0,EXPIRED,False,-42.74,0.2257,6.77,HOLD,,False,,,0.0,2,False,6.99,3.88,7.13,Below 200DMA — enter on recovery above 200DMA,7,2026-06-18,-62.1,True,False,False,False,LOW_ROE(-62.1%),0,False,False,False,False,False,False,48.3,6,89.0
ATAM,ATAM VALVES,AVOID,0.0,0.0,CAUTION,3.5,0.5,ILLIQUID,nan,False,1,1,FRESH,True,-8.55,2.4636,4.15,HOLD,,False,,,0.0,4,False,77.89,69.09,79.45,Below 200DMA — enter on recovery above 200DMA,7,2026-06-18,17.27,False,False,False,False,,0,False,False,False,False,False,False,48.3,6,89.0
ATHERENERG,ATHER ENERGY,AVOID,0.0,0.0,CAUTION,3.5,0.5,NORMAL,nan,False,1,1,FRESH,True,35.5,50.0464,6.07,PARTIAL_EXIT,EXTENDED: 7.0× ATR above 200DMA,False,,,0.0,3,False,730.79,890.11,965.18,Extended — wait for ATR pullback,7,2026-06-18,-194.4,True,False,False,False,LOW_ROE(-194.4%),0,False,False,False,False,False,False,48.3,6,89.0
ATL,ALLCARGO TERMI,AVOID,0.0,0.0,CAUTION,3.5,0.5,RESTRICTED,nan,False,0,0,FRESH,False,-10.34,1.0164,4.97,HOLD,,False,,,0.0,2,False,27.39,23.82,27.94,Below 200DMA — enter on recovery above 200DMA,7,2026-06-18,11.36,True,False,False,False,LOW_ROE(11.4%),0,False,False,False,False,False,False,48.3,6,89.0
ATLANTAA,ATLANTAA,AVOID,0.0,0.0,CAUTION,3.5,0.5,RESTRICTED,nan,False,0,0,FRESH,False,-2.97,1.81,5.26,HOLD,,False,,,0.0,3,False,42.57,40.07,43.42,Below 200DMA — enter on recovery above 200DMA,7,2026-06-18,20.24,False,False,False,False,,0,False,False,False,False,False,False,48.3,6,89.0
ATLASCYCLE,ATLAS CYCLES,AVOID,0.0,0.0,CAUTION,3.5,0.5,ILLIQUID,nan,False,0,0,FRESH,False,-2.21,4.3757,5.25,HOLD,,False,,,0.0,2,False,102.2,96.94,104.24,Below 200DMA — enter on recovery above 200DMA,7,2026-06-18,2.45,True,False,False,False,LOW_ROE(2.5%),0,True,True,False,False,False,False,48.3,6,89.0
ATMASTCO,ATMASTCO LTD,AVOID,0.0,0.0,CAUTION,3.5,0.5,RESTRICTED,nan,False,1,1,EXPIRED,True,9.68,8.7857,5.68,HOLD,,False,,,0.0,4,False,169.27,164.19,177.73,Near 200DMA — ideal dip entry zone,7,2026-06-18,15.15,False,False,False,False,,0,False,False,False,False,False,False,48.3,6,89.0
ATUL,ATUL,AVOID,0.0,0.0,CAUTION,3.5,0.5,NORMAL,nan,False,0,0,EXPIRED,False,2.56,170.5357,3.17,HOLD,,False,,,0.0,2,False,6293.78,6104.97,6608.47,Near 200DMA — ideal dip entry zone,7,2026-06-18,8.64,True,False,False,False,LOW_ROE(8.6%),0,True,True,False,False,False,False,48.3,6,89.0
AURIGROW,AURI GROW INDIA,AVOID,0.0,0.0,CAUTION,3.5,0.5,RESTRICTED,nan,False,1,1,EXPIRED,True,-28.29,0.0193,6.81,HOLD,,False,,,0.0,3,False,0.47,0.33,0.48,Below 200DMA — enter on recovery above 200DMA,7,2026-06-18,0.74,True,False,False,False,LOW_ROE(0.7%),0,False,False,False,False,False,False,48.3,6,89.0
AUROIMPEX,AURO IMPEX,AVOID,0.0,0.0,CAUTION,3.5,0.5,ILLIQUID,nan,False,0,0,EXPIRED,False,-26.61,0.725,3.16,HOLD,,False,,,0.0,2,False,37.47,26.68,38.22,Below 200DMA — enter on recovery above 200DMA,7,2026-06-18,9.81,True,False,False,False,LOW_ROE(9.8%),0,False,False,False,False,False,False,48.3,6,89.0
AUSOMENT,AUSOM ENTER.,AVOID,0.0,0.0,CAUTION,3.5,0.5,ILLIQUID,nan,False,0,0,EXPIRED,False,4.79,7.7229,7.83,HOLD,,False,,,0.0,3,False,112.9,109.51,118.55,Near 200DMA — ideal dip entry zone,7,2026-06-18,13.67,False,False,False,False,,0,True,True,False,False,False,False,48.3,6,89.0
AUTOAXLES,AUTOMOTIVE AXLES,AVOID,0.0,0.0,CAUTION,3.5,0.5,NORMAL,nan,False,1,1,FRESH,True,0.29,53.0214,3.53,HOLD,,False,,,0.0,4,False,1794.86,1741.01,1884.6,Near 200DMA — ideal dip entry zone,7,2026-06-18,15.84,False,False,False,False,,0,True,True,False,False,False,False,48.3,6,89.0
AVONMORE,AVONMORE CAPITAL,AVOID,0.0,0.0,CAUTION,3.5,0.5,ILLIQUID,nan,False,0,0,AGING,False,-30.07,0.6879,7.59,HOLD,,False,,,0.0,2,False,15.54,10.54,15.85,Below 200DMA — enter on recovery above 200DMA,7,2026-06-18,7.76,True,False,False,False,LOW_ROE(7.8%),0,True,True,False,False,False,False,48.3,6,89.0
AVPINFRA,AVP INFRACON,AVOID,0.0,0.0,CAUTION,3.5,0.5,RESTRICTED,nan,False,0,0,EXPIRED,False,-40.76,2.9214,4.88,HOLD,,False,,,0.0,3,False,121.28,69.69,123.71,Below 200DMA — enter on recovery above 200DMA,7,2026-06-18,26.24,False,False,False,False,,0,False,False,False,False,False,False,48.3,6,89.0
AVROIND,AVRO INDIA,AVOID,0.0,0.0,CAUTION,3.5,0.5,RESTRICTED,nan,False,0,0,EXPIRED,False,-18.47,0.9679,11.24,HOLD,,False,,,0.0,2,False,12.67,10.02,12.92,Below 200DMA — enter on recovery above 200DMA,7,2026-06-18,3.58,True,False,False,False,LOW_ROE(3.6%),0,False,False,False,False,False,False,48.3,6,89.0
LEXUS,LEXUS GRANITO,AVOID,0.0,0.0,CAUTION,3.5,0.5,ILLIQUID,nan,False,0,0,EXPIRED,False,-36.25,1.3307,9.48,HOLD,,False,,,0.0,2,False,26.41,16.33,26.94,Below 200DMA — enter on recovery above 200DMA,7,2026-06-18,-115.32,True,False,False,False,LOW_ROE(-115.3%),0,False,False,False,False,False,False,48.3,6,89.0
INSECTICID,INSECTICID.INDIA,AVOID,0.0,0.0,CAUTION,3.5,0.5,NORMAL,nan,False,0,0,EXPIRED,False,3.09,21.175,3.57,HOLD,,False,,,0.0,3,False,690.45,669.74,724.97,Near 200DMA — ideal dip entry zone,7,2026-06-18,13.09,False,False,False,False,,0,False,False,False,False,False,False,48.3,6,89.0
INM,INTERIORS & MORE,AVOID,0.0,0.0,CAUTION,3.5,0.5,ILLIQUID,nan,False,0,0,EXPIRED,False,-52.84,6.3607,4.95,HOLD,,False,,,0.0,3,False,327.09,149.62,333.63,Below 200DMA — enter on recovery above 200DMA,7,2026-06-18,17.82,False,False,False,False,,0,False,False,False,False,False,False,48.3,6,89.0
INNOVANA,INNOVANA THINK.,AVOID,0.0,0.0,CAUTION,3.5,0.5,RESTRICTED,nan,False,0,0,FRESH,False,-23.48,18.7036,6.97,HOLD,,False,,,0.0,3,False,420.93,312.44,429.35,Below 200DMA — enter on recovery above 200DMA,7,2026-06-18,21.48,False,False,False,False,,0,False,False,False,False,False,False,48.3,6,89.0
INFOLLION,INFOLLION RESEA.,AVOID,0.0,0.0,CAUTION,3.5,0.5,ILLIQUID,nan,False,0,0,EXPIRED,False,-49.53,6.9036,4.77,HOLD,,False,,,0.0,3,False,344.28,168.54,351.17,Below 200DMA — enter on recovery above 200DMA,7,2026-06-18,23.02,False,False,False,False,,0,False,False,False,False,False,False,48.3,6,89.0
INFOMEDIA,INFOMEDIA PRESS,AVOID,0.0,0.0,CAUTION,3.5,0.5,ILLIQUID,nan,False,1,1,AGING,True,-4.27,0.4607,9.37,HOLD,,False,,,0.0,4,False,6.16,5.72,6.28,Below 200DMA — enter on recovery above 200DMA,7,2026-06-18,,False,False,False,False,,0,False,False,False,False,False,False,48.3,6,89.0
INFINIUM,INFINIUM PHARMA,AVOID,0.0,0.0,CAUTION,3.5,0.5,ILLIQUID,nan,False,0,0,EXPIRED,False,-10.03,8.2821,4.87,HOLD,,False,,,0.0,2,False,226.75,197.88,231.28,Below 200DMA — enter on recovery above 200DMA,7,2026-06-18,7.44,True,False,False,False,LOW_ROE(7.4%),0,False,False,False,False,False,False,48.3,6,89.0
INFLUX,INFLUX HEALTH.,MONITOR,0.0,1.0,CAUTION,3.5,0.5,ILLIQUID,LATE_CYCLE,False,1,1,EXPIRED,False,0.0,0.0,5.0,HOLD,,False,,,0.0,3,False,0.0,0.0,0.0,,7,2026-06-18,,False,False,False,False,,0,False,False,False,False,False,False,48.3,6,89.0
IRIS,IRIS REGTECH SOLUTIONS,AVOID,0.0,0.0,CAUTION,3.5,0.5,RESTRICTED,nan,False,0,0,EXPIRED,False,-18.99,14.4621,7.56,HOLD,,False,,,0.0,3,False,283.29,222.61,288.96,Below 200DMA — enter on recovery above 200DMA,7,2026-06-18,17.21,False,False,False,False,,0,True,True,False,False,False,False,48.3,6,89.0
IRMENERGY,IRM ENERGY,AVOID,0.0,0.0,CAUTION,3.5,0.5,NORMAL,nan,False,0,0,FRESH,False,-1.56,14.325,6.34,HOLD,,False,,,0.0,2,False,275.36,262.92,280.87,Below 200DMA — enter on recovery above 200DMA,7,2026-06-18,4.81,True,False,False,False,LOW_ROE(4.8%),0,True,True,False,False,False,False,48.3,6,89.0
ISFT,INTRASOFT TECH.,AVOID,0.0,0.0,CAUTION,3.5,0.5,ILLIQUID,nan,False,1,1,EXPIRED,True,-3.89,3.2164,4.62,HOLD,,False,,,0.0,3,False,86.96,81.07,88.7,Below 200DMA — enter on recovery above 200DMA,7,2026-06-18,5.55,True,False,False,False,LOW_ROE(5.5%),0,True,True,False,False,False,False,48.3,6,89.0
ISHANCH,ISHAN DYES,AVOID,0.0,0.0,CAUTION,3.5,0.5,ILLIQUID,nan,False,0,0,EXPIRED,False,-6.6,3.1629,6.47,HOLD,,False,,,0.0,2,False,62.78,56.88,64.04,Below 200DMA — enter on recovery above 200DMA,7,2026-06-18,1.04,True,False,False,False,LOW_ROE(1.0%),0,False,False,False,False,False,False,48.3,6,89.0
ITALIANE,ITALIAN EDIBLES,AVOID,0.0,0.0,CAUTION,3.5,0.5,ILLIQUID,nan,False,0,0,EXPIRED,False,-1.86,1.1179,4.0,HOLD,,False,,,0.0,2,False,34.13,32.49,34.81,Below 200DMA — enter on recovery above 200DMA,7,2026-06-18,6.94,True,False,False,False,LOW_ROE(6.9%),0,False,False,False,False,False,False,48.3,6,89.0
INVPRECQ,NAN,AVOID,0.0,0.0,CAUTION,3.5,0.5,ILLIQUID,nan,False,1,1,EXPIRED,True,3.81,25.0393,4.68,HOLD,,False,,,0.0,4,False,618.19,599.64,649.1,Near 200DMA — ideal dip entry zone,7,2026-06-18,,False,False,False,False,,0,False,False,False,False,False,False,48.3,6,89.0
IOLCP,IOL CHEMICALS,AVOID,0.0,0.0,CAUTION,3.5,0.5,NORMAL,nan,False,1,1,EXPIRED,True,36.52,8.0721,7.74,PARTIAL_EXIT,EXTENDED: 5.7× ATR above 200DMA,False,,,0.0,3,False,91.63,108.96,121.06,Extended — wait for ATR pullback,7,2026-06-18,5.99,True,False,False,False,LOW_ROE(6.0%),0,True,True,False,False,False,False,48.3,6,89.0
IPL,INDIA PESTICIDES,AVOID,0.0,0.0,CAUTION,3.5,0.5,NORMAL,nan,False,1,1,FRESH,True,-6.5,5.7321,4.26,HOLD,,False,,,0.0,3,False,172.81,156.73,176.27,Below 200DMA — enter on recovery above 200DMA,7,2026-06-18,9.15,True,False,False,False,LOW_ROE(9.2%),0,True,True,False,False,False,False,48.3,6,89.0
IPSL,INTEGRATED PERSO,AVOID,0.0,0.0,CAUTION,3.5,0.5,ILLIQUID,nan,False,1,1,EXPIRED,True,-4.58,7.4893,3.46,HOLD,,False,,,0.0,4,False,272.48,252.2,277.93,Below 200DMA — enter on recovery above 200DMA,7,2026-06-18,12.54,False,False,False,False,,0,False,False,False,False,False,False,48.3,6,89.0
INVENTURE,INVENTURE GROW.,AVOID,0.0,0.0,CAUTION,3.5,0.5,ILLIQUID,nan,False,0,0,EXPIRED,False,-20.53,0.0293,3.7,HOLD,,False,,,0.0,2,False,1.2,0.92,1.22,Below 200DMA — enter on recovery above 200DMA,7,2026-06-18,0.76,True,False,False,False,LOW_ROE(0.8%),0,False,False,False,False,False,False,48.3,6,89.0
INTLCONV,INTL. CONVEYORS,AVOID,0.0,0.0,CAUTION,3.5,0.5,RESTRICTED,nan,False,1,1,FRESH,True,-3.83,3.1864,4.68,HOLD,,False,,,0.0,4,False,84.92,79.22,86.62,Below 200DMA — enter on recovery above 200DMA,7,2026-06-18,25.35,False,False,False,False,,0,False,False,False,False,False,False,48.3,6,89.0
INSPIRISYS,INSPIRISYS SOL.,AVOID,0.0,0.0,CAUTION,3.5,0.5,RESTRICTED,nan,False,1,1,EXPIRED,True,20.34,7.6786,8.25,PARTIAL_EXIT,EXTENDED: 3.0× ATR above 200DMA,False,,,0.0,4,False,92.85,96.37,107.89,Extended — wait for ATR pullback,7,2026-06-18,54.21,False,False,False,False,,0,False,False,False,False,False,False,48.3,6,89.0
ICRA,ICRA,AVOID,0.0,0.0,CAUTION,3.5,0.5,NORMAL,nan,False,0,0,FRESH,False,-12.23,125.6786,2.93,HOLD,,False,,,0.0,3,False,5870.41,4997.93,5987.82,Below 200DMA — enter on recovery above 200DMA,7,2026-06-18,16.14,False,False,False,False,,0,True,True,False,False,False,False,48.3,6,89.0
IDEA,VODAFONE IDEA,AVOID,0.0,0.0,CAUTION,3.5,0.5,NORMAL,nan,False,1,1,FRESH,True,43.21,0.5964,4.8,PARTIAL_EXIT,PROFIT_ZONE: +43% above 200DMA | EXTENDED: 10.8× ATR above 200DMA,False,,,0.0,4,False,10.42,13.73,14.62,Extended — wait for ATR pullback,7,2026-06-18,,False,False,False,False,,0,False,False,False,False,False,False,48.3,6,89.0
IDEAFORGE,IDEAFORGE TECH,AVOID,0.0,0.0,CAUTION,3.5,0.5,NORMAL,nan,False,1,1,FRESH,True,77.11,58.5464,7.56,EXIT,PROFIT_ZONE: +77% above 200DMA | EXTENDED: 12.2× ATR above 200DMA,False,,,0.0,3,False,524.59,812.01,899.83,Extended — wait for ATR pullback,7,2026-06-18,-10.23,True,False,False,False,LOW_ROE(-10.2%),0,True,True,False,False,False,False,48.3,6,89.0
HOACFOODS,HOAC FOODS,AVOID,0.0,0.0,CAUTION,3.5,0.5,RESTRICTED,nan,False,1,1,EXPIRED,True,72.79,26.5,5.13,EXIT,PROFIT_ZONE: +73% above 200DMA | EXTENDED: 17.0× ATR above 200DMA,False,,,0.0,4,False,358.45,566.35,606.1,Extended — wait for ATR pullback,7,2026-06-18,21.85,False,False,False,False,,0,False,False,False,False,False,False,48.3,6,89.0
HOLMARC,HOLMARC OPTO,AVOID,0.0,0.0,CAUTION,3.5,0.5,ILLIQUID,nan,False,1,1,EXPIRED,True,0.82,5.025,5.97,HOLD,,False,,,0.0,4,False,100.18,97.17,105.19,Near 200DMA — ideal dip entry zone,7,2026-06-18,13.75,False,False,False,False,,0,False,False,False,False,False,False,48.3,6,89.0
HOMESFY,HOMESFY REALTY,AVOID,0.0,0.0,CAUTION,3.5,0.5,ILLIQUID,nan,False,0,0,EXPIRED,False,-35.15,2.7964,3.0,HOLD,,False,,,0.0,2,False,172.7,108.64,176.15,Below 200DMA — enter on recovery above 200DMA,7,2026-06-18,2.74,True,False,False,False,LOW_ROE(2.7%),0,False,False,False,False,False,False,48.3,6,89.0
HONAUT,HONEYWELL AUTO,AVOID,0.0,0.0,CAUTION,3.5,0.5,NORMAL,nan,False,1,1,FRESH,True,8.64,1150.0,3.79,HOLD,,False,,,0.0,4,False,33488.22,32483.57,35162.63,Near 200DMA — ideal dip entry zone,7,2026-06-18,12.97,False,False,False,False,,0,True,True,False,False,False,False,48.3,6,89.0
HONDAPOWER,HONDA INDIA,AVOID,0.0,0.0,CAUTION,3.5,0.5,NORMAL,nan,False,0,0,FRESH,False,-7.02,87.1571,4.76,HOLD,,False,,,0.0,2,False,2362.71,2130.99,2409.96,Below 200DMA — enter on recovery above 200DMA,7,2026-06-18,9.26,True,False,False,False,LOW_ROE(9.3%),0,True,True,False,False,False,False,48.3,6,89.0
HPAL,HP ADHESIVES,AVOID,0.0,0.0,CAUTION,3.5,0.5,ILLIQUID,nan,False,0,0,EXPIRED,False,-11.88,1.8536,6.16,HOLD,,False,,,0.0,2,False,40.99,35.04,41.81,Below 200DMA — enter on recovery above 200DMA,7,2026-06-18,9.9,True,False,False,False,LOW_ROE(9.9%),0,True,True,False,False,False,False,48.3,6,89.0
HPIL,HINDPRAKASH INDU,AVOID,0.0,0.0,CAUTION,3.5,0.5,ILLIQUID,nan,False,0,0,EXPIRED,False,-3.67,4.8536,4.6,HOLD,,False,,,0.0,2,False,131.4,122.78,134.03,Below 200DMA — enter on recovery above 200DMA,7,2026-06-18,3.18,True,True,False,False,LOW_ROE(3.2%) | HIGH_PE(118x vs ind 25x),0,False,False,False,False,False,False,48.3,6,89.0
HRHNEXT,HRH NEXT,AVOID,0.0,0.0,CAUTION,3.5,0.5,ILLIQUID,nan,False,0,0,EXPIRED,False,-10.63,1.3429,5.96,HOLD,,False,,,0.0,2,False,30.27,26.24,30.88,Below 200DMA — enter on recovery above 200DMA,7,2026-06-18,8.58,True,False,False,False,LOW_ROE(8.6%),0,False,False,False,False,False,False,48.3,6,89.0
HTMEDIA,H T MEDIA,AVOID,0.0,0.0,CAUTION,3.5,0.5,ILLIQUID,nan,False,1,1,EXPIRED,True,-3.27,0.9193,4.84,HOLD,,False,,,0.0,3,False,23.58,22.13,24.05,Below 200DMA — enter on recovery above 200DMA,7,2026-06-18,0.12,True,True,False,False,LOW_ROE(0.1%) | HIGH_PE(2050x vs ind 23x),0,False,False,False,False,False,False,48.3,6,89.0
HYBRIDFIN,HYBRID FINANCIAL,AVOID,0.0,0.0,CAUTION,3.5,0.5,ILLIQUID,nan,False,1,1,EXPIRED,True,-1.19,1.2657,8.03,HOLD,,False,,,0.0,3,False,19.14,18.34,19.52,Below 200DMA — enter on recovery above 200DMA,7,2026-06-18,9.79,True,False,False,False,LOW_ROE(9.8%),0,True,True,False,False,False,False,48.3,6,89.0
IBLFL,IBL FINANCE,AVOID,0.0,0.0,CAUTION,3.5,0.5,ILLIQUID,nan,False,0,0,EXPIRED,False,-2.93,0.25,0.52,HOLD,,False,,,0.0,2,False,59.23,55.77,60.41,Below 200DMA — enter on recovery above 200DMA,7,2026-06-18,4.02,True,True,False,False,LOW_ROE(4.0%) | HIGH_PE(55x vs ind 17x),0,False,False,False,False,False,False,48.3,6,89.0
IBULLSLTD,INDIABULLS,AVOID,0.0,0.0,CAUTION,3.5,0.5,NORMAL,nan,False,1,1,FRESH,True,46.27,1.395,6.96,PARTIAL_EXIT,PROFIT_ZONE: +46% above 200DMA | EXTENDED: 8.0× ATR above 200DMA,False,,,0.0,4,False,16.44,21.26,23.35,Extended — wait for ATR pullback,7,2026-06-18,,False,False,False,False,,0,False,False,False,False,False,False,48.3,6,89.0
ICDSLTD,ICDS,AVOID,0.0,0.0,CAUTION,3.5,0.5,ILLIQUID,nan,False,1,1,EXPIRED,True,-0.21,2.5529,6.73,HOLD,,False,,,0.0,3,False,45.62,44.15,46.53,Below 200DMA — enter on recovery above 200DMA,7,2026-06-18,4.85,True,False,False,False,LOW_ROE(4.8%),0,False,False,False,False,False,False,48.3,6,89.0
INDTERRAIN,INDIAN TERRAIN,AVOID,0.0,0.0,CAUTION,3.5,0.5,ILLIQUID,nan,False,1,1,FRESH,True,-3.36,1.685,6.2,HOLD,,False,,,0.0,3,False,33.74,31.63,34.41,Below 200DMA — enter on recovery above 200DMA,7,2026-06-18,-23.33,True,False,False,False,LOW_ROE(-23.3%),0,False,False,False,False,False,False,48.3,6,89.0
INDIQUBE,INDIQUBE SPACES,AVOID,0.0,0.0,CAUTION,3.5,0.5,NORMAL,nan,False,1,1,EXPIRED,True,-13.47,7.055,5.12,HOLD,,False,,,0.0,4,False,191.09,160.4,194.91,Below 200DMA — enter on recovery above 200DMA,7,2026-06-18,,False,False,False,False,,0,False,False,False,False,False,False,48.3,6,89.0
INDOCO,INDOCO REMEDIES,AVOID,0.0,0.0,CAUTION,3.5,0.5,NORMAL,nan,False,1,1,FRESH,True,-1.76,12.5629,6.52,HOLD,,False,,,0.0,3,False,235.36,224.29,240.07,Below 200DMA — enter on recovery above 200DMA,7,2026-06-18,-7.21,True,False,False,False,LOW_ROE(-7.2%),0,False,False,False,False,False,False,48.3,6,89.0
INDORAMA,INDO RAMA SYNTH.,AVOID,0.0,0.0,CAUTION,3.5,0.5,NORMAL,nan,False,1,1,EXPIRED,True,-1.92,2.5286,6.71,HOLD,,False,,,0.0,3,False,46.08,43.84,47.0,Below 200DMA — enter on recovery above 200DMA,7,2026-06-18,0.38,True,False,False,False,LOW_ROE(0.4%),0,False,False,False,False,False,False,48.3,6,89.0
INDOUS,INDO US BIO-TECH,AVOID,0.0,0.0,CAUTION,3.5,0.5,ILLIQUID,nan,False,0,0,EXPIRED,False,-25.52,5.2157,6.92,HOLD,,False,,,0.0,3,False,121.47,87.76,123.9,Below 200DMA — enter on recovery above 200DMA,7,2026-06-18,20.72,False,False,False,False,,0,False,False,False,False,False,False,48.3,6,89.0
INDOWIND,INDOWIND ENERGY,AVOID,0.0,0.0,CAUTION,3.5,0.5,ILLIQUID,nan,False,0,0,EXPIRED,False,-28.9,0.3857,5.03,HOLD,,False,,,0.0,2,False,12.94,8.92,13.2,Below 200DMA — enter on recovery above 200DMA,7,2026-06-18,0.45,True,True,False,False,LOW_ROE(0.5%) | HIGH_PE(98x vs ind 22x),0,True,True,False,False,False,False,48.3,6,89.0
INDPRUD,NAN,AVOID,0.0,0.0,CAUTION,3.5,0.5,ILLIQUID,nan,False,0,0,FRESH,False,-2.53,239.9643,4.49,HOLD,,False,,,0.0,3,False,6576.37,6217.7,6707.9,Below 200DMA — enter on recovery above 200DMA,7,2026-06-18,,False,False,False,False,,0,False,False,False,False,False,False,48.3,6,89.0
IFBAGRO,IFB AGRO INDS.,AVOID,0.0,0.0,CAUTION,3.5,0.5,RESTRICTED,nan,False,0,0,EXPIRED,False,-13.69,46.6214,6.12,HOLD,,False,,,0.0,2,False,1058.22,886.0,1079.38,Below 200DMA — enter on recovery above 200DMA,7,2026-06-18,3.67,True,False,False,False,LOW_ROE(3.7%),0,False,False,False,False,False,False,48.3,6,89.0
IFGLEXPOR,IFGL REFRACTORI.,AVOID,0.0,0.0,CAUTION,3.5,0.5,NORMAL,nan,False,1,1,EXPIRED,True,-4.5,10.2743,6.39,HOLD,,False,,,0.0,3,False,202.14,187.26,206.18,Below 200DMA — enter on recovery above 200DMA,7,2026-06-18,3.88,True,False,False,False,LOW_ROE(3.9%),0,False,False,False,False,False,False,48.3,6,89.0
IGPL,I G PETROCHEMS,AVOID,0.0,0.0,CAUTION,3.5,0.5,NORMAL,nan,False,1,1,FRESH,True,11.43,17.0,4.56,HOLD,,False,,,0.0,3,False,401.05,389.02,421.1,Near 200DMA — ideal dip entry zone,7,2026-06-18,8.12,True,False,False,False,LOW_ROE(8.1%),0,False,False,False,False,False,False,48.3,6,89.0
IIFL,IIFL FINANCE,AVOID,0.0,0.0,CAUTION,3.5,0.5,NORMAL,nan,False,1,1,EXPIRED,True,5.22,21.1107,4.77,HOLD,,False,,,0.0,3,False,504.81,489.67,530.05,Near 200DMA — ideal dip entry zone,7,2026-06-18,3.05,True,False,False,False,LOW_ROE(3.0%),0,False,False,False,False,False,False,48.3,6,89.0
IITL,INDL. INV. TRUST,AVOID,0.0,0.0,CAUTION,3.5,0.5,NORMAL,nan,False,0,0,FRESH,False,-14.33,9.37,8.13,HOLD,,False,,,0.0,2,False,161.34,134.07,164.57,Below 200DMA — enter on recovery above 200DMA,7,2026-06-18,0.9,True,True,False,False,LOW_ROE(0.9%) | HIGH_PE(54x vs ind 17x),0,True,True,False,False,False,False,48.3,6,89.0
IKIO,IKIO TECH,AVOID,0.0,0.0,CAUTION,3.5,0.5,NORMAL,nan,False,1,1,EXPIRED,True,-4.51,6.3164,4.63,HOLD,,False,,,0.0,3,False,171.51,158.86,174.94,Below 200DMA — enter on recovery above 200DMA,7,2026-06-18,5.51,True,False,False,False,LOW_ROE(5.5%),0,False,False,False,False,False,False,48.3,6,89.0
IL&FSENGG,IL&FS ENGG.,AVOID,0.0,0.0,CAUTION,3.5,0.5,ILLIQUID,nan,False,1,1,AGING,True,10.32,1.6793,6.73,HOLD,,False,,,0.0,4,False,27.15,26.34,28.51,Near 200DMA — ideal dip entry zone,7,2026-06-18,,False,False,False,False,,0,False,False,False,False,False,False,48.3,6,89.0
IL&FSTRANS,IL&FS TRANSPORT,AVOID,0.0,0.0,CAUTION,3.5,0.5,ILLIQUID,nan,False,1,1,AGING,True,-7.96,0.1321,6.42,HOLD,,False,,,0.0,4,False,2.68,2.4,2.73,Below 200DMA — enter on recovery above 200DMA,7,2026-06-18,,False,False,False,False,,0,False,False,False,False,False,False,48.3,6,89.0
IMPAL,INDIA MOTOR PART,AVOID,0.0,0.0,CAUTION,3.5,0.5,RESTRICTED,nan,False,1,1,EXPIRED,True,5.12,44.9571,4.96,HOLD,,False,,,0.0,3,False,1035.07,1004.02,1086.82,Near 200DMA — ideal dip entry zone,7,2026-06-18,3.73,True,False,False,False,LOW_ROE(3.7%),0,True,True,False,False,False,False,48.3,6,89.0
INCREDIBLE,INCREDIBLE INDUS,AVOID,0.0,0.0,CAUTION,3.5,0.5,ILLIQUID,nan,False,0,0,EXPIRED,False,-11.9,2.1107,7.42,HOLD,,False,,,0.0,2,False,38.74,33.11,39.51,Below 200DMA — enter on recovery above 200DMA,7,2026-06-18,8.6,True,False,False,False,LOW_ROE(8.6%),0,False,False,False,False,False,False,48.3,6,89.0
INDBANK,INDBANK MERCHANT,AVOID,0.0,0.0,CAUTION,3.5,0.5,ILLIQUID,nan,False,1,1,FRESH,True,-1.87,1.1029,3.83,HOLD,,False,,,0.0,3,False,35.2,33.5,35.9,Below 200DMA — enter on recovery above 200DMA,7,2026-06-18,9.23,True,False,False,False,LOW_ROE(9.2%),0,True,True,False,False,False,False,48.3,6,89.0
INDIANCARD,INDIAN CARDCLOTH,AVOID,0.0,0.0,CAUTION,3.5,0.5,ILLIQUID,nan,False,1,1,EXPIRED,True,-4.85,11.2986,6.16,HOLD,,False,,,0.0,4,False,231.24,213.42,235.86,Below 200DMA — enter on recovery above 200DMA,7,2026-06-18,27.16,False,False,False,False,,0,True,True,False,False,False,False,48.3,6,89.0
INDIFRA,INDIFRA LTD,AVOID,0.0,0.0,CAUTION,3.5,0.5,ILLIQUID,nan,False,1,1,EXPIRED,True,-11.95,0.1429,1.3,HOLD,,False,,,0.0,3,False,14.99,12.8,15.29,Below 200DMA — enter on recovery above 200DMA,7,2026-06-18,0.04,True,True,False,False,LOW_ROE(0.0%) | HIGH_PE(3370x vs ind 14x),0,False,False,False,False,False,False,48.3,6,89.0
INDIGO,INTERGLOBE AVIAT,AVOID,0.0,0.0,CAUTION,3.5,0.5,NORMAL,nan,False,1,1,EXPIRED,True,-2.85,137.7785,3.39,HOLD,,False,,,0.0,4,False,5021.27,4732.05,5121.7,Below 200DMA — enter on recovery above 200DMA,7,2026-06-18,77.48,False,True,False,False,HIGH_PE(50x vs ind 18x),0,False,False,False,False,False,False,48.3,6,89.0
KRITI,KRITI INDUSTRIES,AVOID,0.0,0.0,CAUTION,3.5,0.5,ILLIQUID,nan,False,0,0,FRESH,False,-22.75,3.56,5.94,HOLD,,False,,,0.0,2,False,93.15,69.8,95.01,Below 200DMA — enter on recovery above 200DMA,7,2026-06-18,-2.12,True,False,False,False,LOW_ROE(-2.1%),0,False,False,False,False,False,False,48.3,6,89.0
KRITIKA,KRITIKA WIRES,AVOID,0.0,0.0,CAUTION,3.5,0.5,ILLIQUID,nan,False,0,0,EXPIRED,False,-15.7,0.17,3.39,HOLD,,False,,,0.0,2,False,7.13,5.83,7.27,Below 200DMA — enter on recovery above 200DMA,7,2026-06-18,10.74,True,False,False,False,LOW_ROE(10.7%),0,False,False,False,False,False,False,48.3,6,89.0
KRITINUT,KRITI NUTRIENTS,AVOID,0.0,0.0,CAUTION,3.5,0.5,ILLIQUID,nan,False,0,0,FRESH,False,1.45,3.6564,5.33,HOLD,,False,,,0.0,3,False,81.22,78.78,85.28,Near 200DMA — ideal dip entry zone,7,2026-06-18,17.46,False,False,False,False,,0,True,True,False,False,False,False,48.3,6,89.0
KAMATHOTEL,KAMAT HOTELS,AVOID,0.0,0.0,CAUTION,3.5,0.5,RESTRICTED,nan,False,0,0,FRESH,False,-25.08,8.5736,6.12,HOLD,,False,,,0.0,3,False,224.39,163.08,228.88,Below 200DMA — enter on recovery above 200DMA,7,2026-06-18,16.73,False,False,False,False,,0,False,False,False,False,False,False,48.3,6,89.0
KAMOPAINTS,KAMDHENU VENTURE,AVOID,0.0,0.0,CAUTION,3.5,0.5,ILLIQUID,nan,False,0,0,FRESH,False,-18.03,0.2293,5.22,HOLD,,False,,,0.0,2,False,6.43,5.11,6.56,Below 200DMA — enter on recovery above 200DMA,7,2026-06-18,4.02,True,False,False,False,LOW_ROE(4.0%),0,False,False,False,False,False,False,48.3,6,89.0
KANANIIND,KANANI INDUSTRIE,AVOID,0.0,0.0,CAUTION,3.5,0.5,ILLIQUID,nan,False,0,0,EXPIRED,False,-6.24,0.0764,5.8,HOLD,,False,,,0.0,2,False,1.69,1.53,1.72,Below 200DMA — enter on recovery above 200DMA,7,2026-06-18,1.2,True,False,False,False,LOW_ROE(1.2%),0,True,True,False,False,False,False,48.3,6,89.0
KANDARP,KANDARP DIGI,AVOID,0.0,0.0,CAUTION,3.5,0.5,RESTRICTED,nan,False,0,0,EXPIRED,False,-11.93,9.0,9.29,HOLD,,False,,,0.0,3,False,131.99,112.76,134.63,Below 200DMA — enter on recovery above 200DMA,7,2026-06-18,,False,False,False,False,,0,False,False,False,False,False,False,48.3,6,89.0
KANORICHEM,KANORIA CHEM.,AVOID,0.0,0.0,CAUTION,3.5,0.5,ILLIQUID,nan,False,1,1,EXPIRED,True,39.46,5.7721,6.33,PARTIAL_EXIT,EXTENDED: 7.5× ATR above 200DMA,False,,,0.0,3,False,78.53,97.97,106.62,Extended — wait for ATR pullback,7,2026-06-18,-16.05,True,False,False,False,LOW_ROE(-16.1%),0,False,False,False,False,False,False,48.3,6,89.0
KANPRPLA,KANPUR PLASTIPA.,AVOID,0.0,0.0,CAUTION,3.5,0.5,RESTRICTED,nan,False,0,0,FRESH,False,-2.94,9.7829,6.15,HOLD,,False,,,0.0,2,False,196.73,185.22,200.66,Below 200DMA — enter on recovery above 200DMA,7,2026-06-18,5.4,True,False,False,False,LOW_ROE(5.4%),0,False,False,False,False,False,False,48.3,6,89.0
KAPSTON,KAPSTON SERVICES,AVOID,0.0,0.0,CAUTION,3.5,0.5,RESTRICTED,nan,False,1,1,EXPIRED,True,11.17,13.6179,4.74,HOLD,,False,,,0.0,4,False,310.33,301.02,325.85,Near 200DMA — ideal dip entry zone,7,2026-06-18,20.07,False,False,False,False,,0,False,False,False,False,False,False,48.3,6,89.0
KARMAENG,KARMA ENERGY LTD,AVOID,0.0,0.0,CAUTION,3.5,0.5,ILLIQUID,nan,False,0,0,EXPIRED,False,-13.5,2.2329,6.37,HOLD,,False,,,0.0,2,False,48.63,40.81,49.6,Below 200DMA — enter on recovery above 200DMA,7,2026-06-18,3.9,True,False,False,False,LOW_ROE(3.9%),0,True,True,False,False,False,False,48.3,6,89.0
KARNIKA,KARNIKA INDUSTRI,AVOID,0.0,0.0,CAUTION,3.5,0.5,RESTRICTED,nan,False,1,1,EXPIRED,True,-3.0,3.7179,3.28,HOLD,,False,,,0.0,4,False,140.35,132.07,143.16,Below 200DMA — enter on recovery above 200DMA,7,2026-06-18,25.39,False,True,False,False,HIGH_PE(486x vs ind 16x),0,False,False,False,False,False,False,48.3,6,89.0
KAUSHALYA,KAUSHALYA INFRA.,AVOID,0.0,0.0,CAUTION,3.5,0.5,ILLIQUID,nan,False,0,0,EXPIRED,False,-9.64,25.5214,3.57,HOLD,,False,,,0.0,2,False,948.68,831.48,967.65,Below 200DMA — enter on recovery above 200DMA,7,2026-06-18,1.78,True,False,False,False,LOW_ROE(1.8%),0,True,True,False,False,False,False,48.3,6,89.0
KAYA,KAYA LTD,AVOID,0.0,0.0,CAUTION,3.5,0.5,RESTRICTED,nan,False,0,0,EXPIRED,False,-26.84,14.5721,6.87,HOLD,,False,,,0.0,3,False,348.16,247.06,355.12,Below 200DMA — enter on recovery above 200DMA,7,2026-06-18,,False,False,False,False,,0,False,False,False,False,False,False,48.3,6,89.0
KCEIL,KAY CEE,AVOID,0.0,0.0,CAUTION,3.5,0.5,RESTRICTED,nan,False,0,0,EXPIRED,False,-44.78,3.7786,5.24,HOLD,,False,,,0.0,3,False,156.74,83.95,159.87,Below 200DMA — enter on recovery above 200DMA,7,2026-06-18,14.67,False,False,False,False,,0,False,False,False,False,False,False,48.3,6,89.0
KCK,KCK INDUSTRIES,AVOID,0.0,0.0,CAUTION,3.5,0.5,RESTRICTED,nan,False,0,0,EXPIRED,False,-46.16,0.9143,8.07,HOLD,,False,,,0.0,2,False,25.26,13.19,25.77,Below 200DMA — enter on recovery above 200DMA,7,2026-06-18,7.21,True,True,False,False,LOW_ROE(7.2%) | HIGH_PE(611x vs ind 14x),0,False,False,False,False,False,False,48.3,6,89.0
KCP,K C P,AVOID,0.0,0.0,CAUTION,3.5,0.5,NORMAL,nan,False,0,0,EXPIRED,False,-5.89,6.515,4.71,HOLD,,False,,,0.0,2,False,176.36,160.99,179.89,Below 200DMA — enter on recovery above 200DMA,7,2026-06-18,9.6,True,False,False,False,LOW_ROE(9.6%),0,False,False,False,False,False,False,48.3,6,89.0
KCPSUGIND,KCP SUGAR &INDS.,AVOID,0.0,0.0,CAUTION,3.5,0.5,RESTRICTED,nan,False,0,0,EXPIRED,False,-16.19,1.3714,7.4,HOLD,,False,,,0.0,2,False,26.54,21.57,27.07,Below 200DMA — enter on recovery above 200DMA,7,2026-06-18,3.2,True,True,False,False,LOW_ROE(3.2%) | HIGH_PE(67x vs ind 14x),0,False,False,False,False,False,False,48.3,6,89.0
KDL,KORE DIGITAL,AVOID,0.0,0.0,CAUTION,3.5,0.5,RESTRICTED,nan,False,0,0,EXPIRED,False,-25.82,8.2571,8.05,HOLD,,False,,,0.0,3,False,165.94,119.41,169.26,Below 200DMA — enter on recovery above 200DMA,7,2026-06-18,29.77,False,False,False,False,,0,False,False,False,False,False,False,48.3,6,89.0
KECL,KIRL. ELECTRIC,AVOID,0.0,0.0,CAUTION,3.5,0.5,RESTRICTED,nan,False,0,0,FRESH,False,-4.12,2.0879,2.46,HOLD,,False,,,0.0,2,False,106.34,98.9,108.47,Below 200DMA — enter on recovery above 200DMA,7,2026-06-18,3.25,True,False,False,False,LOW_ROE(3.2%),0,False,False,False,False,False,False,48.3,6,89.0
KEEPLEARN,DSJ KEEP LEARN,AVOID,0.0,0.0,CAUTION,3.5,0.5,ILLIQUID,nan,False,0,0,EXPIRED,False,-14.28,0.1207,7.24,HOLD,,False,,,0.0,2,False,2.33,1.94,2.38,Below 200DMA — enter on recovery above 200DMA,7,2026-06-18,4.6,True,False,False,False,LOW_ROE(4.6%),0,False,False,False,False,False,False,48.3,6,89.0
KEL,KUNDAN EDIFICE,AVOID,0.0,0.0,CAUTION,3.5,0.5,ILLIQUID,nan,False,0,0,EXPIRED,False,-16.22,2.9393,4.52,HOLD,,False,,,0.0,3,False,93.1,75.66,94.96,Below 200DMA — enter on recovery above 200DMA,7,2026-06-18,19.48,False,False,False,False,,0,False,False,False,False,False,False,48.3,6,89.0
KAMAHOLD,NAN,AVOID,0.0,0.0,CAUTION,3.5,0.5,RESTRICTED,nan,False,1,1,EXPIRED,True,0.96,69.3357,3.18,HOLD,,False,,,0.0,4,False,2587.71,2510.08,2717.1,Near 200DMA — ideal dip entry zone,7,2026-06-18,,False,False,False,False,,0,False,False,False,False,False,False,48.3,6,89.0
KALYANIFRG,KALYANI FORGE,AVOID,0.0,0.0,CAUTION,3.5,0.5,ILLIQUID,nan,False,0,0,FRESH,False,-7.35,23.4214,4.74,HOLD,,False,,,0.0,2,False,640.04,575.21,652.84,Below 200DMA — enter on recovery above 200DMA,7,2026-06-18,9.27,True,False,False,False,LOW_ROE(9.3%),0,False,False,False,False,False,False,48.3,6,89.0
KENNAMET,KENNAMETAL INDIA,AVOID,0.0,0.0,CAUTION,3.5,0.5,NORMAL,nan,False,1,1,EXPIRED,True,9.48,122.3643,4.81,HOLD,,False,,,0.0,4,False,2786.95,2703.34,2926.3,Near 200DMA — ideal dip entry zone,7,2026-06-18,14.09,False,False,False,False,,0,True,True,False,False,False,False,48.3,6,89.0
JYOTISTRUC,JYOTI STRUCTURES,AVOID,0.0,0.0,CAUTION,3.5,0.5,NORMAL,nan,False,0,0,FRESH,False,2.78,0.6821,6.56,HOLD,,False,,,0.0,2,False,12.13,11.77,12.74,Near 200DMA — ideal dip entry zone,7,2026-06-18,6.33,True,False,False,False,LOW_ROE(6.3%),0,False,False,False,False,False,False,48.3,6,89.0
K2INFRA,K2 INFRAGEN,AVOID,0.0,0.0,CAUTION,3.5,0.5,RESTRICTED,nan,False,1,1,EXPIRED,True,33.07,5.0071,7.67,PARTIAL_EXIT,EXTENDED: 5.2× ATR above 200DMA,False,,,0.0,4,False,58.84,68.29,75.8,Extended — wait for ATR pullback,7,2026-06-18,15.13,False,False,False,False,,0,False,False,False,False,False,False,48.3,6,89.0
KABRAEXTRU,KABRA EXTRUSION,AVOID,0.0,0.0,CAUTION,3.5,0.5,RESTRICTED,nan,False,1,1,EXPIRED,True,2.7,11.0686,5.44,HOLD,,False,,,0.0,3,False,237.56,230.43,249.44,Near 200DMA — ideal dip entry zone,7,2026-06-18,6.96,True,False,False,False,LOW_ROE(7.0%),0,False,False,False,False,False,False,48.3,6,89.0
KAKATCEM,KAKATIYA CEMENT,AVOID,0.0,0.0,CAUTION,3.5,0.5,ILLIQUID,nan,False,0,0,EXPIRED,False,-6.0,6.6714,6.63,HOLD,,False,,,0.0,2,False,128.42,117.1,130.99,Below 200DMA — enter on recovery above 200DMA,7,2026-06-18,-6.37,True,False,False,False,LOW_ROE(-6.4%),0,True,True,False,False,False,False,48.3,6,89.0
KESORAMIND,KESORAM INDS.,AVOID,0.0,0.0,CAUTION,3.5,0.5,NORMAL,nan,False,1,1,EXPIRED,True,43.78,0.7071,6.88,PARTIAL_EXIT,PROFIT_ZONE: +44% above 200DMA | EXTENDED: 7.6× ATR above 200DMA,False,,,0.0,4,False,8.58,10.92,11.98,Extended — wait for ATR pullback,7,2026-06-18,1232.48,False,False,False,False,,0,False,False,False,False,False,False,48.3,6,89.0
KEYFINSERV,KEYNOTE FINAN.,AVOID,0.0,0.0,CAUTION,3.5,0.5,ILLIQUID,nan,False,0,0,EXPIRED,False,-9.07,13.2607,6.25,HOLD,,False,,,0.0,2,False,280.11,247.06,285.71,Below 200DMA — enter on recovery above 200DMA,7,2026-06-18,10.53,True,False,False,False,LOW_ROE(10.5%),0,True,True,False,False,False,False,48.3,6,89.0
KOTIC,NAN,AVOID,0.0,0.0,CAUTION,3.5,0.5,ILLIQUID,nan,False,0,0,EXPIRED,False,-2.53,13.2457,9.46,HOLD,,False,,,0.0,3,False,172.45,163.05,175.9,Below 200DMA — enter on recovery above 200DMA,7,2026-06-18,,False,False,False,False,,0,False,False,False,False,False,False,48.3,6,89.0
KOTYARK,KOTYARK INDUST.,AVOID,0.0,0.0,CAUTION,3.5,0.5,NORMAL,nan,False,0,0,EXPIRED,False,29.54,14.4464,4.34,PARTIAL_EXIT,EXTENDED: 8.2× ATR above 200DMA,False,,,0.0,2,False,308.22,370.36,392.03,Extended — wait for ATR pullback,7,2026-06-18,2.12,True,True,False,False,LOW_ROE(2.1%) | HIGH_PE(144x vs ind 12x),0,False,False,False,False,False,False,48.3,6,89.0
KOVAI,KOVAI MEDICAL,AVOID,0.0,0.0,CAUTION,3.5,0.5,NORMAL,nan,False,1,1,FRESH,True,10.21,161.8214,3.33,HOLD,,False,,,0.0,4,False,5293.15,5134.36,5557.81,Near 200DMA — ideal dip entry zone,7,2026-06-18,19.24,False,False,False,False,,0,False,False,False,False,False,False,48.3,6,89.0
KREBSBIO,KREBS BIOCHEM,AVOID,0.0,0.0,CAUTION,3.5,0.5,ILLIQUID,nan,False,1,1,EXPIRED,True,1.22,4.6329,8.56,HOLD,,False,,,0.0,4,False,64.14,62.22,67.35,Near 200DMA — ideal dip entry zone,7,2026-06-18,,False,False,False,False,,0,False,False,False,False,False,False,48.3,6,89.0
KRIDHANINF,KRIDHAN INFRA,AVOID,0.0,0.0,CAUTION,3.5,0.5,ILLIQUID,nan,False,1,1,EXPIRED,True,-15.74,0.1921,7.95,HOLD,,False,,,0.0,4,False,3.44,2.81,3.51,Below 200DMA — enter on recovery above 200DMA,7,2026-06-18,,False,False,False,False,,0,False,False,False,False,False,False,48.3,6,89.0
KRISHCA,KRISHCA STRAPP.,AVOID,0.0,0.0,CAUTION,3.5,0.5,RESTRICTED,nan,False,0,0,EXPIRED,False,-5.07,6.5036,4.36,HOLD,,False,,,0.0,2,False,188.55,173.63,192.32,Below 200DMA — enter on recovery above 200DMA,7,2026-06-18,11.32,True,False,False,False,LOW_ROE(11.3%),0,False,False,False,False,False,False,48.3,6,89.0
KRISHIVAL,KRISHIVAL FOODS,AVOID,0.0,0.0,CAUTION,3.5,0.5,ILLIQUID,nan,False,1,1,EXPIRED,True,2.71,4.0679,1.2,HOLD,,False,,,0.0,3,False,394.55,382.71,414.28,Near 200DMA — ideal dip entry zone,7,2026-06-18,10.02,True,False,False,False,LOW_ROE(10.0%),0,False,False,False,False,False,False,48.3,6,89.0
KOTHARIPRO,KOTHARI PRODUCTS,AVOID,0.0,0.0,CAUTION,3.5,0.5,ILLIQUID,nan,False,0,0,EXPIRED,False,-5.46,3.455,5.83,HOLD,,False,,,0.0,2,False,75.19,68.95,76.69,Below 200DMA — enter on recovery above 200DMA,7,2026-06-18,-8.69,True,False,False,False,LOW_ROE(-8.7%),0,False,False,False,False,False,False,48.3,6,89.0
KHADIM,KHADIM INDIA,AVOID,0.0,0.0,CAUTION,3.5,0.5,RESTRICTED,nan,False,1,1,EXPIRED,True,-35.18,4.5379,5.02,HOLD,,False,,,0.0,3,False,167.24,105.16,170.58,Below 200DMA — enter on recovery above 200DMA,7,2026-06-18,2.01,True,False,False,False,LOW_ROE(2.0%),0,False,False,False,False,False,False,48.3,6,89.0
KHAICHEM,KHAITAN CHEMICAL,AVOID,0.0,0.0,CAUTION,3.5,0.5,RESTRICTED,nan,False,0,0,EXPIRED,False,-28.95,2.0757,4.43,HOLD,,False,,,0.0,2,False,79.16,54.55,80.74,Below 200DMA — enter on recovery above 200DMA,7,2026-06-18,0.63,True,False,False,False,LOW_ROE(0.6%),0,False,False,False,False,False,False,48.3,6,89.0
KHAITANLTD,KHAITAN (INDIA),AVOID,0.0,0.0,CAUTION,3.5,0.5,ILLIQUID,nan,False,0,0,EXPIRED,False,12.66,5.3286,5.03,HOLD,,False,,,0.0,3,False,112.72,109.34,118.36,Near 200DMA — ideal dip entry zone,7,2026-06-18,25.49,False,False,False,False,,0,False,False,False,False,False,False,48.3,6,89.0
KHANDSE,KHANDWALA SEC.,AVOID,0.0,0.0,CAUTION,3.5,0.5,ILLIQUID,nan,False,1,1,AGING,True,-7.61,1.3857,9.04,HOLD,,False,,,0.0,3,False,19.91,17.84,20.31,Below 200DMA — enter on recovery above 200DMA,7,2026-06-18,-2.77,True,False,False,False,LOW_ROE(-2.8%),0,False,False,False,False,False,False,48.3,6,89.0
KHFM,KHFM HOSPITALITY,AVOID,0.0,0.0,CAUTION,3.5,0.5,ILLIQUID,nan,False,1,1,EXPIRED,True,-2.85,5.15,9.66,HOLD,,False,,,0.0,3,False,65.82,62.03,67.14,Below 200DMA — enter on recovery above 200DMA,7,2026-06-18,5.89,True,False,False,False,LOW_ROE(5.9%),0,False,False,False,False,False,False,48.3,6,89.0
KICL,KALYANI INVEST.,AVOID,0.0,0.0,CAUTION,3.5,0.5,RESTRICTED,nan,False,1,1,AGING,True,5.81,149.0286,3.43,HOLD,,False,,,0.0,3,False,4924.84,4777.09,5171.08,Near 200DMA — ideal dip entry zone,7,2026-06-18,0.82,True,True,False,False,LOW_ROE(0.8%) | HIGH_PE(45x vs ind 17x),0,True,True,False,False,False,False,48.3,6,89.0
KIOCL,KIOCL,AVOID,0.0,0.0,CAUTION,3.5,0.5,NORMAL,nan,False,1,1,EXPIRED,True,5.99,19.0,5.55,HOLD,,False,,,0.0,3,False,387.49,375.87,406.86,Near 200DMA — ideal dip entry zone,7,2026-06-18,-11.95,True,False,False,False,LOW_ROE(-11.9%),0,False,False,False,False,False,False,48.3,6,89.0
KIRANVYPAR,NAN,AVOID,0.0,0.0,CAUTION,3.5,0.5,RESTRICTED,nan,False,1,1,FRESH,True,6.86,15.1121,9.23,HOLD,,False,,,0.0,4,False,183.91,178.39,193.11,Near 200DMA — ideal dip entry zone,7,2026-06-18,,False,False,False,False,,0,False,False,False,False,False,False,48.3,6,89.0
KIRIINDUS,KIRI INDUSTRIES,AVOID,0.0,0.0,CAUTION,3.5,0.5,NORMAL,nan,False,0,0,EXPIRED,False,-19.43,16.7786,5.09,HOLD,,False,,,0.0,2,False,491.22,383.88,501.04,Below 200DMA — enter on recovery above 200DMA,7,2026-06-18,8.15,True,False,False,False,LOW_ROE(8.2%),0,False,False,False,False,False,False,48.3,6,89.0
KIRLFER,KIRL. FERROUS,AVOID,0.0,0.0,CAUTION,3.5,0.5,NORMAL,nan,False,1,1,EXPIRED,True,1.48,16.1857,4.37,HOLD,,False,,,0.0,3,False,437.8,424.67,459.69,Near 200DMA — ideal dip entry zone,7,2026-06-18,8.56,True,False,False,False,LOW_ROE(8.6%),0,False,False,False,False,False,False,48.3,6,89.0
KIRLOSIND,KIRLOSKAR INDUS.,AVOID,0.0,0.0,CAUTION,3.5,0.5,ILLIQUID,nan,False,0,0,EXPIRED,False,0.0,0.0,5.0,HOLD,,False,,,0.0,2,False,0.0,0.0,0.0,,7,2026-06-18,2.37,True,False,False,False,LOW_ROE(2.4%),0,False,False,False,False,False,False,48.3,6,89.0
KOTARISUG,KOTHARI SUGARS,AVOID,0.0,0.0,CAUTION,3.5,0.5,ILLIQUID,nan,False,1,1,EXPIRED,True,-4.07,1.32,6.0,HOLD,,False,,,0.0,3,False,27.54,25.63,28.09,Below 200DMA — enter on recovery above 200DMA,7,2026-06-18,3.6,True,True,False,False,LOW_ROE(3.6%) | HIGH_PE(38x vs ind 14x),0,False,False,False,False,False,False,48.3,6,89.0
KLL,KAUSHALYA,AVOID,0.0,0.0,CAUTION,3.5,0.5,ILLIQUID,nan,False,0,0,EXPIRED,False,-27.98,2.2321,7.87,HOLD,,False,,,0.0,3,False,47.28,33.03,48.23,Below 200DMA — enter on recovery above 200DMA,7,2026-06-18,19.6,False,False,False,False,,0,False,False,False,False,False,False,48.3,6,89.0
KMSUGAR,KM SUGAR MILLS,AVOID,0.0,0.0,CAUTION,3.5,0.5,ILLIQUID,nan,False,0,0,FRESH,False,-0.83,0.8764,3.92,HOLD,,False,,,0.0,2,False,27.09,26.05,27.63,Below 200DMA — enter on recovery above 200DMA,7,2026-06-18,10.5,True,False,False,False,LOW_ROE(10.5%),0,False,False,False,False,False,False,48.3,6,89.0
KNAGRI,KN AGRI RESOURCE,AVOID,0.0,0.0,CAUTION,3.5,0.5,RESTRICTED,nan,False,1,1,EXPIRED,True,4.08,7.7771,4.52,HOLD,,False,,,0.0,3,False,198.52,192.56,208.45,Near 200DMA — ideal dip entry zone,7,2026-06-18,10.54,True,False,False,False,LOW_ROE(10.5%),0,False,False,False,False,False,False,48.3,6,89.0
KODYTECH,KODY TECHNOLAB,AVOID,0.0,0.0,CAUTION,3.5,0.5,RESTRICTED,nan,False,1,1,EXPIRED,True,32.12,45.8393,5.27,PARTIAL_EXIT,EXTENDED: 7.3× ATR above 200DMA,False,,,0.0,4,False,789.33,951.17,1019.93,Extended — wait for ATR pullback,7,2026-06-18,22.28,False,True,False,False,HIGH_PE(285x vs ind 23x),0,False,False,False,False,False,False,48.3,6,89.0
KOHINOOR,KOHINOOR FOODS,AVOID,0.0,0.0,CAUTION,3.5,0.5,ILLIQUID,nan,False,1,1,EXPIRED,True,-5.61,1.0714,4.94,HOLD,,False,,,0.0,4,False,27.59,25.26,28.14,Below 200DMA — enter on recovery above 200DMA,7,2026-06-18,,False,False,False,False,,0,False,False,False,False,False,False,48.3,6,89.0
KOKUYOCMLN,KOKUYO CAMLIN,AVOID,0.0,0.0,CAUTION,3.5,0.5,ILLIQUID,nan,False,0,0,FRESH,False,-7.27,2.6807,3.75,HOLD,,False,,,0.0,2,False,92.62,83.31,94.47,Below 200DMA — enter on recovery above 200DMA,7,2026-06-18,1.93,True,False,False,False,LOW_ROE(1.9%),0,False,False,False,False,False,False,48.3,6,89.0
KONSTELEC,KONSTELEC ENGG.,AVOID,0.0,0.0,CAUTION,3.5,0.5,ILLIQUID,nan,False,1,1,EXPIRED,True,0.35,2.1357,5.26,HOLD,,False,,,0.0,3,False,48.53,47.07,50.96,Near 200DMA — ideal dip entry zone,7,2026-06-18,4.81,True,True,False,False,LOW_ROE(4.8%) | HIGH_PE(104x vs ind 18x),0,False,False,False,False,False,False,48.3,6,89.0
KONTOR,KONTOR SPACE,AVOID,0.0,0.0,CAUTION,3.5,0.5,ILLIQUID,nan,False,0,0,EXPIRED,False,-13.42,4.7786,9.56,HOLD,,False,,,0.0,3,False,69.3,58.2,70.69,Below 200DMA — enter on recovery above 200DMA,7,2026-06-18,15.76,False,False,False,False,,0,False,False,False,False,False,False,48.3,6,89.0
KOPRAN,KOPRAN,AVOID,0.0,0.0,CAUTION,3.5,0.5,NORMAL,nan,False,1,1,EXPIRED,True,18.29,10.3764,6.92,HOLD,,False,,,0.0,3,False,152.05,159.11,174.67,Extended — wait for ATR pullback,7,2026-06-18,7.44,True,False,False,False,LOW_ROE(7.4%),0,False,False,False,False,False,False,48.3,6,89.0
KORE,JAY JALARAM TECH,AVOID,0.0,0.0,CAUTION,3.5,0.5,ILLIQUID,nan,False,1,1,EXPIRED,True,-6.44,10.7929,9.81,HOLD,,False,,,0.0,3,False,141.09,128.04,143.91,Below 200DMA — enter on recovery above 200DMA,7,2026-06-18,9.49,True,True,False,False,LOW_ROE(9.5%) | HIGH_PE(100x vs ind 29x),0,False,False,False,False,False,False,48.3,6,89.0
KKCL,KEWAL KIR.CLOTH.,AVOID,0.0,0.0,CAUTION,3.5,0.5,NORMAL,nan,False,1,1,FRESH,True,-0.23,12.2071,3.01,HOLD,,False,,,0.0,4,False,488.41,472.68,498.18,Below 200DMA — enter on recovery above 200DMA,7,2026-06-18,14.34,False,False,False,False,,0,False,False,False,False,False,False,48.3,6,89.0
LANCORHOL,LANCOR HOLDINGS,AVOID,0.0,0.0,CAUTION,3.5,0.5,ILLIQUID,nan,False,1,1,EXPIRED,True,1.73,1.655,7.92,HOLD,,False,,,0.0,3,False,24.66,23.92,25.89,Near 200DMA — ideal dip entry zone,7,2026-06-18,2.39,True,False,False,False,LOW_ROE(2.4%),0,False,False,False,False,False,False,48.3,6,89.0
LANDSMILL,NAN,AVOID,0.0,0.0,CAUTION,3.5,0.5,RESTRICTED,nan,False,0,0,EXPIRED,False,-31.82,0.0429,6.06,HOLD,,False,,,0.0,3,False,1.25,0.82,1.27,Below 200DMA — enter on recovery above 200DMA,7,2026-06-18,,False,False,False,False,,0,False,False,False,False,False,False,48.3,6,89.0
LASA,LASA SUPERGENERI,AVOID,0.0,0.0,CAUTION,3.5,0.5,ILLIQUID,nan,False,0,0,EXPIRED,False,-17.5,0.5014,7.92,HOLD,,False,,,0.0,2,False,9.21,7.37,9.39,Below 200DMA — enter on recovery above 200DMA,7,2026-06-18,-17.63,True,False,False,False,LOW_ROE(-17.6%),0,False,False,False,False,False,False,48.3,6,89.0
LATTEYS,LATTEYS INDUSTRI,AVOID,0.0,0.0,CAUTION,3.5,0.5,ILLIQUID,nan,False,0,0,EXPIRED,False,-1.72,1.1307,6.15,HOLD,,False,,,0.0,2,False,22.47,21.42,22.92,Below 200DMA — enter on recovery above 200DMA,7,2026-06-18,8.91,True,True,False,False,LOW_ROE(8.9%) | HIGH_PE(63x vs ind 23x),0,False,False,False,False,False,False,48.3,6,89.0
LAXMICOT,LAXMI COTSPIN,AVOID,0.0,0.0,CAUTION,3.5,0.5,ILLIQUID,nan,False,1,1,EXPIRED,True,-16.4,1.1964,9.55,HOLD,,False,,,0.0,3,False,17.99,14.59,18.35,Below 200DMA — enter on recovery above 200DMA,7,2026-06-18,0.74,True,False,False,False,LOW_ROE(0.7%),0,False,False,False,False,False,False,48.3,6,89.0
LCCINFOTEC,LCC INFOTECH,AVOID,0.0,0.0,CAUTION,3.5,0.5,ILLIQUID,nan,False,0,0,EXPIRED,False,-6.09,0.3286,9.0,HOLD,,False,,,0.0,2,False,4.66,4.25,4.75,Below 200DMA — enter on recovery above 200DMA,7,2026-06-18,-1884.92,True,False,False,False,LOW_ROE(-1884.9%),0,False,False,False,False,False,False,48.3,6,89.0
LEMERITE,LE MERITE EXPORT,AVOID,0.0,0.0,CAUTION,3.5,0.5,NORMAL,nan,False,0,0,EXPIRED,False,-67.98,1.9193,8.44,HOLD,,False,,,0.0,2,False,85.19,26.46,86.89,Below 200DMA — enter on recovery above 200DMA,7,2026-06-18,5.36,True,True,False,False,LOW_ROE(5.4%) | HIGH_PE(87x vs ind 16x),0,False,False,False,False,False,False,48.3,6,89.0
KRYSTAL,KRYSTAL INTEGRAT,AVOID,0.0,0.0,CAUTION,3.5,0.5,NORMAL,nan,False,1,1,EXPIRED,True,2.34,13.8893,2.78,HOLD,,False,,,0.0,3,False,586.55,568.95,615.88,Near 200DMA — ideal dip entry zone,7,2026-06-18,10.0,True,False,False,False,LOW_ROE(10.0%),0,False,False,False,False,False,False,48.3,6,89.0
KSHITIJPOL,KSHITIJ POLYLINE,AVOID,0.0,0.0,CAUTION,3.5,0.5,NORMAL,nan,False,1,1,EXPIRED,True,94.2,0.29,5.92,EXIT,PROFIT_ZONE: +94% above 200DMA | EXTENDED: 19.1× ATR above 200DMA,False,,,0.0,3,False,3.03,5.3,5.74,Extended — wait for ATR pullback,7,2026-06-18,-23.68,True,False,False,False,LOW_ROE(-23.7%),0,False,False,False,False,False,False,48.3,6,89.0
KSOLVES,KSOLVES INDIA,AVOID,0.0,0.0,CAUTION,3.5,0.5,NORMAL,nan,False,1,1,EXPIRED,True,0.96,11.0714,4.46,HOLD,,False,,,0.0,4,False,295.17,286.31,309.93,Near 200DMA — ideal dip entry zone,7,2026-06-18,165.36,False,False,False,False,,0,True,True,False,False,False,False,48.3,6,89.0
KSR,KSR FOOTWEAR,AVOID,0.0,0.0,CAUTION,3.5,0.5,ILLIQUID,nan,False,0,0,EXPIRED,False,0.4,1.5621,6.2,HOLD,,False,,,0.0,3,False,30.11,29.21,31.62,Near 200DMA — ideal dip entry zone,7,2026-06-18,,False,False,False,False,,0,False,False,False,False,False,False,48.3,6,89.0
LAGNAM,LAGNAM SPINTEX,AVOID,0.0,0.0,CAUTION,3.5,0.5,ILLIQUID,nan,False,1,1,EXPIRED,True,5.33,4.5493,6.81,HOLD,,False,,,0.0,3,False,76.14,73.86,79.95,Near 200DMA — ideal dip entry zone,7,2026-06-18,10.64,True,False,False,False,LOW_ROE(10.6%),0,False,False,False,False,False,False,48.3,6,89.0
LAHOTIOV,NAN,AVOID,0.0,0.0,CAUTION,3.5,0.5,RESTRICTED,nan,False,1,1,EXPIRED,True,2.4,4.4693,11.59,HOLD,,False,,,0.0,4,False,45.18,43.82,47.44,Near 200DMA — ideal dip entry zone,7,2026-06-18,,False,False,False,False,,0,False,False,False,False,False,False,48.3,6,89.0
LAKPRE,LAK. PREC. SCREW,AVOID,0.0,0.0,CAUTION,3.5,0.5,ILLIQUID,nan,False,0,0,EXPIRED,False,-10.46,0.2629,6.67,HOLD,,False,,,0.0,2,False,5.28,4.59,5.39,Below 200DMA — enter on recovery above 200DMA,7,2026-06-18,-86.24,True,False,False,False,LOW_ROE(-86.2%),0,False,False,False,False,False,False,48.3,6,89.0
LAL,LORENZINI APPAR.,AVOID,0.0,0.0,CAUTION,3.5,0.5,ILLIQUID,nan,False,1,1,EXPIRED,True,-12.04,0.5136,8.09,HOLD,,False,,,0.0,4,False,8.66,7.39,8.83,Below 200DMA — enter on recovery above 200DMA,7,2026-06-18,12.26,False,False,False,False,,0,False,False,False,False,False,False,48.3,6,89.0
LAMBODHARA,LAMBODHARA TEXT.,AVOID,0.0,0.0,CAUTION,3.5,0.5,RESTRICTED,nan,False,1,1,EXPIRED,True,-8.61,5.9493,6.71,HOLD,,False,,,0.0,3,False,116.46,103.24,118.79,Below 200DMA — enter on recovery above 200DMA,7,2026-06-18,5.82,True,False,False,False,LOW_ROE(5.8%),0,False,False,False,False,False,False,48.3,6,89.0
IWP,NAN,AVOID,0.0,0.0,CAUTION,3.5,0.5,ILLIQUID,nan,False,0,0,EXPIRED,False,-3.01,2.1714,7.77,HOLD,,False,,,0.0,3,False,34.56,32.51,35.25,Below 200DMA — enter on recovery above 200DMA,7,2026-06-18,,False,False,False,False,,0,False,False,False,False,False,False,48.3,6,89.0
JAGRAN,JAGRAN PRAKASHAN,AVOID,0.0,0.0,CAUTION,3.5,0.5,NORMAL,nan,False,1,1,EXPIRED,True,9.28,2.076,3.8,HOLD,,False,,,0.0,3,False,59.96,58.16,62.96,Near 200DMA — ideal dip entry zone,7,2026-06-18,6.72,True,False,False,False,LOW_ROE(6.7%),0,True,True,False,False,False,False,48.3,6,89.0
JAINAM,JAINAM FERRO,AVOID,0.0,0.0,CAUTION,3.5,0.5,ILLIQUID,nan,False,1,1,EXPIRED,True,4.61,6.8893,3.24,HOLD,,False,,,0.0,3,False,244.2,236.87,256.41,Near 200DMA — ideal dip entry zone,7,2026-06-18,7.54,True,False,False,False,LOW_ROE(7.5%),0,False,False,False,False,False,False,48.3,6,89.0
JAIPURKURT,NANDANI CREATION,AVOID,0.0,0.0,CAUTION,3.5,0.5,ILLIQUID,nan,False,0,0,EXPIRED,False,-14.23,1.7193,7.18,HOLD,,False,,,0.0,2,False,33.51,27.88,34.18,Below 200DMA — enter on recovery above 200DMA,7,2026-06-18,7.1,True,False,False,False,LOW_ROE(7.1%),0,False,False,False,False,False,False,48.3,6,89.0
JALAN,JALAN TRANSOL.,AVOID,0.0,0.0,CAUTION,3.5,0.5,ILLIQUID,nan,False,1,1,EXPIRED,True,-28.05,0.075,4.0,HOLD,,False,,,0.0,4,False,3.13,2.18,3.19,Below 200DMA — enter on recovery above 200DMA,7,2026-06-18,,False,False,False,False,,0,False,False,False,False,False,False,48.3,6,89.0
JAYAGROGN,JAYANT AGRO ORG.,AVOID,0.0,0.0,CAUTION,3.5,0.5,ILLIQUID,nan,False,1,1,EXPIRED,True,5.89,10.3471,5.65,HOLD,,False,,,0.0,3,False,207.54,201.31,217.92,Near 200DMA — ideal dip entry zone,7,2026-06-18,9.52,True,False,False,False,LOW_ROE(9.5%),0,False,False,False,False,False,False,48.3,6,89.0
JAYKAY,JAYKAY ENTER.,AVOID,0.0,0.0,CAUTION,3.5,0.5,NORMAL,nan,False,1,1,AGING,True,6.54,11.16,7.49,HOLD,,False,,,0.0,3,False,167.91,162.87,176.31,Near 200DMA — ideal dip entry zone,7,2026-06-18,1.53,True,False,False,False,LOW_ROE(1.5%),0,False,False,False,False,False,False,48.3,6,89.0
JAYNECOIND,JAYASWAL NECO,AVOID,0.0,0.0,CAUTION,3.5,0.5,NORMAL,nan,False,0,0,EXPIRED,False,13.69,4.5679,5.97,HOLD,,False,,,0.0,2,False,80.74,78.32,84.78,Near 200DMA — ideal dip entry zone,7,2026-06-18,4.74,True,False,False,False,LOW_ROE(4.7%),0,False,False,False,False,False,False,48.3,6,89.0
JAYSREETEA,JAY SHREE TEA,AVOID,0.0,0.0,CAUTION,3.5,0.5,RESTRICTED,nan,False,1,1,EXPIRED,True,-0.06,3.17,4.29,HOLD,,False,,,0.0,4,False,88.75,86.04,90.53,Below 200DMA — enter on recovery above 200DMA,7,2026-06-18,30.18,False,False,False,False,,0,False,False,False,False,False,False,48.3,6,89.0
ITI,ITI,AVOID,0.0,0.0,CAUTION,3.5,0.5,NORMAL,nan,False,1,1,EXPIRED,True,2.47,10.2643,4.02,HOLD,,False,,,0.0,3,False,298.81,289.85,313.75,Near 200DMA — ideal dip entry zone,7,2026-06-18,-13.23,True,False,False,False,LOW_ROE(-13.2%),0,False,False,False,False,False,False,48.3,6,89.0
IVP,IVP,AVOID,0.0,0.0,CAUTION,3.5,0.5,RESTRICTED,nan,False,1,1,FRESH,True,3.77,6.4886,4.93,HOLD,,False,,,0.0,3,False,152.27,147.7,159.88,Near 200DMA — ideal dip entry zone,7,2026-06-18,8.12,True,False,False,False,LOW_ROE(8.1%),0,False,False,False,False,False,False,48.3,6,89.0
JFLLIFE,JFL LIFE,AVOID,0.0,0.0,CAUTION,3.5,0.5,ILLIQUID,nan,False,1,1,EXPIRED,True,-16.55,0.2929,3.72,HOLD,,False,,,0.0,3,False,11.32,9.17,11.55,Below 200DMA — enter on recovery above 200DMA,7,2026-06-18,10.54,True,False,False,False,LOW_ROE(10.5%),0,False,False,False,False,False,False,48.3,6,89.0
JHS,JHS SVEN.LAB.,AVOID,0.0,0.0,CAUTION,3.5,0.5,ILLIQUID,nan,False,0,0,EXPIRED,False,-19.75,0.5586,8.28,HOLD,,False,,,0.0,2,False,10.09,7.86,10.29,Below 200DMA — enter on recovery above 200DMA,7,2026-06-18,-11.43,True,False,False,False,LOW_ROE(-11.4%),0,True,True,False,False,False,False,48.3,6,89.0
JINDALPHOT,JINDAL PHOTO,AVOID,0.0,0.0,CAUTION,3.5,0.5,NORMAL,nan,False,1,1,EXPIRED,True,-11.1,56.9143,6.12,HOLD,,False,,,0.0,4,False,1255.42,1082.62,1280.53,Below 200DMA — enter on recovery above 200DMA,7,2026-06-18,23.33,False,True,False,False,HIGH_PE(99x vs ind 17x),0,True,True,False,False,False,False,48.3,6,89.0
JINDALPOLY,JINDAL POLY FILM,AVOID,0.0,0.0,CAUTION,3.5,0.5,NORMAL,nan,False,0,0,EXPIRED,False,14.07,35.45,6.2,HOLD,,False,,,0.0,2,False,601.92,583.86,632.02,Near 200DMA — ideal dip entry zone,7,2026-06-18,2.67,True,False,False,False,LOW_ROE(2.7%),0,False,False,False,False,False,False,48.3,6,89.0
JPOLYINVST,JINDAL POLY INVE,AVOID,0.0,0.0,CAUTION,3.5,0.5,NORMAL,nan,False,1,1,EXPIRED,True,4.52,55.5429,6.12,HOLD,,False,,,0.0,4,False,1041.81,1010.56,1093.9,Near 200DMA — ideal dip entry zone,7,2026-06-18,19.41,False,False,False,False,,0,True,True,False,False,False,False,48.3,6,89.0
JSWHL,JSW HOLDINGS,AVOID,0.0,0.0,CAUTION,3.5,0.5,NORMAL,nan,False,1,1,EXPIRED,True,-22.28,424.2143,3.99,HOLD,,False,,,0.0,3,False,16400.49,12364.59,16728.5,Below 200DMA — enter on recovery above 200DMA,7,2026-06-18,0.63,True,True,False,False,LOW_ROE(0.6%) | HIGH_PE(124x vs ind 17x),0,True,True,False,False,False,False,48.3,6,89.0
JUBLCPL,JUBILANT AGRI,AVOID,0.0,0.0,CAUTION,3.5,0.5,NORMAL,nan,False,1,1,EXPIRED,True,-11.68,77.8,5.0,HOLD,,False,,,0.0,4,False,2113.2,1810.31,2155.46,Below 200DMA — enter on recovery above 200DMA,7,2026-06-18,26.96,False,False,False,False,,0,True,True,False,False,False,False,48.3,6,89.0
JUBLFOOD,JUBILANT FOOD.,AVOID,0.0,0.0,CAUTION,3.5,0.5,NORMAL,nan,False,0,0,EXPIRED,False,-20.51,12.0571,3.42,HOLD,,False,,,0.0,2,False,532.34,410.46,542.99,Below 200DMA — enter on recovery above 200DMA,7,2026-06-18,10.02,True,True,False,False,LOW_ROE(10.0%) | HIGH_PE(93x vs ind 30x),0,False,False,False,False,False,False,48.3,6,89.0
JUBLINGREA,JUBILANT INGREV.,AVOID,0.0,0.0,CAUTION,3.5,0.5,NORMAL,nan,False,0,0,EXPIRED,False,-2.8,20.4464,3.78,HOLD,,False,,,0.0,2,False,667.8,629.63,681.16,Below 200DMA — enter on recovery above 200DMA,7,2026-06-18,8.58,True,False,False,False,LOW_ROE(8.6%),0,False,False,False,False,False,False,48.3,6,89.0
JSWDULUX,NAN,AVOID,0.0,0.0,CAUTION,3.5,0.5,NORMAL,nan,False,1,1,FRESH,True,2.8,123.6428,4.59,HOLD,,False,,,0.0,4,False,3143.65,3049.34,3300.83,Near 200DMA — ideal dip entry zone,7,2026-06-18,,False,False,False,False,,0,False,False,False,False,False,False,48.3,6,89.0
JINDALSTEL,JINDAL STEEL,AVOID,0.0,0.0,CAUTION,3.5,0.5,NORMAL,nan,False,0,0,EXPIRED,False,1.97,27.7643,2.93,HOLD,,False,,,0.0,2,False,1113.82,1080.41,1169.51,Near 200DMA — ideal dip entry zone,7,2026-06-18,5.96,True,True,False,False,LOW_ROE(6.0%) | HIGH_PE(61x vs ind 19x),0,False,False,False,False,False,False,48.3,6,89.0
JINDWORLD,JINDAL WORLDWIDE,AVOID,0.0,0.0,CAUTION,3.5,0.5,NORMAL,nan,False,1,1,EXPIRED,True,0.17,1.9121,7.73,HOLD,,False,,,0.0,3,False,29.64,28.75,31.12,Near 200DMA — ideal dip entry zone,7,2026-06-18,9.6,True,False,False,False,LOW_ROE(9.6%),0,False,False,False,False,False,False,48.3,6,89.0
JISLDVREQS,JAIN IRRIGAT-DVR,AVOID,0.0,0.0,CAUTION,3.5,0.5,ILLIQUID,nan,False,0,0,EXPIRED,False,-12.28,1.2664,6.52,HOLD,,False,,,0.0,2,False,26.58,22.62,27.11,Below 200DMA — enter on recovery above 200DMA,7,2026-06-18,0.6,True,True,False,False,LOW_ROE(0.6%) | HIGH_PE(88x vs ind 23x),0,False,False,False,False,False,False,48.3,6,89.0
JISLJALEQS,JAIN IRRIGATION,AVOID,0.0,0.0,CAUTION,3.5,0.5,NORMAL,nan,False,1,1,EXPIRED,True,-18.54,1.4064,5.17,HOLD,,False,,,0.0,3,False,40.08,31.67,40.88,Below 200DMA — enter on recovery above 200DMA,7,2026-06-18,0.6,True,True,False,False,LOW_ROE(0.6%) | HIGH_PE(130x vs ind 23x),0,False,False,False,False,False,False,48.3,6,89.0
JITFINFRA,JITF INFRA LOGIS,AVOID,0.0,0.0,CAUTION,3.5,0.5,RESTRICTED,nan,False,0,0,EXPIRED,False,-5.61,11.5714,4.69,HOLD,,False,,,0.0,3,False,313.49,287.02,319.76,Below 200DMA — enter on recovery above 200DMA,7,2026-06-18,,False,False,False,False,,0,False,False,False,False,False,False,48.3,6,89.0
JIWANRAM,JIWANRAM SHEO,AVOID,0.0,0.0,CAUTION,3.5,0.5,ILLIQUID,nan,False,1,1,EXPIRED,True,-5.72,0.225,4.66,HOLD,,False,,,0.0,3,False,6.15,5.63,6.27,Below 200DMA — enter on recovery above 200DMA,7,2026-06-18,3.52,True,False,False,False,LOW_ROE(3.5%),0,False,False,False,False,False,False,48.3,6,89.0
JKIPL,JINKUSHAL INDUS.,AVOID,0.0,0.0,CAUTION,3.5,0.5,RESTRICTED,nan,False,1,1,FRESH,True,31.91,5.8307,5.96,PARTIAL_EXIT,EXTENDED: 6.4× ATR above 200DMA,False,,,0.0,4,False,88.96,105.68,114.42,Extended — wait for ATR pullback,7,2026-06-18,21.22,False,False,False,False,,0,False,False,False,False,False,False,48.3,6,89.0
JKLAKSHMI,JK LAKSHMI CEM.,AVOID,0.0,0.0,CAUTION,3.5,0.5,NORMAL,nan,False,0,0,EXPIRED,False,-19.29,13.5893,2.72,HOLD,,False,,,0.0,2,False,742.44,581.27,757.29,Below 200DMA — enter on recovery above 200DMA,7,2026-06-18,7.79,True,False,False,False,LOW_ROE(7.8%),0,False,False,False,False,False,False,48.3,6,89.0
JKPAPER,JK PAPER,AVOID,0.0,0.0,CAUTION,3.5,0.5,NORMAL,nan,False,0,0,FRESH,False,-1.79,9.9893,3.34,HOLD,,False,,,0.0,2,False,365.15,347.84,372.45,Below 200DMA — enter on recovery above 200DMA,7,2026-06-18,7.58,True,False,False,False,LOW_ROE(7.6%),0,False,False,False,False,False,False,48.3,6,89.0
JLHL,JUPITER LIFE LIN,AVOID,0.0,0.0,CAUTION,3.5,0.5,NORMAL,nan,False,1,1,FRESH,True,-2.14,34.8928,3.13,HOLD,,False,,,0.0,4,False,1367.5,1298.15,1394.85,Below 200DMA — enter on recovery above 200DMA,7,2026-06-18,14.27,False,False,False,False,,0,False,False,False,False,False,False,48.3,6,89.0
JMFINANCIL,JM FINANCIAL,AVOID,0.0,0.0,CAUTION,3.5,0.5,NORMAL,nan,False,0,0,EXPIRED,False,-10.54,5.8388,5.54,HOLD,,False,,,0.0,3,False,141.46,122.76,144.29,Below 200DMA — enter on recovery above 200DMA,7,2026-06-18,8.44,False,False,False,False,,0,False,False,False,False,False,False,48.3,6,89.0
JOCIL,JOCIL,AVOID,0.0,0.0,CAUTION,3.5,0.5,RESTRICTED,nan,False,1,1,EXPIRED,True,9.84,7.7236,6.01,HOLD,,False,,,0.0,3,False,140.51,136.29,147.54,Near 200DMA — ideal dip entry zone,7,2026-06-18,0.49,True,False,False,False,LOW_ROE(0.5%),0,True,True,False,False,False,False,48.3,6,89.0
GSS,GSS INFOTECH,AVOID,0.0,0.0,CAUTION,3.5,0.5,ILLIQUID,nan,False,0,0,EXPIRED,False,-27.28,0.68,6.28,HOLD,,False,,,0.0,2,False,17.86,12.6,18.22,Below 200DMA — enter on recovery above 200DMA,7,2026-06-18,-0.39,True,False,False,False,LOW_ROE(-0.4%),0,False,False,False,False,False,False,48.3,6,89.0
GSFC,G S F C,AVOID,0.0,0.0,CAUTION,3.5,0.5,NORMAL,nan,False,0,0,FRESH,False,-6.94,3.8429,2.78,HOLD,,False,,,0.0,2,False,178.31,160.96,181.88,Below 200DMA — enter on recovery above 200DMA,7,2026-06-18,4.87,True,False,False,False,LOW_ROE(4.9%),0,True,True,False,False,False,False,48.3,6,89.0
GSLSU,GLOBAL SURFACES,AVOID,0.0,0.0,CAUTION,3.5,0.5,NORMAL,nan,False,0,0,EXPIRED,False,-40.28,3.605,8.35,HOLD,,False,,,0.0,2,False,86.74,50.25,88.47,Below 200DMA — enter on recovery above 200DMA,7,2026-06-18,-9.44,True,False,False,False,LOW_ROE(-9.4%),0,False,False,False,False,False,False,48.3,6,89.0
GVKPIL,GVK POWER INFRA.,AVOID,0.0,0.0,CAUTION,3.5,0.5,RESTRICTED,nan,False,0,0,EXPIRED,False,-10.46,0.0714,3.06,HOLD,,False,,,0.0,3,False,3.13,2.72,3.19,Below 200DMA — enter on recovery above 200DMA,7,2026-06-18,,False,False,False,False,,0,False,False,False,False,False,False,48.3,6,89.0
GVPTECH,GVP INFOTECH,AVOID,0.0,0.0,CAUTION,3.5,0.5,ILLIQUID,nan,False,0,0,EXPIRED,False,-19.08,0.3643,6.64,HOLD,,False,,,0.0,2,False,8.13,6.38,8.29,Below 200DMA — enter on recovery above 200DMA,7,2026-06-18,-1.6,True,False,False,False,LOW_ROE(-1.6%),0,True,True,False,False,False,False,48.3,6,89.0
HALDER,HALDER VENTURE,AVOID,0.0,0.0,CAUTION,3.5,0.5,RESTRICTED,nan,False,0,0,EXPIRED,False,-6.78,18.1964,9.38,HOLD,,False,,,0.0,3,False,249.66,225.74,254.65,Below 200DMA — enter on recovery above 200DMA,7,2026-06-18,13.76,False,True,False,False,HIGH_PE(3188x vs ind 14x),0,False,False,False,False,False,False,48.3,6,89.0
HALEOSLABS,HALEOS LABS LIMITED,AVOID,0.0,0.0,CAUTION,3.5,0.5,RESTRICTED,nan,False,0,0,EXPIRED,False,9.51,92.9,7.85,HOLD,,False,,,0.0,2,False,1297.22,1258.3,1362.08,Near 200DMA — ideal dip entry zone,7,2026-06-18,10.23,True,False,False,False,LOW_ROE(10.2%),0,False,False,False,False,False,False,48.3,6,89.0
HARRMALAYA,HARRI. MALAYALAM,AVOID,0.0,0.0,CAUTION,3.5,0.5,RESTRICTED,nan,False,0,0,FRESH,False,8.79,10.1921,5.95,HOLD,,False,,,0.0,2,False,188.96,183.29,198.41,Near 200DMA — ideal dip entry zone,7,2026-06-18,9.66,True,False,False,False,LOW_ROE(9.7%),0,False,False,False,False,False,False,48.3,6,89.0
HARSHA,HARSHA ENGG INTL,AVOID,0.0,0.0,CAUTION,3.5,0.5,NORMAL,nan,False,1,1,EXPIRED,True,13.35,16.8357,4.61,HOLD,,False,,,0.0,3,False,386.27,374.68,405.58,Near 200DMA — ideal dip entry zone,7,2026-06-18,7.12,True,False,False,False,LOW_ROE(7.1%),0,False,False,False,False,False,False,48.3,6,89.0
HATHWAY,HATHWAY CABLE,AVOID,0.0,0.0,CAUTION,3.5,0.5,NORMAL,nan,False,1,1,EXPIRED,True,-6.8,0.4243,4.54,HOLD,,False,,,0.0,3,False,12.04,10.88,12.28,Below 200DMA — enter on recovery above 200DMA,7,2026-06-18,2.11,True,False,False,False,LOW_ROE(2.1%),0,True,True,False,False,False,False,48.3,6,89.0
HATSUN,HATSUN AGRO,AVOID,0.0,0.0,CAUTION,3.5,0.5,NORMAL,nan,False,0,0,FRESH,False,-2.57,22.7536,2.98,HOLD,,False,,,0.0,3,False,939.17,887.6,957.95,Below 200DMA — enter on recovery above 200DMA,7,2026-06-18,16.23,False,False,False,False,,0,False,False,False,False,False,False,48.3,6,89.0
HAVISHA,SRI HAVISHA,AVOID,0.0,0.0,CAUTION,3.5,0.5,ILLIQUID,nan,False,0,0,AGING,False,-26.78,0.12,11.34,HOLD,,False,,,0.0,2,False,1.73,1.23,1.76,Below 200DMA — enter on recovery above 200DMA,7,2026-06-18,-16.72,True,False,False,False,LOW_ROE(-16.7%),0,False,False,False,False,False,False,48.3,6,89.0
HAWKINCOOK,NAN,AVOID,0.0,0.0,CAUTION,3.5,0.5,RESTRICTED,nan,False,1,1,EXPIRED,True,4.67,173.5,2.67,HOLD,,False,,,0.0,4,False,7440.14,7216.94,7812.15,Near 200DMA — ideal dip entry zone,7,2026-06-18,,False,False,False,False,,0,False,False,False,False,False,False,48.3,6,89.0
HBESD,NAN,AVOID,0.0,0.0,CAUTION,3.5,0.5,ILLIQUID,nan,False,0,0,EXPIRED,False,-1.42,4.9829,8.04,HOLD,,False,,,0.0,3,False,75.49,72.18,77.0,Below 200DMA — enter on recovery above 200DMA,7,2026-06-18,,False,False,False,False,,0,False,False,False,False,False,False,48.3,6,89.0
HBSL,HB STOCKHOLDINGS,AVOID,0.0,0.0,CAUTION,3.5,0.5,ILLIQUID,nan,False,0,0,EXPIRED,False,-19.89,2.1607,4.76,HOLD,,False,,,0.0,2,False,68.03,52.87,69.39,Below 200DMA — enter on recovery above 200DMA,7,2026-06-18,-13.35,True,False,False,False,LOW_ROE(-13.3%),0,False,False,False,False,False,False,48.3,6,89.0
HCC,HIND.CONSTRUCT.,AVOID,0.0,0.0,CAUTION,3.5,0.5,NORMAL,nan,False,1,1,EXPIRED,True,22.68,1.3686,6.11,PARTIAL_EXIT,EXTENDED: 4.5× ATR above 200DMA,False,,,0.0,4,False,21.89,24.12,26.18,Extended — wait for ATR pullback,7,2026-06-18,12.44,False,False,False,False,,0,False,False,False,False,False,False,48.3,6,89.0
HCG,HEALTH.GLOBAL,AVOID,0.0,0.0,CAUTION,3.5,0.5,NORMAL,nan,False,1,1,FRESH,True,-2.55,18.3,3.5,HOLD,,False,,,0.0,3,False,642.97,607.8,655.83,Below 200DMA — enter on recovery above 200DMA,7,2026-06-18,4.81,True,True,False,False,LOW_ROE(4.8%) | HIGH_PE(418x vs ind 44x),0,False,False,False,False,False,False,48.3,6,89.0
HCL-INSYS,HCL INFOSYSTEMS,AVOID,0.0,0.0,CAUTION,3.5,0.5,RESTRICTED,nan,False,1,1,FRESH,True,-8.07,0.8586,8.32,HOLD,,False,,,0.0,4,False,13.48,12.02,13.75,Below 200DMA — enter on recovery above 200DMA,7,2026-06-18,,False,False,False,False,,0,False,False,False,False,False,False,48.3,6,89.0
GUJRAFFIA,GUJ. RAFFIA INDS,AVOID,0.0,0.0,CAUTION,3.5,0.5,ILLIQUID,nan,False,1,1,EXPIRED,True,-9.52,2.4243,7.12,HOLD,,False,,,0.0,4,False,45.17,39.64,46.07,Below 200DMA — enter on recovery above 200DMA,7,2026-06-18,,False,False,False,False,,0,False,False,False,False,False,False,48.3,6,89.0
GTECJAINX,G-TEC JANIX,AVOID,0.0,0.0,CAUTION,3.5,0.5,ILLIQUID,nan,False,1,1,EXPIRED,True,18.76,2.6829,12.01,HOLD,,False,,,0.0,3,False,22.57,21.43,25.46,Extended — wait for ATR pullback,7,2026-06-18,-247.66,True,False,False,False,LOW_ROE(-247.7%),0,False,False,False,False,False,False,48.3,6,89.0
GTL,GTL,AVOID,0.0,0.0,CAUTION,3.5,0.5,RESTRICTED,nan,False,1,1,EXPIRED,True,2.22,0.5414,7.95,HOLD,,False,,,0.0,4,False,7.99,7.75,8.39,Near 200DMA — ideal dip entry zone,7,2026-06-18,,False,False,False,False,,0,False,False,False,False,False,False,48.3,6,89.0
GTLINFRA,GTL INFRA.,AVOID,0.0,0.0,CAUTION,3.5,0.5,NORMAL,nan,False,1,1,EXPIRED,True,18.37,0.0993,7.79,HOLD,,False,,,0.0,4,False,1.29,1.33,1.48,Extended — wait for ATR pullback,7,2026-06-18,,False,False,False,False,,0,False,False,False,False,False,False,48.3,6,89.0
GTPL,GTPL HATHWAY,AVOID,0.0,0.0,CAUTION,3.5,0.5,ILLIQUID,nan,False,0,0,AGING,False,-24.35,2.2771,4.22,HOLD,,False,,,0.0,2,False,85.51,62.75,87.22,Below 200DMA — enter on recovery above 200DMA,7,2026-06-18,4.11,True,False,False,False,LOW_ROE(4.1%),0,False,False,False,False,False,False,48.3,6,89.0
GUJALKALI,GUJARAT ALKALIES,AVOID,0.0,0.0,CAUTION,3.5,0.5,NORMAL,nan,False,0,0,EXPIRED,False,14.84,27.9607,5.16,HOLD,,False,,,0.0,2,False,565.81,548.84,594.1,Near 200DMA — ideal dip entry zone,7,2026-06-18,-1.15,True,False,False,False,LOW_ROE(-1.1%),0,False,False,False,False,False,False,48.3,6,89.0
GUJAPOLLO,GUJ APOLLO INDS,AVOID,0.0,0.0,CAUTION,3.5,0.5,RESTRICTED,nan,False,0,0,FRESH,False,-11.45,14.8607,4.72,HOLD,,False,,,0.0,2,False,426.36,366.22,434.89,Below 200DMA — enter on recovery above 200DMA,7,2026-06-18,0.3,True,False,False,False,LOW_ROE(0.3%),0,True,True,False,False,False,False,48.3,6,89.0
GNFC,G N F C,AVOID,0.0,0.0,CAUTION,3.5,0.5,NORMAL,nan,False,1,1,FRESH,True,16.14,17.1321,3.68,HOLD,,False,,,0.0,3,False,481.52,524.99,550.68,Extended — wait for ATR pullback,7,2026-06-18,6.97,True,False,False,False,LOW_ROE(7.0%),0,True,True,False,False,False,False,48.3,6,89.0
GOACARBON,GOA CARBON,AVOID,0.0,0.0,CAUTION,3.5,0.5,RESTRICTED,nan,False,1,1,EXPIRED,True,2.8,14.8036,4.36,HOLD,,False,,,0.0,3,False,396.28,384.39,416.09,Near 200DMA — ideal dip entry zone,7,2026-06-18,-10.12,True,False,False,False,LOW_ROE(-10.1%),0,False,False,False,False,False,False,48.3,6,89.0
GOCLCORP,GOCL CORPN.,AVOID,0.0,0.0,CAUTION,3.5,0.5,NORMAL,nan,False,1,1,EXPIRED,True,28.64,18.8179,5.6,PARTIAL_EXIT,EXTENDED: 6.1× ATR above 200DMA,False,,,0.0,3,False,313.52,365.66,393.89,Extended — wait for ATR pullback,7,2026-06-18,9.97,True,False,False,False,LOW_ROE(10.0%),0,True,True,False,False,False,False,48.3,6,89.0
GODREJIND,GODREJ INDUSTRIE,AVOID,0.0,0.0,CAUTION,3.5,0.5,NORMAL,nan,False,1,1,FRESH,True,1.45,42.3607,4.83,HOLD,,False,,,0.0,3,False,1037.12,1006.01,1088.98,Near 200DMA — ideal dip entry zone,7,2026-06-18,9.67,True,False,False,False,LOW_ROE(9.7%),0,False,False,False,False,False,False,48.3,6,89.0
GOKUL,GOKUL REFOILS,AVOID,0.0,0.0,CAUTION,3.5,0.5,RESTRICTED,nan,False,1,1,EXPIRED,True,6.7,2.0871,5.89,HOLD,,False,,,0.0,3,False,39.83,38.64,41.82,Near 200DMA — ideal dip entry zone,7,2026-06-18,4.3,True,False,False,False,LOW_ROE(4.3%),0,False,False,False,False,False,False,48.3,6,89.0
GMRP&UI,GMR URBAN,AVOID,0.0,0.0,CAUTION,3.5,0.5,NORMAL,nan,False,0,0,EXPIRED,False,-5.46,3.6043,4.12,HOLD,,False,,,0.0,3,False,111.13,101.91,113.35,Below 200DMA — enter on recovery above 200DMA,7,2026-06-18,241.52,False,False,False,False,,0,False,False,False,False,False,False,48.3,6,89.0
GMMPFAUDLR,GMM PFAUDLER,AVOID,0.0,0.0,CAUTION,3.5,0.5,NORMAL,nan,False,0,0,EXPIRED,False,-21.12,24.5643,3.71,HOLD,,False,,,0.0,2,False,1007.23,770.71,1027.37,Below 200DMA — enter on recovery above 200DMA,7,2026-06-18,5.18,True,True,False,False,LOW_ROE(5.2%) | HIGH_PE(226x vs ind 30x),0,False,False,False,False,False,False,48.3,6,89.0
FINKURVE,FINKURVE FIN.,AVOID,0.0,0.0,CAUTION,3.5,0.5,RESTRICTED,nan,False,1,1,EXPIRED,True,-16.41,4.2429,7.11,HOLD,,False,,,0.0,4,False,85.62,69.42,87.33,Below 200DMA — enter on recovery above 200DMA,7,2026-06-18,8.43,False,False,False,False,,0,False,False,False,False,False,False,48.3,6,89.0
FIRSTCRY,BRAINBEES SOLUT.,AVOID,0.0,0.0,CAUTION,3.5,0.5,NORMAL,nan,False,0,0,EXPIRED,False,-23.23,7.4757,4.11,HOLD,,False,,,0.0,2,False,284.39,211.78,290.08,Below 200DMA — enter on recovery above 200DMA,7,2026-06-18,-4.04,True,False,False,False,LOW_ROE(-4.0%),0,False,False,False,False,False,False,48.3,6,89.0
FLEXITUFF,FLEXITUFF VENT.,AVOID,0.0,0.0,CAUTION,3.5,0.5,ILLIQUID,nan,False,0,0,EXPIRED,False,-48.75,0.3957,6.94,HOLD,,False,,,0.0,3,False,13.35,6.63,13.62,Below 200DMA — enter on recovery above 200DMA,7,2026-06-18,1616.95,False,False,False,False,,0,False,False,False,False,False,False,48.3,6,89.0
FLFL,FUTURE LIFESTYLE,AVOID,0.0,0.0,CAUTION,3.5,0.5,ILLIQUID,nan,False,0,0,EXPIRED,False,-10.77,0.0786,7.31,HOLD,,False,,,0.0,3,False,1.45,1.25,1.48,Below 200DMA — enter on recovery above 200DMA,7,2026-06-18,,False,False,False,False,,0,False,False,False,False,False,False,48.3,6,89.0
FLUOROCHEM,GUJARAT FLUOROCH,AVOID,0.0,0.0,CAUTION,3.5,0.5,NORMAL,nan,False,1,1,EXPIRED,True,4.98,102.3,3.34,HOLD,,False,,,0.0,3,False,3501.47,3396.43,3676.54,Near 200DMA — ideal dip entry zone,7,2026-06-18,7.53,True,False,False,False,LOW_ROE(7.5%),0,False,False,False,False,False,False,48.3,6,89.0
FMNL,FUTURE MARKET,AVOID,0.0,0.0,CAUTION,3.5,0.5,ILLIQUID,nan,False,1,1,EXPIRED,True,4.44,0.6586,7.71,HOLD,,False,,,0.0,4,False,9.81,9.52,10.3,Near 200DMA — ideal dip entry zone,7,2026-06-18,65.9,False,False,False,False,,0,False,False,False,False,False,False,48.3,6,89.0
FONEBOX,FONEBOX RETAIL,AVOID,0.0,0.0,CAUTION,3.5,0.5,ILLIQUID,nan,False,1,1,EXPIRED,True,-4.87,1.9107,2.81,HOLD,,False,,,0.0,4,False,85.67,79.05,87.38,Below 200DMA — enter on recovery above 200DMA,7,2026-06-18,13.18,False,False,False,False,,0,False,False,False,False,False,False,48.3,6,89.0
FOODSIN,FOODS & INNS,AVOID,0.0,0.0,CAUTION,3.5,0.5,RESTRICTED,nan,False,0,0,EXPIRED,False,-17.81,2.64,5.58,HOLD,,False,,,0.0,2,False,69.07,55.07,70.45,Below 200DMA — enter on recovery above 200DMA,7,2026-06-18,7.78,True,False,False,False,LOW_ROE(7.8%),0,False,False,False,False,False,False,48.3,6,89.0
FOSECOIND,FOSECO INDIA,AVOID,0.0,0.0,CAUTION,3.5,0.5,NORMAL,nan,False,1,1,FRESH,True,3.19,162.025,3.68,HOLD,,False,,,0.0,3,False,5125.72,4971.95,5382.01,Near 200DMA — ideal dip entry zone,7,2026-06-18,10.23,True,False,False,False,LOW_ROE(10.2%),0,True,True,False,False,False,False,48.3,6,89.0
FROG,FROG INNOVATIONS,AVOID,0.0,0.0,CAUTION,3.5,0.5,RESTRICTED,nan,False,0,0,EXPIRED,False,-6.12,10.6464,7.72,HOLD,,False,,,0.0,3,False,176.29,160.53,179.82,Below 200DMA — enter on recovery above 200DMA,7,2026-06-18,14.72,False,False,False,False,,0,False,False,False,False,False,False,48.3,6,89.0
FRONTSP,NAN,AVOID,0.0,0.0,CAUTION,3.5,0.5,NORMAL,nan,False,0,0,FRESH,False,-4.9,79.6357,6.51,HOLD,,False,,,0.0,3,False,1542.6,1422.99,1573.45,Below 200DMA — enter on recovery above 200DMA,7,2026-06-18,,False,False,False,False,,0,False,False,False,False,False,False,48.3,6,89.0
GFLLIMITED,GFL,AVOID,0.0,0.0,CAUTION,3.5,0.5,ILLIQUID,nan,False,1,1,EXPIRED,True,-11.41,2.2986,5.82,HOLD,,False,,,0.0,3,False,53.5,45.98,54.57,Below 200DMA — enter on recovery above 200DMA,7,2026-06-18,-3.0,True,True,False,False,LOW_ROE(-3.0%) | HIGH_PE(397x vs ind 17x),0,True,True,False,False,False,False,48.3,6,89.0
GICHSGFIN,GIC HOUSING FIN,AVOID,0.0,0.0,CAUTION,3.5,0.5,NORMAL,nan,False,1,1,FRESH,True,-0.78,4.0736,3.03,HOLD,,False,,,0.0,4,False,162.37,156.27,165.62,Below 200DMA — enter on recovery above 200DMA,7,2026-06-18,8.16,False,False,False,False,,0,False,False,False,False,False,False,48.3,6,89.0
GILLANDERS,GILLANDERS ARBUT,AVOID,0.0,0.0,CAUTION,3.5,0.5,ILLIQUID,nan,False,0,0,FRESH,False,-9.57,4.0164,5.2,HOLD,,False,,,0.0,2,False,102.43,89.85,104.48,Below 200DMA — enter on recovery above 200DMA,7,2026-06-18,10.9,True,False,False,False,LOW_ROE(10.9%),0,False,False,False,False,False,False,48.3,6,89.0
GILLETTE,GILLETTE INDIA,AVOID,0.0,0.0,CAUTION,3.5,0.5,NORMAL,nan,False,0,0,AGING,False,-6.18,203.3929,3.11,HOLD,,False,,,0.0,3,False,8373.92,7620.32,8541.4,Below 200DMA — enter on recovery above 200DMA,7,2026-06-18,42.39,False,False,False,False,,0,True,True,False,False,False,False,48.3,6,89.0
GINNIFILA,GINNI FILAMENTS,AVOID,0.0,0.0,CAUTION,3.5,0.5,RESTRICTED,nan,False,1,1,EXPIRED,True,8.36,2.4736,6.61,HOLD,,False,,,0.0,3,False,41.46,40.22,43.53,Near 200DMA — ideal dip entry zone,7,2026-06-18,2.1,True,False,False,False,LOW_ROE(2.1%),0,False,False,False,False,False,False,48.3,6,89.0
GIPCL,GUJ INDS. POWER,AVOID,0.0,0.0,CAUTION,3.5,0.5,NORMAL,nan,False,1,1,EXPIRED,True,3.64,6.9014,5.05,HOLD,,False,,,0.0,3,False,158.33,153.58,166.25,Near 200DMA — ideal dip entry zone,7,2026-06-18,6.0,True,False,False,False,LOW_ROE(6.0%),0,False,False,False,False,False,False,48.3,6,89.0
GIRIRAJ,GIRIRAJ CIVIL,AVOID,0.0,0.0,CAUTION,3.5,0.5,ILLIQUID,nan,False,0,0,EXPIRED,False,-32.48,5.3536,4.76,HOLD,,False,,,0.0,3,False,199.95,130.95,203.95,Below 200DMA — enter on recovery above 200DMA,7,2026-06-18,13.64,False,False,False,False,,0,False,False,False,False,False,False,48.3,6,89.0
GKWLIMITED,GKW,AVOID,0.0,0.0,CAUTION,3.5,0.5,ILLIQUID,nan,False,1,1,EXPIRED,True,7.54,82.2929,5.45,HOLD,,False,,,0.0,3,False,1685.54,1634.97,1769.82,Near 200DMA — ideal dip entry zone,7,2026-06-18,-0.72,True,True,False,False,LOW_ROE(-0.7%) | HIGH_PE(132x vs ind 17x),0,True,True,False,False,False,False,48.3,6,89.0
GLOBALE,GLOBALE TESSILE,AVOID,0.0,0.0,CAUTION,3.5,0.5,ILLIQUID,nan,False,0,0,FRESH,False,-1.51,0.8986,8.82,HOLD,,False,,,0.0,2,False,12.42,11.86,12.67,Below 200DMA — enter on recovery above 200DMA,7,2026-06-18,-6.99,True,False,False,False,LOW_ROE(-7.0%),0,False,False,False,False,False,False,48.3,6,89.0
GLOBALPET,GLOBAL PET INDUS,AVOID,0.0,0.0,CAUTION,3.5,0.5,RESTRICTED,nan,False,1,1,EXPIRED,True,18.4,4.7179,3.77,HOLD,,False,,,0.0,3,False,126.69,140.56,147.64,Extended — wait for ATR pullback,7,2026-06-18,8.46,True,False,False,False,LOW_ROE(8.5%),0,False,False,False,False,False,False,48.3,6,89.0
GLOBALVECT,GLOBAL VECTRA,AVOID,0.0,0.0,CAUTION,3.5,0.5,ILLIQUID,nan,False,0,0,EXPIRED,False,-14.76,7.2629,5.43,HOLD,,False,,,0.0,2,False,188.42,155.78,192.19,Below 200DMA — enter on recovery above 200DMA,7,2026-06-18,-3.06,True,False,False,False,LOW_ROE(-3.1%),0,False,False,False,False,False,False,48.3,6,89.0
GLOBE,GLOBE ENTERPRISES,AVOID,0.0,0.0,CAUTION,3.5,0.5,ILLIQUID,nan,False,0,0,EXPIRED,False,-9.36,0.1257,6.64,HOLD,,False,,,0.0,2,False,2.5,2.2,2.55,Below 200DMA — enter on recovery above 200DMA,7,2026-06-18,6.51,True,False,False,False,LOW_ROE(6.5%),0,False,False,False,False,False,False,48.3,6,89.0
GLOBECIVIL,GLOBE CIVIL,AVOID,0.0,0.0,CAUTION,3.5,0.5,ILLIQUID,nan,False,1,1,EXPIRED,True,-20.78,2.1371,5.67,HOLD,,False,,,0.0,4,False,57.12,43.89,58.26,Below 200DMA — enter on recovery above 200DMA,7,2026-06-18,19.8,False,False,False,False,,0,False,False,False,False,False,False,48.3,6,89.0
GLOBUSSPR,GLOBUS SPIRITS,AVOID,0.0,0.0,CAUTION,3.5,0.5,NORMAL,nan,False,0,0,EXPIRED,False,-12.72,22.8571,3.15,HOLD,,False,,,0.0,2,False,997.15,844.19,1017.09,Below 200DMA — enter on recovery above 200DMA,7,2026-06-18,2.35,True,False,False,False,LOW_ROE(2.4%),0,False,False,False,False,False,False,48.3,6,89.0
GLOSTERLTD,GLOSTER LTD,AVOID,0.0,0.0,CAUTION,3.5,0.5,RESTRICTED,nan,False,1,1,FRESH,True,10.05,19.0214,3.34,HOLD,,False,,,0.0,3,False,621.38,602.74,652.45,Near 200DMA — ideal dip entry zone,7,2026-06-18,-1.23,True,True,False,False,LOW_ROE(-1.2%) | HIGH_PE(76x vs ind 19x),0,False,False,False,False,False,False,48.3,6,89.0
GMBREW,G M BREWERIES,AVOID,0.0,0.0,CAUTION,3.5,0.5,NORMAL,nan,False,0,0,FRESH,False,-5.18,26.4714,3.46,HOLD,,False,,,0.0,3,False,968.37,890.65,987.74,Below 200DMA — enter on recovery above 200DMA,7,2026-06-18,13.75,False,False,False,False,,0,True,True,False,False,False,False,48.3,6,89.0
GENUSPAPER,GENUS PAPER & BO,AVOID,0.0,0.0,CAUTION,3.5,0.5,ILLIQUID,nan,False,0,0,EXPIRED,False,-12.37,0.4543,4.46,HOLD,,False,,,0.0,2,False,13.96,11.86,14.24,Below 200DMA — enter on recovery above 200DMA,7,2026-06-18,0.57,True,False,False,False,LOW_ROE(0.6%),0,False,False,False,False,False,False,48.3,6,89.0
GENCON,GENERIC ENGINEER,AVOID,0.0,0.0,CAUTION,3.5,0.5,NORMAL,nan,False,0,0,EXPIRED,False,-13.2,1.9686,6.21,HOLD,,False,,,0.0,2,False,43.85,36.92,44.73,Below 200DMA — enter on recovery above 200DMA,7,2026-06-18,4.27,True,False,False,False,LOW_ROE(4.3%),0,False,False,False,False,False,False,48.3,6,89.0
GALAXYSURF,GALAXY SURFACT.,AVOID,0.0,0.0,CAUTION,3.5,0.5,NORMAL,nan,False,0,0,EXPIRED,False,-10.74,48.2572,3.27,HOLD,,False,,,0.0,3,False,1986.42,1719.81,2026.15,Below 200DMA — enter on recovery above 200DMA,7,2026-06-18,12.91,False,False,False,False,,0,False,False,False,False,False,False,48.3,6,89.0
GANDHAR,GANDHAR OIL REF.,AVOID,0.0,0.0,CAUTION,3.5,0.5,NORMAL,nan,False,1,1,EXPIRED,True,9.17,6.3664,4.89,HOLD,,False,,,0.0,3,False,143.03,138.74,150.18,Near 200DMA — ideal dip entry zone,7,2026-06-18,6.47,True,False,False,False,LOW_ROE(6.5%),0,False,False,False,False,False,False,48.3,6,89.0
GANDHITUBE,GANDHI SPL. TUBE,AVOID,0.0,0.0,CAUTION,3.5,0.5,NORMAL,nan,False,0,0,FRESH,False,1.92,14.5607,2.05,HOLD,,False,,,0.0,3,False,835.55,810.48,877.33,Near 200DMA — ideal dip entry zone,7,2026-06-18,22.08,False,False,False,False,,0,True,True,False,False,False,False,48.3,6,89.0
GANGESSECU,GANGES SECURITIE,AVOID,0.0,0.0,CAUTION,3.5,0.5,ILLIQUID,nan,False,0,0,EXPIRED,False,-9.21,5.5693,5.42,HOLD,,False,,,0.0,2,False,135.75,119.54,138.47,Below 200DMA — enter on recovery above 200DMA,7,2026-06-18,0.75,True,True,False,False,LOW_ROE(0.8%) | HIGH_PE(67x vs ind 14x),0,True,True,False,False,False,False,48.3,6,89.0
GARFIBRES,GARWARE TECH.,AVOID,0.0,0.0,CAUTION,3.5,0.5,NORMAL,nan,False,1,1,EXPIRED,True,1.67,22.0214,3.8,HOLD,,False,,,0.0,4,False,683.36,662.86,717.53,Near 200DMA — ideal dip entry zone,7,2026-06-18,18.65,False,False,False,False,,0,False,False,False,False,False,False,48.3,6,89.0
GATECH,GACM TECH,AVOID,0.0,0.0,CAUTION,3.5,0.5,RESTRICTED,nan,False,1,1,AGING,True,-8.11,0.0271,6.38,HOLD,,False,,,0.0,4,False,0.55,0.49,0.56,Below 200DMA — enter on recovery above 200DMA,7,2026-06-18,8.31,False,False,False,False,,0,True,True,False,False,False,False,48.3,6,89.0
GATECHDVR,GACM TECH-DVR,AVOID,0.0,0.0,CAUTION,3.5,0.5,ILLIQUID,nan,False,0,0,AGING,False,-4.27,0.0257,6.56,HOLD,,False,,,0.0,3,False,0.49,0.46,0.5,Below 200DMA — enter on recovery above 200DMA,7,2026-06-18,8.31,False,False,False,False,,0,True,True,False,False,False,False,48.3,6,89.0
GAYAHWS,GAYATRI HIGHWAYS,AVOID,0.0,0.0,CAUTION,3.5,0.5,ILLIQUID,nan,False,0,0,AGING,False,-17.71,0.1279,6.91,HOLD,,False,,,0.0,3,False,2.7,2.15,2.75,Below 200DMA — enter on recovery above 200DMA,7,2026-06-18,,False,True,False,False,HIGH_PE(42x vs ind 13x),0,False,False,False,False,False,False,48.3,6,89.0
GAYAPROJ,GAYATRI PROJECTS,AVOID,0.0,0.0,CAUTION,3.5,0.5,NORMAL,nan,False,1,1,FRESH,True,86.76,1.1986,5.69,EXIT,PROFIT_ZONE: +87% above 200DMA | EXTENDED: 18.3× ATR above 200DMA,False,,,0.0,4,False,13.53,22.86,24.66,Extended — wait for ATR pullback,7,2026-06-18,,False,False,False,False,,0,False,False,False,False,False,False,48.3,6,89.0
GCSL,GRETEX CORPORATE,AVOID,0.0,0.0,CAUTION,3.5,0.5,NORMAL,nan,False,1,1,EXPIRED,True,28.93,16.1429,4.52,PARTIAL_EXIT,EXTENDED: 7.7× ATR above 200DMA,False,,,0.0,3,False,332.09,395.86,420.08,Extended — wait for ATR pullback,7,2026-06-18,0.67,True,False,False,False,LOW_ROE(0.7%),0,True,True,False,False,False,False,48.3,6,89.0
GEECEE,GEECEE VENT.,AVOID,0.0,0.0,CAUTION,3.5,0.5,ILLIQUID,nan,False,1,1,EXPIRED,True,4.49,11.2929,4.02,HOLD,,False,,,0.0,3,False,322.96,313.27,339.11,Near 200DMA — ideal dip entry zone,7,2026-06-18,5.99,True,False,False,False,LOW_ROE(6.0%),0,True,True,False,False,False,False,48.3,6,89.0
GEEKAYWIRE,GEEKAY WIRES,AVOID,0.0,0.0,CAUTION,3.5,0.5,ILLIQUID,nan,False,1,1,EXPIRED,True,-12.88,1.5229,7.19,HOLD,,False,,,0.0,4,False,29.18,24.66,29.76,Below 200DMA — enter on recovery above 200DMA,7,2026-06-18,20.35,False,False,False,False,,0,False,False,False,False,False,False,48.3,6,89.0
GANGAFORGE,GANGA FORGING,AVOID,0.0,0.0,CAUTION,3.5,0.5,ILLIQUID,nan,False,0,0,EXPIRED,False,-19.0,0.1771,8.37,HOLD,,False,,,0.0,2,False,3.14,2.46,3.2,Below 200DMA — enter on recovery above 200DMA,7,2026-06-18,1.9,True,False,False,False,LOW_ROE(1.9%),0,False,False,False,False,False,False,48.3,6,89.0
GRPLTD,GRP,AVOID,0.0,0.0,CAUTION,3.5,0.5,RESTRICTED,nan,False,0,0,FRESH,False,-4.17,76.1714,5.05,HOLD,,False,,,0.0,3,False,1890.27,1757.06,1928.08,Below 200DMA — enter on recovery above 200DMA,7,2026-06-18,16.02,False,False,False,False,,0,False,False,False,False,False,False,48.3,6,89.0
GREENPOWER,ORIENT GREEN,AVOID,0.0,0.0,CAUTION,3.5,0.5,NORMAL,nan,False,0,0,EXPIRED,False,-3.94,0.3264,3.49,HOLD,,False,,,0.0,2,False,11.67,10.87,11.9,Below 200DMA — enter on recovery above 200DMA,7,2026-06-18,3.61,True,False,False,False,LOW_ROE(3.6%),0,False,False,False,False,False,False,48.3,6,89.0
GRINFRA,G R INFRAPROJECT,AVOID,0.0,0.0,CAUTION,3.5,0.5,NORMAL,nan,False,0,0,EXPIRED,False,-13.78,28.1,3.82,HOLD,,False,,,0.0,2,False,1023.88,856.32,1044.36,Below 200DMA — enter on recovery above 200DMA,7,2026-06-18,11.95,True,False,False,False,LOW_ROE(11.9%),0,False,False,False,False,False,False,48.3,6,89.0
GROBTEA,GROB TEA CO,AVOID,0.0,0.0,CAUTION,3.5,0.5,ILLIQUID,nan,False,0,0,EXPIRED,False,-8.48,40.0679,5.42,HOLD,,False,,,0.0,2,False,969.42,860.63,988.81,Below 200DMA — enter on recovery above 200DMA,7,2026-06-18,11.46,True,False,False,False,LOW_ROE(11.5%),0,False,False,False,False,False,False,48.3,6,89.0
GREENPANEL,GREENPANEL INDS.,AVOID,0.0,0.0,CAUTION,3.5,0.5,NORMAL,nan,False,0,0,FRESH,False,-18.33,9.3229,5.83,HOLD,,False,,,0.0,2,False,234.96,186.14,239.66,Below 200DMA — enter on recovery above 200DMA,7,2026-06-18,5.21,True,False,False,False,LOW_ROE(5.2%),0,False,False,False,False,False,False,48.3,6,89.0
GREENLAM,GREENLAM INDUSTR,AVOID,0.0,0.0,CAUTION,3.5,0.5,NORMAL,nan,False,1,1,FRESH,True,6.6,11.4829,5.36,HOLD,,False,,,0.0,3,False,241.3,234.06,253.37,Near 200DMA — ideal dip entry zone,7,2026-06-18,6.18,True,True,False,False,LOW_ROE(6.2%) | HIGH_PE(338x vs ind 32x),0,False,False,False,False,False,False,48.3,6,89.0
GREENCHEF,GREENCHEF APPLI.,AVOID,0.0,0.0,CAUTION,3.5,0.5,ILLIQUID,nan,False,0,0,EXPIRED,False,-8.98,2.6964,6.41,HOLD,,False,,,0.0,2,False,55.48,48.98,56.59,Below 200DMA — enter on recovery above 200DMA,7,2026-06-18,4.94,True,False,False,False,LOW_ROE(4.9%),0,False,False,False,False,False,False,48.3,6,89.0
GOLDENTOBC,GOLDEN TOBACCO,AVOID,0.0,0.0,CAUTION,3.5,0.5,ILLIQUID,nan,False,0,0,EXPIRED,False,-17.81,1.3679,6.55,HOLD,,False,,,0.0,3,False,30.49,24.31,31.1,Below 200DMA — enter on recovery above 200DMA,7,2026-06-18,,False,False,False,False,,0,False,False,False,False,False,False,48.3,6,89.0
GOLDSTAR,GOLDSTAR POWER,AVOID,0.0,0.0,CAUTION,3.5,0.5,ILLIQUID,nan,False,1,1,EXPIRED,True,3.15,0.325,5.13,HOLD,,False,,,0.0,3,False,7.37,7.15,7.74,Near 200DMA — ideal dip entry zone,7,2026-06-18,7.48,True,True,False,False,LOW_ROE(7.5%) | HIGH_PE(137x vs ind 28x),0,False,False,False,False,False,False,48.3,6,89.0
GOLDTECH,AION-TECH SOLUTI,AVOID,0.0,0.0,CAUTION,3.5,0.5,RESTRICTED,nan,False,1,1,EXPIRED,True,-11.25,2.9343,8.03,HOLD,,False,,,0.0,3,False,49.4,42.52,50.39,Below 200DMA — enter on recovery above 200DMA,7,2026-06-18,10.33,True,False,False,False,LOW_ROE(10.3%),0,False,False,False,False,False,False,48.3,6,89.0
GOODYEAR,GOODYEAR INDIA,AVOID,0.0,0.0,CAUTION,3.5,0.5,RESTRICTED,nan,False,0,0,EXPIRED,False,-4.86,20.3036,3.24,HOLD,,False,,,0.0,2,False,791.12,730.12,806.94,Below 200DMA — enter on recovery above 200DMA,7,2026-06-18,9.14,True,False,False,False,LOW_ROE(9.1%),0,True,True,False,False,False,False,48.3,6,89.0
GOYALALUM,GOYAL ALUMINIUMS,AVOID,0.0,0.0,CAUTION,3.5,0.5,ILLIQUID,nan,False,1,1,EXPIRED,True,0.41,0.34,5.75,HOLD,,False,,,0.0,3,False,7.07,6.86,7.42,Near 200DMA — ideal dip entry zone,7,2026-06-18,10.26,True,False,False,False,LOW_ROE(10.3%),0,True,True,False,False,False,False,48.3,6,89.0
GOYALSALT,GOYAL SALT,AVOID,0.0,0.0,CAUTION,3.5,0.5,ILLIQUID,nan,False,0,0,EXPIRED,False,-21.5,3.0929,3.23,HOLD,,False,,,0.0,3,False,146.49,111.55,149.42,Below 200DMA — enter on recovery above 200DMA,7,2026-06-18,23.87,False,False,False,False,,0,False,False,False,False,False,False,48.3,6,89.0
GRADIENTE,NAN,AVOID,0.0,0.0,CAUTION,3.5,0.5,ILLIQUID,nan,False,0,0,EXPIRED,False,-51.07,0.1536,8.23,HOLD,,False,,,0.0,3,False,4.58,2.17,4.67,Below 200DMA — enter on recovery above 200DMA,7,2026-06-18,,False,False,False,False,,0,False,False,False,False,False,False,48.3,6,89.0
GRANDOAK,NAN,AVOID,0.0,0.0,CAUTION,3.5,0.5,RESTRICTED,nan,False,1,1,EXPIRED,True,48.81,3.2736,8.97,PARTIAL_EXIT,PROFIT_ZONE: +49% above 200DMA | EXTENDED: 6.5× ATR above 200DMA,False,,,0.0,4,False,29.44,37.26,42.17,Extended — wait for ATR pullback,7,2026-06-18,,False,False,False,False,,0,False,False,False,False,False,False,48.3,6,89.0
GRAPHISAD,GRAPHISADS,AVOID,0.0,0.0,CAUTION,3.5,0.5,ILLIQUID,nan,False,0,0,EXPIRED,False,-19.69,0.8964,3.61,HOLD,,False,,,0.0,3,False,37.11,28.91,37.85,Below 200DMA — enter on recovery above 200DMA,7,2026-06-18,12.99,False,False,False,False,,0,False,False,False,False,False,False,48.3,6,89.0
GRASIM,GRASIM INDS,AVOID,0.0,0.0,CAUTION,3.5,0.5,NORMAL,nan,False,1,1,EXPIRED,True,11.38,61.7214,2.35,HOLD,,False,,,0.0,3,False,2828.47,2743.62,2969.89,Near 200DMA — ideal dip entry zone,7,2026-06-18,3.8,True,False,False,False,LOW_ROE(3.8%),0,False,False,False,False,False,False,48.3,6,89.0
GRAVISSHO,NAN,AVOID,0.0,0.0,CAUTION,3.5,0.5,ILLIQUID,nan,False,1,1,EXPIRED,True,0.5,1.81,7.53,HOLD,,False,,,0.0,4,False,28.71,27.85,30.15,Near 200DMA — ideal dip entry zone,7,2026-06-18,,False,False,False,False,,0,False,False,False,False,False,False,48.3,6,89.0
GOPAL,GOPAL SNACKS,AVOID,0.0,0.0,CAUTION,3.5,0.5,NORMAL,nan,False,0,0,FRESH,False,-10.24,8.6214,3.67,HOLD,,False,,,0.0,2,False,314.35,273.69,320.64,Below 200DMA — enter on recovery above 200DMA,7,2026-06-18,4.69,True,True,False,False,LOW_ROE(4.7%) | HIGH_PE(838x vs ind 25x),0,False,False,False,False,False,False,48.3,6,89.0
HEALTHX,NAN,AVOID,0.0,0.0,CAUTION,3.5,0.5,RESTRICTED,nan,False,1,1,EXPIRED,True,6.86,12.1,4.6,HOLD,,False,,,0.0,4,False,295.37,286.51,310.14,Near 200DMA — ideal dip entry zone,7,2026-06-18,,False,False,False,False,,0,False,False,False,False,False,False,48.3,6,89.0
HECPROJECT,HEC INFRA PROJ.,AVOID,0.0,0.0,CAUTION,3.5,0.5,ILLIQUID,nan,False,1,1,EXPIRED,True,2.68,6.8186,6.26,HOLD,,False,,,0.0,4,False,127.37,123.55,133.74,Near 200DMA — ideal dip entry zone,7,2026-06-18,17.4,False,False,False,False,,0,False,False,False,False,False,False,48.3,6,89.0
HEG,HEG,AVOID,0.0,0.0,CAUTION,3.5,0.5,NORMAL,nan,False,0,0,AGING,False,-0.54,16.225,3.57,HOLD,,False,,,0.0,2,False,548.55,529.23,559.52,Below 200DMA — enter on recovery above 200DMA,7,2026-06-18,2.58,True,False,False,False,LOW_ROE(2.6%),0,False,False,False,False,False,False,48.3,6,89.0
HEIDELBERG,HEIDELBERG CEM.,AVOID,0.0,0.0,CAUTION,3.5,0.5,NORMAL,nan,False,0,0,EXPIRED,False,-13.5,3.4979,2.8,HOLD,,False,,,0.0,2,False,173.53,145.6,177.0,Below 200DMA — enter on recovery above 200DMA,7,2026-06-18,7.65,True,False,False,False,LOW_ROE(7.7%),0,True,True,False,False,False,False,48.3,6,89.0
HEMIPROP,HEMISPHERE PROP,AVOID,0.0,0.0,CAUTION,3.5,0.5,NORMAL,nan,False,1,1,EXPIRED,True,0.85,4.5971,3.89,HOLD,,False,,,0.0,3,False,140.7,136.48,147.73,Near 200DMA — ideal dip entry zone,7,2026-06-18,-1.89,True,False,False,False,LOW_ROE(-1.9%),0,False,False,False,False,False,False,48.3,6,89.0
HERANBA,HERANBA INDS,AVOID,0.0,0.0,CAUTION,3.5,0.5,NORMAL,nan,False,0,0,EXPIRED,False,-21.49,9.195,5.87,HOLD,,False,,,0.0,2,False,239.55,182.43,244.34,Below 200DMA — enter on recovery above 200DMA,7,2026-06-18,0.37,True,False,False,False,LOW_ROE(0.4%),0,False,False,False,False,False,False,48.3,6,89.0
HDIL,H D I L,AVOID,0.0,0.0,CAUTION,3.5,0.5,ILLIQUID,nan,False,0,0,EXPIRED,False,-26.25,0.0857,5.71,HOLD,,False,,,0.0,3,False,2.44,1.75,2.49,Below 200DMA — enter on recovery above 200DMA,7,2026-06-18,,False,False,False,False,,0,False,False,False,False,False,False,48.3,6,89.0
HEADSUP,HEADS UP VENTURE,AVOID,0.0,0.0,CAUTION,3.5,0.5,ILLIQUID,nan,False,1,1,EXPIRED,True,-12.72,0.5021,7.88,HOLD,,False,,,0.0,3,False,8.76,7.42,8.94,Below 200DMA — enter on recovery above 200DMA,7,2026-06-18,9.09,True,False,False,False,LOW_ROE(9.1%),0,True,True,False,False,False,False,48.3,6,89.0
HISARMETAL,HISAR MET.INDS.,AVOID,0.0,0.0,CAUTION,3.5,0.5,ILLIQUID,nan,False,1,1,EXPIRED,True,-3.79,6.4279,4.85,HOLD,,False,,,0.0,3,False,165.19,154.17,168.49,Below 200DMA — enter on recovery above 200DMA,7,2026-06-18,5.06,True,False,False,False,LOW_ROE(5.1%),0,False,False,False,False,False,False,48.3,6,89.0
HITECHCORP,HITECH CORP.,AVOID,0.0,0.0,CAUTION,3.5,0.5,NORMAL,nan,False,1,1,EXPIRED,True,80.75,16.3529,6.15,EXIT,PROFIT_ZONE: +81% above 200DMA | EXTENDED: 15.7× ATR above 200DMA,False,,,0.0,3,False,176.4,286.13,310.66,Extended — wait for ATR pullback,7,2026-06-18,3.3,True,False,False,False,LOW_ROE(3.3%),0,False,False,False,False,False,False,48.3,6,89.0
HITECHGEAR,THE HI-TECH GEAR,AVOID,0.0,0.0,CAUTION,3.5,0.5,ILLIQUID,nan,False,0,0,EXPIRED,False,-13.76,19.4929,4.04,HOLD,,False,,,0.0,2,False,671.1,561.39,684.52,Below 200DMA — enter on recovery above 200DMA,7,2026-06-18,8.35,True,False,False,False,LOW_ROE(8.3%),0,False,False,False,False,False,False,48.3,6,89.0
HLVLTD,HLV,AVOID,0.0,0.0,CAUTION,3.5,0.5,ILLIQUID,nan,False,0,0,FRESH,False,-14.14,0.3214,4.83,HOLD,,False,,,0.0,2,False,9.29,7.74,9.48,Below 200DMA — enter on recovery above 200DMA,7,2026-06-18,0.94,True,True,False,False,LOW_ROE(0.9%) | HIGH_PE(101x vs ind 30x),0,True,True,False,False,False,False,48.3,6,89.0
HMT,HMT,AVOID,0.0,0.0,CAUTION,3.5,0.5,ILLIQUID,nan,False,0,0,EXPIRED,False,7.02,2.1871,4.47,HOLD,,False,,,0.0,3,False,54.88,53.23,57.62,Near 200DMA — ideal dip entry zone,7,2026-06-18,,False,False,False,False,,0,False,False,False,False,False,False,48.3,6,89.0
HINDWAREAP,HINDWARE HOME IN,AVOID,0.0,0.0,CAUTION,3.5,0.5,NORMAL,nan,False,1,1,AGING,True,-6.78,13.285,6.36,HOLD,,False,,,0.0,3,False,269.04,243.29,274.42,Below 200DMA — enter on recovery above 200DMA,7,2026-06-18,-8.79,True,False,False,False,LOW_ROE(-8.8%),0,False,False,False,False,False,False,48.3,6,89.0
HINDCOMPOS,HIND.COMPOSITES,AVOID,0.0,0.0,CAUTION,3.5,0.5,ILLIQUID,nan,False,0,0,FRESH,False,-4.25,13.5357,3.89,HOLD,,False,,,0.0,2,False,435.57,404.54,444.28,Below 200DMA — enter on recovery above 200DMA,7,2026-06-18,3.23,True,False,False,False,LOW_ROE(3.2%),0,True,True,False,False,False,False,48.3,6,89.0
HINDCON,HINDCON CHEMICAL,AVOID,0.0,0.0,CAUTION,3.5,0.5,ILLIQUID,nan,False,0,0,EXPIRED,False,-15.74,1.0421,5.75,HOLD,,False,,,0.0,2,False,25.82,21.11,26.34,Below 200DMA — enter on recovery above 200DMA,7,2026-06-18,7.04,True,False,False,False,LOW_ROE(7.0%),0,False,False,False,False,False,False,48.3,6,89.0
HIMATSEIDE,HIMATSING. SEIDE,AVOID,0.0,0.0,CAUTION,3.5,0.5,NORMAL,nan,False,0,0,FRESH,False,-24.52,2.8807,4.4,HOLD,,False,,,0.0,2,False,104.07,76.19,106.15,Below 200DMA — enter on recovery above 200DMA,7,2026-06-18,3.74,True,False,False,False,LOW_ROE(3.7%),0,False,False,False,False,False,False,48.3,6,89.0
HILTON,HILTON MET.FORG.,AVOID,0.0,0.0,CAUTION,3.5,0.5,RESTRICTED,nan,False,0,0,EXPIRED,False,-34.37,1.045,5.82,HOLD,,False,,,0.0,2,False,32.84,20.9,33.5,Below 200DMA — enter on recovery above 200DMA,7,2026-06-18,5.34,True,False,False,False,LOW_ROE(5.3%),0,False,False,False,False,False,False,48.3,6,89.0
HILINFRA,HIGHWAY INFRA,AVOID,0.0,0.0,CAUTION,3.5,0.5,ILLIQUID,nan,False,0,0,EXPIRED,False,-22.3,1.54,3.85,HOLD,,False,,,0.0,3,False,61.84,46.61,63.08,Below 200DMA — enter on recovery above 200DMA,7,2026-06-18,17.43,False,False,False,False,,0,False,False,False,False,False,False,48.3,6,89.0
HESTERBIO,HESTER BIOS,AVOID,0.0,0.0,CAUTION,3.5,0.5,NORMAL,nan,False,1,1,AGING,True,22.47,83.8929,4.9,PARTIAL_EXIT,EXTENDED: 5.5× ATR above 200DMA,False,,,0.0,3,False,1676.0,1884.81,2010.65,Extended — wait for ATR pullback,7,2026-06-18,8.75,True,False,False,False,LOW_ROE(8.8%),0,False,False,False,False,False,False,48.3,6,89.0
HEXATRADEX,HEXA TRADEX,AVOID,0.0,0.0,CAUTION,3.5,0.5,ILLIQUID,nan,False,0,0,EXPIRED,False,-2.92,5.9107,4.39,HOLD,,False,,,0.0,2,False,166.38,156.67,169.71,Below 200DMA — enter on recovery above 200DMA,7,2026-06-18,-0.56,True,False,False,False,LOW_ROE(-0.6%),0,True,True,False,False,False,False,48.3,6,89.0
HGM,HANDSON GLOBAL,AVOID,0.0,0.0,CAUTION,3.5,0.5,ILLIQUID,nan,False,0,0,EXPIRED,False,-17.14,4.3393,9.83,HOLD,,False,,,0.0,3,False,63.95,51.4,65.23,Below 200DMA — enter on recovery above 200DMA,7,2026-06-18,17.53,False,True,False,False,HIGH_PE(136x vs ind 23x),0,False,False,False,False,False,False,48.3,6,89.0
HGS,HINDUJA GLOBAL,AVOID,0.0,0.0,CAUTION,3.5,0.5,NORMAL,nan,False,1,1,EXPIRED,True,-4.31,16.8857,4.78,HOLD,,False,,,0.0,3,False,442.79,410.99,451.65,Below 200DMA — enter on recovery above 200DMA,7,2026-06-18,1.58,True,False,False,False,LOW_ROE(1.6%),0,False,False,False,False,False,False,48.3,6,89.0
HIGREEN,HI-GREEN CARBON,AVOID,0.0,0.0,CAUTION,3.5,0.5,RESTRICTED,nan,False,1,1,EXPIRED,True,-10.2,5.8786,4.97,HOLD,,False,,,0.0,4,False,158.13,137.74,161.29,Below 200DMA — enter on recovery above 200DMA,7,2026-06-18,12.84,False,False,False,False,,0,False,False,False,False,False,False,48.3,6,89.0
HIKAL,HIKAL,AVOID,0.0,0.0,CAUTION,3.5,0.5,NORMAL,nan,False,0,0,EXPIRED,False,-11.74,8.3014,5.24,HOLD,,False,,,0.0,2,False,215.22,184.26,219.52,Below 200DMA — enter on recovery above 200DMA,7,2026-06-18,7.19,True,False,False,False,LOW_ROE(7.2%),0,False,False,False,False,False,False,48.3,6,89.0
